file,total_lines,include_lines,code_lines,comment_lines,preproc_lines,blank_lines_raw,inline_comment_count,comments_per_loc,function_count,avg_func_loc,module_count
./models/01_CTSM/cime/CIME/non_py/cprnc/cprnc.F90,312,1,208,73,2,37,73,0.351,4,39.25,0
./models/01_CTSM/cime/CIME/non_py/cprnc/filestruct.F90,548,0,420,19,0,115,19,0.0452,10,38.3,1
./models/01_CTSM/cime/CIME/non_py/cprnc/prec.F90,8,0,5,3,0,0,3,0.6,0,0.0,1
./models/01_CTSM/cime/CIME/non_py/cprnc/utils.F90,85,0,56,0,2,27,0,0.0,3,17.33,1
./models/01_CTSM/cime/CIME/non_py/src/CMake/TryCSizeOf.f90,6,0,6,0,0,0,0,0.0,1,1.0,0
./models/01_CTSM/cime/CIME/non_py/src/CMake/TryMPIIO.f90,6,1,4,0,0,1,0,0.0,1,1.0,0
./models/01_CTSM/cime/CIME/non_py/src/CMake/TryMPIMod.f90,4,0,4,0,0,0,0,0.0,1,4.0,0
./models/01_CTSM/cime/CIME/non_py/src/CMake/TryMPISERIAL.f90,12,1,7,4,0,0,4,0.5714,1,3.0,0
./models/01_CTSM/cime/CIME/non_py/src/CMake/TryPnetcdf_inc.f90,3,1,2,0,0,0,0,0.0,1,2.0,0
./models/01_CTSM/cime/CIME/non_py/src/CMake/TryPnetcdf_mod.f90,5,0,5,0,0,0,0,0.0,1,1.0,0
./models/01_CTSM/cime/CIME/non_py/src/components/xcpl_comps_nuopc/xatm/src/atm_comp_nuopc.F90,529,0,385,67,0,90,67,0.174,7,45.14,1
./models/01_CTSM/cime/CIME/non_py/src/components/xcpl_comps_nuopc/xglc/src/glc_comp_nuopc.F90,457,0,328,59,0,82,59,0.1799,7,35.86,1
./models/01_CTSM/cime/CIME/non_py/src/components/xcpl_comps_nuopc/xice/src/ice_comp_nuopc.F90,552,0,379,87,0,100,87,0.2296,7,44.29,1
./models/01_CTSM/cime/CIME/non_py/src/components/xcpl_comps_nuopc/xlnd/src/lnd_comp_nuopc.F90,564,0,385,87,0,106,87,0.226,7,44.86,1
./models/01_CTSM/cime/CIME/non_py/src/components/xcpl_comps_nuopc/xocn/src/ocn_comp_nuopc.F90,475,0,340,65,0,85,65,0.1912,7,38.71,1
./models/01_CTSM/cime/CIME/non_py/src/components/xcpl_comps_nuopc/xrof/src/rof_comp_nuopc.F90,473,0,327,71,0,89,71,0.2171,7,37.43,1
./models/01_CTSM/cime/CIME/non_py/src/components/xcpl_comps_nuopc/xshare/dead_methods_mod.F90,853,0,625,108,0,148,108,0.1728,11,49.91,1
./models/01_CTSM/cime/CIME/non_py/src/components/xcpl_comps_nuopc/xshare/dead_nuopc_mod.F90,346,0,235,55,0,70,55,0.234,6,35.17,1
./models/01_CTSM/cime/CIME/non_py/src/components/xcpl_comps_nuopc/xwav/src/wav_comp_nuopc.F90,465,0,331,63,0,86,63,0.1903,7,37.71,1
./models/01_CTSM/cime/CIME/non_py/src/timing/perf_mod.F90,1770,0,993,613,98,156,613,0.6173,22,37.05,1
./models/01_CTSM/cime/CIME/non_py/src/timing/perf_utils.F90,535,0,214,225,11,128,225,1.0514,12,15.25,1
./models/01_CTSM/cime/CIME/tests/user_mods_test2/SourceMods/src.drv/somefile.F90,1,0,0,0,0,1,0,0.0,0,0.0,0
./models/01_CTSM/cime/scripts/fortran_unit_testing/Examples/circle_area/src/circle.F90,16,0,10,0,0,6,0,0.0,1,5.0,1
./models/01_CTSM/cime/scripts/fortran_unit_testing/Examples/circle_area/tests/CTest/test_driver.F90,25,0,15,1,0,9,1,0.0667,2,4.5,0
./models/01_CTSM/cime/scripts/fortran_unit_testing/Examples/interpolate_1d/src/interpolate_1d.F90,41,0,24,6,0,11,6,0.25,1,19.0,1
./models/01_CTSM/cime/scripts/fortran_unit_testing/Examples/interpolate_1d/tests/CTest/test_driver.F90,48,0,29,5,0,14,5,0.1724,2,8.0,0
./models/01_CTSM/cime/tools/mapping/check_maps/src/ESMF_RegridWeightGenCheck.F90,1463,0,1066,249,5,157,249,0.2336,4,216.75,0
./models/01_CTSM/cime/tools/mapping/gen_domain_files/src/gen_domain.F90,881,3,676,203,10,121,203,0.3003,7,90.71,0
./models/01_CTSM/cime/tools/mapping/gen_mapping_files/runoff_to_ocn/src/fixroff_mod.F90,374,0,208,168,0,51,168,0.8077,2,96.5,1
./models/01_CTSM/cime/tools/mapping/gen_mapping_files/runoff_to_ocn/src/kind_mod.F90,17,0,12,11,0,2,11,0.9167,0,0.0,1
./models/01_CTSM/cime/tools/mapping/gen_mapping_files/runoff_to_ocn/src/main.F90,241,0,162,82,0,31,82,0.5062,1,106.0,0
./models/01_CTSM/cime/tools/mapping/gen_mapping_files/runoff_to_ocn/src/mapsort_mod.F90,1072,0,628,343,12,181,343,0.5462,11,55.36,1
./models/01_CTSM/cime/tools/mapping/gen_mapping_files/runoff_to_ocn/src/map_mod.F90,2637,0,1828,603,23,417,603,0.3299,16,109.88,1
./models/01_CTSM/cime/tools/mapping/gen_mapping_files/runoff_to_ocn/src/shr_kind_mod.F90,16,0,11,11,0,2,11,1.0,0,0.0,1
./models/01_CTSM/cime/tools/mapping/gen_mapping_files/runoff_to_ocn/src/shr_sys_mod.F90,348,0,132,123,34,90,123,0.9318,8,14.75,1
./models/01_CTSM/cime/tools/mapping/gen_mapping_files/runoff_to_ocn/src/shr_timer_mod.F90,415,0,180,137,18,105,137,0.7611,13,11.54,1
./models/01_CTSM/cime/tools/mapping/gen_mapping_files/runoff_to_ocn/src/smooth_mod.F90,1689,0,1009,520,15,235,520,0.5154,15,66.0,1
./models/01_CTSM/cime/tools/mapping/map_field/src/map_field.F90,573,3,414,144,10,92,144,0.3478,6,64.33,0
./models/01_CTSM/components/cdeps/datm/atm_comp_nuopc.F90,910,0,670,180,5,118,180,0.2687,8,72.25,1
./models/01_CTSM/components/cdeps/datm/datm_datamode_clmncep_mod.F90,639,0,494,110,0,71,110,0.2227,4,100.0,1
./models/01_CTSM/components/cdeps/datm/datm_datamode_core2_mod.F90,558,0,439,75,0,69,75,0.1708,4,87.5,1
./models/01_CTSM/components/cdeps/datm/datm_datamode_cplhist_mod.F90,198,0,154,20,0,26,20,0.1299,3,38.33,1
./models/01_CTSM/components/cdeps/datm/datm_datamode_era5_mod.F90,359,0,251,69,0,52,69,0.2749,4,49.5,1
./models/01_CTSM/components/cdeps/datm/datm_datamode_gefs_mod.F90,218,0,162,30,0,34,30,0.1852,3,39.0,1
./models/01_CTSM/components/cdeps/datm/datm_datamode_jra_mod.F90,303,0,236,37,0,43,37,0.1568,3,61.0,1
./models/01_CTSM/components/cdeps/datm/datm_datamode_simple_mod.F90,342,0,269,45,0,48,45,0.1673,3,65.67,1
./models/01_CTSM/components/cdeps/dglc/dglc_datamode_noevolve_mod.F90,698,0,494,152,0,98,152,0.3077,7,59.43,1
./models/01_CTSM/components/cdeps/dglc/glc_comp_nuopc.F90,839,0,567,169,10,138,169,0.2981,8,59.12,1
./models/01_CTSM/components/cdeps/dice/dice_datamode_cplhist_mod.F90,202,0,137,32,0,37,32,0.2336,5,19.8,1
./models/01_CTSM/components/cdeps/dice/dice_datamode_ssmi_mod.F90,610,0,465,118,0,69,118,0.2538,5,72.2,1
./models/01_CTSM/components/cdeps/dice/dice_flux_atmice_mod.F90,270,0,178,119,0,39,119,0.6685,1,160.0,1
./models/01_CTSM/components/cdeps/dice/ice_comp_nuopc.F90,659,0,450,149,5,105,149,0.3311,7,52.43,1
./models/01_CTSM/components/cdeps/dlnd/lnd_comp_nuopc.F90,601,0,382,144,5,108,144,0.377,8,36.25,1
./models/01_CTSM/components/cdeps/docn/docn_datamode_aquaplanet_mod.F90,315,0,248,42,0,42,42,0.1694,3,70.0,1
./models/01_CTSM/components/cdeps/docn/docn_datamode_copyall_mod.F90,126,0,80,22,0,29,22,0.275,3,18.33,1
./models/01_CTSM/components/cdeps/docn/docn_datamode_cplhist_mod.F90,135,0,83,29,0,31,29,0.3494,3,19.33,1
./models/01_CTSM/components/cdeps/docn/docn_datamode_iaf_mod.F90,172,0,118,27,0,33,27,0.2288,3,28.33,1
./models/01_CTSM/components/cdeps/docn/docn_datamode_multilev_dom_mod.F90,223,0,160,30,0,38,30,0.1875,3,41.0,1
./models/01_CTSM/components/cdeps/docn/docn_datamode_multilev_mod.F90,187,0,128,28,0,34,28,0.2188,3,32.33,1
./models/01_CTSM/components/cdeps/docn/docn_datamode_som_mod.F90,351,0,248,63,0,58,63,0.254,5,37.2,1
./models/01_CTSM/components/cdeps/docn/docn_import_data_mod.F90,135,0,95,35,0,20,35,0.3684,2,40.5,1
./models/01_CTSM/components/cdeps/docn/ocn_comp_nuopc.F90,735,0,534,142,5,100,142,0.2659,7,63.0,1
./models/01_CTSM/components/cdeps/drof/rof_comp_nuopc.F90,485,0,326,108,5,80,108,0.3313,6,40.0,1
./models/01_CTSM/components/cdeps/dshr/dshr_dfield_mod.F90,503,0,375,64,0,67,64,0.1707,5,67.6,1
./models/01_CTSM/components/cdeps/dshr/dshr_fldlist_mod.F90,159,0,108,21,0,32,21,0.1944,3,31.33,1
./models/01_CTSM/components/cdeps/dshr/dshr_mod.F90,1584,0,1199,207,12,211,207,0.1726,15,69.8,1
./models/01_CTSM/components/cdeps/dwav/wav_comp_nuopc.F90,533,0,338,121,5,101,121,0.358,8,31.25,1
./models/01_CTSM/components/cdeps/fox/cmake/abort_bare.f90,4,0,3,0,0,1,0,0.0,1,1.0,0
./models/01_CTSM/components/cdeps/fox/cmake/abort_intel.f90,4,0,3,0,0,1,0,0.0,1,1.0,0
./models/01_CTSM/components/cdeps/fox/cmake/abort_nag.f90,5,0,4,0,0,1,0,0.0,1,1.0,0
./models/01_CTSM/components/cdeps/fox/cmake/abort_xlf.f90,4,0,3,0,0,1,0,0.0,1,1.0,0
./models/01_CTSM/components/cdeps/fox/cmake/associated_bug.f90,6,0,5,0,0,1,0,0.0,1,5.0,0
./models/01_CTSM/components/cdeps/fox/cmake/flush_bare.f90,5,0,4,0,0,1,0,0.0,1,2.0,0
./models/01_CTSM/components/cdeps/fox/cmake/flush_nag.f90,6,0,5,0,0,1,0,0.0,1,2.0,0
./models/01_CTSM/components/cdeps/fox/cmake/flush_xlf.f90,5,0,4,0,0,1,0,0.0,1,2.0,0
./models/01_CTSM/components/cdeps/fox/cmake/output_eol.f90,52,0,33,12,0,8,12,0.3636,1,28.0,0
./models/01_CTSM/components/cdeps/fox/common/FoX_common.F90,55,0,38,3,5,9,3,0.0789,0,0.0,1
./models/01_CTSM/components/cdeps/fox/common/m_common_attrs.F90,1081,0,793,13,103,173,13,0.0164,53,12.26,1
./models/01_CTSM/components/cdeps/fox/common/m_common_buffer.F90,261,0,158,44,2,58,44,0.2785,8,15.38,1
./models/01_CTSM/components/cdeps/fox/common/m_common_charset.F90,447,0,307,69,2,70,69,0.2248,12,12.08,1
./models/01_CTSM/components/cdeps/fox/common/m_common_content_model.F90,490,0,382,40,2,68,40,0.1047,15,23.0,1
./models/01_CTSM/components/cdeps/fox/common/m_common_element.F90,1645,0,1436,49,2,160,49,0.0341,28,43.75,1
./models/01_CTSM/components/cdeps/fox/common/m_common_elstack.F90,236,0,171,8,2,55,8,0.0468,14,9.79,1
./models/01_CTSM/components/cdeps/fox/common/m_common_entities.F90,475,0,351,15,2,112,15,0.0427,24,12.12,1
./models/01_CTSM/components/cdeps/fox/common/m_common_entity_expand.F90,86,0,58,14,2,12,14,0.2414,1,46.0,1
./models/01_CTSM/components/cdeps/fox/common/m_common_error.F90,211,0,145,6,6,54,6,0.0414,11,8.55,1
./models/01_CTSM/components/cdeps/fox/common/m_common_io.F90,121,0,81,5,7,28,5,0.0617,4,15.5,1
./models/01_CTSM/components/cdeps/fox/common/m_common_namecheck.F90,501,0,387,33,2,80,33,0.0853,19,17.89,1
./models/01_CTSM/components/cdeps/fox/common/m_common_namespaces.F90,830,0,614,92,2,128,92,0.1498,22,24.68,1
./models/01_CTSM/components/cdeps/fox/common/m_common_notations.F90,120,0,89,4,2,25,4,0.0449,4,16.75,1
./models/01_CTSM/components/cdeps/fox/common/m_common_struct.F90,121,0,96,5,2,22,5,0.0521,6,9.17,1
./models/01_CTSM/components/cdeps/fox/common/test/test_fsys_array_str.f90,44,0,26,9,0,9,9,0.3462,1,21.0,0
./models/01_CTSM/components/cdeps/fox/common/test/test_input.f90,846,0,734,2,0,110,2,0.0027,22,26.14,0
./models/01_CTSM/components/cdeps/fox/common/test/test_xml_namecheck_1.f90,24,0,18,0,0,6,0,0.0,1,11.0,0
./models/01_CTSM/components/cdeps/fox/common/test/test_xml_namecheck_10.f90,42,0,36,0,0,6,0,0.0,1,29.0,0
./models/01_CTSM/components/cdeps/fox/common/test/test_xml_namecheck_2.f90,24,0,18,0,0,6,0,0.0,1,11.0,0
./models/01_CTSM/components/cdeps/fox/common/test/test_xml_namecheck_4.f90,15,0,12,0,0,3,0,0.0,1,6.0,0
./models/01_CTSM/components/cdeps/fox/common/test/test_xml_namecheck_5.f90,28,0,22,0,0,6,0,0.0,1,15.0,0
./models/01_CTSM/components/cdeps/fox/common/test/test_xml_namecheck_6.f90,15,0,11,0,0,4,0,0.0,1,4.0,0
./models/01_CTSM/components/cdeps/fox/common/test/test_xml_namecheck_7.f90,16,0,12,0,0,4,0,0.0,1,5.0,0
./models/01_CTSM/components/cdeps/fox/common/test/test_xml_namecheck_8.f90,62,0,56,0,0,6,0,0.0,1,49.0,0
./models/01_CTSM/components/cdeps/fox/common/test/test_xml_namecheck_9.f90,40,0,34,0,0,6,0,0.0,1,27.0,0
./models/01_CTSM/components/cdeps/fox/dom/FoX_dom.f90,261,0,186,38,0,37,38,0.2043,0,0.0,1
./models/01_CTSM/components/cdeps/fox/dom/m_dom_dom.F90,12324,0,9835,432,69,2060,432,0.0439,204,44.62,1
./models/01_CTSM/components/cdeps/fox/dom/m_dom_error.f90,211,0,177,1,0,34,1,0.0056,7,17.57,1
./models/01_CTSM/components/cdeps/fox/dom/m_dom_extras.F90,2376,0,1901,0,0,475,0,0.0,63,28.19,1
./models/01_CTSM/components/cdeps/fox/dom/m_dom_parse.f90,577,0,429,37,0,114,37,0.0862,25,13.64,1
./models/01_CTSM/components/cdeps/fox/dom/m_dom_utils.f90,437,0,360,25,0,53,25,0.0694,4,83.25,1
./models/01_CTSM/components/cdeps/fox/dom/test/test_dom_getTextContent_1.f90,24,0,17,0,0,7,0,0.0,1,9.0,0
./models/01_CTSM/components/cdeps/fox/dom/test/test_dom_getTextContent_2.f90,24,0,17,0,0,7,0,0.0,1,9.0,0
./models/01_CTSM/components/cdeps/fox/dom/test/test_dom_getTextContent_3.f90,24,0,17,0,0,7,0,0.0,1,9.0,0
./models/01_CTSM/components/cdeps/fox/dom/test/test_dom_getTextContent_4.f90,24,0,17,0,0,7,0,0.0,1,9.0,0
./models/01_CTSM/components/cdeps/fox/dom/test/test_dom_getTextContent_5.f90,24,0,17,0,0,7,0,0.0,1,9.0,0
./models/01_CTSM/components/cdeps/fox/dom/test/test_dom_parseString_1.f90,24,0,17,0,0,7,0,0.0,1,9.0,0
./models/01_CTSM/components/cdeps/fox/dom/test/test_dom_serialize_1.f90,25,0,11,5,0,9,5,0.4545,1,6.0,0
./models/01_CTSM/components/cdeps/fox/dom/test/test_dom_serialize_2.f90,26,0,12,5,0,9,5,0.4167,1,6.0,0
./models/01_CTSM/components/cdeps/fox/examples/dom_canonicalize.ns.no.f90,36,0,23,5,0,8,5,0.2174,1,14.0,0
./models/01_CTSM/components/cdeps/fox/examples/dom_canonicalize.ns.yes.f90,41,0,28,5,0,8,5,0.1786,1,18.0,0
./models/01_CTSM/components/cdeps/fox/examples/dom_configuration.f90,72,0,41,24,0,7,24,0.5854,1,26.0,0
./models/01_CTSM/components/cdeps/fox/examples/dom_example_2.f90,45,0,28,9,0,8,9,0.3214,1,19.0,0
./models/01_CTSM/components/cdeps/fox/examples/dom_example_3.f90,26,0,11,7,0,8,7,0.6364,1,6.0,0
./models/01_CTSM/components/cdeps/fox/examples/dom_example_4.f90,42,0,17,16,0,9,16,0.9412,1,10.0,0
./models/01_CTSM/components/cdeps/fox/examples/sax_example.f90,298,0,221,13,0,65,13,0.0588,27,5.74,1
./models/01_CTSM/components/cdeps/fox/examples/sax_example_2.f90,135,0,87,19,0,30,19,0.2184,5,11.0,1
./models/01_CTSM/components/cdeps/fox/examples/wcml_example.f90,105,0,69,13,0,23,13,0.1884,1,49.0,0
./models/01_CTSM/components/cdeps/fox/examples/wkml_example.f90,21,0,12,2,0,7,2,0.1667,1,3.0,0
./models/01_CTSM/components/cdeps/fox/examples/wkml_example_2.f90,25,0,16,3,0,6,3,0.1875,1,7.0,0
./models/01_CTSM/components/cdeps/fox/examples/wxml_example.f90,84,0,56,8,0,20,8,0.1429,1,49.0,0
./models/01_CTSM/components/cdeps/fox/examples/xml_output_module.f90,57,0,35,0,0,22,0,0.0,3,8.0,1
./models/01_CTSM/components/cdeps/fox/examples/xml_output_program.f90,15,0,8,0,0,7,0,0.0,1,4.0,0
./models/01_CTSM/components/cdeps/fox/fsys/fox_m_fsys_abort_flush.F90,117,0,29,50,19,20,50,1.7241,2,10.5,1
./models/01_CTSM/components/cdeps/fox/fsys/fox_m_fsys_array_str.F90,94,0,62,9,2,21,9,0.1452,6,6.83,1
./models/01_CTSM/components/cdeps/fox/fsys/fox_m_fsys_count_parse_input.F90,541,0,468,1,21,51,1,0.0021,7,63.57,1
./models/01_CTSM/components/cdeps/fox/fsys/fox_m_fsys_format.F90,2380,0,1605,142,274,362,142,0.0885,103,14.96,1
./models/01_CTSM/components/cdeps/fox/fsys/fox_m_fsys_parse_input.F90,2204,0,1947,6,63,189,6,0.0031,21,90.81,1
./models/01_CTSM/components/cdeps/fox/fsys/fox_m_fsys_realtypes.f90,12,0,8,0,0,4,0,0.0,0,0.0,1
./models/01_CTSM/components/cdeps/fox/fsys/fox_m_fsys_string.F90,35,0,23,1,2,9,1,0.0435,1,13.0,1
./models/01_CTSM/components/cdeps/fox/fsys/fox_m_fsys_string_list.F90,191,0,147,4,2,38,4,0.0272,8,14.75,1
./models/01_CTSM/components/cdeps/fox/fsys/fox_m_fsys_varstr.F90,254,0,177,29,0,48,29,0.1638,17,8.71,1
./models/01_CTSM/components/cdeps/fox/fsys/m_ieee.f90,17,0,12,0,0,5,0,0.0,1,6.0,1
./models/01_CTSM/components/cdeps/fox/sax/FoX_sax.f90,34,0,26,2,0,6,2,0.0769,0,0.0,1
./models/01_CTSM/components/cdeps/fox/sax/m_sax_operate.F90,313,0,247,6,13,47,6,0.0243,5,33.2,1
./models/01_CTSM/components/cdeps/fox/sax/m_sax_parser.F90,3029,0,2645,174,34,183,174,0.0658,17,202.65,1
./models/01_CTSM/components/cdeps/fox/sax/m_sax_reader.F90,411,0,322,2,2,85,2,0.0062,17,16.82,1
./models/01_CTSM/components/cdeps/fox/sax/m_sax_tokenizer.F90,1139,0,1032,29,14,70,29,0.0281,4,325.0,1
./models/01_CTSM/components/cdeps/fox/sax/m_sax_types.F90,163,0,138,27,5,14,27,0.1957,0,0.0,1
./models/01_CTSM/components/cdeps/fox/sax/m_sax_xml_source.F90,438,0,372,11,5,54,11,0.0296,5,62.0,1
./models/01_CTSM/components/cdeps/fox/sax/test/m_canonicalize.f90,120,0,63,12,0,46,12,0.1905,9,5.67,1
./models/01_CTSM/components/cdeps/fox/sax/test/m_handlers.f90,121,0,64,12,0,46,12,0.1875,9,5.67,1
./models/01_CTSM/components/cdeps/fox/sax/test/sax_valid.ns.no.f90,56,0,38,4,0,14,4,0.1053,3,6.0,1
./models/01_CTSM/components/cdeps/fox/sax/test/sax_valid.ns.yes.f90,56,0,38,4,0,14,4,0.1053,3,6.0,1
./models/01_CTSM/components/cdeps/fox/sax/test/sax_well_formed.ns.no.f90,55,0,37,4,0,14,4,0.1081,3,6.0,1
./models/01_CTSM/components/cdeps/fox/sax/test/sax_well_formed.ns.yes.f90,55,0,37,4,0,14,4,0.1081,3,6.0,1
./models/01_CTSM/components/cdeps/fox/sax/test/test_sax_parser_1.f90,15,0,9,0,0,6,0,0.0,1,4.0,0
./models/01_CTSM/components/cdeps/fox/sax/test/test_sax_parser_2.f90,24,0,17,0,0,7,0,0.0,1,3.0,0
./models/01_CTSM/components/cdeps/fox/sax/test/test_sax_parser_3.f90,23,0,15,2,0,7,2,0.1333,1,3.0,0
./models/01_CTSM/components/cdeps/fox/sax/test/test_sax_parser_4.f90,24,0,13,1,0,10,1,0.0769,1,8.0,0
./models/01_CTSM/components/cdeps/fox/sax/test/test_sax_parser_5.f90,18,0,10,1,0,7,1,0.1,1,5.0,0
./models/01_CTSM/components/cdeps/fox/sax/test/test_sax_reader_1.f90,21,0,14,0,0,7,0,0.0,1,5.0,0
./models/01_CTSM/components/cdeps/fox/utils/fox_m_utils_mtprng.F90,360,0,128,155,2,76,155,1.2109,8,13.38,1
./models/01_CTSM/components/cdeps/fox/utils/fox_m_utils_uri.F90,1033,0,813,22,66,135,22,0.0271,42,18.21,1
./models/01_CTSM/components/cdeps/fox/utils/fox_m_utils_uuid.F90,247,0,148,48,9,53,48,0.3243,5,28.8,1
./models/01_CTSM/components/cdeps/fox/utils/FoX_utils.f90,22,0,17,0,0,5,0,0.0,0,0.0,1
./models/01_CTSM/components/cdeps/fox/utils/test/test_baseURI.f90,58,0,45,0,0,13,0,0.0,2,20.0,0
./models/01_CTSM/components/cdeps/fox/utils/test/test_nullURI.f90,61,0,44,3,0,14,3,0.0682,2,19.5,0
./models/01_CTSM/components/cdeps/fox/utils/test/test_rfc2396.f90,139,0,82,26,0,31,26,0.3171,2,38.5,0
./models/01_CTSM/components/cdeps/fox/utils/test/test_rfc2396b.f90,131,0,79,24,0,28,24,0.3038,2,37.0,0
./models/01_CTSM/components/cdeps/fox/utils/test/test_URI.f90,25,0,19,0,0,6,0,0.0,2,7.0,0
./models/01_CTSM/components/cdeps/fox/utils/test/test_UUID.f90,89,0,64,8,0,17,8,0.125,2,29.5,0
./models/01_CTSM/components/cdeps/fox/wcml/FoX_wcml.f90,81,0,57,4,0,20,4,0.0702,0,0.0,1
./models/01_CTSM/components/cdeps/fox/wcml/m_wcml_coma.F90,674,0,467,11,38,158,11,0.0236,18,21.22,1
./models/01_CTSM/components/cdeps/fox/wcml/m_wcml_core.F90,142,0,97,2,12,31,2,0.0206,5,15.2,1
./models/01_CTSM/components/cdeps/fox/wcml/m_wcml_geometry.F90,156,0,108,6,14,30,6,0.0556,6,14.0,1
./models/01_CTSM/components/cdeps/fox/wcml/m_wcml_inputdec.F90,280,0,186,42,18,37,42,0.2258,8,20.0,1
./models/01_CTSM/components/cdeps/fox/wcml/m_wcml_lattice.F90,242,0,186,8,10,38,8,0.043,4,40.5,1
./models/01_CTSM/components/cdeps/fox/wcml/m_wcml_lists.F90,282,0,162,5,30,85,5,0.0309,14,9.79,1
./models/01_CTSM/components/cdeps/fox/wcml/m_wcml_metadata.F90,38,0,26,0,4,8,0,0.0,1,17.0,1
./models/01_CTSM/components/cdeps/fox/wcml/m_wcml_molecule.F90,1646,0,1246,10,62,330,10,0.008,42,27.14,1
./models/01_CTSM/components/cdeps/fox/wcml/m_wcml_parameter.F90,1262,0,960,5,72,225,5,0.0052,35,25.03,1
./models/01_CTSM/components/cdeps/fox/wcml/m_wcml_property.F90,1122,0,820,5,72,225,5,0.0061,35,21.03,1
./models/01_CTSM/components/cdeps/fox/wcml/m_wcml_stml.F90,1001,0,749,5,2,245,5,0.0067,21,30.57,1
./models/01_CTSM/components/cdeps/fox/wcml/test/test_cmlAddBandList_1.f90,14,0,10,0,0,4,0,0.0,1,4.0,0
./models/01_CTSM/components/cdeps/fox/wcml/test/test_cmlAddBandList_2.f90,14,0,10,0,0,4,0,0.0,1,4.0,0
./models/01_CTSM/components/cdeps/fox/wcml/test/test_cmlAddBandList_3.f90,14,0,10,0,0,4,0,0.0,1,4.0,0
./models/01_CTSM/components/cdeps/fox/wcml/test/test_cmlAddBandList_4.f90,14,0,10,0,0,4,0,0.0,1,4.0,0
./models/01_CTSM/components/cdeps/fox/wcml/test/test_cmlAddCrystal_1.f90,22,0,14,0,0,8,0,0.0,1,6.0,0
./models/01_CTSM/components/cdeps/fox/wcml/test/test_cmlAddCrystal_2.f90,22,0,14,0,0,8,0,0.0,1,6.0,0
./models/01_CTSM/components/cdeps/fox/wcml/test/test_cmlAddEigenValueVector_1.f90,17,0,13,0,0,4,0,0.0,1,6.0,0
./models/01_CTSM/components/cdeps/fox/wcml/test/test_cmlAddEigenValueVector_2.f90,17,0,13,0,0,4,0,0.0,1,6.0,0
./models/01_CTSM/components/cdeps/fox/wcml/test/test_cmlAddEigenValueVector_3.f90,17,0,13,0,0,4,0,0.0,1,6.0,0
./models/01_CTSM/components/cdeps/fox/wcml/test/test_cmlAddEigenValueVector_4.f90,17,0,13,0,0,4,0,0.0,1,6.0,0
./models/01_CTSM/components/cdeps/fox/wcml/test/test_cmlAddEigenValue_1.f90,16,0,12,0,0,4,0,0.0,1,6.0,0
./models/01_CTSM/components/cdeps/fox/wcml/test/test_cmlAddEigenValue_2.f90,16,0,12,0,0,4,0,0.0,1,6.0,0
./models/01_CTSM/components/cdeps/fox/wcml/test/test_cmlAddKpoint_1.f90,14,0,10,0,0,4,0,0.0,1,4.0,0
./models/01_CTSM/components/cdeps/fox/wcml/test/test_cmlAddKpoint_2.f90,14,0,10,0,0,4,0,0.0,1,4.0,0
./models/01_CTSM/components/cdeps/fox/wcml/test/test_cmlAddKpoint_3.f90,14,0,10,0,0,4,0,0.0,1,4.0,0
./models/01_CTSM/components/cdeps/fox/wcml/test/test_cmlAddKpoint_4.f90,14,0,10,0,0,4,0,0.0,1,4.0,0
./models/01_CTSM/components/cdeps/fox/wcml/test/test_cmlAddLattice_1.f90,23,0,15,0,0,8,0,0.0,1,5.0,0
./models/01_CTSM/components/cdeps/fox/wcml/test/test_cmlAddLattice_2.f90,23,0,15,0,0,8,0,0.0,1,5.0,0
./models/01_CTSM/components/cdeps/fox/wcml/test/test_cmlAddMetadata_1.f90,15,0,10,0,0,5,0,0.0,1,4.0,0
./models/01_CTSM/components/cdeps/fox/wcml/test/test_cmlAddMolecule_1.f90,27,0,18,0,0,9,0,0.0,1,6.0,0
./models/01_CTSM/components/cdeps/fox/wcml/test/test_cmlAddMolecule_10.f90,30,0,21,0,0,9,0,0.0,1,6.0,0
./models/01_CTSM/components/cdeps/fox/wcml/test/test_cmlAddMolecule_11.f90,30,0,21,0,0,9,0,0.0,1,6.0,0
./models/01_CTSM/components/cdeps/fox/wcml/test/test_cmlAddMolecule_12.f90,29,0,20,0,0,9,0,0.0,1,6.0,0
./models/01_CTSM/components/cdeps/fox/wcml/test/test_cmlAddMolecule_13.f90,29,0,20,0,0,9,0,0.0,1,6.0,0
./models/01_CTSM/components/cdeps/fox/wcml/test/test_cmlAddMolecule_14.f90,27,0,18,0,0,9,0,0.0,1,6.0,0
./models/01_CTSM/components/cdeps/fox/wcml/test/test_cmlAddMolecule_15.f90,27,0,18,0,0,9,0,0.0,1,6.0,0
./models/01_CTSM/components/cdeps/fox/wcml/test/test_cmlAddMolecule_16.f90,27,0,18,0,0,9,0,0.0,1,6.0,0
./models/01_CTSM/components/cdeps/fox/wcml/test/test_cmlAddMolecule_2.f90,27,0,18,0,0,9,0,0.0,1,6.0,0
./models/01_CTSM/components/cdeps/fox/wcml/test/test_cmlAddMolecule_3.f90,27,0,18,0,0,9,0,0.0,1,6.0,0
./models/01_CTSM/components/cdeps/fox/wcml/test/test_cmlAddMolecule_4.f90,27,0,18,0,0,9,0,0.0,1,6.0,0
./models/01_CTSM/components/cdeps/fox/wcml/test/test_cmlAddMolecule_5.f90,27,0,18,0,0,9,0,0.0,1,6.0,0
./models/01_CTSM/components/cdeps/fox/wcml/test/test_cmlAddMolecule_6.f90,27,0,18,0,0,9,0,0.0,1,6.0,0
./models/01_CTSM/components/cdeps/fox/wcml/test/test_cmlAddMolecule_7.f90,29,0,20,0,0,9,0,0.0,1,8.0,0
./models/01_CTSM/components/cdeps/fox/wcml/test/test_cmlAddMolecule_8.f90,30,0,21,0,0,9,0,0.0,1,9.0,0
./models/01_CTSM/components/cdeps/fox/wcml/test/test_cmlAddMolecule_9.f90,29,0,20,0,0,9,0,0.0,1,6.0,0
./models/01_CTSM/components/cdeps/fox/wcml/test/test_cmlAddNamespace_0.f90,11,0,7,0,0,4,0,0.0,1,1.0,0
./models/01_CTSM/components/cdeps/fox/wcml/test/test_cmlAddNamespace_1.f90,13,0,9,0,0,4,0,0.0,1,3.0,0
./models/01_CTSM/components/cdeps/fox/wcml/test/test_cmlAddNamespace_2.f90,14,0,10,0,0,4,0,0.0,1,4.0,0
./models/01_CTSM/components/cdeps/fox/wcml/test/test_cmlAddNamespace_3.f90,14,0,10,0,0,4,0,0.0,1,4.0,0
./models/01_CTSM/components/cdeps/fox/wcml/test/test_cmlAddParameter_1.f90,15,0,10,0,0,5,0,0.0,1,4.0,0
./models/01_CTSM/components/cdeps/fox/wcml/test/test_cmlAddParameter_10.f90,15,0,10,0,0,5,0,0.0,1,4.0,0
./models/01_CTSM/components/cdeps/fox/wcml/test/test_cmlAddParameter_11.f90,15,0,10,0,0,5,0,0.0,1,4.0,0
./models/01_CTSM/components/cdeps/fox/wcml/test/test_cmlAddParameter_12.f90,15,0,10,0,0,5,0,0.0,1,4.0,0
./models/01_CTSM/components/cdeps/fox/wcml/test/test_cmlAddParameter_13.f90,17,0,12,0,0,5,0,0.0,1,4.0,0
./models/01_CTSM/components/cdeps/fox/wcml/test/test_cmlAddParameter_14.f90,15,0,10,0,0,5,0,0.0,1,4.0,0
./models/01_CTSM/components/cdeps/fox/wcml/test/test_cmlAddParameter_15.f90,17,0,12,0,0,5,0,0.0,1,4.0,0
./models/01_CTSM/components/cdeps/fox/wcml/test/test_cmlAddParameter_16.f90,15,0,10,0,0,5,0,0.0,1,4.0,0
./models/01_CTSM/components/cdeps/fox/wcml/test/test_cmlAddParameter_17.f90,15,0,10,0,0,5,0,0.0,1,4.0,0
./models/01_CTSM/components/cdeps/fox/wcml/test/test_cmlAddParameter_18.f90,15,0,10,0,0,5,0,0.0,1,4.0,0
./models/01_CTSM/components/cdeps/fox/wcml/test/test_cmlAddParameter_19.f90,15,0,10,0,0,5,0,0.0,1,4.0,0
./models/01_CTSM/components/cdeps/fox/wcml/test/test_cmlAddParameter_2.f90,15,0,10,0,0,5,0,0.0,1,4.0,0
./models/01_CTSM/components/cdeps/fox/wcml/test/test_cmlAddParameter_20.f90,18,0,13,0,0,5,0,0.0,1,4.0,0
./models/01_CTSM/components/cdeps/fox/wcml/test/test_cmlAddParameter_21.f90,18,0,13,0,0,5,0,0.0,1,4.0,0
./models/01_CTSM/components/cdeps/fox/wcml/test/test_cmlAddParameter_22.f90,17,0,12,0,0,5,0,0.0,1,4.0,0
./models/01_CTSM/components/cdeps/fox/wcml/test/test_cmlAddParameter_23.f90,15,0,10,0,0,5,0,0.0,1,4.0,0
./models/01_CTSM/components/cdeps/fox/wcml/test/test_cmlAddParameter_24.f90,17,0,12,0,0,5,0,0.0,1,4.0,0
./models/01_CTSM/components/cdeps/fox/wcml/test/test_cmlAddParameter_25.f90,15,0,10,0,0,5,0,0.0,1,4.0,0
./models/01_CTSM/components/cdeps/fox/wcml/test/test_cmlAddParameter_3.f90,15,0,10,0,0,5,0,0.0,1,4.0,0
./models/01_CTSM/components/cdeps/fox/wcml/test/test_cmlAddParameter_4.f90,15,0,10,0,0,5,0,0.0,1,4.0,0
./models/01_CTSM/components/cdeps/fox/wcml/test/test_cmlAddParameter_5.f90,15,0,10,0,0,5,0,0.0,1,4.0,0
./models/01_CTSM/components/cdeps/fox/wcml/test/test_cmlAddParameter_6.f90,17,0,12,0,0,5,0,0.0,1,4.0,0
./models/01_CTSM/components/cdeps/fox/wcml/test/test_cmlAddParameter_7.f90,15,0,10,0,0,5,0,0.0,1,4.0,0
./models/01_CTSM/components/cdeps/fox/wcml/test/test_cmlAddParameter_8.f90,15,0,10,0,0,5,0,0.0,1,4.0,0
./models/01_CTSM/components/cdeps/fox/wcml/test/test_cmlAddParameter_9.f90,15,0,10,0,0,5,0,0.0,1,4.0,0
./models/01_CTSM/components/cdeps/fox/wcml/test/test_cmlAddProperty_1.f90,15,0,10,0,0,5,0,0.0,1,4.0,0
./models/01_CTSM/components/cdeps/fox/wcml/test/test_cmlAddProperty_10.f90,15,0,10,0,0,5,0,0.0,1,4.0,0
./models/01_CTSM/components/cdeps/fox/wcml/test/test_cmlAddProperty_11.f90,15,0,10,0,0,5,0,0.0,1,4.0,0
./models/01_CTSM/components/cdeps/fox/wcml/test/test_cmlAddProperty_12.f90,15,0,10,0,0,5,0,0.0,1,4.0,0
./models/01_CTSM/components/cdeps/fox/wcml/test/test_cmlAddProperty_13.f90,17,0,12,0,0,5,0,0.0,1,4.0,0
./models/01_CTSM/components/cdeps/fox/wcml/test/test_cmlAddProperty_14.f90,15,0,10,0,0,5,0,0.0,1,4.0,0
./models/01_CTSM/components/cdeps/fox/wcml/test/test_cmlAddProperty_15.f90,17,0,12,0,0,5,0,0.0,1,4.0,0
./models/01_CTSM/components/cdeps/fox/wcml/test/test_cmlAddProperty_16.f90,15,0,10,0,0,5,0,0.0,1,4.0,0
./models/01_CTSM/components/cdeps/fox/wcml/test/test_cmlAddProperty_17.f90,15,0,10,0,0,5,0,0.0,1,4.0,0
./models/01_CTSM/components/cdeps/fox/wcml/test/test_cmlAddProperty_18.f90,15,0,10,0,0,5,0,0.0,1,4.0,0
./models/01_CTSM/components/cdeps/fox/wcml/test/test_cmlAddProperty_19.f90,15,0,10,0,0,5,0,0.0,1,4.0,0
./models/01_CTSM/components/cdeps/fox/wcml/test/test_cmlAddProperty_2.f90,15,0,10,0,0,5,0,0.0,1,4.0,0
./models/01_CTSM/components/cdeps/fox/wcml/test/test_cmlAddProperty_20.f90,18,0,13,0,0,5,0,0.0,1,4.0,0
./models/01_CTSM/components/cdeps/fox/wcml/test/test_cmlAddProperty_21.f90,18,0,13,0,0,5,0,0.0,1,4.0,0
./models/01_CTSM/components/cdeps/fox/wcml/test/test_cmlAddProperty_3.f90,15,0,10,0,0,5,0,0.0,1,4.0,0
./models/01_CTSM/components/cdeps/fox/wcml/test/test_cmlAddProperty_4.f90,15,0,10,0,0,5,0,0.0,1,4.0,0
./models/01_CTSM/components/cdeps/fox/wcml/test/test_cmlAddProperty_5.f90,15,0,10,0,0,5,0,0.0,1,4.0,0
./models/01_CTSM/components/cdeps/fox/wcml/test/test_cmlAddProperty_6.f90,17,0,12,0,0,5,0,0.0,1,4.0,0
./models/01_CTSM/components/cdeps/fox/wcml/test/test_cmlAddProperty_7.f90,15,0,10,0,0,5,0,0.0,1,4.0,0
./models/01_CTSM/components/cdeps/fox/wcml/test/test_cmlAddProperty_8.f90,15,0,10,0,0,5,0,0.0,1,4.0,0
./models/01_CTSM/components/cdeps/fox/wcml/test/test_cmlAddProperty_9.f90,15,0,10,0,0,5,0,0.0,1,4.0,0
./models/01_CTSM/components/cdeps/fox/wcml/test/test_cmlAddSymmetry_1.f90,14,0,10,0,0,4,0,0.0,1,4.0,0
./models/01_CTSM/components/cdeps/fox/wcml/test/test_cmlAddSymmetry_2.f90,14,0,10,0,0,4,0,0.0,1,4.0,0
./models/01_CTSM/components/cdeps/fox/wcml/test/test_cmlAddSymmetry_3.f90,24,0,17,0,0,7,0,0.0,1,6.0,0
./models/01_CTSM/components/cdeps/fox/wcml/test/test_cmlAddSymmetry_4.f90,29,0,21,0,0,8,0,0.0,1,8.0,0
./models/01_CTSM/components/cdeps/fox/wcml/test/test_cmlBeginFile_1.f90,14,0,8,0,0,6,0,0.0,1,2.0,0
./models/01_CTSM/components/cdeps/fox/wcml/test/test_cmlBeginFile_2.f90,22,0,14,0,0,8,0,0.0,1,7.0,0
./models/01_CTSM/components/cdeps/fox/wcml/test/test_cmlDumpDec_1.f90,17,0,10,0,0,7,0,0.0,1,4.0,0
./models/01_CTSM/components/cdeps/fox/wcml/test/test_cmlDumpDec_2.f90,17,0,10,0,0,7,0,0.0,1,4.0,0
./models/01_CTSM/components/cdeps/fox/wcml/test/test_cmlDumpDec_3.f90,18,0,11,0,0,7,0,0.0,1,5.0,0
./models/01_CTSM/components/cdeps/fox/wcml/test/test_cmlDumpDec_4.f90,18,0,11,0,0,7,0,0.0,1,4.0,0
./models/01_CTSM/components/cdeps/fox/wcml/test/test_cmlEndBand_1.f90,15,0,11,0,0,4,0,0.0,1,5.0,0
./models/01_CTSM/components/cdeps/fox/wcml/test/test_cmlEndCml_0.f90,11,0,7,0,0,4,0,0.0,1,1.0,0
./models/01_CTSM/components/cdeps/fox/wcml/test/test_cmlEndCml_1.f90,13,0,9,0,0,4,0,0.0,1,3.0,0
./models/01_CTSM/components/cdeps/fox/wcml/test/test_cmlEndCml_2.f90,14,0,10,0,0,4,0,0.0,1,4.0,0
./models/01_CTSM/components/cdeps/fox/wcml/test/test_cmlEndKpointList_1.f90,15,0,11,0,0,4,0,0.0,1,5.0,0
./models/01_CTSM/components/cdeps/fox/wcml/test/test_cmlEndKpoint_1.f90,15,0,11,0,0,4,0,0.0,1,5.0,0
./models/01_CTSM/components/cdeps/fox/wcml/test/test_cmlEndMetadataList_1.f90,15,0,11,0,0,4,0,0.0,1,5.0,0
./models/01_CTSM/components/cdeps/fox/wcml/test/test_cmlEndModule_1.f90,15,0,11,0,0,4,0,0.0,1,5.0,0
./models/01_CTSM/components/cdeps/fox/wcml/test/test_cmlEndParameterList_1.f90,15,0,11,0,0,4,0,0.0,1,5.0,0
./models/01_CTSM/components/cdeps/fox/wcml/test/test_cmlEndPropertyList_1.f90,15,0,11,0,0,4,0,0.0,1,5.0,0
./models/01_CTSM/components/cdeps/fox/wcml/test/test_cmlEndStep_1.f90,15,0,11,0,0,4,0,0.0,1,5.0,0
./models/01_CTSM/components/cdeps/fox/wcml/test/test_cmlFinishFile_1.f90,11,0,7,0,0,4,0,0.0,1,1.0,0
./models/01_CTSM/components/cdeps/fox/wcml/test/test_cmlFinishFile_2.f90,12,0,8,0,0,4,0,0.0,1,2.0,0
./models/01_CTSM/components/cdeps/fox/wcml/test/test_cmlFinishFile_3.f90,14,0,10,0,0,4,0,0.0,1,4.0,0
./models/01_CTSM/components/cdeps/fox/wcml/test/test_cmlStartBand_1.f90,14,0,10,0,0,4,0,0.0,1,4.0,0
./models/01_CTSM/components/cdeps/fox/wcml/test/test_cmlStartBand_2.f90,14,0,10,0,0,4,0,0.0,1,4.0,0
./models/01_CTSM/components/cdeps/fox/wcml/test/test_cmlStartBand_3.f90,14,0,10,0,0,4,0,0.0,1,4.0,0
./models/01_CTSM/components/cdeps/fox/wcml/test/test_cmlStartBand_4.f90,14,0,10,0,0,4,0,0.0,1,4.0,0
./models/01_CTSM/components/cdeps/fox/wcml/test/test_cmlStartCml_0.f90,11,0,7,0,0,4,0,0.0,1,1.0,0
./models/01_CTSM/components/cdeps/fox/wcml/test/test_cmlStartCml_1.f90,13,0,9,0,0,4,0,0.0,1,3.0,0
./models/01_CTSM/components/cdeps/fox/wcml/test/test_cmlStartCml_2.f90,13,0,9,0,0,4,0,0.0,1,3.0,0
./models/01_CTSM/components/cdeps/fox/wcml/test/test_cmlStartCml_3.f90,13,0,9,0,0,4,0,0.0,1,3.0,0
./models/01_CTSM/components/cdeps/fox/wcml/test/test_cmlStartCml_4.f90,13,0,9,0,0,4,0,0.0,1,3.0,0
./models/01_CTSM/components/cdeps/fox/wcml/test/test_cmlStartKpointList_1.f90,14,0,10,0,0,4,0,0.0,1,4.0,0
./models/01_CTSM/components/cdeps/fox/wcml/test/test_cmlStartKpoint_1.f90,14,0,10,0,0,4,0,0.0,1,4.0,0
./models/01_CTSM/components/cdeps/fox/wcml/test/test_cmlStartKpoint_2.f90,14,0,10,0,0,4,0,0.0,1,4.0,0
./models/01_CTSM/components/cdeps/fox/wcml/test/test_cmlStartKpoint_3.f90,14,0,10,0,0,4,0,0.0,1,4.0,0
./models/01_CTSM/components/cdeps/fox/wcml/test/test_cmlStartKpoint_4.f90,14,0,10,0,0,4,0,0.0,1,4.0,0
./models/01_CTSM/components/cdeps/fox/wcml/test/test_cmlStartMetadataList_1.f90,15,0,10,0,0,5,0,0.0,1,4.0,0
./models/01_CTSM/components/cdeps/fox/wcml/test/test_cmlStartMetadataList_2.f90,15,0,10,0,0,5,0,0.0,1,4.0,0
./models/01_CTSM/components/cdeps/fox/wcml/test/test_cmlStartMetadataList_3.f90,15,0,10,0,0,5,0,0.0,1,4.0,0
./models/01_CTSM/components/cdeps/fox/wcml/test/test_cmlStartModule_1.f90,14,0,10,0,0,4,0,0.0,1,4.0,0
./models/01_CTSM/components/cdeps/fox/wcml/test/test_cmlStartModule_2.f90,14,0,10,0,0,4,0,0.0,1,4.0,0
./models/01_CTSM/components/cdeps/fox/wcml/test/test_cmlStartModule_3.f90,14,0,10,0,0,4,0,0.0,1,4.0,0
./models/01_CTSM/components/cdeps/fox/wcml/test/test_cmlStartParameterList_1.f90,14,0,10,0,0,4,0,0.0,1,4.0,0
./models/01_CTSM/components/cdeps/fox/wcml/test/test_cmlStartParameterList_2.f90,14,0,10,0,0,4,0,0.0,1,4.0,0
./models/01_CTSM/components/cdeps/fox/wcml/test/test_cmlStartParameterList_3.f90,14,0,10,0,0,4,0,0.0,1,4.0,0
./models/01_CTSM/components/cdeps/fox/wcml/test/test_cmlStartPropertyList_1.f90,14,0,10,0,0,4,0,0.0,1,4.0,0
./models/01_CTSM/components/cdeps/fox/wcml/test/test_cmlStartPropertyList_2.f90,14,0,10,0,0,4,0,0.0,1,4.0,0
./models/01_CTSM/components/cdeps/fox/wcml/test/test_cmlStartPropertyList_3.f90,14,0,10,0,0,4,0,0.0,1,4.0,0
./models/01_CTSM/components/cdeps/fox/wcml/test/test_cmlStartStep_1.f90,14,0,10,0,0,4,0,0.0,1,4.0,0
./models/01_CTSM/components/cdeps/fox/wcml/test/test_cmlStartStep_2.f90,14,0,10,0,0,4,0,0.0,1,4.0,0
./models/01_CTSM/components/cdeps/fox/wcml/test/test_cmlStartStep_3.f90,14,0,10,0,0,4,0,0.0,1,4.0,0
./models/01_CTSM/components/cdeps/fox/wkml/FoX_wkml.f90,48,0,33,6,0,9,6,0.1818,0,0.0,1
./models/01_CTSM/components/cdeps/fox/wkml/m_contours.F90,2138,0,1484,539,2,167,539,0.3632,30,49.73,1
./models/01_CTSM/components/cdeps/fox/wkml/m_wkml_chart.F90,116,0,71,9,2,34,9,0.1268,2,22.0,1
./models/01_CTSM/components/cdeps/fox/wkml/m_wkml_color.F90,240,0,159,3,26,52,3,0.0189,12,9.42,1
./models/01_CTSM/components/cdeps/fox/wkml/m_wkml_color_def.F90,829,0,802,1,2,24,1,0.0012,0,0.0,1
./models/01_CTSM/components/cdeps/fox/wkml/m_wkml_contours.F90,300,0,229,5,12,55,5,0.0218,7,28.14,1
./models/01_CTSM/components/cdeps/fox/wkml/m_wkml_core.F90,69,0,46,0,8,15,0,0.0,3,10.67,1
./models/01_CTSM/components/cdeps/fox/wkml/m_wkml_coverage.F90,1190,0,872,234,22,119,234,0.2683,10,79.9,1
./models/01_CTSM/components/cdeps/fox/wkml/m_wkml_features.F90,1157,0,936,62,46,122,62,0.0662,22,33.82,1
./models/01_CTSM/components/cdeps/fox/wkml/m_wkml_lowlevel.F90,1611,0,1247,240,17,108,240,0.1925,173,6.77,1
./models/01_CTSM/components/cdeps/fox/wkml/m_wkml_styling.F90,771,0,617,65,30,64,65,0.1053,39,15.03,1
./models/01_CTSM/components/cdeps/fox/wkml/test/m_contours_test_data_sp.f90,2510,0,2503,1,0,7,1,0.0004,1,2471.0,1
./models/01_CTSM/components/cdeps/fox/wkml/test/test_kmlAddInnerBoundary_0.f90,14,0,9,0,0,5,0,0.0,1,3.0,0
./models/01_CTSM/components/cdeps/fox/wkml/test/test_kmlAddInnerBoundary_1.f90,17,0,12,0,0,5,0,0.0,1,5.0,0
./models/01_CTSM/components/cdeps/fox/wkml/test/test_kmlAddInnerBoundary_10.f90,18,0,12,0,0,6,0,0.0,1,5.0,0
./models/01_CTSM/components/cdeps/fox/wkml/test/test_kmlAddInnerBoundary_11.f90,17,0,12,0,0,5,0,0.0,1,5.0,0
./models/01_CTSM/components/cdeps/fox/wkml/test/test_kmlAddInnerBoundary_12.f90,17,0,12,0,0,5,0,0.0,1,5.0,0
./models/01_CTSM/components/cdeps/fox/wkml/test/test_kmlAddInnerBoundary_13.f90,17,0,12,0,0,5,0,0.0,1,5.0,0
./models/01_CTSM/components/cdeps/fox/wkml/test/test_kmlAddInnerBoundary_14.f90,17,0,12,0,0,5,0,0.0,1,5.0,0
./models/01_CTSM/components/cdeps/fox/wkml/test/test_kmlAddInnerBoundary_15.f90,18,0,13,0,0,5,0,0.0,1,5.0,0
./models/01_CTSM/components/cdeps/fox/wkml/test/test_kmlAddInnerBoundary_16.f90,19,0,13,0,0,6,0,0.0,1,5.0,0
./models/01_CTSM/components/cdeps/fox/wkml/test/test_kmlAddInnerBoundary_17.f90,19,0,13,0,0,6,0,0.0,1,5.0,0
./models/01_CTSM/components/cdeps/fox/wkml/test/test_kmlAddInnerBoundary_18.f90,19,0,13,0,0,6,0,0.0,1,5.0,0
./models/01_CTSM/components/cdeps/fox/wkml/test/test_kmlAddInnerBoundary_2.f90,17,0,12,0,0,5,0,0.0,1,5.0,0
./models/01_CTSM/components/cdeps/fox/wkml/test/test_kmlAddInnerBoundary_3.f90,17,0,12,0,0,5,0,0.0,1,5.0,0
./models/01_CTSM/components/cdeps/fox/wkml/test/test_kmlAddInnerBoundary_4.f90,17,0,12,0,0,5,0,0.0,1,5.0,0
./models/01_CTSM/components/cdeps/fox/wkml/test/test_kmlAddInnerBoundary_5.f90,18,0,13,0,0,5,0,0.0,1,5.0,0
./models/01_CTSM/components/cdeps/fox/wkml/test/test_kmlAddInnerBoundary_6.f90,19,0,13,0,0,6,0,0.0,1,5.0,0
./models/01_CTSM/components/cdeps/fox/wkml/test/test_kmlAddInnerBoundary_7.f90,19,0,13,0,0,6,0,0.0,1,5.0,0
./models/01_CTSM/components/cdeps/fox/wkml/test/test_kmlAddInnerBoundary_8.f90,19,0,13,0,0,6,0,0.0,1,5.0,0
./models/01_CTSM/components/cdeps/fox/wkml/test/test_kmlAddInnerBoundary_9.f90,18,0,12,0,0,6,0,0.0,1,5.0,0
./models/01_CTSM/components/cdeps/fox/wkml/test/test_kmlColorMap_1.f90,17,0,10,0,0,7,0,0.0,1,4.0,0
./models/01_CTSM/components/cdeps/fox/wkml/test/test_kmlColorMap_2.f90,17,0,10,0,0,7,0,0.0,1,4.0,0
./models/01_CTSM/components/cdeps/fox/wkml/test/test_kmlColorMap_3.f90,17,0,10,0,0,7,0,0.0,1,4.0,0
./models/01_CTSM/components/cdeps/fox/wkml/test/test_kmlColorMap_4.f90,17,0,10,0,0,7,0,0.0,1,4.0,0
./models/01_CTSM/components/cdeps/fox/wkml/test/test_kmlColorMap_5.f90,17,0,10,0,0,7,0,0.0,1,4.0,0
./models/01_CTSM/components/cdeps/fox/wkml/test/test_kmlColorMap_6.f90,17,0,10,0,0,7,0,0.0,1,4.0,0
./models/01_CTSM/components/cdeps/fox/wkml/test/test_kmlColorMap_7.f90,17,0,10,0,0,7,0,0.0,1,4.0,0
./models/01_CTSM/components/cdeps/fox/wkml/test/test_kmlColorMap_8.f90,17,0,10,0,0,7,0,0.0,1,4.0,0
./models/01_CTSM/components/cdeps/fox/wkml/test/test_kmlContours_1.f90,21,0,13,0,0,8,0,0.0,1,4.0,0
./models/01_CTSM/components/cdeps/fox/wkml/test/test_kmlContours_2.f90,27,0,18,0,0,9,0,0.0,1,6.0,0
./models/01_CTSM/components/cdeps/fox/wkml/test/test_kmlContours_3.f90,23,0,15,0,0,8,0,0.0,1,4.0,0
./models/01_CTSM/components/cdeps/fox/wkml/test/test_kmlCreateLineStyle_0.f90,12,0,7,0,0,5,0,0.0,1,2.0,0
./models/01_CTSM/components/cdeps/fox/wkml/test/test_kmlCreateLineStyle_1.f90,13,0,8,0,0,5,0,0.0,1,3.0,0
./models/01_CTSM/components/cdeps/fox/wkml/test/test_kmlCreateLineStyle_10.f90,16,0,10,0,0,6,0,0.0,1,4.0,0
./models/01_CTSM/components/cdeps/fox/wkml/test/test_kmlCreateLineStyle_11.f90,16,0,10,0,0,6,0,0.0,1,4.0,0
./models/01_CTSM/components/cdeps/fox/wkml/test/test_kmlCreateLineStyle_12.f90,16,0,10,0,0,6,0,0.0,1,4.0,0
./models/01_CTSM/components/cdeps/fox/wkml/test/test_kmlCreateLineStyle_2.f90,13,0,8,0,0,5,0,0.0,1,3.0,0
./models/01_CTSM/components/cdeps/fox/wkml/test/test_kmlCreateLineStyle_3.f90,13,0,8,0,0,5,0,0.0,1,3.0,0
./models/01_CTSM/components/cdeps/fox/wkml/test/test_kmlCreateLineStyle_4.f90,13,0,8,0,0,5,0,0.0,1,3.0,0
./models/01_CTSM/components/cdeps/fox/wkml/test/test_kmlCreateLineStyle_5.f90,13,0,8,0,0,5,0,0.0,1,3.0,0
./models/01_CTSM/components/cdeps/fox/wkml/test/test_kmlCreateLineStyle_6.f90,16,0,10,0,0,6,0,0.0,1,4.0,0
./models/01_CTSM/components/cdeps/fox/wkml/test/test_kmlCreateLineStyle_7.f90,16,0,10,0,0,6,0,0.0,1,4.0,0
./models/01_CTSM/components/cdeps/fox/wkml/test/test_kmlCreateLineStyle_8.f90,16,0,10,0,0,6,0,0.0,1,4.0,0
./models/01_CTSM/components/cdeps/fox/wkml/test/test_kmlCreateLineStyle_9.f90,16,0,10,0,0,6,0,0.0,1,4.0,0
./models/01_CTSM/components/cdeps/fox/wkml/test/test_kmlCreateLine_1.f90,13,0,8,0,0,5,0,0.0,1,3.0,0
./models/01_CTSM/components/cdeps/fox/wkml/test/test_kmlCreateLine_10.f90,13,0,8,0,0,5,0,0.0,1,3.0,0
./models/01_CTSM/components/cdeps/fox/wkml/test/test_kmlCreateLine_11.f90,14,0,9,0,0,5,0,0.0,1,3.0,0
./models/01_CTSM/components/cdeps/fox/wkml/test/test_kmlCreateLine_12.f90,14,0,9,0,0,5,0,0.0,1,3.0,0
./models/01_CTSM/components/cdeps/fox/wkml/test/test_kmlCreateLine_13.f90,14,0,9,0,0,5,0,0.0,1,3.0,0
./models/01_CTSM/components/cdeps/fox/wkml/test/test_kmlCreateLine_14.f90,14,0,9,0,0,5,0,0.0,1,3.0,0
./models/01_CTSM/components/cdeps/fox/wkml/test/test_kmlCreateLine_15.f90,14,0,9,0,0,5,0,0.0,1,3.0,0
./models/01_CTSM/components/cdeps/fox/wkml/test/test_kmlCreateLine_16.f90,14,0,9,0,0,5,0,0.0,1,3.0,0
./models/01_CTSM/components/cdeps/fox/wkml/test/test_kmlCreateLine_17.f90,13,0,8,0,0,5,0,0.0,1,3.0,0
./models/01_CTSM/components/cdeps/fox/wkml/test/test_kmlCreateLine_18.f90,13,0,8,0,0,5,0,0.0,1,3.0,0
./models/01_CTSM/components/cdeps/fox/wkml/test/test_kmlCreateLine_19.f90,13,0,8,0,0,5,0,0.0,1,3.0,0
./models/01_CTSM/components/cdeps/fox/wkml/test/test_kmlCreateLine_2.f90,13,0,8,0,0,5,0,0.0,1,3.0,0
./models/01_CTSM/components/cdeps/fox/wkml/test/test_kmlCreateLine_20.f90,13,0,8,0,0,5,0,0.0,1,3.0,0
./models/01_CTSM/components/cdeps/fox/wkml/test/test_kmlCreateLine_3.f90,13,0,8,0,0,5,0,0.0,1,3.0,0
./models/01_CTSM/components/cdeps/fox/wkml/test/test_kmlCreateLine_4.f90,13,0,8,0,0,5,0,0.0,1,3.0,0
./models/01_CTSM/components/cdeps/fox/wkml/test/test_kmlCreateLine_5.f90,13,0,8,0,0,5,0,0.0,1,3.0,0
./models/01_CTSM/components/cdeps/fox/wkml/test/test_kmlCreateLine_6.f90,13,0,8,0,0,5,0,0.0,1,3.0,0
./models/01_CTSM/components/cdeps/fox/wkml/test/test_kmlCreateLine_7.f90,13,0,8,0,0,5,0,0.0,1,3.0,0
./models/01_CTSM/components/cdeps/fox/wkml/test/test_kmlCreateLine_8.f90,14,0,9,0,0,5,0,0.0,1,3.0,0
./models/01_CTSM/components/cdeps/fox/wkml/test/test_kmlCreateLine_9.f90,13,0,8,0,0,5,0,0.0,1,3.0,0
./models/01_CTSM/components/cdeps/fox/wkml/test/test_kmlCreatePointStyle_0.f90,12,0,7,0,0,5,0,0.0,1,2.0,0
./models/01_CTSM/components/cdeps/fox/wkml/test/test_kmlCreatePointStyle_1.f90,13,0,8,0,0,5,0,0.0,1,3.0,0
./models/01_CTSM/components/cdeps/fox/wkml/test/test_kmlCreatePointStyle_10.f90,13,0,8,0,0,5,0,0.0,1,3.0,0
./models/01_CTSM/components/cdeps/fox/wkml/test/test_kmlCreatePointStyle_11.f90,13,0,8,0,0,5,0,0.0,1,3.0,0
./models/01_CTSM/components/cdeps/fox/wkml/test/test_kmlCreatePointStyle_12.f90,13,0,8,0,0,5,0,0.0,1,3.0,0
./models/01_CTSM/components/cdeps/fox/wkml/test/test_kmlCreatePointStyle_13.f90,13,0,8,0,0,5,0,0.0,1,3.0,0
./models/01_CTSM/components/cdeps/fox/wkml/test/test_kmlCreatePointStyle_14.f90,13,0,8,0,0,5,0,0.0,1,3.0,0
./models/01_CTSM/components/cdeps/fox/wkml/test/test_kmlCreatePointStyle_15.f90,13,0,8,0,0,5,0,0.0,1,3.0,0
./models/01_CTSM/components/cdeps/fox/wkml/test/test_kmlCreatePointStyle_16.f90,13,0,8,0,0,5,0,0.0,1,3.0,0
./models/01_CTSM/components/cdeps/fox/wkml/test/test_kmlCreatePointStyle_17.f90,13,0,8,0,0,5,0,0.0,1,3.0,0
./models/01_CTSM/components/cdeps/fox/wkml/test/test_kmlCreatePointStyle_18.f90,16,0,10,0,0,6,0,0.0,1,4.0,0
./models/01_CTSM/components/cdeps/fox/wkml/test/test_kmlCreatePointStyle_19.f90,16,0,10,0,0,6,0,0.0,1,4.0,0
./models/01_CTSM/components/cdeps/fox/wkml/test/test_kmlCreatePointStyle_2.f90,13,0,8,0,0,5,0,0.0,1,3.0,0
./models/01_CTSM/components/cdeps/fox/wkml/test/test_kmlCreatePointStyle_20.f90,16,0,10,0,0,6,0,0.0,1,4.0,0
./models/01_CTSM/components/cdeps/fox/wkml/test/test_kmlCreatePointStyle_21.f90,16,0,10,0,0,6,0,0.0,1,4.0,0
./models/01_CTSM/components/cdeps/fox/wkml/test/test_kmlCreatePointStyle_3.f90,13,0,8,0,0,5,0,0.0,1,3.0,0
./models/01_CTSM/components/cdeps/fox/wkml/test/test_kmlCreatePointStyle_4.f90,13,0,8,0,0,5,0,0.0,1,3.0,0
./models/01_CTSM/components/cdeps/fox/wkml/test/test_kmlCreatePointStyle_5.f90,13,0,8,0,0,5,0,0.0,1,3.0,0
./models/01_CTSM/components/cdeps/fox/wkml/test/test_kmlCreatePointStyle_6.f90,13,0,8,0,0,5,0,0.0,1,3.0,0
./models/01_CTSM/components/cdeps/fox/wkml/test/test_kmlCreatePointStyle_7.f90,13,0,8,0,0,5,0,0.0,1,3.0,0
./models/01_CTSM/components/cdeps/fox/wkml/test/test_kmlCreatePointStyle_8.f90,13,0,8,0,0,5,0,0.0,1,3.0,0
./models/01_CTSM/components/cdeps/fox/wkml/test/test_kmlCreatePointStyle_9.f90,13,0,8,0,0,5,0,0.0,1,3.0,0
./models/01_CTSM/components/cdeps/fox/wkml/test/test_kmlCreatePoints_1.f90,13,0,8,0,0,5,0,0.0,1,3.0,0
./models/01_CTSM/components/cdeps/fox/wkml/test/test_kmlCreatePoints_10.f90,13,0,8,0,0,5,0,0.0,1,3.0,0
./models/01_CTSM/components/cdeps/fox/wkml/test/test_kmlCreatePoints_11.f90,13,0,8,0,0,5,0,0.0,1,3.0,0
./models/01_CTSM/components/cdeps/fox/wkml/test/test_kmlCreatePoints_12.f90,13,0,8,0,0,5,0,0.0,1,3.0,0
./models/01_CTSM/components/cdeps/fox/wkml/test/test_kmlCreatePoints_2.f90,13,0,8,0,0,5,0,0.0,1,3.0,0
./models/01_CTSM/components/cdeps/fox/wkml/test/test_kmlCreatePoints_3.f90,13,0,8,0,0,5,0,0.0,1,3.0,0
./models/01_CTSM/components/cdeps/fox/wkml/test/test_kmlCreatePoints_4.f90,13,0,8,0,0,5,0,0.0,1,3.0,0
./models/01_CTSM/components/cdeps/fox/wkml/test/test_kmlCreatePoints_5.f90,17,0,11,0,0,6,0,0.0,1,5.0,0
./models/01_CTSM/components/cdeps/fox/wkml/test/test_kmlCreatePoints_6.f90,17,0,11,0,0,6,0,0.0,1,5.0,0
./models/01_CTSM/components/cdeps/fox/wkml/test/test_kmlCreatePoints_7.f90,18,0,12,0,0,6,0,0.0,1,6.0,0
./models/01_CTSM/components/cdeps/fox/wkml/test/test_kmlCreatePolygonStyle_1.f90,13,0,8,0,0,5,0,0.0,1,3.0,0
./models/01_CTSM/components/cdeps/fox/wkml/test/test_kmlCreatePolygonStyle_10.f90,16,0,10,0,0,6,0,0.0,1,4.0,0
./models/01_CTSM/components/cdeps/fox/wkml/test/test_kmlCreatePolygonStyle_11.f90,16,0,10,0,0,6,0,0.0,1,4.0,0
./models/01_CTSM/components/cdeps/fox/wkml/test/test_kmlCreatePolygonStyle_12.f90,16,0,10,0,0,6,0,0.0,1,4.0,0
./models/01_CTSM/components/cdeps/fox/wkml/test/test_kmlCreatePolygonStyle_2.f90,16,0,10,0,0,6,0,0.0,1,4.0,0
./models/01_CTSM/components/cdeps/fox/wkml/test/test_kmlCreatePolygonStyle_3.f90,16,0,10,0,0,6,0,0.0,1,4.0,0
./models/01_CTSM/components/cdeps/fox/wkml/test/test_kmlCreatePolygonStyle_4.f90,16,0,10,0,0,6,0,0.0,1,4.0,0
./models/01_CTSM/components/cdeps/fox/wkml/test/test_kmlCreatePolygonStyle_5.f90,16,0,10,0,0,6,0,0.0,1,4.0,0
./models/01_CTSM/components/cdeps/fox/wkml/test/test_kmlCreatePolygonStyle_6.f90,16,0,10,0,0,6,0,0.0,1,4.0,0
./models/01_CTSM/components/cdeps/fox/wkml/test/test_kmlCreatePolygonStyle_7.f90,16,0,10,0,0,6,0,0.0,1,4.0,0
./models/01_CTSM/components/cdeps/fox/wkml/test/test_kmlCreatePolygonStyle_8.f90,16,0,10,0,0,6,0,0.0,1,4.0,0
./models/01_CTSM/components/cdeps/fox/wkml/test/test_kmlCreatePolygonStyle_9.f90,16,0,10,0,0,6,0,0.0,1,4.0,0
./models/01_CTSM/components/cdeps/fox/wkml/test/test_kmlOpenCloseDocument_1.f90,12,0,7,0,0,5,0,0.0,1,2.0,0
./models/01_CTSM/components/cdeps/fox/wkml/test/test_kmlOpenCloseDocument_2.f90,12,0,7,0,0,5,0,0.0,1,2.0,0
./models/01_CTSM/components/cdeps/fox/wkml/test/test_kmlOpenCloseDocument_3.f90,12,0,7,0,0,5,0,0.0,1,2.0,0
./models/01_CTSM/components/cdeps/fox/wkml/test/test_kmlOpenCloseDocument_4.f90,14,0,9,0,0,5,0,0.0,1,4.0,0
./models/01_CTSM/components/cdeps/fox/wkml/test/test_kmlOpenCloseDocument_5.f90,14,0,9,0,0,5,0,0.0,1,4.0,0
./models/01_CTSM/components/cdeps/fox/wkml/test/test_kmlOpenCloseFolder_0.f90,13,0,8,0,0,5,0,0.0,1,3.0,0
./models/01_CTSM/components/cdeps/fox/wkml/test/test_kmlOpenCloseFolder_1.f90,14,0,9,0,0,5,0,0.0,1,4.0,0
./models/01_CTSM/components/cdeps/fox/wkml/test/test_kmlOpenCloseFolder_2.f90,14,0,9,0,0,5,0,0.0,1,4.0,0
./models/01_CTSM/components/cdeps/fox/wkml/test/test_kmlOpenCloseFolder_3.f90,14,0,9,0,0,5,0,0.0,1,4.0,0
./models/01_CTSM/components/cdeps/fox/wkml/test/test_kmlOpenCloseFolder_4.f90,14,0,9,0,0,5,0,0.0,1,4.0,0
./models/01_CTSM/components/cdeps/fox/wkml/test/test_kmlOpenCloseFolder_5.f90,13,0,8,0,0,5,0,0.0,1,3.0,0
./models/01_CTSM/components/cdeps/fox/wkml/test/test_kmlStartEndRegion_0.f90,13,0,8,0,0,5,0,0.0,1,3.0,0
./models/01_CTSM/components/cdeps/fox/wkml/test/test_kmlStartEndRegion_1.f90,14,0,9,0,0,5,0,0.0,1,4.0,0
./models/01_CTSM/components/cdeps/fox/wkml/test/test_kmlStartEndRegion_10.f90,14,0,9,0,0,5,0,0.0,1,4.0,0
./models/01_CTSM/components/cdeps/fox/wkml/test/test_kmlStartEndRegion_11.f90,14,0,9,0,0,5,0,0.0,1,4.0,0
./models/01_CTSM/components/cdeps/fox/wkml/test/test_kmlStartEndRegion_12.f90,14,0,9,0,0,5,0,0.0,1,4.0,0
./models/01_CTSM/components/cdeps/fox/wkml/test/test_kmlStartEndRegion_13.f90,15,0,10,0,0,5,0,0.0,1,4.0,0
./models/01_CTSM/components/cdeps/fox/wkml/test/test_kmlStartEndRegion_14.f90,16,0,10,0,0,6,0,0.0,1,4.0,0
./models/01_CTSM/components/cdeps/fox/wkml/test/test_kmlStartEndRegion_15.f90,16,0,10,0,0,6,0,0.0,1,4.0,0
./models/01_CTSM/components/cdeps/fox/wkml/test/test_kmlStartEndRegion_16.f90,16,0,10,0,0,6,0,0.0,1,4.0,0
./models/01_CTSM/components/cdeps/fox/wkml/test/test_kmlStartEndRegion_2.f90,14,0,9,0,0,5,0,0.0,1,4.0,0
./models/01_CTSM/components/cdeps/fox/wkml/test/test_kmlStartEndRegion_3.f90,14,0,9,0,0,5,0,0.0,1,4.0,0
./models/01_CTSM/components/cdeps/fox/wkml/test/test_kmlStartEndRegion_4.f90,14,0,9,0,0,5,0,0.0,1,4.0,0
./models/01_CTSM/components/cdeps/fox/wkml/test/test_kmlStartEndRegion_5.f90,15,0,10,0,0,5,0,0.0,1,4.0,0
./models/01_CTSM/components/cdeps/fox/wkml/test/test_kmlStartEndRegion_6.f90,16,0,10,0,0,6,0,0.0,1,4.0,0
./models/01_CTSM/components/cdeps/fox/wkml/test/test_kmlStartEndRegion_7.f90,16,0,10,0,0,6,0,0.0,1,4.0,0
./models/01_CTSM/components/cdeps/fox/wkml/test/test_kmlStartEndRegion_8.f90,16,0,10,0,0,6,0,0.0,1,4.0,0
./models/01_CTSM/components/cdeps/fox/wkml/test/test_kmlStartEndRegion_9.f90,14,0,9,0,0,5,0,0.0,1,4.0,0
./models/01_CTSM/components/cdeps/fox/wxml/FoX_wxml.f90,45,0,36,0,0,9,0,0.0,0,0.0,1
./models/01_CTSM/components/cdeps/fox/wxml/m_wxml_core.F90,1877,0,1372,107,108,298,107,0.078,40,29.57,1
./models/01_CTSM/components/cdeps/fox/wxml/m_wxml_escape.F90,140,0,112,10,2,16,10,0.0893,2,48.5,1
./models/01_CTSM/components/cdeps/fox/wxml/m_wxml_overloads.F90,1028,0,666,22,122,218,22,0.033,60,8.77,1
./models/01_CTSM/components/cdeps/fox/wxml/test/test_xml_AddAttribute_0.f90,12,0,8,0,0,4,0,0.0,1,1.0,0
./models/01_CTSM/components/cdeps/fox/wxml/test/test_xml_AddAttribute_1.f90,15,0,11,0,0,4,0,0.0,1,4.0,0
./models/01_CTSM/components/cdeps/fox/wxml/test/test_xml_AddAttribute_2.f90,14,0,10,0,0,4,0,0.0,1,3.0,0
./models/01_CTSM/components/cdeps/fox/wxml/test/test_xml_AddAttribute_3.f90,16,0,12,0,0,4,0,0.0,1,5.0,0
./models/01_CTSM/components/cdeps/fox/wxml/test/test_xml_AddAttribute_4.f90,15,0,11,0,0,4,0,0.0,1,4.0,0
./models/01_CTSM/components/cdeps/fox/wxml/test/test_xml_AddAttribute_5.f90,15,0,11,0,0,4,0,0.0,1,4.0,0
./models/01_CTSM/components/cdeps/fox/wxml/test/test_xml_AddAttribute_6.f90,15,0,11,0,0,4,0,0.0,1,4.0,0
./models/01_CTSM/components/cdeps/fox/wxml/test/test_xml_AddAttribute_7.f90,15,0,11,0,0,4,0,0.0,1,4.0,0
./models/01_CTSM/components/cdeps/fox/wxml/test/test_xml_AddAttribute_8.f90,27,0,23,0,0,4,0,0.0,1,16.0,0
./models/01_CTSM/components/cdeps/fox/wxml/test/test_xml_AddAttribute_overload_1.f90,15,0,11,0,0,4,0,0.0,1,4.0,0
./models/01_CTSM/components/cdeps/fox/wxml/test/test_xml_AddAttribute_overload_10.f90,15,0,11,0,0,4,0,0.0,1,4.0,0
./models/01_CTSM/components/cdeps/fox/wxml/test/test_xml_AddAttribute_overload_11.f90,15,0,11,0,0,4,0,0.0,1,4.0,0
./models/01_CTSM/components/cdeps/fox/wxml/test/test_xml_AddAttribute_overload_12.f90,15,0,11,0,0,4,0,0.0,1,4.0,0
./models/01_CTSM/components/cdeps/fox/wxml/test/test_xml_AddAttribute_overload_13.f90,15,0,11,0,0,4,0,0.0,1,4.0,0
./models/01_CTSM/components/cdeps/fox/wxml/test/test_xml_AddAttribute_overload_14.f90,18,0,14,0,0,4,0,0.0,1,4.0,0
./models/01_CTSM/components/cdeps/fox/wxml/test/test_xml_AddAttribute_overload_15.f90,18,0,14,0,0,4,0,0.0,1,4.0,0
./models/01_CTSM/components/cdeps/fox/wxml/test/test_xml_AddAttribute_overload_16.f90,17,0,13,0,0,4,0,0.0,1,4.0,0
./models/01_CTSM/components/cdeps/fox/wxml/test/test_xml_AddAttribute_overload_17.f90,17,0,13,0,0,4,0,0.0,1,4.0,0
./models/01_CTSM/components/cdeps/fox/wxml/test/test_xml_AddAttribute_overload_18.f90,17,0,13,0,0,4,0,0.0,1,4.0,0
./models/01_CTSM/components/cdeps/fox/wxml/test/test_xml_AddAttribute_overload_19.f90,17,0,13,0,0,4,0,0.0,1,4.0,0
./models/01_CTSM/components/cdeps/fox/wxml/test/test_xml_AddAttribute_overload_2.f90,15,0,11,0,0,4,0,0.0,1,4.0,0
./models/01_CTSM/components/cdeps/fox/wxml/test/test_xml_AddAttribute_overload_20.f90,17,0,13,0,0,4,0,0.0,1,4.0,0
./models/01_CTSM/components/cdeps/fox/wxml/test/test_xml_AddAttribute_overload_3.f90,15,0,11,0,0,4,0,0.0,1,4.0,0
./models/01_CTSM/components/cdeps/fox/wxml/test/test_xml_AddAttribute_overload_4.f90,15,0,11,0,0,4,0,0.0,1,4.0,0
./models/01_CTSM/components/cdeps/fox/wxml/test/test_xml_AddAttribute_overload_5.f90,15,0,11,0,0,4,0,0.0,1,4.0,0
./models/01_CTSM/components/cdeps/fox/wxml/test/test_xml_AddAttribute_overload_6.f90,15,0,11,0,0,4,0,0.0,1,4.0,0
./models/01_CTSM/components/cdeps/fox/wxml/test/test_xml_AddAttribute_overload_7.f90,15,0,11,0,0,4,0,0.0,1,4.0,0
./models/01_CTSM/components/cdeps/fox/wxml/test/test_xml_AddAttribute_overload_8.f90,15,0,11,0,0,4,0,0.0,1,4.0,0
./models/01_CTSM/components/cdeps/fox/wxml/test/test_xml_AddAttribute_overload_9.f90,15,0,11,0,0,4,0,0.0,1,4.0,0
./models/01_CTSM/components/cdeps/fox/wxml/test/test_xml_AddCharacters_0.f90,12,0,8,0,0,4,0,0.0,1,1.0,0
./models/01_CTSM/components/cdeps/fox/wxml/test/test_xml_AddCharacters_1.f90,15,0,11,0,0,4,0,0.0,1,4.0,0
./models/01_CTSM/components/cdeps/fox/wxml/test/test_xml_AddCharacters_2.f90,15,0,11,0,0,4,0,0.0,1,4.0,0
./models/01_CTSM/components/cdeps/fox/wxml/test/test_xml_AddCharacters_3.f90,15,0,11,0,0,4,0,0.0,1,4.0,0
./models/01_CTSM/components/cdeps/fox/wxml/test/test_xml_AddCharacters_4.f90,14,0,10,0,0,4,0,0.0,1,3.0,0
./models/01_CTSM/components/cdeps/fox/wxml/test/test_xml_AddCharacters_5.f90,15,0,11,0,0,4,0,0.0,1,4.0,0
./models/01_CTSM/components/cdeps/fox/wxml/test/test_xml_AddCharacters_overload_1.f90,15,0,11,0,0,4,0,0.0,1,4.0,0
./models/01_CTSM/components/cdeps/fox/wxml/test/test_xml_AddCharacters_overload_10.f90,15,0,11,0,0,4,0,0.0,1,4.0,0
./models/01_CTSM/components/cdeps/fox/wxml/test/test_xml_AddCharacters_overload_11.f90,15,0,11,0,0,4,0,0.0,1,4.0,0
./models/01_CTSM/components/cdeps/fox/wxml/test/test_xml_AddCharacters_overload_12.f90,15,0,11,0,0,4,0,0.0,1,4.0,0
./models/01_CTSM/components/cdeps/fox/wxml/test/test_xml_AddCharacters_overload_13.f90,15,0,11,0,0,4,0,0.0,1,4.0,0
./models/01_CTSM/components/cdeps/fox/wxml/test/test_xml_AddCharacters_overload_14.f90,18,0,14,0,0,4,0,0.0,1,4.0,0
./models/01_CTSM/components/cdeps/fox/wxml/test/test_xml_AddCharacters_overload_15.f90,18,0,14,0,0,4,0,0.0,1,4.0,0
./models/01_CTSM/components/cdeps/fox/wxml/test/test_xml_AddCharacters_overload_16.f90,18,0,14,0,0,4,0,0.0,1,4.0,0
./models/01_CTSM/components/cdeps/fox/wxml/test/test_xml_AddCharacters_overload_17.f90,18,0,14,0,0,4,0,0.0,1,4.0,0
./models/01_CTSM/components/cdeps/fox/wxml/test/test_xml_AddCharacters_overload_18.f90,18,0,14,0,0,4,0,0.0,1,4.0,0
./models/01_CTSM/components/cdeps/fox/wxml/test/test_xml_AddCharacters_overload_19.f90,18,0,14,0,0,4,0,0.0,1,4.0,0
./models/01_CTSM/components/cdeps/fox/wxml/test/test_xml_AddCharacters_overload_2.f90,15,0,11,0,0,4,0,0.0,1,4.0,0
./models/01_CTSM/components/cdeps/fox/wxml/test/test_xml_AddCharacters_overload_20.f90,18,0,14,0,0,4,0,0.0,1,4.0,0
./models/01_CTSM/components/cdeps/fox/wxml/test/test_xml_AddCharacters_overload_3.f90,15,0,11,0,0,4,0,0.0,1,4.0,0
./models/01_CTSM/components/cdeps/fox/wxml/test/test_xml_AddCharacters_overload_4.f90,15,0,11,0,0,4,0,0.0,1,4.0,0
./models/01_CTSM/components/cdeps/fox/wxml/test/test_xml_AddCharacters_overload_5.f90,15,0,11,0,0,4,0,0.0,1,4.0,0
./models/01_CTSM/components/cdeps/fox/wxml/test/test_xml_AddCharacters_overload_6.f90,15,0,11,0,0,4,0,0.0,1,4.0,0
./models/01_CTSM/components/cdeps/fox/wxml/test/test_xml_AddCharacters_overload_7.f90,15,0,11,0,0,4,0,0.0,1,4.0,0
./models/01_CTSM/components/cdeps/fox/wxml/test/test_xml_AddCharacters_overload_8.f90,15,0,11,0,0,4,0,0.0,1,4.0,0
./models/01_CTSM/components/cdeps/fox/wxml/test/test_xml_AddCharacters_overload_9.f90,15,0,11,0,0,4,0,0.0,1,4.0,0
./models/01_CTSM/components/cdeps/fox/wxml/test/test_xml_AddComment_0.f90,12,0,8,0,0,4,0,0.0,1,1.0,0
./models/01_CTSM/components/cdeps/fox/wxml/test/test_xml_AddComment_1.f90,14,0,10,0,0,4,0,0.0,1,4.0,0
./models/01_CTSM/components/cdeps/fox/wxml/test/test_xml_AddComment_2.f90,14,0,10,0,0,4,0,0.0,1,3.0,0
./models/01_CTSM/components/cdeps/fox/wxml/test/test_xml_AddComment_3.f90,14,0,10,0,0,4,0,0.0,1,3.0,0
./models/01_CTSM/components/cdeps/fox/wxml/test/test_xml_AddDOCTYPE_0.f90,16,0,12,0,0,4,0,0.0,1,4.0,0
./models/01_CTSM/components/cdeps/fox/wxml/test/test_xml_AddDOCTYPE_1.f90,15,0,11,0,0,4,0,0.0,1,4.0,0
./models/01_CTSM/components/cdeps/fox/wxml/test/test_xml_AddDOCTYPE_2.f90,16,0,12,0,0,4,0,0.0,1,4.0,0
./models/01_CTSM/components/cdeps/fox/wxml/test/test_xml_AddDOCTYPE_3.f90,15,0,11,0,0,4,0,0.0,1,4.0,0
./models/01_CTSM/components/cdeps/fox/wxml/test/test_xml_AddDOCTYPE_4.f90,15,0,11,0,0,4,0,0.0,1,4.0,0
./models/01_CTSM/components/cdeps/fox/wxml/test/test_xml_AddDOCTYPE_5.f90,16,0,12,0,0,4,0,0.0,1,4.0,0
./models/01_CTSM/components/cdeps/fox/wxml/test/test_xml_AddExternalEntity_0.f90,15,0,11,0,0,4,0,0.0,1,4.0,0
./models/01_CTSM/components/cdeps/fox/wxml/test/test_xml_AddExternalEntity_1.f90,16,0,12,0,0,4,0,0.0,1,5.0,0
./models/01_CTSM/components/cdeps/fox/wxml/test/test_xml_AddExternalEntity_2.f90,17,0,13,0,0,4,0,0.0,1,5.0,0
./models/01_CTSM/components/cdeps/fox/wxml/test/test_xml_AddExternalEntity_3.f90,17,0,13,0,0,4,0,0.0,1,5.0,0
./models/01_CTSM/components/cdeps/fox/wxml/test/test_xml_AddExternalEntity_4.f90,19,0,15,0,0,4,0,0.0,1,6.0,0
./models/01_CTSM/components/cdeps/fox/wxml/test/test_xml_AddInternalEntity_0.f90,15,0,11,0,0,4,0,0.0,1,4.0,0
./models/01_CTSM/components/cdeps/fox/wxml/test/test_xml_AddInternalEntity_1.f90,16,0,12,0,0,4,0,0.0,1,5.0,0
./models/01_CTSM/components/cdeps/fox/wxml/test/test_xml_AddInternalEntity_2.f90,16,0,12,0,0,4,0,0.0,1,5.0,0
./models/01_CTSM/components/cdeps/fox/wxml/test/test_xml_AddInternalEntity_3.f90,16,0,12,0,0,4,0,0.0,1,5.0,0
./models/01_CTSM/components/cdeps/fox/wxml/test/test_xml_AddInternalEntity_4.f90,16,0,12,0,0,4,0,0.0,1,5.0,0
./models/01_CTSM/components/cdeps/fox/wxml/test/test_xml_AddNewline_1.f90,17,0,13,0,0,4,0,0.0,1,6.0,0
./models/01_CTSM/components/cdeps/fox/wxml/test/test_xml_AddNotation_0.f90,15,0,11,0,0,4,0,0.0,1,4.0,0
./models/01_CTSM/components/cdeps/fox/wxml/test/test_xml_AddNotation_1.f90,16,0,12,0,0,4,0,0.0,1,5.0,0
./models/01_CTSM/components/cdeps/fox/wxml/test/test_xml_AddNotation_2.f90,16,0,12,0,0,4,0,0.0,1,5.0,0
./models/01_CTSM/components/cdeps/fox/wxml/test/test_xml_AddNotation_3.f90,16,0,12,0,0,4,0,0.0,1,5.0,0
./models/01_CTSM/components/cdeps/fox/wxml/test/test_xml_AddParameterEntity_0.f90,15,0,11,0,0,4,0,0.0,1,4.0,0
./models/01_CTSM/components/cdeps/fox/wxml/test/test_xml_AddParameterEntity_1.f90,16,0,12,0,0,4,0,0.0,1,5.0,0
./models/01_CTSM/components/cdeps/fox/wxml/test/test_xml_AddParameterEntity_2.f90,16,0,12,0,0,4,0,0.0,1,5.0,0
./models/01_CTSM/components/cdeps/fox/wxml/test/test_xml_AddParameterEntity_3.f90,16,0,12,0,0,4,0,0.0,1,5.0,0
./models/01_CTSM/components/cdeps/fox/wxml/test/test_xml_AddParameterEntity_4.f90,16,0,12,0,0,4,0,0.0,1,5.0,0
./models/01_CTSM/components/cdeps/fox/wxml/test/test_xml_AddParameterEntity_5.f90,16,0,12,0,0,4,0,0.0,1,5.0,0
./models/01_CTSM/components/cdeps/fox/wxml/test/test_xml_AddParameterEntity_6.f90,16,0,12,0,0,4,0,0.0,1,5.0,0
./models/01_CTSM/components/cdeps/fox/wxml/test/test_xml_AddParameterEntity_7.f90,16,0,12,0,0,4,0,0.0,1,5.0,0
./models/01_CTSM/components/cdeps/fox/wxml/test/test_xml_AddPseudoAttribute_0.f90,12,0,8,0,0,4,0,0.0,1,1.0,0
./models/01_CTSM/components/cdeps/fox/wxml/test/test_xml_AddPseudoAttribute_1.f90,15,0,11,0,0,4,0,0.0,1,5.0,0
./models/01_CTSM/components/cdeps/fox/wxml/test/test_xml_AddPseudoAttribute_2.f90,14,0,10,0,0,4,0,0.0,1,3.0,0
./models/01_CTSM/components/cdeps/fox/wxml/test/test_xml_AddPseudoAttribute_3.f90,16,0,12,0,0,4,0,0.0,1,5.0,0
./models/01_CTSM/components/cdeps/fox/wxml/test/test_xml_AddPseudoAttribute_4.f90,15,0,11,0,0,4,0,0.0,1,4.0,0
./models/01_CTSM/components/cdeps/fox/wxml/test/test_xml_AddPseudoAttribute_5.f90,15,0,11,0,0,4,0,0.0,1,4.0,0
./models/01_CTSM/components/cdeps/fox/wxml/test/test_xml_AddPseudoAttribute_overload_1.f90,15,0,11,0,0,4,0,0.0,1,5.0,0
./models/01_CTSM/components/cdeps/fox/wxml/test/test_xml_AddPseudoAttribute_overload_10.f90,15,0,11,0,0,4,0,0.0,1,5.0,0
./models/01_CTSM/components/cdeps/fox/wxml/test/test_xml_AddPseudoAttribute_overload_11.f90,15,0,11,0,0,4,0,0.0,1,5.0,0
./models/01_CTSM/components/cdeps/fox/wxml/test/test_xml_AddPseudoAttribute_overload_12.f90,15,0,11,0,0,4,0,0.0,1,5.0,0
./models/01_CTSM/components/cdeps/fox/wxml/test/test_xml_AddPseudoAttribute_overload_13.f90,15,0,11,0,0,4,0,0.0,1,5.0,0
./models/01_CTSM/components/cdeps/fox/wxml/test/test_xml_AddPseudoAttribute_overload_14.f90,18,0,14,0,0,4,0,0.0,1,5.0,0
./models/01_CTSM/components/cdeps/fox/wxml/test/test_xml_AddPseudoAttribute_overload_15.f90,18,0,14,0,0,4,0,0.0,1,5.0,0
./models/01_CTSM/components/cdeps/fox/wxml/test/test_xml_AddPseudoAttribute_overload_16.f90,18,0,14,0,0,4,0,0.0,1,5.0,0
./models/01_CTSM/components/cdeps/fox/wxml/test/test_xml_AddPseudoAttribute_overload_17.f90,18,0,14,0,0,4,0,0.0,1,5.0,0
./models/01_CTSM/components/cdeps/fox/wxml/test/test_xml_AddPseudoAttribute_overload_18.f90,18,0,14,0,0,4,0,0.0,1,5.0,0
./models/01_CTSM/components/cdeps/fox/wxml/test/test_xml_AddPseudoAttribute_overload_19.f90,18,0,14,0,0,4,0,0.0,1,5.0,0
./models/01_CTSM/components/cdeps/fox/wxml/test/test_xml_AddPseudoAttribute_overload_2.f90,15,0,11,0,0,4,0,0.0,1,5.0,0
./models/01_CTSM/components/cdeps/fox/wxml/test/test_xml_AddPseudoAttribute_overload_20.f90,18,0,14,0,0,4,0,0.0,1,5.0,0
./models/01_CTSM/components/cdeps/fox/wxml/test/test_xml_AddPseudoAttribute_overload_3.f90,15,0,11,0,0,4,0,0.0,1,5.0,0
./models/01_CTSM/components/cdeps/fox/wxml/test/test_xml_AddPseudoAttribute_overload_4.f90,15,0,11,0,0,4,0,0.0,1,5.0,0
./models/01_CTSM/components/cdeps/fox/wxml/test/test_xml_AddPseudoAttribute_overload_5.f90,15,0,11,0,0,4,0,0.0,1,5.0,0
./models/01_CTSM/components/cdeps/fox/wxml/test/test_xml_AddPseudoAttribute_overload_6.f90,15,0,11,0,0,4,0,0.0,1,5.0,0
./models/01_CTSM/components/cdeps/fox/wxml/test/test_xml_AddPseudoAttribute_overload_7.f90,15,0,11,0,0,4,0,0.0,1,5.0,0
./models/01_CTSM/components/cdeps/fox/wxml/test/test_xml_AddPseudoAttribute_overload_8.f90,15,0,11,0,0,4,0,0.0,1,5.0,0
./models/01_CTSM/components/cdeps/fox/wxml/test/test_xml_AddPseudoAttribute_overload_9.f90,15,0,11,0,0,4,0,0.0,1,5.0,0
./models/01_CTSM/components/cdeps/fox/wxml/test/test_xml_AddXMLDeclaration_0.f90,12,0,8,0,0,4,0,0.0,1,2.0,0
./models/01_CTSM/components/cdeps/fox/wxml/test/test_xml_AddXMLDeclaration_1.f90,14,0,10,0,0,4,0,0.0,1,4.0,0
./models/01_CTSM/components/cdeps/fox/wxml/test/test_xml_AddXMLDeclaration_2.f90,14,0,10,0,0,4,0,0.0,1,4.0,0
./models/01_CTSM/components/cdeps/fox/wxml/test/test_xml_AddXMLDeclaration_3.f90,14,0,10,0,0,4,0,0.0,1,4.0,0
./models/01_CTSM/components/cdeps/fox/wxml/test/test_xml_AddXMLDeclaration_4.f90,14,0,10,0,0,4,0,0.0,1,4.0,0
./models/01_CTSM/components/cdeps/fox/wxml/test/test_xml_AddXMLDeclaration_5.f90,14,0,10,0,0,4,0,0.0,1,4.0,0
./models/01_CTSM/components/cdeps/fox/wxml/test/test_xml_AddXMLPI_0.f90,11,0,7,0,0,4,0,0.0,1,1.0,0
./models/01_CTSM/components/cdeps/fox/wxml/test/test_xml_AddXMLPI_1.f90,14,0,10,0,0,4,0,0.0,1,4.0,0
./models/01_CTSM/components/cdeps/fox/wxml/test/test_xml_AddXMLPI_2.f90,15,0,11,0,0,4,0,0.0,1,5.0,0
./models/01_CTSM/components/cdeps/fox/wxml/test/test_xml_AddXMLPI_3.f90,14,0,10,0,0,4,0,0.0,1,4.0,0
./models/01_CTSM/components/cdeps/fox/wxml/test/test_xml_AddXMLPI_4.f90,13,0,9,0,0,4,0,0.0,1,3.0,0
./models/01_CTSM/components/cdeps/fox/wxml/test/test_xml_AddXMLPI_5.f90,13,0,9,0,0,4,0,0.0,1,3.0,0
./models/01_CTSM/components/cdeps/fox/wxml/test/test_xml_AddXMLStylesheet_0.f90,11,0,7,0,0,4,0,0.0,1,1.0,0
./models/01_CTSM/components/cdeps/fox/wxml/test/test_xml_AddXMLStylesheet_1.f90,14,0,10,0,0,4,0,0.0,1,4.0,0
./models/01_CTSM/components/cdeps/fox/wxml/test/test_xml_AddXMLStylesheet_2.f90,14,0,10,0,0,4,0,0.0,1,4.0,0
./models/01_CTSM/components/cdeps/fox/wxml/test/test_xml_AddXMLStylesheet_3.f90,14,0,10,0,0,4,0,0.0,1,4.0,0
./models/01_CTSM/components/cdeps/fox/wxml/test/test_xml_AddXMLStylesheet_4.f90,14,0,10,0,0,4,0,0.0,1,4.0,0
./models/01_CTSM/components/cdeps/fox/wxml/test/test_xml_AddXMLStylesheet_5.f90,14,0,10,0,0,4,0,0.0,1,4.0,0
./models/01_CTSM/components/cdeps/fox/wxml/test/test_xml_Close_1.f90,12,0,8,0,0,4,0,0.0,1,2.0,0
./models/01_CTSM/components/cdeps/fox/wxml/test/test_xml_Close_2.f90,14,0,10,0,0,4,0,0.0,1,4.0,0
./models/01_CTSM/components/cdeps/fox/wxml/test/test_xml_Close_3.f90,11,0,7,0,0,4,0,0.0,1,1.0,0
./models/01_CTSM/components/cdeps/fox/wxml/test/test_xml_Close_4.f90,14,0,10,0,0,4,0,0.0,1,3.0,0
./models/01_CTSM/components/cdeps/fox/wxml/test/test_xml_Close_5.f90,16,0,12,0,0,4,0,0.0,1,5.0,0
./models/01_CTSM/components/cdeps/fox/wxml/test/test_xml_EndElement_0.f90,12,0,8,0,0,4,0,0.0,1,1.0,0
./models/01_CTSM/components/cdeps/fox/wxml/test/test_xml_EndElement_1.f90,14,0,10,0,0,4,0,0.0,1,3.0,0
./models/01_CTSM/components/cdeps/fox/wxml/test/test_xml_EndElement_2.f90,15,0,11,0,0,4,0,0.0,1,4.0,0
./models/01_CTSM/components/cdeps/fox/wxml/test/test_xml_EndElement_3.f90,15,0,11,0,0,4,0,0.0,1,4.0,0
./models/01_CTSM/components/cdeps/fox/wxml/test/test_xml_EndElement_4.f90,16,0,12,0,0,4,0,0.0,1,5.0,0
./models/01_CTSM/components/cdeps/fox/wxml/test/test_xml_EndElement_5.f90,16,0,12,0,0,4,0,0.0,1,5.0,0
./models/01_CTSM/components/cdeps/fox/wxml/test/test_xml_Namespaces_0.f90,12,0,8,0,0,4,0,0.0,1,1.0,0
./models/01_CTSM/components/cdeps/fox/wxml/test/test_xml_Namespaces_1.f90,15,0,11,0,0,4,0,0.0,1,4.0,0
./models/01_CTSM/components/cdeps/fox/wxml/test/test_xml_Namespaces_10.f90,20,0,15,0,0,5,0,0.0,1,8.0,0
./models/01_CTSM/components/cdeps/fox/wxml/test/test_xml_Namespaces_11.f90,22,0,17,0,0,5,0,0.0,1,10.0,0
./models/01_CTSM/components/cdeps/fox/wxml/test/test_xml_Namespaces_12.f90,21,0,16,0,0,5,0,0.0,1,9.0,0
./models/01_CTSM/components/cdeps/fox/wxml/test/test_xml_Namespaces_13.f90,36,0,31,0,0,5,0,0.0,1,24.0,0
./models/01_CTSM/components/cdeps/fox/wxml/test/test_xml_Namespaces_2.f90,15,0,11,0,0,4,0,0.0,1,4.0,0
./models/01_CTSM/components/cdeps/fox/wxml/test/test_xml_Namespaces_3.f90,17,0,13,0,0,4,0,0.0,1,6.0,0
./models/01_CTSM/components/cdeps/fox/wxml/test/test_xml_Namespaces_4.f90,21,0,16,0,0,5,0,0.0,1,9.0,0
./models/01_CTSM/components/cdeps/fox/wxml/test/test_xml_Namespaces_5.f90,20,0,15,0,0,5,0,0.0,1,8.0,0
./models/01_CTSM/components/cdeps/fox/wxml/test/test_xml_Namespaces_6.f90,18,0,13,0,0,5,0,0.0,1,6.0,0
./models/01_CTSM/components/cdeps/fox/wxml/test/test_xml_Namespaces_7.f90,20,0,15,0,0,5,0,0.0,1,8.0,0
./models/01_CTSM/components/cdeps/fox/wxml/test/test_xml_Namespaces_8.f90,21,0,16,0,0,5,0,0.0,1,9.0,0
./models/01_CTSM/components/cdeps/fox/wxml/test/test_xml_Namespaces_9.f90,20,0,15,0,0,5,0,0.0,1,8.0,0
./models/01_CTSM/components/cdeps/fox/wxml/test/test_xml_NewElement_0.f90,12,0,8,0,0,4,0,0.0,1,1.0,0
./models/01_CTSM/components/cdeps/fox/wxml/test/test_xml_NewElement_1.f90,14,0,10,0,0,4,0,0.0,1,3.0,0
./models/01_CTSM/components/cdeps/fox/wxml/test/test_xml_NewElement_2.f90,14,0,10,0,0,4,0,0.0,1,3.0,0
./models/01_CTSM/components/cdeps/fox/wxml/test/test_xml_NewElement_3.f90,16,0,12,0,0,4,0,0.0,1,5.0,0
./models/01_CTSM/components/cdeps/fox/wxml/test/test_xml_NewElement_4.f90,14,0,10,0,0,4,0,0.0,1,3.0,0
./models/01_CTSM/components/cdeps/fox/wxml/test/test_xml_NewElement_5.f90,15,0,11,0,0,4,0,0.0,1,4.0,0
./models/01_CTSM/components/cdeps/fox/wxml/test/test_xml_NewElement_6.f90,16,0,12,0,0,4,0,0.0,1,4.0,0
./models/01_CTSM/components/cdeps/fox/wxml/test/test_xml_NewElement_7.f90,18,0,14,0,0,4,0,0.0,1,6.0,0
./models/01_CTSM/components/cdeps/fox/wxml/test/test_xml_Openfile_1.f90,14,0,8,0,0,6,0,0.0,1,2.0,0
./models/01_CTSM/components/cdeps/fox/wxml/test/test_xml_Openfile_2.f90,14,0,7,1,0,6,1,0.1429,1,1.0,0
./models/01_CTSM/components/cdeps/fox/wxml/test/test_xml_Openfile_3.f90,13,0,7,0,0,6,0,0.0,1,1.0,0
./models/01_CTSM/components/cdeps/fox/wxml/test/test_xml_Openfile_4.f90,14,0,8,0,0,6,0,0.0,1,2.0,0
./models/01_CTSM/components/cdeps/share/glc_elevclass_mod.F90,568,0,287,237,1,78,237,0.8258,12,20.33,1
./models/01_CTSM/components/cdeps/share/nuopc_shr_methods.F90,848,0,605,125,4,147,125,0.2066,13,40.31,1
./models/01_CTSM/components/cdeps/share/shr_abort_mod.F90,122,0,41,46,7,32,46,1.122,2,16.0,1
./models/01_CTSM/components/cdeps/share/shr_cal_mod.F90,1431,0,685,533,0,326,533,0.7781,28,21.11,1
./models/01_CTSM/components/cdeps/share/shr_const_mod.F90,105,0,72,70,0,17,70,0.9722,1,8.0,1
./models/01_CTSM/components/cdeps/share/shr_file_mod.F90,1048,0,472,477,4,206,477,1.0106,17,25.29,1
./models/01_CTSM/components/cdeps/share/shr_is_restart_fh_mod.F90,137,0,81,44,0,20,44,0.5432,3,21.33,1
./models/01_CTSM/components/cdeps/share/shr_kind_mod.F90,20,0,15,15,0,2,15,1.0,0,0.0,1
./models/01_CTSM/components/cdeps/share/shr_log_mod.F90,166,0,66,60,0,42,60,0.9091,5,9.6,1
./models/01_CTSM/components/cdeps/share/shr_nl_mod.F90,88,0,37,33,0,27,33,0.8919,1,29.0,1
./models/01_CTSM/components/cdeps/share/shr_orb_mod.F90,811,0,489,281,2,113,281,0.5746,6,51.67,1
./models/01_CTSM/components/cdeps/share/shr_precip_mod.F90,47,0,16,22,0,11,22,1.375,1,8.0,1
./models/01_CTSM/components/cdeps/share/shr_strconvert_mod.F90,166,0,89,46,0,31,46,0.5169,5,13.6,1
./models/01_CTSM/components/cdeps/share/shr_string_mod.F90,2018,0,874,894,2,449,894,1.0229,31,26.68,1
./models/01_CTSM/components/cdeps/share/shr_sys_mod.F90,330,0,114,122,39,84,122,1.0702,6,15.67,1
./models/01_CTSM/components/cdeps/share/shr_timer_mod.F90,391,0,179,130,0,104,130,0.7263,13,11.0,1
./models/01_CTSM/components/cdeps/streams/dshr_methods_mod.F90,623,0,414,91,4,115,91,0.2198,12,30.83,1
./models/01_CTSM/components/cdeps/streams/dshr_strdata_mod.F90,2181,0,1650,426,11,237,426,0.2582,16,87.0,1
./models/01_CTSM/components/cdeps/streams/dshr_stream_mod.F90,2090,0,1501,481,14,282,481,0.3205,18,80.72,1
./models/01_CTSM/components/cdeps/streams/dshr_tinterp_mod.F90,327,0,232,108,0,47,108,0.4655,3,67.33,1
./models/01_CTSM/components/cism/drivers/cpl/nuopc/glc_comp_nuopc.F90,864,0,568,205,4,147,205,0.3609,7,70.71,1
./models/01_CTSM/components/cism/drivers/cpl/nuopc/glc_import_export.F90,815,0,540,129,1,152,129,0.2389,11,39.91,1
./models/01_CTSM/components/cism/drivers/cpl/nuopc/history_tape_coupler.F90,112,0,52,41,0,21,41,0.7885,3,11.67,1
./models/01_CTSM/components/cism/mpi/glc_broadcast.F90,1085,18,315,550,0,311,550,1.746,18,11.56,1
./models/01_CTSM/components/cism/mpi/glc_communicate.F90,313,4,69,180,0,83,180,2.6087,5,7.8,1
./models/01_CTSM/components/cism/serial/glc_boundary.F90,2285,0,1260,838,0,394,838,0.6651,11,91.64,1
./models/01_CTSM/components/cism/serial/glc_broadcast.F90,684,0,133,419,0,166,419,3.1504,17,4.0,1
./models/01_CTSM/components/cism/serial/glc_communicate.F90,538,5,201,239,27,114,239,1.1891,6,20.67,1
./models/01_CTSM/components/cism/serial/glc_gather_scatter.F90,879,0,434,340,0,195,340,0.7834,6,53.0,1
./models/01_CTSM/components/cism/serial/glc_global_reductions.F90,1723,0,924,615,0,317,615,0.6656,22,30.18,1
./models/01_CTSM/components/cism/serial/glc_timers.F90,926,0,386,381,0,213,381,0.987,9,28.56,1
./models/01_CTSM/components/cism/source_glc/glc_constants.F90,122,1,36,60,0,32,60,1.6667,0,0.0,1
./models/01_CTSM/components/cism/source_glc/glc_coupling_flags.F90,102,0,31,38,0,33,38,1.2258,2,10.0,1
./models/01_CTSM/components/cism/source_glc/glc_ensemble.F90,189,0,71,91,0,33,91,1.2817,4,14.25,1
./models/01_CTSM/components/cism/source_glc/glc_exit_mod.F90,151,0,52,65,0,39,65,1.25,2,18.0,1
./models/01_CTSM/components/cism/source_glc/glc_fields.F90,200,0,67,93,0,55,93,1.3881,3,11.33,1
./models/01_CTSM/components/cism/source_glc/glc_files.F90,118,0,41,60,0,19,60,1.4634,2,14.5,1
./models/01_CTSM/components/cism/source_glc/glc_FinalMod.F90,102,0,17,62,0,23,62,3.6471,1,5.0,1
./models/01_CTSM/components/cism/source_glc/glc_history.F90,154,0,61,76,0,24,76,1.2459,3,11.67,1
./models/01_CTSM/components/cism/source_glc/glc_indexing.F90,383,0,158,175,1,74,175,1.1076,13,9.31,1
./models/01_CTSM/components/cism/source_glc/glc_InitMod.F90,548,0,287,177,0,104,177,0.6167,2,108.5,1
./models/01_CTSM/components/cism/source_glc/glc_io.F90,665,0,412,202,0,101,202,0.4903,5,74.4,1
./models/01_CTSM/components/cism/source_glc/glc_kinds_mod.F90,44,0,17,21,0,6,21,1.2353,0,0.0,1
./models/01_CTSM/components/cism/source_glc/glc_override_frac.F90,318,0,148,129,1,55,129,0.8716,7,17.57,1
./models/01_CTSM/components/cism/source_glc/glc_route_ice_runoff.F90,204,0,74,73,1,60,73,0.9865,4,14.0,1
./models/01_CTSM/components/cism/source_glc/glc_RunMod.F90,262,0,92,120,0,60,120,1.3043,2,25.5,1
./models/01_CTSM/components/cism/source_glc/glc_time_management.F90,4103,0,1794,1723,0,903,1723,0.9604,39,31.62,1
./models/01_CTSM/components/cism/source_glc/history_tape_base.F90,202,0,85,79,0,44,79,0.9294,4,11.25,1
./models/01_CTSM/components/cism/source_glc/history_tape_standard.F90,150,0,70,58,0,27,58,0.8286,3,15.0,1
./models/01_CTSM/components/cism/source_glc/POP_files/exit_mod.F90,155,0,52,69,0,39,69,1.3269,2,18.0,1
./models/01_CTSM/components/cism/source_glc/POP_files/forcing_coupled.F90,1932,0,1015,658,10,368,658,0.6483,7,94.0,1
./models/01_CTSM/components/cism/source_glc/POP_files/grid.F90,2860,0,1422,1063,0,569,1063,0.7475,19,54.53,1
./models/01_CTSM/components/cism/source_glc/POP_files/io.F90,206,0,74,82,0,51,82,1.1081,1,55.0,1
./models/01_CTSM/components/cism/source_glc/POP_files/io_binary.F90,2151,0,990,798,0,490,798,0.8061,18,42.94,1
./models/01_CTSM/components/cism/source_glc/POP_files/io_ccsm.F90,235,0,114,76,0,50,76,0.6667,1,32.0,1
./models/01_CTSM/components/cism/source_glc/POP_files/io_netcdf.F90,2955,0,1674,819,0,617,819,0.4892,13,94.46,1
./models/01_CTSM/components/cism/source_glc/POP_files/io_tools.F90,230,0,66,111,0,53,111,1.6818,5,10.0,1
./models/01_CTSM/components/cism/source_glc/POP_files/io_types.F90,3436,0,1607,1247,0,789,1247,0.776,28,42.0,1
./models/01_CTSM/components/cism/source_glc/POP_files/output.F90,165,0,43,88,0,38,88,2.0465,2,12.0,1
./models/01_CTSM/components/cism/source_glc/POP_files/POP.F90,160,0,62,61,6,37,61,0.9839,1,29.0,0
./models/01_CTSM/components/cism/source_glc/POP_files/POP_ErrorMod.F90,247,0,84,112,0,61,112,1.3333,2,29.0,1
./models/01_CTSM/components/cism/source_glc/POP_files/POP_FinalMod.F90,126,0,24,76,0,27,76,3.1667,1,10.0,1
./models/01_CTSM/components/cism/source_glc/POP_files/POP_InitMod.F90,102,0,16,63,0,24,63,3.9375,1,5.0,1
./models/01_CTSM/components/cism/source_glc/POP_files/POP_IOUnitsMod.F90,283,0,73,157,0,67,157,2.1507,3,15.0,1
./models/01_CTSM/components/cism/source_glc/POP_files/POP_KindsMod.F90,53,0,12,32,0,9,32,2.6667,0,0.0,1
./models/01_CTSM/components/cism/source_glc/POP_files/registry.F90,224,0,83,80,0,71,80,0.9639,6,8.5,1
./models/01_CTSM/components/cism/source_glc/POP_files/step_mod.F90,681,0,329,240,0,143,240,0.7295,1,196.0,1
./models/01_CTSM/components/cism/source_glc/POP_files/time_management.F90,4656,0,2191,1841,0,1003,1841,0.8403,39,38.62,1
./models/01_CTSM/components/cism/source_glc/POP_files/xdisplay.F90,216,0,77,96,0,48,96,1.2468,3,15.0,1
./models/01_CTSM/components/cism/test/unit/time_management/glc_time_management_test.F90,39,0,16,12,0,11,12,0.75,1,9.0,0
./models/01_CTSM/components/cism/test/unit/time_management/glc_time_management_test_mod.F90,276,0,199,39,0,45,39,0.196,5,35.0,1
./models/01_CTSM/components/cism/test/unit/unit_test_replacements/glc_communicate.F90,30,0,18,2,0,10,2,0.1111,2,4.0,1
./models/01_CTSM/components/cism/test/unit/unit_test_replacements/glc_files.F90,11,0,6,2,0,3,2,0.3333,0,0.0,1
./models/01_CTSM/components/cism/test/unit/unit_test_replacements/shr_sys_mod.F90,87,0,33,27,3,29,27,0.8182,2,11.5,1
./models/01_CTSM/components/cism/test/unit/unit_test_shr/writevar_mod.F90,76,0,50,29,0,17,29,0.58,5,7.0,1
./models/01_CTSM/lilac/atm_driver/atm_driver.F90,654,0,410,148,1,110,148,0.361,5,64.2,0
./models/01_CTSM/lilac/src/ctsm_LilacAtm2LndFieldListType.F90,514,0,231,216,5,91,216,0.9351,14,13.0,1
./models/01_CTSM/lilac/src/ctsm_LilacCouplingFieldIndices.F90,83,0,60,15,0,8,15,0.25,0,0.0,1
./models/01_CTSM/lilac/src/ctsm_LilacCouplingFields.F90,295,0,159,99,0,41,99,0.6226,6,14.5,1
./models/01_CTSM/lilac/src/ctsm_LilacLnd2AtmFieldListType.F90,357,0,147,150,5,69,150,1.0204,10,11.1,1
./models/01_CTSM/lilac/src/lilac_atmaero.F90,278,0,199,56,0,43,56,0.2814,2,66.5,1
./models/01_CTSM/lilac/src/lilac_atmcap.F90,319,0,191,64,0,70,64,0.3351,5,32.6,1
./models/01_CTSM/lilac/src/lilac_constants.F90,18,0,14,4,0,4,4,0.2857,0,0.0,1
./models/01_CTSM/lilac/src/lilac_cpl.F90,602,0,362,78,0,165,78,0.2155,17,19.18,1
./models/01_CTSM/lilac/src/lilac_driver_pio_mod.F90,774,0,576,95,13,98,95,0.1649,9,55.44,1
./models/01_CTSM/lilac/src/lilac_history.F90,306,0,212,64,0,56,64,0.3019,2,88.0,1
./models/01_CTSM/lilac/src/lilac_io.F90,1770,0,1244,349,0,292,349,0.2805,28,41.21,1
./models/01_CTSM/lilac/src/lilac_methods.F90,1704,0,1139,187,3,378,187,0.1642,27,38.74,1
./models/01_CTSM/lilac/src/lilac_mod.F90,769,0,489,170,0,126,170,0.3476,4,103.75,1
./models/01_CTSM/lilac/src/lilac_time.F90,545,0,354,145,0,104,145,0.4096,4,78.25,1
./models/01_CTSM/lilac/stub_rof/rof_comp_esmf.F90,30,0,12,10,0,10,10,0.8333,1,5.0,1
./models/01_CTSM/src/biogeochem/ch4Mod.F90,4450,0,3203,1419,1,596,1419,0.443,19,130.79,1
./models/01_CTSM/src/biogeochem/ch4varcon.F90,192,0,102,76,0,35,76,0.7451,1,66.0,1
./models/01_CTSM/src/biogeochem/CNAllocationMod.F90,553,0,358,234,1,68,234,0.6536,4,57.25,1
./models/01_CTSM/src/biogeochem/CNAnnualUpdateMod.F90,119,0,75,34,0,18,34,0.4533,1,53.0,1
./models/01_CTSM/src/biogeochem/CNBalanceCheckMod.F90,769,0,519,238,0,112,238,0.4586,6,58.17,1
./models/01_CTSM/src/biogeochem/CNC14DecayMod.F90,222,0,177,84,0,17,84,0.4746,1,101.0,1
./models/01_CTSM/src/biogeochem/CNCIsoAtmTimeSeriesReadMod.F90,319,0,201,128,0,45,128,0.6368,5,33.0,1
./models/01_CTSM/src/biogeochem/CNCIsoFluxMod.F90,1936,0,1438,360,1,308,360,0.2503,12,44.92,1
./models/01_CTSM/src/biogeochem/CNCStateUpdate1Mod.F90,622,0,450,159,0,64,159,0.3533,3,121.33,1
./models/01_CTSM/src/biogeochem/CNCStateUpdate2Mod.F90,473,0,294,158,0,48,158,0.5374,3,59.0,1
./models/01_CTSM/src/biogeochem/CNCStateUpdate3Mod.F90,235,0,162,69,0,17,69,0.4259,1,88.0,1
./models/01_CTSM/src/biogeochem/CNDriverMod.F90,1334,0,979,242,0,167,242,0.2472,5,109.0,1
./models/01_CTSM/src/biogeochem/CNDVDriverMod.F90,469,0,285,135,0,89,135,0.4737,4,52.0,1
./models/01_CTSM/src/biogeochem/CNDVEstablishmentMod.F90,454,0,272,164,0,79,164,0.6029,1,220.0,1
./models/01_CTSM/src/biogeochem/CNDVLightMod.F90,232,0,148,73,0,43,73,0.4932,1,116.0,1
./models/01_CTSM/src/biogeochem/CNDVType.F90,527,0,313,193,1,68,193,0.6166,8,30.5,1
./models/01_CTSM/src/biogeochem/CNFireBaseMod.F90,1365,0,1073,492,1,99,492,0.4585,9,63.11,1
./models/01_CTSM/src/biogeochem/CNFireEmissionsMod.F90,387,0,252,112,0,65,112,0.4444,5,38.0,1
./models/01_CTSM/src/biogeochem/CNFireFactoryMod.F90,150,0,83,51,0,22,51,0.6145,3,22.33,1
./models/01_CTSM/src/biogeochem/CNFireLi2014Mod.F90,1500,0,1185,552,1,97,552,0.4658,3,210.33,1
./models/01_CTSM/src/biogeochem/CNFireLi2016Mod.F90,667,0,480,246,1,53,246,0.5125,2,154.5,1
./models/01_CTSM/src/biogeochem/CNFireLi2021Mod.F90,669,0,483,246,1,52,246,0.5093,2,154.5,1
./models/01_CTSM/src/biogeochem/CNFireLi2024Mod.F90,666,0,482,244,1,52,244,0.5062,2,154.0,1
./models/01_CTSM/src/biogeochem/CNFireNoFireMod.F90,172,0,113,64,1,18,64,0.5664,3,20.0,1
./models/01_CTSM/src/biogeochem/CNFUNMod.F90,1921,0,1218,869,0,241,869,0.7135,9,111.33,1
./models/01_CTSM/src/biogeochem/CNGapMortalityMod.F90,587,0,416,227,1,70,227,0.5457,4,60.0,1
./models/01_CTSM/src/biogeochem/CNGRespMod.F90,217,0,155,94,0,38,94,0.6065,1,65.0,1
./models/01_CTSM/src/biogeochem/CNMRespMod.F90,301,0,176,119,0,53,119,0.6761,3,39.67,1
./models/01_CTSM/src/biogeochem/CNNDynamicsMod.F90,465,0,285,163,0,75,163,0.5719,6,34.83,1
./models/01_CTSM/src/biogeochem/CNNStateUpdate1Mod.F90,487,0,292,179,0,51,179,0.613,2,115.0,1
./models/01_CTSM/src/biogeochem/CNNStateUpdate2Mod.F90,455,0,284,154,0,44,154,0.5423,3,57.33,1
./models/01_CTSM/src/biogeochem/CNNStateUpdate3Mod.F90,295,0,188,97,0,32,97,0.516,2,55.0,1
./models/01_CTSM/src/biogeochem/CNPhenologyMod.F90,4502,0,3140,1872,1,525,1872,0.5962,26,80.27,1
./models/01_CTSM/src/biogeochem/CNPrecisionControlMod.F90,878,0,626,200,1,87,200,0.3195,6,72.0,1
./models/01_CTSM/src/biogeochem/CNProductsMod.F90,888,0,552,229,1,150,229,0.4149,11,31.55,1
./models/01_CTSM/src/biogeochem/CNSharedParamsMod.F90,225,0,137,67,0,48,67,0.4891,4,26.25,1
./models/01_CTSM/src/biogeochem/CNSpeciesMod.F90,68,0,25,35,0,11,35,1.4,1,15.0,1
./models/01_CTSM/src/biogeochem/CNVegCarbonFluxType.F90,5566,0,4492,712,1,818,712,0.1585,12,238.58,1
./models/01_CTSM/src/biogeochem/CNVegCarbonStateType.F90,4878,0,3921,463,1,737,463,0.1181,11,234.73,1
./models/01_CTSM/src/biogeochem/CNVegComputeSeedMod.F90,263,0,160,83,1,43,83,0.5188,3,39.67,1
./models/01_CTSM/src/biogeochem/CNVegetationFacade.F90,1678,0,994,593,1,201,593,0.5966,28,22.61,1
./models/01_CTSM/src/biogeochem/CNVegMatrixMod.F90,3851,0,3217,775,5,235,775,0.2409,8,282.0,1
./models/01_CTSM/src/biogeochem/CNVegNitrogenFluxType.F90,2755,0,2245,500,0,368,500,0.2227,10,163.6,1
./models/01_CTSM/src/biogeochem/CNVegNitrogenStateType.F90,2596,0,2042,399,1,372,399,0.1954,12,121.75,1
./models/01_CTSM/src/biogeochem/CNVegStateType.F90,917,0,689,170,0,138,170,0.2467,5,92.6,1
./models/01_CTSM/src/biogeochem/CNVegStructUpdateMod.F90,326,0,192,134,0,59,134,0.6979,1,127.0,1
./models/01_CTSM/src/biogeochem/CropReprPoolsMod.F90,190,0,84,100,1,22,100,1.1905,4,15.5,1
./models/01_CTSM/src/biogeochem/CropType.F90,1017,0,689,282,1,121,282,0.4093,12,43.83,1
./models/01_CTSM/src/biogeochem/DryDepVelocity.F90,685,0,422,221,0,99,221,0.5237,4,88.5,1
./models/01_CTSM/src/biogeochem/DustEmisBase.F90,813,0,497,342,1,124,342,0.6881,11,34.45,1
./models/01_CTSM/src/biogeochem/DustEmisFactory.F90,69,0,33,24,0,13,24,0.7273,1,20.0,1
./models/01_CTSM/src/biogeochem/DustEmisLeung2023.F90,886,0,574,351,0,115,351,0.6115,9,49.67,1
./models/01_CTSM/src/biogeochem/DustEmisZender2003.F90,470,0,267,153,0,85,153,0.573,7,29.29,1
./models/01_CTSM/src/biogeochem/dynCNDVMod.F90,110,0,57,55,0,15,55,0.9649,2,22.0,1
./models/01_CTSM/src/biogeochem/dynConsBiogeochemMod.F90,867,0,677,136,0,97,136,0.2009,2,256.5,1
./models/01_CTSM/src/biogeochem/FATESFireBase.F90,256,0,143,116,0,23,116,0.8112,3,25.0,1
./models/01_CTSM/src/biogeochem/FATESFireDataMod.F90,202,0,100,82,1,31,82,0.82,6,12.67,1
./models/01_CTSM/src/biogeochem/FATESFireFactoryMod.F90,121,0,66,51,0,12,51,0.7727,1,44.0,1
./models/01_CTSM/src/biogeochem/FATESFireNoDataMod.F90,170,0,67,83,1,26,83,1.2388,7,5.86,1
./models/01_CTSM/src/biogeochem/FireEmisFactorsMod.F90,268,0,138,100,0,44,100,0.7246,5,23.6,1
./models/01_CTSM/src/biogeochem/MEGANFactorsMod.F90,307,0,186,89,0,58,89,0.4785,5,30.4,1
./models/01_CTSM/src/biogeochem/NutrientCompetitionCLM45defaultMod.F90,727,0,507,275,1,86,275,0.5424,6,55.33,1
./models/01_CTSM/src/biogeochem/NutrientCompetitionFactoryMod.F90,87,0,40,32,0,17,32,0.8,1,26.0,1
./models/01_CTSM/src/biogeochem/NutrientCompetitionFlexibleCNMod.F90,1685,0,1219,485,1,203,485,0.3979,10,86.6,1
./models/01_CTSM/src/biogeochem/NutrientCompetitionMethodMod.F90,159,0,91,55,0,17,55,0.6044,0,0.0,1
./models/01_CTSM/src/biogeochem/SatellitePhenologyMod.F90,555,0,357,207,1,78,207,0.5798,6,48.67,1
./models/01_CTSM/src/biogeochem/SpeciesBaseType.F90,78,0,37,29,0,15,29,0.7838,0,0.0,1
./models/01_CTSM/src/biogeochem/SpeciesIsotopeType.F90,147,0,80,47,0,28,47,0.5875,5,10.0,1
./models/01_CTSM/src/biogeochem/SpeciesNonIsotopeType.F90,136,0,69,44,0,28,44,0.6377,5,8.6,1
./models/01_CTSM/src/biogeochem/VOCEmissionMod.F90,1157,0,729,417,0,162,417,0.572,13,45.77,1
./models/01_CTSM/src/biogeophys/ActiveLayerMod.F90,350,0,214,117,0,53,117,0.5467,6,26.33,1
./models/01_CTSM/src/biogeophys/AerosolMod.F90,803,0,578,235,1,116,235,0.4066,9,48.0,1
./models/01_CTSM/src/biogeophys/BalanceCheckMod.F90,1065,0,749,342,1,134,342,0.4566,8,57.62,1
./models/01_CTSM/src/biogeophys/BandDiagonalMod.F90,223,0,72,144,1,24,144,2.0,1,60.0,1
./models/01_CTSM/src/biogeophys/BareGroundFluxesMod.F90,525,0,384,223,0,72,223,0.5807,2,113.0,1
./models/01_CTSM/src/biogeophys/BiogeophysPreFluxCalcsMod.F90,407,0,285,121,1,56,121,0.4246,3,57.33,1
./models/01_CTSM/src/biogeophys/CanopyFluxesMod.F90,1761,0,1207,673,1,258,673,0.5576,3,271.0,1
./models/01_CTSM/src/biogeophys/CanopyHydrologyMod.F90,1191,0,781,371,1,148,371,0.475,15,33.2,1
./models/01_CTSM/src/biogeophys/CanopyStateType.F90,672,0,452,153,0,117,153,0.3385,10,33.2,1
./models/01_CTSM/src/biogeophys/DaylengthMod.F90,214,0,99,107,1,36,107,1.0808,4,15.75,1
./models/01_CTSM/src/biogeophys/EnergyFluxType.F90,1053,0,769,245,1,141,245,0.3186,8,70.88,1
./models/01_CTSM/src/biogeophys/FrictionVelocityMod.F90,1200,0,878,346,1,136,346,0.3941,14,47.36,1
./models/01_CTSM/src/biogeophys/GlacierSurfaceMassBalanceMod.F90,359,0,138,198,1,52,198,1.4348,4,22.5,1
./models/01_CTSM/src/biogeophys/HillslopeHydrologyMod.F90,1148,0,799,267,1,152,267,0.3342,10,69.9,1
./models/01_CTSM/src/biogeophys/HillslopeHydrologyUtilsMod.F90,85,0,55,18,1,11,18,0.3273,1,40.0,1
./models/01_CTSM/src/biogeophys/HumanIndexMod.F90,1390,0,670,797,0,130,797,1.1896,17,31.41,1
./models/01_CTSM/src/biogeophys/HydrologyDrainageMod.F90,244,0,180,69,0,32,69,0.3833,1,94.0,1
./models/01_CTSM/src/biogeophys/HydrologyNoDrainageMod.F90,727,0,497,201,0,100,201,0.4044,3,115.33,1
./models/01_CTSM/src/biogeophys/InfiltrationExcessRunoffMod.F90,306,0,145,123,1,55,123,0.8483,7,13.29,1
./models/01_CTSM/src/biogeophys/IrrigationMod.F90,1786,0,1003,659,1,241,659,0.657,24,31.08,1
./models/01_CTSM/src/biogeophys/LakeCon.F90,179,0,48,108,0,34,108,2.25,1,16.0,1
./models/01_CTSM/src/biogeophys/LakeFluxesMod.F90,800,0,544,334,0,122,334,0.614,2,201.0,1
./models/01_CTSM/src/biogeophys/LakeHydrologyMod.F90,760,0,474,291,1,103,291,0.6139,2,164.0,1
./models/01_CTSM/src/biogeophys/LakeStateType.F90,297,0,179,98,0,43,98,0.5475,5,27.4,1
./models/01_CTSM/src/biogeophys/LakeTemperatureMod.F90,1499,0,967,554,1,190,554,0.5729,3,270.0,1
./models/01_CTSM/src/biogeophys/LunaMod.F90,1409,0,1060,665,1,147,665,0.6274,18,48.83,1
./models/01_CTSM/src/biogeophys/OzoneBaseMod.F90,168,0,101,59,0,30,59,0.5842,2,17.5,1
./models/01_CTSM/src/biogeophys/OzoneFactoryMod.F90,53,0,23,22,0,10,22,0.9565,1,15.0,1
./models/01_CTSM/src/biogeophys/OzoneMod.F90,784,0,434,333,1,119,333,0.7673,12,25.33,1
./models/01_CTSM/src/biogeophys/OzoneOffMod.F90,141,0,75,49,1,29,49,0.6533,5,10.0,1
./models/01_CTSM/src/biogeophys/PhotosynthesisMod.F90,5233,0,3753,1868,3,671,1868,0.4977,33,93.85,1
./models/01_CTSM/src/biogeophys/QSatMod.F90,129,0,90,40,0,11,40,0.4444,1,42.0,1
./models/01_CTSM/src/biogeophys/RootBiophysMod.F90,328,0,199,110,1,48,110,0.5528,5,34.6,1
./models/01_CTSM/src/biogeophys/SaturatedExcessRunoffMod.F90,410,0,206,160,1,71,160,0.7767,8,17.75,1
./models/01_CTSM/src/biogeophys/SnowCoverFractionBaseMod.F90,163,0,104,59,1,28,59,0.5673,1,34.0,1
./models/01_CTSM/src/biogeophys/SnowCoverFractionFactoryMod.F90,104,0,64,31,0,12,31,0.4844,1,31.0,1
./models/01_CTSM/src/biogeophys/SnowCoverFractionNiuYang2007Mod.F90,255,0,138,99,1,42,99,0.7174,6,15.83,1
./models/01_CTSM/src/biogeophys/SnowCoverFractionSwensonLawrence2012Mod.F90,470,0,272,162,1,77,162,0.5956,9,22.33,1
./models/01_CTSM/src/biogeophys/SnowHydrologyMod.F90,4070,0,2664,1364,1,569,1364,0.512,43,47.4,1
./models/01_CTSM/src/biogeophys/SnowSnicarMod.F90,2264,0,1490,957,1,244,957,0.6423,7,184.57,1
./models/01_CTSM/src/biogeophys/SoilFluxesMod.F90,521,0,362,174,0,69,174,0.4807,1,236.0,1
./models/01_CTSM/src/biogeophys/SoilHydrologyInitTimeConstMod.F90,461,0,314,150,0,55,150,0.4777,5,54.8,1
./models/01_CTSM/src/biogeophys/SoilHydrologyMod.F90,2910,0,1967,954,1,418,954,0.485,20,79.1,1
./models/01_CTSM/src/biogeophys/SoilHydrologyType.F90,373,0,241,124,0,52,124,0.5145,6,32.83,1
./models/01_CTSM/src/biogeophys/SoilMoistStressMod.F90,516,0,310,215,1,63,215,0.6935,8,30.62,1
./models/01_CTSM/src/biogeophys/SoilStateInitTimeConstMod.F90,835,0,500,296,0,118,296,0.592,7,61.29,1
./models/01_CTSM/src/biogeophys/SoilStateType.F90,396,0,288,108,0,53,108,0.375,5,43.6,1
./models/01_CTSM/src/biogeophys/SoilTemperatureMod.F90,2994,0,2071,1107,1,370,1107,0.5345,16,98.94,1
./models/01_CTSM/src/biogeophys/SoilWaterMovementMod.F90,2210,0,1311,839,1,344,839,0.64,14,77.21,1
./models/01_CTSM/src/biogeophys/SoilWaterPlantSinkMod.F90,427,0,290,123,0,54,123,0.4241,4,59.5,1
./models/01_CTSM/src/biogeophys/SoilWaterRetentionCurveClappHornberg1978Mod.F90,162,0,80,77,0,29,77,0.9625,4,12.5,1
./models/01_CTSM/src/biogeophys/SoilWaterRetentionCurveFactoryMod.F90,71,0,32,28,0,14,28,0.875,1,18.0,1
./models/01_CTSM/src/biogeophys/SoilWaterRetentionCurveMod.F90,111,0,54,58,0,14,58,1.0741,0,0.0,1
./models/01_CTSM/src/biogeophys/SoilWaterRetentionCurveVanGenuchten1980Mod.F90,162,0,79,77,0,30,77,0.9747,4,12.5,1
./models/01_CTSM/src/biogeophys/SolarAbsorbedType.F90,492,0,371,103,0,65,103,0.2776,5,46.6,1
./models/01_CTSM/src/biogeophys/SurfaceAlbedoMod.F90,1816,0,1252,610,1,230,610,0.4872,6,153.17,1
./models/01_CTSM/src/biogeophys/SurfaceAlbedoType.F90,925,0,750,120,1,116,120,0.16,5,94.0,1
./models/01_CTSM/src/biogeophys/SurfaceHumidityMod.F90,241,0,176,78,1,34,78,0.4432,1,115.0,1
./models/01_CTSM/src/biogeophys/SurfaceRadiationMod.F90,1027,0,752,344,0,130,344,0.4574,6,90.17,1
./models/01_CTSM/src/biogeophys/SurfaceResistanceMod.F90,446,0,253,173,1,54,173,0.6838,7,28.29,1
./models/01_CTSM/src/biogeophys/SurfaceWaterMod.F90,558,0,328,217,1,79,217,0.6616,7,30.57,1
./models/01_CTSM/src/biogeophys/TemperatureType.F90,1819,0,1313,375,1,264,375,0.2856,11,91.0,1
./models/01_CTSM/src/biogeophys/TotalWaterAndHeatMod.F90,1334,0,720,598,1,185,598,0.8306,14,34.93,1
./models/01_CTSM/src/biogeophys/TridiagonalMod.F90,93,0,60,32,1,12,32,0.5333,1,52.0,1
./models/01_CTSM/src/biogeophys/UrbanAlbedoMod.F90,1322,0,968,451,1,158,451,0.4659,5,155.6,1
./models/01_CTSM/src/biogeophys/UrbanFluxesMod.F90,1143,0,820,397,0,158,397,0.4841,5,119.8,1
./models/01_CTSM/src/biogeophys/UrbanParamsType.F90,957,0,678,238,0,113,238,0.351,6,84.5,1
./models/01_CTSM/src/biogeophys/UrbanRadiationMod.F90,715,0,529,242,1,99,242,0.4575,2,200.5,1
./models/01_CTSM/src/biogeophys/UrbBuildTempOleson2015Mod.F90,966,0,660,330,1,84,330,0.5,1,325.0,1
./models/01_CTSM/src/biogeophys/Wateratm2lndBulkType.F90,514,0,307,136,1,90,136,0.443,9,28.0,1
./models/01_CTSM/src/biogeophys/Wateratm2lndType.F90,453,0,285,105,1,75,105,0.3684,10,18.3,1
./models/01_CTSM/src/biogeophys/WaterBalanceType.F90,257,0,170,62,1,39,62,0.3647,4,16.25,1
./models/01_CTSM/src/biogeophys/WaterDiagnosticBulkType.F90,1257,0,908,300,1,151,300,0.3304,13,40.92,1
./models/01_CTSM/src/biogeophys/WaterDiagnosticType.F90,381,0,235,106,1,61,106,0.4511,6,18.5,1
./models/01_CTSM/src/biogeophys/WaterFluxBulkType.F90,400,0,245,119,0,71,119,0.4857,8,21.88,1
./models/01_CTSM/src/biogeophys/WaterFluxType.F90,967,0,790,138,0,113,138,0.1747,5,53.8,1
./models/01_CTSM/src/biogeophys/WaterInfoBaseType.F90,106,0,57,24,0,26,24,0.4211,2,5.0,1
./models/01_CTSM/src/biogeophys/WaterInfoBulkType.F90,123,0,55,51,0,24,51,0.9273,6,5.67,1
./models/01_CTSM/src/biogeophys/WaterInfoIsotopeType.F90,61,0,28,26,0,9,26,0.9286,1,8.0,1
./models/01_CTSM/src/biogeophys/WaterInfoTracerType.F90,157,0,67,68,0,31,68,1.0149,6,7.0,1
./models/01_CTSM/src/biogeophys/Waterlnd2atmBulkType.F90,119,0,48,46,1,26,46,0.9583,4,7.0,1
./models/01_CTSM/src/biogeophys/Waterlnd2atmType.F90,206,0,131,57,1,31,57,0.4351,4,12.5,1
./models/01_CTSM/src/biogeophys/WaterStateBulkType.F90,248,0,149,68,1,42,68,0.4564,5,18.0,1
./models/01_CTSM/src/biogeophys/WaterStateType.F90,952,0,721,201,3,92,201,0.2788,7,70.0,1
./models/01_CTSM/src/biogeophys/WaterTracerContainerType.F90,299,0,122,132,6,49,132,1.082,9,8.89,1
./models/01_CTSM/src/biogeophys/WaterTracerUtils.F90,441,0,274,149,1,51,149,0.5438,8,26.88,1
./models/01_CTSM/src/biogeophys/WaterType.F90,1082,0,598,348,1,189,348,0.5819,20,19.05,1
./models/01_CTSM/src/cpl/lilac/lnd_comp_esmf.F90,889,0,491,291,6,181,291,0.5927,7,63.57,1
./models/01_CTSM/src/cpl/lilac/lnd_comp_shr.F90,15,0,9,4,0,5,4,0.4444,0,0.0,1
./models/01_CTSM/src/cpl/lilac/lnd_import_export.F90,727,0,441,169,0,136,169,0.3832,6,57.17,1
./models/01_CTSM/src/cpl/lilac/lnd_shr_methods.F90,218,0,160,21,0,39,21,0.1313,3,45.33,1
./models/01_CTSM/src/cpl/nuopc/lnd_comp_nuopc.F90,1360,0,904,352,8,218,352,0.3894,10,77.0,1
./models/01_CTSM/src/cpl/nuopc/lnd_comp_shr.F90,16,0,10,4,0,5,4,0.4,0,0.0,1
./models/01_CTSM/src/cpl/nuopc/lnd_import_export.F90,1368,0,1000,243,0,179,243,0.243,14,58.71,1
./models/01_CTSM/src/cpl/share_esmf/ch4FInundatedStreamType.F90,385,0,274,113,1,39,113,0.4124,5,43.2,1
./models/01_CTSM/src/cpl/share_esmf/cropcalStreamMod.F90,838,0,651,170,1,78,170,0.2611,3,149.33,1
./models/01_CTSM/src/cpl/share_esmf/ExcessIceStreamType.F90,325,0,220,95,1,39,95,0.4318,5,34.0,1
./models/01_CTSM/src/cpl/share_esmf/FireDataBaseType.F90,605,0,402,206,1,60,206,0.5124,9,32.78,1
./models/01_CTSM/src/cpl/share_esmf/laiStreamMod.F90,272,0,194,82,1,24,82,0.4227,3,47.33,1
./models/01_CTSM/src/cpl/share_esmf/lnd_set_decomp_and_domain.F90,982,0,705,179,6,136,179,0.2539,12,54.33,1
./models/01_CTSM/src/cpl/share_esmf/ndepStreamMod.F90,271,0,196,72,0,31,72,0.3673,3,48.33,1
./models/01_CTSM/src/cpl/share_esmf/PrigentRoughnessStreamType.F90,356,0,232,113,0,43,113,0.4871,6,28.83,1
./models/01_CTSM/src/cpl/share_esmf/SoilMoistureStreamMod.F90,380,0,269,110,1,39,110,0.4089,3,62.67,1
./models/01_CTSM/src/cpl/share_esmf/UrbanTimeVarType.F90,340,0,251,92,0,28,92,0.3665,3,63.0,1
./models/01_CTSM/src/cpl/share_esmf/ZenderSoilErodStreamType.F90,368,0,228,128,1,48,128,0.5614,5,35.0,1
./models/01_CTSM/src/cpl/utils/lnd_import_export_utils.F90,173,0,102,50,0,41,50,0.4902,3,25.33,1
./models/01_CTSM/src/dyn_subgrid/dynColumnStateUpdaterMod.F90,951,0,400,427,1,137,427,1.0675,9,33.0,1
./models/01_CTSM/src/dyn_subgrid/dynColumnTemplateMod.F90,167,0,59,88,1,29,88,1.4915,2,21.0,1
./models/01_CTSM/src/dyn_subgrid/dynConsBiogeophysMod.F90,794,0,490,248,1,110,248,0.5061,9,30.56,1
./models/01_CTSM/src/dyn_subgrid/dyncropFileMod.F90,219,0,116,89,1,31,89,0.7672,2,38.5,1
./models/01_CTSM/src/dyn_subgrid/dynEDMod.F90,43,0,25,14,0,7,14,0.56,1,14.0,1
./models/01_CTSM/src/dyn_subgrid/dynFATESLandUseChangeMod.F90,277,0,175,68,1,50,68,0.3886,2,49.0,1
./models/01_CTSM/src/dyn_subgrid/dynFileMod.F90,92,0,41,42,0,16,42,1.0244,1,22.0,1
./models/01_CTSM/src/dyn_subgrid/dynGrossUnrepMod.F90,618,0,432,252,1,72,252,0.5833,4,47.75,1
./models/01_CTSM/src/dyn_subgrid/dynHarvestMod.F90,781,0,553,321,1,78,321,0.5805,5,50.0,1
./models/01_CTSM/src/dyn_subgrid/dynInitColumnsMod.F90,265,0,126,120,1,41,120,0.9524,5,19.4,1
./models/01_CTSM/src/dyn_subgrid/dynlakeFileMod.F90,130,0,55,63,1,21,63,1.1455,2,15.0,1
./models/01_CTSM/src/dyn_subgrid/dynLandunitAreaMod.F90,166,0,73,74,1,28,74,1.0137,2,26.5,1
./models/01_CTSM/src/dyn_subgrid/dynPatchStateUpdaterMod.F90,454,0,205,193,1,71,193,0.9415,8,19.62,1
./models/01_CTSM/src/dyn_subgrid/dynpftFileMod.F90,288,0,148,114,1,49,114,0.7703,4,28.75,1
./models/01_CTSM/src/dyn_subgrid/dynPriorWeightsMod.F90,95,0,38,47,1,16,47,1.2368,2,9.0,1
./models/01_CTSM/src/dyn_subgrid/dynSubgridControlMod.F90,501,0,286,163,1,79,163,0.5699,15,13.6,1
./models/01_CTSM/src/dyn_subgrid/dynSubgridDriverMod.F90,400,0,215,130,1,66,130,0.6047,3,46.0,1
./models/01_CTSM/src/dyn_subgrid/dynTimeInfoMod.F90,375,0,172,170,1,60,170,0.9884,11,11.55,1
./models/01_CTSM/src/dyn_subgrid/dynurbanFileMod.F90,143,0,64,65,1,24,65,1.0156,2,18.5,1
./models/01_CTSM/src/dyn_subgrid/test/dynVar_test/test_dynVarShared.F90,49,0,28,18,0,13,18,0.6429,1,10.0,1
./models/01_CTSM/src/init_interp/initInterp.F90,1492,0,974,356,1,224,356,0.3655,18,46.39,1
./models/01_CTSM/src/init_interp/initInterp1dData.F90,125,0,70,52,1,20,52,0.7429,2,26.0,1
./models/01_CTSM/src/init_interp/initInterpBounds.F90,198,0,122,60,0,31,60,0.4918,11,7.64,1
./models/01_CTSM/src/init_interp/initInterpMindist.F90,925,0,553,276,1,118,276,0.4991,13,32.92,1
./models/01_CTSM/src/init_interp/initInterpMultilevelBase.F90,92,0,35,51,0,10,51,1.4571,0,0.0,1
./models/01_CTSM/src/init_interp/initInterpMultilevelContainer.F90,799,0,512,260,1,79,260,0.5078,9,35.33,1
./models/01_CTSM/src/init_interp/initInterpMultilevelCopy.F90,141,0,48,65,1,30,65,1.3542,4,6.5,1
./models/01_CTSM/src/init_interp/initInterpMultilevelInterp.F90,659,0,318,285,1,92,285,0.8962,11,21.64,1
./models/01_CTSM/src/init_interp/initInterpMultilevelSnow.F90,229,0,95,107,1,36,107,1.1263,4,16.0,1
./models/01_CTSM/src/init_interp/initInterpMultilevelSplit.F90,212,0,100,83,1,32,83,0.83,4,15.0,1
./models/01_CTSM/src/init_interp/initInterpUtils.F90,112,0,66,31,0,18,31,0.4697,1,47.0,1
./models/01_CTSM/src/init_interp/test/initInterpMultilevel_test/multilevel_interp_factory.F90,209,0,146,45,0,42,45,0.3082,4,20.75,1
./models/01_CTSM/src/main/abortutils.F90,198,0,116,60,0,32,60,0.5172,3,31.0,1
./models/01_CTSM/src/main/accumulMod.F90,971,0,590,381,1,127,381,0.6458,17,27.35,1
./models/01_CTSM/src/main/atm2lndMod.F90,987,0,562,416,1,139,416,0.7402,11,38.73,1
./models/01_CTSM/src/main/atm2lndType.F90,1149,0,794,241,0,178,241,0.3035,12,50.58,1
./models/01_CTSM/src/main/clm_driver.F90,1764,0,1020,526,0,276,526,0.5157,4,132.0,1
./models/01_CTSM/src/main/clm_initializeMod.F90,806,0,525,234,0,96,234,0.4457,2,222.0,1
./models/01_CTSM/src/main/clm_instMod.F90,633,0,410,108,0,130,108,0.2634,3,74.33,1
./models/01_CTSM/src/main/clm_varcon.F90,331,0,179,218,0,59,218,1.2179,2,14.0,1
./models/01_CTSM/src/main/clm_varctl.F90,597,0,221,346,0,124,346,1.5656,3,10.67,1
./models/01_CTSM/src/main/clm_varpar.F90,360,0,251,176,0,43,176,0.7012,1,134.0,1
./models/01_CTSM/src/main/clm_varsur.F90,61,0,16,32,0,13,32,2.0,0,0.0,1
./models/01_CTSM/src/main/ColumnType.F90,251,0,158,108,0,25,108,0.6835,3,45.0,1
./models/01_CTSM/src/main/column_varcon.F90,170,0,69,84,1,29,84,1.2174,4,12.5,1
./models/01_CTSM/src/main/controlMod.F90,1390,0,985,218,5,203,218,0.2213,7,115.29,1
./models/01_CTSM/src/main/decompInitMod.F90,856,0,643,203,1,90,203,0.3157,3,193.0,1
./models/01_CTSM/src/main/decompMod.F90,545,0,319,246,9,58,246,0.7712,12,19.42,1
./models/01_CTSM/src/main/filterColMod.F90,443,0,211,187,1,80,187,0.8863,10,17.4,1
./models/01_CTSM/src/main/filterMod.F90,651,0,399,230,1,106,230,0.5764,5,60.6,1
./models/01_CTSM/src/main/FireMethodType.F90,253,0,135,113,0,26,113,0.837,0,0.0,1
./models/01_CTSM/src/main/FuncPedotransferMod.F90,141,0,89,61,0,21,61,0.6854,6,12.83,1
./models/01_CTSM/src/main/glc2lndMod.F90,712,0,302,336,1,107,336,1.1126,13,19.38,1
./models/01_CTSM/src/main/glcBehaviorMod.F90,1102,0,569,410,1,169,410,0.7206,22,27.18,1
./models/01_CTSM/src/main/GridcellType.F90,103,0,56,40,0,18,40,0.7143,2,20.0,1
./models/01_CTSM/src/main/histFileMod.F90,6265,0,4635,1632,1,693,1632,0.3521,42,93.6,1
./models/01_CTSM/src/main/initGridCellsMod.F90,605,0,336,243,1,85,243,0.7232,6,48.17,1
./models/01_CTSM/src/main/initSubgridMod.F90,474,0,310,146,0,51,146,0.471,5,50.4,1
./models/01_CTSM/src/main/initVerticalMod.F90,781,0,535,203,1,97,203,0.3794,5,95.8,1
./models/01_CTSM/src/main/init_hydrology.F90,39,0,16,14,0,10,14,0.875,1,16.0,0
./models/01_CTSM/src/main/LandunitType.F90,161,0,100,73,0,17,73,0.73,2,42.0,1
./models/01_CTSM/src/main/landunit_varcon.F90,133,0,57,68,1,27,68,1.193,3,11.33,1
./models/01_CTSM/src/main/lnd2atmMod.F90,577,0,395,131,1,70,131,0.3316,3,66.33,1
./models/01_CTSM/src/main/lnd2atmType.F90,295,0,192,89,0,45,89,0.4635,5,28.2,1
./models/01_CTSM/src/main/lnd2glcMod.F90,331,0,143,153,0,48,153,1.0699,5,21.2,1
./models/01_CTSM/src/main/ncdio_utils.F90,68,0,34,29,0,10,29,0.8529,1,26.0,1
./models/01_CTSM/src/main/organicFileMod.F90,113,0,50,58,0,13,58,1.16,1,38.0,1
./models/01_CTSM/src/main/paramUtilMod.F90,291,0,155,116,0,51,116,0.7484,7,18.0,1
./models/01_CTSM/src/main/PatchType.F90,209,0,69,128,0,26,128,1.8551,2,26.5,1
./models/01_CTSM/src/main/pftconMod.F90,1611,0,1244,341,0,218,341,0.2741,7,135.71,1
./models/01_CTSM/src/main/readParamsMod.F90,146,0,106,32,0,13,32,0.3019,1,94.0,1
./models/01_CTSM/src/main/restFileMod.F90,1049,0,566,418,1,164,418,0.7385,22,21.77,1
./models/01_CTSM/src/main/reweightMod.F90,60,0,23,28,1,10,28,1.2174,1,13.0,1
./models/01_CTSM/src/main/subgridAveMod.F90,1098,0,740,378,1,104,378,0.5108,17,40.06,1
./models/01_CTSM/src/main/subgridMod.F90,668,0,325,303,1,105,303,0.9323,16,18.56,1
./models/01_CTSM/src/main/subgridRestMod.F90,763,0,501,188,1,113,188,0.3752,9,40.33,1
./models/01_CTSM/src/main/subgridWeightsMod.F90,888,0,403,428,1,119,428,1.062,15,23.0,1
./models/01_CTSM/src/main/surfrdMod.F90,1263,0,785,419,1,174,419,0.5338,14,50.0,1
./models/01_CTSM/src/main/surfrdUtilsMod.F90,531,0,308,225,1,72,225,0.7305,8,34.25,1
./models/01_CTSM/src/main/TopoMod.F90,360,0,184,127,0,60,127,0.6902,8,17.0,1
./models/01_CTSM/src/self_tests/SelfTestDriver.F90,49,0,19,18,0,12,18,0.9474,1,7.0,1
./models/01_CTSM/src/self_tests/TestNcdioPio.F90,518,0,296,130,1,92,130,0.4392,9,24.67,1
./models/01_CTSM/src/soilbiogeochem/CNSoilMatrixMod.F90,939,0,745,196,0,87,196,0.2631,3,205.0,1
./models/01_CTSM/src/soilbiogeochem/SoilBiogeochemCarbonFluxType.F90,1022,0,773,186,0,140,186,0.2406,7,80.86,1
./models/01_CTSM/src/soilbiogeochem/SoilBiogeochemCarbonStateType.F90,1726,0,1425,190,0,169,190,0.1333,9,126.22,1
./models/01_CTSM/src/soilbiogeochem/SoilBiogeochemCompetitionMod.F90,1000,0,735,225,0,132,225,0.3061,3,197.0,1
./models/01_CTSM/src/soilbiogeochem/SoilBiogeochemDecompCascadeBGCMod.F90,956,0,708,213,0,125,213,0.3008,3,193.33,1
./models/01_CTSM/src/soilbiogeochem/SoilBiogeochemDecompCascadeConType.F90,369,0,287,99,0,38,99,0.3449,3,76.67,1
./models/01_CTSM/src/soilbiogeochem/SoilBiogeochemDecompCascadeMIMICSMod.F90,1364,0,1037,305,0,150,305,0.2941,3,279.67,1
./models/01_CTSM/src/soilbiogeochem/SoilBiogeochemDecompMod.F90,276,0,198,85,1,33,85,0.4293,2,71.5,1
./models/01_CTSM/src/soilbiogeochem/SoilBiogeochemLittVertTranspMod.F90,524,0,420,141,0,45,141,0.3357,2,179.5,1
./models/01_CTSM/src/soilbiogeochem/SoilBiogeochemNitrifDenitrifMod.F90,427,0,268,170,0,72,170,0.6343,2,85.0,1
./models/01_CTSM/src/soilbiogeochem/SoilBiogeochemNitrogenFluxType.F90,1253,0,992,185,0,161,185,0.1865,6,124.5,1
./models/01_CTSM/src/soilbiogeochem/SoilBiogeochemNitrogenStateType.F90,1426,0,1131,210,1,151,210,0.1857,9,98.89,1
./models/01_CTSM/src/soilbiogeochem/SoilBiogeochemNitrogenUptakeMod.F90,80,0,47,29,1,12,29,0.617,1,36.0,1
./models/01_CTSM/src/soilbiogeochem/SoilBiogeochemNLeachingMod.F90,261,0,147,102,0,37,102,0.6939,2,54.5,1
./models/01_CTSM/src/soilbiogeochem/SoilBiogeochemNStateUpdate1Mod.F90,272,0,166,70,0,53,70,0.4217,1,124.0,1
./models/01_CTSM/src/soilbiogeochem/SoilBiogeochemPotentialMod.F90,345,0,242,123,1,38,123,0.5083,2,89.5,1
./models/01_CTSM/src/soilbiogeochem/SoilBiogeochemPrecisionControlMod.F90,194,0,110,67,0,32,67,0.6091,2,44.0,1
./models/01_CTSM/src/soilbiogeochem/SoilBiogeochemStateType.F90,300,0,193,79,0,46,79,0.4093,6,23.83,1
./models/01_CTSM/src/soilbiogeochem/SoilBiogeochemVerticalProfileMod.F90,276,0,201,66,1,23,66,0.3284,1,181.0,1
./models/01_CTSM/src/soilbiogeochem/TillageMod.F90,341,0,216,120,0,43,120,0.5556,7,26.57,1
./models/01_CTSM/src/unit_test_shr/unittestDustEmisInputs.F90,274,0,200,41,0,39,41,0.205,6,24.83,1
./models/01_CTSM/src/unit_test_shr/unittestFilterBuilderMod.F90,71,0,29,32,0,16,32,1.1034,2,10.5,1
./models/01_CTSM/src/unit_test_shr/unittestGlcMec.F90,68,0,34,19,0,17,19,0.5588,3,5.67,1
./models/01_CTSM/src/unit_test_shr/unittestInitializeAndFinalize.F90,55,0,25,23,0,8,23,0.92,1,19.0,1
./models/01_CTSM/src/unit_test_shr/unittestSimpleSubgridSetupsMod.F90,313,0,123,145,1,60,145,1.1789,7,14.43,1
./models/01_CTSM/src/unit_test_shr/unittestSubgridMod.F90,495,0,184,251,0,81,251,1.3641,13,11.0,1
./models/01_CTSM/src/unit_test_shr/unittestTimeManagerMod.F90,232,0,99,112,0,37,112,1.1313,5,15.8,1
./models/01_CTSM/src/unit_test_shr/unittestUtils.F90,33,0,12,14,0,9,14,1.1667,1,6.0,1
./models/01_CTSM/src/unit_test_shr/unittestWaterTypeFactory.F90,206,0,118,57,1,31,57,0.4831,5,17.2,1
./models/01_CTSM/src/unit_test_stubs/csm_share/shr_mpi_mod_stub.F90,487,0,191,207,0,149,207,1.0838,20,7.95,1
./models/01_CTSM/src/unit_test_stubs/dyn_subgrid/dynFileMod_stub.F90,47,0,20,17,0,12,17,0.85,1,5.0,1
./models/01_CTSM/src/unit_test_stubs/main/GetGlobalValuesMod_stub.F90,37,0,15,12,0,10,12,0.8,2,4.5,1
./models/01_CTSM/src/unit_test_stubs/main/histFileMod_stub.F90,111,0,82,63,0,19,63,0.7683,3,20.67,1
./models/01_CTSM/src/unit_test_stubs/main/ncdio_dim.F90,58,0,33,17,0,15,17,0.5152,3,4.67,1
./models/01_CTSM/src/unit_test_stubs/share_esmf/ExcessIceStreamType.F90,79,0,39,28,0,16,28,0.7179,3,7.0,1
./models/01_CTSM/src/unit_test_stubs/share_esmf/FireDataBaseType.F90,123,0,56,62,1,17,62,1.1071,3,6.0,1
./models/01_CTSM/src/unit_test_stubs/share_esmf/laiStreamMod.F90,74,0,24,43,0,11,43,1.7917,3,3.67,1
./models/01_CTSM/src/unit_test_stubs/share_esmf/PrigentRoughnessStreamType.F90,125,0,57,61,0,15,61,1.0702,4,9.0,1
./models/01_CTSM/src/unit_test_stubs/share_esmf/ZenderSoilErodStreamType.F90,88,0,34,46,0,13,46,1.3529,3,5.67,1
./models/01_CTSM/src/unit_test_stubs/utils/clmfates_paraminterfaceMod_stub.F90,11,0,8,0,0,3,0,0.0,1,3.0,1
./models/01_CTSM/src/unit_test_stubs/utils/perfMod_stub.F90,86,0,18,61,0,8,61,3.3889,2,5.0,1
./models/01_CTSM/src/unit_test_stubs/utils/spmdMod_stub.F90,15,0,11,1,0,3,1,0.0909,0,0.0,1
./models/01_CTSM/src/utils/AnnualFluxDribbler.F90,613,0,251,292,1,87,292,1.1633,12,16.25,1
./models/01_CTSM/src/utils/clmfates_interfaceMod.F90,3989,0,2291,999,5,875,999,0.4361,36,50.39,1
./models/01_CTSM/src/utils/clmfates_paraminterfaceMod.F90,235,0,153,31,0,57,31,0.2026,5,25.6,1
./models/01_CTSM/src/utils/clm_nlUtilsMod.F90,116,0,38,71,0,20,71,1.8684,1,31.0,1
./models/01_CTSM/src/utils/clm_time_manager.F90,2136,0,1156,740,1,491,740,0.6401,59,15.88,1
./models/01_CTSM/src/utils/clm_varorb.F90,17,0,8,6,0,7,6,0.75,0,0.0,1
./models/01_CTSM/src/utils/domainMod.F90,232,0,127,112,0,17,112,0.8819,3,30.33,1
./models/01_CTSM/src/utils/fileutils.F90,185,0,105,80,0,20,80,0.7619,5,18.0,1
./models/01_CTSM/src/utils/getdatetime.F90,53,0,27,27,0,6,27,1.0,1,27.0,0
./models/01_CTSM/src/utils/IssueFixedMetadataHandler.F90,189,0,89,92,0,25,92,1.0337,4,17.5,1
./models/01_CTSM/src/utils/MatrixMod.F90,144,0,77,68,1,10,68,0.8831,1,68.0,1
./models/01_CTSM/src/utils/NumericsMod.F90,161,0,69,89,1,23,89,1.2899,2,27.5,1
./models/01_CTSM/src/utils/point_of_interest.F90,91,0,34,42,0,16,42,1.2353,2,10.5,1
./models/01_CTSM/src/utils/quadraticMod.F90,76,0,47,21,0,12,21,0.4468,1,36.0,1
./models/01_CTSM/src/utils/SimpleMathMod.F90,227,0,141,76,1,33,76,0.539,4,32.0,1
./models/01_CTSM/src/utils/SparseMatrixMultiplyMod.F90,1420,0,959,334,4,172,334,0.3483,26,34.19,1
./models/01_CTSM/src/utils/spmdMod.F90,142,0,69,55,1,27,55,0.7971,1,42.0,1
./models/01_CTSM/tools/mksurfdata_esmf/src/mkagfirepkmonthMod.F90,249,0,177,44,0,36,44,0.2486,2,75.0,1
./models/01_CTSM/tools/mksurfdata_esmf/src/mkchecksMod.F90,218,0,120,80,0,50,80,0.6667,6,16.0,1
./models/01_CTSM/tools/mksurfdata_esmf/src/mkdiagnosticsMod.F90,451,0,336,113,1,55,113,0.3363,4,78.5,1
./models/01_CTSM/tools/mksurfdata_esmf/src/mkdomainMod.F90,71,0,48,8,0,15,8,0.1667,1,33.0,1
./models/01_CTSM/tools/mksurfdata_esmf/src/mkesmfMod.F90,398,0,277,57,0,68,57,0.2058,7,33.71,1
./models/01_CTSM/tools/mksurfdata_esmf/src/mkfileMod.F90,869,0,632,70,0,180,70,0.1108,9,45.89,1
./models/01_CTSM/tools/mksurfdata_esmf/src/mkgdpMod.F90,153,0,105,31,0,25,31,0.2952,1,85.0,1
./models/01_CTSM/tools/mksurfdata_esmf/src/mkglacierregionMod.F90,194,0,124,50,0,28,50,0.4032,1,103.0,1
./models/01_CTSM/tools/mksurfdata_esmf/src/mkglcmecMod.F90,716,0,495,181,0,87,181,0.3657,5,89.8,1
./models/01_CTSM/tools/mksurfdata_esmf/src/mkharvestMod.F90,322,0,245,67,0,41,67,0.2735,2,97.5,1
./models/01_CTSM/tools/mksurfdata_esmf/src/mkindexmapMod.F90,426,0,225,186,0,56,186,0.8267,5,44.2,1
./models/01_CTSM/tools/mksurfdata_esmf/src/mkinputMod.F90,486,0,372,93,1,85,93,0.25,4,57.25,1
./models/01_CTSM/tools/mksurfdata_esmf/src/mklaiMod.F90,358,0,265,66,1,45,66,0.2491,2,118.0,1
./models/01_CTSM/tools/mksurfdata_esmf/src/mklanwatMod.F90,476,0,302,122,0,81,122,0.404,4,68.0,1
./models/01_CTSM/tools/mksurfdata_esmf/src/mkpctPftTypeMod.F90,583,0,289,248,0,96,248,0.8581,17,14.88,1
./models/01_CTSM/tools/mksurfdata_esmf/src/mkpeatMod.F90,150,0,105,28,0,25,28,0.2667,1,85.0,1
./models/01_CTSM/tools/mksurfdata_esmf/src/mkpftConstantsMod.F90,32,0,15,16,0,9,16,1.0667,0,0.0,1
./models/01_CTSM/tools/mksurfdata_esmf/src/mkpftMod.F90,587,0,432,133,1,60,133,0.3079,2,161.0,1
./models/01_CTSM/tools/mksurfdata_esmf/src/mkpftUtilsMod.F90,201,0,92,91,0,34,91,0.9891,4,19.5,1
./models/01_CTSM/tools/mksurfdata_esmf/src/mkpioMod.F90,1280,0,919,253,1,168,253,0.2753,20,42.1,1
./models/01_CTSM/tools/mksurfdata_esmf/src/mksoilcolMod.F90,327,0,233,56,1,52,56,0.2403,3,77.33,1
./models/01_CTSM/tools/mksurfdata_esmf/src/mksoildepthMod.F90,188,0,136,34,0,26,34,0.25,1,113.0,1
./models/01_CTSM/tools/mksurfdata_esmf/src/mksoilfmaxMod.F90,170,0,120,32,0,26,32,0.2667,1,100.0,1
./models/01_CTSM/tools/mksurfdata_esmf/src/mksoiltexMod.F90,534,0,377,113,1,73,113,0.2997,4,87.75,1
./models/01_CTSM/tools/mksurfdata_esmf/src/mksurfdata.F90,1495,0,920,459,1,165,459,0.4989,2,406.0,0
./models/01_CTSM/tools/mksurfdata_esmf/src/mktopostatsMod.F90,299,0,205,60,0,48,60,0.2927,2,91.0,1
./models/01_CTSM/tools/mksurfdata_esmf/src/mkurbanparMod.F90,1001,0,627,344,0,130,344,0.5486,8,70.5,1
./models/01_CTSM/tools/mksurfdata_esmf/src/mkutilsMod.F90,182,0,96,61,0,35,61,0.6354,5,16.0,1
./models/01_CTSM/tools/mksurfdata_esmf/src/mkvarctl.F90,38,0,24,23,0,10,23,0.9583,0,0.0,1
./models/01_CTSM/tools/mksurfdata_esmf/src/mkvarpar.F90,22,0,14,11,0,5,11,0.7857,0,0.0,1
./models/01_CTSM/tools/mksurfdata_esmf/src/mkVICparamsMod.F90,274,0,181,62,0,42,62,0.3425,1,161.0,1
./models/01_CTSM/tools/mksurfdata_esmf/src/mkvocefMod.F90,249,0,191,48,0,30,48,0.2513,1,178.0,1
./models/01_CTSM/tools/mksurfdata_esmf/src/nanMod.F90,41,0,11,25,3,2,25,2.2727,0,0.0,1
./models/01_CTSM/tools/mksurfdata_esmf/src/shr_const_mod.F90,58,0,44,42,0,10,42,0.9545,0,0.0,1
./models/01_CTSM/tools/mksurfdata_esmf/src/shr_kind_mod.F90,20,0,13,14,0,3,14,1.0769,0,0.0,1
./models/01_CTSM/tools/mksurfdata_esmf/src/shr_string_mod.F90,142,0,79,57,0,31,57,0.7215,3,23.67,1
./models/01_CTSM/tools/mksurfdata_esmf/src/shr_sys_mod.F90,51,0,32,7,1,13,7,0.2188,1,25.0,1
