file,function,type,line,cyclomatic_complexity,cc_rank,loc,loc_span,volume,difficulty,effort,time,bugs
./models/14_PCR-GLOBWB_model/model/bmi.py,<module>,FUNCTION,1,1,A,2.0,,27.0,1.5,40.5,2.25,0.009
./models/14_PCR-GLOBWB_model/model/bmi.py,BmiGridType,CLASS,17,1,A,7.0,10.0,83.76180828526729,3.611111111111111,302.47319658568745,16.804066476982637,0.027920602761755765
./models/14_PCR-GLOBWB_model/model/bmi.py,Bmi,CLASS,30,2,A,131.0,359.0,2285.9874128145125,17.488372093023255,39978.19847526775,2221.011026403764,0.7619958042715042
./models/14_PCR-GLOBWB_model/model/bmi.py,Bmi.initialize,METHOD,40,1,A,3.0,8.0,38.05374780501027,3.0,114.16124341503081,6.342291300835045,0.012684582601670089
./models/14_PCR-GLOBWB_model/model/bmi.py,Bmi.update,METHOD,50,1,A,3.0,5.0,28.52932501298081,2.5,71.32331253245202,3.96240625180289,0.009509775004326936
./models/14_PCR-GLOBWB_model/model/bmi.py,Bmi.update_until,METHOD,57,1,A,3.0,8.0,38.05374780501027,3.0,114.16124341503081,6.342291300835045,0.012684582601670089
./models/14_PCR-GLOBWB_model/model/bmi.py,Bmi.update_frac,METHOD,67,1,A,3.0,8.0,38.05374780501027,3.0,114.16124341503081,6.342291300835045,0.012684582601670089
./models/14_PCR-GLOBWB_model/model/bmi.py,Bmi.finalize,METHOD,77,1,A,3.0,5.0,28.52932501298081,2.5,71.32331253245202,3.96240625180289,0.009509775004326936
./models/14_PCR-GLOBWB_model/model/bmi.py,Bmi.get_component_name,METHOD,88,1,A,3.0,6.0,28.52932501298081,2.5,71.32331253245202,3.96240625180289,0.009509775004326936
./models/14_PCR-GLOBWB_model/model/bmi.py,Bmi.get_input_var_names,METHOD,96,1,A,3.0,6.0,28.52932501298081,2.5,71.32331253245202,3.96240625180289,0.009509775004326936
./models/14_PCR-GLOBWB_model/model/bmi.py,Bmi.get_output_var_names,METHOD,104,1,A,3.0,6.0,28.52932501298081,2.5,71.32331253245202,3.96240625180289,0.009509775004326936
./models/14_PCR-GLOBWB_model/model/bmi.py,Bmi.get_var_type,METHOD,116,1,A,3.0,9.0,38.05374780501027,3.0,114.16124341503081,6.342291300835045,0.012684582601670089
./models/14_PCR-GLOBWB_model/model/bmi.py,Bmi.get_var_units,METHOD,127,1,A,3.0,9.0,38.05374780501027,3.0,114.16124341503081,6.342291300835045,0.012684582601670089
./models/14_PCR-GLOBWB_model/model/bmi.py,Bmi.get_var_rank,METHOD,138,1,A,3.0,9.0,38.05374780501027,3.0,114.16124341503081,6.342291300835045,0.012684582601670089
./models/14_PCR-GLOBWB_model/model/bmi.py,Bmi.get_var_size,METHOD,149,1,A,3.0,9.0,38.05374780501027,3.0,114.16124341503081,6.342291300835045,0.012684582601670089
./models/14_PCR-GLOBWB_model/model/bmi.py,Bmi.get_var_nbytes,METHOD,160,1,A,3.0,9.0,38.05374780501027,3.0,114.16124341503081,6.342291300835045,0.012684582601670089
./models/14_PCR-GLOBWB_model/model/bmi.py,Bmi.get_start_time,METHOD,171,1,A,3.0,6.0,28.52932501298081,2.5,71.32331253245202,3.96240625180289,0.009509775004326936
./models/14_PCR-GLOBWB_model/model/bmi.py,Bmi.get_current_time,METHOD,179,1,A,3.0,6.0,28.52932501298081,2.5,71.32331253245202,3.96240625180289,0.009509775004326936
./models/14_PCR-GLOBWB_model/model/bmi.py,Bmi.get_end_time,METHOD,187,1,A,3.0,6.0,28.52932501298081,2.5,71.32331253245202,3.96240625180289,0.009509775004326936
./models/14_PCR-GLOBWB_model/model/bmi.py,Bmi.get_time_step,METHOD,195,1,A,3.0,6.0,28.52932501298081,2.5,71.32331253245202,3.96240625180289,0.009509775004326936
./models/14_PCR-GLOBWB_model/model/bmi.py,Bmi.get_time_units,METHOD,203,1,A,3.0,6.0,28.52932501298081,2.5,71.32331253245202,3.96240625180289,0.009509775004326936
./models/14_PCR-GLOBWB_model/model/bmi.py,Bmi.get_value,METHOD,215,1,A,3.0,10.0,38.05374780501027,3.0,114.16124341503081,6.342291300835045,0.012684582601670089
./models/14_PCR-GLOBWB_model/model/bmi.py,Bmi.get_value_at_indices,METHOD,227,1,A,3.0,13.0,46.60451250937503,3.0,139.8135375281251,7.767418751562506,0.01553483750312501
./models/14_PCR-GLOBWB_model/model/bmi.py,Bmi.set_value,METHOD,242,1,A,3.0,8.0,46.60451250937503,3.0,139.8135375281251,7.767418751562506,0.01553483750312501
./models/14_PCR-GLOBWB_model/model/bmi.py,Bmi.set_value_at_indices,METHOD,252,1,A,3.0,11.0,55.506595772116384,3.0,166.51978731634915,9.25109929535273,0.01850219859070546
./models/14_PCR-GLOBWB_model/model/bmi.py,Bmi.get_grid_type,METHOD,269,1,A,3.0,9.0,38.05374780501027,3.0,114.16124341503081,6.342291300835045,0.012684582601670089
./models/14_PCR-GLOBWB_model/model/bmi.py,Bmi.get_grid_shape,METHOD,280,1,A,3.0,12.0,38.05374780501027,3.0,114.16124341503081,6.342291300835045,0.012684582601670089
./models/14_PCR-GLOBWB_model/model/bmi.py,Bmi.get_grid_spacing,METHOD,294,1,A,3.0,12.0,38.05374780501027,3.0,114.16124341503081,6.342291300835045,0.012684582601670089
./models/14_PCR-GLOBWB_model/model/bmi.py,Bmi.get_grid_origin,METHOD,308,1,A,3.0,13.0,38.05374780501027,3.0,114.16124341503081,6.342291300835045,0.012684582601670089
./models/14_PCR-GLOBWB_model/model/bmi.py,Bmi.get_grid_x,METHOD,323,1,A,3.0,12.0,38.05374780501027,3.0,114.16124341503081,6.342291300835045,0.012684582601670089
./models/14_PCR-GLOBWB_model/model/bmi.py,Bmi.get_grid_y,METHOD,337,1,A,3.0,12.0,38.05374780501027,3.0,114.16124341503081,6.342291300835045,0.012684582601670089
./models/14_PCR-GLOBWB_model/model/bmi.py,Bmi.get_grid_z,METHOD,351,1,A,3.0,12.0,38.05374780501027,3.0,114.16124341503081,6.342291300835045,0.012684582601670089
./models/14_PCR-GLOBWB_model/model/bmi.py,Bmi.get_grid_connectivity,METHOD,365,1,A,3.0,11.0,38.05374780501027,3.0,114.16124341503081,6.342291300835045,0.012684582601670089
./models/14_PCR-GLOBWB_model/model/bmi.py,Bmi.get_grid_offset,METHOD,378,1,A,3.0,11.0,38.05374780501027,3.0,114.16124341503081,6.342291300835045,0.012684582601670089
./models/14_PCR-GLOBWB_model/model/bmi.py,EBmi,CLASS,391,2,A,37.0,78.0,603.5475432598478,10.181818181818182,6145.211349554814,341.400630530823,0.20118251441994925
./models/14_PCR-GLOBWB_model/model/bmi.py,EBmi.initialize_config,METHOD,394,1,A,3.0,6.0,38.05374780501027,3.0,114.16124341503081,6.342291300835045,0.012684582601670089
./models/14_PCR-GLOBWB_model/model/bmi.py,EBmi.initialize_model,METHOD,402,1,A,3.0,6.0,38.05374780501027,3.0,114.16124341503081,6.342291300835045,0.012684582601670089
./models/14_PCR-GLOBWB_model/model/bmi.py,EBmi.set_start_time,METHOD,410,1,A,3.0,6.0,38.05374780501027,3.0,114.16124341503081,6.342291300835045,0.012684582601670089
./models/14_PCR-GLOBWB_model/model/bmi.py,EBmi.set_end_time,METHOD,418,1,A,3.0,6.0,38.05374780501027,3.0,114.16124341503081,6.342291300835045,0.012684582601670089
./models/14_PCR-GLOBWB_model/model/bmi.py,EBmi.get_attribute_names,METHOD,426,1,A,3.0,6.0,28.52932501298081,2.5,71.32331253245202,3.96240625180289,0.009509775004326936
./models/14_PCR-GLOBWB_model/model/bmi.py,EBmi.get_attribute_value,METHOD,434,1,A,3.0,6.0,38.05374780501027,3.0,114.16124341503081,6.342291300835045,0.012684582601670089
./models/14_PCR-GLOBWB_model/model/bmi.py,EBmi.set_attribute_value,METHOD,442,1,A,3.0,6.0,46.60451250937503,3.0,139.8135375281251,7.767418751562506,0.01553483750312501
./models/14_PCR-GLOBWB_model/model/bmi.py,EBmi.save_state,METHOD,450,1,A,3.0,9.0,38.05374780501027,3.0,114.16124341503081,6.342291300835045,0.012684582601670089
./models/14_PCR-GLOBWB_model/model/bmi.py,EBmi.load_state,METHOD,461,1,A,3.0,8.0,38.05374780501027,3.0,114.16124341503081,6.342291300835045,0.012684582601670089
./models/14_PCR-GLOBWB_model/model/bmi.py,Bmi (aggregate),CLASS_AGG,40,31,E,,,,,,,
./models/14_PCR-GLOBWB_model/model/bmi.py,EBmi (aggregate),CLASS_AGG,394,9,B,,,,,,,
./models/14_PCR-GLOBWB_model/model/bmi.py,bmi.py (module aggregate),MODULE_AGG,1,40,E,,,,,,,
./models/14_PCR-GLOBWB_model/model/bmiPcrglobwb.py,<module>,FUNCTION,1,1,A,15.0,,282.4860706840734,3.769230769230769,1064.7551895015074,59.15306608341708,0.0941620235613578
./models/14_PCR-GLOBWB_model/model/bmiPcrglobwb.py,BmiPCRGlobWB,CLASS,21,2,A,175.0,325.0,10438.494704275608,59.88636363636364,625123.4896765052,34729.082759805846,3.479498234758536
./models/14_PCR-GLOBWB_model/model/bmiPcrglobwb.py,BmiPCRGlobWB.days_since_industry_epoch,METHOD,23,1,A,2.0,2.0,97.67226489021297,5.714285714285714,558.1272279440741,31.007068219115226,0.03255742163007099
./models/14_PCR-GLOBWB_model/model/bmiPcrglobwb.py,BmiPCRGlobWB.in_modeltime,METHOD,26,1,A,2.0,2.0,138.97373660251154,7.3125,1016.2454489058656,56.458080494770314,0.046324578867503845
./models/14_PCR-GLOBWB_model/model/bmiPcrglobwb.py,BmiPCRGlobWB.calculate_shape,METHOD,29,1,A,2.0,3.0,103.61231210795059,4.666666666666666,483.524123170436,26.862451287246444,0.03453743736931686
./models/14_PCR-GLOBWB_model/model/bmiPcrglobwb.py,BmiPCRGlobWB.initialize,METHOD,34,1,A,3.0,3.0,65.72920075410865,4.800000000000001,315.50016361972155,17.52778686776231,0.02190973358470288
./models/14_PCR-GLOBWB_model/model/bmiPcrglobwb.py,BmiPCRGlobWB.initialize_config,METHOD,39,2,A,16.0,25.0,602.5358529502963,12.75,7682.332125116278,426.79622917312656,0.20084528431676543
./models/14_PCR-GLOBWB_model/model/bmiPcrglobwb.py,BmiPCRGlobWB.initialize_model,METHOD,67,3,A,14.0,22.0,426.89948181794114,14.911764705882351,6365.8246259322395,353.6569236629022,0.14229982727264703
./models/14_PCR-GLOBWB_model/model/bmiPcrglobwb.py,BmiPCRGlobWB.update,METHOD,92,1,A,6.0,8.0,199.6525931318485,6.416666666666666,1281.1041392626944,71.1724521812608,0.06655086437728283
./models/14_PCR-GLOBWB_model/model/bmiPcrglobwb.py,BmiPCRGlobWB.update_until,METHOD,107,2,A,3.0,3.0,93.76537429460444,6.75,632.91627648858,35.162015360476666,0.03125512476486815
./models/14_PCR-GLOBWB_model/model/bmiPcrglobwb.py,BmiPCRGlobWB.update_frac,METHOD,111,1,A,2.0,2.0,33.219280948873624,3.0,99.65784284662087,5.5365468248122705,0.01107309364962454
./models/14_PCR-GLOBWB_model/model/bmiPcrglobwb.py,BmiPCRGlobWB.finalize,METHOD,114,1,A,2.0,2.0,19.651484454403228,2.5,49.12871113600807,2.7293728408893374,0.00655049481813441
./models/14_PCR-GLOBWB_model/model/bmiPcrglobwb.py,BmiPCRGlobWB.get_component_name,METHOD,117,1,A,2.0,2.0,24.0,2.5,60.0,3.3333333333333335,0.008
./models/14_PCR-GLOBWB_model/model/bmiPcrglobwb.py,BmiPCRGlobWB.get_input_var_names,METHOD,120,1,A,2.0,2.0,33.219280948873624,3.5,116.26748332105768,6.459304628947649,0.01107309364962454
./models/14_PCR-GLOBWB_model/model/bmiPcrglobwb.py,BmiPCRGlobWB.get_output_var_names,METHOD,123,1,A,2.0,2.0,33.219280948873624,3.5,116.26748332105768,6.459304628947649,0.01107309364962454
./models/14_PCR-GLOBWB_model/model/bmiPcrglobwb.py,BmiPCRGlobWB.get_var_type,METHOD,126,1,A,2.0,2.0,33.219280948873624,3.0,99.65784284662087,5.5365468248122705,0.01107309364962454
./models/14_PCR-GLOBWB_model/model/bmiPcrglobwb.py,BmiPCRGlobWB.get_var_units,METHOD,129,1,A,2.0,3.0,33.219280948873624,3.0,99.65784284662087,5.5365468248122705,0.01107309364962454
./models/14_PCR-GLOBWB_model/model/bmiPcrglobwb.py,BmiPCRGlobWB.get_var_rank,METHOD,133,1,A,2.0,2.0,33.219280948873624,3.0,99.65784284662087,5.5365468248122705,0.01107309364962454
./models/14_PCR-GLOBWB_model/model/bmiPcrglobwb.py,BmiPCRGlobWB.get_var_size,METHOD,136,1,A,2.0,2.0,74.00879436282185,4.666666666666666,345.3743736931686,19.187465205176032,0.024669598120940616
./models/14_PCR-GLOBWB_model/model/bmiPcrglobwb.py,BmiPCRGlobWB.get_var_nbytes,METHOD,139,1,A,2.0,2.0,82.0447025077789,5.142857142857143,421.9441843257201,23.441343573651114,0.02734823416925963
./models/14_PCR-GLOBWB_model/model/bmiPcrglobwb.py,BmiPCRGlobWB.get_start_time,METHOD,142,1,A,2.0,2.0,58.81033751683405,4.199999999999999,247.003417570703,13.722412087261278,0.019603445838944685
./models/14_PCR-GLOBWB_model/model/bmiPcrglobwb.py,BmiPCRGlobWB.get_current_time,METHOD,145,1,A,2.0,2.0,58.81033751683405,4.199999999999999,247.003417570703,13.722412087261278,0.019603445838944685
./models/14_PCR-GLOBWB_model/model/bmiPcrglobwb.py,BmiPCRGlobWB.get_end_time,METHOD,148,1,A,2.0,2.0,58.81033751683405,4.199999999999999,247.003417570703,13.722412087261278,0.019603445838944685
./models/14_PCR-GLOBWB_model/model/bmiPcrglobwb.py,BmiPCRGlobWB.get_time_step,METHOD,151,1,A,2.0,2.0,24.0,2.5,60.0,3.3333333333333335,0.008
./models/14_PCR-GLOBWB_model/model/bmiPcrglobwb.py,BmiPCRGlobWB.get_time_units,METHOD,154,1,A,2.0,2.0,24.0,2.5,60.0,3.3333333333333335,0.008
./models/14_PCR-GLOBWB_model/model/bmiPcrglobwb.py,BmiPCRGlobWB.get_value,METHOD,157,4,A,16.0,35.0,841.0710369788252,17.137931034482758,14414.217426844003,800.7898570468891,0.2803570123262751
./models/14_PCR-GLOBWB_model/model/bmiPcrglobwb.py,BmiPCRGlobWB.get_value_at_indices,METHOD,193,1,A,2.0,2.0,41.51317942364757,3.0,124.53953827094271,6.9188632372745955,0.01383772647454919
./models/14_PCR-GLOBWB_model/model/bmiPcrglobwb.py,BmiPCRGlobWB.set_satDegUpp000005,METHOD,207,2,A,22.0,34.0,1343.0201781847752,34.0,45662.68605828236,2536.8158921267977,0.4476733927282584
./models/14_PCR-GLOBWB_model/model/bmiPcrglobwb.py,BmiPCRGlobWB.set_value,METHOD,242,4,A,13.0,31.0,518.0575847114416,15.0,7770.863770671624,431.7146539262013,0.17268586157048052
./models/14_PCR-GLOBWB_model/model/bmiPcrglobwb.py,BmiPCRGlobWB.set_value_at_indices,METHOD,278,1,A,2.0,2.0,50.18947501009619,3.0,150.56842503028855,8.364912501682698,0.016729825003365395
./models/14_PCR-GLOBWB_model/model/bmiPcrglobwb.py,BmiPCRGlobWB.get_grid_type,METHOD,281,1,A,2.0,2.0,43.01955000865387,3.5,150.56842503028855,8.364912501682698,0.014339850002884624
./models/14_PCR-GLOBWB_model/model/bmiPcrglobwb.py,BmiPCRGlobWB.get_grid_shape,METHOD,284,1,A,2.0,2.0,28.52932501298081,3.0,85.58797503894243,4.754887502163468,0.009509775004326936
./models/14_PCR-GLOBWB_model/model/bmiPcrglobwb.py,BmiPCRGlobWB.get_grid_shape,METHOD,287,1,A,2.0,2.0,41.51317942364757,4.375,181.62015997845813,10.090008887692118,0.01383772647454919
./models/14_PCR-GLOBWB_model/model/bmiPcrglobwb.py,BmiPCRGlobWB.get_grid_spacing,METHOD,290,1,A,3.0,5.0,127.43782540330756,6.111111111111112,778.7867107979907,43.26592837766615,0.042479275134435855
./models/14_PCR-GLOBWB_model/model/bmiPcrglobwb.py,BmiPCRGlobWB.get_grid_origin,METHOD,296,1,A,7.0,11.0,330.1173000519232,13.5,4456.583550700963,247.5879750389424,0.11003910001730774
./models/14_PCR-GLOBWB_model/model/bmiPcrglobwb.py,BmiPCRGlobWB.get_grid_x,METHOD,308,1,A,2.0,2.0,33.219280948873624,3.0,99.65784284662087,5.5365468248122705,0.01107309364962454
./models/14_PCR-GLOBWB_model/model/bmiPcrglobwb.py,BmiPCRGlobWB.get_grid_y,METHOD,311,1,A,2.0,2.0,33.219280948873624,3.0,99.65784284662087,5.5365468248122705,0.01107309364962454
./models/14_PCR-GLOBWB_model/model/bmiPcrglobwb.py,BmiPCRGlobWB.get_grid_z,METHOD,314,1,A,2.0,2.0,33.219280948873624,3.0,99.65784284662087,5.5365468248122705,0.01107309364962454
./models/14_PCR-GLOBWB_model/model/bmiPcrglobwb.py,BmiPCRGlobWB.get_grid_connectivity,METHOD,317,1,A,2.0,2.0,33.219280948873624,3.0,99.65784284662087,5.5365468248122705,0.01107309364962454
./models/14_PCR-GLOBWB_model/model/bmiPcrglobwb.py,BmiPCRGlobWB.get_grid_offset,METHOD,320,1,A,2.0,2.0,33.219280948873624,3.0,99.65784284662087,5.5365468248122705,0.01107309364962454
./models/14_PCR-GLOBWB_model/model/bmiPcrglobwb.py,BmiPCRGlobWB.set_start_time,METHOD,325,1,A,2.0,2.0,75.28421251514428,4.5,338.77895631814926,18.82105312878607,0.025094737505048093
./models/14_PCR-GLOBWB_model/model/bmiPcrglobwb.py,BmiPCRGlobWB.set_end_time,METHOD,328,1,A,2.0,2.0,75.28421251514428,4.5,338.77895631814926,18.82105312878607,0.025094737505048093
./models/14_PCR-GLOBWB_model/model/bmiPcrglobwb.py,BmiPCRGlobWB.get_attribute_names,METHOD,331,1,A,2.0,2.0,24.0,2.5,60.0,3.3333333333333335,0.008
./models/14_PCR-GLOBWB_model/model/bmiPcrglobwb.py,BmiPCRGlobWB.get_attribute_value,METHOD,334,1,A,2.0,2.0,33.219280948873624,3.0,99.65784284662087,5.5365468248122705,0.01107309364962454
./models/14_PCR-GLOBWB_model/model/bmiPcrglobwb.py,BmiPCRGlobWB.set_attribute_value,METHOD,337,1,A,2.0,2.0,41.51317942364757,3.0,124.53953827094271,6.9188632372745955,0.01383772647454919
./models/14_PCR-GLOBWB_model/model/bmiPcrglobwb.py,BmiPCRGlobWB.save_state,METHOD,340,1,A,3.0,3.0,91.3765181293825,4.125,376.9281372837028,20.940452071316823,0.030458839376460836
./models/14_PCR-GLOBWB_model/model/bmiPcrglobwb.py,BmiPCRGlobWB.load_state,METHOD,344,1,A,2.0,2.0,33.219280948873624,3.0,99.65784284662087,5.5365468248122705,0.01107309364962454
./models/14_PCR-GLOBWB_model/model/bmiPcrglobwb.py,ScaledBmiPCRGlobWB,CLASS,349,2,A,32.0,57.0,1913.187924646035,26.428571428571427,50562.82372278807,2809.045762377115,0.637729308215345
./models/14_PCR-GLOBWB_model/model/bmiPcrglobwb.py,ScaledBmiPCRGlobWB.set_value,METHOD,352,1,A,10.0,22.0,451.7143127055295,11.75,5307.643174289971,294.86906523833176,0.15057143756850982
./models/14_PCR-GLOBWB_model/model/bmiPcrglobwb.py,ScaledBmiPCRGlobWB.calculate_shape,METHOD,375,1,A,4.0,6.0,229.24812503605781,10.5,2407.105312878607,133.7280729377004,0.07641604167868594
./models/14_PCR-GLOBWB_model/model/bmiPcrglobwb.py,ScaledBmiPCRGlobWB.get_value,METHOD,382,1,A,13.0,19.0,660.6854153373498,13.725,9067.907325505126,503.77262919472923,0.2202284717791166
./models/14_PCR-GLOBWB_model/model/bmiPcrglobwb.py,ScaledBmiPCRGlobWB.get_grid_spacing,METHOD,402,1,A,3.0,4.0,166.9080620655929,8.25,1376.9915120411415,76.49952844673008,0.05563602068853097
./models/14_PCR-GLOBWB_model/model/bmiPcrglobwb.py,BmiPCRGlobWB (aggregate),CLASS_AGG,23,56,F,,,,,,,
./models/14_PCR-GLOBWB_model/model/bmiPcrglobwb.py,ScaledBmiPCRGlobWB (aggregate),CLASS_AGG,352,4,A,,,,,,,
./models/14_PCR-GLOBWB_model/model/bmiPcrglobwb.py,bmiPcrglobwb.py (module aggregate),MODULE_AGG,1,60,F,,,,,,,
./models/14_PCR-GLOBWB_model/model/configuration.py,<module>,FUNCTION,1,1,A,15.0,,235.53074858920888,3.652173913043478,860.1992557171106,47.78884753983948,0.0785102495297363
./models/14_PCR-GLOBWB_model/model/configuration.py,Configuration,CLASS,45,10,B,388.0,589.0,23932.068264762616,140.09655172413792,3352800.2395199155,186266.67997332863,7.977356088254205
./models/14_PCR-GLOBWB_model/model/configuration.py,Configuration.__init__,METHOD,47,4,A,20.0,41.0,665.9606795766433,11.785714285714285,7848.822295010438,436.04568305613543,0.22198689319221443
./models/14_PCR-GLOBWB_model/model/configuration.py,Configuration.set_options_for_coupling_betweeen_pcrglobwb_and_modflow,METHOD,89,3,A,5.0,7.0,175.69269691115042,12.666666666666668,2225.440827541239,123.63560153006883,0.05856423230371681
./models/14_PCR-GLOBWB_model/model/configuration.py,Configuration.set_configuration,METHOD,97,1,A,7.0,17.0,179.30677506201943,5.7272727272727275,1026.9388026279296,57.05215570155164,0.059768925020673144
./models/14_PCR-GLOBWB_model/model/configuration.py,Configuration.make_ini_meteo_paths_absolute,METHOD,115,11,C,12.0,15.0,635.9328551562924,23.555555555555557,14979.75169923711,832.2084277353949,0.21197761838543078
./models/14_PCR-GLOBWB_model/model/configuration.py,Configuration.make_absolute_path,METHOD,132,1,A,2.0,2.0,106.60593781761291,6.0,639.6356269056774,35.53531260587097,0.03553531260587097
./models/14_PCR-GLOBWB_model/model/configuration.py,Configuration.initialize_logging,METHOD,135,11,C,61.0,99.0,3762.2064890595116,36.610169491525426,137735.0172265855,7651.945401476973,1.254068829686504
./models/14_PCR-GLOBWB_model/model/configuration.py,Configuration.backup_configuration,METHOD,235,1,A,3.0,6.0,224.0081885617168,5.5,1232.0450370894423,68.44694650496902,0.07466939618723893
./models/14_PCR-GLOBWB_model/model/configuration.py,Configuration.parse_configuration_file,METHOD,242,3,A,11.0,16.0,412.1788100311156,14.147058823529411,5831.117871322546,323.9509928512526,0.13739293667703853
./models/14_PCR-GLOBWB_model/model/configuration.py,Configuration.set_input_files,METHOD,259,3,A,7.0,11.0,348.31427061639,21.45,7471.341104721565,415.07450581786475,0.11610475687213
./models/14_PCR-GLOBWB_model/model/configuration.py,Configuration.create_output_directories,METHOD,271,14,C,51.0,74.0,2337.1802844378476,41.55555555555556,97122.82515330611,5395.712508517006,0.7790600948126158
./models/14_PCR-GLOBWB_model/model/configuration.py,Configuration.repair_ini_key_names,METHOD,347,55,F,193.0,266.0,8059.024356627986,265.9047619047619,2142932.9527338417,119051.83070743566,2.6863414522093287
./models/14_PCR-GLOBWB_model/model/configuration.py,Configuration.set_debug_to_version_one,METHOD,616,4,A,15.0,18.0,357.6270750562502,20.0,7152.541501125004,397.3634167291669,0.11920902501875007
./models/14_PCR-GLOBWB_model/model/configuration.py,Configuration (aggregate),CLASS_AGG,47,111,F,,,,,,,
./models/14_PCR-GLOBWB_model/model/configuration.py,configuration.py (module aggregate),MODULE_AGG,1,111,F,,,,,,,
./models/14_PCR-GLOBWB_model/model/configuration_for_modflow.py,<module>,FUNCTION,1,1,A,12.0,,194.9503875887022,3.6750000000000003,716.4426743884807,39.802370799360034,0.0649834625295674
./models/14_PCR-GLOBWB_model/model/configuration_for_modflow.py,Configuration,CLASS,50,6,B,147.0,250.0,9227.850978017135,69.92924528301887,645296.6544769058,35849.81413760588,3.075950326005712
./models/14_PCR-GLOBWB_model/model/configuration_for_modflow.py,Configuration.__init__,METHOD,52,2,A,13.0,28.0,539.757965516937,17.0,9175.88541378793,509.7714118771072,0.17991932183897902
./models/14_PCR-GLOBWB_model/model/configuration_for_modflow.py,Configuration.set_options_for_coupling_betweeen_pcrglobwb_and_modflow,METHOD,81,10,B,19.0,37.0,918.158408079111,39.66666666666667,36420.28352047141,2023.3490844706337,0.30605280269303703
./models/14_PCR-GLOBWB_model/model/configuration_for_modflow.py,Configuration.set_configuration,METHOD,119,1,A,5.0,11.0,89.94522208456974,4.166666666666667,374.77175868570725,20.82065326031707,0.02998174069485658
./models/14_PCR-GLOBWB_model/model/configuration_for_modflow.py,Configuration.initialize_logging,METHOD,131,7,B,38.0,66.0,2149.4648680496616,26.329787234042552,56594.95264279694,3144.164035710941,0.7164882893498872
./models/14_PCR-GLOBWB_model/model/configuration_for_modflow.py,Configuration.backup_configuration,METHOD,198,1,A,3.0,5.0,224.0081885617168,5.5,1232.0450370894423,68.44694650496902,0.07466939618723893
./models/14_PCR-GLOBWB_model/model/configuration_for_modflow.py,Configuration.parse_configuration_file,METHOD,204,3,A,11.0,16.0,412.1788100311156,14.147058823529411,5831.117871322546,323.9509928512526,0.13739293667703853
./models/14_PCR-GLOBWB_model/model/configuration_for_modflow.py,Configuration.set_input_files,METHOD,221,1,A,2.0,4.0,112.0,7.7142857142857135,863.9999999999999,47.99999999999999,0.037333333333333336
./models/14_PCR-GLOBWB_model/model/configuration_for_modflow.py,Configuration.create_output_directories,METHOD,226,15,C,55.0,74.0,2592.2983812809734,52.25,135447.59042193086,7524.866134551714,0.8640994604269912
./models/14_PCR-GLOBWB_model/model/configuration_for_modflow.py,Configuration (aggregate),CLASS_AGG,52,40,E,,,,,,,
./models/14_PCR-GLOBWB_model/model/configuration_for_modflow.py,configuration_for_modflow.py (module aggregate),MODULE_AGG,1,40,E,,,,,,,
./models/14_PCR-GLOBWB_model/model/currTimeStep.py,<module>,FUNCTION,1,1,A,4.0,,48.432042660922164,2.916666666666667,141.26012442768965,7.847784690427202,0.01614401422030739
./models/14_PCR-GLOBWB_model/model/currTimeStep.py,ModelTime,CLASS,31,2,A,105.0,164.0,5424.958423504629,48.391304347826086,262520.81414611527,14584.489674784181,1.808319474501543
./models/14_PCR-GLOBWB_model/model/currTimeStep.py,ModelTime.__init__,METHOD,33,1,A,3.0,3.0,58.81033751683405,4.800000000000001,282.2896200808035,15.682756671155751,0.019603445838944685
./models/14_PCR-GLOBWB_model/model/currTimeStep.py,ModelTime.getStartEndTimeSteps,METHOD,39,2,A,10.0,11.0,798.2892142331044,16.12962962962963,12876.109362908037,715.3394090504465,0.26609640474436813
./models/14_PCR-GLOBWB_model/model/currTimeStep.py,ModelTime.getStartEndTimeStepsForSpinUp,METHOD,52,1,A,10.0,18.0,635.9007751774044,12.54,7974.1957207246505,443.0108733735917,0.2119669250591348
./models/14_PCR-GLOBWB_model/model/currTimeStep.py,ModelTime.setStartTime,METHOD,72,1,A,3.0,3.0,125.09775004326937,7.0,875.6842503028856,48.64912501682698,0.04169925001442312
./models/14_PCR-GLOBWB_model/model/currTimeStep.py,ModelTime.setEndTime,METHOD,76,1,A,3.0,3.0,125.09775004326937,7.0,875.6842503028856,48.64912501682698,0.04169925001442312
./models/14_PCR-GLOBWB_model/model/currTimeStep.py,ModelTime.spinUpStatus,METHOD,81,1,A,2.0,2.0,31.69925001442312,4.0,126.79700005769249,7.044277780982916,0.010566416671474373
./models/14_PCR-GLOBWB_model/model/currTimeStep.py,ModelTime.startTime,METHOD,85,1,A,2.0,2.0,31.69925001442312,4.0,126.79700005769249,7.044277780982916,0.010566416671474373
./models/14_PCR-GLOBWB_model/model/currTimeStep.py,ModelTime.endTime,METHOD,89,1,A,2.0,2.0,31.69925001442312,4.0,126.79700005769249,7.044277780982916,0.010566416671474373
./models/14_PCR-GLOBWB_model/model/currTimeStep.py,ModelTime.currTime,METHOD,93,1,A,2.0,2.0,31.69925001442312,4.0,126.79700005769249,7.044277780982916,0.010566416671474373
./models/14_PCR-GLOBWB_model/model/currTimeStep.py,ModelTime.day,METHOD,97,1,A,2.0,2.0,38.039100017307746,5.0,190.19550008653874,10.566416671474375,0.012679700005769248
./models/14_PCR-GLOBWB_model/model/currTimeStep.py,ModelTime.doy,METHOD,101,1,A,2.0,2.0,55.35090589819676,3.5999999999999996,199.2632612335083,11.07018117963935,0.018450301966065584
./models/14_PCR-GLOBWB_model/model/currTimeStep.py,ModelTime.month,METHOD,105,1,A,2.0,2.0,38.039100017307746,5.0,190.19550008653874,10.566416671474375,0.012679700005769248
./models/14_PCR-GLOBWB_model/model/currTimeStep.py,ModelTime.year,METHOD,109,1,A,2.0,2.0,38.039100017307746,5.0,190.19550008653874,10.566416671474375,0.012679700005769248
./models/14_PCR-GLOBWB_model/model/currTimeStep.py,ModelTime.timeStepPCR,METHOD,113,1,A,2.0,2.0,31.69925001442312,4.0,126.79700005769249,7.044277780982916,0.010566416671474373
./models/14_PCR-GLOBWB_model/model/currTimeStep.py,ModelTime.monthIdx,METHOD,117,1,A,2.0,2.0,31.69925001442312,4.0,126.79700005769249,7.044277780982916,0.010566416671474373
./models/14_PCR-GLOBWB_model/model/currTimeStep.py,ModelTime.annuaIdx,METHOD,121,1,A,2.0,2.0,31.69925001442312,4.0,126.79700005769249,7.044277780982916,0.010566416671474373
./models/14_PCR-GLOBWB_model/model/currTimeStep.py,ModelTime.nrOfTimeSteps,METHOD,125,1,A,2.0,2.0,31.69925001442312,4.0,126.79700005769249,7.044277780982916,0.010566416671474373
./models/14_PCR-GLOBWB_model/model/currTimeStep.py,ModelTime.fulldate,METHOD,129,1,A,2.0,2.0,31.69925001442312,4.0,126.79700005769249,7.044277780982916,0.010566416671474373
./models/14_PCR-GLOBWB_model/model/currTimeStep.py,ModelTime.update,METHOD,132,4,A,11.0,21.0,750.3918613791182,15.648148148148149,11742.24301602509,652.346834223616,0.2501306204597061
./models/14_PCR-GLOBWB_model/model/currTimeStep.py,ModelTime.isFirstTimestep,METHOD,154,1,A,2.0,2.0,41.51317942364757,4.375,181.62015997845813,10.090008887692118,0.01383772647454919
./models/14_PCR-GLOBWB_model/model/currTimeStep.py,ModelTime.isFirstDayOfMonth,METHOD,157,1,A,2.0,2.0,41.51317942364757,4.375,181.62015997845813,10.090008887692118,0.01383772647454919
./models/14_PCR-GLOBWB_model/model/currTimeStep.py,ModelTime.isFirstDayOfYear,METHOD,160,1,A,2.0,2.0,41.51317942364757,4.375,181.62015997845813,10.090008887692118,0.01383772647454919
./models/14_PCR-GLOBWB_model/model/currTimeStep.py,ModelTime.isLastDayOfMonth,METHOD,163,1,A,3.0,5.0,108.41805003750011,6.0,650.5083002250007,36.13935001250004,0.036139350012500036
./models/14_PCR-GLOBWB_model/model/currTimeStep.py,ModelTime.isLastDayOfYear,METHOD,169,1,A,3.0,5.0,127.43782540330756,5.8500000000000005,745.5112786093492,41.417293256074956,0.042479275134435855
./models/14_PCR-GLOBWB_model/model/currTimeStep.py,ModelTime.isLastTimeStep,METHOD,175,1,A,2.0,2.0,48.432042660922164,5.25,254.26822396984136,14.126012442768964,0.01614401422030739
./models/14_PCR-GLOBWB_model/model/currTimeStep.py,ModelTime.yesterday,METHOD,178,1,A,3.0,3.0,125.09775004326937,5.2,650.5083002250008,36.139350012500046,0.04169925001442312
./models/14_PCR-GLOBWB_model/model/currTimeStep.py,ModelTime.endMonth,METHOD,184,1,A,2.0,2.0,38.039100017307746,4.0,152.15640006923098,8.4531333371795,0.012679700005769248
./models/14_PCR-GLOBWB_model/model/currTimeStep.py,ModelTime.endYear,METHOD,189,1,A,2.0,2.0,38.039100017307746,4.0,152.15640006923098,8.4531333371795,0.012679700005769248
./models/14_PCR-GLOBWB_model/model/currTimeStep.py,ModelTime.__str__,METHOD,192,1,A,2.0,3.0,43.18506523353571,3.75,161.9439946257589,8.996888590319939,0.014395021744511903
./models/14_PCR-GLOBWB_model/model/currTimeStep.py,ModelTime (aggregate),CLASS_AGG,33,33,E,,,,,,,
./models/14_PCR-GLOBWB_model/model/currTimeStep.py,currTimeStep.py (module aggregate),MODULE_AGG,1,33,E,,,,,,,
./models/14_PCR-GLOBWB_model/model/deterministic_runner.py,<module>,FUNCTION,1,2,A,16.0,,369.87118895965546,5.4642857142857135,2021.081853958117,112.2823252198954,0.12329039631988516
./models/14_PCR-GLOBWB_model/model/deterministic_runner.py,main,FUNCTION,70,10,B,57.0,93.0,2684.6208556037245,32.05263157894737,86049.16321382465,4780.509067434703,0.8948736185345748
./models/14_PCR-GLOBWB_model/model/deterministic_runner.py,DeterministicRunner,CLASS,44,2,A,13.0,25.0,514.9459854835226,10.575000000000001,5445.5537964882515,302.5307664715695,0.17164866182784086
./models/14_PCR-GLOBWB_model/model/deterministic_runner.py,DeterministicRunner.__init__,METHOD,46,1,A,5.0,6.0,212.66617507355792,7.954545454545455,1691.6627562669382,93.98126423705213,0.0708887250245193
./models/14_PCR-GLOBWB_model/model/deterministic_runner.py,DeterministicRunner.initial,METHOD,53,1,A,2.0,2.0,19.651484454403228,2.5,49.12871113600807,2.7293728408893374,0.00655049481813441
./models/14_PCR-GLOBWB_model/model/deterministic_runner.py,DeterministicRunner.dynamic,METHOD,56,1,A,5.0,13.0,171.67343933251425,4.909090909090909,842.7605203596154,46.82002890886752,0.05722447977750475
./models/14_PCR-GLOBWB_model/model/deterministic_runner.py,DeterministicRunner (aggregate),CLASS_AGG,46,3,A,,,,,,,
./models/14_PCR-GLOBWB_model/model/deterministic_runner.py,deterministic_runner.py (module aggregate),MODULE_AGG,1,13,C,,,,,,,
./models/14_PCR-GLOBWB_model/model/deterministic_runner_merging_ulysses.py,<module>,FUNCTION,1,4,A,25.0,,485.88941405871947,7.967741935483871,3871.4414604033454,215.0800811335192,0.16196313801957316
./models/14_PCR-GLOBWB_model/model/deterministic_runner_merging_ulysses.py,modify_ini_file,FUNCTION,278,9,B,53.0,76.0,2351.269212803607,37.51428571428571,88206.18504031816,4900.343613351009,0.783756404267869
./models/14_PCR-GLOBWB_model/model/deterministic_runner_merging_ulysses.py,main,FUNCTION,356,7,B,23.0,40.0,1010.8782126305292,17.08823529411765,17274.124751127576,959.6735972848653,0.3369594042101764
./models/14_PCR-GLOBWB_model/model/deterministic_runner_merging_ulysses.py,DeterministicRunner,CLASS,55,9,B,122.0,222.0,8035.911260526722,79.8529411764706,641691.149186178,35649.508288121,2.6786370868422407
./models/14_PCR-GLOBWB_model/model/deterministic_runner_merging_ulysses.py,DeterministicRunner.__init__,METHOD,57,6,B,19.0,37.0,965.2248186773982,21.25,20511.02739689471,1139.5015220497062,0.3217416062257994
./models/14_PCR-GLOBWB_model/model/deterministic_runner_merging_ulysses.py,DeterministicRunner.initial,METHOD,97,2,A,3.0,5.0,71.69925001442311,4.0,286.79700005769246,15.933166669871802,0.023899750004807704
./models/14_PCR-GLOBWB_model/model/deterministic_runner_merging_ulysses.py,DeterministicRunner.dynamic,METHOD,103,21,D,62.0,104.0,3849.861086689949,45.80357142857143,176337.3872742807,9796.521515237817,1.2832870288966496
./models/14_PCR-GLOBWB_model/model/deterministic_runner_merging_ulysses.py,DeterministicRunner.merging_netcdf_files,METHOD,209,2,A,18.0,38.0,813.9940546000543,19.90909090909091,16205.88163249199,900.3267573606661,0.2713313515333514
./models/14_PCR-GLOBWB_model/model/deterministic_runner_merging_ulysses.py,DeterministicRunner.check_pcrglobwb_status,METHOD,249,11,C,19.0,28.0,1122.9419688230416,33.75,37899.29144777766,2105.516191543203,0.37431398960768053
./models/14_PCR-GLOBWB_model/model/deterministic_runner_merging_ulysses.py,DeterministicRunner (aggregate),CLASS_AGG,57,42,F,,,,,,,
./models/14_PCR-GLOBWB_model/model/deterministic_runner_merging_ulysses.py,deterministic_runner_merging_ulysses.py (module aggregate),MODULE_AGG,1,58,F,,,,,,,
./models/14_PCR-GLOBWB_model/model/deterministic_runner_merging_with_arguments.py,<module>,FUNCTION,1,4,A,25.0,,485.88941405871947,7.967741935483871,3871.4414604033454,215.0800811335192,0.16196313801957316
./models/14_PCR-GLOBWB_model/model/deterministic_runner_merging_with_arguments.py,modify_ini_file,FUNCTION,328,10,B,58.0,83.0,2571.5371086047653,39.72222222222222,102147.16848068929,5674.842693371627,0.8571790362015884
./models/14_PCR-GLOBWB_model/model/deterministic_runner_merging_with_arguments.py,main,FUNCTION,413,7,B,23.0,40.0,1010.8782126305292,17.08823529411765,17274.124751127576,959.6735972848653,0.3369594042101764
./models/14_PCR-GLOBWB_model/model/deterministic_runner_merging_with_arguments.py,DeterministicRunner,CLASS,55,8,B,135.0,272.0,8787.096558215857,74.93956043956044,658501.1536126707,36583.39742292615,2.9290321860719524
./models/14_PCR-GLOBWB_model/model/deterministic_runner_merging_with_arguments.py,DeterministicRunner.__init__,METHOD,57,6,B,25.0,44.0,1341.9156527435348,23.0,30864.0600131013,1714.67000072785,0.44730521758117825
./models/14_PCR-GLOBWB_model/model/deterministic_runner_merging_with_arguments.py,DeterministicRunner.initial,METHOD,104,2,A,3.0,5.0,71.69925001442311,4.0,286.79700005769246,15.933166669871802,0.023899750004807704
./models/14_PCR-GLOBWB_model/model/deterministic_runner_merging_with_arguments.py,DeterministicRunner.dynamic,METHOD,110,21,D,69.0,124.0,4298.911104523407,45.29032258064516,194699.07066938267,10816.615037187927,1.432970368174469
./models/14_PCR-GLOBWB_model/model/deterministic_runner_merging_with_arguments.py,DeterministicRunner.merging_netcdf_files,METHOD,236,2,A,24.0,56.0,1138.8926123058957,20.785714285714285,23672.696441501117,1315.1498023056176,0.3796308707686319
./models/14_PCR-GLOBWB_model/model/deterministic_runner_merging_with_arguments.py,DeterministicRunner.check_pcrglobwb_status,METHOD,294,7,B,13.0,33.0,693.3478155669368,20.423076923076923,14160.295771770901,786.6830984317168,0.23111593852231227
./models/14_PCR-GLOBWB_model/model/deterministic_runner_merging_with_arguments.py,DeterministicRunner (aggregate),CLASS_AGG,57,38,E,,,,,,,
./models/14_PCR-GLOBWB_model/model/deterministic_runner_merging_with_arguments.py,deterministic_runner_merging_with_arguments.py (module aggregate),MODULE_AGG,1,55,F,,,,,,,
./models/14_PCR-GLOBWB_model/model/deterministic_runner_parallel_for_ulysses.py,<module>,FUNCTION,1,2,A,18.0,,409.78846330632695,6.166666666666667,2527.028857055683,140.39049205864907,0.13659615443544232
./models/14_PCR-GLOBWB_model/model/deterministic_runner_parallel_for_ulysses.py,modify_ini_file,FUNCTION,371,13,C,62.0,88.0,2967.5583651714355,48.8,144816.84822036605,8045.380456687003,0.9891861217238118
./models/14_PCR-GLOBWB_model/model/deterministic_runner_parallel_for_ulysses.py,main,FUNCTION,461,16,C,52.0,93.0,3155.271913868849,45.17857142857142,142550.67753728904,7919.482085404947,1.0517573046229496
./models/14_PCR-GLOBWB_model/model/deterministic_runner_parallel_for_ulysses.py,DeterministicRunner,CLASS,46,8,B,197.0,323.0,17797.35268180877,147.31531531531533,2621822.622098532,145656.81233880733,5.932450893936257
./models/14_PCR-GLOBWB_model/model/deterministic_runner_parallel_for_ulysses.py,DeterministicRunner.__init__,METHOD,48,8,B,16.0,27.0,922.0732457163242,24.043478260869566,22169.848038309883,1231.658224350549,0.30735774857210807
./models/14_PCR-GLOBWB_model/model/deterministic_runner_parallel_for_ulysses.py,DeterministicRunner.adusting_parameters,METHOD,76,10,B,129.0,217.0,12250.126792774096,127.71428571428572,1564516.1932485774,86917.56629158763,4.083375597591365
./models/14_PCR-GLOBWB_model/model/deterministic_runner_parallel_for_ulysses.py,DeterministicRunner.initial,METHOD,294,1,A,2.0,2.0,19.651484454403228,2.5,49.12871113600807,2.7293728408893374,0.00655049481813441
./models/14_PCR-GLOBWB_model/model/deterministic_runner_parallel_for_ulysses.py,DeterministicRunner.dynamic,METHOD,297,17,C,29.0,46.0,1353.471673117469,24.431034482758623,33066.713117369894,1837.0396176316608,0.4511572243724897
./models/14_PCR-GLOBWB_model/model/deterministic_runner_parallel_for_ulysses.py,DeterministicRunner.check_modflow_status,METHOD,344,5,A,10.0,12.0,426.06088269327125,12.947368421052632,5516.36721802867,306.46484544603726,0.14202029423109042
./models/14_PCR-GLOBWB_model/model/deterministic_runner_parallel_for_ulysses.py,DeterministicRunner.check_merging_status,METHOD,357,5,A,10.0,12.0,426.06088269327125,12.947368421052632,5516.36721802867,306.46484544603726,0.14202029423109042
./models/14_PCR-GLOBWB_model/model/deterministic_runner_parallel_for_ulysses.py,DeterministicRunner (aggregate),CLASS_AGG,48,46,F,,,,,,,
./models/14_PCR-GLOBWB_model/model/deterministic_runner_parallel_for_ulysses.py,deterministic_runner_parallel_for_ulysses.py (module aggregate),MODULE_AGG,1,75,F,,,,,,,
./models/14_PCR-GLOBWB_model/model/deterministic_runner_with_arguments.py,<module>,FUNCTION,1,2,A,18.0,,409.78846330632695,6.166666666666667,2527.028857055683,140.39049205864907,0.13659615443544232
./models/14_PCR-GLOBWB_model/model/deterministic_runner_with_arguments.py,modify_ini_file,FUNCTION,371,22,D,107.0,159.0,5082.878434196015,66.28571428571429,336922.2276381359,18717.901535451994,1.6942928113986717
./models/14_PCR-GLOBWB_model/model/deterministic_runner_with_arguments.py,main,FUNCTION,532,16,C,52.0,93.0,3155.271913868849,45.17857142857142,142550.67753728904,7919.482085404947,1.0517573046229496
./models/14_PCR-GLOBWB_model/model/deterministic_runner_with_arguments.py,DeterministicRunner,CLASS,46,8,B,197.0,323.0,17797.35268180877,147.31531531531533,2621822.622098532,145656.81233880733,5.932450893936257
./models/14_PCR-GLOBWB_model/model/deterministic_runner_with_arguments.py,DeterministicRunner.__init__,METHOD,48,8,B,16.0,27.0,922.0732457163242,24.043478260869566,22169.848038309883,1231.658224350549,0.30735774857210807
./models/14_PCR-GLOBWB_model/model/deterministic_runner_with_arguments.py,DeterministicRunner.adusting_parameters,METHOD,76,10,B,129.0,217.0,12250.126792774096,127.71428571428572,1564516.1932485774,86917.56629158763,4.083375597591365
./models/14_PCR-GLOBWB_model/model/deterministic_runner_with_arguments.py,DeterministicRunner.initial,METHOD,294,1,A,2.0,2.0,19.651484454403228,2.5,49.12871113600807,2.7293728408893374,0.00655049481813441
./models/14_PCR-GLOBWB_model/model/deterministic_runner_with_arguments.py,DeterministicRunner.dynamic,METHOD,297,17,C,29.0,46.0,1353.471673117469,24.431034482758623,33066.713117369894,1837.0396176316608,0.4511572243724897
./models/14_PCR-GLOBWB_model/model/deterministic_runner_with_arguments.py,DeterministicRunner.check_modflow_status,METHOD,344,5,A,10.0,12.0,426.06088269327125,12.947368421052632,5516.36721802867,306.46484544603726,0.14202029423109042
./models/14_PCR-GLOBWB_model/model/deterministic_runner_with_arguments.py,DeterministicRunner.check_merging_status,METHOD,357,5,A,10.0,12.0,426.06088269327125,12.947368421052632,5516.36721802867,306.46484544603726,0.14202029423109042
./models/14_PCR-GLOBWB_model/model/deterministic_runner_with_arguments.py,DeterministicRunner (aggregate),CLASS_AGG,48,46,F,,,,,,,
./models/14_PCR-GLOBWB_model/model/deterministic_runner_with_arguments.py,deterministic_runner_with_arguments.py (module aggregate),MODULE_AGG,1,84,F,,,,,,,
./models/14_PCR-GLOBWB_model/model/disclaimer.py,<module>,FUNCTION,1,1,A,2.0,,31.69925001442312,3.125,99.06015629507226,5.503342016392903,0.010566416671474373
./models/14_PCR-GLOBWB_model/model/disclaimer.py,print_disclaimer,FUNCTION,7,2,A,19.0,24.0,346.1037751197119,28.75,9950.483534691717,552.8046408162065,0.11536792503990397
./models/14_PCR-GLOBWB_model/model/disclaimer.py,disclaimer.py (module aggregate),MODULE_AGG,1,2,A,,,,,,,
./models/14_PCR-GLOBWB_model/model/earth2observe_reports.py,<module>,FUNCTION,1,1,A,190.0,,4238.976296235242,69.125,293019.2364772611,16278.846470958952,1.4129920987450808
./models/14_PCR-GLOBWB_model/model/earth2observe_reports.py,post_processing,FUNCTION,251,1,A,2.0,3.0,33.0,3.333333333333333,109.99999999999999,6.111111111111111,0.011
./models/14_PCR-GLOBWB_model/model/earth2observe_reports.py,e2o_post_processing,FUNCTION,255,1,A,28.0,32.0,2117.0651274697625,18.763636363636365,39723.840209978094,2206.8800116654497,0.7056883758232542
./models/14_PCR-GLOBWB_model/model/earth2observe_reports.py,earth2observe_reports.py (module aggregate),MODULE_AGG,1,2,A,,,,,,,
./models/14_PCR-GLOBWB_model/model/groundwater.py,<module>,FUNCTION,1,1,A,10.0,,160.5395382709427,4.571428571428571,733.895032095738,40.771946227541,0.05351317942364757
./models/14_PCR-GLOBWB_model/model/groundwater.py,Groundwater,CLASS,39,12,C,609.0,962.0,44210.34106174455,248.6186440677966,10991515.048545761,610639.7249192089,14.736780353914849
./models/14_PCR-GLOBWB_model/model/groundwater.py,Groundwater.getState,METHOD,41,1,A,13.0,17.0,427.2347694592746,17.285714285714285,7385.058157796032,410.28100876644623,0.1424115898197582
./models/14_PCR-GLOBWB_model/model/groundwater.py,Groundwater.getPseudoState,METHOD,59,1,A,3.0,4.0,41.51317942364757,5.333333333333333,221.40362359278703,12.30020131071039,0.01383772647454919
./models/14_PCR-GLOBWB_model/model/groundwater.py,Groundwater.__init__,METHOD,64,50,F,200.0,345.0,13406.748153638253,134.1176470588235,1798081.517076189,99893.41761534383,4.468916051212751
./models/14_PCR-GLOBWB_model/model/groundwater.py,Groundwater.initiate_old_style_groundwater_reporting,METHOD,410,17,C,56.0,80.0,2782.4357901538406,78.88,219478.53512733494,12193.251951518607,0.9274785967179469
./models/14_PCR-GLOBWB_model/model/groundwater.py,Groundwater.getICs,METHOD,491,1,A,2.0,3.0,74.00879436282185,5.25,388.5461704048147,21.585898355823037,0.024669598120940616
./models/14_PCR-GLOBWB_model/model/groundwater.py,Groundwater.initialize_states,METHOD,495,16,C,123.0,161.0,7094.467517530381,107.72093023255815,764222.6404930402,42456.81336072445,2.36482250584346
./models/14_PCR-GLOBWB_model/model/groundwater.py,Groundwater.perturb,METHOD,657,2,A,7.0,11.0,283.6339404013986,18.545454545454543,5260.120349262301,292.22890829235007,0.0945446468004662
./models/14_PCR-GLOBWB_model/model/groundwater.py,Groundwater.update,METHOD,669,2,A,7.0,11.0,212.66617507355792,9.2,1956.5288106767327,108.69604503759626,0.0708887250245193
./models/14_PCR-GLOBWB_model/model/groundwater.py,Groundwater.update_with_MODFLOW,METHOD,681,3,A,22.0,48.0,1488.6298122496069,22.97142857142857,34195.95340139097,1899.7751889661652,0.49620993741653563
./models/14_PCR-GLOBWB_model/model/groundwater.py,Groundwater.update_without_MODFLOW,METHOD,731,6,B,58.0,94.0,2564.2530871814643,40.2,103082.97410469488,5726.831894705271,0.854751029060488
./models/14_PCR-GLOBWB_model/model/groundwater.py,Groundwater.calculate_statistics,METHOD,826,1,A,33.0,46.0,1664.7158504644244,35.42,58964.235423449914,3275.7908568583284,0.5549052834881415
./models/14_PCR-GLOBWB_model/model/groundwater.py,Groundwater.old_style_groundwater_reporting,METHOD,874,32,E,84.0,127.0,4528.219309233613,90.0,407539.73783102515,22641.096546168064,1.5094064364112043
./models/14_PCR-GLOBWB_model/model/groundwater.py,Groundwater (aggregate),CLASS_AGG,41,132,F,,,,,,,
./models/14_PCR-GLOBWB_model/model/groundwater.py,groundwater.py (module aggregate),MODULE_AGG,1,132,F,,,,,,,
./models/14_PCR-GLOBWB_model/model/landCover.py,<module>,FUNCTION,1,1,A,8.0,,131.76952268336282,4.3076923076923075,567.622559251409,31.53458662507828,0.04392317422778761
./models/14_PCR-GLOBWB_model/model/landCover.py,LandCover,CLASS,37,11,C,2187.0,3839.0,184775.41904603835,326.9727272727273,60416522.6984442,3356473.4832469,61.59180634867945
./models/14_PCR-GLOBWB_model/model/landCover.py,LandCover.__init__,METHOD,39,50,F,179.0,276.0,12019.0,78.70093457943925,945906.5327102804,52550.36292834891,4.006333333333333
./models/14_PCR-GLOBWB_model/model/landCover.py,LandCover.updateIrrigationWaterEfficiency,METHOD,317,11,C,42.0,65.0,3184.6968249903302,53.413043478260875,170104.34997828788,9450.241665460439,1.0615656083301102
./models/14_PCR-GLOBWB_model/model/landCover.py,LandCover.get_land_cover_parameters,METHOD,384,31,E,115.0,199.0,6530.485366442307,99.81147540983608,651817.3795669507,36212.07664260837,2.176828455480769
./models/14_PCR-GLOBWB_model/model/landCover.py,LandCover.estimate_paddy_infiltration_loss,METHOD,585,9,B,20.0,31.0,1002.3541550677248,32.0,32075.332962167195,1781.962942342622,0.33411805168924164
./models/14_PCR-GLOBWB_model/model/landCover.py,LandCover.scaleRootFractionsFromTwoLayerSoilParameters,METHOD,617,5,A,24.0,37.0,1628.6958094038976,40.09615384615385,65304.43774244474,3628.0243190247074,0.5428986031346326
./models/14_PCR-GLOBWB_model/model/landCover.py,LandCover.scaleRootFractionsOLD,METHOD,656,3,A,18.0,26.0,1159.2179618295625,35.666666666666664,41345.44063858772,2296.9689243659845,0.3864059872765208
./models/14_PCR-GLOBWB_model/model/landCover.py,LandCover.scaleRootFractionsAlternativeOLD,METHOD,683,3,A,13.0,23.0,1180.0,37.28947368421052,44001.57894736841,2444.5321637426896,0.3933333333333333
./models/14_PCR-GLOBWB_model/model/landCover.py,LandCover.calculateParametersAtHalfTranspiration,METHOD,707,5,A,59.0,138.0,3736.3399129824534,68.86363636363636,257297.95309856438,14294.330727698021,1.2454466376608178
./models/14_PCR-GLOBWB_model/model/landCover.py,LandCover.calculateTotAvlWaterCapacityInRootZone,METHOD,846,3,A,34.0,43.0,2092.0613765577805,24.900000000000002,52092.32827628874,2894.0182375715967,0.6973537921859269
./models/14_PCR-GLOBWB_model/model/landCover.py,LandCover.getICsLC,METHOD,891,7,B,34.0,40.0,1521.8989788986396,40.43478260869565,61537.65436416238,3418.7585757867987,0.5072996596328798
./models/14_PCR-GLOBWB_model/model/landCover.py,LandCover.updateLC,METHOD,932,27,D,130.0,169.0,7603.815447938343,60.23076923076923,457983.6535181325,25443.536306562917,2.534605149312781
./models/14_PCR-GLOBWB_model/model/landCover.py,LandCover.getPotET,METHOD,1103,3,A,25.0,32.0,1137.8537629477446,20.34375,23148.21248996818,1286.0118049982323,0.3792845876492482
./models/14_PCR-GLOBWB_model/model/landCover.py,LandCover.interceptionUpdate,METHOD,1136,11,C,78.0,121.0,3750.634016461796,59.38775510204081,222741.73444701685,12374.540802612048,1.2502113388205986
./models/14_PCR-GLOBWB_model/model/landCover.py,LandCover.interceptionUpdateOriginalVersion,METHOD,1258,1,A,2.0,102.0,36.541209043760986,3.0,109.62362713128296,6.090201507293497,0.012180403014586996
./models/14_PCR-GLOBWB_model/model/landCover.py,LandCover.snowMeltHBVSimple,METHOD,1361,3,A,49.0,78.0,2223.590734052826,41.371428571428574,91993.12522595693,5110.729179219829,0.741196911350942
./models/14_PCR-GLOBWB_model/model/landCover.py,LandCover.getSoilStates,METHOD,1440,3,A,92.0,153.0,7999.497420475644,42.15217391304348,337196.206484832,18733.122582490665,2.666499140158548
./models/14_PCR-GLOBWB_model/model/landCover.py,LandCover.calculateWaterDemand,METHOD,1594,44,F,411.0,797.0,28807.421073066507,110.04521276595746,3170118.78122413,176117.71006800723,9.602473691022169
./models/14_PCR-GLOBWB_model/model/landCover.py,LandCover.calculateDirectRunoff,METHOD,2398,3,A,8.0,14.0,437.21828956148147,11.31578947368421,4947.470118722027,274.8594510401126,0.14573942985382715
./models/14_PCR-GLOBWB_model/model/landCover.py,LandCover.improvedArnoScheme,METHOD,2413,7,B,46.0,88.0,2961.751010249378,56.60526315789474,167650.69534332663,9313.927519073703,0.9872503367497927
./models/14_PCR-GLOBWB_model/model/landCover.py,LandCover.calculateOpenWaterEvap,METHOD,2502,3,A,15.0,29.0,875.0436086950583,28.699999999999996,25113.75156954817,1395.2084205304539,0.29168120289835275
./models/14_PCR-GLOBWB_model/model/landCover.py,LandCover.calculateInfiltration,METHOD,2532,6,B,15.0,26.0,856.5902638298094,29.25,25055.265217021923,1391.9591787234401,0.2855300879432698
./models/14_PCR-GLOBWB_model/model/landCover.py,LandCover.estimateTranspirationAndBareSoilEvap,METHOD,2559,22,D,94.0,145.0,5310.419599705385,60.58196721311475,321715.66607723356,17873.092559846307,1.7701398665684616
./models/14_PCR-GLOBWB_model/model/landCover.py,LandCover.estimateSoilFluxes,METHOD,2705,3,A,73.0,113.0,4611.419296365613,37.916666666666664,174849.6483205295,9713.869351140527,1.5371397654552044
./models/14_PCR-GLOBWB_model/model/landCover.py,LandCover.scaleAllFluxes,METHOD,2820,3,A,61.0,120.0,3465.3918750107355,53.84615384615385,186598.0240390396,10366.556891057755,1.1551306250035784
./models/14_PCR-GLOBWB_model/model/landCover.py,LandCover.scaleAllFluxesForIrrigatedAreas,METHOD,2942,5,A,15.0,131.0,854.693757330057,23.833333333333332,20370.201216366357,1131.6778453536865,0.284897919110019
./models/14_PCR-GLOBWB_model/model/landCover.py,LandCover.scaleAllFluxesOptimizeEvaporationTranspiration,METHOD,3076,3,A,93.0,146.0,5109.611652408314,76.78571428571428,392345.1804527812,21796.954469598957,1.7032038841361046
./models/14_PCR-GLOBWB_model/model/landCover.py,LandCover.scaleAllFluxesOptimizeEvaporationVersion27April2014,METHOD,3223,7,B,116.0,177.0,6709.277472487884,80.44117647058823,539702.17315454,29983.45406414111,2.236425824162628
./models/14_PCR-GLOBWB_model/model/landCover.py,LandCover.updateSoilStates,METHOD,3401,4,A,148.0,260.0,6699.3063375208485,69.375,464764.37716550886,25820.243175861604,2.2331021125069497
./models/14_PCR-GLOBWB_model/model/landCover.py,LandCover.upperSoilUpdate,METHOD,3662,12,C,177.0,214.0,5902.569738660218,36.90909090909091,217858.48308145892,12103.24906008105,1.9675232462200727
./models/14_PCR-GLOBWB_model/model/landCover.py,LandCover (aggregate),CLASS_AGG,39,297,F,,,,,,,
./models/14_PCR-GLOBWB_model/model/landCover.py,landCover.py (module aggregate),MODULE_AGG,1,297,F,,,,,,,
./models/14_PCR-GLOBWB_model/model/landSurface.py,<module>,FUNCTION,1,1,A,8.0,,142.7018117963935,4.285714285714286,611.579193413115,33.97662185628417,0.04756727059879784
./models/14_PCR-GLOBWB_model/model/landSurface.py,LandSurface,CLASS,37,18,C,1018.0,1554.0,85321.05567064701,303.63286713286715,25906276.760081526,1439237.597782307,28.44035189021567
./models/14_PCR-GLOBWB_model/model/landSurface.py,LandSurface.getState,METHOD,39,5,A,39.0,42.0,1495.7140753275996,49.34210526315789,73801.6813484013,4100.0934082445165,0.4985713584425332
./models/14_PCR-GLOBWB_model/model/landSurface.py,LandSurface.getPseudoState,METHOD,82,3,A,18.0,21.0,624.9561398674884,26.86666666666667,16790.488291106525,932.8049050614736,0.20831871328916282
./models/14_PCR-GLOBWB_model/model/landSurface.py,LandSurface.__init__,METHOD,104,36,E,187.0,283.0,8941.97802133566,97.24675324675323,869578.3301787197,48309.9072321511,2.98065934044522
./models/14_PCR-GLOBWB_model/model/landSurface.py,LandSurface.initiate_old_style_land_surface_reporting,METHOD,389,17,C,56.0,80.0,2782.4357901538406,78.88,219478.53512733494,12193.251951518607,0.9274785967179469
./models/14_PCR-GLOBWB_model/model/landSurface.py,LandSurface.getInitialConditions,METHOD,470,33,E,62.0,122.0,4092.0,81.19047619047619,332231.4285714286,18457.301587301587,1.364
./models/14_PCR-GLOBWB_model/model/landSurface.py,LandSurface.waterDemandOptions,METHOD,593,18,C,92.0,132.0,6133.578667976321,82.00862068965517,503006.32645223057,27944.795914012808,2.044526222658774
./models/14_PCR-GLOBWB_model/model/landSurface.py,LandSurface.scaleNaturalLandCoverFractions,METHOD,727,19,C,57.0,79.0,3245.6629984604547,77.23076923076923,250665.05003494586,13925.836113052548,1.0818876661534849
./models/14_PCR-GLOBWB_model/model/landSurface.py,LandSurface.scaleModifiedLandCoverFractions,METHOD,807,11,C,34.0,46.0,1854.883086824679,48.70967741935484,90350.75680984727,5019.48648943596,0.618294362274893
./models/14_PCR-GLOBWB_model/model/landSurface.py,LandSurface.obtainNonIrrWaterDemand,METHOD,854,15,C,105.0,134.0,8028.202452867383,122.16346153846155,980753.0015738471,54486.27786521373,2.6760674842891277
./models/14_PCR-GLOBWB_model/model/landSurface.py,LandSurface.calculateCapRiseFrac,METHOD,989,11,C,60.0,92.0,7673.545703555835,95.0546875,729406.4888684675,40522.58271491486,2.557848567851945
./models/14_PCR-GLOBWB_model/model/landSurface.py,LandSurface.partitioningGroundSurfaceAbstraction,METHOD,1082,5,A,44.0,77.0,2098.6335760094516,38.25,80272.73428236152,4459.596349020085,0.6995445253364839
./models/14_PCR-GLOBWB_model/model/landSurface.py,LandSurface.partitioningGroundSurfaceAbstractionForIrrigation,METHOD,1160,1,A,13.0,18.0,442.27665282929956,16.125,7131.7110268724555,396.20616815958084,0.14742555094309986
./models/14_PCR-GLOBWB_model/model/landSurface.py,LandSurface.scaleDynamicIrrigation,METHOD,1179,4,A,24.0,52.0,1423.7787608348453,26.742857142857144,38075.91200404044,2115.328444668913,0.47459292027828176
./models/14_PCR-GLOBWB_model/model/landSurface.py,LandSurface.update,METHOD,1232,50,F,142.0,231.0,10135.162545215466,75.14018691588785,761558.0080703958,42308.7782261331,3.378387515071822
./models/14_PCR-GLOBWB_model/model/landSurface.py,LandSurface.old_style_land_surface_reporting,METHOD,1464,32,E,84.0,127.0,4610.231043165399,91.84210526315789,423413.32475387474,23522.962486326374,1.536743681055133
./models/14_PCR-GLOBWB_model/model/landSurface.py,LandSurface (aggregate),CLASS_AGG,39,260,F,,,,,,,
./models/14_PCR-GLOBWB_model/model/landSurface.py,landSurface.py (module aggregate),MODULE_AGG,1,260,F,,,,,,,
./models/14_PCR-GLOBWB_model/model/merge_netcdf.py,<module>,FUNCTION,1,25,D,54.0,,3085.5190847719114,46.98275862068966,144966.19837936998,8053.6776877427765,1.0285063615906371
./models/14_PCR-GLOBWB_model/model/merge_netcdf.py,calculate_monthdelta,FUNCTION,43,3,A,11.0,11.0,440.92347162443184,23.071428571428573,10172.734381049393,565.1519100582996,0.1469744905414773
./models/14_PCR-GLOBWB_model/model/merge_netcdf.py,getMax,FUNCTION,55,2,A,6.0,6.0,141.7774500490386,10.214285714285715,1448.1553826437516,80.45307681354176,0.0472591500163462
./models/14_PCR-GLOBWB_model/model/merge_netcdf.py,getMin,FUNCTION,62,2,A,6.0,6.0,141.7774500490386,10.214285714285715,1448.1553826437516,80.45307681354176,0.0472591500163462
./models/14_PCR-GLOBWB_model/model/merge_netcdf.py,netcdfList,FUNCTION,69,2,A,9.0,9.0,314.92946111545314,14.5,4566.47718617407,253.69317700967056,0.10497648703848438
./models/14_PCR-GLOBWB_model/model/merge_netcdf.py,ncFileNameDict,FUNCTION,79,2,A,7.0,7.0,299.32032633211963,15.428571428571429,4618.085034838417,256.5602797132454,0.09977344211070655
./models/14_PCR-GLOBWB_model/model/merge_netcdf.py,mergeNetCDF,FUNCTION,87,43,F,194.0,301.0,15073.076310248145,79.59375,1199722.6675688133,66651.25930937851,5.024358770082715
./models/14_PCR-GLOBWB_model/model/merge_netcdf.py,merge_netcdf.py (module aggregate),MODULE_AGG,1,54,F,,,,,,,
./models/14_PCR-GLOBWB_model/model/merge_netcdf_6_arcmin_ulysses.py,<module>,FUNCTION,1,24,D,57.0,,3145.0201720071504,44.400000000000006,139638.8956371175,7757.7164242843055,1.048340057335717
./models/14_PCR-GLOBWB_model/model/merge_netcdf_6_arcmin_ulysses.py,calculate_monthdelta,FUNCTION,43,3,A,11.0,11.0,440.92347162443184,23.071428571428573,10172.734381049393,565.1519100582996,0.1469744905414773
./models/14_PCR-GLOBWB_model/model/merge_netcdf_6_arcmin_ulysses.py,getMax,FUNCTION,55,2,A,6.0,6.0,141.7774500490386,10.214285714285715,1448.1553826437516,80.45307681354176,0.0472591500163462
./models/14_PCR-GLOBWB_model/model/merge_netcdf_6_arcmin_ulysses.py,getMin,FUNCTION,62,2,A,6.0,6.0,141.7774500490386,10.214285714285715,1448.1553826437516,80.45307681354176,0.0472591500163462
./models/14_PCR-GLOBWB_model/model/merge_netcdf_6_arcmin_ulysses.py,netcdfList,FUNCTION,69,2,A,9.0,9.0,314.92946111545314,14.5,4566.47718617407,253.69317700967056,0.10497648703848438
./models/14_PCR-GLOBWB_model/model/merge_netcdf_6_arcmin_ulysses.py,ncFileNameDict,FUNCTION,79,2,A,7.0,7.0,299.32032633211963,15.428571428571429,4618.085034838417,256.5602797132454,0.09977344211070655
./models/14_PCR-GLOBWB_model/model/merge_netcdf_6_arcmin_ulysses.py,mergeNetCDF,FUNCTION,87,43,F,200.0,314.0,15429.133230962669,81.84375,1262778.122871601,70154.34015953339,5.14304441032089
./models/14_PCR-GLOBWB_model/model/merge_netcdf_6_arcmin_ulysses.py,merge_netcdf_6_arcmin_ulysses.py (module aggregate),MODULE_AGG,1,54,F,,,,,,,
./models/14_PCR-GLOBWB_model/model/merge_netcdf_europe.py,<module>,FUNCTION,1,26,D,65.0,,3525.165014875736,52.5,185071.16328097612,10281.731293387562,1.1750550049585786
./models/14_PCR-GLOBWB_model/model/merge_netcdf_europe.py,calculate_monthdelta,FUNCTION,43,3,A,11.0,11.0,440.92347162443184,23.071428571428573,10172.734381049393,565.1519100582996,0.1469744905414773
./models/14_PCR-GLOBWB_model/model/merge_netcdf_europe.py,getMax,FUNCTION,55,2,A,6.0,6.0,141.7774500490386,10.214285714285715,1448.1553826437516,80.45307681354176,0.0472591500163462
./models/14_PCR-GLOBWB_model/model/merge_netcdf_europe.py,getMin,FUNCTION,62,2,A,6.0,6.0,141.7774500490386,10.214285714285715,1448.1553826437516,80.45307681354176,0.0472591500163462
./models/14_PCR-GLOBWB_model/model/merge_netcdf_europe.py,netcdfList,FUNCTION,69,2,A,9.0,9.0,314.92946111545314,14.5,4566.47718617407,253.69317700967056,0.10497648703848438
./models/14_PCR-GLOBWB_model/model/merge_netcdf_europe.py,ncFileNameDict,FUNCTION,79,2,A,7.0,7.0,299.32032633211963,15.428571428571429,4618.085034838417,256.5602797132454,0.09977344211070655
./models/14_PCR-GLOBWB_model/model/merge_netcdf_europe.py,mergeNetCDF,FUNCTION,87,43,F,197.0,347.0,15384.626115873352,81.28125,1250481.641480831,69471.20230449061,5.128208705291118
./models/14_PCR-GLOBWB_model/model/merge_netcdf_europe.py,merge_netcdf_europe.py (module aggregate),MODULE_AGG,1,54,F,,,,,,,
./models/14_PCR-GLOBWB_model/model/merge_netcdf_general.py,<module>,FUNCTION,1,24,D,65.0,,4054.356060843788,47.35294117647058,191985.68405760286,10665.871336533492,1.3514520202812625
./models/14_PCR-GLOBWB_model/model/merge_netcdf_general.py,calculate_monthdelta,FUNCTION,43,3,A,11.0,11.0,440.92347162443184,23.071428571428573,10172.734381049393,565.1519100582996,0.1469744905414773
./models/14_PCR-GLOBWB_model/model/merge_netcdf_general.py,getMax,FUNCTION,55,2,A,6.0,6.0,141.7774500490386,10.214285714285715,1448.1553826437516,80.45307681354176,0.0472591500163462
./models/14_PCR-GLOBWB_model/model/merge_netcdf_general.py,getMin,FUNCTION,62,2,A,6.0,6.0,141.7774500490386,10.214285714285715,1448.1553826437516,80.45307681354176,0.0472591500163462
./models/14_PCR-GLOBWB_model/model/merge_netcdf_general.py,netcdfList,FUNCTION,69,2,A,9.0,9.0,314.92946111545314,14.5,4566.47718617407,253.69317700967056,0.10497648703848438
./models/14_PCR-GLOBWB_model/model/merge_netcdf_general.py,ncFileNameDict,FUNCTION,79,2,A,7.0,7.0,299.32032633211963,15.428571428571429,4618.085034838417,256.5602797132454,0.09977344211070655
./models/14_PCR-GLOBWB_model/model/merge_netcdf_general.py,mergeNetCDF,FUNCTION,87,43,F,197.0,347.0,15384.626115873352,81.28125,1250481.641480831,69471.20230449061,5.128208705291118
./models/14_PCR-GLOBWB_model/model/merge_netcdf_general.py,merge_netcdf_general.py (module aggregate),MODULE_AGG,1,54,F,,,,,,,
./models/14_PCR-GLOBWB_model/model/merge_pcraster_maps.py,<module>,FUNCTION,1,23,D,92.0,,4872.8722505336555,54.33333333333333,264759.39227899525,14708.855126610848,1.6242907501778852
./models/14_PCR-GLOBWB_model/model/merge_pcraster_maps.py,getMax,FUNCTION,41,3,A,8.0,8.0,231.89044416913947,10.5,2434.8496637759645,135.26942576533136,0.07729681472304649
./models/14_PCR-GLOBWB_model/model/merge_pcraster_maps.py,getMin,FUNCTION,50,3,A,8.0,8.0,231.89044416913947,10.5,2434.8496637759645,135.26942576533136,0.07729681472304649
./models/14_PCR-GLOBWB_model/model/merge_pcraster_maps.py,getFileList,FUNCTION,59,2,A,7.0,7.0,259.5971657911106,13.269230769230768,3444.654699920506,191.36970555113922,0.08653238859703688
./models/14_PCR-GLOBWB_model/model/merge_pcraster_maps.py,getMapAttributesALL,FUNCTION,67,3,A,12.0,12.0,745.0699332842307,19.58695652173913,14593.6523888933,810.7584660496278,0.24835664442807692
./models/14_PCR-GLOBWB_model/model/merge_pcraster_maps.py,checkResolution,FUNCTION,80,4,A,17.0,17.0,535.0532015217825,25.6,13697.361958957634,760.9645532754241,0.1783510671739275
./models/14_PCR-GLOBWB_model/model/merge_pcraster_maps.py,getPosition,FUNCTION,98,3,A,9.0,9.0,341.83954541669436,20.076923076923077,6863.086257981326,381.2825698878514,0.11394651513889813
./models/14_PCR-GLOBWB_model/model/merge_pcraster_maps.py,checkRowPosition,FUNCTION,108,2,A,6.0,6.0,88.81055323538621,11.25,999.1187238980948,55.50659577211638,0.029603517745128736
./models/14_PCR-GLOBWB_model/model/merge_pcraster_maps.py,joinMaps,FUNCTION,115,3,A,63.0,74.0,3362.358964381628,40.0,134494.35857526513,7471.908809736951,1.1207863214605427
./models/14_PCR-GLOBWB_model/model/merge_pcraster_maps.py,merge_pcraster_maps.py (module aggregate),MODULE_AGG,1,23,D,,,,,,,
./models/14_PCR-GLOBWB_model/model/merge_pcraster_maps_6_arcmin_ulysses.py,<module>,FUNCTION,1,25,D,115.0,,5502.989933871789,57.85256410256411,318362.07790508267,17686.782105837927,1.8343299779572628
./models/14_PCR-GLOBWB_model/model/merge_pcraster_maps_6_arcmin_ulysses.py,getMax,FUNCTION,41,3,A,8.0,8.0,231.89044416913947,10.5,2434.8496637759645,135.26942576533136,0.07729681472304649
./models/14_PCR-GLOBWB_model/model/merge_pcraster_maps_6_arcmin_ulysses.py,getMin,FUNCTION,50,3,A,8.0,8.0,231.89044416913947,10.5,2434.8496637759645,135.26942576533136,0.07729681472304649
./models/14_PCR-GLOBWB_model/model/merge_pcraster_maps_6_arcmin_ulysses.py,getFileList,FUNCTION,59,2,A,7.0,7.0,259.5971657911106,13.269230769230768,3444.654699920506,191.36970555113922,0.08653238859703688
./models/14_PCR-GLOBWB_model/model/merge_pcraster_maps_6_arcmin_ulysses.py,getMapAttributesALL,FUNCTION,67,3,A,12.0,12.0,745.0699332842307,19.58695652173913,14593.6523888933,810.7584660496278,0.24835664442807692
./models/14_PCR-GLOBWB_model/model/merge_pcraster_maps_6_arcmin_ulysses.py,checkResolution,FUNCTION,80,4,A,17.0,17.0,535.0532015217825,25.6,13697.361958957634,760.9645532754241,0.1783510671739275
./models/14_PCR-GLOBWB_model/model/merge_pcraster_maps_6_arcmin_ulysses.py,getPosition,FUNCTION,98,3,A,9.0,9.0,341.83954541669436,20.076923076923077,6863.086257981326,381.2825698878514,0.11394651513889813
./models/14_PCR-GLOBWB_model/model/merge_pcraster_maps_6_arcmin_ulysses.py,checkRowPosition,FUNCTION,108,2,A,6.0,6.0,88.81055323538621,11.25,999.1187238980948,55.50659577211638,0.029603517745128736
./models/14_PCR-GLOBWB_model/model/merge_pcraster_maps_6_arcmin_ulysses.py,joinMaps,FUNCTION,115,3,A,63.0,74.0,3362.358964381628,40.0,134494.35857526513,7471.908809736951,1.1207863214605427
./models/14_PCR-GLOBWB_model/model/merge_pcraster_maps_6_arcmin_ulysses.py,merge_pcraster_maps_6_arcmin_ulysses.py (module aggregate),MODULE_AGG,1,23,D,,,,,,,
./models/14_PCR-GLOBWB_model/model/merge_pcraster_maps_general.py,<module>,FUNCTION,1,19,C,103.0,,5279.94649789518,52.650000000000006,277989.1831141813,15443.843506343404,1.75998216596506
./models/14_PCR-GLOBWB_model/model/merge_pcraster_maps_general.py,getMax,FUNCTION,41,3,A,8.0,8.0,231.89044416913947,10.5,2434.8496637759645,135.26942576533136,0.07729681472304649
./models/14_PCR-GLOBWB_model/model/merge_pcraster_maps_general.py,getMin,FUNCTION,50,3,A,8.0,8.0,231.89044416913947,10.5,2434.8496637759645,135.26942576533136,0.07729681472304649
./models/14_PCR-GLOBWB_model/model/merge_pcraster_maps_general.py,getFileList,FUNCTION,59,2,A,7.0,7.0,259.5971657911106,13.269230769230768,3444.654699920506,191.36970555113922,0.08653238859703688
./models/14_PCR-GLOBWB_model/model/merge_pcraster_maps_general.py,getMapAttributesALL,FUNCTION,67,3,A,12.0,12.0,745.0699332842307,19.58695652173913,14593.6523888933,810.7584660496278,0.24835664442807692
./models/14_PCR-GLOBWB_model/model/merge_pcraster_maps_general.py,checkResolution,FUNCTION,80,4,A,17.0,17.0,535.0532015217825,25.6,13697.361958957634,760.9645532754241,0.1783510671739275
./models/14_PCR-GLOBWB_model/model/merge_pcraster_maps_general.py,getPosition,FUNCTION,98,3,A,9.0,9.0,341.83954541669436,20.076923076923077,6863.086257981326,381.2825698878514,0.11394651513889813
./models/14_PCR-GLOBWB_model/model/merge_pcraster_maps_general.py,checkRowPosition,FUNCTION,108,2,A,6.0,6.0,88.81055323538621,11.25,999.1187238980948,55.50659577211638,0.029603517745128736
./models/14_PCR-GLOBWB_model/model/merge_pcraster_maps_general.py,joinMaps,FUNCTION,115,3,A,63.0,74.0,3362.358964381628,40.0,134494.35857526513,7471.908809736951,1.1207863214605427
./models/14_PCR-GLOBWB_model/model/merge_pcraster_maps_general.py,merge_pcraster_maps_general.py (module aggregate),MODULE_AGG,1,23,D,,,,,,,
./models/14_PCR-GLOBWB_model/model/meteo.py,<module>,FUNCTION,1,1,A,12.0,,249.9824559469954,4.8,1199.915788545578,66.66198825253211,0.08332748531566514
./models/14_PCR-GLOBWB_model/model/meteo.py,Meteo,CLASS,42,11,C,657.0,1128.0,50380.46627772391,187.85119047619048,9464030.567016006,525779.4759453336,16.793488759241303
./models/14_PCR-GLOBWB_model/model/meteo.py,Meteo.getState,METHOD,44,1,A,6.0,12.0,150.11730005192322,12.571428571428571,1887.1889149384633,104.8438286076924,0.05003910001730774
./models/14_PCR-GLOBWB_model/model/meteo.py,Meteo.getPseudoState,METHOD,57,1,A,3.0,4.0,41.51317942364757,5.333333333333333,221.40362359278703,12.30020131071039,0.01383772647454919
./models/14_PCR-GLOBWB_model/model/meteo.py,Meteo.getICs,METHOD,62,1,A,2.0,3.0,74.00879436282185,5.25,388.5461704048147,21.585898355823037,0.024669598120940616
./models/14_PCR-GLOBWB_model/model/meteo.py,Meteo.initialize_states,METHOD,66,5,A,27.0,40.0,1542.8906889524142,34.32,52952.008444846855,2941.7782469359363,0.5142968963174714
./models/14_PCR-GLOBWB_model/model/meteo.py,Meteo.__init__,METHOD,110,26,D,120.0,189.0,6523.866619072631,55.05194805194805,359151.5662110244,19952.864789501356,2.1746222063575438
./models/14_PCR-GLOBWB_model/model/meteo.py,Meteo.read_meteo_conversion_factors,METHOD,301,10,B,16.0,22.0,1925.9893974337958,43.16,83125.70239324262,4618.094577402368,0.6419964658112652
./models/14_PCR-GLOBWB_model/model/meteo.py,Meteo.read_meteo_variable_names,METHOD,326,4,A,4.0,5.0,195.98647506778866,16.5,3233.776838618513,179.6542688121396,0.06532882502259622
./models/14_PCR-GLOBWB_model/model/meteo.py,Meteo.forcingDownscalingOptions,METHOD,332,12,C,58.0,84.0,2973.841906724359,54.13333333333334,160983.97521734532,8943.554178741406,0.9912806355747863
./models/14_PCR-GLOBWB_model/model/meteo.py,Meteo.perturb,METHOD,417,2,A,7.0,13.0,286.62087871252675,16.291666666666668,4669.531815691582,259.41843420508786,0.09554029290417558
./models/14_PCR-GLOBWB_model/model/meteo.py,Meteo.update,METHOD,432,64,F,234.0,429.0,16195.845046966831,80.96000000000001,1311215.6150024347,72845.3119445797,5.3986150156556105
./models/14_PCR-GLOBWB_model/model/meteo.py,Meteo.downscalePrecipitation,METHOD,863,3,A,28.0,46.0,1402.9847368384812,27.5625,38669.76680911064,2148.3203782839246,0.4676615789461604
./models/14_PCR-GLOBWB_model/model/meteo.py,Meteo.downscaleTemperature,METHOD,910,3,A,25.0,29.0,1162.244937731848,22.5,26150.51109896658,1452.80617216481,0.38741497924394935
./models/14_PCR-GLOBWB_model/model/meteo.py,Meteo.downscaleTemperatureFunction,METHOD,940,3,A,26.0,31.0,1151.5023444202136,22.857142857142858,26320.05358674774,1462.2251992637634,0.38383411480673785
./models/14_PCR-GLOBWB_model/model/meteo.py,Meteo.downscaleReferenceETPot,METHOD,973,3,A,15.0,28.0,755.3707380161977,18.958333333333332,14320.570241557081,795.58723564206,0.25179024600539923
./models/14_PCR-GLOBWB_model/model/meteo.py,Meteo.read_forcings,METHOD,1003,25,D,85.0,167.0,5400.385804659928,74.47222222222223,402178.73173036857,22343.262873909363,1.8001286015533093
./models/14_PCR-GLOBWB_model/model/meteo.py,Meteo (aggregate),CLASS_AGG,44,163,F,,,,,,,
./models/14_PCR-GLOBWB_model/model/meteo.py,meteo.py (module aggregate),MODULE_AGG,1,163,F,,,,,,,
./models/14_PCR-GLOBWB_model/model/ncConverter.py,<module>,FUNCTION,1,1,A,12.0,,146.94555522617034,1.5,220.41833283925553,12.245462935514196,0.048981851742056784
./models/14_PCR-GLOBWB_model/model/ncConverter.py,PCR2netCDF,CLASS,41,5,A,111.0,177.0,7536.960090796483,65.48235294117647,493537.8807690968,27418.77115383871,2.5123200302654944
./models/14_PCR-GLOBWB_model/model/ncConverter.py,PCR2netCDF.__init__,METHOD,43,14,C,28.0,44.0,1977.2250220254336,33.55263157894737,66341.10271269547,3685.6168173719707,0.6590750073418112
./models/14_PCR-GLOBWB_model/model/ncConverter.py,PCR2netCDF.set_general_netcdf_attributes,METHOD,89,3,A,10.0,12.0,446.9342515517366,24.0,10726.422037241678,595.9123354023154,0.14897808385057887
./models/14_PCR-GLOBWB_model/model/ncConverter.py,PCR2netCDF.createNetCDF,METHOD,102,4,A,33.0,48.0,1663.1624881252424,22.195121951219512,36914.09424863343,2050.7830138129684,0.5543874960417474
./models/14_PCR-GLOBWB_model/model/ncConverter.py,PCR2netCDF.changeAtrribute,METHOD,151,2,A,5.0,8.0,238.4180500375001,6.6,1573.5591302475007,87.4199516804167,0.07947268334583336
./models/14_PCR-GLOBWB_model/model/ncConverter.py,PCR2netCDF.addNewVariable,METHOD,160,2,A,11.0,15.0,484.2618354584115,8.8125,4267.557424977252,237.08652360984732,0.1614206118194705
./models/14_PCR-GLOBWB_model/model/ncConverter.py,PCR2netCDF.data2NetCDF,METHOD,176,3,A,9.0,15.0,529.0961354900353,11.0,5820.057490390388,323.33652724391044,0.17636537849667844
./models/14_PCR-GLOBWB_model/model/ncConverter.py,PCR2netCDF.dataList2NetCDF,METHOD,192,4,A,11.0,19.0,603.5116640460124,13.26,8002.564665250124,444.5869258472291,0.20117055468200412
./models/14_PCR-GLOBWB_model/model/ncConverter.py,PCR2netCDF.close,METHOD,212,1,A,3.0,6.0,87.56916320732489,5.0,437.84581603662446,24.32476755759025,0.029189721069108297
./models/14_PCR-GLOBWB_model/model/ncConverter.py,PCR2netCDF (aggregate),CLASS_AGG,43,33,E,,,,,,,
./models/14_PCR-GLOBWB_model/model/ncConverter.py,ncConverter.py (module aggregate),MODULE_AGG,1,33,E,,,,,,,
./models/14_PCR-GLOBWB_model/model/oldcalc_framework.py,<module>,FUNCTION,1,1,A,12.0,,209.2150500951926,4.421052631578948,924.9507477892727,51.386152654959595,0.06973835003173086
./models/14_PCR-GLOBWB_model/model/oldcalc_framework.py,PCRGlobWBVersionOne,CLASS,43,6,B,141.0,214.0,7542.324530404502,59.265306122448976,446998.172169279,24833.23178718217,2.514108176801501
./models/14_PCR-GLOBWB_model/model/oldcalc_framework.py,PCRGlobWBVersionOne.__init__,METHOD,45,4,A,62.0,94.0,2550.646930483892,31.53846153846154,80443.48011526122,4469.082228625623,0.8502156434946306
./models/14_PCR-GLOBWB_model/model/oldcalc_framework.py,PCRGlobWBVersionOne.initial,METHOD,140,3,A,10.0,18.0,578.2493235848135,12.72,7355.331395998828,408.6295219999349,0.19274977452827116
./models/14_PCR-GLOBWB_model/model/oldcalc_framework.py,PCRGlobWBVersionOne.dynamic,METHOD,159,10,B,54.0,73.0,2632.808227026675,35.236363636363635,92770.58807232174,5153.92155957343,0.877602742342225
./models/14_PCR-GLOBWB_model/model/oldcalc_framework.py,PCRGlobWBVersionOne.compare_output,METHOD,233,3,A,14.0,24.0,707.196864609587,13.241379310344827,9364.261931382118,520.2367739656733,0.23573228820319567
./models/14_PCR-GLOBWB_model/model/oldcalc_framework.py,PCRGlobWBVersionOne (aggregate),CLASS_AGG,45,20,C,,,,,,,
./models/14_PCR-GLOBWB_model/model/oldcalc_framework.py,oldcalc_framework.py (module aggregate),MODULE_AGG,1,20,C,,,,,,,
./models/14_PCR-GLOBWB_model/model/parallel_pcrglobwb_runner.py,<module>,FUNCTION,1,23,D,89.0,,5240.3307966965795,55.0,288218.19381831185,16012.121878795102,1.746776932232193
./models/14_PCR-GLOBWB_model/model/parallel_pcrglobwb_runner.py,parallel_pcrglobwb_runner.py (module aggregate),MODULE_AGG,1,0,A,,,,,,,
./models/14_PCR-GLOBWB_model/model/parallel_pcrglobwb_runner_with_arguments.py,<module>,FUNCTION,1,23,D,92.0,,5369.778862264484,54.857142857142854,294570.7261585088,16365.040342139378,1.7899262874214947
./models/14_PCR-GLOBWB_model/model/parallel_pcrglobwb_runner_with_arguments.py,modify_ini_file,FUNCTION,200,15,C,83.0,111.0,3717.4142957963563,47.97619047619048,178347.3763340395,9908.187574113304,1.2391380985987854
./models/14_PCR-GLOBWB_model/model/parallel_pcrglobwb_runner_with_arguments.py,parallel_pcrglobwb_runner_with_arguments.py (module aggregate),MODULE_AGG,1,15,C,,,,,,,
./models/14_PCR-GLOBWB_model/model/parameterSoilAndTopo.py,<module>,FUNCTION,1,1,A,3.0,,28.07354922057604,1.0,28.07354922057604,1.5596416233653356,0.009357849740192013
./models/14_PCR-GLOBWB_model/model/parameterSoilAndTopo.py,SoilAndTopoParameters,CLASS,30,11,C,305.0,402.0,23693.464747086524,121.13333333333333,2870068.363030414,159448.24239057855,7.897821582362175
./models/14_PCR-GLOBWB_model/model/parameterSoilAndTopo.py,SoilAndTopoParameters.__init__,METHOD,32,1,A,7.0,11.0,258.64703388096325,10.038461538461538,2596.418301651208,144.2454612028449,0.08621567796032108
./models/14_PCR-GLOBWB_model/model/parameterSoilAndTopo.py,SoilAndTopoParameters.read,METHOD,44,1,A,3.0,4.0,106.60593781761291,6.5,692.938595814484,38.49658865636022,0.03553531260587097
./models/14_PCR-GLOBWB_model/model/parameterSoilAndTopo.py,SoilAndTopoParameters.readTopo,METHOD,49,12,C,38.0,48.0,2546.742900328847,53.19354838709677,135470.2916981377,7526.127316563206,0.8489143001096157
./models/14_PCR-GLOBWB_model/model/parameterSoilAndTopo.py,SoilAndTopoParameters.readSoilMapOfFAO,METHOD,98,28,D,161.0,208.0,12150.486547730092,91.10843373493977,1107011.798481144,61500.655471174665,4.050162182576697
./models/14_PCR-GLOBWB_model/model/parameterSoilAndTopo.py,SoilAndTopoParameters.readSoil,METHOD,307,10,B,95.0,125.0,5761.842188131011,44.769230769230774,257953.24257632685,14330.735698684824,1.9206140627103372
./models/14_PCR-GLOBWB_model/model/parameterSoilAndTopo.py,SoilAndTopoParameters (aggregate),CLASS_AGG,32,52,F,,,,,,,
./models/14_PCR-GLOBWB_model/model/parameterSoilAndTopo.py,parameterSoilAndTopo.py (module aggregate),MODULE_AGG,1,52,F,,,,,,,
./models/14_PCR-GLOBWB_model/model/pcrglobwb.py,<module>,FUNCTION,1,1,A,13.0,,169.64361252668277,3.166666666666667,537.2047730011622,29.844709611175674,0.05654787084222759
./models/14_PCR-GLOBWB_model/model/pcrglobwb.py,PCRGlobWB,CLASS,48,4,A,294.0,460.0,22770.98512194487,106.70108695652173,2429688.863582302,134982.71464346122,7.590328373981623
./models/14_PCR-GLOBWB_model/model/pcrglobwb.py,PCRGlobWB.__init__,METHOD,50,6,B,28.0,50.0,1612.5811326011255,19.782608695652176,31901.06153623966,1772.2811964577588,0.5375270442003752
./models/14_PCR-GLOBWB_model/model/pcrglobwb.py,PCRGlobWB.configuration,METHOD,103,1,A,2.0,2.0,31.69925001442312,4.0,126.79700005769249,7.044277780982916,0.010566416671474373
./models/14_PCR-GLOBWB_model/model/pcrglobwb.py,PCRGlobWB.createSubmodels,METHOD,106,1,A,6.0,10.0,431.87862564904935,12.65625,5465.963855870781,303.6646586594878,0.14395954188301646
./models/14_PCR-GLOBWB_model/model/pcrglobwb.py,PCRGlobWB.dumpState,METHOD,117,7,B,32.0,39.0,1083.5663000508216,27.391304347826086,29680.294305739895,1648.905239207772,0.3611887666836072
./models/14_PCR-GLOBWB_model/model/pcrglobwb.py,PCRGlobWB.calculateAndDumpMonthlyValuesForMODFLOW,METHOD,157,6,B,24.0,38.0,1958.948795460614,44.14705882352941,86481.82770548182,4804.545983637879,0.6529829318202047
./models/14_PCR-GLOBWB_model/model/pcrglobwb.py,PCRGlobWB.resume,METHOD,196,1,A,2.0,3.0,19.651484454403228,2.5,49.12871113600807,2.7293728408893374,0.00655049481813441
./models/14_PCR-GLOBWB_model/model/pcrglobwb.py,PCRGlobWB.setState,METHOD,202,1,A,2.0,2.0,50.18947501009619,3.0,150.56842503028855,8.364912501682698,0.016729825003365395
./models/14_PCR-GLOBWB_model/model/pcrglobwb.py,PCRGlobWB.report_summary,METHOD,206,9,B,105.0,157.0,7423.936837413971,71.06666666666666,527594.4445788861,29310.802476604786,2.4746456124713236
./models/14_PCR-GLOBWB_model/model/pcrglobwb.py,PCRGlobWB.getState,METHOD,366,1,A,7.0,10.0,254.8756508066151,16.5,4205.448238309149,233.63601323939716,0.08495855026887171
./models/14_PCR-GLOBWB_model/model/pcrglobwb.py,PCRGlobWB.getPseudoState,METHOD,377,1,A,7.0,10.0,254.8756508066151,16.5,4205.448238309149,233.63601323939716,0.08495855026887171
./models/14_PCR-GLOBWB_model/model/pcrglobwb.py,PCRGlobWB.getAllState,METHOD,388,1,A,11.0,16.0,535.1317942364757,24.0,12843.163061675416,713.5090589819675,0.1783772647454919
./models/14_PCR-GLOBWB_model/model/pcrglobwb.py,PCRGlobWB.totalLandWaterStores,METHOD,406,3,A,20.0,26.0,624.2287351087463,17.05,10643.099933604124,591.2833296446736,0.20807624503624875
./models/14_PCR-GLOBWB_model/model/pcrglobwb.py,PCRGlobWB.totalSurfaceWaterStores,METHOD,433,1,A,2.0,4.0,79.9544533632097,4.5,359.79504013444364,19.988613340802424,0.02665148445440323
./models/14_PCR-GLOBWB_model/model/pcrglobwb.py,PCRGlobWB.checkLandSurfaceWaterBalance,METHOD,438,1,A,14.0,21.0,752.9445005050502,12.419999999999998,9351.570696272722,519.5317053484846,0.2509815001683501
./models/14_PCR-GLOBWB_model/model/pcrglobwb.py,PCRGlobWB.read_forcings,METHOD,460,1,A,3.0,3.0,96.21143267166839,5.142857142857142,494.8016537400088,27.488980763333824,0.032070477557222796
./models/14_PCR-GLOBWB_model/model/pcrglobwb.py,PCRGlobWB.update,METHOD,464,12,C,27.0,44.0,1706.9202954598331,19.756097560975608,33722.08388591377,1873.4491047729873,0.5689734318199444
./models/14_PCR-GLOBWB_model/model/pcrglobwb.py,PCRGlobWB (aggregate),CLASS_AGG,50,53,F,,,,,,,
./models/14_PCR-GLOBWB_model/model/pcrglobwb.py,pcrglobwb.py (module aggregate),MODULE_AGG,1,53,F,,,,,,,
./models/14_PCR-GLOBWB_model/model/reporting.py,<module>,FUNCTION,1,1,A,7.0,,116.69205856195879,4.333333333333333,505.66558710182136,28.092532616767855,0.03889735285398626
./models/14_PCR-GLOBWB_model/model/reporting.py,Reporting,CLASS,49,14,C,774.0,1357.0,74341.90728198584,172.62328767123287,12833144.446766363,712952.469264798,24.780635760661948
./models/14_PCR-GLOBWB_model/model/reporting.py,Reporting.__init__,METHOD,51,4,A,15.0,25.0,559.0918488470013,15.363636363636365,8589.683859558476,477.20465886435977,0.1863639496156671
./models/14_PCR-GLOBWB_model/model/reporting.py,Reporting.initiate_reporting,METHOD,77,52,F,215.0,310.0,9868.489153698363,158.6931818181818,1566061.9435386094,87003.44130770053,3.289496384566121
./models/14_PCR-GLOBWB_model/model/reporting.py,Reporting.post_processing,METHOD,388,4,A,11.0,19.0,489.30622957776995,7.875,3853.2865579249383,214.07147544027436,0.16310207652592332
./models/14_PCR-GLOBWB_model/model/reporting.py,Reporting.report_forcing_for_debugging,METHOD,408,3,A,14.0,22.0,1013.755675482407,18.0,18247.602158683327,1013.755675482407,0.33791855849413566
./models/14_PCR-GLOBWB_model/model/reporting.py,Reporting.report_vegetation_phenology_for_debugging,METHOD,432,7,B,31.0,60.0,2230.1948141825624,38.12903225806451,85035.17001173511,4724.176111763062,0.7433982713941875
./models/14_PCR-GLOBWB_model/model/reporting.py,Reporting.report_static_maps_for_debugging,METHOD,494,3,A,47.0,127.0,6588.979243215839,64.0,421694.6715658137,23427.481753656317,2.19632641440528
./models/14_PCR-GLOBWB_model/model/reporting.py,Reporting.basic_post_processing,METHOD,623,3,A,59.0,93.0,4330.066015251893,29.629870129870127,128299.29368567784,7127.738538093214,1.4433553384172977
./models/14_PCR-GLOBWB_model/model/reporting.py,Reporting.additional_post_processing,METHOD,717,21,D,164.0,307.0,15980.602954030477,81.88028169014085,1308496.2714543124,72694.23730301735,5.326867651343492
./models/14_PCR-GLOBWB_model/model/reporting.py,Reporting.report,METHOD,1027,52,F,164.0,277.0,9438.369115756004,125.55555555555556,1185039.6778671427,65835.5376592857,3.1461230385853347
./models/14_PCR-GLOBWB_model/model/reporting.py,Reporting.e2o_post_processing,METHOD,1307,1,A,28.0,34.0,2117.0651274697625,18.763636363636365,39723.840209978094,2206.8800116654497,0.7056883758232542
./models/14_PCR-GLOBWB_model/model/reporting.py,Reporting.ulysses_post_processing,METHOD,1342,1,A,25.0,64.0,2267.8347162696377,22.125,50175.84309746574,2787.5468387480964,0.7559449054232126
./models/14_PCR-GLOBWB_model/model/reporting.py,Reporting (aggregate),CLASS_AGG,51,151,F,,,,,,,
./models/14_PCR-GLOBWB_model/model/reporting.py,reporting.py (module aggregate),MODULE_AGG,1,151,F,,,,,,,
./models/14_PCR-GLOBWB_model/model/routing.py,<module>,FUNCTION,1,1,A,13.0,,216.22022703449022,4.666666666666667,1009.0277261609544,56.057095897830806,0.07207340901149674
./models/14_PCR-GLOBWB_model/model/routing.py,Routing,CLASS,44,6,B,1302.0,2450.0,112187.46846033732,349.62275449101793,39223291.74247733,2179071.7634709626,37.395822820112436
./models/14_PCR-GLOBWB_model/model/routing.py,Routing.getPseudoState,METHOD,47,1,A,3.0,3.0,41.51317942364757,5.333333333333333,221.40362359278703,12.30020131071039,0.01383772647454919
./models/14_PCR-GLOBWB_model/model/routing.py,Routing.getVariables,METHOD,52,1,A,3.0,3.0,51.80615605397529,5.625,291.40962780361104,16.18942376686728,0.01726871868465843
./models/14_PCR-GLOBWB_model/model/routing.py,Routing.getState,METHOD,56,1,A,15.0,23.0,513.5278502336546,17.875,9179.310322926576,509.961684607032,0.17117595007788486
./models/14_PCR-GLOBWB_model/model/routing.py,Routing.__init__,METHOD,80,26,D,157.0,246.0,9783.491395138593,66.0,645710.4320791472,35872.80178217484,3.261163798379531
./models/14_PCR-GLOBWB_model/model/routing.py,Routing.getICs,METHOD,327,6,B,53.0,82.0,4828.650465939079,89.11764705882354,430317.9679939827,23906.553777443485,1.6095501553130265
./models/14_PCR-GLOBWB_model/model/routing.py,Routing.estimateBankfullDischarge,METHOD,411,1,A,3.0,8.0,97.67226489021297,7.5,732.5419866765973,40.69677703758874,0.03255742163007099
./models/14_PCR-GLOBWB_model/model/routing.py,Routing.estimateBankfullDepth,METHOD,420,1,A,5.0,11.0,221.00602507644254,14.928571428571429,3299.304231498321,183.29467952768448,0.07366867502548084
./models/14_PCR-GLOBWB_model/model/routing.py,Routing.estimateBankfullCapacity,METHOD,432,1,A,5.0,8.0,185.8429080801566,8.181818181818182,1520.5328842921904,84.4740491273439,0.06194763602671887
./models/14_PCR-GLOBWB_model/model/routing.py,Routing.getElevationProfile,METHOD,441,15,C,54.0,104.0,4165.751928126252,73.69791666666666,307007.23845305445,17055.95769183636,1.388583976042084
./models/14_PCR-GLOBWB_model/model/routing.py,Routing.getRoutingParamAvgDischarge,METHOD,547,2,A,11.0,21.0,557.653170958682,15.555555555555555,8674.604881579498,481.92249342108323,0.18588439031956067
./models/14_PCR-GLOBWB_model/model/routing.py,Routing.getCharacteristicDistance,METHOD,569,2,A,36.0,75.0,2514.632631126664,30.815217391304348,77488.95118743578,4304.941732635321,0.8382108770422213
./models/14_PCR-GLOBWB_model/model/routing.py,Routing.accuTravelTime,METHOD,645,1,A,19.0,42.0,1066.890867524553,23.375,24938.574028386425,1385.4763349103569,0.355630289174851
./models/14_PCR-GLOBWB_model/model/routing.py,Routing.estimate_length_of_sub_time_step,METHOD,689,1,A,19.0,33.0,988.5335573393414,23.678571428571427,23407.062446999404,1300.3923581666336,0.3295111857797805
./models/14_PCR-GLOBWB_model/model/routing.py,Routing.simplifiedKinematicWave,METHOD,723,3,A,46.0,100.0,3031.825329915808,40.58490566037736,123046.34499337553,6835.9080551875295,1.0106084433052693
./models/14_PCR-GLOBWB_model/model/routing.py,Routing.update,METHOD,824,12,C,67.0,132.0,4220.276103551664,40.43939393939394,170665.40788453622,9481.411549140901,1.406758701183888
./models/14_PCR-GLOBWB_model/model/routing.py,Routing.calculate_potential_evaporation,METHOD,958,6,B,16.0,27.0,922.4348466615212,17.0625,15739.044571162205,874.3913650645669,0.30747828222050705
./models/14_PCR-GLOBWB_model/model/routing.py,Routing.calculate_evaporation,METHOD,986,1,A,10.0,20.0,466.15460658280927,13.894736842105262,6477.095586203244,359.83864367795803,0.15538486886093641
./models/14_PCR-GLOBWB_model/model/routing.py,Routing.calculate_exchange_to_groundwater,METHOD,1007,4,A,31.0,53.0,1698.7310360060453,37.05882352941176,62952.97368728285,3497.3874270712695,0.5662436786686817
./models/14_PCR-GLOBWB_model/model/routing.py,Routing.simple_update,METHOD,1062,8,B,80.0,144.0,4355.416645782956,51.101694915254235,222569.17266162054,12364.954036756697,1.4518055485943187
./models/14_PCR-GLOBWB_model/model/routing.py,Routing.calculate_alpha_and_initial_discharge_for_kinematic_wave,METHOD,1207,2,A,21.0,41.0,1197.2239749998691,26.20689655172414,31375.524862065537,1743.0847145591965,0.3990746583332897
./models/14_PCR-GLOBWB_model/model/routing.py,Routing.calculate_alpha_and_initial_discharge_for_kinematic_wave_OLD,METHOD,1249,2,A,22.0,49.0,1329.0284493117813,27.0,35883.768131418095,1993.542673967672,0.44300948310392707
./models/14_PCR-GLOBWB_model/model/routing.py,Routing.integralLogisticFunction,METHOD,1299,1,A,3.0,7.0,125.09775004326937,8.125,1016.4192191015636,56.46773439453131,0.04169925001442312
./models/14_PCR-GLOBWB_model/model/routing.py,Routing.returnInundationFractionAndFloodDepth,METHOD,1307,4,A,34.0,66.0,2610.845643258965,47.5,124015.16805480084,6889.731558600047,0.8702818810863217
./models/14_PCR-GLOBWB_model/model/routing.py,Routing.return_water_body_storage_to_channel,METHOD,1374,1,A,21.0,25.0,889.0105221083456,30.0,26670.31566325037,1481.6842035139096,0.2963368407027819
./models/14_PCR-GLOBWB_model/model/routing.py,Routing.kinematic_wave_update_before_19_feb_2018,METHOD,1400,7,B,126.0,245.0,8349.791597309313,65.93548387096774,550547.5491903302,30585.974955018344,2.7832638657697713
./models/14_PCR-GLOBWB_model/model/routing.py,Routing.kinematic_wave_update_not_working,METHOD,1648,6,B,125.0,275.0,8474.716683069137,67.13297872340425,568932.9747713594,31607.387487297743,2.8249055610230456
./models/14_PCR-GLOBWB_model/model/routing.py,Routing.kinematic_wave_update,METHOD,1926,6,B,124.0,261.0,8527.446737677597,68.19354838709677,581516.8517242078,32306.491762455986,2.8424822458925325
./models/14_PCR-GLOBWB_model/model/routing.py,Routing.calculate_statistics,METHOD,2190,1,A,22.0,37.0,1345.7136591661204,20.96875,28217.933290639587,1567.6629605910882,0.4485712197220401
./models/14_PCR-GLOBWB_model/model/routing.py,Routing.estimate_discharge_for_environmental_flow,METHOD,2228,1,A,11.0,22.0,456.6987175954724,17.625,8049.314897620201,447.1841609789001,0.15223290586515745
./models/14_PCR-GLOBWB_model/model/routing.py,Routing.estimate_available_volume_for_abstraction,METHOD,2252,1,A,19.0,33.0,820.6852827111946,22.454545454545453,18428.114984515007,1023.7841658063893,0.2735617609037315
./models/14_PCR-GLOBWB_model/model/routing.py,Routing.initiate_old_style_routing_reporting,METHOD,2286,17,C,56.0,80.0,2782.4357901538406,78.88,219478.53512733494,12193.251951518607,0.9274785967179469
./models/14_PCR-GLOBWB_model/model/routing.py,Routing.old_style_routing_reporting,METHOD,2367,32,E,84.0,127.0,4528.219309233613,90.0,407539.73783102515,22641.096546168064,1.5094064364112043
./models/14_PCR-GLOBWB_model/model/routing.py,Routing (aggregate),CLASS_AGG,47,174,F,,,,,,,
./models/14_PCR-GLOBWB_model/model/routing.py,routing.py (module aggregate),MODULE_AGG,1,174,F,,,,,,,
./models/14_PCR-GLOBWB_model/model/setup.py,<module>,FUNCTION,1,1,A,5.0,,85.95159310338741,4.375,376.0382198273199,20.891012212628883,0.02865053103446247
./models/14_PCR-GLOBWB_model/model/setup.py,setup.py (module aggregate),MODULE_AGG,1,0,A,,,,,,,
./models/14_PCR-GLOBWB_model/model/spinUp.py,<module>,FUNCTION,1,1,A,8.0,,108.41805003750011,3.25,352.35866262187534,19.575481256770853,0.036139350012500036
./models/14_PCR-GLOBWB_model/model/spinUp.py,SpinUp,CLASS,37,3,A,102.0,161.0,6469.417166702526,59.44186046511628,384554.1925137594,21364.121806319967,2.1564723889008417
./models/14_PCR-GLOBWB_model/model/spinUp.py,SpinUp.__init__,METHOD,39,4,A,12.0,19.0,600.2829002036559,19.894736842105264,11942.47033036747,663.4705739093039,0.2000943000678853
./models/14_PCR-GLOBWB_model/model/spinUp.py,SpinUp.setupConvergence,METHOD,59,1,A,7.0,14.0,356.75452949098377,12.807692307692308,4569.2022430960615,253.8445690608923,0.11891817649699458
./models/14_PCR-GLOBWB_model/model/spinUp.py,SpinUp.getIniStates,METHOD,74,3,A,32.0,39.0,1067.9379399539348,18.14814814814815,19381.09594731215,1076.727552628453,0.3559793133179783
./models/14_PCR-GLOBWB_model/model/spinUp.py,SpinUp.soilStorageVolume,METHOD,114,3,A,11.0,13.0,487.54723392844244,28.666666666666664,13976.354039282016,776.4641132934453,0.16251574464281415
./models/14_PCR-GLOBWB_model/model/spinUp.py,SpinUp.groundwaterStorageVolume,METHOD,129,1,A,2.0,2.0,100.0,6.428571428571429,642.8571428571429,35.714285714285715,0.03333333333333333
./models/14_PCR-GLOBWB_model/model/spinUp.py,SpinUp.channelStorageVolume,METHOD,132,1,A,2.0,2.0,100.0,6.428571428571429,642.8571428571429,35.714285714285715,0.03333333333333333
./models/14_PCR-GLOBWB_model/model/spinUp.py,SpinUp.totalStorageVolume,METHOD,135,1,A,7.0,7.0,250.62772329317153,13.333333333333332,3341.7029772422866,185.65016540234924,0.08354257443105717
./models/14_PCR-GLOBWB_model/model/spinUp.py,SpinUp.checkConvergence,METHOD,144,7,B,28.0,54.0,1958.383694672139,29.914893617021278,58584.83988742612,3254.7133270792287,0.652794564890713
./models/14_PCR-GLOBWB_model/model/spinUp.py,SpinUp (aggregate),CLASS_AGG,39,21,D,,,,,,,
./models/14_PCR-GLOBWB_model/model/spinUp.py,spinUp.py (module aggregate),MODULE_AGG,1,21,D,,,,,,,
./models/14_PCR-GLOBWB_model/model/variable_list.py,<module>,FUNCTION,1,1,A,1519.0,,36855.019106636544,1015.8461538461539,37439029.40940325,2079946.0783001806,12.285006368878848
./models/14_PCR-GLOBWB_model/model/variable_list.py,variable_list.py (module aggregate),MODULE_AGG,1,0,A,,,,,,,
./models/14_PCR-GLOBWB_model/model/virtualOS.py,<module>,FUNCTION,1,1,A,26.0,,483.2830724770114,4.864864864864865,2351.1068390773526,130.61704661540847,0.16109435749233714
./models/14_PCR-GLOBWB_model/model/virtualOS.py,getFileList,FUNCTION,73,2,A,7.0,7.0,259.5971657911106,13.269230769230768,3444.654699920506,191.36970555113922,0.08653238859703688
./models/14_PCR-GLOBWB_model/model/virtualOS.py,checkVariableInNC,FUNCTION,81,2,A,9.0,15.0,379.7810388425507,16.5,6266.387140902087,348.13261893900483,0.12659367961418355
./models/14_PCR-GLOBWB_model/model/virtualOS.py,netcdf2PCRobjCloneWithoutTime,FUNCTION,97,4,A,18.0,20.0,499.39501781648687,18.75,9363.656584059128,520.2031435588405,0.16646500593882896
./models/14_PCR-GLOBWB_model/model/virtualOS.py,singleTryNetcdf2PCRobjCloneWithoutTime,FUNCTION,118,20,C,68.0,138.0,4640.05757846167,64.3359375,298522.45436431136,16584.580798017298,1.5466858594872235
./models/14_PCR-GLOBWB_model/model/virtualOS.py,netcdf2PCRobjClone,FUNCTION,258,4,A,20.0,22.0,574.8833010612883,20.526315789473685,11800.236179679076,655.5686766488375,0.19162776702042944
./models/14_PCR-GLOBWB_model/model/virtualOS.py,singleTryNetcdf2PCRobjClone_version_until_2020_07_14,FUNCTION,281,64,F,213.0,288.0,14214.38084576233,163.27272727272728,2320820.7271808316,128934.48484337953,4.7381269485874435
./models/14_PCR-GLOBWB_model/model/virtualOS.py,singleTryNetcdf2PCRobjClone,FUNCTION,571,67,F,219.0,314.0,14600.283860651734,163.92391304347825,2393335.661983574,132963.09233242075,4.866761286883912
./models/14_PCR-GLOBWB_model/model/virtualOS.py,netcdf2PCRobjCloneBeforeRensCorrection,FUNCTION,887,51,F,176.0,225.0,10855.104215976693,128.84810126582278,1398659.5672712247,77703.30929284582,3.618368071992231
./models/14_PCR-GLOBWB_model/model/virtualOS.py,netcdf2PCRobjCloneJOYCE,FUNCTION,1113,39,E,168.0,246.0,10147.528690824689,97.8,992428.3059626545,55134.905886814144,3.3825095636082296
./models/14_PCR-GLOBWB_model/model/virtualOS.py,netcdf2PCRobjCloneWindDist,FUNCTION,1361,10,B,49.0,69.0,3040.8474136408213,33.950819672131146,103239.26219098592,5735.514566165884,1.0136158045469403
./models/14_PCR-GLOBWB_model/model/virtualOS.py,netcdf2PCRobjCloneWind,FUNCTION,1431,10,B,48.0,68.0,3072.4570541152584,34.26229508196721,105269.43021476868,5848.30167859826,1.0241523513717528
./models/14_PCR-GLOBWB_model/model/virtualOS.py,netcdf2PCRobj,FUNCTION,1500,2,A,14.0,25.0,828.534293408552,14.875,12324.44761445221,684.6915341362339,0.2761780978028507
./models/14_PCR-GLOBWB_model/model/virtualOS.py,makeDir,FUNCTION,1526,2,A,5.0,5.0,66.60791492653966,4.8,319.71799164739036,17.762110647077243,0.022202638308846556
./models/14_PCR-GLOBWB_model/model/virtualOS.py,writePCRmapToDir,FUNCTION,1532,1,A,4.0,7.0,159.91133951083242,5.666666666666667,906.1642572280505,50.34245873489169,0.05330377983694414
./models/14_PCR-GLOBWB_model/model/virtualOS.py,readPCRmapClone,FUNCTION,1540,4,A,12.0,14.0,554.533449696287,19.736842105263158,10944.739138742507,608.0410632634726,0.18484448323209565
./models/14_PCR-GLOBWB_model/model/virtualOS.py,singleTryReadPCRmapClone,FUNCTION,1556,16,C,43.0,71.0,2401.651928845447,35.74038461538461,85835.96364921659,4768.664647178699,0.8005506429484823
./models/14_PCR-GLOBWB_model/model/virtualOS.py,readPCRmapCloneOLD,FUNCTION,1628,11,C,29.0,36.0,1696.9459484602594,26.795454545454543,45470.438028060125,2526.1354460033403,0.5656486494867531
./models/14_PCR-GLOBWB_model/model/virtualOS.py,readPCRmap,FUNCTION,1665,2,A,6.0,7.0,193.26196660226546,8.181818181818182,1581.2342722003536,87.8463484555752,0.06442065553408849
./models/14_PCR-GLOBWB_model/model/virtualOS.py,isSameClone,FUNCTION,1673,6,B,20.0,23.0,619.2745387983593,17.05,10558.630886512028,586.5906048062238,0.2064248462661198
./models/14_PCR-GLOBWB_model/model/virtualOS.py,gdalwarpPCR,FUNCTION,1697,3,A,33.0,48.0,2977.4002524652,48.41025641025641,144136.7096578025,8007.594980989028,0.9924667508217334
./models/14_PCR-GLOBWB_model/model/virtualOS.py,getFullPath,FUNCTION,1746,7,B,20.0,29.0,874.9385958144838,46.15384615384615,40381.78134528387,2243.432296960215,0.29164619860482793
./models/14_PCR-GLOBWB_model/model/virtualOS.py,findISIFileName,FUNCTION,1776,20,C,40.0,46.0,1494.7570092884455,80.5,120327.93924771986,6684.885513762214,0.49825233642948186
./models/14_PCR-GLOBWB_model/model/virtualOS.py,get_random_word,FUNCTION,1824,2,A,5.0,5.0,112.58797503894243,7.5,844.4098127920682,46.91165626622601,0.03752932501298081
./models/14_PCR-GLOBWB_model/model/virtualOS.py,isLastDayOfMonth,FUNCTION,1830,2,A,5.0,5.0,129.65784284662087,6.722222222222223,871.5888324689515,48.42160180383064,0.043219280948873624
./models/14_PCR-GLOBWB_model/model/virtualOS.py,getMapAttributesALL,FUNCTION,1836,4,A,16.0,17.0,1185.5068254456744,26.09090909090909,30930.950809355323,1718.3861560752957,0.3951689418152248
./models/14_PCR-GLOBWB_model/model/virtualOS.py,getMapAttributes,FUNCTION,1854,9,B,20.0,24.0,1191.4074545491453,22.91176470588235,27297.247267464238,1516.5137370813466,0.39713581818304844
./models/14_PCR-GLOBWB_model/model/virtualOS.py,getMapTotal,FUNCTION,1879,1,A,4.0,5.0,106.27403387250882,5.333333333333333,566.794847320047,31.4886026288915,0.03542467795750294
./models/14_PCR-GLOBWB_model/model/virtualOS.py,getMapTotalHighPrecisionButOnlyForPositiveValues_NEEDMORETEST,FUNCTION,1885,4,A,17.0,32.0,971.7834751254811,33.0,32068.854679140877,1781.6030377300488,0.32392782504182704
./models/14_PCR-GLOBWB_model/model/virtualOS.py,get_rowColAboveThreshold,FUNCTION,1918,5,A,8.0,10.0,411.1982937621106,17.6,7237.089970213147,402.0605539007304,0.13706609792070354
./models/14_PCR-GLOBWB_model/model/virtualOS.py,getLastDayOfMonth,FUNCTION,1930,2,A,5.0,6.0,218.51214931322758,13.200000000000001,2884.3603709346044,160.24224282970025,0.0728373831044092
./models/14_PCR-GLOBWB_model/model/virtualOS.py,getMinMaxMean,FUNCTION,1939,5,A,12.0,12.0,661.6775091859007,23.57894736842105,15601.65916396229,866.7588424423494,0.22055916972863357
./models/14_PCR-GLOBWB_model/model/virtualOS.py,getMapVolume,FUNCTION,1952,1,A,4.0,4.0,92.0,6.428571428571429,591.4285714285714,32.85714285714286,0.030666666666666665
./models/14_PCR-GLOBWB_model/model/virtualOS.py,secondsPerDay,FUNCTION,1957,1,A,2.0,2.0,38.039100017307746,4.0,152.15640006923098,8.4531333371795,0.012679700005769248
./models/14_PCR-GLOBWB_model/model/virtualOS.py,getValDivZero,FUNCTION,1960,1,A,2.0,7.0,164.2332676057198,8.5,1395.9827746486183,77.55459859158991,0.05474442253523993
./models/14_PCR-GLOBWB_model/model/virtualOS.py,getValFloatDivZero,FUNCTION,1968,2,A,5.0,10.0,133.437600046154,10.214285714285715,1362.9697719000017,75.72054288333342,0.04447920001538466
./models/14_PCR-GLOBWB_model/model/virtualOS.py,retrieveMapValue,FUNCTION,1980,4,A,9.0,10.0,393.46274130995937,16.0,6295.40386095935,349.7446589421861,0.1311542471033198
./models/14_PCR-GLOBWB_model/model/virtualOS.py,returnMapValue,FUNCTION,1991,5,A,12.0,16.0,497.54045264366175,18.526315789473685,9217.591543714156,512.0884190952308,0.16584681754788724
./models/14_PCR-GLOBWB_model/model/virtualOS.py,getQAtBasinMouths,FUNCTION,2008,1,A,4.0,4.0,191.75555960140377,9.0,1725.800036412634,95.87777980070189,0.0639185198671346
./models/14_PCR-GLOBWB_model/model/virtualOS.py,regridMapFile2FinerGrid,FUNCTION,2013,2,A,4.0,4.0,178.41295556463058,8.1,1445.1449400735075,80.28583000408375,0.059470985188210194
./models/14_PCR-GLOBWB_model/model/virtualOS.py,regridData2FinerGrid,FUNCTION,2018,4,A,17.0,21.0,840.7524692701438,31.043478260869563,26099.881002560116,1449.9933890311177,0.28025082309004795
./models/14_PCR-GLOBWB_model/model/virtualOS.py,regridToCoarse,FUNCTION,2040,9,B,22.0,22.0,1283.1100247375343,34.94642857142857,44840.11282877419,2491.1173793763437,0.4277033415791781
./models/14_PCR-GLOBWB_model/model/virtualOS.py,waterBalanceCheck,FUNCTION,2064,8,B,28.0,34.0,999.708287629087,24.67741935483871,24670.220646330697,1370.5678136850388,0.3332360958763623
./models/14_PCR-GLOBWB_model/model/virtualOS.py,waterBalance,FUNCTION,2116,6,B,23.0,71.0,1094.4844258830897,26.484848484848488,28987.254188540013,1610.4030104744452,0.3648281419610299
./models/14_PCR-GLOBWB_model/model/virtualOS.py,waterAbstractionAndAllocationHighPrecision_NEEDMORETEST,FUNCTION,2190,8,B,52.0,85.0,2836.757684022658,52.9,150064.4814847986,8336.915638044367,0.9455858946742193
./models/14_PCR-GLOBWB_model/model/virtualOS.py,waterAbstractionAndAllocationFAILED,FUNCTION,2276,8,B,91.0,142.0,4675.17146208026,65.16,304634.17246914975,16924.120692730543,1.558390487360087
./models/14_PCR-GLOBWB_model/model/virtualOS.py,waterAbstractionAndAllocation,FUNCTION,2419,11,C,65.0,105.0,3284.2311711583366,56.57142857142857,185793.64911124302,10321.869395069058,1.0947437237194455
./models/14_PCR-GLOBWB_model/model/virtualOS.py,waterAbstractionAndAllocationBeforeRefactoringFinalizing,FUNCTION,2525,8,B,53.0,89.0,2537.468761371497,46.054054054054056,116860.72349667651,6492.262416482028,0.8458229204571656
./models/14_PCR-GLOBWB_model/model/virtualOS.py,waterAbstractionAndAllocationOLD,FUNCTION,2615,10,B,74.0,101.0,3522.8579785123547,57.13953488372093,201294.46635360128,11183.025908533404,1.1742859928374516
./models/14_PCR-GLOBWB_model/model/virtualOS.py,findLastYearInNCFile,FUNCTION,2717,2,A,8.0,13.0,243.00301253822127,11.0,2673.033137920434,148.50184099557967,0.08100100417940709
./models/14_PCR-GLOBWB_model/model/virtualOS.py,findLastYearInNCTime,FUNCTION,2731,1,A,5.0,8.0,149.33879237447786,8.25,1232.0450370894423,68.44694650496902,0.04977959745815929
./models/14_PCR-GLOBWB_model/model/virtualOS.py,findFirstYearInNCTime,FUNCTION,2740,1,A,5.0,8.0,123.18989788986397,7.222222222222222,889.704818093462,49.42804544963678,0.04106329929662132
./models/14_PCR-GLOBWB_model/model/virtualOS.py,cmd_line,FUNCTION,2749,2,A,8.0,10.0,345.0,7.045454545454546,2430.6818181818185,135.0378787878788,0.115
./models/14_PCR-GLOBWB_model/model/virtualOS.py,plot_variable,FUNCTION,2760,2,A,7.0,10.0,266.89015540736375,10.769230769230768,2874.2016736177634,159.6778707565424,0.08896338513578791
./models/14_PCR-GLOBWB_model/model/virtualOS.py,deg2rad,FUNCTION,2772,1,A,2.0,3.0,41.51317942364757,4.375,181.62015997845813,10.090008887692118,0.01383772647454919
./models/14_PCR-GLOBWB_model/model/virtualOS.py,rad2deg,FUNCTION,2776,1,A,2.0,3.0,41.51317942364757,4.375,181.62015997845813,10.090008887692118,0.01383772647454919
./models/14_PCR-GLOBWB_model/model/virtualOS.py,virtualOS.py (module aggregate),MODULE_AGG,1,480,F,,,,,,,
./models/14_PCR-GLOBWB_model/model/waterBodies.py,<module>,FUNCTION,1,1,A,7.0,,118.94197037642039,4.7272727272727275,562.2711326885328,31.237285149362933,0.039647323458806796
./models/14_PCR-GLOBWB_model/model/waterBodies.py,WaterBodies,CLASS,37,5,A,408.0,618.0,27296.196208731293,179.03900709219857,4887083.866605086,271504.65925583814,9.098732069577098
./models/14_PCR-GLOBWB_model/model/waterBodies.py,WaterBodies.__init__,METHOD,39,12,C,49.0,70.0,2613.134726345804,38.39285714285714,100325.70824363355,5573.650457979642,0.8710449087819347
./models/14_PCR-GLOBWB_model/model/waterBodies.py,WaterBodies.getParameterFiles,METHOD,111,20,C,175.0,249.0,11168.322255011311,119.03246753246752,1329392.9562117683,73855.16423398713,3.7227740850037705
./models/14_PCR-GLOBWB_model/model/waterBodies.py,WaterBodies.getICs,METHOD,361,2,A,18.0,29.0,946.2514952838931,28.421052631578945,26893.4635501738,1494.081308342989,0.315417165094631
./models/14_PCR-GLOBWB_model/model/waterBodies.py,WaterBodies.update,METHOD,391,3,A,31.0,39.0,1191.7021504341062,19.799999999999997,23595.7025785953,1310.8723654775167,0.3972340501447021
./models/14_PCR-GLOBWB_model/model/waterBodies.py,WaterBodies.moveFromChannelToWaterBody,METHOD,432,1,A,16.0,32.0,696.1263884714666,16.5,11486.0854097792,638.1158560988445,0.23204212949048886
./models/14_PCR-GLOBWB_model/model/waterBodies.py,WaterBodies.getWaterBodyOutflow,METHOD,465,2,A,25.0,46.0,1242.9520650713955,23.379310344827587,29059.36207304849,1614.4090040582496,0.4143173550237985
./models/14_PCR-GLOBWB_model/model/waterBodies.py,WaterBodies.weirFormula,METHOD,512,1,A,7.0,7.0,228.40050598449557,12.649999999999999,2889.2664007038684,160.5148000391038,0.07613350199483186
./models/14_PCR-GLOBWB_model/model/waterBodies.py,WaterBodies.getLakeOutflow,METHOD,520,1,A,31.0,47.0,1315.7230200915888,25.900000000000002,34077.226220372155,1893.1792344651196,0.4385743400305296
./models/14_PCR-GLOBWB_model/model/waterBodies.py,WaterBodies.getReservoirOutflow,METHOD,568,1,A,55.0,87.0,2632.8751156952003,47.72727272727273,125659.94870363455,6981.108261313031,0.8776250385650668
./models/14_PCR-GLOBWB_model/model/waterBodies.py,WaterBodies (aggregate),CLASS_AGG,39,43,F,,,,,,,
./models/14_PCR-GLOBWB_model/model/waterBodies.py,waterBodies.py (module aggregate),MODULE_AGG,1,43,F,,,,,,,
./models/14_PCR-GLOBWB_model/model/etc/deterministic_runner_for_monthly_modflow_and_merging.py,<module>,FUNCTION,1,4,A,24.0,,472.0850336590825,8.016666666666667,3784.5483531669784,210.25268628705436,0.15736167788636085
./models/14_PCR-GLOBWB_model/model/etc/deterministic_runner_for_monthly_modflow_and_merging.py,main,FUNCTION,244,6,B,20.0,35.0,873.5090589819675,15.306451612903226,13370.324144740116,742.7957858188953,0.29116968632732254
./models/14_PCR-GLOBWB_model/model/etc/deterministic_runner_for_monthly_modflow_and_merging.py,DeterministicRunner,CLASS,54,8,B,119.0,189.0,7415.32908464619,73.3125,543636.3135181238,30202.017417673545,2.47177636154873
./models/14_PCR-GLOBWB_model/model/etc/deterministic_runner_for_monthly_modflow_and_merging.py,DeterministicRunner.__init__,METHOD,56,5,A,19.0,36.0,839.6684021509736,22.166666666666664,18612.649581013247,1034.0360878340693,0.2798894673836579
./models/14_PCR-GLOBWB_model/model/etc/deterministic_runner_for_monthly_modflow_and_merging.py,DeterministicRunner.initial,METHOD,93,2,A,3.0,5.0,71.69925001442311,4.0,286.79700005769246,15.933166669871802,0.023899750004807704
./models/14_PCR-GLOBWB_model/model/etc/deterministic_runner_for_monthly_modflow_and_merging.py,DeterministicRunner.dynamic,METHOD,99,19,C,61.0,96.0,3610.137953955898,44.625,161102.40619528195,8950.133677515663,1.2033793179852994
./models/14_PCR-GLOBWB_model/model/etc/deterministic_runner_for_monthly_modflow_and_merging.py,DeterministicRunner.merging_netcdf_files,METHOD,197,2,A,18.0,24.0,847.8677002365392,18.75,15897.51937943511,883.1955210797283,0.28262256674551306
./models/14_PCR-GLOBWB_model/model/etc/deterministic_runner_for_monthly_modflow_and_merging.py,DeterministicRunner.check_pcrglobwb_status,METHOD,222,9,B,17.0,21.0,938.2737001211542,27.142857142857146,25467.429003288475,1414.8571668493596,0.31275790004038473
./models/14_PCR-GLOBWB_model/model/etc/deterministic_runner_for_monthly_modflow_and_merging.py,DeterministicRunner (aggregate),CLASS_AGG,56,37,E,,,,,,,
./models/14_PCR-GLOBWB_model/model/etc/deterministic_runner_for_monthly_modflow_and_merging.py,deterministic_runner_for_monthly_modflow_and_merging.py (module aggregate),MODULE_AGG,1,43,F,,,,,,,
./models/14_PCR-GLOBWB_model/model/etc/deterministic_runner_for_monthly_modflow_and_merging_ulysses.py,<module>,FUNCTION,1,4,A,24.0,,472.0850336590825,8.016666666666667,3784.5483531669784,210.25268628705436,0.15736167788636085
./models/14_PCR-GLOBWB_model/model/etc/deterministic_runner_for_monthly_modflow_and_merging_ulysses.py,main,FUNCTION,266,6,B,20.0,35.0,873.5090589819675,15.306451612903226,13370.324144740116,742.7957858188953,0.29116968632732254
./models/14_PCR-GLOBWB_model/model/etc/deterministic_runner_for_monthly_modflow_and_merging_ulysses.py,DeterministicRunner,CLASS,54,9,B,122.0,211.0,7777.476045475058,81.79012345679013,636120.7259416329,35340.04033009071,2.5924920151583524
./models/14_PCR-GLOBWB_model/model/etc/deterministic_runner_for_monthly_modflow_and_merging_ulysses.py,DeterministicRunner.__init__,METHOD,56,6,B,20.0,37.0,937.5716008081647,23.653846153846153,22177.174403731588,1232.065244651755,0.3125238669360549
./models/14_PCR-GLOBWB_model/model/etc/deterministic_runner_for_monthly_modflow_and_merging_ulysses.py,DeterministicRunner.initial,METHOD,94,2,A,3.0,5.0,71.69925001442311,4.0,286.79700005769246,15.933166669871802,0.023899750004807704
./models/14_PCR-GLOBWB_model/model/etc/deterministic_runner_for_monthly_modflow_and_merging_ulysses.py,DeterministicRunner.dynamic,METHOD,100,19,C,61.0,102.0,3610.137953955898,44.625,161102.40619528195,8950.133677515663,1.2033793179852994
./models/14_PCR-GLOBWB_model/model/etc/deterministic_runner_for_monthly_modflow_and_merging_ulysses.py,DeterministicRunner.merging_netcdf_files,METHOD,204,2,A,18.0,37.0,847.8677002365392,18.75,15897.51937943511,883.1955210797283,0.28262256674551306
./models/14_PCR-GLOBWB_model/model/etc/deterministic_runner_for_monthly_modflow_and_merging_ulysses.py,DeterministicRunner.check_pcrglobwb_status,METHOD,242,11,C,19.0,23.0,1122.9419688230416,33.75,37899.29144777766,2105.516191543203,0.37431398960768053
./models/14_PCR-GLOBWB_model/model/etc/deterministic_runner_for_monthly_modflow_and_merging_ulysses.py,DeterministicRunner (aggregate),CLASS_AGG,56,40,E,,,,,,,
./models/14_PCR-GLOBWB_model/model/etc/deterministic_runner_for_monthly_modflow_and_merging_ulysses.py,deterministic_runner_for_monthly_modflow_and_merging_ulysses.py (module aggregate),MODULE_AGG,1,46,F,,,,,,,
./models/14_PCR-GLOBWB_model/model/etc/deterministic_runner_glue_with_parallel_and_modflow_options.py,<module>,FUNCTION,1,2,A,17.0,,396.40516641466866,6.206896551724138,2460.44586050484,136.69143669471333,0.1321350554715562
./models/14_PCR-GLOBWB_model/model/etc/deterministic_runner_glue_with_parallel_and_modflow_options.py,main,FUNCTION,327,14,C,47.0,80.0,2742.787215299088,40.3921568627451,110787.09144149258,6154.838413416254,0.914262405099696
./models/14_PCR-GLOBWB_model/model/etc/deterministic_runner_glue_with_parallel_and_modflow_options.py,DeterministicRunner,CLASS,45,7,B,174.0,280.0,15589.425229073751,157.98958333333334,2462966.7963475166,136831.48868597313,5.196475076357917
./models/14_PCR-GLOBWB_model/model/etc/deterministic_runner_glue_with_parallel_and_modflow_options.py,DeterministicRunner.__init__,METHOD,47,4,A,10.0,17.0,539.7501707713545,18.42105263157895,9942.766303682847,552.3759057601582,0.17991672359045152
./models/14_PCR-GLOBWB_model/model/etc/deterministic_runner_glue_with_parallel_and_modflow_options.py,DeterministicRunner.adusting_parameters,METHOD,66,9,B,113.0,184.0,10685.183772065822,147.92105263157896,1580563.631125842,87809.09061810233,3.5617279240219406
./models/14_PCR-GLOBWB_model/model/etc/deterministic_runner_glue_with_parallel_and_modflow_options.py,DeterministicRunner.initial,METHOD,251,1,A,2.0,2.0,19.651484454403228,2.5,49.12871113600807,2.7293728408893374,0.00655049481813441
./models/14_PCR-GLOBWB_model/model/etc/deterministic_runner_glue_with_parallel_and_modflow_options.py,DeterministicRunner.dynamic,METHOD,254,16,C,28.0,45.0,1317.9577931360486,24.839285714285715,32737.13018307578,1818.7294546153212,0.43931926437868285
./models/14_PCR-GLOBWB_model/model/etc/deterministic_runner_glue_with_parallel_and_modflow_options.py,DeterministicRunner.check_modflow_status,METHOD,300,5,A,10.0,12.0,426.06088269327125,12.947368421052632,5516.36721802867,306.46484544603726,0.14202029423109042
./models/14_PCR-GLOBWB_model/model/etc/deterministic_runner_glue_with_parallel_and_modflow_options.py,DeterministicRunner.check_merging_status,METHOD,313,5,A,10.0,12.0,426.06088269327125,12.947368421052632,5516.36721802867,306.46484544603726,0.14202029423109042
./models/14_PCR-GLOBWB_model/model/etc/deterministic_runner_glue_with_parallel_and_modflow_options.py,DeterministicRunner (aggregate),CLASS_AGG,47,40,E,,,,,,,
./models/14_PCR-GLOBWB_model/model/etc/deterministic_runner_glue_with_parallel_and_modflow_options.py,deterministic_runner_glue_with_parallel_and_modflow_options.py (module aggregate),MODULE_AGG,1,54,F,,,,,,,
./models/14_PCR-GLOBWB_model/model/etc/deterministic_runner_glue_with_parallel_and_modflow_options_for_jessica.py,<module>,FUNCTION,1,2,A,17.0,,396.40516641466866,6.206896551724138,2460.44586050484,136.69143669471333,0.1321350554715562
./models/14_PCR-GLOBWB_model/model/etc/deterministic_runner_glue_with_parallel_and_modflow_options_for_jessica.py,main,FUNCTION,352,14,C,47.0,80.0,2742.787215299088,40.3921568627451,110787.09144149258,6154.838413416254,0.914262405099696
./models/14_PCR-GLOBWB_model/model/etc/deterministic_runner_glue_with_parallel_and_modflow_options_for_jessica.py,DeterministicRunner,CLASS,45,5,A,165.0,305.0,15245.761853724971,145.546875,2218972.9948038766,123276.27748910425,5.081920617908324
./models/14_PCR-GLOBWB_model/model/etc/deterministic_runner_glue_with_parallel_and_modflow_options_for_jessica.py,DeterministicRunner.__init__,METHOD,47,4,A,10.0,17.0,539.7501707713545,18.42105263157895,9942.766303682847,552.3759057601582,0.17991672359045152
./models/14_PCR-GLOBWB_model/model/etc/deterministic_runner_glue_with_parallel_and_modflow_options_for_jessica.py,DeterministicRunner.adusting_parameters,METHOD,66,10,B,123.0,209.0,11659.58697914846,143.83333333333331,1677037.2605008532,93168.73669449185,3.886528993049487
./models/14_PCR-GLOBWB_model/model/etc/deterministic_runner_glue_with_parallel_and_modflow_options_for_jessica.py,DeterministicRunner.initial,METHOD,276,1,A,2.0,2.0,19.651484454403228,2.5,49.12871113600807,2.7293728408893374,0.00655049481813441
./models/14_PCR-GLOBWB_model/model/etc/deterministic_runner_glue_with_parallel_and_modflow_options_for_jessica.py,DeterministicRunner.dynamic,METHOD,279,2,A,9.0,20.0,376.0351774512873,9.529411764705882,3583.3940439475614,199.07744688597563,0.1253450591504291
./models/14_PCR-GLOBWB_model/model/etc/deterministic_runner_glue_with_parallel_and_modflow_options_for_jessica.py,DeterministicRunner.check_modflow_status,METHOD,325,5,A,10.0,12.0,426.06088269327125,12.947368421052632,5516.36721802867,306.46484544603726,0.14202029423109042
./models/14_PCR-GLOBWB_model/model/etc/deterministic_runner_glue_with_parallel_and_modflow_options_for_jessica.py,DeterministicRunner.check_merging_status,METHOD,338,5,A,10.0,12.0,426.06088269327125,12.947368421052632,5516.36721802867,306.46484544603726,0.14202029423109042
./models/14_PCR-GLOBWB_model/model/etc/deterministic_runner_glue_with_parallel_and_modflow_options_for_jessica.py,DeterministicRunner (aggregate),CLASS_AGG,47,27,D,,,,,,,
./models/14_PCR-GLOBWB_model/model/etc/deterministic_runner_glue_with_parallel_and_modflow_options_for_jessica.py,deterministic_runner_glue_with_parallel_and_modflow_options_for_jessica.py (module aggregate),MODULE_AGG,1,41,F,,,,,,,
./models/14_PCR-GLOBWB_model/model/evaporation/hamonETPFunctions.py,<module>,FUNCTION,1,1,A,3.0,,28.07354922057604,1.0,28.07354922057604,1.5596416233653356,0.009357849740192013
./models/14_PCR-GLOBWB_model/model/evaporation/hamonETPFunctions.py,HamonPotET,FUNCTION,42,3,A,11.0,23.0,406.24409745172375,14.083333333333332,5721.271039111775,317.8483910617653,0.13541469915057458
./models/14_PCR-GLOBWB_model/model/evaporation/hamonETPFunctions.py,dayLength,FUNCTION,67,1,A,14.0,14.0,1282.0406359950855,40.25,51602.13559880219,2866.7853110445662,0.4273468786650285
./models/14_PCR-GLOBWB_model/model/evaporation/hamonETPFunctions.py,satPressure,FUNCTION,83,1,A,5.0,6.0,225.14015821251002,19.714285714285715,4438.477404760912,246.58207804227288,0.07504671940417
./models/14_PCR-GLOBWB_model/model/evaporation/hamonETPFunctions.py,hamonETPFunctions.py (module aggregate),MODULE_AGG,1,5,A,,,,,,,
./models/14_PCR-GLOBWB_model/model/evaporation/ref_pot_et_penman_monteith.py,<module>,FUNCTION,1,2,A,7.0,,118.94197037642039,4.7272727272727275,562.2711326885328,31.237285149362933,0.039647323458806796
./models/14_PCR-GLOBWB_model/model/evaporation/ref_pot_et_penman_monteith.py,computeDefaultPressure,FUNCTION,27,1,A,3.0,5.0,85.11011351724513,10.125,861.7398993621069,47.874438853450386,0.028370037839081708
./models/14_PCR-GLOBWB_model/model/evaporation/ref_pot_et_penman_monteith.py,getLatentHeatVaporization,FUNCTION,33,1,A,3.0,4.0,44.97261104228487,5.25,236.10620797199556,13.117011553999752,0.01499087034742829
./models/14_PCR-GLOBWB_model/model/evaporation/ref_pot_et_penman_monteith.py,getSaturatedVapourPressure,FUNCTION,38,1,A,3.0,4.0,93.76537429460444,7.5,703.2403072095333,39.06890595608518,0.03125512476486815
./models/14_PCR-GLOBWB_model/model/evaporation/ref_pot_et_penman_monteith.py,getSlopeVapourPressureCurve,FUNCTION,44,1,A,3.0,3.0,97.67226489021297,9.0,879.0503840119168,48.836132445106486,0.03255742163007099
./models/14_PCR-GLOBWB_model/model/evaporation/ref_pot_et_penman_monteith.py,getPsychrometricConstant,FUNCTION,48,1,A,4.0,4.0,95.1838730514401,6.666666666666667,634.5591536762673,35.253286315348184,0.03172795768381337
./models/14_PCR-GLOBWB_model/model/evaporation/ref_pot_et_penman_monteith.py,getLongWaveRadiation,FUNCTION,53,2,A,14.0,32.0,569.7958382200379,18.900000000000002,10769.141342358718,598.2856301310399,0.189931946073346
./models/14_PCR-GLOBWB_model/model/evaporation/ref_pot_et_penman_monteith.py,getShortWaveRadiationFraction,FUNCTION,86,2,A,21.0,34.0,1162.8589347697443,38.38,44630.52591646279,2479.473662025711,0.38761964492324813
./models/14_PCR-GLOBWB_model/model/evaporation/ref_pot_et_penman_monteith.py,updateShortWaveRadiation,FUNCTION,121,1,A,4.0,4.0,97.67226489021297,8.25,805.796185344257,44.76645474134761,0.03255742163007099
./models/14_PCR-GLOBWB_model/model/evaporation/ref_pot_et_penman_monteith.py,main,FUNCTION,259,3,A,36.0,47.0,2301.1260869744,25.1875,57959.6133156677,3219.9785175370944,0.7670420289914667
./models/14_PCR-GLOBWB_model/model/evaporation/ref_pot_et_penman_monteith.py,penmanMonteithET,CLASS,126,2,A,60.0,130.0,2792.8235985092824,35.833333333333336,100076.17894658263,5559.78771925459,0.9309411995030942
./models/14_PCR-GLOBWB_model/model/evaporation/ref_pot_et_penman_monteith.py,penmanMonteithET.__init__,METHOD,132,1,A,18.0,39.0,657.5233398115415,15.0,9862.850097173123,547.9361165096179,0.21917444660384716
./models/14_PCR-GLOBWB_model/model/evaporation/ref_pot_et_penman_monteith.py,penmanMonteithET.initial,METHOD,172,1,A,2.0,2.0,19.651484454403228,2.5,49.12871113600807,2.7293728408893374,0.00655049481813441
./models/14_PCR-GLOBWB_model/model/evaporation/ref_pot_et_penman_monteith.py,penmanMonteithET.setDefaultAtmosphericPressure,METHOD,175,1,A,3.0,3.0,96.0,4.277777777777779,410.66666666666674,22.81481481481482,0.032
./models/14_PCR-GLOBWB_model/model/evaporation/ref_pot_et_penman_monteith.py,penmanMonteithET.updateSurfaceProperties,METHOD,179,1,A,6.0,6.0,103.61231210795059,8.75,906.6077309445676,50.36709616358709,0.03453743736931686
./models/14_PCR-GLOBWB_model/model/evaporation/ref_pot_et_penman_monteith.py,penmanMonteithET.updatePotentialEvaporation,METHOD,186,3,A,29.0,70.0,1447.188195924087,22.33720930232558,32326.14563221129,1795.8969795672938,0.48239606530802903
./models/14_PCR-GLOBWB_model/model/evaporation/ref_pot_et_penman_monteith.py,penmanMonteithET (aggregate),CLASS_AGG,132,7,B,,,,,,,
./models/14_PCR-GLOBWB_model/model/evaporation/ref_pot_et_penman_monteith.py,ref_pot_et_penman_monteith.py (module aggregate),MODULE_AGG,1,20,C,,,,,,,
./models/14_PCR-GLOBWB_model/model/evaporation/shortwave_radiation.py,<module>,FUNCTION,1,2,A,13.0,,252.61501174663374,6.842105263157895,1728.418501424336,96.02325007912978,0.08420500391554459
./models/14_PCR-GLOBWB_model/model/evaporation/shortwave_radiation.py,deg2rad,FUNCTION,80,1,A,2.0,3.0,41.51317942364757,4.375,181.62015997845813,10.090008887692118,0.01383772647454919
./models/14_PCR-GLOBWB_model/model/evaporation/shortwave_radiation.py,rad2deg,FUNCTION,84,1,A,2.0,3.0,41.51317942364757,4.375,181.62015997845813,10.090008887692118,0.01383772647454919
./models/14_PCR-GLOBWB_model/model/evaporation/shortwave_radiation.py,get_julian_day_number,FUNCTION,90,3,A,11.0,30.0,421.99259122233263,13.333333333333334,5626.567882964436,312.58710460913534,0.14066419707411087
./models/14_PCR-GLOBWB_model/model/evaporation/shortwave_radiation.py,get_patm_cor,FUNCTION,122,1,A,3.0,10.0,60.94436251225965,7.0,426.61053758581755,23.700585421434308,0.02031478750408655
./models/14_PCR-GLOBWB_model/model/evaporation/shortwave_radiation.py,get_tau_o,FUNCTION,134,1,A,8.0,33.0,194.51316411045156,10.083333333333332,1961.3410714470529,108.9633928581696,0.06483772137015052
./models/14_PCR-GLOBWB_model/model/evaporation/shortwave_radiation.py,get_tau_a,FUNCTION,168,1,A,3.0,9.0,64.5293250129808,3.5,225.85263754543283,12.547368752524045,0.021509775004326936
./models/14_PCR-GLOBWB_model/model/evaporation/shortwave_radiation.py,get_tau_v,FUNCTION,178,1,A,8.0,30.0,176.41891628622352,11.454545454545455,2020.7984956421967,112.26658309123314,0.05880630542874117
./models/14_PCR-GLOBWB_model/model/evaporation/shortwave_radiation.py,compute_beta,FUNCTION,210,1,A,3.0,38.0,106.27403387250882,7.857142857142857,835.0102661411407,46.38945923006337,0.03542467795750294
./models/14_PCR-GLOBWB_model/model/evaporation/shortwave_radiation.py,compute_day_length_correction,FUNCTION,250,1,A,5.0,50.0,240.80930740641406,14.399999999999999,3467.654026652362,192.64744592513122,0.08026976913547136
./models/14_PCR-GLOBWB_model/model/evaporation/shortwave_radiation.py,compute_sat_pressure,FUNCTION,302,1,A,11.0,48.0,543.2311061925092,25.961538461538463,14103.115256920912,783.5064031622728,0.18107703539750306
./models/14_PCR-GLOBWB_model/model/evaporation/shortwave_radiation.py,estimate_relative_humidity,FUNCTION,352,1,A,4.0,28.0,191.81655006634637,7.6,1457.8057805042324,80.9892100280129,0.06393885002211545
./models/14_PCR-GLOBWB_model/model/evaporation/shortwave_radiation.py,compute_solar_declination,FUNCTION,383,1,A,7.0,26.0,308.5744501067311,21.25,6557.207064768036,364.289281376002,0.10285815003557704
./models/14_PCR-GLOBWB_model/model/evaporation/shortwave_radiation.py,compute_eccentricity,FUNCTION,410,1,A,6.0,25.0,212.54806774501765,13.5,2869.3989145577384,159.41105080876324,0.07084935591500588
./models/14_PCR-GLOBWB_model/model/evaporation/shortwave_radiation.py,compute_day_length,FUNCTION,436,1,A,8.0,28.0,352.93307042287904,15.692307692307693,5538.334335866718,307.68524088148433,0.11764435680762635
./models/14_PCR-GLOBWB_model/model/evaporation/shortwave_radiation.py,compute_solar_geometry,FUNCTION,465,1,A,5.0,29.0,97.67226489021297,5.25,512.7793906736181,28.487743926312117,0.03255742163007099
./models/14_PCR-GLOBWB_model/model/evaporation/shortwave_radiation.py,compute_radsw_ext,FUNCTION,495,1,A,9.0,37.0,339.267146704276,15.583333333333334,5286.913036141635,293.7173908967575,0.11308904890142533
./models/14_PCR-GLOBWB_model/model/evaporation/shortwave_radiation.py,main,FUNCTION,826,1,A,27.0,47.0,1555.2746268199128,19.539473684210527,30389.247642468035,1688.2915356926687,0.5184248756066376
./models/14_PCR-GLOBWB_model/model/evaporation/shortwave_radiation.py,ShortwaveRadiation,CLASS,541,4,A,71.0,276.0,3227.535743066677,30.0,96826.0722920003,5379.226238444461,1.0758452476888922
./models/14_PCR-GLOBWB_model/model/evaporation/shortwave_radiation.py,ShortwaveRadiation.__init__,METHOD,580,1,A,25.0,83.0,961.5304769963141,14.307692307692308,13757.28220933188,764.2934560739933,0.32051015899877133
./models/14_PCR-GLOBWB_model/model/evaporation/shortwave_radiation.py,ShortwaveRadiation.parameter_initialization,METHOD,664,1,A,13.0,51.0,325.5323375512021,7.617647058823529,2479.7904536988626,137.76613631660348,0.10851077918373403
./models/14_PCR-GLOBWB_model/model/evaporation/shortwave_radiation.py,ShortwaveRadiation.update,METHOD,719,6,B,31.0,98.0,1475.4801141919713,16.88235294117647,24909.576045476224,1383.8653358597903,0.4918267047306571
./models/14_PCR-GLOBWB_model/model/evaporation/shortwave_radiation.py,ShortwaveRadiation (aggregate),CLASS_AGG,580,8,B,,,,,,,
./models/14_PCR-GLOBWB_model/model/evaporation/shortwave_radiation.py,shortwave_radiation.py (module aggregate),MODULE_AGG,1,27,D,,,,,,,
./models/14_PCR-GLOBWB_model/model/evaporation/__init__.py,<module>,FUNCTION,1,1,A,0.0,,0.0,0.0,0.0,0.0,0.0
./models/14_PCR-GLOBWB_model/model/evaporation/__init__.py,__init__.py (module aggregate),MODULE_AGG,1,0,A,,,,,,,
./models/14_PCR-GLOBWB_model/model/evaporation/others/compute_EPot_modRuudEdwin.py,<module>,FUNCTION,1,6,B,109.0,,7669.092007389793,53.72477064220183,412020.2091309599,22890.01161838666,2.5563640024632646
./models/14_PCR-GLOBWB_model/model/evaporation/others/compute_EPot_modRuudEdwin.py,createOutputDirs,FUNCTION,21,6,B,12.0,13.0,344.9166506540576,13.066666666666666,4506.910901879686,250.3839389933159,0.11497221688468587
./models/14_PCR-GLOBWB_model/model/evaporation/others/compute_EPot_modRuudEdwin.py,compute_EPot_modRuudEdwin.py (module aggregate),MODULE_AGG,1,6,B,,,,,,,
./models/14_PCR-GLOBWB_model/model/evaporation/others/shortwave_radiation_distribution/shortwave_radiation.py,<module>,FUNCTION,1,5,A,32.0,,676.5314840143678,14.5,9809.706518208333,544.9836954560185,0.22551049467145595
./models/14_PCR-GLOBWB_model/model/evaporation/others/shortwave_radiation_distribution/shortwave_radiation.py,deg2rad,FUNCTION,78,1,A,2.0,3.0,41.51317942364757,4.375,181.62015997845813,10.090008887692118,0.01383772647454919
./models/14_PCR-GLOBWB_model/model/evaporation/others/shortwave_radiation_distribution/shortwave_radiation.py,rad2deg,FUNCTION,82,1,A,2.0,3.0,41.51317942364757,4.375,181.62015997845813,10.090008887692118,0.01383772647454919
./models/14_PCR-GLOBWB_model/model/evaporation/others/shortwave_radiation_distribution/shortwave_radiation.py,get_julian_day_number,FUNCTION,88,3,A,11.0,30.0,421.99259122233263,13.333333333333334,5626.567882964436,312.58710460913534,0.14066419707411087
./models/14_PCR-GLOBWB_model/model/evaporation/others/shortwave_radiation_distribution/shortwave_radiation.py,get_patm_cor,FUNCTION,120,1,A,3.0,10.0,60.94436251225965,7.0,426.61053758581755,23.700585421434308,0.02031478750408655
./models/14_PCR-GLOBWB_model/model/evaporation/others/shortwave_radiation_distribution/shortwave_radiation.py,get_tau_o,FUNCTION,132,1,A,8.0,33.0,194.51316411045156,10.083333333333332,1961.3410714470529,108.9633928581696,0.06483772137015052
./models/14_PCR-GLOBWB_model/model/evaporation/others/shortwave_radiation_distribution/shortwave_radiation.py,get_tau_a,FUNCTION,166,1,A,3.0,9.0,64.5293250129808,3.5,225.85263754543283,12.547368752524045,0.021509775004326936
./models/14_PCR-GLOBWB_model/model/evaporation/others/shortwave_radiation_distribution/shortwave_radiation.py,get_tau_v,FUNCTION,176,1,A,8.0,30.0,176.41891628622352,11.454545454545455,2020.7984956421967,112.26658309123314,0.05880630542874117
./models/14_PCR-GLOBWB_model/model/evaporation/others/shortwave_radiation_distribution/shortwave_radiation.py,compute_beta,FUNCTION,208,1,A,3.0,38.0,106.27403387250882,7.857142857142857,835.0102661411407,46.38945923006337,0.03542467795750294
./models/14_PCR-GLOBWB_model/model/evaporation/others/shortwave_radiation_distribution/shortwave_radiation.py,compute_day_length_correction,FUNCTION,248,1,A,5.0,50.0,240.80930740641406,14.399999999999999,3467.654026652362,192.64744592513122,0.08026976913547136
./models/14_PCR-GLOBWB_model/model/evaporation/others/shortwave_radiation_distribution/shortwave_radiation.py,compute_sat_pressure,FUNCTION,300,1,A,11.0,48.0,543.2311061925092,25.961538461538463,14103.115256920912,783.5064031622728,0.18107703539750306
./models/14_PCR-GLOBWB_model/model/evaporation/others/shortwave_radiation_distribution/shortwave_radiation.py,estimate_relative_humidity,FUNCTION,350,1,A,4.0,28.0,191.81655006634637,7.6,1457.8057805042324,80.9892100280129,0.06393885002211545
./models/14_PCR-GLOBWB_model/model/evaporation/others/shortwave_radiation_distribution/shortwave_radiation.py,compute_solar_declination,FUNCTION,381,1,A,7.0,26.0,308.5744501067311,21.25,6557.207064768036,364.289281376002,0.10285815003557704
./models/14_PCR-GLOBWB_model/model/evaporation/others/shortwave_radiation_distribution/shortwave_radiation.py,compute_eccentricity,FUNCTION,408,1,A,6.0,25.0,212.54806774501765,13.5,2869.3989145577384,159.41105080876324,0.07084935591500588
./models/14_PCR-GLOBWB_model/model/evaporation/others/shortwave_radiation_distribution/shortwave_radiation.py,compute_day_length,FUNCTION,434,1,A,8.0,28.0,352.93307042287904,15.692307692307693,5538.334335866718,307.68524088148433,0.11764435680762635
./models/14_PCR-GLOBWB_model/model/evaporation/others/shortwave_radiation_distribution/shortwave_radiation.py,compute_solar_geometry,FUNCTION,463,1,A,5.0,29.0,97.67226489021297,5.25,512.7793906736181,28.487743926312117,0.03255742163007099
./models/14_PCR-GLOBWB_model/model/evaporation/others/shortwave_radiation_distribution/shortwave_radiation.py,compute_radsw_ext,FUNCTION,493,1,A,9.0,37.0,339.267146704276,15.583333333333334,5286.913036141635,293.7173908967575,0.11308904890142533
./models/14_PCR-GLOBWB_model/model/evaporation/others/shortwave_radiation_distribution/shortwave_radiation.py,main,FUNCTION,795,1,A,27.0,47.0,1555.2746268199128,19.539473684210527,30389.247642468035,1688.2915356926687,0.5184248756066376
./models/14_PCR-GLOBWB_model/model/evaporation/others/shortwave_radiation_distribution/shortwave_radiation.py,shortwave_radiation,CLASS,539,2,A,65.0,247.0,2909.2175426736085,30.129310344827587,87652.71820382985,4869.595455768325,0.9697391808912028
./models/14_PCR-GLOBWB_model/model/evaporation/others/shortwave_radiation_distribution/shortwave_radiation.py,shortwave_radiation.__init__,METHOD,578,1,A,25.0,81.0,961.5304769963141,14.307692307692308,13757.28220933188,764.2934560739933,0.32051015899877133
./models/14_PCR-GLOBWB_model/model/evaporation/others/shortwave_radiation_distribution/shortwave_radiation.py,shortwave_radiation.parameter_initialization,METHOD,660,1,A,14.0,51.0,376.1523513717527,9.882352941176471,3717.2702959090852,206.51501643939363,0.12538411712391756
./models/14_PCR-GLOBWB_model/model/evaporation/others/shortwave_radiation_distribution/shortwave_radiation.py,shortwave_radiation.update,METHOD,712,2,A,24.0,74.0,1135.3501085268354,14.777777777777779,16777.951603785456,932.1084224325253,0.3784500361756118
./models/14_PCR-GLOBWB_model/model/evaporation/others/shortwave_radiation_distribution/shortwave_radiation.py,shortwave_radiation (aggregate),CLASS_AGG,578,4,A,,,,,,,
./models/14_PCR-GLOBWB_model/model/evaporation/others/shortwave_radiation_distribution/shortwave_radiation.py,shortwave_radiation.py (module aggregate),MODULE_AGG,1,23,D,,,,,,,
./models/14_PCR-GLOBWB_model/modflow/scripts/configuration.py,<module>,FUNCTION,1,1,A,12.0,,140.55415752892034,3.2,449.7733040925451,24.987405782919172,0.04685138584297345
./models/14_PCR-GLOBWB_model/modflow/scripts/configuration.py,Configuration,CLASS,40,10,B,334.0,505.0,18762.346130643567,128.71074380165288,2414915.5259391973,134161.97366328875,6.254115376881189
./models/14_PCR-GLOBWB_model/modflow/scripts/configuration.py,Configuration.__init__,METHOD,42,2,A,9.0,23.0,430.0,9.318181818181818,4006.818181818182,222.6010101010101,0.14333333333333334
./models/14_PCR-GLOBWB_model/modflow/scripts/configuration.py,Configuration.set_options_for_coupling_betweeen_pcrglobwb_and_modflow,METHOD,66,3,A,5.0,7.0,175.69269691115042,12.666666666666668,2225.440827541239,123.63560153006883,0.05856423230371681
./models/14_PCR-GLOBWB_model/modflow/scripts/configuration.py,Configuration.set_configuration,METHOD,74,1,A,7.0,17.0,179.30677506201943,5.7272727272727275,1026.9388026279296,57.05215570155164,0.059768925020673144
./models/14_PCR-GLOBWB_model/modflow/scripts/configuration.py,Configuration.initialize_logging,METHOD,92,8,B,40.0,69.0,2268.0,26.479591836734695,60055.71428571429,3336.4285714285716,0.756
./models/14_PCR-GLOBWB_model/modflow/scripts/configuration.py,Configuration.backup_configuration,METHOD,162,1,A,3.0,6.0,224.0081885617168,5.5,1232.0450370894423,68.44694650496902,0.07466939618723893
./models/14_PCR-GLOBWB_model/modflow/scripts/configuration.py,Configuration.parse_configuration_file,METHOD,169,3,A,11.0,16.0,421.99259122233263,14.529411764705882,6131.30411952448,340.6280066402489,0.14066419707411087
./models/14_PCR-GLOBWB_model/modflow/scripts/configuration.py,Configuration.set_input_files,METHOD,186,3,A,7.0,11.0,348.31427061639,21.45,7471.341104721565,415.07450581786475,0.11610475687213
./models/14_PCR-GLOBWB_model/modflow/scripts/configuration.py,Configuration.create_output_directories,METHOD,198,13,C,48.0,68.0,2150.433870296125,42.42424242424242,91230.52783074469,5068.362657263594,0.7168112900987084
./models/14_PCR-GLOBWB_model/modflow/scripts/configuration.py,Configuration.repair_ini_key_names,METHOD,268,54,F,188.0,256.0,7139.666426991833,255.2,1822042.8721683156,101224.60400935086,2.379888808997278
./models/14_PCR-GLOBWB_model/modflow/scripts/configuration.py,Configuration.set_debug_to_version_one,METHOD,527,4,A,15.0,18.0,339.267146704276,21.272727272727273,7217.137484436417,400.95208246868987,0.11308904890142533
./models/14_PCR-GLOBWB_model/modflow/scripts/configuration.py,Configuration (aggregate),CLASS_AGG,42,92,F,,,,,,,
./models/14_PCR-GLOBWB_model/modflow/scripts/configuration.py,configuration.py (module aggregate),MODULE_AGG,1,92,F,,,,,,,
./models/14_PCR-GLOBWB_model/modflow/scripts/configuration_for_modflow.py,<module>,FUNCTION,1,1,A,12.0,,147.1612434150308,3.1875,469.0764633854107,26.059803521411705,0.04905374780501027
./models/14_PCR-GLOBWB_model/modflow/scripts/configuration_for_modflow.py,Configuration,CLASS,50,6,B,147.0,250.0,9241.917824020209,70.04716981132076,647370.1872014157,35965.010400078645,3.080639274673403
./models/14_PCR-GLOBWB_model/modflow/scripts/configuration_for_modflow.py,Configuration.__init__,METHOD,52,2,A,13.0,28.0,539.757965516937,17.0,9175.88541378793,509.7714118771072,0.17991932183897902
./models/14_PCR-GLOBWB_model/modflow/scripts/configuration_for_modflow.py,Configuration.set_options_for_coupling_betweeen_pcrglobwb_and_modflow,METHOD,81,10,B,19.0,37.0,918.158408079111,39.66666666666667,36420.28352047141,2023.3490844706337,0.30605280269303703
./models/14_PCR-GLOBWB_model/modflow/scripts/configuration_for_modflow.py,Configuration.set_configuration,METHOD,119,1,A,5.0,11.0,89.94522208456974,4.166666666666667,374.77175868570725,20.82065326031707,0.02998174069485658
./models/14_PCR-GLOBWB_model/modflow/scripts/configuration_for_modflow.py,Configuration.initialize_logging,METHOD,131,7,B,38.0,66.0,2149.4648680496616,26.329787234042552,56594.95264279694,3144.164035710941,0.7164882893498872
./models/14_PCR-GLOBWB_model/modflow/scripts/configuration_for_modflow.py,Configuration.backup_configuration,METHOD,198,1,A,3.0,5.0,224.0081885617168,5.5,1232.0450370894423,68.44694650496902,0.07466939618723893
./models/14_PCR-GLOBWB_model/modflow/scripts/configuration_for_modflow.py,Configuration.parse_configuration_file,METHOD,204,3,A,11.0,16.0,421.99259122233263,14.529411764705882,6131.30411952448,340.6280066402489,0.14066419707411087
./models/14_PCR-GLOBWB_model/modflow/scripts/configuration_for_modflow.py,Configuration.set_input_files,METHOD,221,1,A,2.0,4.0,112.0,7.7142857142857135,863.9999999999999,47.99999999999999,0.037333333333333336
./models/14_PCR-GLOBWB_model/modflow/scripts/configuration_for_modflow.py,Configuration.create_output_directories,METHOD,226,15,C,55.0,74.0,2592.2983812809734,52.25,135447.59042193086,7524.866134551714,0.8640994604269912
./models/14_PCR-GLOBWB_model/modflow/scripts/configuration_for_modflow.py,Configuration (aggregate),CLASS_AGG,52,40,E,,,,,,,
./models/14_PCR-GLOBWB_model/modflow/scripts/configuration_for_modflow.py,configuration_for_modflow.py (module aggregate),MODULE_AGG,1,40,E,,,,,,,
./models/14_PCR-GLOBWB_model/modflow/scripts/currTimeStep.py,<module>,FUNCTION,1,1,A,4.0,,48.432042660922164,2.916666666666667,141.26012442768965,7.847784690427202,0.01614401422030739
./models/14_PCR-GLOBWB_model/modflow/scripts/currTimeStep.py,ModelTime,CLASS,31,2,A,100.0,150.0,5121.103357974023,47.01492537313433,240768.29220325634,13376.016233514241,1.7070344526580077
./models/14_PCR-GLOBWB_model/modflow/scripts/currTimeStep.py,ModelTime.__init__,METHOD,33,1,A,3.0,3.0,58.81033751683405,4.800000000000001,282.2896200808035,15.682756671155751,0.019603445838944685
./models/14_PCR-GLOBWB_model/modflow/scripts/currTimeStep.py,ModelTime.getStartEndTimeSteps,METHOD,39,2,A,10.0,11.0,798.2892142331044,16.12962962962963,12876.109362908037,715.3394090504465,0.26609640474436813
./models/14_PCR-GLOBWB_model/modflow/scripts/currTimeStep.py,ModelTime.getStartEndTimeStepsForSpinUp,METHOD,52,1,A,11.0,12.0,729.323471188053,13.53846153846154,9873.917763776719,548.5509868764843,0.243107823729351
./models/14_PCR-GLOBWB_model/modflow/scripts/currTimeStep.py,ModelTime.spinUpStatus,METHOD,67,1,A,2.0,2.0,31.69925001442312,4.0,126.79700005769249,7.044277780982916,0.010566416671474373
./models/14_PCR-GLOBWB_model/modflow/scripts/currTimeStep.py,ModelTime.startTime,METHOD,71,1,A,2.0,2.0,31.69925001442312,4.0,126.79700005769249,7.044277780982916,0.010566416671474373
./models/14_PCR-GLOBWB_model/modflow/scripts/currTimeStep.py,ModelTime.endTime,METHOD,75,1,A,2.0,2.0,31.69925001442312,4.0,126.79700005769249,7.044277780982916,0.010566416671474373
./models/14_PCR-GLOBWB_model/modflow/scripts/currTimeStep.py,ModelTime.currTime,METHOD,79,1,A,2.0,2.0,31.69925001442312,4.0,126.79700005769249,7.044277780982916,0.010566416671474373
./models/14_PCR-GLOBWB_model/modflow/scripts/currTimeStep.py,ModelTime.day,METHOD,83,1,A,2.0,2.0,38.039100017307746,5.0,190.19550008653874,10.566416671474375,0.012679700005769248
./models/14_PCR-GLOBWB_model/modflow/scripts/currTimeStep.py,ModelTime.doy,METHOD,87,1,A,2.0,2.0,55.35090589819676,3.5999999999999996,199.2632612335083,11.07018117963935,0.018450301966065584
./models/14_PCR-GLOBWB_model/modflow/scripts/currTimeStep.py,ModelTime.month,METHOD,91,1,A,2.0,2.0,38.039100017307746,5.0,190.19550008653874,10.566416671474375,0.012679700005769248
./models/14_PCR-GLOBWB_model/modflow/scripts/currTimeStep.py,ModelTime.year,METHOD,95,1,A,2.0,2.0,38.039100017307746,5.0,190.19550008653874,10.566416671474375,0.012679700005769248
./models/14_PCR-GLOBWB_model/modflow/scripts/currTimeStep.py,ModelTime.timeStepPCR,METHOD,99,1,A,2.0,2.0,31.69925001442312,4.0,126.79700005769249,7.044277780982916,0.010566416671474373
./models/14_PCR-GLOBWB_model/modflow/scripts/currTimeStep.py,ModelTime.monthIdx,METHOD,103,1,A,2.0,2.0,31.69925001442312,4.0,126.79700005769249,7.044277780982916,0.010566416671474373
./models/14_PCR-GLOBWB_model/modflow/scripts/currTimeStep.py,ModelTime.annuaIdx,METHOD,107,1,A,2.0,2.0,31.69925001442312,4.0,126.79700005769249,7.044277780982916,0.010566416671474373
./models/14_PCR-GLOBWB_model/modflow/scripts/currTimeStep.py,ModelTime.nrOfTimeSteps,METHOD,111,1,A,2.0,2.0,31.69925001442312,4.0,126.79700005769249,7.044277780982916,0.010566416671474373
./models/14_PCR-GLOBWB_model/modflow/scripts/currTimeStep.py,ModelTime.fulldate,METHOD,115,1,A,2.0,2.0,31.69925001442312,4.0,126.79700005769249,7.044277780982916,0.010566416671474373
./models/14_PCR-GLOBWB_model/modflow/scripts/currTimeStep.py,ModelTime.update,METHOD,118,4,A,11.0,21.0,750.3918613791182,15.648148148148149,11742.24301602509,652.346834223616,0.2501306204597061
./models/14_PCR-GLOBWB_model/modflow/scripts/currTimeStep.py,ModelTime.isFirstTimestep,METHOD,140,1,A,2.0,2.0,41.51317942364757,4.375,181.62015997845813,10.090008887692118,0.01383772647454919
./models/14_PCR-GLOBWB_model/modflow/scripts/currTimeStep.py,ModelTime.isFirstDayOfMonth,METHOD,143,1,A,2.0,2.0,41.51317942364757,4.375,181.62015997845813,10.090008887692118,0.01383772647454919
./models/14_PCR-GLOBWB_model/modflow/scripts/currTimeStep.py,ModelTime.isFirstDayOfYear,METHOD,146,1,A,2.0,2.0,41.51317942364757,4.375,181.62015997845813,10.090008887692118,0.01383772647454919
./models/14_PCR-GLOBWB_model/modflow/scripts/currTimeStep.py,ModelTime.isLastDayOfMonth,METHOD,149,1,A,3.0,5.0,108.41805003750011,6.0,650.5083002250007,36.13935001250004,0.036139350012500036
./models/14_PCR-GLOBWB_model/modflow/scripts/currTimeStep.py,ModelTime.isLastDayOfYear,METHOD,155,1,A,3.0,5.0,127.43782540330756,5.8500000000000005,745.5112786093492,41.417293256074956,0.042479275134435855
./models/14_PCR-GLOBWB_model/modflow/scripts/currTimeStep.py,ModelTime.isLastTimeStep,METHOD,161,1,A,2.0,2.0,48.432042660922164,5.25,254.26822396984136,14.126012442768964,0.01614401422030739
./models/14_PCR-GLOBWB_model/modflow/scripts/currTimeStep.py,ModelTime.yesterday,METHOD,164,1,A,3.0,3.0,125.09775004326937,5.2,650.5083002250008,36.139350012500046,0.04169925001442312
./models/14_PCR-GLOBWB_model/modflow/scripts/currTimeStep.py,ModelTime.endMonth,METHOD,170,1,A,2.0,2.0,38.039100017307746,4.0,152.15640006923098,8.4531333371795,0.012679700005769248
./models/14_PCR-GLOBWB_model/modflow/scripts/currTimeStep.py,ModelTime.endYear,METHOD,175,1,A,2.0,2.0,38.039100017307746,4.0,152.15640006923098,8.4531333371795,0.012679700005769248
./models/14_PCR-GLOBWB_model/modflow/scripts/currTimeStep.py,ModelTime.__str__,METHOD,178,1,A,2.0,3.0,43.18506523353571,3.75,161.9439946257589,8.996888590319939,0.014395021744511903
./models/14_PCR-GLOBWB_model/modflow/scripts/currTimeStep.py,ModelTime (aggregate),CLASS_AGG,33,31,E,,,,,,,
./models/14_PCR-GLOBWB_model/modflow/scripts/currTimeStep.py,currTimeStep.py (module aggregate),MODULE_AGG,1,31,E,,,,,,,
./models/14_PCR-GLOBWB_model/modflow/scripts/deterministic_runner.py,<module>,FUNCTION,1,2,A,16.0,,369.87118895965546,5.4642857142857135,2021.081853958117,112.2823252198954,0.12329039631988516
./models/14_PCR-GLOBWB_model/modflow/scripts/deterministic_runner.py,main,FUNCTION,70,7,B,48.0,80.0,2281.556181336237,29.547169811320757,67413.52792401033,3745.1959957783515,0.760518727112079
./models/14_PCR-GLOBWB_model/modflow/scripts/deterministic_runner.py,DeterministicRunner,CLASS,44,2,A,13.0,25.0,514.9459854835226,10.575000000000001,5445.5537964882515,302.5307664715695,0.17164866182784086
./models/14_PCR-GLOBWB_model/modflow/scripts/deterministic_runner.py,DeterministicRunner.__init__,METHOD,46,1,A,5.0,6.0,212.66617507355792,7.954545454545455,1691.6627562669382,93.98126423705213,0.0708887250245193
./models/14_PCR-GLOBWB_model/modflow/scripts/deterministic_runner.py,DeterministicRunner.initial,METHOD,53,1,A,2.0,2.0,19.651484454403228,2.5,49.12871113600807,2.7293728408893374,0.00655049481813441
./models/14_PCR-GLOBWB_model/modflow/scripts/deterministic_runner.py,DeterministicRunner.dynamic,METHOD,56,1,A,5.0,13.0,171.67343933251425,4.909090909090909,842.7605203596154,46.82002890886752,0.05722447977750475
./models/14_PCR-GLOBWB_model/modflow/scripts/deterministic_runner.py,DeterministicRunner (aggregate),CLASS_AGG,46,3,A,,,,,,,
./models/14_PCR-GLOBWB_model/modflow/scripts/deterministic_runner.py,deterministic_runner.py (module aggregate),MODULE_AGG,1,10,B,,,,,,,
./models/14_PCR-GLOBWB_model/modflow/scripts/deterministic_runner_for_monthly_modflow_and_merging.py,<module>,FUNCTION,1,2,A,18.0,,409.78846330632695,6.166666666666667,2527.028857055683,140.39049205864907,0.13659615443544232
./models/14_PCR-GLOBWB_model/modflow/scripts/deterministic_runner_for_monthly_modflow_and_merging.py,main,FUNCTION,236,6,B,20.0,35.0,873.5090589819675,15.306451612903226,13370.324144740116,742.7957858188953,0.29116968632732254
./models/14_PCR-GLOBWB_model/modflow/scripts/deterministic_runner_for_monthly_modflow_and_merging.py,DeterministicRunner,CLASS,47,8,B,120.0,188.0,7470.990285727317,72.83333333333333,544137.1258104729,30229.840322804048,2.490330095242439
./models/14_PCR-GLOBWB_model/modflow/scripts/deterministic_runner_for_monthly_modflow_and_merging.py,DeterministicRunner.__init__,METHOD,49,5,A,19.0,36.0,839.6684021509736,22.166666666666664,18612.649581013247,1034.0360878340693,0.2798894673836579
./models/14_PCR-GLOBWB_model/modflow/scripts/deterministic_runner_for_monthly_modflow_and_merging.py,DeterministicRunner.initial,METHOD,86,2,A,3.0,5.0,71.69925001442311,4.0,286.79700005769246,15.933166669871802,0.023899750004807704
./models/14_PCR-GLOBWB_model/modflow/scripts/deterministic_runner_for_monthly_modflow_and_merging.py,DeterministicRunner.dynamic,METHOD,92,19,C,61.0,95.0,3610.137953955898,44.625,161102.40619528195,8950.133677515663,1.2033793179852994
./models/14_PCR-GLOBWB_model/modflow/scripts/deterministic_runner_for_monthly_modflow_and_merging.py,DeterministicRunner.merging_netcdf_files,METHOD,189,2,A,18.0,24.0,847.8677002365392,18.75,15897.51937943511,883.1955210797283,0.28262256674551306
./models/14_PCR-GLOBWB_model/modflow/scripts/deterministic_runner_for_monthly_modflow_and_merging.py,DeterministicRunner.check_pcrglobwb_status,METHOD,214,9,B,18.0,21.0,976.9595128760462,27.241379310344826,26613.724661106084,1478.540258950338,0.32565317095868207
./models/14_PCR-GLOBWB_model/modflow/scripts/deterministic_runner_for_monthly_modflow_and_merging.py,DeterministicRunner (aggregate),CLASS_AGG,49,37,E,,,,,,,
./models/14_PCR-GLOBWB_model/modflow/scripts/deterministic_runner_for_monthly_modflow_and_merging.py,deterministic_runner_for_monthly_modflow_and_merging.py (module aggregate),MODULE_AGG,1,43,F,,,,,,,
./models/14_PCR-GLOBWB_model/modflow/scripts/deterministic_runner_glue_with_parallel_and_modflow_options.py,<module>,FUNCTION,1,2,A,17.0,,396.40516641466866,6.206896551724138,2460.44586050484,136.69143669471333,0.1321350554715562
./models/14_PCR-GLOBWB_model/modflow/scripts/deterministic_runner_glue_with_parallel_and_modflow_options.py,main,FUNCTION,327,12,C,47.0,80.0,2632.091767148004,38.8235294117647,102187.09213633426,5677.060674240793,0.8773639223826679
./models/14_PCR-GLOBWB_model/modflow/scripts/deterministic_runner_glue_with_parallel_and_modflow_options.py,DeterministicRunner,CLASS,45,7,B,176.0,280.0,15698.879827874813,157.2577319587629,2468770.236024767,137153.90200137594,5.232959942624937
./models/14_PCR-GLOBWB_model/modflow/scripts/deterministic_runner_glue_with_parallel_and_modflow_options.py,DeterministicRunner.__init__,METHOD,47,4,A,10.0,17.0,539.7501707713545,18.42105263157895,9942.766303682847,552.3759057601582,0.17991672359045152
./models/14_PCR-GLOBWB_model/modflow/scripts/deterministic_runner_glue_with_parallel_and_modflow_options.py,DeterministicRunner.adusting_parameters,METHOD,66,9,B,113.0,184.0,10685.183772065822,147.92105263157896,1580563.631125842,87809.09061810233,3.5617279240219406
./models/14_PCR-GLOBWB_model/modflow/scripts/deterministic_runner_glue_with_parallel_and_modflow_options.py,DeterministicRunner.initial,METHOD,251,1,A,2.0,2.0,19.651484454403228,2.5,49.12871113600807,2.7293728408893374,0.00655049481813441
./models/14_PCR-GLOBWB_model/modflow/scripts/deterministic_runner_glue_with_parallel_and_modflow_options.py,DeterministicRunner.dynamic,METHOD,254,16,C,28.0,45.0,1317.9577931360486,24.839285714285715,32737.13018307578,1818.7294546153212,0.43931926437868285
./models/14_PCR-GLOBWB_model/modflow/scripts/deterministic_runner_glue_with_parallel_and_modflow_options.py,DeterministicRunner.check_modflow_status,METHOD,300,5,A,11.0,12.0,460.0,13.200000000000001,6072.000000000001,337.33333333333337,0.15333333333333332
./models/14_PCR-GLOBWB_model/modflow/scripts/deterministic_runner_glue_with_parallel_and_modflow_options.py,DeterministicRunner.check_merging_status,METHOD,313,5,A,11.0,12.0,460.0,13.200000000000001,6072.000000000001,337.33333333333337,0.15333333333333332
./models/14_PCR-GLOBWB_model/modflow/scripts/deterministic_runner_glue_with_parallel_and_modflow_options.py,DeterministicRunner (aggregate),CLASS_AGG,47,40,E,,,,,,,
./models/14_PCR-GLOBWB_model/modflow/scripts/deterministic_runner_glue_with_parallel_and_modflow_options.py,deterministic_runner_glue_with_parallel_and_modflow_options.py (module aggregate),MODULE_AGG,1,52,F,,,,,,,
./models/14_PCR-GLOBWB_model/modflow/scripts/disclaimer.py,<module>,FUNCTION,1,1,A,2.0,,31.69925001442312,3.125,99.06015629507226,5.503342016392903,0.010566416671474373
./models/14_PCR-GLOBWB_model/modflow/scripts/disclaimer.py,print_disclaimer,FUNCTION,7,2,A,19.0,23.0,346.1037751197119,28.75,9950.483534691717,552.8046408162065,0.11536792503990397
./models/14_PCR-GLOBWB_model/modflow/scripts/disclaimer.py,disclaimer.py (module aggregate),MODULE_AGG,1,2,A,,,,,,,
./models/14_PCR-GLOBWB_model/modflow/scripts/ETPFunctions.py,<module>,FUNCTION,1,1,A,2.0,,13.931568569324174,1.0,13.931568569324174,0.7739760316291208,0.004643856189774725
./models/14_PCR-GLOBWB_model/modflow/scripts/ETPFunctions.py,HamonPotET,FUNCTION,33,1,A,6.0,6.0,207.45254855459342,11.5,2385.7043083778244,132.53912824321247,0.0691508495181978
./models/14_PCR-GLOBWB_model/modflow/scripts/ETPFunctions.py,dayLength,FUNCTION,41,1,A,14.0,14.0,1282.0406359950855,40.25,51602.13559880219,2866.7853110445662,0.4273468786650285
./models/14_PCR-GLOBWB_model/modflow/scripts/ETPFunctions.py,satPressure,FUNCTION,57,1,A,5.0,6.0,225.14015821251002,19.714285714285715,4438.477404760912,246.58207804227288,0.07504671940417
./models/14_PCR-GLOBWB_model/modflow/scripts/ETPFunctions.py,ETPFunctions.py (module aggregate),MODULE_AGG,1,3,A,,,,,,,
./models/14_PCR-GLOBWB_model/modflow/scripts/groundwater.py,<module>,FUNCTION,1,1,A,9.0,,149.33879237447786,4.615384615384615,689.2559648052824,38.29199804473791,0.04977959745815929
./models/14_PCR-GLOBWB_model/modflow/scripts/groundwater.py,Groundwater,CLASS,38,10,B,524.0,835.0,36923.72803411465,220.09756097560975,8126822.48243538,451490.1379130767,12.307909344704882
./models/14_PCR-GLOBWB_model/modflow/scripts/groundwater.py,Groundwater.getState,METHOD,40,1,A,12.0,15.0,385.1368500605771,16.923076923076923,6517.700539486689,362.09447441592715,0.12837895002019237
./models/14_PCR-GLOBWB_model/modflow/scripts/groundwater.py,Groundwater.getPseudoState,METHOD,56,1,A,3.0,4.0,41.51317942364757,5.333333333333333,221.40362359278703,12.30020131071039,0.01383772647454919
./models/14_PCR-GLOBWB_model/modflow/scripts/groundwater.py,Groundwater.__init__,METHOD,61,40,E,163.0,292.0,10671.654841384418,118.75,1267259.0124143995,70403.27846746665,3.5572182804614725
./models/14_PCR-GLOBWB_model/modflow/scripts/groundwater.py,Groundwater.initiate_old_style_groundwater_reporting,METHOD,354,17,C,56.0,80.0,2782.4357901538406,78.88,219478.53512733494,12193.251951518607,0.9274785967179469
./models/14_PCR-GLOBWB_model/modflow/scripts/groundwater.py,Groundwater.getICs,METHOD,435,1,A,2.0,3.0,74.00879436282185,5.25,388.5461704048147,21.585898355823037,0.024669598120940616
./models/14_PCR-GLOBWB_model/modflow/scripts/groundwater.py,Groundwater.initialize_states,METHOD,439,10,B,83.0,110.0,4684.400637513021,85.71428571428572,401520.0546439733,22306.66970244296,1.5614668791710071
./models/14_PCR-GLOBWB_model/modflow/scripts/groundwater.py,Groundwater.perturb,METHOD,550,2,A,7.0,11.0,283.6339404013986,18.545454545454543,5260.120349262301,292.22890829235007,0.0945446468004662
./models/14_PCR-GLOBWB_model/modflow/scripts/groundwater.py,Groundwater.update,METHOD,562,2,A,7.0,11.0,212.66617507355792,9.2,1956.5288106767327,108.69604503759626,0.0708887250245193
./models/14_PCR-GLOBWB_model/modflow/scripts/groundwater.py,Groundwater.update_with_MODFLOW,METHOD,574,3,A,22.0,48.0,1488.6298122496069,22.97142857142857,34195.95340139097,1899.7751889661652,0.49620993741653563
./models/14_PCR-GLOBWB_model/modflow/scripts/groundwater.py,Groundwater.update_without_MODFLOW,METHOD,624,6,B,56.0,82.0,2113.877191628968,34.0,71871.82451538491,3992.879139743606,0.7046257305429893
./models/14_PCR-GLOBWB_model/modflow/scripts/groundwater.py,Groundwater.calculate_statistics,METHOD,707,1,A,28.0,38.0,1350.0,30.681818181818183,41420.454545454544,2301.1363636363635,0.45
./models/14_PCR-GLOBWB_model/modflow/scripts/groundwater.py,Groundwater.old_style_groundwater_reporting,METHOD,746,32,E,84.0,127.0,4528.219309233613,90.0,407539.73783102515,22641.096546168064,1.5094064364112043
./models/14_PCR-GLOBWB_model/modflow/scripts/groundwater.py,Groundwater (aggregate),CLASS_AGG,40,116,F,,,,,,,
./models/14_PCR-GLOBWB_model/modflow/scripts/groundwater.py,groundwater.py (module aggregate),MODULE_AGG,1,116,F,,,,,,,
./models/14_PCR-GLOBWB_model/modflow/scripts/groundwater_MODFLOW.py,<module>,FUNCTION,1,1,A,11.0,,183.39850002884623,4.5,825.293250129808,45.84962500721156,0.06113283334294874
./models/14_PCR-GLOBWB_model/modflow/scripts/groundwater_MODFLOW.py,GroundwaterModflow,CLASS,41,8,B,881.0,1681.0,81232.06302333705,224.8194842406877,18262550.512713674,1014586.1395952041,27.07735434111235
./models/14_PCR-GLOBWB_model/modflow/scripts/groundwater_MODFLOW.py,GroundwaterModflow.getState,METHOD,43,2,A,6.0,9.0,216.22022703449022,12.954545454545455,2801.0347593104416,155.61304218391342,0.07207340901149674
./models/14_PCR-GLOBWB_model/modflow/scripts/groundwater_MODFLOW.py,GroundwaterModflow.getGroundwaterDepth,METHOD,53,2,A,7.0,10.0,281.76289771739914,15.384615384615385,4334.81381103691,240.82298950205055,0.09392096590579971
./models/14_PCR-GLOBWB_model/modflow/scripts/groundwater_MODFLOW.py,GroundwaterModflow.getVariableValuesForPCRGLOBWB,METHOD,64,1,A,6.0,9.0,280.9441919741497,16.799999999999997,4719.862425165714,262.214579175873,0.09364806399138323
./models/14_PCR-GLOBWB_model/modflow/scripts/groundwater_MODFLOW.py,GroundwaterModflow.__init__,METHOD,74,37,E,183.0,335.0,14061.201556344802,107.27927927927927,1508475.5687653504,83804.19826474169,4.687067185448267
./models/14_PCR-GLOBWB_model/modflow/scripts/groundwater_MODFLOW.py,GroundwaterModflow.initiate_modflow,METHOD,410,6,B,11.0,25.0,713.4496501990391,17.239130434782606,12299.251578431258,683.2917543572921,0.23781655006634636
./models/14_PCR-GLOBWB_model/modflow/scripts/groundwater_MODFLOW.py,GroundwaterModflow.set_grid_for_one_layer_model,METHOD,438,1,A,7.0,11.0,199.6525931318485,9.090909090909092,1815.0235739258956,100.83464299588309,0.06655086437728283
./models/14_PCR-GLOBWB_model/modflow/scripts/groundwater_MODFLOW.py,GroundwaterModflow.set_grid_for_two_layer_model,METHOD,450,2,A,25.0,44.0,1035.427028870857,30.25,31321.667623343423,1740.0926457413013,0.3451423429569523
./models/14_PCR-GLOBWB_model/modflow/scripts/groundwater_MODFLOW.py,GroundwaterModflow.set_bcf_for_one_layer_model,METHOD,500,1,A,14.0,31.0,690.0,12.717391304347826,8775.0,487.5,0.23
./models/14_PCR-GLOBWB_model/modflow/scripts/groundwater_MODFLOW.py,GroundwaterModflow.set_bcf_for_two_layer_model,METHOD,532,2,A,35.0,73.0,2675.197037845434,35.333333333333336,94523.62867053867,5251.312703918815,0.891732345948478
./models/14_PCR-GLOBWB_model/modflow/scripts/groundwater_MODFLOW.py,GroundwaterModflow.get_initial_heads,METHOD,606,8,B,33.0,54.0,2972.7907159183,56.57142857142857,168175.01764337812,9343.056535743228,0.9909302386394333
./models/14_PCR-GLOBWB_model/modflow/scripts/groundwater_MODFLOW.py,GroundwaterModflow.transient_simulation_with_constant_input,METHOD,664,10,B,32.0,50.0,1485.8094463758375,29.918918918918916,44453.81235508248,2469.656241949027,0.4952698154586125
./models/14_PCR-GLOBWB_model/modflow/scripts/groundwater_MODFLOW.py,GroundwaterModflow.estimate_bottom_of_bank_storage,METHOD,715,1,A,19.0,46.0,1088.7928570856232,23.75,25858.83035578355,1436.6016864324195,0.3629309523618744
./models/14_PCR-GLOBWB_model/modflow/scripts/groundwater_MODFLOW.py,GroundwaterModflow.initiate_old_style_reporting,METHOD,762,17,C,56.0,80.0,2782.4357901538406,78.88,219478.53512733494,12193.251951518607,0.9274785967179469
./models/14_PCR-GLOBWB_model/modflow/scripts/groundwater_MODFLOW.py,GroundwaterModflow.update,METHOD,844,4,A,14.0,26.0,437.21828956148147,20.53333333333333,8977.548878995753,498.752715499764,0.14573942985382715
./models/14_PCR-GLOBWB_model/modflow/scripts/groundwater_MODFLOW.py,GroundwaterModflow.modflow_simulation,METHOD,871,33,E,140.0,264.0,8823.836675667299,88.95505617977528,784924.8872051461,43606.938178063676,2.9412788918890995
./models/14_PCR-GLOBWB_model/modflow/scripts/groundwater_MODFLOW.py,GroundwaterModflow.calculate_values_for_pcrglobwb,METHOD,1136,4,A,22.0,43.0,1321.6751046793584,29.454545454545457,38929.339446919286,2162.741080384405,0.4405583682264528
./models/14_PCR-GLOBWB_model/modflow/scripts/groundwater_MODFLOW.py,GroundwaterModflow.get_all_modflow_results,METHOD,1181,4,A,29.0,50.0,1584.8741090599628,44.347826086956516,70285.72135831139,3904.762297683966,0.5282913696866542
./models/14_PCR-GLOBWB_model/modflow/scripts/groundwater_MODFLOW.py,GroundwaterModflow.old_check_modflow_convergence,METHOD,1237,3,A,10.0,18.0,451.37690549115706,16.842105263157894,7602.13735564054,422.3409642022522,0.15045896849705234
./models/14_PCR-GLOBWB_model/modflow/scripts/groundwater_MODFLOW.py,GroundwaterModflow.set_drain_and_river_package,METHOD,1256,10,B,86.0,194.0,6213.750231390401,57.12666666666667,354970.8382185623,19720.602123253462,2.0712500771301334
./models/14_PCR-GLOBWB_model/modflow/scripts/groundwater_MODFLOW.py,GroundwaterModflow.set_recharge_package,METHOD,1452,1,A,9.0,21.0,505.0,13.200000000000001,6666.000000000001,370.33333333333337,0.16833333333333333
./models/14_PCR-GLOBWB_model/modflow/scripts/groundwater_MODFLOW.py,GroundwaterModflow.set_well_package,METHOD,1477,3,A,4.0,6.0,166.7970000576925,7.2,1200.938400415386,66.718800023077,0.05559900001923083
./models/14_PCR-GLOBWB_model/modflow/scripts/groundwater_MODFLOW.py,GroundwaterModflow.set_well_package_for_one_layer_model,METHOD,1484,1,A,5.0,10.0,263.53904536672565,10.5,2767.159976350619,153.73110979725664,0.08784634845557522
./models/14_PCR-GLOBWB_model/modflow/scripts/groundwater_MODFLOW.py,GroundwaterModflow.set_well_package_for_two_layer_model,METHOD,1495,1,A,9.0,18.0,499.760912578606,15.600000000000001,7796.270236226254,433.1261242347919,0.16658697085953533
./models/14_PCR-GLOBWB_model/modflow/scripts/groundwater_MODFLOW.py,GroundwaterModflow.set_well_package_OLD,METHOD,1514,3,A,8.0,19.0,471.2241565273745,16.235294117647058,7650.462776562079,425.0257098090044,0.15707471884245816
./models/14_PCR-GLOBWB_model/modflow/scripts/groundwater_MODFLOW.py,GroundwaterModflow.set_drain_package,METHOD,1536,1,A,10.0,29.0,544.6648561125455,11.357142857142858,6185.836580135338,343.6575877852966,0.18155495203751518
./models/14_PCR-GLOBWB_model/modflow/scripts/groundwater_MODFLOW.py,GroundwaterModflow.return_innundation_fraction,METHOD,1571,1,A,16.0,21.0,2948.348164567599,61.38888888888889,180995.81788039982,10055.323215577768,0.982782721522533
./models/14_PCR-GLOBWB_model/modflow/scripts/groundwater_MODFLOW.py,GroundwaterModflow.old_style_reporting,METHOD,1595,32,E,84.0,127.0,4528.219309233613,90.0,407539.73783102515,22641.096546168064,1.5094064364112043
./models/14_PCR-GLOBWB_model/modflow/scripts/groundwater_MODFLOW.py,GroundwaterModflow (aggregate),CLASS_AGG,43,191,F,,,,,,,
./models/14_PCR-GLOBWB_model/modflow/scripts/groundwater_MODFLOW.py,groundwater_MODFLOW.py (module aggregate),MODULE_AGG,1,191,F,,,,,,,
./models/14_PCR-GLOBWB_model/modflow/scripts/landCover.py,<module>,FUNCTION,1,1,A,8.0,,131.76952268336282,4.3076923076923075,567.622559251409,31.53458662507828,0.04392317422778761
./models/14_PCR-GLOBWB_model/modflow/scripts/landCover.py,LandCover,CLASS,37,11,C,2102.0,3717.0,174839.67493534574,314.95377358490566,55066415.39324539,3059245.299624744,58.27989164511525
./models/14_PCR-GLOBWB_model/modflow/scripts/landCover.py,LandCover.__init__,METHOD,39,45,F,164.0,253.0,10094.01320548283,73.60714285714286,742991.4720178612,41277.30400099229,3.364671068494277
./models/14_PCR-GLOBWB_model/modflow/scripts/landCover.py,LandCover.get_land_cover_parameters,METHOD,294,31,E,112.0,196.0,6693.100542315895,98.35714285714286,658314.2461977848,36573.01367765471,2.2310335141052984
./models/14_PCR-GLOBWB_model/modflow/scripts/landCover.py,LandCover.estimate_paddy_infiltration_loss,METHOD,492,9,B,20.0,31.0,963.7488726413558,32.76190476190476,31574.248779869176,1754.1249322149542,0.3212496242137853
./models/14_PCR-GLOBWB_model/modflow/scripts/landCover.py,LandCover.scaleRootFractionsFromTwoLayerSoilParameters,METHOD,524,5,A,24.0,37.0,1628.6958094038976,40.09615384615385,65304.43774244474,3628.0243190247074,0.5428986031346326
./models/14_PCR-GLOBWB_model/modflow/scripts/landCover.py,LandCover.scaleRootFractionsOLD,METHOD,563,3,A,18.0,26.0,1159.2179618295625,35.666666666666664,41345.44063858772,2296.9689243659845,0.3864059872765208
./models/14_PCR-GLOBWB_model/modflow/scripts/landCover.py,LandCover.scaleRootFractionsAlternativeOLD,METHOD,590,3,A,13.0,23.0,1180.0,37.28947368421052,44001.57894736841,2444.5321637426896,0.3933333333333333
./models/14_PCR-GLOBWB_model/modflow/scripts/landCover.py,LandCover.calculateParametersAtHalfTranspiration,METHOD,614,5,A,59.0,138.0,3736.3399129824534,68.86363636363636,257297.95309856438,14294.330727698021,1.2454466376608178
./models/14_PCR-GLOBWB_model/modflow/scripts/landCover.py,LandCover.calculateTotAvlWaterCapacityInRootZone,METHOD,753,3,A,34.0,43.0,2092.0613765577805,24.900000000000002,52092.32827628874,2894.0182375715967,0.6973537921859269
./models/14_PCR-GLOBWB_model/modflow/scripts/landCover.py,LandCover.getICsLC,METHOD,798,7,B,34.0,40.0,1521.8989788986396,40.43478260869565,61537.65436416238,3418.7585757867987,0.5072996596328798
./models/14_PCR-GLOBWB_model/modflow/scripts/landCover.py,LandCover.updateLC,METHOD,839,27,D,122.0,158.0,6937.0985995434585,55.416666666666664,384430.8807247,21357.27115137222,2.3123661998478195
./models/14_PCR-GLOBWB_model/modflow/scripts/landCover.py,LandCover.getPotET,METHOD,999,2,A,22.0,29.0,921.4989447943104,16.344827586206897,15061.74137353459,836.7634096408106,0.3071663149314368
./models/14_PCR-GLOBWB_model/modflow/scripts/landCover.py,LandCover.interceptionUpdate,METHOD,1029,11,C,78.0,121.0,3750.634016461796,59.38775510204081,222741.73444701685,12374.540802612048,1.2502113388205986
./models/14_PCR-GLOBWB_model/modflow/scripts/landCover.py,LandCover.interceptionUpdateOriginalVersion,METHOD,1151,1,A,2.0,102.0,36.541209043760986,3.0,109.62362713128296,6.090201507293497,0.012180403014586996
./models/14_PCR-GLOBWB_model/modflow/scripts/landCover.py,LandCover.snowMeltHBVSimple,METHOD,1254,3,A,49.0,78.0,2223.590734052826,41.371428571428574,91993.12522595693,5110.729179219829,0.741196911350942
./models/14_PCR-GLOBWB_model/modflow/scripts/landCover.py,LandCover.getSoilStates,METHOD,1333,3,A,92.0,153.0,7999.497420475644,42.15217391304348,337196.206484832,18733.122582490665,2.666499140158548
./models/14_PCR-GLOBWB_model/modflow/scripts/landCover.py,LandCover.calculateWaterDemand,METHOD,1487,43,F,397.0,782.0,28112.001342702533,110.0625,3094077.1477811974,171893.1748767332,9.370667114234179
./models/14_PCR-GLOBWB_model/modflow/scripts/landCover.py,LandCover.calculateDirectRunoff,METHOD,2276,3,A,8.0,14.0,437.21828956148147,11.31578947368421,4947.470118722027,274.8594510401126,0.14573942985382715
./models/14_PCR-GLOBWB_model/modflow/scripts/landCover.py,LandCover.improvedArnoScheme,METHOD,2291,7,B,46.0,88.0,2961.751010249378,56.60526315789474,167650.69534332663,9313.927519073703,0.9872503367497927
./models/14_PCR-GLOBWB_model/modflow/scripts/landCover.py,LandCover.calculateOpenWaterEvap,METHOD,2380,3,A,15.0,29.0,875.0436086950583,28.699999999999996,25113.75156954817,1395.2084205304539,0.29168120289835275
./models/14_PCR-GLOBWB_model/modflow/scripts/landCover.py,LandCover.calculateInfiltration,METHOD,2410,6,B,15.0,26.0,856.5902638298094,29.25,25055.265217021923,1391.9591787234401,0.2855300879432698
./models/14_PCR-GLOBWB_model/modflow/scripts/landCover.py,LandCover.estimateTranspirationAndBareSoilEvap,METHOD,2437,22,D,94.0,145.0,5310.419599705385,60.58196721311475,321715.66607723356,17873.092559846307,1.7701398665684616
./models/14_PCR-GLOBWB_model/modflow/scripts/landCover.py,LandCover.estimateSoilFluxes,METHOD,2583,3,A,73.0,113.0,4611.419296365613,37.916666666666664,174849.6483205295,9713.869351140527,1.5371397654552044
./models/14_PCR-GLOBWB_model/modflow/scripts/landCover.py,LandCover.scaleAllFluxes,METHOD,2698,3,A,61.0,120.0,3465.3918750107355,53.84615384615385,186598.0240390396,10366.556891057755,1.1551306250035784
./models/14_PCR-GLOBWB_model/modflow/scripts/landCover.py,LandCover.scaleAllFluxesForIrrigatedAreas,METHOD,2820,5,A,15.0,131.0,854.693757330057,23.833333333333332,20370.201216366357,1131.6778453536865,0.284897919110019
./models/14_PCR-GLOBWB_model/modflow/scripts/landCover.py,LandCover.scaleAllFluxesOptimizeEvaporationTranspiration,METHOD,2954,3,A,93.0,146.0,5109.611652408314,76.78571428571428,392345.1804527812,21796.954469598957,1.7032038841361046
./models/14_PCR-GLOBWB_model/modflow/scripts/landCover.py,LandCover.scaleAllFluxesOptimizeEvaporationVersion27April2014,METHOD,3101,7,B,116.0,177.0,6709.277472487884,80.44117647058823,539702.17315454,29983.45406414111,2.236425824162628
./models/14_PCR-GLOBWB_model/modflow/scripts/landCover.py,LandCover.updateSoilStates,METHOD,3279,4,A,148.0,260.0,6699.3063375208485,69.375,464764.37716550886,25820.243175861604,2.2331021125069497
./models/14_PCR-GLOBWB_model/modflow/scripts/landCover.py,LandCover.upperSoilUpdate,METHOD,3540,12,C,177.0,214.0,5902.569738660218,36.90909090909091,217858.48308145892,12103.24906008105,1.9675232462200727
./models/14_PCR-GLOBWB_model/modflow/scripts/landCover.py,LandCover (aggregate),CLASS_AGG,39,279,F,,,,,,,
./models/14_PCR-GLOBWB_model/modflow/scripts/landCover.py,landCover.py (module aggregate),MODULE_AGG,1,279,F,,,,,,,
./models/14_PCR-GLOBWB_model/modflow/scripts/landSurface.py,<module>,FUNCTION,1,1,A,8.0,,142.7018117963935,4.285714285714286,611.579193413115,33.97662185628417,0.04756727059879784
./models/14_PCR-GLOBWB_model/modflow/scripts/landSurface.py,LandSurface,CLASS,37,17,C,955.0,1461.0,79587.54141389241,289.6797153024911,23054896.338401575,1280827.574355643,26.52918047129747
./models/14_PCR-GLOBWB_model/modflow/scripts/landSurface.py,LandSurface.getState,METHOD,39,5,A,39.0,42.0,1495.7140753275996,49.34210526315789,73801.6813484013,4100.0934082445165,0.4985713584425332
./models/14_PCR-GLOBWB_model/modflow/scripts/landSurface.py,LandSurface.getPseudoState,METHOD,82,3,A,18.0,21.0,624.9561398674884,26.86666666666667,16790.488291106525,932.8049050614736,0.20831871328916282
./models/14_PCR-GLOBWB_model/modflow/scripts/landSurface.py,LandSurface.__init__,METHOD,104,33,E,174.0,268.0,8010.413621223517,91.94594594594595,736525.0578216866,40918.05876787148,2.6701378737411723
./models/14_PCR-GLOBWB_model/modflow/scripts/landSurface.py,LandSurface.initiate_old_style_land_surface_reporting,METHOD,374,17,C,56.0,80.0,2782.4357901538406,78.88,219478.53512733494,12193.251951518607,0.9274785967179469
./models/14_PCR-GLOBWB_model/modflow/scripts/landSurface.py,LandSurface.getInitialConditions,METHOD,455,33,E,62.0,122.0,4086.0104246863143,77.0,314622.8027008462,17479.044594491457,1.3620034748954382
./models/14_PCR-GLOBWB_model/modflow/scripts/landSurface.py,LandSurface.waterDemandOptions,METHOD,578,12,C,77.0,104.0,4605.828318951141,66.375,305711.854670382,16983.991926132334,1.535276106317047
./models/14_PCR-GLOBWB_model/modflow/scripts/landSurface.py,LandSurface.scaleNaturalLandCoverFractions,METHOD,684,15,C,51.0,70.0,2878.7220576612513,67.93939393939394,195578.63191747045,10865.47955097058,0.9595740192204171
./models/14_PCR-GLOBWB_model/modflow/scripts/landSurface.py,LandSurface.scaleModifiedLandCoverFractions,METHOD,755,11,C,34.0,46.0,1854.883086824679,48.70967741935484,90350.75680984727,5019.48648943596,0.618294362274893
./models/14_PCR-GLOBWB_model/modflow/scripts/landSurface.py,LandSurface.obtainNonIrrWaterDemand,METHOD,802,15,C,105.0,134.0,7817.294976827409,122.08823529411764,954399.7484944286,53022.20824969048,2.605764992275803
./models/14_PCR-GLOBWB_model/modflow/scripts/landSurface.py,LandSurface.calculateCapRiseFrac,METHOD,937,8,B,43.0,72.0,6691.4041373277605,80.84126984126983,540941.6074827029,30052.31152681683,2.23046804577592
./models/14_PCR-GLOBWB_model/modflow/scripts/landSurface.py,LandSurface.partitioningGroundSurfaceAbstraction,METHOD,1010,4,A,36.0,64.0,1858.3535750584333,32.91025641025641,61158.892656089716,3397.716258671651,0.6194511916861445
./models/14_PCR-GLOBWB_model/modflow/scripts/landSurface.py,LandSurface.partitioningGroundSurfaceAbstractionForIrrigation,METHOD,1075,1,A,13.0,18.0,442.27665282929956,16.125,7131.7110268724555,396.20616815958084,0.14742555094309986
./models/14_PCR-GLOBWB_model/modflow/scripts/landSurface.py,LandSurface.scaleDynamicIrrigation,METHOD,1094,4,A,24.0,52.0,1423.7787608348453,26.742857142857144,38075.91200404044,2115.328444668913,0.47459292027828176
./models/14_PCR-GLOBWB_model/modflow/scripts/landSurface.py,LandSurface.update,METHOD,1147,46,F,138.0,223.0,9717.56097601663,73.94285714285715,718544.2230266011,39919.12350147784,3.239186992005543
./models/14_PCR-GLOBWB_model/modflow/scripts/landSurface.py,LandSurface.old_style_land_surface_reporting,METHOD,1371,32,E,84.0,127.0,4610.231043165399,91.84210526315789,423413.32475387474,23522.962486326374,1.536743681055133
./models/14_PCR-GLOBWB_model/modflow/scripts/landSurface.py,LandSurface (aggregate),CLASS_AGG,39,239,F,,,,,,,
./models/14_PCR-GLOBWB_model/modflow/scripts/landSurface.py,landSurface.py (module aggregate),MODULE_AGG,1,239,F,,,,,,,
./models/14_PCR-GLOBWB_model/modflow/scripts/merge_netcdf.py,<module>,FUNCTION,1,23,D,51.0,,2889.121139363525,44.14285714285714,127534.06172333274,7085.225651296263,0.9630403797878416
./models/14_PCR-GLOBWB_model/modflow/scripts/merge_netcdf.py,calculate_monthdelta,FUNCTION,41,3,A,11.0,11.0,440.92347162443184,23.071428571428573,10172.734381049393,565.1519100582996,0.1469744905414773
./models/14_PCR-GLOBWB_model/modflow/scripts/merge_netcdf.py,getMax,FUNCTION,53,2,A,6.0,6.0,141.7774500490386,10.214285714285715,1448.1553826437516,80.45307681354176,0.0472591500163462
./models/14_PCR-GLOBWB_model/modflow/scripts/merge_netcdf.py,getMin,FUNCTION,60,2,A,6.0,6.0,141.7774500490386,10.214285714285715,1448.1553826437516,80.45307681354176,0.0472591500163462
./models/14_PCR-GLOBWB_model/modflow/scripts/merge_netcdf.py,netcdfList,FUNCTION,67,2,A,9.0,9.0,314.92946111545314,14.5,4566.47718617407,253.69317700967056,0.10497648703848438
./models/14_PCR-GLOBWB_model/modflow/scripts/merge_netcdf.py,ncFileNameDict,FUNCTION,77,2,A,7.0,7.0,299.32032633211963,15.428571428571429,4618.085034838417,256.5602797132454,0.09977344211070655
./models/14_PCR-GLOBWB_model/modflow/scripts/merge_netcdf.py,mergeNetCDF,FUNCTION,85,43,F,194.0,301.0,14655.775271680373,78.45104895104895,1149760.9432541695,63875.60795856497,4.8852584238934575
./models/14_PCR-GLOBWB_model/modflow/scripts/merge_netcdf.py,merge_netcdf.py (module aggregate),MODULE_AGG,1,54,F,,,,,,,
./models/14_PCR-GLOBWB_model/modflow/scripts/merge_pcraster_maps.py,<module>,FUNCTION,1,22,D,95.0,,4763.145316039937,53.57746478873239,255197.25045374534,14177.625025208074,1.5877151053466456
./models/14_PCR-GLOBWB_model/modflow/scripts/merge_pcraster_maps.py,getMax,FUNCTION,39,3,A,8.0,8.0,231.89044416913947,10.5,2434.8496637759645,135.26942576533136,0.07729681472304649
./models/14_PCR-GLOBWB_model/modflow/scripts/merge_pcraster_maps.py,getMin,FUNCTION,48,3,A,8.0,8.0,231.89044416913947,10.5,2434.8496637759645,135.26942576533136,0.07729681472304649
./models/14_PCR-GLOBWB_model/modflow/scripts/merge_pcraster_maps.py,getFileList,FUNCTION,57,2,A,7.0,7.0,259.5971657911106,13.269230769230768,3444.654699920506,191.36970555113922,0.08653238859703688
./models/14_PCR-GLOBWB_model/modflow/scripts/merge_pcraster_maps.py,getMapAttributesALL,FUNCTION,65,3,A,12.0,12.0,745.0699332842307,19.58695652173913,14593.6523888933,810.7584660496278,0.24835664442807692
./models/14_PCR-GLOBWB_model/modflow/scripts/merge_pcraster_maps.py,checkResolution,FUNCTION,78,4,A,17.0,17.0,535.0532015217825,25.6,13697.361958957634,760.9645532754241,0.1783510671739275
./models/14_PCR-GLOBWB_model/modflow/scripts/merge_pcraster_maps.py,getPosition,FUNCTION,96,3,A,9.0,9.0,341.83954541669436,20.076923076923077,6863.086257981326,381.2825698878514,0.11394651513889813
./models/14_PCR-GLOBWB_model/modflow/scripts/merge_pcraster_maps.py,checkRowPosition,FUNCTION,106,2,A,6.0,6.0,88.81055323538621,11.25,999.1187238980948,55.50659577211638,0.029603517745128736
./models/14_PCR-GLOBWB_model/modflow/scripts/merge_pcraster_maps.py,joinMaps,FUNCTION,113,3,A,63.0,74.0,3334.1456225944416,40.317460317460316,134424.28383158543,7468.015768421413,1.1113818741981472
./models/14_PCR-GLOBWB_model/modflow/scripts/merge_pcraster_maps.py,merge_pcraster_maps.py (module aggregate),MODULE_AGG,1,23,D,,,,,,,
./models/14_PCR-GLOBWB_model/modflow/scripts/meteo.py,<module>,FUNCTION,1,1,A,8.0,,149.33879237447786,4.615384615384615,689.2559648052824,38.29199804473791,0.04977959745815929
./models/14_PCR-GLOBWB_model/modflow/scripts/meteo.py,Meteo,CLASS,15,12,C,357.0,517.0,22983.93068389915,166.7246376811594,3831987.515761968,212888.19532010934,7.661310227966384
./models/14_PCR-GLOBWB_model/modflow/scripts/meteo.py,Meteo.__init__,METHOD,17,24,D,82.0,119.0,4583.859519461505,62.82000000000001,287958.0550125718,15997.669722920655,1.5279531731538352
./models/14_PCR-GLOBWB_model/modflow/scripts/meteo.py,Meteo.forcingDownscalingOptions,METHOD,138,12,C,53.0,73.0,2667.9089411716054,50.352272727272734,134335.2786174021,7463.0710343001165,0.8893029803905351
./models/14_PCR-GLOBWB_model/modflow/scripts/meteo.py,Meteo.perturb,METHOD,212,2,A,7.0,13.0,286.62087871252675,16.291666666666668,4669.531815691582,259.41843420508786,0.09554029290417558
./models/14_PCR-GLOBWB_model/modflow/scripts/meteo.py,Meteo.update,METHOD,227,1,A,2.0,3.0,28.52932501298081,3.0,85.58797503894243,4.754887502163468,0.009509775004326936
./models/14_PCR-GLOBWB_model/modflow/scripts/meteo.py,Meteo.downscalePrecipitation,METHOD,231,2,A,25.0,29.0,1116.2097065152034,25.5,28463.347516137685,1581.2970842298714,0.37206990217173447
./models/14_PCR-GLOBWB_model/modflow/scripts/meteo.py,Meteo.downscaleTemperature,METHOD,261,2,A,24.0,26.0,1072.0356483737842,22.265625,23869.543733322538,1326.0857629623633,0.35734521612459474
./models/14_PCR-GLOBWB_model/modflow/scripts/meteo.py,Meteo.downscaleReferenceETPot,METHOD,288,1,A,7.0,8.0,303.0786510558199,12.692307692307692,3846.767494170021,213.70930523166783,0.10102621701860663
./models/14_PCR-GLOBWB_model/modflow/scripts/meteo.py,Meteo.read_forcings,METHOD,297,43,F,156.0,235.0,9164.945131614257,86.95121951219512,796903.1559562152,44272.39755312307,3.0549817105380854
./models/14_PCR-GLOBWB_model/modflow/scripts/meteo.py,Meteo (aggregate),CLASS_AGG,17,87,F,,,,,,,
./models/14_PCR-GLOBWB_model/modflow/scripts/meteo.py,meteo.py (module aggregate),MODULE_AGG,1,87,F,,,,,,,
./models/14_PCR-GLOBWB_model/modflow/scripts/modflow.py,<module>,FUNCTION,1,1,A,9.0,,125.33591475173351,3.2142857142857144,402.86544027342916,22.381413348523843,0.041778638250577836
./models/14_PCR-GLOBWB_model/modflow/scripts/modflow.py,ModflowCoupling,CLASS,43,3,A,96.0,149.0,5160.681149677566,60.205882352941174,310703.36215852876,17261.297897696044,1.720227049892522
./models/14_PCR-GLOBWB_model/modflow/scripts/modflow.py,ModflowCoupling.__init__,METHOD,45,2,A,14.0,22.0,635.9328551562924,15.818181818181817,10059.301527017715,558.8500848343175,0.21197761838543078
./models/14_PCR-GLOBWB_model/modflow/scripts/modflow.py,ModflowCoupling.configuration,METHOD,69,1,A,2.0,2.0,31.69925001442312,4.0,126.79700005769249,7.044277780982916,0.010566416671474373
./models/14_PCR-GLOBWB_model/modflow/scripts/modflow.py,ModflowCoupling.createSubmodels,METHOD,72,1,A,3.0,5.0,83.76180828526729,5.0,418.8090414263365,23.267168968129806,0.027920602761755765
./models/14_PCR-GLOBWB_model/modflow/scripts/modflow.py,ModflowCoupling.dumpState,METHOD,78,4,A,16.0,22.0,549.8389590100714,17.684210526315788,9723.46790670442,540.1926614835788,0.18327965300335716
./models/14_PCR-GLOBWB_model/modflow/scripts/modflow.py,ModflowCoupling.dumpGroundwaterDepth,METHOD,101,4,A,16.0,22.0,549.8389590100714,17.684210526315788,9723.46790670442,540.1926614835788,0.18327965300335716
./models/14_PCR-GLOBWB_model/modflow/scripts/modflow.py,ModflowCoupling.dumpVariableValuesForPCRGLOBWB,METHOD,124,6,B,14.0,20.0,654.5971556711456,13.240740740740742,8667.351227867948,481.5195126593305,0.21819905189038188
./models/14_PCR-GLOBWB_model/modflow/scripts/modflow.py,ModflowCoupling.getState,METHOD,145,1,A,4.0,5.0,96.0,9.9,950.4000000000001,52.800000000000004,0.032
./models/14_PCR-GLOBWB_model/modflow/scripts/modflow.py,ModflowCoupling.getGroundwaterDepth,METHOD,151,1,A,4.0,5.0,96.0,9.9,950.4000000000001,52.800000000000004,0.032
./models/14_PCR-GLOBWB_model/modflow/scripts/modflow.py,ModflowCoupling.update,METHOD,157,3,A,8.0,13.0,405.80827729599406,12.0,4869.699327551929,270.5388515306627,0.13526942576533135
./models/14_PCR-GLOBWB_model/modflow/scripts/modflow.py,ModflowCoupling.get_initial_heads,METHOD,171,3,A,13.0,21.0,726.2198081500608,26.76470588235294,19437.059571075155,1079.8366428375086,0.24207326938335358
./models/14_PCR-GLOBWB_model/modflow/scripts/modflow.py,ModflowCoupling (aggregate),CLASS_AGG,45,26,D,,,,,,,
./models/14_PCR-GLOBWB_model/modflow/scripts/modflow.py,modflow.py (module aggregate),MODULE_AGG,1,26,D,,,,,,,
./models/14_PCR-GLOBWB_model/modflow/scripts/ncConverter.py,<module>,FUNCTION,1,1,A,11.0,,122.62388523751017,1.0,122.62388523751017,6.812438068750565,0.04087462841250339
./models/14_PCR-GLOBWB_model/modflow/scripts/ncConverter.py,PCR2netCDF,CLASS,39,5,A,109.0,172.0,7257.450516199456,68.92405063291139,500212.8868443802,27789.604824687787,2.419150172066485
./models/14_PCR-GLOBWB_model/modflow/scripts/ncConverter.py,PCR2netCDF.__init__,METHOD,41,14,C,28.0,44.0,1899.1128757139445,33.54054054054054,63697.27239894609,3538.737355497005,0.6330376252379815
./models/14_PCR-GLOBWB_model/modflow/scripts/ncConverter.py,PCR2netCDF.set_general_netcdf_attributes,METHOD,87,2,A,10.0,12.0,432.56486700781784,36.75,15896.758862537306,883.1532701409615,0.14418828900260594
./models/14_PCR-GLOBWB_model/modflow/scripts/ncConverter.py,PCR2netCDF.createNetCDF,METHOD,100,3,A,31.0,43.0,1537.2272676742753,22.407894736842103,34446.02680064856,1913.6681555915866,0.5124090892247584
./models/14_PCR-GLOBWB_model/modflow/scripts/ncConverter.py,PCR2netCDF.changeAtrribute,METHOD,144,2,A,5.0,8.0,221.65453584679364,6.75,1496.168116965857,83.12045094254762,0.07388484528226455
./models/14_PCR-GLOBWB_model/modflow/scripts/ncConverter.py,PCR2netCDF.addNewVariable,METHOD,153,2,A,11.0,15.0,484.2618354584115,8.8125,4267.557424977252,237.08652360984732,0.1614206118194705
./models/14_PCR-GLOBWB_model/modflow/scripts/ncConverter.py,PCR2netCDF.data2NetCDF,METHOD,169,3,A,9.0,15.0,529.0961354900353,11.0,5820.057490390388,323.33652724391044,0.17636537849667844
./models/14_PCR-GLOBWB_model/modflow/scripts/ncConverter.py,PCR2netCDF.dataList2NetCDF,METHOD,185,4,A,11.0,19.0,603.5116640460124,13.26,8002.564665250124,444.5869258472291,0.20117055468200412
./models/14_PCR-GLOBWB_model/modflow/scripts/ncConverter.py,PCR2netCDF.close,METHOD,205,1,A,3.0,6.0,87.56916320732489,5.0,437.84581603662446,24.32476755759025,0.029189721069108297
./models/14_PCR-GLOBWB_model/modflow/scripts/ncConverter.py,PCR2netCDF (aggregate),CLASS_AGG,41,31,E,,,,,,,
./models/14_PCR-GLOBWB_model/modflow/scripts/ncConverter.py,ncConverter.py (module aggregate),MODULE_AGG,1,31,E,,,,,,,
./models/14_PCR-GLOBWB_model/modflow/scripts/oldcalc_framework.py,<module>,FUNCTION,1,1,A,11.0,,185.75424759098897,4.470588235294118,830.430753936186,46.13504188534367,0.061918082530329654
./models/14_PCR-GLOBWB_model/modflow/scripts/oldcalc_framework.py,PCRGlobWBVersionOne,CLASS,41,6,B,141.0,214.0,7542.324530404502,59.265306122448976,446998.172169279,24833.23178718217,2.514108176801501
./models/14_PCR-GLOBWB_model/modflow/scripts/oldcalc_framework.py,PCRGlobWBVersionOne.__init__,METHOD,43,4,A,62.0,94.0,2550.646930483892,31.53846153846154,80443.48011526122,4469.082228625623,0.8502156434946306
./models/14_PCR-GLOBWB_model/modflow/scripts/oldcalc_framework.py,PCRGlobWBVersionOne.initial,METHOD,138,3,A,10.0,18.0,578.2493235848135,12.72,7355.331395998828,408.6295219999349,0.19274977452827116
./models/14_PCR-GLOBWB_model/modflow/scripts/oldcalc_framework.py,PCRGlobWBVersionOne.dynamic,METHOD,157,10,B,54.0,73.0,2632.808227026675,35.236363636363635,92770.58807232174,5153.92155957343,0.877602742342225
./models/14_PCR-GLOBWB_model/modflow/scripts/oldcalc_framework.py,PCRGlobWBVersionOne.compare_output,METHOD,231,3,A,14.0,24.0,707.196864609587,13.241379310344827,9364.261931382118,520.2367739656733,0.23573228820319567
./models/14_PCR-GLOBWB_model/modflow/scripts/oldcalc_framework.py,PCRGlobWBVersionOne (aggregate),CLASS_AGG,43,20,C,,,,,,,
./models/14_PCR-GLOBWB_model/modflow/scripts/oldcalc_framework.py,oldcalc_framework.py (module aggregate),MODULE_AGG,1,20,C,,,,,,,
./models/14_PCR-GLOBWB_model/modflow/scripts/parallel_pcrglobwb_runner.py,<module>,FUNCTION,1,23,D,89.0,,5178.125192825334,53.65068493150685,277809.96325617016,15433.886847565009,1.7260417309417782
./models/14_PCR-GLOBWB_model/modflow/scripts/parallel_pcrglobwb_runner.py,parallel_pcrglobwb_runner.py (module aggregate),MODULE_AGG,1,0,A,,,,,,,
./models/14_PCR-GLOBWB_model/modflow/scripts/parameterSoilAndTopo.py,<module>,FUNCTION,1,1,A,3.0,,28.07354922057604,1.0,28.07354922057604,1.5596416233653356,0.009357849740192013
./models/14_PCR-GLOBWB_model/modflow/scripts/parameterSoilAndTopo.py,SoilAndTopoParameters,CLASS,30,9,B,293.0,377.0,22679.33700841454,114.95419847328245,2607085.007707745,144838.0559837636,7.559779002804846
./models/14_PCR-GLOBWB_model/modflow/scripts/parameterSoilAndTopo.py,SoilAndTopoParameters.__init__,METHOD,32,1,A,7.0,11.0,258.64703388096325,10.038461538461538,2596.418301651208,144.2454612028449,0.08621567796032108
./models/14_PCR-GLOBWB_model/modflow/scripts/parameterSoilAndTopo.py,SoilAndTopoParameters.read,METHOD,44,1,A,3.0,4.0,106.60593781761291,6.5,692.938595814484,38.49658865636022,0.03553531260587097
./models/14_PCR-GLOBWB_model/modflow/scripts/parameterSoilAndTopo.py,SoilAndTopoParameters.readTopo,METHOD,49,12,C,38.0,48.0,2546.742900328847,53.19354838709677,135470.2916981377,7526.127316563206,0.8489143001096157
./models/14_PCR-GLOBWB_model/modflow/scripts/parameterSoilAndTopo.py,SoilAndTopoParameters.readSoilMapOfFAO,METHOD,98,16,C,149.0,183.0,11252.851395929052,84.75949367088609,953785.9866726701,52988.11037070389,3.750950465309684
./models/14_PCR-GLOBWB_model/modflow/scripts/parameterSoilAndTopo.py,SoilAndTopoParameters.readSoil,METHOD,282,10,B,95.0,125.0,5728.9140904645865,45.23376623376623,259140.36074140458,14396.68670785581,1.909638030154862
./models/14_PCR-GLOBWB_model/modflow/scripts/parameterSoilAndTopo.py,SoilAndTopoParameters (aggregate),CLASS_AGG,32,40,E,,,,,,,
./models/14_PCR-GLOBWB_model/modflow/scripts/parameterSoilAndTopo.py,parameterSoilAndTopo.py (module aggregate),MODULE_AGG,1,40,E,,,,,,,
./models/14_PCR-GLOBWB_model/modflow/scripts/pcrglobwb.py,<module>,FUNCTION,1,1,A,13.0,,169.64361252668277,3.166666666666667,537.2047730011622,29.844709611175674,0.05654787084222759
./models/14_PCR-GLOBWB_model/modflow/scripts/pcrglobwb.py,PCRGlobWB,CLASS,48,4,A,276.0,426.0,20742.275748764212,98.94915254237287,2052430.6071404314,114023.92261891285,6.914091916254737
./models/14_PCR-GLOBWB_model/modflow/scripts/pcrglobwb.py,PCRGlobWB.__init__,METHOD,50,5,A,24.0,41.0,1334.6054659132253,16.243902439024392,21679.200982883125,1204.4000546046182,0.44486848863774175
./models/14_PCR-GLOBWB_model/modflow/scripts/pcrglobwb.py,PCRGlobWB.configuration,METHOD,94,1,A,2.0,2.0,31.69925001442312,4.0,126.79700005769249,7.044277780982916,0.010566416671474373
./models/14_PCR-GLOBWB_model/modflow/scripts/pcrglobwb.py,PCRGlobWB.createSubmodels,METHOD,97,1,A,6.0,10.0,431.87862564904935,12.65625,5465.963855870781,303.6646586594878,0.14395954188301646
./models/14_PCR-GLOBWB_model/modflow/scripts/pcrglobwb.py,PCRGlobWB.dumpState,METHOD,108,6,B,25.0,32.0,805.2974336603597,23.0,18521.840974188275,1028.9911652326819,0.2684324778867866
./models/14_PCR-GLOBWB_model/modflow/scripts/pcrglobwb.py,PCRGlobWB.calculateAndDumpMonthlyValuesForMODFLOW,METHOD,141,6,B,24.0,38.0,1932.44906444983,45.1969696969697,87340.84180687641,4852.268989270912,0.6441496881499433
./models/14_PCR-GLOBWB_model/modflow/scripts/pcrglobwb.py,PCRGlobWB.resume,METHOD,180,1,A,2.0,3.0,19.651484454403228,2.5,49.12871113600807,2.7293728408893374,0.00655049481813441
./models/14_PCR-GLOBWB_model/modflow/scripts/pcrglobwb.py,PCRGlobWB.setState,METHOD,186,1,A,2.0,2.0,50.18947501009619,3.0,150.56842503028855,8.364912501682698,0.016729825003365395
./models/14_PCR-GLOBWB_model/modflow/scripts/pcrglobwb.py,PCRGlobWB.report_summary,METHOD,190,9,B,105.0,152.0,6980.637127036684,68.51351351351352,478267.97613616206,26570.44311867567,2.3268790423455616
./models/14_PCR-GLOBWB_model/modflow/scripts/pcrglobwb.py,PCRGlobWB.getState,METHOD,345,1,A,6.0,8.0,200.15640006923098,14.928571428571429,2988.049115319234,166.0027286288463,0.066718800023077
./models/14_PCR-GLOBWB_model/modflow/scripts/pcrglobwb.py,PCRGlobWB.getPseudoState,METHOD,354,1,A,6.0,8.0,200.15640006923098,14.928571428571429,2988.049115319234,166.0027286288463,0.066718800023077
./models/14_PCR-GLOBWB_model/modflow/scripts/pcrglobwb.py,PCRGlobWB.getAllState,METHOD,363,1,A,9.0,13.0,408.48552031842473,20.35,8312.680338479944,461.8155743599969,0.13616184010614157
./models/14_PCR-GLOBWB_model/modflow/scripts/pcrglobwb.py,PCRGlobWB.totalLandWaterStores,METHOD,378,3,A,20.0,26.0,624.2287351087463,17.05,10643.099933604124,591.2833296446736,0.20807624503624875
./models/14_PCR-GLOBWB_model/modflow/scripts/pcrglobwb.py,PCRGlobWB.totalSurfaceWaterStores,METHOD,405,1,A,2.0,4.0,79.9544533632097,4.5,359.79504013444364,19.988613340802424,0.02665148445440323
./models/14_PCR-GLOBWB_model/modflow/scripts/pcrglobwb.py,PCRGlobWB.checkLandSurfaceWaterBalance,METHOD,410,1,A,14.0,21.0,752.9445005050502,12.419999999999998,9351.570696272722,519.5317053484846,0.2509815001683501
./models/14_PCR-GLOBWB_model/modflow/scripts/pcrglobwb.py,PCRGlobWB.read_forcings,METHOD,432,1,A,3.0,3.0,96.21143267166839,5.142857142857142,494.8016537400088,27.488980763333824,0.032070477557222796
./models/14_PCR-GLOBWB_model/modflow/scripts/pcrglobwb.py,PCRGlobWB.update,METHOD,436,8,B,24.0,38.0,1480.0150626911063,15.789473684210527,23368.658884596418,1298.2588269220232,0.49333835423036876
./models/14_PCR-GLOBWB_model/modflow/scripts/pcrglobwb.py,PCRGlobWB (aggregate),CLASS_AGG,50,47,F,,,,,,,
./models/14_PCR-GLOBWB_model/modflow/scripts/pcrglobwb.py,pcrglobwb.py (module aggregate),MODULE_AGG,1,47,F,,,,,,,
./models/14_PCR-GLOBWB_model/modflow/scripts/reporting.py,<module>,FUNCTION,1,1,A,8.0,,138.24238017775622,4.285714285714286,592.4673436189552,32.914852423275285,0.046080793392585404
./models/14_PCR-GLOBWB_model/modflow/scripts/reporting.py,Reporting,CLASS,47,12,C,570.0,1012.0,51068.01273428161,151.62857142857143,7743369.816595215,430187.21203306754,17.022670911427205
./models/14_PCR-GLOBWB_model/modflow/scripts/reporting.py,Reporting.__init__,METHOD,49,2,A,7.0,15.0,208.14844815873568,9.090909090909092,1892.2586196248699,105.12547886804833,0.0693828160529119
./models/14_PCR-GLOBWB_model/modflow/scripts/reporting.py,Reporting.initiate_reporting,METHOD,65,37,E,162.0,245.0,7044.321520455874,127.89473684210527,900931.6470898829,50051.758171660156,2.348107173485291
./models/14_PCR-GLOBWB_model/modflow/scripts/reporting.py,Reporting.post_processing,METHOD,311,3,A,7.0,9.0,187.64662506490404,5.7272727272727275,1074.7033980989959,59.70574433883311,0.06254887502163468
./models/14_PCR-GLOBWB_model/modflow/scripts/reporting.py,Reporting.report_forcing_for_debugging,METHOD,321,3,A,14.0,22.0,1013.755675482407,18.0,18247.602158683327,1013.755675482407,0.33791855849413566
./models/14_PCR-GLOBWB_model/modflow/scripts/reporting.py,Reporting.report_vegetation_phenology_for_debugging,METHOD,345,7,B,31.0,60.0,2230.1948141825624,38.12903225806451,85035.17001173511,4724.176111763062,0.7433982713941875
./models/14_PCR-GLOBWB_model/modflow/scripts/reporting.py,Reporting.report_static_maps_for_debugging,METHOD,407,3,A,47.0,127.0,6588.979243215839,64.0,421694.6715658137,23427.481753656317,2.19632641440528
./models/14_PCR-GLOBWB_model/modflow/scripts/reporting.py,Reporting.basic_post_processing,METHOD,536,3,A,57.0,88.0,4114.657941071959,29.033333333333335,119462.2355557892,6636.790864210511,1.3715526470239863
./models/14_PCR-GLOBWB_model/modflow/scripts/reporting.py,Reporting.additional_post_processing,METHOD,625,7,B,118.0,219.0,10177.36308322469,60.64732142857142,617229.8102036045,34290.54501131136,3.392454361074897
./models/14_PCR-GLOBWB_model/modflow/scripts/reporting.py,Reporting.report,METHOD,847,41,F,126.0,212.0,6592.9397556204085,106.6590909090909,703196.9607528767,39066.497819604265,2.197646585206803
./models/14_PCR-GLOBWB_model/modflow/scripts/reporting.py,Reporting (aggregate),CLASS_AGG,49,106,F,,,,,,,
./models/14_PCR-GLOBWB_model/modflow/scripts/reporting.py,reporting.py (module aggregate),MODULE_AGG,1,106,F,,,,,,,
./models/14_PCR-GLOBWB_model/modflow/scripts/reporting_for_modflow.py,<module>,FUNCTION,1,1,A,6.0,,106.19818783608963,4.363636363636363,463.4102741938456,25.745015232991424,0.03539939594536321
./models/14_PCR-GLOBWB_model/modflow/scripts/reporting_for_modflow.py,Reporting,CLASS,44,12,C,267.0,444.0,15306.515753911623,139.44444444444443,2134408.585684343,118578.25476024127,5.102171917970541
./models/14_PCR-GLOBWB_model/modflow/scripts/reporting_for_modflow.py,Reporting.__init__,METHOD,46,1,A,4.0,8.0,109.39293667703852,6.125,670.0317371468609,37.22398539704783,0.03646431222567951
./models/14_PCR-GLOBWB_model/modflow/scripts/reporting_for_modflow.py,Reporting.initiate_reporting,METHOD,55,29,D,128.0,198.0,5461.388239553131,105.5,576176.4592728553,32009.803292936405,1.8204627465177103
./models/14_PCR-GLOBWB_model/modflow/scripts/reporting_for_modflow.py,Reporting.post_processing,METHOD,254,1,A,3.0,4.0,50.718800023076994,3.75,190.19550008653874,10.566416671474375,0.016906266674359
./models/14_PCR-GLOBWB_model/modflow/scripts/reporting_for_modflow.py,Reporting.basic_post_processing,METHOD,259,7,B,31.0,55.0,2342.2392133805315,51.028571428571425,119521.1210027894,6640.062277932744,0.7807464044601772
./models/14_PCR-GLOBWB_model/modflow/scripts/reporting_for_modflow.py,Reporting.additional_post_processing,METHOD,316,1,A,2.0,3.0,19.651484454403228,2.5,49.12871113600807,2.7293728408893374,0.00655049481813441
./models/14_PCR-GLOBWB_model/modflow/scripts/reporting_for_modflow.py,Reporting.report,METHOD,325,31,E,98.0,163.0,4861.370960185811,85.73170731707316,416773.6323183688,23154.090684353825,1.6204569867286036
./models/14_PCR-GLOBWB_model/modflow/scripts/reporting_for_modflow.py,Reporting (aggregate),CLASS_AGG,46,70,F,,,,,,,
./models/14_PCR-GLOBWB_model/modflow/scripts/reporting_for_modflow.py,reporting_for_modflow.py (module aggregate),MODULE_AGG,1,70,F,,,,,,,
./models/14_PCR-GLOBWB_model/modflow/scripts/routing.py,<module>,FUNCTION,1,1,A,11.0,,169.4584015082173,4.857142857142857,823.0836644684839,45.72687024824911,0.05648613383607243
./models/14_PCR-GLOBWB_model/modflow/scripts/routing.py,Routing,CLASS,41,6,B,1019.0,1854.0,87388.11174047085,275.7896341463415,24100735.365644064,1338929.7425357813,29.129370580156948
./models/14_PCR-GLOBWB_model/modflow/scripts/routing.py,Routing.getPseudoState,METHOD,44,1,A,3.0,3.0,41.51317942364757,5.333333333333333,221.40362359278703,12.30020131071039,0.01383772647454919
./models/14_PCR-GLOBWB_model/modflow/scripts/routing.py,Routing.getVariables,METHOD,49,1,A,3.0,3.0,51.80615605397529,5.625,291.40962780361104,16.18942376686728,0.01726871868465843
./models/14_PCR-GLOBWB_model/modflow/scripts/routing.py,Routing.getState,METHOD,53,1,A,15.0,23.0,513.5278502336546,17.875,9179.310322926576,509.961684607032,0.17117595007788486
./models/14_PCR-GLOBWB_model/modflow/scripts/routing.py,Routing.__init__,METHOD,77,25,D,151.0,240.0,9107.584204794806,63.22429906542056,575820.6275274473,31990.034862635963,3.0358614015982686
./models/14_PCR-GLOBWB_model/modflow/scripts/routing.py,Routing.getICs,METHOD,318,6,B,53.0,82.0,4970.783434219032,82.7027027027027,411097.2245597361,22838.734697763117,1.656927811406344
./models/14_PCR-GLOBWB_model/modflow/scripts/routing.py,Routing.estimateBankfullDischarge,METHOD,402,1,A,3.0,8.0,97.67226489021297,7.5,732.5419866765973,40.69677703758874,0.03255742163007099
./models/14_PCR-GLOBWB_model/modflow/scripts/routing.py,Routing.estimateBankfullDepth,METHOD,411,1,A,5.0,11.0,221.00602507644254,14.928571428571429,3299.304231498321,183.29467952768448,0.07366867502548084
./models/14_PCR-GLOBWB_model/modflow/scripts/routing.py,Routing.estimateBankfullCapacity,METHOD,423,1,A,5.0,8.0,185.8429080801566,8.181818181818182,1520.5328842921904,84.4740491273439,0.06194763602671887
./models/14_PCR-GLOBWB_model/modflow/scripts/routing.py,Routing.getElevationProfile,METHOD,432,15,C,53.0,103.0,4063.714640234513,77.5,314937.88461817475,17496.54914545415,1.3545715467448376
./models/14_PCR-GLOBWB_model/modflow/scripts/routing.py,Routing.getRoutingParamAvgDischarge,METHOD,537,2,A,11.0,21.0,604.4119498671987,13.80952380952381,8346.641212451792,463.70228958065513,0.2014706499557329
./models/14_PCR-GLOBWB_model/modflow/scripts/routing.py,Routing.getCharacteristicDistance,METHOD,559,2,A,36.0,75.0,2445.4527065819266,30.83333333333333,75401.45845294272,4188.9699140523735,0.8151509021939756
./models/14_PCR-GLOBWB_model/modflow/scripts/routing.py,Routing.accuTravelTime,METHOD,635,1,A,19.0,42.0,1066.890867524553,23.375,24938.574028386425,1385.4763349103569,0.355630289174851
./models/14_PCR-GLOBWB_model/modflow/scripts/routing.py,Routing.estimate_length_of_sub_time_step,METHOD,679,1,A,19.0,33.0,988.5335573393414,23.678571428571427,23407.062446999404,1300.3923581666336,0.3295111857797805
./models/14_PCR-GLOBWB_model/modflow/scripts/routing.py,Routing.simplifiedKinematicWave,METHOD,713,3,A,46.0,100.0,3031.825329915808,40.58490566037736,123046.34499337553,6835.9080551875295,1.0106084433052693
./models/14_PCR-GLOBWB_model/modflow/scripts/routing.py,Routing.update,METHOD,814,11,C,44.0,94.0,2933.3746360277364,29.412698412698415,86278.46350094279,4793.247972274599,0.9777915453425788
./models/14_PCR-GLOBWB_model/modflow/scripts/routing.py,Routing.calculate_potential_evaporation,METHOD,910,6,B,16.0,27.0,872.7227890570081,16.40625,14318.108257966538,795.4504587759188,0.29090759635233604
./models/14_PCR-GLOBWB_model/modflow/scripts/routing.py,Routing.calculate_evaporation,METHOD,938,1,A,10.0,20.0,466.15460658280927,13.894736842105262,6477.095586203244,359.83864367795803,0.15538486886093641
./models/14_PCR-GLOBWB_model/modflow/scripts/routing.py,Routing.calculate_exchange_to_groundwater,METHOD,959,4,A,31.0,53.0,1698.7310360060453,37.05882352941176,62952.97368728285,3497.3874270712695,0.5662436786686817
./models/14_PCR-GLOBWB_model/modflow/scripts/routing.py,Routing.simple_update,METHOD,1014,8,B,77.0,141.0,4042.0773187482114,47.440677966101696,191758.8883928177,10653.27157737876,1.3473591062494037
./models/14_PCR-GLOBWB_model/modflow/scripts/routing.py,Routing.calculate_alpha_and_initial_discharge_for_kinematic_wave,METHOD,1156,2,A,21.0,41.0,1197.2239749998691,26.20689655172414,31375.524862065537,1743.0847145591965,0.3990746583332897
./models/14_PCR-GLOBWB_model/modflow/scripts/routing.py,Routing.calculate_alpha_and_initial_discharge_for_kinematic_wave_OLD,METHOD,1198,2,A,22.0,49.0,1329.0284493117813,27.0,35883.768131418095,1993.542673967672,0.44300948310392707
./models/14_PCR-GLOBWB_model/modflow/scripts/routing.py,Routing.integralLogisticFunction,METHOD,1248,1,A,3.0,7.0,125.09775004326937,8.125,1016.4192191015636,56.46773439453131,0.04169925001442312
./models/14_PCR-GLOBWB_model/modflow/scripts/routing.py,Routing.returnInundationFractionAndFloodDepth,METHOD,1256,3,A,34.0,65.0,2570.7150125711246,48.2125,123940.59754358535,6885.588752421409,0.8569050041903749
./models/14_PCR-GLOBWB_model/modflow/scripts/routing.py,Routing.return_water_body_storage_to_channel,METHOD,1322,1,A,21.0,25.0,889.0105221083456,30.0,26670.31566325037,1481.6842035139096,0.2963368407027819
./models/14_PCR-GLOBWB_model/modflow/scripts/routing.py,Routing.kinematic_wave_update,METHOD,1348,7,B,125.0,242.0,8117.473336827713,64.35483870967742,522398.68732165446,29022.14929564747,2.7058244456092377
./models/14_PCR-GLOBWB_model/modflow/scripts/routing.py,Routing.calculate_statistics,METHOD,1591,1,A,22.0,37.0,1345.7136591661204,20.96875,28217.933290639587,1567.6629605910882,0.4485712197220401
./models/14_PCR-GLOBWB_model/modflow/scripts/routing.py,Routing.estimate_discharge_for_environmental_flow,METHOD,1629,1,A,11.0,22.0,456.6987175954724,17.625,8049.314897620201,447.1841609789001,0.15223290586515745
./models/14_PCR-GLOBWB_model/modflow/scripts/routing.py,Routing.estimate_available_volume_for_abstraction,METHOD,1653,1,A,19.0,33.0,820.6852827111946,22.454545454545453,18428.114984515007,1023.7841658063893,0.2735617609037315
./models/14_PCR-GLOBWB_model/modflow/scripts/routing.py,Routing.initiate_old_style_routing_reporting,METHOD,1687,17,C,56.0,80.0,2782.4357901538406,78.88,219478.53512733494,12193.251951518607,0.9274785967179469
./models/14_PCR-GLOBWB_model/modflow/scripts/routing.py,Routing.old_style_routing_reporting,METHOD,1768,32,E,84.0,127.0,4528.219309233613,90.0,407539.73783102515,22641.096546168064,1.5094064364112043
./models/14_PCR-GLOBWB_model/modflow/scripts/routing.py,Routing (aggregate),CLASS_AGG,44,159,F,,,,,,,
./models/14_PCR-GLOBWB_model/modflow/scripts/routing.py,routing.py (module aggregate),MODULE_AGG,1,159,F,,,,,,,
./models/14_PCR-GLOBWB_model/modflow/scripts/spinUp.py,<module>,FUNCTION,1,1,A,8.0,,108.41805003750011,3.25,352.35866262187534,19.575481256770853,0.036139350012500036
./models/14_PCR-GLOBWB_model/modflow/scripts/spinUp.py,SpinUp,CLASS,37,3,A,102.0,161.0,6436.543292862857,60.0,386192.5975717714,21455.144309542855,2.1455144309542855
./models/14_PCR-GLOBWB_model/modflow/scripts/spinUp.py,SpinUp.__init__,METHOD,39,4,A,12.0,19.0,580.0,20.611111111111114,11954.444444444447,664.1358024691359,0.19333333333333333
./models/14_PCR-GLOBWB_model/modflow/scripts/spinUp.py,SpinUp.setupConvergence,METHOD,59,1,A,7.0,14.0,356.75452949098377,12.807692307692308,4569.2022430960615,253.8445690608923,0.11891817649699458
./models/14_PCR-GLOBWB_model/modflow/scripts/spinUp.py,SpinUp.getIniStates,METHOD,74,3,A,32.0,39.0,1067.9379399539348,18.14814814814815,19381.09594731215,1076.727552628453,0.3559793133179783
./models/14_PCR-GLOBWB_model/modflow/scripts/spinUp.py,SpinUp.soilStorageVolume,METHOD,114,3,A,11.0,13.0,487.54723392844244,28.666666666666664,13976.354039282016,776.4641132934453,0.16251574464281415
./models/14_PCR-GLOBWB_model/modflow/scripts/spinUp.py,SpinUp.groundwaterStorageVolume,METHOD,129,1,A,2.0,2.0,100.0,6.428571428571429,642.8571428571429,35.714285714285715,0.03333333333333333
./models/14_PCR-GLOBWB_model/modflow/scripts/spinUp.py,SpinUp.channelStorageVolume,METHOD,132,1,A,2.0,2.0,100.0,6.428571428571429,642.8571428571429,35.714285714285715,0.03333333333333333
./models/14_PCR-GLOBWB_model/modflow/scripts/spinUp.py,SpinUp.totalStorageVolume,METHOD,135,1,A,7.0,7.0,250.62772329317153,13.333333333333332,3341.7029772422866,185.65016540234924,0.08354257443105717
./models/14_PCR-GLOBWB_model/modflow/scripts/spinUp.py,SpinUp.checkConvergence,METHOD,144,7,B,28.0,54.0,1958.383694672139,29.914893617021278,58584.83988742612,3254.7133270792287,0.652794564890713
./models/14_PCR-GLOBWB_model/modflow/scripts/spinUp.py,SpinUp (aggregate),CLASS_AGG,39,21,D,,,,,,,
./models/14_PCR-GLOBWB_model/modflow/scripts/spinUp.py,spinUp.py (module aggregate),MODULE_AGG,1,21,D,,,,,,,
./models/14_PCR-GLOBWB_model/modflow/scripts/variable_list.py,<module>,FUNCTION,1,1,A,1129.0,,26122.975018430916,676.6666666666667,17676546.429138254,982030.3571743475,8.707658339476971
./models/14_PCR-GLOBWB_model/modflow/scripts/variable_list.py,variable_list.py (module aggregate),MODULE_AGG,1,0,A,,,,,,,
./models/14_PCR-GLOBWB_model/modflow/scripts/virtualOS.py,<module>,FUNCTION,1,1,A,22.0,,364.6617355940265,4.083333333333334,1489.035420342275,82.72419001901528,0.1215539118646755
./models/14_PCR-GLOBWB_model/modflow/scripts/virtualOS.py,getFileList,FUNCTION,59,2,A,7.0,7.0,259.5971657911106,13.269230769230768,3444.654699920506,191.36970555113922,0.08653238859703688
./models/14_PCR-GLOBWB_model/modflow/scripts/virtualOS.py,checkVariableInNC,FUNCTION,67,2,A,9.0,15.0,347.1067876579332,16.692307692307693,5794.013301674731,321.8896278708184,0.11570226255264439
./models/14_PCR-GLOBWB_model/modflow/scripts/virtualOS.py,netcdf2PCRobjCloneWithoutTime,FUNCTION,84,14,C,60.0,93.0,3873.744358203929,52.0,201434.7066266043,11190.81703481135,1.2912481194013097
./models/14_PCR-GLOBWB_model/modflow/scripts/virtualOS.py,netcdf2PCRobjClone,FUNCTION,179,50,F,174.0,220.0,10691.96664043222,129.19871794871796,1381388.3822943037,76743.79901635021,3.5639888801440733
./models/14_PCR-GLOBWB_model/modflow/scripts/virtualOS.py,netcdf2PCRobjCloneJOYCE,FUNCTION,402,39,E,168.0,246.0,10108.663986818041,98.74719101123596,998202.1735747231,55455.67630970684,3.36955466227268
./models/14_PCR-GLOBWB_model/modflow/scripts/virtualOS.py,netcdf2PCRobjCloneWindDist,FUNCTION,650,10,B,49.0,69.0,3040.8474136408213,33.950819672131146,103239.26219098592,5735.514566165884,1.0136158045469403
./models/14_PCR-GLOBWB_model/modflow/scripts/virtualOS.py,netcdf2PCRobjCloneWind,FUNCTION,720,10,B,48.0,68.0,3072.4570541152584,34.26229508196721,105269.43021476868,5848.30167859826,1.0241523513717528
./models/14_PCR-GLOBWB_model/modflow/scripts/virtualOS.py,netcdf2PCRobj,FUNCTION,789,2,A,14.0,25.0,828.534293408552,14.875,12324.44761445221,684.6915341362339,0.2761780978028507
./models/14_PCR-GLOBWB_model/modflow/scripts/virtualOS.py,makeDir,FUNCTION,815,2,A,5.0,5.0,66.60791492653966,4.8,319.71799164739036,17.762110647077243,0.022202638308846556
./models/14_PCR-GLOBWB_model/modflow/scripts/virtualOS.py,writePCRmapToDir,FUNCTION,821,1,A,4.0,7.0,159.91133951083242,5.666666666666667,906.1642572280505,50.34245873489169,0.05330377983694414
./models/14_PCR-GLOBWB_model/modflow/scripts/virtualOS.py,readPCRmapClone,FUNCTION,829,11,C,29.0,36.0,1696.9459484602594,26.795454545454543,45470.438028060125,2526.1354460033403,0.5656486494867531
./models/14_PCR-GLOBWB_model/modflow/scripts/virtualOS.py,readPCRmap,FUNCTION,866,2,A,6.0,7.0,168.55519570060713,8.0,1348.441565604857,74.91342031138095,0.05618506523353571
./models/14_PCR-GLOBWB_model/modflow/scripts/virtualOS.py,isSameClone,FUNCTION,874,6,B,20.0,23.0,619.2745387983593,17.05,10558.630886512028,586.5906048062238,0.2064248462661198
./models/14_PCR-GLOBWB_model/modflow/scripts/virtualOS.py,gdalwarpPCR,FUNCTION,898,3,A,33.0,48.0,2977.4002524652,48.41025641025641,144136.7096578025,8007.594980989028,0.9924667508217334
./models/14_PCR-GLOBWB_model/modflow/scripts/virtualOS.py,getFullPath,FUNCTION,947,6,B,20.0,29.0,841.2871113600806,44.42307692307693,37372.56206234205,2076.2534479078913,0.28042903712002687
./models/14_PCR-GLOBWB_model/modflow/scripts/virtualOS.py,findISIFileName,FUNCTION,977,20,C,40.0,46.0,1494.7570092884455,80.5,120327.93924771986,6684.885513762214,0.49825233642948186
./models/14_PCR-GLOBWB_model/modflow/scripts/virtualOS.py,get_random_word,FUNCTION,1025,2,A,5.0,5.0,112.58797503894243,7.5,844.4098127920682,46.91165626622601,0.03752932501298081
./models/14_PCR-GLOBWB_model/modflow/scripts/virtualOS.py,isLastDayOfMonth,FUNCTION,1031,2,A,5.0,5.0,129.65784284662087,6.722222222222223,871.5888324689515,48.42160180383064,0.043219280948873624
./models/14_PCR-GLOBWB_model/modflow/scripts/virtualOS.py,getMapAttributesALL,FUNCTION,1037,4,A,16.0,17.0,1185.5068254456744,26.09090909090909,30930.950809355323,1718.3861560752957,0.3951689418152248
./models/14_PCR-GLOBWB_model/modflow/scripts/virtualOS.py,getMapAttributes,FUNCTION,1055,9,B,20.0,24.0,1191.4074545491453,22.91176470588235,27297.247267464238,1516.5137370813466,0.39713581818304844
./models/14_PCR-GLOBWB_model/modflow/scripts/virtualOS.py,getMapTotal,FUNCTION,1080,1,A,4.0,5.0,106.27403387250882,5.333333333333333,566.794847320047,31.4886026288915,0.03542467795750294
./models/14_PCR-GLOBWB_model/modflow/scripts/virtualOS.py,get_rowColAboveThreshold,FUNCTION,1088,5,A,8.0,10.0,411.1982937621106,17.6,7237.089970213147,402.0605539007304,0.13706609792070354
./models/14_PCR-GLOBWB_model/modflow/scripts/virtualOS.py,getLastDayOfMonth,FUNCTION,1100,2,A,5.0,6.0,218.51214931322758,13.200000000000001,2884.3603709346044,160.24224282970025,0.0728373831044092
./models/14_PCR-GLOBWB_model/modflow/scripts/virtualOS.py,getMinMaxMean,FUNCTION,1109,3,A,8.0,8.0,505.3280236594612,20.15625,10185.517976886016,565.862109827001,0.16844267455315373
./models/14_PCR-GLOBWB_model/modflow/scripts/virtualOS.py,getMapVolume,FUNCTION,1118,1,A,4.0,4.0,92.0,6.428571428571429,591.4285714285714,32.85714285714286,0.030666666666666665
./models/14_PCR-GLOBWB_model/modflow/scripts/virtualOS.py,secondsPerDay,FUNCTION,1123,1,A,2.0,2.0,38.039100017307746,4.0,152.15640006923098,8.4531333371795,0.012679700005769248
./models/14_PCR-GLOBWB_model/modflow/scripts/virtualOS.py,getValDivZero,FUNCTION,1126,1,A,2.0,7.0,164.2332676057198,8.5,1395.9827746486183,77.55459859158991,0.05474442253523993
./models/14_PCR-GLOBWB_model/modflow/scripts/virtualOS.py,getValFloatDivZero,FUNCTION,1134,2,A,5.0,10.0,133.437600046154,10.214285714285715,1362.9697719000017,75.72054288333342,0.04447920001538466
./models/14_PCR-GLOBWB_model/modflow/scripts/virtualOS.py,retrieveMapValue,FUNCTION,1146,4,A,9.0,10.0,393.46274130995937,16.0,6295.40386095935,349.7446589421861,0.1311542471033198
./models/14_PCR-GLOBWB_model/modflow/scripts/virtualOS.py,returnMapValue,FUNCTION,1157,5,A,12.0,16.0,497.54045264366175,18.526315789473685,9217.591543714156,512.0884190952308,0.16584681754788724
./models/14_PCR-GLOBWB_model/modflow/scripts/virtualOS.py,getQAtBasinMouths,FUNCTION,1174,1,A,4.0,4.0,191.75555960140377,9.0,1725.800036412634,95.87777980070189,0.0639185198671346
./models/14_PCR-GLOBWB_model/modflow/scripts/virtualOS.py,regridMapFile2FinerGrid,FUNCTION,1179,2,A,4.0,4.0,178.41295556463058,8.1,1445.1449400735075,80.28583000408375,0.059470985188210194
./models/14_PCR-GLOBWB_model/modflow/scripts/virtualOS.py,regridData2FinerGrid,FUNCTION,1184,4,A,17.0,21.0,840.7524692701438,31.043478260869563,26099.881002560116,1449.9933890311177,0.28025082309004795
./models/14_PCR-GLOBWB_model/modflow/scripts/virtualOS.py,regridToCoarse,FUNCTION,1206,9,B,22.0,22.0,1283.1100247375343,34.94642857142857,44840.11282877419,2491.1173793763437,0.4277033415791781
./models/14_PCR-GLOBWB_model/modflow/scripts/virtualOS.py,waterBalanceCheck,FUNCTION,1230,8,B,28.0,34.0,999.708287629087,24.67741935483871,24670.220646330697,1370.5678136850388,0.3332360958763623
./models/14_PCR-GLOBWB_model/modflow/scripts/virtualOS.py,waterBalance,FUNCTION,1282,6,B,23.0,71.0,1094.4844258830897,26.484848484848488,28987.254188540013,1610.4030104744452,0.3648281419610299
./models/14_PCR-GLOBWB_model/modflow/scripts/virtualOS.py,waterAbstractionAndAllocation,FUNCTION,1356,8,B,53.0,97.0,2565.7956758658765,40.84146341463415,104790.8502253027,5821.713901405706,0.8552652252886255
./models/14_PCR-GLOBWB_model/modflow/scripts/virtualOS.py,findLastYearInNCFile,FUNCTION,1455,2,A,8.0,13.0,226.17809780285066,11.454545454545455,2590.76730210538,143.93151678363222,0.07539269926761688
./models/14_PCR-GLOBWB_model/modflow/scripts/virtualOS.py,findLastYearInNCTime,FUNCTION,1469,1,A,5.0,8.0,149.33879237447786,8.25,1232.0450370894423,68.44694650496902,0.04977959745815929
./models/14_PCR-GLOBWB_model/modflow/scripts/virtualOS.py,findFirstYearInNCTime,FUNCTION,1478,1,A,5.0,8.0,123.18989788986397,7.222222222222222,889.704818093462,49.42804544963678,0.04106329929662132
./models/14_PCR-GLOBWB_model/modflow/scripts/virtualOS.py,cmd_line,FUNCTION,1487,2,A,8.0,10.0,345.0,7.045454545454546,2430.6818181818185,135.0378787878788,0.115
./models/14_PCR-GLOBWB_model/modflow/scripts/virtualOS.py,plot_variable,FUNCTION,1498,1,A,4.0,5.0,133.437600046154,6.0,800.6256002769239,44.47920001538466,0.04447920001538466
./models/14_PCR-GLOBWB_model/modflow/scripts/virtualOS.py,virtualOS.py (module aggregate),MODULE_AGG,1,267,F,,,,,,,
./models/14_PCR-GLOBWB_model/modflow/scripts/waterBodies.py,<module>,FUNCTION,1,1,A,7.0,,118.94197037642039,4.7272727272727275,562.2711326885328,31.237285149362933,0.039647323458806796
./models/14_PCR-GLOBWB_model/modflow/scripts/waterBodies.py,WaterBodies,CLASS,37,4,A,364.0,549.0,23591.21181661204,137.55223880597015,3245024.001520844,180279.11119560245,7.8637372722040135
./models/14_PCR-GLOBWB_model/modflow/scripts/waterBodies.py,WaterBodies.__init__,METHOD,39,5,A,29.0,42.0,1200.7669376550487,22.02941176470588,26452.18930304798,1469.5660723915544,0.4002556458850162
./models/14_PCR-GLOBWB_model/modflow/scripts/waterBodies.py,WaterBodies.getParameterFiles,METHOD,82,12,C,157.0,226.0,10057.226251484151,94.61486486486487,951563.1026995445,52864.61681664136,3.352408750494717
./models/14_PCR-GLOBWB_model/modflow/scripts/waterBodies.py,WaterBodies.getICs,METHOD,309,2,A,18.0,29.0,993.7456415136153,26.28571428571429,26121.314005500746,1451.1841114167082,0.3312485471712051
./models/14_PCR-GLOBWB_model/modflow/scripts/waterBodies.py,WaterBodies.update,METHOD,339,3,A,29.0,36.0,830.2207828024285,13.275862068965516,11021.89659927362,612.3275888485344,0.27674026093414283
./models/14_PCR-GLOBWB_model/modflow/scripts/waterBodies.py,WaterBodies.moveFromChannelToWaterBody,METHOD,376,1,A,16.0,30.0,675.9488119940328,16.0,10815.180991904524,600.8433884391402,0.2253162706646776
./models/14_PCR-GLOBWB_model/modflow/scripts/waterBodies.py,WaterBodies.getWaterBodyOutflow,METHOD,407,2,A,24.0,45.0,1299.3447252356768,21.5625,28017.12063789428,1556.5067021052378,0.43311490841189226
./models/14_PCR-GLOBWB_model/modflow/scripts/waterBodies.py,WaterBodies.weirFormula,METHOD,453,1,A,7.0,7.0,228.40050598449557,12.649999999999999,2889.2664007038684,160.5148000391038,0.07613350199483186
./models/14_PCR-GLOBWB_model/modflow/scripts/waterBodies.py,WaterBodies.getLakeOutflow,METHOD,461,1,A,31.0,47.0,1315.7230200915888,25.900000000000002,34077.226220372155,1893.1792344651196,0.4385743400305296
./models/14_PCR-GLOBWB_model/modflow/scripts/waterBodies.py,WaterBodies.getReservoirOutflow,METHOD,509,1,A,52.0,77.0,2487.8094526373425,48.54838709677419,120779.13632965162,6709.952018313979,0.8292698175457808
./models/14_PCR-GLOBWB_model/modflow/scripts/waterBodies.py,WaterBodies (aggregate),CLASS_AGG,39,28,D,,,,,,,
./models/14_PCR-GLOBWB_model/modflow/scripts/waterBodies.py,waterBodies.py (module aggregate),MODULE_AGG,1,28,D,,,,,,,
./models/14_PCR-GLOBWB_model/modflow/scripts/waterBodies_for_modflow.py,<module>,FUNCTION,1,1,A,7.0,,118.94197037642039,4.7272727272727275,562.2711326885328,31.237285149362933,0.039647323458806796
./models/14_PCR-GLOBWB_model/modflow/scripts/waterBodies_for_modflow.py,WaterBodies,CLASS,37,8,B,141.0,209.0,8623.236203328548,88.77272727272727,765508.1956863933,42528.23309368852,2.874412067776183
./models/14_PCR-GLOBWB_model/modflow/scripts/waterBodies_for_modflow.py,WaterBodies.__init__,METHOD,39,2,A,14.0,22.0,524.6169884132792,11.73913043478261,6158.547255286321,342.1415141825734,0.17487232947109305
./models/14_PCR-GLOBWB_model/modflow/scripts/waterBodies_for_modflow.py,WaterBodies.getParameterFiles,METHOD,62,11,C,126.0,184.0,7644.5370767870245,91.95454545454545,702949.9321063705,39052.77400590947,2.5481790255956747
./models/14_PCR-GLOBWB_model/modflow/scripts/waterBodies_for_modflow.py,WaterBodies (aggregate),CLASS_AGG,39,13,C,,,,,,,
./models/14_PCR-GLOBWB_model/modflow/scripts/waterBodies_for_modflow.py,waterBodies_for_modflow.py (module aggregate),MODULE_AGG,1,13,C,,,,,,,
./models/14_PCR-GLOBWB_model/various_tools/crop_files_from_opendap/crop_nc_opendap_files.py,<module>,FUNCTION,1,2,A,5.0,,72.33974351909448,4.0,289.35897407637793,16.075498559798774,0.024113247839698163
./models/14_PCR-GLOBWB_model/various_tools/crop_files_from_opendap/crop_nc_opendap_files.py,main,FUNCTION,8,4,A,32.0,59.0,1075.0294751672473,27.192307692307693,29232.53226704784,1624.0295703915467,0.35834315838908243
./models/14_PCR-GLOBWB_model/various_tools/crop_files_from_opendap/crop_nc_opendap_files.py,crop_nc_opendap_files.py (module aggregate),MODULE_AGG,1,4,A,,,,,,,
./models/14_PCR-GLOBWB_model/various_tools/crop_files_from_opendap/crop_nc_opendap_files_using_local_files_on_eejit.py,<module>,FUNCTION,1,2,A,5.0,,72.33974351909448,4.0,289.35897407637793,16.075498559798774,0.024113247839698163
./models/14_PCR-GLOBWB_model/various_tools/crop_files_from_opendap/crop_nc_opendap_files_using_local_files_on_eejit.py,main,FUNCTION,8,4,A,34.0,63.0,1106.9610437365714,28.269230769230766,31292.93719793769,1738.4965109965383,0.36898701457885713
./models/14_PCR-GLOBWB_model/various_tools/crop_files_from_opendap/crop_nc_opendap_files_using_local_files_on_eejit.py,crop_nc_opendap_files_using_local_files_on_eejit.py (module aggregate),MODULE_AGG,1,4,A,,,,,,,
./models/14_PCR-GLOBWB_model/various_tools/crop_files_from_opendap/making_opendap_file_list.py,<module>,FUNCTION,1,2,A,5.0,,72.33974351909448,4.0,289.35897407637793,16.075498559798774,0.024113247839698163
./models/14_PCR-GLOBWB_model/various_tools/crop_files_from_opendap/making_opendap_file_list.py,main,FUNCTION,8,6,B,14.0,31.0,583.4587769504424,15.217391304347824,8878.720518811078,493.2622510450599,0.1944862589834808
./models/14_PCR-GLOBWB_model/various_tools/crop_files_from_opendap/making_opendap_file_list.py,making_opendap_file_list.py (module aggregate),MODULE_AGG,1,6,B,,,,,,,
./models/14_PCR-GLOBWB_model/various_tools/merging_netcdf_aqueduct_2021/merging_daily_generic/merge_netcdf_general.py,<module>,FUNCTION,1,24,D,65.0,,4054.356060843788,47.35294117647058,191985.68405760286,10665.871336533492,1.3514520202812625
./models/14_PCR-GLOBWB_model/various_tools/merging_netcdf_aqueduct_2021/merging_daily_generic/merge_netcdf_general.py,calculate_monthdelta,FUNCTION,43,3,A,11.0,11.0,440.92347162443184,23.071428571428573,10172.734381049393,565.1519100582996,0.1469744905414773
./models/14_PCR-GLOBWB_model/various_tools/merging_netcdf_aqueduct_2021/merging_daily_generic/merge_netcdf_general.py,getMax,FUNCTION,55,2,A,6.0,6.0,141.7774500490386,10.214285714285715,1448.1553826437516,80.45307681354176,0.0472591500163462
./models/14_PCR-GLOBWB_model/various_tools/merging_netcdf_aqueduct_2021/merging_daily_generic/merge_netcdf_general.py,getMin,FUNCTION,62,2,A,6.0,6.0,141.7774500490386,10.214285714285715,1448.1553826437516,80.45307681354176,0.0472591500163462
./models/14_PCR-GLOBWB_model/various_tools/merging_netcdf_aqueduct_2021/merging_daily_generic/merge_netcdf_general.py,netcdfList,FUNCTION,69,2,A,9.0,9.0,314.92946111545314,14.5,4566.47718617407,253.69317700967056,0.10497648703848438
./models/14_PCR-GLOBWB_model/various_tools/merging_netcdf_aqueduct_2021/merging_daily_generic/merge_netcdf_general.py,ncFileNameDict,FUNCTION,79,2,A,7.0,7.0,299.32032633211963,15.428571428571429,4618.085034838417,256.5602797132454,0.09977344211070655
./models/14_PCR-GLOBWB_model/various_tools/merging_netcdf_aqueduct_2021/merging_daily_generic/merge_netcdf_general.py,mergeNetCDF,FUNCTION,87,43,F,197.0,347.0,15384.626115873352,81.28125,1250481.641480831,69471.20230449061,5.128208705291118
./models/14_PCR-GLOBWB_model/various_tools/merging_netcdf_aqueduct_2021/merging_daily_generic/merge_netcdf_general.py,merge_netcdf_general.py (module aggregate),MODULE_AGG,1,54,F,,,,,,,
./models/14_PCR-GLOBWB_model/various_tools/merging_netcdf_aqueduct_2021/merging_daily_generic/merging_daily_variables.py,<module>,FUNCTION,1,10,B,43.0,,1668.1157107292179,49.611111111111114,82757.07387117732,4597.615215065406,0.5560385702430726
./models/14_PCR-GLOBWB_model/various_tools/merging_netcdf_aqueduct_2021/merging_daily_generic/merging_daily_variables.py,merging_daily_variables.py (module aggregate),MODULE_AGG,1,0,A,,,,,,,
./models/14_PCR-GLOBWB_model/various_tools/merging_netcdf_aqueduct_2021/merging_daily_generic/merging_daily_variables_only_2014.py,<module>,FUNCTION,1,11,C,44.0,,1695.733520509503,50.31481481481482,85320.51805970963,4740.028781094979,0.565244506836501
./models/14_PCR-GLOBWB_model/various_tools/merging_netcdf_aqueduct_2021/merging_daily_generic/merging_daily_variables_only_2014.py,merging_daily_variables_only_2014.py (module aggregate),MODULE_AGG,1,0,A,,,,,,,
./models/14_PCR-GLOBWB_model/various_tools/merging_netcdf_aqueduct_2021/merging_daily_generic/merging_daily_variables_only_2098-2100.py,<module>,FUNCTION,1,11,C,44.0,,1705.2587774650347,52.96296296296297,90315.55747314815,5017.530970730452,0.5684195924883448
./models/14_PCR-GLOBWB_model/various_tools/merging_netcdf_aqueduct_2021/merging_daily_generic/merging_daily_variables_only_2098-2100.py,merging_daily_variables_only_2098-2100.py (module aggregate),MODULE_AGG,1,0,A,,,,,,,
./models/14_PCR-GLOBWB_model/various_tools/merging_netcdf_aqueduct_2021/merging_daily_generic/merging_daily_variables_only_et0.py,<module>,FUNCTION,1,7,B,42.0,,1449.849217431034,41.66666666666667,60410.38405962643,3356.132447757024,0.48328307247701136
./models/14_PCR-GLOBWB_model/various_tools/merging_netcdf_aqueduct_2021/merging_daily_generic/merging_daily_variables_only_et0.py,merging_daily_variables_only_et0.py (module aggregate),MODULE_AGG,1,0,A,,,,,,,
