file,function,type,line,do_loops,is_recursive,cyclomatic_complexity,loc,volume,difficulty,effort,time,bugs
./models/07_hype_5_32_0_src/assimilation_interface.f90,assim_initialize,SUBROUTINE,1075,10,False,109,566,21800.981178181246,140.56735751295338,3064506.3154065707,170250.35085592058,7.266993726060416
./models/07_hype_5_32_0_src/assimilation_interface.f90,allocate_and_initialize_model_state_ensembles_HYPE2,SUBROUTINE,286,5,False,54,174,10480.76389923228,94.59051724137932,991380.878313157,55076.71546184205,3.49358796641076
./models/07_hype_5_32_0_src/assimilation_interface.f90,finalize_ensemble_states_outstate,SUBROUTINE,2911,6,False,50,191,8433.09237018865,82.48863636363637,695634.2899454479,38646.349441413775,2.8110307900628833
./models/07_hype_5_32_0_src/assimilation_interface.f90,allocate_and_initialize_model_forcing_ensembles_HYPE,SUBROUTINE,662,4,False,34,165,6258.035520289555,53.36283185840708,333946.4972331506,18552.583179619476,2.0860118400965186
./models/07_hype_5_32_0_src/assimilation_interface.f90,ensemble_to_model2,SUBROUTINE,1986,3,False,29,86,3990.487275437021,30.476470588235294,121615.96808258355,6756.442671254642,1.3301624251456736
./models/07_hype_5_32_0_src/assimilation_interface.f90,statistics_to_modeloutput,SUBROUTINE,2283,16,False,26,67,1958.4180978518293,32.57692307692308,63799.235726173065,3544.4019847873924,0.6528060326172764
./models/07_hype_5_32_0_src/assimilation_interface.f90,generate_observation_ensemble,SUBROUTINE,2602,9,False,24,96,3975.2961369386653,51.83098591549296,206043.51808358153,11446.86211575453,1.3250987123128883
./models/07_hype_5_32_0_src/assimilation_interface.f90,meanORmedian_to_model2,SUBROUTINE,2366,5,False,21,59,2461.8000755754824,22.357142857142858,55038.815975366146,3057.7119986314524,0.8206000251918275
./models/07_hype_5_32_0_src/assimilation_interface.f90,model_to_ensemble2,SUBROUTINE,1797,2,False,18,46,1972.5023747549726,24.339622641509436,48009.963461017265,2667.220192278737,0.6575007915849909
./models/07_hype_5_32_0_src/assimilation_interface.f90,checkModelStructure_States_HYPE2,SUBROUTINE,199,1,False,13,26,859.5598053287767,17.357142857142858,14919.502335349482,828.861240852749,0.2865199351095922
./models/07_hype_5_32_0_src/assimilation_interface.f90,generate_forcing_ensemble,SUBROUTINE,2802,2,False,13,30,1318.0511501701928,19.961538461538463,26310.328728397315,1461.6849293554064,0.43935038339006427
./models/07_hype_5_32_0_src/assimilation_interface.f90,calculate_coordinates_for_upstream_area,SUBROUTINE,569,1,False,10,39,1531.418148069168,36.016129032258064,55155.753623200835,3064.2085346222684,0.510472716023056
./models/07_hype_5_32_0_src/assimilation_interface.f90,finalize_assimilation,SUBROUTINE,2864,3,False,10,35,973.9128413643873,24.85714285714286,24208.69062820049,1344.9272571222493,0.3246376137881291
./models/07_hype_5_32_0_src/assimilation_interface.f90,get_various_HYPEstate_assimilation_parameters,SUBROUTINE,242,0,False,8,33,787.524930610475,15.45,12167.26017793184,675.9588987739911,0.2625083102034917
./models/07_hype_5_32_0_src/assimilation_interface.f90,get_various_HYPEoutvar_assimilation_parameters,SUBROUTINE,875,0,False,8,47,1021.4846759173195,15.625,15960.698061208117,886.7054478448954,0.3404948919724398
./models/07_hype_5_32_0_src/assimilation_interface.f90,allocate_and_initialize_model_auxiliary_ensembles_HYPE,SUBROUTINE,945,2,False,8,50,1466.9884204545642,24.051724137931036,35283.600802312365,1960.200044572909,0.48899614015152143
./models/07_hype_5_32_0_src/assimilation_interface.f90,write4D_to_X,SUBROUTINE,1955,4,False,6,21,554.533449696287,12.461538461538462,6910.3399115998845,383.90777286666025,0.18484448323209565
./models/07_hype_5_32_0_src/assimilation_interface.f90,writeX_to_4D,SUBROUTINE,2189,4,False,6,21,559.0918488470013,12.0,6709.102186164016,372.7278992313342,0.1863639496156671
./models/07_hype_5_32_0_src/assimilation_interface.f90,writeXmedian_to_4D,SUBROUTINE,2521,4,False,6,22,512.9283016944967,9.25,4744.586790674094,263.58815503744967,0.17097610056483223
./models/07_hype_5_32_0_src/assimilation_interface.f90,writeXmedian_to_criver,SUBROUTINE,2566,4,False,6,21,543.7039997961664,11.407407407407407,6202.253034711824,344.56961303954574,0.18123466659872212
./models/07_hype_5_32_0_src/assimilation_interface.f90,allocate_and_initialize_observation_ensembles_HYPE,SUBROUTINE,1023,1,False,5,36,1096.5833226629713,17.659574468085108,19365.19484702694,1075.8441581681634,0.3655277742209904
./models/07_hype_5_32_0_src/assimilation_interface.f90,writecriver_to_X,SUBROUTINE,1874,4,False,5,16,413.43252329695395,6.956521739130435,2876.05233597881,159.7806853321561,0.13781084109898464
./models/07_hype_5_32_0_src/assimilation_interface.f90,write3D_to_X,SUBROUTINE,1932,3,False,5,19,485.0,12.166666666666666,5900.833333333333,327.8240740740741,0.16166666666666665
./models/07_hype_5_32_0_src/assimilation_interface.f90,writeX_to_3D,SUBROUTINE,2162,3,False,5,19,489.30622957776995,11.68,5715.096761468353,317.5053756371307,0.16310207652592332
./models/07_hype_5_32_0_src/assimilation_interface.f90,writeX_to_criver,SUBROUTINE,2257,4,False,5,16,413.43252329695395,6.956521739130435,2876.05233597881,159.7806853321561,0.13781084109898464
./models/07_hype_5_32_0_src/assimilation_interface.f90,writeXmedian_to_3D,SUBROUTINE,2498,3,False,5,20,443.9066825035439,8.884615384615383,3943.9401407045625,219.10778559469793,0.14796889416784798
./models/07_hype_5_32_0_src/assimilation_interface.f90,writeXmedian_to_riverq,SUBROUTINE,2545,3,False,5,19,469.1286531003362,10.88,5104.119745731658,283.5622080962032,0.15637621770011206
./models/07_hype_5_32_0_src/assimilation_interface.f90,modelobservations_to_ensemble,SUBROUTINE,2776,2,False,5,16,395.0,9.333333333333334,3686.666666666667,204.81481481481484,0.13166666666666665
./models/07_hype_5_32_0_src/assimilation_interface.f90,get_statetype_from_category,SUBROUTINE,114,1,False,4,19,448.95107662290235,14.999999999999998,6734.266149343534,374.1258971857519,0.14965035887430078
./models/07_hype_5_32_0_src/assimilation_interface.f90,calculate_coordinates_for_aquifer,SUBROUTINE,619,1,False,4,25,558.3519001557697,17.75,9910.746227764912,550.5970126536063,0.18611730005192323
./models/07_hype_5_32_0_src/assimilation_interface.f90,writeriverq_to_X,SUBROUTINE,1857,3,False,4,14,347.8325391424408,6.666666666666666,2318.8835942829382,128.82686634905212,0.11594417971414693
./models/07_hype_5_32_0_src/assimilation_interface.f90,write2D_to_X,SUBROUTINE,1911,2,False,4,17,417.0857006267241,11.818181818181818,4929.1946437703755,273.84414687613196,0.1390285668755747
./models/07_hype_5_32_0_src/assimilation_interface.f90,writeX_to_2D,SUBROUTINE,2137,2,False,4,17,421.1066863828844,11.304347826086957,4760.336454763041,264.4631363757245,0.14036889546096146
./models/07_hype_5_32_0_src/assimilation_interface.f90,writeX_to_2D_real2int,SUBROUTINE,2219,2,False,4,17,426.06088269327125,11.478260869565217,4890.437957870591,271.69099765947726,0.14202029423109042
./models/07_hype_5_32_0_src/assimilation_interface.f90,writeX_to_riverq,SUBROUTINE,2241,3,False,4,14,347.8325391424408,6.666666666666666,2318.8835942829382,128.82686634905212,0.11594417971414693
./models/07_hype_5_32_0_src/assimilation_interface.f90,writeXmedian_to_2D,SUBROUTINE,2457,2,False,4,18,376.5189195894025,8.458333333333332,3184.722528193696,176.9290293440942,0.12550630652980083
./models/07_hype_5_32_0_src/assimilation_interface.f90,writeXmedian_to_2D_real2int,SUBROUTINE,2477,2,False,4,18,386.42731221017624,8.75,3381.238981839042,187.846610102169,0.12880910407005874
./models/07_hype_5_32_0_src/assimilation_interface.f90,set_assimilate,SUBROUTINE,144,1,False,3,17,438.6883841655666,9.75,4277.211745614274,237.62287475634855,0.14622946138852222
./models/07_hype_5_32_0_src/assimilation_interface.f90,get_assimilate_for_category,SUBROUTINE,174,1,False,3,13,297.2517786232125,8.795454545454545,2614.4645074359823,145.2480281908879,0.0990839262077375
./models/07_hype_5_32_0_src/assimilation_interface.f90,write1D_to_X,SUBROUTINE,1893,1,False,3,15,360.5516191543203,11.8,4254.50910602098,236.36161700116554,0.1201838730514401
./models/07_hype_5_32_0_src/assimilation_interface.f90,writeF_to_1D,SUBROUTINE,2090,1,False,3,16,359.4905936394403,11.047619047619047,3971.5151297309594,220.63972942949775,0.11983019787981343
./models/07_hype_5_32_0_src/assimilation_interface.f90,writeX_to_1D,SUBROUTINE,2113,1,False,3,16,388.63847961020576,12.19047619047619,4737.688132391079,263.20489624394884,0.1295461598700686
./models/07_hype_5_32_0_src/assimilation_interface.f90,writeXmedian_to_1D,SUBROUTINE,2438,1,False,3,16,310.9107836881646,7.954545454545455,2473.153961155855,137.3974422864364,0.10363692789605487
./models/07_hype_5_32_0_src/assimilation_interface.f90,initialize_assim_categories_HYPE,SUBROUTINE,86,0,False,2,17,435.5779836158176,3.0,1306.7339508474527,72.59633060263626,0.14519266120527252
./models/07_hype_5_32_0_src/assimilation_routines.f90,enkf_analysis_main,SUBROUTINE,1703,4,False,30,107,3865.391618807795,60.67692307692308,234540.06991658377,13030.003884254655,1.2884638729359317
./models/07_hype_5_32_0_src/assimilation_routines.f90,generate_input_ensemble,SUBROUTINE,799,5,False,26,81,3330.3694006047353,63.6,211811.49387846116,11767.305215470064,1.1101231335349118
./models/07_hype_5_32_0_src/assimilation_routines.f90,allocate_assim_ensemble,SUBROUTINE,169,6,False,23,99,2897.311451318273,40.246153846153845,116605.64240997849,6478.091244998805,0.9657704837727578
./models/07_hype_5_32_0_src/assimilation_routines.f90,allocate_assim_ensemble_vectors,SUBROUTINE,134,1,False,11,19,718.0996223722952,14.25,10232.919618805206,568.4955343780671,0.23936654079076508
./models/07_hype_5_32_0_src/assimilation_routines.f90,assim_ensemble_statistics,SUBROUTINE,1301,3,False,11,57,1829.3168004481452,49.03846153846154,89706.88156043789,4983.71564224655,0.6097722668160483
./models/07_hype_5_32_0_src/assimilation_routines.f90,assim_forward_transform,SUBROUTINE,1594,4,False,11,31,875.1881654256637,22.22222222222222,19448.62589834808,1080.4792165748934,0.29172938847522123
./models/07_hype_5_32_0_src/assimilation_routines.f90,assim_backward_transform,SUBROUTINE,1642,4,False,11,28,697.9398751947122,22.75,15878.132160679701,882.1184533710945,0.23264662506490405
./models/07_hype_5_32_0_src/assimilation_routines.f90,updateEnsembleStatistics,SUBROUTINE,1507,3,False,10,54,2186.8572508221177,31.5,68886.0034008967,3827.000188938706,0.7289524169407059
./models/07_hype_5_32_0_src/assimilation_routines.f90,enkf_analysis_apply,SUBROUTINE,1221,2,False,9,41,1002.3541550677248,24.982758620689655,25041.571908502297,1391.1984393612388,0.33411805168924164
./models/07_hype_5_32_0_src/assimilation_routines.f90,meanORmedian_to_ensemble,SUBROUTINE,33,3,False,8,27,717.3322606162978,18.0,12911.980691093362,717.3322606162978,0.23911075353876596
./models/07_hype_5_32_0_src/assimilation_routines.f90,allocate_assim_generation,SUBROUTINE,347,0,False,5,35,803.4552959940354,18.59375,14939.246909889096,829.9581616605053,0.2678184319980118
./models/07_hype_5_32_0_src/assimilation_routines.f90,allocate_3dim_state_ensemble,SUBROUTINE,549,3,False,5,38,1252.260806269006,19.755102040816325,24738.54000955914,1374.3633338643967,0.41742026875633537
./models/07_hype_5_32_0_src/assimilation_routines.f90,get_spatially_correlated_random_data2,SUBROUTINE,909,3,False,5,20,469.1286531003362,12.9375,6069.351949485599,337.1862194158666,0.15637621770011206
./models/07_hype_5_32_0_src/assimilation_routines.f90,initiate_fileid_assim_ensemble,SUBROUTINE,293,0,False,4,18,385.14588767524094,14.5,5584.615371290994,310.2564095161663,0.12838196255841364
./models/07_hype_5_32_0_src/assimilation_routines.f90,allocate_2dim_state_ensemble,SUBROUTINE,505,2,False,4,35,1143.2464427762893,19.72826086956522,22554.2640612931,1253.0146700718387,0.38108214759209647
./models/07_hype_5_32_0_src/assimilation_routines.f90,initiate_fileid_3dim_state_ensemble,SUBROUTINE,638,3,False,4,14,323.33235014711585,5.909090909090909,1910.600250869321,106.14445838162894,0.10777745004903862
./models/07_hype_5_32_0_src/assimilation_routines.f90,assim_checkminmax,SUBROUTINE,746,2,False,4,17,357.5769266126538,11.666666666666668,4171.730810480961,231.76282280449783,0.1191923088708846
./models/07_hype_5_32_0_src/assimilation_routines.f90,choldc,SUBROUTINE,977,1,False,4,24,814.2549985177665,30.692307692307693,24991.364954506833,1388.4091641392686,0.2714183328392555
./models/07_hype_5_32_0_src/assimilation_routines.f90,enkf_analysis_prepare,SUBROUTINE,1125,3,False,4,44,1087.583056937471,20.727272727272727,22542.630634703943,1252.3683685946635,0.36252768564582366
./models/07_hype_5_32_0_src/assimilation_routines.f90,assim_set_ensemble_data,SUBROUTINE,1415,1,False,4,18,453.9954707422608,12.9375,5873.566402727999,326.3092445959999,0.15133182358075362
./models/07_hype_5_32_0_src/assimilation_routines.f90,assim_set_ensemble_data_dx,SUBROUTINE,1475,1,False,4,21,559.6209125375373,15.48,8662.931726081077,481.273984782282,0.18654030417917908
./models/07_hype_5_32_0_src/assimilation_routines.f90,allocate_assim_interface,SUBROUTINE,324,0,False,3,17,360.5516191543203,8.318181818181818,2999.1339229654823,166.6185512758601,0.1201838730514401
./models/07_hype_5_32_0_src/assimilation_routines.f90,allocate_1dim_state_ensemble,SUBROUTINE,464,1,False,3,32,1040.6447484344387,19.25,20032.411407362946,1112.911744853497,0.34688158281147957
./models/07_hype_5_32_0_src/assimilation_routines.f90,initiate_fileid_2dim_state_ensemble,SUBROUTINE,622,2,False,3,11,264.6998028171593,5.625,1488.9363908465211,82.71868838036228,0.08823326760571977
./models/07_hype_5_32_0_src/assimilation_routines.f90,cholsl,SUBROUTINE,1010,2,False,3,13,408.0616625641829,11.5,4692.709119488103,260.7060621937835,0.13602055418806097
./models/07_hype_5_32_0_src/assimilation_routines.f90,choleskysolution,SUBROUTINE,1035,1,False,3,17,355.74426423226265,10.166666666666666,3616.7333530280034,200.92963072377796,0.11858142141075421
./models/07_hype_5_32_0_src/assimilation_routines.f90,assim_get_ensemble_data,SUBROUTINE,1391,1,False,3,13,305.52858167917094,10.88888888888889,3326.866778284306,184.82593212690588,0.10184286055972365
./models/07_hype_5_32_0_src/assimilation_routines.f90,assim_get_ensemble_data_dx,SUBROUTINE,1449,1,False,3,13,286.7268228066066,10.222222222222221,2930.9852998008673,162.83251665560374,0.0955756076022022
./models/07_hype_5_32_0_src/assimilation_routines.f90,initiate_fileid_1dim_state_ensemble,SUBROUTINE,608,1,False,2,9,212.60741193467962,5.416666666666666,1151.6234813128478,63.979082295158214,0.07086913731155987
./models/07_hype_5_32_0_src/assimilation_routines.f90,get_random_vector_gaussian,SUBROUTINE,944,1,False,2,9,165.66917302429982,5.5357142857142865,917.0972078130884,50.94984487850491,0.05522305767476661
./models/07_hype_5_32_0_src/assimilation_routines.f90,initialize_assim_info,SUBROUTINE,73,0,False,1,28,662.5357616055945,4.0,2650.143046422378,147.23016924568768,0.22084525386853152
./models/07_hype_5_32_0_src/assimilation_routines.f90,allocate_auxiliary_ensemble,SUBROUTINE,402,0,False,1,20,680.9897839448797,7.125,4852.052210607268,269.5584561448482,0.22699659464829325
./models/07_hype_5_32_0_src/assimilation_routines.f90,allocate_0dim_state_ensemble,SUBROUTINE,430,0,False,1,25,825.3623470849357,9.279069767441861,7658.594802020682,425.477489001149,0.2751207823616452
./models/07_hype_5_32_0_src/assimilation_routines.f90,initiate_fileid_0dim_state_ensemble,SUBROUTINE,596,0,False,1,8,175.69269691115042,4.235294117647059,744.110245741343,41.339458096741275,0.05856423230371681
./models/07_hype_5_32_0_src/assimilation_routines.f90,initiate_fileid_forcing_ensemble,SUBROUTINE,658,0,False,1,8,178.41295556463058,2.3529411764705883,419.7951895638367,23.321954975768705,0.059470985188210194
./models/07_hype_5_32_0_src/assimilation_routines.f90,allocate_assim_forcing_ensemble,SUBROUTINE,673,0,False,1,29,1058.8757488851315,7.685185185185185,8137.656218283882,452.0920121268823,0.3529585829617105
./models/07_hype_5_32_0_src/assimilation_routines.f90,allocate_assim_observation_ensemble,SUBROUTINE,713,0,False,1,23,788.4671225340378,5.574468085106383,4395.284810721658,244.18248948453655,0.2628223741780126
./models/07_hype_5_32_0_src/assimilation_routines.f90,matrixmatrixmultiply,SUBROUTINE,961,0,False,1,6,92.5109929535273,2.0,185.0219859070546,10.27899921705859,0.030836997651175767
./models/07_hype_5_32_0_src/atm_proc.f90,set_class_precipitation_concentration_and_load,SUBROUTINE,962,1,False,21,75,2379.408739769426,36.20338983050848,86142.66217199144,4785.703453999525,0.7931362465898087
./models/07_hype_5_32_0_src/atm_proc.f90,calculate_winddirspeed,SUBROUTINE,1167,0,False,21,73,2070.0,34.23913043478261,70875.0,3937.5,0.69
./models/07_hype_5_32_0_src/atm_proc.f90,set_atmospheric_parameters_corrections,SUBROUTINE,74,5,False,18,67,2149.2870646245933,29.139344262295083,62628.815694593686,3479.378649699649,0.7164290215415311
./models/07_hype_5_32_0_src/atm_proc.f90,calculate_snowfall_distribution_multibasins,SUBROUTINE,1548,6,False,17,74,2247.9370000943663,32.70909090909091,73527.97569399573,4084.8875385553183,0.7493123333647888
./models/07_hype_5_32_0_src/atm_proc.f90,calculate_regional_snowfall_distribution,SUBROUTINE,1823,5,False,15,84,3391.201599784581,39.863013698630134,135183.5158270292,7510.195323723844,1.130400533261527
./models/07_hype_5_32_0_src/atm_proc.f90,calculate_class_atmospheric_forcing,SUBROUTINE,192,0,False,14,73,2700.7546498076035,37.17333333333333,100396.05284884798,5577.5584916026655,0.9002515499358679
./models/07_hype_5_32_0_src/atm_proc.f90,calculate_snowfall_distribution_twobasins,SUBROUTINE,1441,3,False,14,72,2378.957409552967,41.0,97537.25379167164,5418.736321759536,0.7929858031843223
./models/07_hype_5_32_0_src/atm_proc.f90,calculate_potential_evaporation,SUBROUTINE,2018,0,False,13,73,2720.0864473621336,27.355263157894736,74408.68057981416,4133.8155877674535,0.9066954824540445
./models/07_hype_5_32_0_src/atm_proc.f90,calculate_snowfall_distribution,SUBROUTINE,1348,3,False,11,51,1417.392273442032,28.162790697674417,39917.721933448855,2217.651218524936,0.47246409114734406
./models/07_hype_5_32_0_src/atm_proc.f90,calculate_vapour_pressures,SUBROUTINE,798,0,False,10,42,1340.0121555044407,35.903225806451616,48110.75900246589,2672.8199445814384,0.4466707185014802
./models/07_hype_5_32_0_src/atm_proc.f90,calculate_subbasin_precipitation,SUBROUTINE,405,2,False,7,33,1167.8346621319813,24.926829268292682,29110.41523655817,1617.2452909198983,0.3892782207106604
./models/07_hype_5_32_0_src/atm_proc.f90,currently_snowing,FUNCTION,585,1,False,7,28,652.4704081562301,14.903225806451612,9723.913824779944,540.2174347099968,0.21749013605207668
./models/07_hype_5_32_0_src/atm_proc.f90,calculate_shortwave_radiation,SUBROUTINE,728,0,False,7,38,1145.7028065242691,26.833333333333336,30743.025308401226,1707.9458504667348,0.38190093550808973
./models/07_hype_5_32_0_src/atm_proc.f90,calculate_subbasin_humidty_for_T1,SUBROUTINE,364,2,False,6,23,672.8568295830602,18.82758620689655,12668.269963874167,703.7927757707871,0.22428560986102006
./models/07_hype_5_32_0_src/atm_proc.f90,get_rainfall_fraction,FUNCTION,476,0,False,6,27,676.9695207110249,21.982758620689655,14881.657567354427,826.7587537419126,0.22565650690367495
./models/07_hype_5_32_0_src/atm_proc.f90,get_snowfall_fraction,FUNCTION,525,0,False,6,29,708.4490494265281,22.25,15762.991349740249,875.721741652236,0.23614968314217602
./models/07_hype_5_32_0_src/atm_proc.f90,calculate_nearest_downwind_subbasin,SUBROUTINE,1703,1,False,6,28,591.9650485125719,15.125,8953.47135875265,497.4150754862583,0.19732168283752397
./models/07_hype_5_32_0_src/atm_proc.f90,calculate_extraterrestrial_radiation,SUBROUTINE,678,1,False,5,29,862.590195744693,19.125,16497.037493617252,916.5020829787362,0.287530065248231
./models/07_hype_5_32_0_src/atm_proc.f90,calculate_net_radiation,SUBROUTINE,871,0,False,4,23,615.4160825617313,19.130434782608695,11773.17723161573,654.0654017564294,0.20513869418724376
./models/07_hype_5_32_0_src/atm_proc.f90,calculate_class_wind_transformation_factor,SUBROUTINE,1108,1,False,4,19,585.4120904376099,16.714285714285715,9784.74494017148,543.5969411206378,0.1951373634792033
./models/07_hype_5_32_0_src/atm_proc.f90,linear_snowdist_factor,FUNCTION,1277,0,False,4,19,470.7338627141834,21.176470588235293,9968.481798653294,553.8045443696275,0.15691128757139447
./models/07_hype_5_32_0_src/atm_proc.f90,calculate_snowfall_distribution_subbasin_inrange,SUBROUTINE,1663,1,False,4,25,680.9897839448797,18.890625,12864.322637333744,714.6845909629858,0.22699659464829325
./models/07_hype_5_32_0_src/atm_proc.f90,loglinear_snowdist_factor,FUNCTION,1309,0,False,3,15,366.8646389922032,15.058823529411764,5524.549857764942,306.9194365424968,0.12228821299740107
./models/07_hype_5_32_0_src/atm_proc.f90,apply_classelevation_temperature_correction,FUNCTION,317,0,False,2,11,243.00301253822127,8.647058823529413,2101.261343712855,116.73674131738082,0.08100100417940709
./models/07_hype_5_32_0_src/atm_proc.f90,set_T2_concentration_in_precipitation_on_water,SUBROUTINE,1075,0,False,2,15,450.0,13.5,6075.0,337.5,0.15
./models/07_hype_5_32_0_src/atm_proc.f90,windspeed_windshelter_function,FUNCTION,1261,0,False,2,9,164.2332676057198,10.227272727272728,1679.6584186948617,93.31435659415898,0.05474442253523993
./models/07_hype_5_32_0_src/atm_proc.f90,calculate_snowfall_redistribution_fractions,SUBROUTINE,1744,0,False,2,19,578.6156164987531,15.216666666666667,8804.60096438936,489.1444980216311,0.192871872166251
./models/07_hype_5_32_0_src/atm_proc.f90,calculate_subbasin_temperature,SUBROUTINE,341,0,False,1,8,208.9735285398626,4.875,1018.7459516318302,56.59699731287945,0.06965784284662087
./models/07_hype_5_32_0_src/atm_proc.f90,calculate_rain_snow_from_precipitation,SUBROUTINE,637,0,False,1,12,242.0279733136923,6.125,1482.4213365463654,82.35674091924253,0.08067599110456411
./models/07_hype_5_32_0_src/atm_proc.f90,get_current_cloudiness,SUBROUTINE,662,0,False,1,7,141.7774500490386,2.0,283.5549000980772,15.753050005448735,0.0472591500163462
./models/07_hype_5_32_0_src/atm_proc.f90,saturationpressure_function,FUNCTION,911,0,False,1,4,89.85848369899593,4.25,381.8985557207327,21.216586428929595,0.02995282789966531
./models/07_hype_5_32_0_src/atm_proc.f90,deltasaturationpressure_function,FUNCTION,922,0,False,1,4,129.26767504471167,5.25,678.6552939847362,37.7030718880409,0.043089225014903886
./models/07_hype_5_32_0_src/atm_proc.f90,netlongwaveradiation_function,FUNCTION,933,0,False,1,14,475.0,9.94,4721.5,262.30555555555554,0.15833333333333333
./models/07_hype_5_32_0_src/atm_proc.f90,calculate_daylength,SUBROUTINE,1147,0,False,1,10,470.4631751312504,6.4,3010.964320840003,167.2757956022224,0.15682105837708346
./models/07_hype_5_32_0_src/atm_proc.f90,airpressure_elevationfunction,FUNCTION,1978,0,False,1,4,96.0,5.1,489.59999999999997,27.2,0.032
./models/07_hype_5_32_0_src/atm_proc.f90,latentheat_tempfunction,FUNCTION,1989,0,False,1,4,64.5293250129808,3.5,225.85263754543283,12.547368752524045,0.021509775004326936
./models/07_hype_5_32_0_src/atm_proc.f90,psychrometric_constant,FUNCTION,2001,0,False,1,6,114.22064766172812,4.8,548.259108776295,30.45883937646083,0.03807354922057604
./models/07_hype_5_32_0_src/compout.f90,calculate_criteria,SUBROUTINE,1360,2,False,64,270,9835.598667618675,50.81761006289308,499821.61782615655,27767.867657008697,3.278532889206225
./models/07_hype_5_32_0_src/compout.f90,prepare_to_compute_crit,SUBROUTINE,1225,3,False,26,91,4382.093690756742,69.06666666666666,302656.604241599,16814.255791199943,1.460697896918914
./models/07_hype_5_32_0_src/compout.f90,revise_outvar,SUBROUTINE,864,8,False,24,62,2032.1398788033537,24.21818181818182,49214.73306483759,2734.1518369354217,0.6773799596011179
./models/07_hype_5_32_0_src/compout.f90,compute_mapoutput,SUBROUTINE,472,2,False,22,85,2981.267813918055,40.46,120622.0957511245,6701.227541729139,0.9937559379726849
./models/07_hype_5_32_0_src/compout.f90,save_variables_for_later_critcalc,SUBROUTINE,2064,4,False,21,71,1948.3043159079773,40.54054054054054,78985.31010437745,4388.072783576525,0.6494347719693258
./models/07_hype_5_32_0_src/compout.f90,calculate_median,SUBROUTINE,2463,5,False,18,102,2150.210562777645,49.0,105360.3175761046,5853.350976450256,0.716736854259215
./models/07_hype_5_32_0_src/compout.f90,calculate_upstream_average,SUBROUTINE,1167,1,False,17,42,1965.6839347735179,37.604651162790695,73918.85866345996,4106.603259081109,0.6552279782578393
./models/07_hype_5_32_0_src/compout.f90,calculate_regional_ra,SUBROUTINE,2964,2,False,15,47,1973.9264132420697,27.27272727272727,53834.35672478371,2990.7975958213174,0.6579754710806899
./models/07_hype_5_32_0_src/compout.f90,compute_period_timesteplength_and_end_status,SUBROUTINE,148,0,False,13,73,1744.856395741735,17.11111111111111,29856.431660469687,1658.6906478038716,0.5816187985805783
./models/07_hype_5_32_0_src/compout.f90,check_and_acc_one_data,SUBROUTINE,284,0,False,13,44,1020.082628240414,24.94642857142857,25447.41842235461,1413.7454679085895,0.3400275427468047
./models/07_hype_5_32_0_src/compout.f90,compute_outloads,SUBROUTINE,757,2,False,12,46,1441.1691730277814,30.22222222222222,43555.33500706184,2419.740833725658,0.4803897243425938
./models/07_hype_5_32_0_src/compout.f90,compute_yearfact,FUNCTION,1918,0,False,12,40,916.8637923506952,17.77777777777778,16299.80075290125,905.5444862722917,0.30562126411689844
./models/07_hype_5_32_0_src/compout.f90,calculate_region_obsfunc,SUBROUTINE,1093,1,False,11,31,1156.9905189038184,30.214285714285715,34957.642106879655,1942.0912281599808,0.3856635063012728
./models/07_hype_5_32_0_src/compout.f90,check_and_outmean_one_data,SUBROUTINE,342,0,False,10,45,890.5707786895248,21.666666666666668,19295.700204939705,1071.9833447188726,0.2968569262298416
./models/07_hype_5_32_0_src/compout.f90,calculate_class_average,SUBROUTINE,966,3,False,10,34,885.6070721569215,27.839999999999996,24655.30088884869,1369.7389382693718,0.2952023573856405
./models/07_hype_5_32_0_src/compout.f90,calculate_ra,SUBROUTINE,2414,2,False,10,36,1053.7417627876978,35.80769230769231,37732.06081366718,2096.2256007592878,0.3512472542625659
./models/07_hype_5_32_0_src/compout.f90,calculate_variance_based_criteria,SUBROUTINE,3195,1,False,10,53,1966.9945683376368,39.5,77696.28544933665,4316.460302740925,0.6556648561125455
./models/07_hype_5_32_0_src/compout.f90,get_unit_string,FUNCTION,1881,0,False,8,25,596.0559466273846,10.125,6035.06645960227,335.2814699779039,0.19868531554246155
./models/07_hype_5_32_0_src/compout.f90,kendallstau,SUBROUTINE,2279,2,False,8,33,796.1684502221161,31.81818181818182,25332.632507067334,1407.368472614852,0.26538948340737206
./models/07_hype_5_32_0_src/compout.f90,compute_basinoutput,SUBROUTINE,406,1,False,7,35,1453.0306477029073,23.209999999999997,33724.84133318448,1873.6022962880265,0.48434354923430245
./models/07_hype_5_32_0_src/compout.f90,calculate_regional_relative_error,SUBROUTINE,3065,1,False,7,29,737.9720066394854,21.96551724137931,16209.936835494902,900.5520464163834,0.24599066887982846
./models/07_hype_5_32_0_src/compout.f90,compute_timeoutput,SUBROUTINE,633,1,False,6,33,1324.0660332153964,23.554347826086957,31187.51189106265,1732.6395495034806,0.44135534440513213
./models/07_hype_5_32_0_src/compout.f90,compute_regionoutput,SUBROUTINE,693,1,False,6,35,1411.515486339967,22.880000000000003,32295.47432745845,1794.1930181921362,0.4705051621133224
./models/07_hype_5_32_0_src/compout.f90,calculate_fit,SUBROUTINE,2321,1,False,6,35,1122.026948038883,33.984375,38131.384562258914,2118.4102534588287,0.3740089826796276
./models/07_hype_5_32_0_src/compout.f90,calculate_all_subbasins_tau,SUBROUTINE,2898,1,False,6,15,830.2207828024285,13.363636363636363,11094.768642905181,616.3760357169544,0.27674026093414283
./models/07_hype_5_32_0_src/compout.f90,calculate_all_subbasins_ra,SUBROUTINE,2929,1,False,6,18,955.0225968275693,14.097222222222221,13463.165774721983,747.9536541512213,0.3183408656091897
./models/07_hype_5_32_0_src/compout.f90,calculate_relative_error,SUBROUTINE,3033,1,False,6,20,599.7113001673082,24.02173913043478,14406.108406192947,800.3393558996081,0.19990376672243607
./models/07_hype_5_32_0_src/compout.f90,compute_load_accumulation_period_status,SUBROUTINE,98,0,False,5,34,728.6270726280594,18.333333333333336,13358.162998181091,742.1201665656162,0.2428756908760198
./models/07_hype_5_32_0_src/compout.f90,calculate_class_weighted_average,SUBROUTINE,1018,2,False,5,26,666.8067922028456,19.4,12936.051768735204,718.6695427075114,0.22226893073428186
./models/07_hype_5_32_0_src/compout.f90,calculate_region_average,SUBROUTINE,1061,1,False,5,21,488.39643276003255,14.583333333333332,7122.447977750474,395.69155431947075,0.16279881092001086
./models/07_hype_5_32_0_src/compout.f90,find_variable_index_type,FUNCTION,1759,0,False,5,37,861.5205616745466,15.483870967741936,13339.673213025239,741.0929562791799,0.2871735205581822
./models/07_hype_5_32_0_src/compout.f90,compute_sr2limit,FUNCTION,1976,0,False,5,18,455.7860605555925,10.608695652173912,4835.29559893759,268.6275332743105,0.15192868685186417
./models/07_hype_5_32_0_src/compout.f90,extend_ktvariables,SUBROUTINE,2168,0,False,5,37,951.2662002653855,15.1,14364.11962400732,798.0066457781845,0.31708873342179517
./models/07_hype_5_32_0_src/compout.f90,calculate_mab,SUBROUTINE,2369,1,False,5,30,787.5601446788584,25.535714285714285,20110.910837335134,1117.2728242963963,0.2625200482262861
./models/07_hype_5_32_0_src/compout.f90,calculate_mean_criterion,SUBROUTINE,2580,1,False,5,23,508.7462841250339,15.625,7949.160689453655,441.62003830298084,0.16958209470834465
./models/07_hype_5_32_0_src/compout.f90,calculate_meanabs_criterion,SUBROUTINE,2614,1,False,5,23,518.0575847114416,15.2,7874.475287613911,437.47084931188397,0.17268586157048052
./models/07_hype_5_32_0_src/compout.f90,calculate_regional_nash_sutcliffe,SUBROUTINE,2714,1,False,5,25,801.8105520641325,17.147058823529413,13748.692701570273,763.8162611983485,0.2672701840213775
./models/07_hype_5_32_0_src/compout.f90,calculate_mean_and_errors,SUBROUTINE,3110,1,False,5,33,1179.0890672641938,24.75,29182.454414788797,1621.2474674882665,0.39302968908806457
./models/07_hype_5_32_0_src/compout.f90,calculate_kling_gupta,SUBROUTINE,3270,1,False,5,44,1628.518716645465,32.93181818181818,53630.082282256335,2979.4490156809075,0.542839572215155
./models/07_hype_5_32_0_src/compout.f90,calculate_minmax_subass,SUBROUTINE,3328,0,False,5,11,435.969275314045,6.923076923076923,3018.2488290972346,167.68049050540193,0.14532309177134833
./models/07_hype_5_32_0_src/compout.f90,acc_one_data,SUBROUTINE,244,0,False,4,17,333.73121998801753,8.25,2753.2825649011447,152.96014249450803,0.11124373999600584
./models/07_hype_5_32_0_src/compout.f90,find_variable_index,FUNCTION,1811,1,False,4,27,545.7844613981329,15.481481481481481,8449.552032015537,469.4195573341965,0.18192815379937763
./models/07_hype_5_32_0_src/compout.f90,find_acrit_corresponding_to_crit,SUBROUTINE,2007,1,False,4,14,437.52180434752916,16.636363636363637,7278.77183596344,404.37621310908,0.14584060144917638
./models/07_hype_5_32_0_src/compout.f90,find_crit_corresponding_to_acrit,SUBROUTINE,2034,1,False,4,14,437.52180434752916,16.636363636363637,7278.77183596344,404.37621310908,0.14584060144917638
./models/07_hype_5_32_0_src/compout.f90,calculate_nash_sutcliffe,SUBROUTINE,2683,1,False,4,19,633.3094432915962,17.637931034482758,11170.268284263842,620.5704602368801,0.21110314776386538
./models/07_hype_5_32_0_src/compout.f90,calculate_spatial_mean_absolute_bias,SUBROUTINE,2859,1,False,4,21,528.3161507453316,9.103448275862068,4809.498751612673,267.19437508959294,0.1761053835817772
./models/07_hype_5_32_0_src/compout.f90,calculate_regional_errors,SUBROUTINE,3156,1,False,4,21,468.8508029066055,10.607142857142858,4973.1674451164945,276.28708028424967,0.1562836009688685
./models/07_hype_5_32_0_src/compout.f90,get_variable_string,FUNCTION,1854,0,False,3,17,416.15249007249747,8.458333333333332,3519.956478529874,195.5531376961041,0.1387174966908325
./models/07_hype_5_32_0_src/compout.f90,reform_accumulated_periodvalues,SUBROUTINE,2239,0,False,3,14,346.1295543881475,12.789473684210526,4426.814827174728,245.93415706526264,0.11537651812938249
./models/07_hype_5_32_0_src/compout.f90,calculate_subbasin_mean_var,SUBROUTINE,2649,1,False,3,23,634.9992291266738,15.517241379310343,9853.436314034592,547.4131285574773,0.21166640970889125
./models/07_hype_5_32_0_src/compout.f90,calculate_regional_number_of_observations,SUBROUTINE,2750,1,False,3,13,258.52418449776,7.736842105263158,2000.1607958510908,111.12004421394948,0.08617472816592
./models/07_hype_5_32_0_src/compout.f90,calculate_meanmedian_number_of_observations,SUBROUTINE,2774,1,False,3,13,224.0081885617168,9.5,2128.0777913363095,118.22654396312831,0.07466939618723893
./models/07_hype_5_32_0_src/compout.f90,compute_print_output_flags,SUBROUTINE,592,0,False,2,23,500.10752310037924,11.172413793103448,5587.408189121478,310.41156606230436,0.1667025077001264
./models/07_hype_5_32_0_src/compout.f90,initiate_outvar,SUBROUTINE,843,0,False,2,8,156.0801066523054,4.117647058823529,642.6827920977281,35.704599560984896,0.05202670221743513
./models/07_hype_5_32_0_src/compout.f90,add_max_criterion_to_objective,SUBROUTINE,1714,0,False,2,14,342.3519001557697,11.789473684210526,4036.1487176259166,224.2304843125509,0.11411730005192325
./models/07_hype_5_32_0_src/compout.f90,add_min_criterion_to_objective,SUBROUTINE,1737,0,False,2,14,342.3519001557697,11.789473684210526,4036.1487176259166,224.2304843125509,0.11411730005192325
./models/07_hype_5_32_0_src/compout.f90,accumulate_periodvalues,SUBROUTINE,2218,0,False,2,14,307.4622195945133,11.399999999999999,3505.069303377451,194.72607240985838,0.10248740653150443
./models/07_hype_5_32_0_src/compout.f90,calculate_spatial_root_mean_square_error,SUBROUTINE,2825,0,False,2,18,491.54240635418915,10.580645161290322,5200.835783360452,288.9353212978029,0.16384746878472972
./models/07_hype_5_32_0_src/compout.f90,stop_acc_data,SUBROUTINE,270,0,False,1,7,96.21143267166839,2.090909090909091,201.16935922257935,11.17607551236552,0.032070477557222796
./models/07_hype_5_32_0_src/compout.f90,reset_periodvalues,SUBROUTINE,2261,0,False,1,10,175.81007680238335,3.1538461538461537,554.4779345305936,30.80432969614409,0.05860335893412778
./models/07_hype_5_32_0_src/compout.f90,calculate_spatial_nash_sutcliffe,SUBROUTINE,2797,0,False,1,14,304.31280013846197,3.75,1141.1730005192323,63.39850002884624,0.10143760004615399
./models/07_hype_5_32_0_src/convert.f90,string_convert_to_datetype,SUBROUTINE,127,0,False,8,48,1195.6155244815682,25.6875,30712.373785120282,1706.2429880622378,0.3985385081605227
./models/07_hype_5_32_0_src/convert.f90,integer_convert_to_string,FUNCTION,223,0,False,6,34,907.8914598257402,22.814814814814813,20713.375527876145,1150.7430848820081,0.30263048660858005
./models/07_hype_5_32_0_src/convert.f90,lower_case,SUBROUTINE,45,2,False,4,13,354.63261264431276,13.68421052631579,4852.867330922175,269.6037406067875,0.11821087088143759
./models/07_hype_5_32_0_src/convert.f90,write_integer_array_to_string,SUBROUTINE,269,1,False,4,24,594.9968299656161,22.75,13536.177881717767,752.0098823176537,0.1983322766552054
./models/07_hype_5_32_0_src/convert.f90,scalar_lower_case,SUBROUTINE,66,1,False,3,10,258.52418449776,11.875,3069.9746909109003,170.55414949505,0.08617472816592
./models/07_hype_5_32_0_src/convert.f90,get_lower_case,FUNCTION,84,1,False,3,12,309.0676876406254,12.0,3708.812251687505,206.04512509375027,0.10302256254687514
./models/07_hype_5_32_0_src/convert.f90,scalar_upper_case,SUBROUTINE,105,1,False,3,10,258.52418449776,11.875,3069.9746909109003,170.55414949505,0.08617472816592
./models/07_hype_5_32_0_src/convert.f90,convert_unclean_string_to_integer,SUBROUTINE,372,1,False,3,23,561.5282439384637,21.583333333333336,12119.651265005175,673.3139591669542,0.18717608131282124
./models/07_hype_5_32_0_src/convert.f90,logical_convert_to_integer,FUNCTION,185,0,False,2,10,120.0,5.699999999999999,683.9999999999999,37.99999999999999,0.04
./models/07_hype_5_32_0_src/convert.f90,integer_convert_to_logical,FUNCTION,204,0,False,2,10,129.26767504471167,6.363636363636363,822.612477557256,45.700693197625334,0.043089225014903886
./models/07_hype_5_32_0_src/convert.f90,int_to_str,FUNCTION,302,0,False,1,6,106.27403387250882,3.230769230769231,343.3468786650285,19.074826592501584,0.03542467795750294
./models/07_hype_5_32_0_src/convert.f90,real_to_str,FUNCTION,314,0,False,1,6,106.27403387250882,3.230769230769231,343.3468786650285,19.074826592501584,0.03542467795750294
./models/07_hype_5_32_0_src/convert.f90,convert_string_to_real,SUBROUTINE,326,0,False,1,14,290.04813763197154,6.428571428571429,1864.5951704912457,103.58862058284699,0.09668271254399051
./models/07_hype_5_32_0_src/convert.f90,convert_string_to_integer,SUBROUTINE,349,0,False,1,14,286.7268228066066,6.75,1935.4060539445945,107.52255855247748,0.0955756076022022
./models/07_hype_5_32_0_src/data.f90,load_coded_info,SUBROUTINE,10964,28,False,406,1745,70750.25519294998,210.86935866983373,14919060.938264435,828836.7187924687,23.583418397649993
./models/07_hype_5_32_0_src/data.f90,load_lakedata,SUBROUTINE,4084,30,False,301,738,35435.49770216926,260.8911917098446,9244809.224350398,513600.512463911,11.811832567389754
./models/07_hype_5_32_0_src/data.f90,read_and_calc_basindata,SUBROUTINE,5754,4,False,273,515,33828.16497211648,251.10759493670884,8494509.147270387,471917.1748483548,11.276054990705493
./models/07_hype_5_32_0_src/data.f90,load_damdata,SUBROUTINE,4923,8,False,147,314,14830.25071514009,125.72602739726028,1864548.507719942,103586.02820666344,4.943416905046696
./models/07_hype_5_32_0_src/data.f90,reform_inputdata_for_submodel,SUBROUTINE,10016,28,False,123,436,14717.91178406314,63.80263157894737,939041.5031700286,52168.97239833492,4.905970594687713
./models/07_hype_5_32_0_src/data.f90,load_ascii_qx_observations,SUBROUTINE,448,5,False,121,368,15285.595636021106,105.64666666666668,1614872.2269601766,89715.12372000981,5.095198545340368
./models/07_hype_5_32_0_src/data.f90,load_cropdata,SUBROUTINE,10569,2,False,120,219,12717.332251791346,90.69677419354839,1153421.01158505,64078.94508805833,4.239110750597115
./models/07_hype_5_32_0_src/data.f90,prepare_for_update,SUBROUTINE,1858,12,False,94,244,8093.945002326491,76.20430107526882,616793.4218439553,34266.30121355307,2.6979816674421637
./models/07_hype_5_32_0_src/data.f90,load_pointsourcedata,SUBROUTINE,7684,12,False,94,336,13412.180001298193,99.5,1334511.9101291702,74139.55056273167,4.470726667099398
./models/07_hype_5_32_0_src/data.f90,read_diffuse_sources_file,SUBROUTINE,6335,8,False,91,216,10695.553925375014,121.97058823529412,1304543.0037802996,72474.61132112776,3.5651846417916713
./models/07_hype_5_32_0_src/data.f90,load_netcdf_qx_observations,SUBROUTINE,944,15,False,86,222,8573.322086565291,61.58490566037736,527987.2318971531,29332.62399428628,2.857774028855097
./models/07_hype_5_32_0_src/data.f90,load_rrcurvedata,SUBROUTINE,7381,9,False,84,247,10835.02831268518,133.67410714285714,1448362.7355657693,80464.59642032051,3.611676104228393
./models/07_hype_5_32_0_src/data.f90,read_update_data,SUBROUTINE,9596,7,False,82,244,8379.643464096625,88.88764044943821,744846.7353311058,41380.37418506143,2.7932144880322083
./models/07_hype_5_32_0_src/data.f90,load_optpar,SUBROUTINE,14230,4,False,81,275,10971.014819674478,67.77647058823528,743576.6632487606,41309.81462493115,3.6570049398914923
./models/07_hype_5_32_0_src/data.f90,reload_deposition,SUBROUTINE,7041,9,False,76,243,8796.481787134182,95.45454545454545,839664.170590081,46648.009477226726,2.932160595711394
./models/07_hype_5_32_0_src/data.f90,load_permanent_soilleakage,SUBROUTINE,8495,13,False,75,204,6346.189852887509,70.56818181818181,447839.0793912662,24879.948855070346,2.1153966176291696
./models/07_hype_5_32_0_src/data.f90,load_aquiferdata,SUBROUTINE,3673,5,False,73,193,8687.991269543685,91.9646017699115,798987.6572840528,44388.20318244738,2.895997089847895
./models/07_hype_5_32_0_src/data.f90,load_management_data,SUBROUTINE,9158,7,False,70,167,6574.652519768241,80.14285714285714,526911.4376557119,29272.85764753955,2.1915508399227472
./models/07_hype_5_32_0_src/data.f90,load_flooddata,SUBROUTINE,5291,5,False,67,163,6476.567109449493,74.82291666666666,484595.6411164136,26921.980062022976,2.1588557031498308
./models/07_hype_5_32_0_src/data.f90,read_pointsourcedata,SUBROUTINE,8111,2,False,66,123,6385.511052266721,73.0,466142.3068154706,25896.794823081702,2.128503684088907
./models/07_hype_5_32_0_src/data.f90,load_output_regions,SUBROUTINE,13700,8,False,60,163,6217.929912889915,81.76373626373626,508401.18150392757,28244.510083551533,2.0726433042966383
./models/07_hype_5_32_0_src/data.f90,load_deposition,SUBROUTINE,6701,12,False,59,254,8796.481787134182,89.53571428571428,787599.2800123354,43755.515556240854,2.932160595711394
./models/07_hype_5_32_0_src/data.f90,load_classdata,SUBROUTINE,2556,8,False,55,184,7580.698264601842,89.71363636363637,680092.0074929389,37782.88930516327,2.5268994215339475
./models/07_hype_5_32_0_src/data.f90,load_branchdata,SUBROUTINE,3416,6,False,54,170,6023.695306608842,75.39759036144578,454172.111189857,25231.783954992057,2.007898435536281
./models/07_hype_5_32_0_src/data.f90,get_current_pointsources,SUBROUTINE,8276,4,False,47,162,7230.358845580498,78.7962962962963,569725.4979249078,31651.41655138377,2.4101196151934996
./models/07_hype_5_32_0_src/data.f90,set_outvar_for_variable_new,SUBROUTINE,13355,5,False,47,177,4626.042757393568,55.04237288135593,254628.3704175527,14146.020578752928,1.5420142524645226
./models/07_hype_5_32_0_src/data.f90,load_forcing_information_data_from_txt_file,SUBROUTINE,9415,8,False,46,139,4442.391533127544,55.66265060240964,247275.28774758137,13737.515985976743,1.4807971777091813
./models/07_hype_5_32_0_src/data.f90,load_glacierdata,SUBROUTINE,3908,5,False,44,121,4892.349250141955,58.70967741935484,287228.24629865674,15957.124794369818,1.6307830833806516
./models/07_hype_5_32_0_src/data.f90,prepare_subbasin_output,SUBROUTINE,13564,11,False,44,110,3060.4569035388536,53.73913043478261,164466.29272930534,9137.016262739186,1.0201523011796179
./models/07_hype_5_32_0_src/data.f90,get_current_time_pointsource,SUBROUTINE,2205,14,False,43,118,3617.7497759133607,77.65116279069767,280922.4767854584,15606.8042658588,1.2059165919711203
./models/07_hype_5_32_0_src/data.f90,reload_classdata,SUBROUTINE,2908,6,False,42,159,4994.755151137136,53.14736842105263,265458.0921904358,14747.671788357544,1.6649183837123787
./models/07_hype_5_32_0_src/data.f90,load_parameters,SUBROUTINE,14039,2,False,39,132,4206.398320004044,48.92857142857142,205813.06065734068,11434.058925407815,1.4021327733346813
./models/07_hype_5_32_0_src/data.f90,load_basindata,SUBROUTINE,2366,2,False,38,115,3895.4659431920923,38.04545454545455,148204.77247508097,8233.598470837831,1.2984886477306974
./models/07_hype_5_32_0_src/data.f90,finish_lakedata_table,SUBROUTINE,5595,9,False,35,99,2875.8768179168605,41.12244897959184,118263.09771637701,6570.172095354279,0.9586256059722869
./models/07_hype_5_32_0_src/data.f90,get_current_soilleakage,SUBROUTINE,8769,4,False,31,65,2142.261411141988,30.620689655172413,65597.52183083053,3644.3067683794743,0.7140871370473293
./models/07_hype_5_32_0_src/data.f90,get_current_forcing,SUBROUTINE,1463,0,False,30,42,2599.7263147296076,21.476923076923075,55834.12208250049,3101.8956712500276,0.8665754382432025
./models/07_hype_5_32_0_src/data.f90,calculate_path,SUBROUTINE,9886,9,False,27,98,2739.4467006403866,32.8,89853.85178100468,4991.88065450026,0.9131489002134622
./models/07_hype_5_32_0_src/data.f90,close_observations,SUBROUTINE,1384,3,False,24,53,1682.7618620854455,18.78333333333333,31607.876976171614,1755.9931653428675,0.5609206206951485
./models/07_hype_5_32_0_src/data.f90,reset_observations,SUBROUTINE,1276,1,False,22,59,2153.5553545422677,25.159420289855074,54182.204282396764,3010.1224601331537,0.7178517848474225
./models/07_hype_5_32_0_src/data.f90,read_one_year_monthly_leakage,SUBROUTINE,9074,3,False,21,64,2198.4210910952315,44.88709677419355,98680.74026641983,5482.263348134435,0.7328070303650772
./models/07_hype_5_32_0_src/data.f90,load_netcdf_observations,SUBROUTINE,361,2,False,18,44,1502.6877144822058,18.58064516129032,27920.90721102421,1551.1615117235672,0.500895904827402
./models/07_hype_5_32_0_src/data.f90,set_model_base_configuration,SUBROUTINE,3217,3,False,18,83,2782.6330166653966,27.47368421052632,76449.18077364932,4247.176709647185,0.9275443388884655
./models/07_hype_5_32_0_src/data.f90,start_lakedata_table,SUBROUTINE,5505,7,False,18,58,1725.8445652308,24.734693877551017,42688.237001218964,2371.5687222899423,0.5752815217436
./models/07_hype_5_32_0_src/data.f90,read_seasonal_leakage,SUBROUTINE,8933,3,False,18,71,2155.21012956553,37.58064516129033,80994.18712722075,4499.677062623375,0.7184033765218434
./models/07_hype_5_32_0_src/data.f90,calculate_special_optpar_parameters,SUBROUTINE,14650,3,False,18,83,2522.824553599084,35.0472972972973,88418.18215890844,4912.121231050469,0.8409415178663614
./models/07_hype_5_32_0_src/data.f90,load_ascii_forcing,SUBROUTINE,185,2,False,17,37,1314.8919737100732,16.789473684210527,22076.344190184915,1226.4635661213842,0.4382973245700244
./models/07_hype_5_32_0_src/data.f90,count_classdata,SUBROUTINE,2793,3,False,17,85,2446.586172721409,45.559322033898304,111464.80732669742,6192.489295927635,0.8155287242404697
./models/07_hype_5_32_0_src/data.f90,get_hyss_arguments,SUBROUTINE,10845,2,False,17,90,1922.1173299559882,41.3,79383.4457271823,4410.1914292879055,0.6407057766519961
./models/07_hype_5_32_0_src/data.f90,load_submodel_information,SUBROUTINE,13251,4,False,16,80,1960.8363506257922,33.17647058823529,65053.62951487921,3614.090528604401,0.6536121168752641
./models/07_hype_5_32_0_src/data.f90,check_outputfiles_for_illegal_input,SUBROUTINE,13912,5,False,14,34,1296.8772763738014,34.88333333333333,45239.40232417277,2513.3001291207092,0.4322924254579338
./models/07_hype_5_32_0_src/data.f90,load_one_forcing_variabel,SUBROUTINE,252,0,False,12,55,1757.910174721925,24.915254237288135,43798.778929512366,2433.2654960840205,0.5859700582406416
./models/07_hype_5_32_0_src/data.f90,set_outvar_output,SUBROUTINE,13154,4,False,12,35,1123.1273817651702,20.73076923076923,23283.294568131798,1293.516364896211,0.3743757939217234
./models/07_hype_5_32_0_src/data.f90,get_current_classobs,FUNCTION,1797,2,False,11,39,1416.0,39.77272727272727,56318.181818181816,3128.7878787878785,0.472
./models/07_hype_5_32_0_src/data.f90,load_geoclass,SUBROUTINE,3125,1,False,11,56,2111.7665506393296,28.323076923076922,59811.72645733855,3322.8736920743636,0.7039221835464432
./models/07_hype_5_32_0_src/data.f90,set_model_configuration,SUBROUTINE,3334,2,False,10,28,790.4530227297214,12.833333333333334,10144.147125031424,563.5637291684125,0.26348434090990713
./models/07_hype_5_32_0_src/data.f90,load_otest,SUBROUTINE,13960,2,False,10,54,1783.4565609552742,28.646153846153844,51089.171023057235,2838.2872790587353,0.5944855203184247
./models/07_hype_5_32_0_src/data.f90,calculate_special_partxt_parameters,SUBROUTINE,14757,2,False,10,49,1496.2046006807714,22.578125,33781.49449974554,1876.7496944303077,0.4987348668935905
./models/07_hype_5_32_0_src/data.f90,get_current_otherobs,FUNCTION,1691,1,False,9,32,978.2828261863045,26.775000000000002,26193.522671138307,1455.1957039521283,0.32609427539543484
./models/07_hype_5_32_0_src/data.f90,get_current_oregobs,FUNCTION,1744,1,False,9,32,989.9987881765596,27.0,26729.96728076711,1484.9981822648394,0.3299995960588532
./models/07_hype_5_32_0_src/data.f90,count_number_of_output,FUNCTION,13042,2,False,9,26,705.0659577211637,24.444444444444443,17234.945633184,957.4969796213334,0.2350219859070546
./models/07_hype_5_32_0_src/data.f90,check_output_variables,SUBROUTINE,13078,2,False,8,33,765.709074034584,21.29310344827586,16304.322524701916,905.7956958167731,0.255236358011528
./models/07_hype_5_32_0_src/data.f90,load_observations,SUBROUTINE,149,0,False,7,21,614.0075190728994,17.72222222222222,10881.577699125273,604.5320943958485,0.2046691730242998
./models/07_hype_5_32_0_src/data.f90,get_current_flow,FUNCTION,1572,0,False,7,31,813.3647045479743,22.27027027027027,18113.851798581913,1006.3250999212173,0.2711215681826581
./models/07_hype_5_32_0_src/data.f90,set_update_nutrientcorr,SUBROUTINE,2164,2,False,7,24,664.5142246558906,14.882352941176471,9889.535225761196,549.4186236533998,0.22150474155196354
./models/07_hype_5_32_0_src/data.f90,find_connected_lakebasins,SUBROUTINE,3629,1,False,7,26,594.6882725126073,14.850000000000001,8831.12084681222,490.6178248229011,0.1982294241708691
./models/07_hype_5_32_0_src/data.f90,load_diffuse_sources_file,SUBROUTINE,6598,0,False,7,32,751.2044260237537,19.6875,14789.337137342653,821.6298409634807,0.25040147534125123
./models/07_hype_5_32_0_src/data.f90,read_parameter_ensemble_task,SUBROUTINE,14580,2,False,7,48,1184.7012473942568,20.989795918367346,24866.637407040675,1381.4798559467042,0.3949004157980856
./models/07_hype_5_32_0_src/data.f90,initiate_output_routines,SUBROUTINE,14831,1,False,6,21,410.0,8.666666666666666,3553.333333333333,197.4074074074074,0.13666666666666666
./models/07_hype_5_32_0_src/data.f90,set_outvar_test_information,SUBROUTINE,14866,2,False,6,15,351.74793803746815,8.695652173913043,3058.67772206494,169.9265401147189,0.11724931267915605
./models/07_hype_5_32_0_src/data.f90,count_ensemble_simulations,SUBROUTINE,14892,1,False,6,45,1063.2403072095333,23.785714285714285,25289.93016434104,1404.996120241169,0.3544134357365111
./models/07_hype_5_32_0_src/data.f90,save_xoreginformation,SUBROUTINE,1247,3,False,5,18,383.78049861507816,10.857142857142858,4166.75969924942,231.48664995830111,0.1279268328716927
./models/07_hype_5_32_0_src/data.f90,get_current_wst,FUNCTION,1620,0,False,5,24,560.1690158256268,16.70967741935484,9360.243554763701,520.0135308202057,0.18672300527520894
./models/07_hype_5_32_0_src/data.f90,read_simulation_perf_and_par,SUBROUTINE,15047,1,False,5,38,977.6704662220914,29.09375,28444.10012664897,1580.2277848138317,0.32589015540736377
./models/07_hype_5_32_0_src/data.f90,reload_diffuse_sources,SUBROUTINE,6650,0,False,4,30,794.1395478760094,15.846153846153847,12584.057450958302,699.1143028310167,0.26471318262533644
./models/07_hype_5_32_0_src/data.f90,find_seasonal_division_of_leakage,SUBROUTINE,8875,0,False,4,33,826.5637591304583,16.833333333333336,13913.823278696049,772.9901821497805,0.27552125304348607
./models/07_hype_5_32_0_src/data.f90,load_forcing_information_data,SUBROUTINE,9378,1,False,4,17,429.1037751197119,9.571428571428571,4107.136133288671,228.17422962714838,0.14303459170657062
./models/07_hype_5_32_0_src/data.f90,set_yesno_variable_from_line,SUBROUTINE,13009,0,False,4,21,600.32061526754,15.12,9076.847702845205,504.2693168247336,0.20010687175584668
./models/07_hype_5_32_0_src/data.f90,set_outvar_crit,SUBROUTINE,13216,1,False,4,18,510.28221996984814,14.26086956521739,7277.068180439574,404.2815655799763,0.17009407332328272
./models/07_hype_5_32_0_src/data.f90,count_parfile_simulations,SUBROUTINE,14961,1,False,4,24,496.82780857305136,17.08,8485.818970427716,471.4343872459842,0.16560926952435046
./models/07_hype_5_32_0_src/data.f90,get_forcing_index,FUNCTION,338,1,False,3,13,247.25415011250035,6.6499999999999995,1644.2400982481272,91.34667212489596,0.08241805003750012
./models/07_hype_5_32_0_src/data.f90,get_one_current_forcing_data,SUBROUTINE,1535,0,False,3,23,541.1127524664265,8.75,4734.736584081232,263.0409213378462,0.18037091748880885
./models/07_hype_5_32_0_src/data.f90,get_current_wst_from_xobs,FUNCTION,1662,1,False,3,14,283.6339404013986,6.681818181818182,1895.1904199547996,105.28835666415553,0.0945446468004662
./models/07_hype_5_32_0_src/data.f90,get_subid_index,FUNCTION,10541,1,False,3,13,200.67442283867837,7.466666666666667,1498.3690238621318,83.24272354789622,0.06689147427955945
./models/07_hype_5_32_0_src/data.f90,set_outvar,SUBROUTINE,13127,1,False,3,12,286.62087871252675,7.477272727272727,2143.1424794641202,119.06347108134001,0.09554029290417558
./models/07_hype_5_32_0_src/data.f90,load_ensemble_simulations,SUBROUTINE,14999,1,False,3,28,846.5784284662086,23.785714285714285,20136.472619946246,1118.692923330347,0.2821928094887362
./models/07_hype_5_32_0_src/data.f90,finish_atmdep_file_deposition,SUBROUTINE,7349,0,False,2,12,235.5603911808226,7.0,1648.9227382657582,91.60681879254213,0.07852013039360753
./models/07_hype_5_32_0_src/data.f90,read_first_monthly_leakage,SUBROUTINE,9031,0,False,2,23,619.9308375800483,11.578947368421053,7178.146540400559,398.7859189111422,0.20664361252668279
./models/07_hype_5_32_0_src/data.f90,initiate_model_parameters,SUBROUTINE,3388,0,False,1,10,148.67746297052548,2.90625,432.09387675808966,24.005215375449424,0.04955915432350849
./models/07_hype_5_32_0_src/general_func.f90,moisturefactor,FUNCTION,66,0,False,4,24,605.3272943230144,27.3,16525.43513501829,918.0797297232384,0.20177576477433812
./models/07_hype_5_32_0_src/general_func.f90,tempfactor,FUNCTION,35,0,False,3,8,185.8429080801566,9.666666666666666,1796.481444774847,99.80452470971372,0.06194763602671887
./models/07_hype_5_32_0_src/general_func.f90,exponential_moisturefactor,FUNCTION,102,0,False,3,14,285.50063248061946,16.875,4817.823173110453,267.65684295058077,0.09516687749353982
./models/07_hype_5_32_0_src/general_func.f90,sigmoid_response,FUNCTION,253,0,False,3,20,504.7722668160484,27.0,13628.851204033306,757.1584002240726,0.16825742227201612
./models/07_hype_5_32_0_src/general_func.f90,linear_response,FUNCTION,289,0,False,3,18,371.50849518197793,22.0,8173.186894003515,454.0659385557508,0.12383616506065931
./models/07_hype_5_32_0_src/general_func.f90,halfsatconcfactor,FUNCTION,51,0,False,2,8,144.5549520375152,9.333333333333334,1349.1795523501419,74.95441957500788,0.04818498401250507
./models/07_hype_5_32_0_src/general_func.f90,simple_rating_curve,FUNCTION,132,0,False,2,13,220.4183328392555,15.545454545454545,3426.5031741375174,190.3612874520843,0.07347277761308517
./models/07_hype_5_32_0_src/general_func.f90,exponential_decay,FUNCTION,156,0,False,2,12,204.32967235008786,11.392857142857144,2327.8987671313585,129.32770928507546,0.06810989078336262
./models/07_hype_5_32_0_src/general_func.f90,sedimentation,SUBROUTINE,196,0,False,2,11,254.18760226232595,13.142857142857142,3340.751344019141,185.59729688995228,0.08472920075410866
./models/07_hype_5_32_0_src/general_func.f90,plant_growth,FUNCTION,221,0,False,2,11,303.0699021717345,15.384615384615385,4662.613879565146,259.03410442028587,0.1010233007239115
./models/07_hype_5_32_0_src/general_wc.f90,calculate_water_fractions,SUBROUTINE,317,2,False,13,48,1220.0,30.717391304347828,37475.21739130435,2081.9565217391305,0.4066666666666667
./models/07_hype_5_32_0_src/general_wc.f90,remove_water_of_set_concentration,SUBROUTINE,141,1,False,7,27,675.9488119940328,25.714285714285715,17381.540879846558,965.6411599914754,0.2253162706646776
./models/07_hype_5_32_0_src/general_wc.f90,remove_water,SUBROUTINE,191,0,False,3,16,306.49450852513183,12.09375,3706.667962475813,205.92599791532294,0.10216483617504395
./models/07_hype_5_32_0_src/general_wc.f90,inflow_lowest_soillayer,SUBROUTINE,277,1,False,3,29,907.9909414845216,29.565217391304344,26844.949574324983,1491.386087462499,0.30266364716150723
./models/07_hype_5_32_0_src/general_wc.f90,retention_pool,SUBROUTINE,37,0,False,2,13,195.40466561840492,6.428571428571429,1256.1728504040316,69.78738057800176,0.0651348885394683
./models/07_hype_5_32_0_src/general_wc.f90,new_concentration,SUBROUTINE,73,0,False,2,10,150.11730005192322,8.272727272727273,1241.8794822477287,68.99330456931825,0.05003910001730774
./models/07_hype_5_32_0_src/general_wc.f90,add_water,SUBROUTINE,217,0,False,2,16,307.19248754831744,15.0,4607.887313224762,255.9937396235979,0.10239749584943915
./models/07_hype_5_32_0_src/general_wc.f90,add_source_to_water,SUBROUTINE,260,0,False,2,9,185.8429080801566,11.0,2044.2719888817226,113.57066604898459,0.06194763602671887
./models/07_hype_5_32_0_src/general_wc.f90,production_pool,SUBROUTINE,60,0,False,1,6,99.91187238980949,3.5999999999999996,359.68274060331413,19.982374477961898,0.03330395746326983
./models/07_hype_5_32_0_src/general_wc.f90,error_remove_water,SUBROUTINE,242,0,False,1,11,207.45254855459342,7.5,1555.8941141594507,86.43856189774726,0.0691508495181978
./models/07_hype_5_32_0_src/glacier_soilmodel.f90,soilmodel_3,SUBROUTINE,112,0,False,42,242,14248.192203687993,61.53170731707317,876715.5924747334,48706.421804151854,4.749397401229331
./models/07_hype_5_32_0_src/glacier_soilmodel.f90,get_glacier_parameters,SUBROUTINE,476,4,False,20,58,1690.9917521498726,26.6875,45128.34238549972,2507.1301325277623,0.5636639173832909
./models/07_hype_5_32_0_src/glacier_soilmodel.f90,initiate_glacier,SUBROUTINE,550,4,False,12,29,665.8600237553159,15.5625,10362.446619692104,575.6914788717836,0.22195334125177196
./models/07_hype_5_32_0_src/glacier_soilmodel.f90,initiate_glacier_state,SUBROUTINE,593,2,False,9,31,1270.6508986621577,29.952380952380953,38059.01977421415,2114.3899874563417,0.42355029955405255
./models/07_hype_5_32_0_src/glacier_soilmodel.f90,calculate_glacier_area,FUNCTION,641,0,False,5,17,403.21242259558846,15.0,6048.186338933827,336.0103521629904,0.13440414086519614
./models/07_hype_5_32_0_src/glacier_soilmodel.f90,calculate_glacier_massbalance,SUBROUTINE,669,0,False,4,26,620.3910001730775,17.380000000000003,10782.395583008089,599.0219768337827,0.2067970000576925
./models/07_hype_5_32_0_src/hypetypes.f90,set_stateinfo,SUBROUTINE,224,11,False,104,785,43590.514355471016,137.38378378378377,5988629.799235952,332701.6555131085,14.530171451823671
./models/07_hype_5_32_0_src/hypetypes.f90,set_soilstate_variables_from_array,SUBROUTINE,2718,49,False,85,180,6234.291179091466,60.631147540983605,377992.2282929473,20999.56823849707,2.0780970596971553
./models/07_hype_5_32_0_src/hypetypes.f90,set_soilstate_variables_to_array,SUBROUTINE,2538,49,False,79,171,5485.4549621867955,53.578947368421055,293904.9027108504,16328.050150602801,1.8284849873955984
./models/07_hype_5_32_0_src/hypetypes.f90,set_frozenstate_variables_from_array,SUBROUTINE,2310,46,False,75,168,5929.851927407057,60.34166666666667,357817.1483862875,19878.73046590486,1.9766173091356856
./models/07_hype_5_32_0_src/hypetypes.f90,set_frozenstate_variables_to_array,SUBROUTINE,2136,46,False,74,165,5749.267469894378,50.805084745762706,292092.0210340406,16227.334501891144,1.9164224899647928
./models/07_hype_5_32_0_src/hypetypes.f90,set_riverstate_variables_from_array,SUBROUTINE,3473,37,False,66,152,5360.721806534596,56.0,300200.4211659374,16677.80117588541,1.7869072688448653
./models/07_hype_5_32_0_src/hypetypes.f90,set_miscstate_variables_from_array,SUBROUTINE,4111,29,False,64,143,4876.749465767213,55.385964912280706,270103.47479696653,15005.748599831473,1.6255831552557378
./models/07_hype_5_32_0_src/hypetypes.f90,set_riverstate_variables_to_array,SUBROUTINE,3327,37,False,60,137,4532.363627074951,43.525423728813564,197273.0473614996,10959.613742305533,1.5107878756916504
./models/07_hype_5_32_0_src/hypetypes.f90,set_miscstate_variables_to_array,SUBROUTINE,3975,29,False,56,127,4077.1430094202638,39.51851851851852,161122.651520423,8951.258417801278,1.3590476698067546
./models/07_hype_5_32_0_src/hypetypes.f90,set_lakestate_variables_from_array,SUBROUTINE,3797,28,False,51,119,4304.822983653277,54.910714285714285,236380.90490596122,13132.272494775623,1.4349409945510925
./models/07_hype_5_32_0_src/hypetypes.f90,set_lakestate_variables_to_array,SUBROUTINE,3678,28,False,47,110,3648.0,41.53846153846154,151532.3076923077,8418.461538461539,1.216
./models/07_hype_5_32_0_src/hypetypes.f90,set_reset_soilstate_variables_to_array,SUBROUTINE,2945,24,False,40,94,2746.8788781332464,38.04545454545455,104506.2554998876,5805.903083327089,0.9156262927110821
./models/07_hype_5_32_0_src/hypetypes.f90,set_reset_soilstate_variables_from_array,SUBROUTINE,3048,24,False,38,92,2676.7695473619174,34.375,92013.95319056591,5111.886288364773,0.8922565157873058
./models/07_hype_5_32_0_src/hypetypes.f90,allocate_frozenstate_variables,SUBROUTINE,1151,0,False,28,42,1701.257082766908,13.579545454545453,23102.297885300624,1283.4609936278125,0.567085694255636
./models/07_hype_5_32_0_src/hypetypes.f90,allocate_soilstate_variables,SUBROUTINE,1321,0,False,28,50,1699.704188613357,13.80952380952381,23472.1054618035,1304.0058589890834,0.566568062871119
./models/07_hype_5_32_0_src/hypetypes.f90,allocate_miscstate_variables,SUBROUTINE,1891,0,False,27,51,1515.7514545869903,12.375,18757.424250514006,1042.0791250285558,0.5052504848623302
./models/07_hype_5_32_0_src/hypetypes.f90,deallocate_frozenstate_variables,SUBROUTINE,1200,0,False,24,26,875.0436086950583,4.625,4047.0766902146447,224.8375939008136,0.29168120289835275
./models/07_hype_5_32_0_src/hypetypes.f90,allocate_riverstate_variables,SUBROUTINE,1584,0,False,23,45,1563.7895002019236,15.42857142857143,24127.038003115395,1340.3910001730774,0.5212631667339745
./models/07_hype_5_32_0_src/hypetypes.f90,deallocate_soilstate_variables,SUBROUTINE,1378,0,False,19,21,665.5433963324773,4.37037037037037,2908.6711395271227,161.59284108484016,0.22184779877749244
./models/07_hype_5_32_0_src/hypetypes.f90,allocate_lakestate_variables,SUBROUTINE,1746,0,False,19,35,1247.2922179402142,13.511627906976745,16852.94834007592,936.2749077819956,0.41576407264673804
./models/07_hype_5_32_0_src/hypetypes.f90,set_aquiferstate_variables_from_array,SUBROUTINE,3224,9,False,18,50,1566.3940561730938,34.220588235294116,53602.926010511605,2977.9403339173114,0.5221313520576979
./models/07_hype_5_32_0_src/hypetypes.f90,set_aquiferstate_variables_to_array,SUBROUTINE,3168,9,False,17,47,1421.6813657319497,28.703125,40806.69795077487,2267.038775043048,0.47389378857731657
./models/07_hype_5_32_0_src/hypetypes.f90,deallocate_riverstate_variables,SUBROUTINE,1636,0,False,16,18,545.2510073043667,4.166666666666667,2271.879197101528,126.21551095008489,0.18175033576812222
./models/07_hype_5_32_0_src/hypetypes.f90,deallocate_miscstate_variables,SUBROUTINE,1950,0,False,16,18,545.2510073043667,4.166666666666667,2271.879197101528,126.21551095008489,0.18175033576812222
./models/07_hype_5_32_0_src/hypetypes.f90,deallocate_lakestate_variables,SUBROUTINE,1792,0,False,14,16,467.6661750735579,4.0,1870.6647002942316,103.92581668301287,0.1558887250245193
./models/07_hype_5_32_0_src/hypetypes.f90,initiate_miscstate_submodel,SUBROUTINE,1976,0,False,12,45,1080.967460490185,8.653846153846153,9354.526100395831,519.6958944664351,0.3603224868300617
./models/07_hype_5_32_0_src/hypetypes.f90,initiate_miscstate_zero,SUBROUTINE,2028,0,False,12,49,941.9812727950632,8.142857142857142,7670.418935616943,426.13438531205236,0.3139937575983544
./models/07_hype_5_32_0_src/hypetypes.f90,get_miscstate_variables_arraysize,SUBROUTINE,3925,0,False,12,41,1037.8424196150693,15.296296296296296,15875.14515929717,881.9525088498427,0.3459474732050231
./models/07_hype_5_32_0_src/hypetypes.f90,initiate_soilstate_submodel,SUBROUTINE,1407,0,False,10,41,1054.8334302021606,11.212121212121211,11826.920278024223,657.0511265569013,0.3516111434007202
./models/07_hype_5_32_0_src/hypetypes.f90,initiate_soilstate_zero,SUBROUTINE,1454,0,False,10,38,759.133886507855,7.916666666666666,6009.809934853852,333.87832971410285,0.25304462883595163
./models/07_hype_5_32_0_src/hypetypes.f90,allocate_aquiferstate_variables,SUBROUTINE,1500,0,False,9,15,427.2347694592746,8.625,3684.8998865862436,204.7166603659024,0.1424115898197582
./models/07_hype_5_32_0_src/hypetypes.f90,get_soilstate_variables_arraysize,SUBROUTINE,2487,0,False,9,42,1205.6101945266703,18.846153846153847,22721.115204541093,1262.2841780300607,0.40187006484222343
./models/07_hype_5_32_0_src/hypetypes.f90,initiate_riverstate_submodel,SUBROUTINE,1662,0,False,8,37,1010.5009697246602,10.384615384615385,10493.663916371472,582.981328687304,0.33683365657488673
./models/07_hype_5_32_0_src/hypetypes.f90,get_riverstate_variables_arraysize,SUBROUTINE,3283,0,False,8,35,1162.7884881496948,17.677419354838708,20555.099726001055,1141.9499847778363,0.38759616271656494
./models/07_hype_5_32_0_src/hypetypes.f90,deallocate_aquiferstate_variables,SUBROUTINE,1522,0,False,7,9,216.63553058626798,3.066666666666667,664.3489604645551,36.90827558136417,0.072211843528756
./models/07_hype_5_32_0_src/hypetypes.f90,initiate_riverstate_zero,SUBROUTINE,1706,0,False,7,28,594.9968299656161,7.166666666666667,4264.143948086916,236.89688600482864,0.1983322766552054
./models/07_hype_5_32_0_src/hypetypes.f90,initiate_lakestate_submodel,SUBROUTINE,1816,0,False,6,31,862.7707876446017,10.083333333333334,8699.605442083068,483.31141344905933,0.2875902625482006
./models/07_hype_5_32_0_src/hypetypes.f90,initiate_lakestate_zero,SUBROUTINE,1854,0,False,6,28,618.3920596068831,7.090909090909092,4384.961877212444,243.60899317846912,0.2061306865356277
./models/07_hype_5_32_0_src/hypetypes.f90,get_reset_soilstate_variables_arraysize,SUBROUTINE,2907,0,False,6,29,738.1752502476444,13.270833333333332,9796.200716828112,544.2333731571174,0.2460584167492148
./models/07_hype_5_32_0_src/hypetypes.f90,get_lakestate_variables_arraysize,SUBROUTINE,3635,0,False,6,34,936.0931627900624,17.53846153846154,16417.633932010325,912.0907740005737,0.31203105426335415
./models/07_hype_5_32_0_src/hypetypes.f90,initiate_frozenstate_submodel,SUBROUTINE,1234,0,False,5,37,1099.1888292553456,9.817073170731707,10790.817165250648,599.4898425139249,0.3663962764184485
./models/07_hype_5_32_0_src/hypetypes.f90,initiate_frozenstate_zero,SUBROUTINE,1277,0,False,5,36,770.529595167698,6.842105263157895,5272.044598515828,292.8913665842126,0.25684319838923264
./models/07_hype_5_32_0_src/hypetypes.f90,get_frozenstate_variables_arraysize,SUBROUTINE,2088,0,False,5,39,1144.419347699368,21.291666666666664,24366.59527809904,1353.699737672169,0.38147311589978933
./models/07_hype_5_32_0_src/hypetypes.f90,set_reset_miscstate_variables_to_array,SUBROUTINE,4285,2,False,5,24,586.6796462937097,14.827586206896552,8699.043031251556,483.28016840286426,0.1955598820979032
./models/07_hype_5_32_0_src/hypetypes.f90,set_reset_miscstate_variables_from_array,SUBROUTINE,4318,2,False,5,24,586.6796462937097,14.827586206896552,8699.043031251556,483.28016840286426,0.1955598820979032
./models/07_hype_5_32_0_src/hypetypes.f90,initiate_aquiferstate_submodel,SUBROUTINE,1539,0,False,3,16,325.5323375512021,7.105263157894736,2312.9929247059094,128.4996069281061,0.10851077918373403
./models/07_hype_5_32_0_src/hypetypes.f90,initiate_aquiferstate_zero,SUBROUTINE,1561,0,False,3,15,266.89015540736375,5.833333333333334,1556.8592398762887,86.49217999312715,0.08896338513578791
./models/07_hype_5_32_0_src/hypetypes.f90,get_aquiferstate_variables_arraysize,SUBROUTINE,3149,0,False,2,11,214.05271769459029,8.166666666666668,1748.0971945058209,97.11651080587893,0.07135090589819676
./models/07_hype_5_32_0_src/hypetypes.f90,get_reset_miscstate_variables_arraysize,SUBROUTINE,4264,0,False,2,12,221.65453584679364,6.88235294117647,1525.5047467102854,84.75026370612697,0.07388484528226455
./models/07_hype_5_32_0_src/hypetypes.f90,allocate_model_states,SUBROUTINE,1044,0,False,1,17,970.6361031447038,2.7719298245614037,2690.5351631028634,149.47417572793685,0.3235453677149013
./models/07_hype_5_32_0_src/hypetypes.f90,deallocate_model_states,SUBROUTINE,1070,0,False,1,14,273.9875151967087,2.260869565217391,619.4500343577762,34.41389079765423,0.09132917173223624
./models/07_hype_5_32_0_src/hypetypes.f90,initiate_modelstate_submodel,SUBROUTINE,1092,0,False,1,24,814.3479047019488,3.717948717948718,3027.7037482508354,168.20576379171308,0.2714493015673163
./models/07_hype_5_32_0_src/hypetypes.f90,initiate_state_zero,SUBROUTINE,1126,0,False,1,16,729.9122797349771,3.8804347826086953,2832.376998536813,157.35427769648962,0.2433040932449924
./models/07_hype_5_32_0_src/hypevar.f90,set_Qvariables_for_bankfulflow,SUBROUTINE,1351,3,False,10,30,751.6147237844095,20.4375,15361.12591734387,853.3958842968817,0.25053824126146984
./models/07_hype_5_32_0_src/hype_indata.f90,load_slc_output_for_routing_network,SUBROUTINE,1391,10,False,55,159,5151.999070680215,62.55494505494506,322283.0187895288,17904.612154973824,1.7173330235600714
./models/07_hype_5_32_0_src/hype_indata.f90,load_xoms_files,SUBROUTINE,959,5,False,34,104,3667.896999426266,49.75,182477.87572145674,10137.659762303152,1.2226323331420887
./models/07_hype_5_32_0_src/hype_indata.f90,get_current_xoms,SUBROUTINE,1131,4,False,13,39,1179.864471130071,29.791666666666668,35150.12903575003,1952.7849464305573,0.393288157043357
./models/07_hype_5_32_0_src/hype_indata.f90,load_regression_parameters,SUBROUTINE,1281,3,False,12,55,1725.382777267359,27.405172413793103,47284.41249080116,2626.9118050445086,0.575127592422453
./models/07_hype_5_32_0_src/hype_indata.f90,get_slc_output_for_routing_network,SUBROUTINE,1613,3,False,11,34,1105.4886477306973,25.855263157894736,28582.69990514237,1587.9277725079094,0.3684962159102324
./models/07_hype_5_32_0_src/hype_indata.f90,load_data_for_regression_parameter_estimate,SUBROUTINE,1185,2,False,10,74,2092.047973224971,37.95744680851064,79408.79966453933,4411.599981363296,0.6973493244083236
./models/07_hype_5_32_0_src/hype_indata.f90,load_modeldefined_input,SUBROUTINE,876,0,False,7,20,575.0609296068637,12.51923076923077,7199.320484116698,399.96224911759435,0.19168697653562125
./models/07_hype_5_32_0_src/hype_indata.f90,deallocate_regest_input_variables,SUBROUTINE,1354,0,False,7,8,125.47368752524046,2.8,351.3263250706733,19.51812917059296,0.04182456250841349
./models/07_hype_5_32_0_src/hype_indata.f90,reload_xoms_files,SUBROUTINE,1088,2,False,5,15,434.2737001211542,16.391304347826086,7118.312388942397,395.4617993856887,0.14475790004038475
./models/07_hype_5_32_0_src/hype_indata.f90,reload_modeldefined_observations,SUBROUTINE,904,0,False,4,9,183.39850002884623,5.970588235294118,1094.9969266428172,60.83316259126762,0.06113283334294874
./models/07_hype_5_32_0_src/hype_indata.f90,close_xoms_files,SUBROUTINE,1113,2,False,4,10,158.45715005480787,7.0,1109.200050383655,61.622225021314165,0.05281905001826929
./models/07_hype_5_32_0_src/hype_indata.f90,get_regest_parameter,SUBROUTINE,1368,1,False,4,14,377.83057586185595,10.909090909090908,4121.788100311155,228.98822779506418,0.1259435252872853
./models/07_hype_5_32_0_src/hype_indata.f90,model_version_information,SUBROUTINE,129,0,False,2,19,284.26767504471167,9.6,2728.969680429232,151.6094266905129,0.09475589168157056
./models/07_hype_5_32_0_src/hype_indata.f90,close_modeldefined_observations,SUBROUTINE,921,0,False,2,4,43.18506523353571,2.142857142857143,92.53942550043367,5.141079194468537,0.014395021744511903
./models/07_hype_5_32_0_src/hype_indata.f90,open_modeldefined_outputfiles,SUBROUTINE,931,0,False,2,7,164.99896988958,4.705882352941177,776.4657406568471,43.13698559204706,0.05499965662986
./models/07_hype_5_32_0_src/hype_indata.f90,close_modeldefined_outputfiles,SUBROUTINE,946,0,False,2,5,72.33974351909448,2.1818181818181817,157.83216767802432,8.76845375989024,0.024113247839698163
./models/07_hype_5_32_0_src/hype_indata.f90,define_output_variables,SUBROUTINE,157,0,False,1,619,52797.83731171198,21.256281407035175,1122285.6875806113,62349.20486558952,17.599279103903992
./models/07_hype_5_32_0_src/hype_tests.f90,check_observations,SUBROUTINE,993,5,False,84,383,13548.143642620631,84.3125,1142277.860868452,63459.88115935844,4.516047880873543
./models/07_hype_5_32_0_src/hype_tests.f90,check_siltation,SUBROUTINE,5466,3,False,37,97,4192.429583590357,66.37037037037037,278253.1042145896,15458.50578969942,1.3974765278634522
./models/07_hype_5_32_0_src/hype_tests.f90,check_nutrient_sources,SUBROUTINE,4675,5,False,34,149,5304.081082079179,41.216981132075475,218618.209883056,12145.456104614223,1.7680270273597265
./models/07_hype_5_32_0_src/hype_tests.f90,check_soil_leakage_as_input,SUBROUTINE,5282,10,False,33,93,2653.6653907927903,42.15909090909091,111876.1204527415,6215.340025152305,0.8845551302642635
./models/07_hype_5_32_0_src/hype_tests.f90,check_info_generic,SUBROUTINE,1681,4,False,30,97,3548.7019201695857,33.75,119768.68980572352,6653.816100317974,1.1829006400565285
./models/07_hype_5_32_0_src/hype_tests.f90,check_geodata_generic,SUBROUTINE,1805,5,False,30,116,3906.534955599872,35.794871794871796,139833.9178978826,7768.550994326812,1.3021783185332907
./models/07_hype_5_32_0_src/hype_tests.f90,check_lakedata_generic,SUBROUTINE,2304,6,False,29,72,2388.4330626002643,43.41176470588235,103686.09412935264,5760.338562741814,0.7961443542000881
./models/07_hype_5_32_0_src/hype_tests.f90,real_check_tolerance,FUNCTION,6127,0,False,27,162,3294.739950770195,39.110169491525426,128857.83790512246,7158.7687725068035,1.0982466502567316
./models/07_hype_5_32_0_src/hype_tests.f90,check_generic,SUBROUTINE,2493,6,False,25,127,4658.182231329573,47.90425531914894,223146.75093273478,12397.041718485265,1.5527274104431912
./models/07_hype_5_32_0_src/hype_tests.f90,check_rating_curves,SUBROUTINE,4077,2,False,25,69,1888.8204558259738,28.125,53123.07532010551,2951.281962228084,0.629606818608658
./models/07_hype_5_32_0_src/hype_tests.f90,valid_petmodel_options,FUNCTION,2793,0,False,21,141,4582.05821755058,43.917910447761194,201234.42246481465,11179.690136934147,1.5273527391835267
./models/07_hype_5_32_0_src/hype_tests.f90,check_geoclass_generic,SUBROUTINE,1964,2,False,20,82,2724.096395861403,40.189655172413794,109480.494806085,6082.249711449167,0.908032131953801
./models/07_hype_5_32_0_src/hype_tests.f90,check_regvol,SUBROUTINE,4186,1,False,19,64,2063.649903183865,28.777777777777775,59387.25832495788,3299.292129164327,0.6878833010612883
./models/07_hype_5_32_0_src/hype_tests.f90,check_atmospheric_deposition,SUBROUTINE,3008,2,False,18,56,1644.106412956768,18.12962962962963,29807.04033860511,1655.9466854780617,0.5480354709855894
./models/07_hype_5_32_0_src/hype_tests.f90,check_nutrient_soil,SUBROUTINE,5162,0,False,17,89,2618.2957884062475,26.169354838709676,68519.1115595022,3806.617308861233,0.8727652628020826
./models/07_hype_5_32_0_src/hype_tests.f90,check_river_wetlands,SUBROUTINE,4335,1,False,16,39,1577.862022252522,22.799999999999997,35975.2541073575,1998.6252281865277,0.5259540074175073
./models/07_hype_5_32_0_src/hype_tests.f90,valid_lakeriverice_options,FUNCTION,3808,0,False,15,76,2749.0881059151775,35.112903225806456,96528.4646222152,5362.692479011956,0.9163627019717259
./models/07_hype_5_32_0_src/hype_tests.f90,stop_simulation_and_finalize_tests,SUBROUTINE,486,0,False,13,36,512.6840152296381,12.0,6152.208182755658,341.7893434864254,0.1708946717432127
./models/07_hype_5_32_0_src/hype_tests.f90,count_data_negative_in_file,SUBROUTINE,1477,4,False,13,52,1475.4801141919713,37.94318181818182,55984.41024189764,3110.2450134387577,0.4918267047306571
./models/07_hype_5_32_0_src/hype_tests.f90,check_mgmtdata_generic,SUBROUTINE,2077,3,False,13,51,1358.8905444025854,22.866666666666667,31073.29711533912,1726.2942841855065,0.45296351480086183
./models/07_hype_5_32_0_src/hype_tests.f90,setup_for_hype_tests,SUBROUTINE,542,0,False,12,41,976.9595128760462,17.875,17463.151292659328,970.1750718144071,0.32565317095868207
./models/07_hype_5_32_0_src/hype_tests.f90,check_external_tests,SUBROUTINE,746,2,False,12,41,1049.9729501355773,28.0,29399.242603796163,1633.2912557664536,0.3499909833785258
./models/07_hype_5_32_0_src/hype_tests.f90,check_damdata_generic,SUBROUTINE,2399,2,False,12,44,1351.6025624578206,20.959183673469386,28328.48636008534,1573.8047977825188,0.4505341874859402
./models/07_hype_5_32_0_src/hype_tests.f90,check_glaciers,SUBROUTINE,3592,2,False,12,42,1164.7633237736447,19.599999999999998,22829.361145963434,1268.297841442413,0.38825444125788156
./models/07_hype_5_32_0_src/hype_tests.f90,check_valid_river_rating_curve_data,SUBROUTINE,3745,2,False,11,42,1601.6788074940694,31.82608695652174,50975.169003724295,2831.9538335402385,0.5338929358313564
./models/07_hype_5_32_0_src/hype_tests.f90,check_output_ranges,SUBROUTINE,630,2,False,10,31,1053.8927469384769,17.9375,18904.20114820893,1050.2333971227183,0.35129758231282565
./models/07_hype_5_32_0_src/hype_tests.f90,propagate_external_msg,SUBROUTINE,685,1,False,10,43,1179.991021655206,26.342105263157894,31083.447702022662,1726.8582056679256,0.3933303405517353
./models/07_hype_5_32_0_src/hype_tests.f90,count_data_missing_in_file,SUBROUTINE,1548,4,False,10,43,1105.4886477306973,25.460526315789476,28146.32280735394,1563.6846004085521,0.3684962159102324
./models/07_hype_5_32_0_src/hype_tests.f90,check_plant_uptake,FUNCTION,5106,2,False,10,35,1415.8643769142873,15.474576271186441,21909.901290216007,1217.2167383453336,0.47195479230476245
./models/07_hype_5_32_0_src/hype_tests.f90,clear_tests,SUBROUTINE,5903,5,False,10,26,723.7822209046814,12.125,8775.85942846926,487.54774602607006,0.24126074030156044
./models/07_hype_5_32_0_src/hype_tests.f90,print_test_process,SUBROUTINE,5946,2,False,10,32,813.9397132053147,24.375,19839.780509379543,1102.2100282988636,0.2713132377351049
./models/07_hype_5_32_0_src/hype_tests.f90,check_outregion_generic,SUBROUTINE,2245,4,False,9,41,895.3467854565167,13.114285714285714,11741.833557844033,652.3240865468907,0.2984489284855056
./models/07_hype_5_32_0_src/hype_tests.f90,find_petmodels_used,FUNCTION,2713,2,False,9,29,703.2222868014404,27.065217391304348,19032.86406669116,1057.3813370383978,0.23440742893381347
./models/07_hype_5_32_0_src/hype_tests.f90,check_lakes,SUBROUTINE,3927,1,False,9,43,1054.436579122963,16.322222222222223,17210.748163684806,956.152675760267,0.3514788597076543
./models/07_hype_5_32_0_src/hype_tests.f90,check_pointsourcedata,SUBROUTINE,4462,2,False,9,38,897.762450337501,15.695121951219512,14090.49114127273,782.8050634040405,0.29925415011250034
./models/07_hype_5_32_0_src/hype_tests.f90,check_veg_soil_surface,SUBROUTINE,4850,0,False,9,40,927.6163382301655,14.972222222222223,13888.47795294609,771.582108497005,0.30920544607672185
./models/07_hype_5_32_0_src/hype_tests.f90,check_param,SUBROUTINE,5664,0,False,9,41,1056.0,15.692307692307693,16571.076923076926,920.6153846153848,0.352
./models/07_hype_5_32_0_src/hype_tests.f90,valid_surfacerunoff_options,FUNCTION,3219,1,False,8,44,1231.159243476212,22.363636363636363,27533.19762683165,1529.622090379536,0.41038641449207064
./models/07_hype_5_32_0_src/hype_tests.f90,check_snow,SUBROUTINE,3287,0,False,8,43,1298.9854033114723,13.953488372093023,18125.377720625194,1006.9654289236219,0.4329951344371574
./models/07_hype_5_32_0_src/hype_tests.f90,check_rivers,SUBROUTINE,3677,1,False,8,46,1344.8879827874812,15.283018867924529,20553.948416186035,1141.8860231214464,0.4482959942624937
./models/07_hype_5_32_0_src/hype_tests.f90,valid_siltation_model,FUNCTION,5590,1,False,8,32,790.4530227297214,17.769230769230766,14045.742173120432,780.3190096178018,0.26348434090990713
./models/07_hype_5_32_0_src/hype_tests.f90,check_xobs_validity,SUBROUTINE,1610,4,False,7,47,1229.472397316625,24.375,29968.38968459273,1664.9105380329295,0.40982413243887494
./models/07_hype_5_32_0_src/hype_tests.f90,check_aquifers,SUBROUTINE,4562,1,False,7,23,778.1855595557189,17.195121951219512,13380.995597238581,743.3886442910323,0.25939518651857296
./models/07_hype_5_32_0_src/hype_tests.f90,valid_deepgroundwater_options,FUNCTION,4603,0,False,7,38,1207.1517489010967,10.64406779661017,12849.005056099808,713.8336142277672,0.4023839163003656
./models/07_hype_5_32_0_src/hype_tests.f90,check_branchdata_generic,SUBROUTINE,2203,1,False,6,23,560.8010119689911,11.709677419354838,6566.798946604637,364.82216370025765,0.18693367065633038
./models/07_hype_5_32_0_src/hype_tests.f90,valid_dam_purpose,FUNCTION,2465,0,False,6,13,171.8953543301665,2.736842105263158,470.45044342992935,26.136135746107186,0.05729845144338883
./models/07_hype_5_32_0_src/hype_tests.f90,log_petmodels_used,SUBROUTINE,2758,1,False,6,20,471.89403755893693,17.727272727272727,8365.394302181154,464.74412789895297,0.15729801251964565
./models/07_hype_5_32_0_src/hype_tests.f90,valid_infiltration_options,FUNCTION,3172,1,False,6,27,614.3458750793271,10.394736842105264,6385.963701482479,354.77576119347106,0.20478195835977572
./models/07_hype_5_32_0_src/hype_tests.f90,valid_snowmelt_options,FUNCTION,3436,0,False,6,38,965.4870721586182,12.32608695652174,11900.677606824707,661.148755934706,0.3218290240528727
./models/07_hype_5_32_0_src/hype_tests.f90,valid_connectivity_options,FUNCTION,4023,1,False,6,36,1189.170142010897,19.82608695652174,23576.59064160735,1309.8105912004082,0.3963900473369657
./models/07_hype_5_32_0_src/hype_tests.f90,valid_growthstart_options,FUNCTION,4910,0,False,6,27,796.1809431842846,12.325581395348838,9813.393020643509,545.1885011468617,0.2653936477280949
./models/07_hype_5_32_0_src/hype_tests.f90,check_erosion_on,FUNCTION,5018,0,False,6,35,944.2801047851984,20.742857142857144,19587.067316401546,1088.1704064667526,0.3147600349283995
./models/07_hype_5_32_0_src/hype_tests.f90,uncheck_testcase,SUBROUTINE,5993,1,False,6,23,488.84573068667356,24.200000000000003,11830.066682617502,657.2259268120835,0.16294857689555786
./models/07_hype_5_32_0_src/hype_tests.f90,print_extended,SUBROUTINE,6032,0,False,6,17,312.7524354002241,7.04,2201.7771452175775,122.32095251208764,0.1042508118000747
./models/07_hype_5_32_0_src/hype_tests.f90,print_param,SUBROUTINE,6058,0,False,6,20,443.9737863844289,8.516129032258064,3780.938051789975,210.05211398833194,0.14799126212814295
./models/07_hype_5_32_0_src/hype_tests.f90,check_evaporation,SUBROUTINE,2671,1,False,5,25,576.9779642373273,13.129032258064516,7575.162304664265,420.84235025912585,0.1923259880791091
./models/07_hype_5_32_0_src/hype_tests.f90,check_soil_water,SUBROUTINE,3086,0,False,5,29,876.8391126132215,11.2,9820.59806126808,545.58878118156,0.29227970420440713
./models/07_hype_5_32_0_src/hype_tests.f90,valid_snowdensity_options,FUNCTION,3528,0,False,5,21,484.4791630034924,9.793103448275861,4744.5545618273045,263.5863645459614,0.16149305433449745
./models/07_hype_5_32_0_src/hype_tests.f90,valid_sedresusp_model,FUNCTION,5435,0,False,5,22,523.1868677283866,6.75,3531.5113571666093,196.19507539814495,0.17439562257612887
./models/07_hype_5_32_0_src/hype_tests.f90,finalize_hype_tests,SUBROUTINE,601,0,False,4,16,230.70165975890765,16.333333333333336,3768.1271093954924,209.34039496641626,0.07690055325296921
./models/07_hype_5_32_0_src/hype_tests.f90,valid_snowfall_options,FUNCTION,3358,0,False,4,14,230.75303625876498,3.9130434782608696,902.9466636212543,50.16370353451413,0.07691767875292166
./models/07_hype_5_32_0_src/hype_tests.f90,valid_snowfalldistribution_options,FUNCTION,3386,0,False,4,36,1151.312011367203,15.647727272727272,18015.416359689072,1000.8564644271706,0.3837706704557343
./models/07_hype_5_32_0_src/hype_tests.f90,valid_snowevap_options,FUNCTION,3502,0,False,4,13,204.32967235008786,4.0,817.3186894003514,45.40659385557508,0.06810989078336262
./models/07_hype_5_32_0_src/hype_tests.f90,valid_snowheat_options,FUNCTION,3564,0,False,4,13,208.9735285398626,4.125,862.0158052269333,47.88976695705185,0.06965784284662087
./models/07_hype_5_32_0_src/hype_tests.f90,valid_glacierini_options,FUNCTION,3653,0,False,4,12,122.62388523751017,3.076923076923077,377.3042622692621,20.961347903847894,0.04087462841250339
./models/07_hype_5_32_0_src/hype_tests.f90,check_floodplains,SUBROUTINE,4273,0,False,4,16,444.67681638330095,9.516129032258064,4231.601962357218,235.08899790873434,0.1482256054611003
./models/07_hype_5_32_0_src/hype_tests.f90,valid_floodplain_options,FUNCTION,4306,0,False,4,15,274.01923055728344,5.863636363636363,1606.7491246313436,89.26384025729686,0.09133974351909448
./models/07_hype_5_32_0_src/hype_tests.f90,valid_erosion_options,FUNCTION,4968,0,False,4,31,1033.7058542314908,9.50943396226415,9829.957557220214,546.1087531789008,0.3445686180771636
./models/07_hype_5_32_0_src/hype_tests.f90,check_input,SUBROUTINE,5726,0,False,4,29,735.5269895790923,17.333333333333332,12749.1344860376,708.2852492243111,0.24517566319303077
./models/07_hype_5_32_0_src/hype_tests.f90,print_testresult_logical,SUBROUTINE,5842,0,False,4,21,422.59091326949994,13.411764705882353,5667.68989561447,314.87166086747055,0.1408636377565
./models/07_hype_5_32_0_src/hype_tests.f90,int_data_is_within_tolerance,SUBROUTINE,6301,1,False,4,20,430.0,18.299999999999997,7868.999999999999,437.16666666666663,0.14333333333333334
./models/07_hype_5_32_0_src/hype_tests.f90,real_data_is_within_tolerance,SUBROUTINE,6333,1,False,4,20,433.817894264827,17.428571428571427,7560.826157186983,420.0458976214991,0.14460596475494233
./models/07_hype_5_32_0_src/hype_tests.f90,run_hype_observation_tests,SUBROUTINE,798,0,False,3,30,643.9532994813709,13.275862068965516,8549.035182769923,474.9463990427735,0.21465109982712363
./models/07_hype_5_32_0_src/hype_tests.f90,run_hype_tests,SUBROUTINE,844,0,False,3,109,1924.8537046743647,21.863636363636363,42084.30145219861,2338.016747344367,0.6416179015581216
./models/07_hype_5_32_0_src/hype_tests.f90,check_actual_soil_evapotranspiration,FUNCTION,2974,0,False,3,18,392.5512476486815,9.434782608695652,3703.63568433756,205.75753801875334,0.13085041588289384
./models/07_hype_5_32_0_src/hype_tests.f90,valid_frozensoil_options,FUNCTION,3141,0,False,3,16,371.5647232790156,5.769230769230768,2143.6426343020125,119.09125746122292,0.12385490775967187
./models/07_hype_5_32_0_src/hype_tests.f90,valid_swtemperature_options,FUNCTION,3997,0,False,3,13,247.75703075150616,5.086956521739131,1260.3292433880968,70.01829129933871,0.08258567691716873
./models/07_hype_5_32_0_src/hype_tests.f90,check_sediment_sedresusp,SUBROUTINE,5407,0,False,3,13,285.0,6.666666666666667,1900.0,105.55555555555556,0.095
./models/07_hype_5_32_0_src/hype_tests.f90,add_generic_result,SUBROUTINE,5803,0,False,3,20,451.3217661561483,13.846153846153845,6249.070608315899,347.1705893508833,0.1504405887187161
./models/07_hype_5_32_0_src/hype_tests.f90,add_testcase,SUBROUTINE,5878,1,False,3,12,239.7487836710217,16.5,3955.854930571858,219.76971836510322,0.0799162612236739
./models/07_hype_5_32_0_src/hype_tests.f90,check_general_deep,SUBROUTINE,4524,0,False,2,11,233.18308776612344,7.875,1836.316816158222,102.017600897679,0.07772769592204115
./models/07_hype_5_32_0_src/hype_tests.f90,check_forcing_exist,SUBROUTINE,5770,0,False,2,19,469.1316157817522,13.200000000000001,6192.537328319129,344.029851573285,0.15637720526058407
./models/07_hype_5_32_0_src/hype_tests.f90,check_reggrw,SUBROUTINE,4548,0,False,1,4,25.26619429851844,2.25,56.848937171666485,3.158274287314805,0.008422064766172813
./models/07_hype_5_32_0_src/hype_tests.f90,check_eroded_filtering_delay,FUNCTION,5076,0,False,1,13,355.74426423226265,3.84,1366.0579746518886,75.89210970288269,0.11858142141075421
./models/07_hype_5_32_0_src/hype_tests.f90,check_file_existence,SUBROUTINE,5637,0,False,1,11,281.76289771739914,6.260869565217391,1764.080750926325,98.00448616257361,0.09392096590579971
./models/07_hype_5_32_0_src/hype_tests.f90,print_input,SUBROUTINE,6090,0,False,1,4,66.60791492653966,2.888888888888889,192.4228653433368,10.690159185740933,0.022202638308846556
./models/07_hype_5_32_0_src/hype_tests.f90,print_forcing,SUBROUTINE,6101,0,False,1,4,66.60791492653966,2.888888888888889,192.4228653433368,10.690159185740933,0.022202638308846556
./models/07_hype_5_32_0_src/hype_tests.f90,print_generic,SUBROUTINE,6112,0,False,1,4,66.60791492653966,2.888888888888889,192.4228653433368,10.690159185740933,0.022202638308846556
./models/07_hype_5_32_0_src/hype_wbout.f90,prepare_waterbalance_files,SUBROUTINE,808,13,False,36,159,5887.121443812162,60.44086021505376,355822.68425449636,19767.926903027575,1.9623738146040541
./models/07_hype_5_32_0_src/hype_wbout.f90,print_waterbalance_timestep,SUBROUTINE,1012,4,False,20,53,1780.3046968056756,25.73469387755102,45815.59638106034,2545.310910058908,0.5934348989352252
./models/07_hype_5_32_0_src/hype_wbout.f90,set_runoff_waterbalance_flows,SUBROUTINE,512,0,False,14,88,5516.3231661957,65.1864406779661,359589.4728337061,19977.192935205894,1.8387743887319
./models/07_hype_5_32_0_src/hype_wbout.f90,print_initial_waterbalance_stores,SUBROUTINE,1083,1,False,10,21,729.3855062029903,14.85,10831.374767114406,601.743042617467,0.24312850206766343
./models/07_hype_5_32_0_src/hype_wbout.f90,close_waterbalance_files,SUBROUTINE,1117,4,False,8,26,966.19851262476,13.527027027027028,13069.793393748445,726.0996329860247,0.32206617087492
./models/07_hype_5_32_0_src/hype_wbout.f90,initiate_waterbalance_output,SUBROUTINE,398,0,False,5,7,178.41295556463058,3.09375,551.9650812780759,30.664726737670883,0.059470985188210194
./models/07_hype_5_32_0_src/hype_wbout.f90,zero_waterbalance_flows,SUBROUTINE,414,0,False,1,6,53.8887250245193,1.7142857142857142,92.38067147060451,5.132259526144695,0.017962908341506434
./models/07_hype_5_32_0_src/hype_wbout.f90,zero_recharge_waterbalance,SUBROUTINE,425,0,False,1,3,20.67970000576925,1.5,31.019550008653873,1.723308333814104,0.006893233335256416
./models/07_hype_5_32_0_src/hype_wbout.f90,set_irrigation_waterbalance_local,SUBROUTINE,433,0,False,1,14,384.5883937646083,4.14,1592.1959501854783,88.45533056585991,0.12819613125486945
./models/07_hype_5_32_0_src/hype_wbout.f90,set_waterbalance_regional_flows,SUBROUTINE,454,0,False,1,13,297.20679614558236,2.4347826086956523,723.633938441418,40.20188546896767,0.09906893204852746
./models/07_hype_5_32_0_src/hype_wbout.f90,set_landclass_waterbalance_flows,SUBROUTINE,474,0,False,1,31,1942.6896060638621,15.056818181818182,29250.72418221156,1625.0402323450867,0.6475632020212874
./models/07_hype_5_32_0_src/hype_wbout.f90,set_mainriver_floodplain_runoff_waterbalance_flows,SUBROUTINE,624,0,False,1,21,744.9518312849399,7.090909090909091,5282.385712747756,293.46587293043086,0.24831727709497997
./models/07_hype_5_32_0_src/hype_wbout.f90,set_olake_floodplain_runoff_waterbalance_flows,SUBROUTINE,652,0,False,1,21,744.9518312849399,7.090909090909091,5282.385712747756,293.46587293043086,0.24831727709497997
./models/07_hype_5_32_0_src/hype_wbout.f90,set_glacier_waterbalance_flows,SUBROUTINE,680,0,False,1,18,677.2601751889429,8.629032258064516,5844.099898807814,324.67221660043407,0.22575339172964762
./models/07_hype_5_32_0_src/hype_wbout.f90,recalculate_waterbalance_flows_unit,SUBROUTINE,705,0,False,1,45,3450.35080613014,15.703703703703704,54183.28673330294,3010.1825962946077,1.1501169353767133
./models/07_hype_5_32_0_src/hype_wbout.f90,recalculate_glacier_waterbalance_flows_unit,SUBROUTINE,758,0,False,1,10,441.48373024509243,8.222222222222221,3629.9773375707596,201.66540764281999,0.1471612434150308
./models/07_hype_5_32_0_src/hype_wbout.f90,recalculate_floodplain_waterbalance_flows_unit,SUBROUTINE,777,0,False,1,22,1358.3525786138405,12.933333333333334,17568.02668340567,976.0014824114262,0.45278419287128013
./models/07_hype_5_32_0_src/irrigation.f90,calculate_irrigation,SUBROUTINE,476,6,False,69,432,17445.613488903982,82.92857142857142,1446739.8043298228,80374.43357387904,5.815204496301328
./models/07_hype_5_32_0_src/irrigation.f90,calculate_irrigation_water_demand,SUBROUTINE,238,2,False,22,88,3202.764164146318,42.19512195121951,135141.02448714952,7507.834693730529,1.0675880547154393
./models/07_hype_5_32_0_src/irrigation.f90,set_regional_irrigation,SUBROUTINE,142,5,False,13,42,936.6593447001758,16.693548387096772,15636.16809297874,868.6760051654855,0.31221978156672525
./models/07_hype_5_32_0_src/irrigation.f90,find_irrigated_classes,SUBROUTINE,100,2,False,11,21,569.7325756944906,15.136363636363637,8623.67944119388,479.09330228854895,0.1899108585648302
./models/07_hype_5_32_0_src/irrigation.f90,calculate_kcb,SUBROUTINE,376,0,False,6,21,906.4448856194373,26.44230769230769,23968.494571667812,1331.583031759323,0.3021482952064791
./models/07_hype_5_32_0_src/irrigation.f90,apply_irrigation,SUBROUTINE,410,0,False,4,18,739.3421766372956,15.46875,11436.699294858166,635.3721830476759,0.24644739221243184
./models/07_hype_5_32_0_src/irrigation.f90,get_irrigation_parameters,SUBROUTINE,447,0,False,4,12,494.3506236971284,5.862068965517241,2897.9174492590287,160.99541384772382,0.16478354123237612
./models/07_hype_5_32_0_src/irrigation.f90,irrigation_abstraction_sink,SUBROUTINE,1036,0,False,4,16,455.0,13.891304347826086,6320.543478260869,351.14130434782606,0.15166666666666667
./models/07_hype_5_32_0_src/irrigation.f90,initiate_irrigation,SUBROUTINE,60,0,False,2,21,360.0,7.038461538461538,2533.846153846154,140.76923076923077,0.12
./models/07_hype_5_32_0_src/irrigation.f90,initiate_timestep_irrigation,SUBROUTINE,210,0,False,2,13,217.13097389073664,4.861111111111111,1055.4977897466363,58.63876609703535,0.07237699129691222
./models/07_hype_5_32_0_src/libdate.f90,format_date,SUBROUTINE,705,1,False,13,79,1872.585045192593,31.911764705882355,59757.4933539401,3319.8607418855613,0.6241950150641977
./models/07_hype_5_32_0_src/libdate.f90,AddDates,FUNCTION,312,0,False,12,38,1323.9037048988312,19.565217391304348,25902.46379149887,1439.0257661943817,0.44130123496627705
./models/07_hype_5_32_0_src/libdate.f90,Julian2Date,FUNCTION,212,0,False,6,44,1874.87442583926,20.653225806451612,38722.20487559956,2151.233604199975,0.6249581419464201
./models/07_hype_5_32_0_src/libdate.f90,Julian2Dhm,FUNCTION,271,0,False,5,20,573.2580644941349,10.40625,5965.466733642092,331.41481853567177,0.191086021498045
./models/07_hype_5_32_0_src/libdate.f90,Date2Julian,FUNCTION,153,0,False,3,30,982.8311512991922,14.375,14128.197799925889,784.8998777736605,0.3276103837663974
./models/07_hype_5_32_0_src/libdate.f90,TimeLag,FUNCTION,550,0,False,2,14,298.0560051675714,9.0,2682.504046508143,149.0280025837857,0.0993520017225238
./models/07_hype_5_32_0_src/libdate.f90,DOY,FUNCTION,612,0,False,2,12,449.9216969858887,5.6000000000000005,2519.561503120977,139.97563906227649,0.14997389899529623
./models/07_hype_5_32_0_src/libdate.f90,MinDate,FUNCTION,635,0,False,2,10,132.83428025068963,8.0,1062.674242005517,59.037457889195395,0.04427809341689654
./models/07_hype_5_32_0_src/libdate.f90,MaxDate,FUNCTION,656,0,False,2,10,132.83428025068963,8.0,1062.674242005517,59.037457889195395,0.04427809341689654
./models/07_hype_5_32_0_src/libdate.f90,SubtractDates,FUNCTION,380,0,False,1,6,147.14866228501222,3.2142857142857144,472.9778430589679,26.276546836609327,0.049049554095004076
./models/07_hype_5_32_0_src/libdate.f90,EqualDates,FUNCTION,397,0,False,1,5,191.81655006634637,5.0,959.0827503317319,53.28237501842955,0.06393885002211545
./models/07_hype_5_32_0_src/libdate.f90,NotEqualDates,FUNCTION,414,0,False,1,5,77.70923408096293,2.7,209.81493201859993,11.656385112144442,0.025903078026987644
./models/07_hype_5_32_0_src/libdate.f90,LargerDates,FUNCTION,427,0,False,1,10,250.76823424783512,8.36111111111111,2096.701069683288,116.48339276018267,0.08358941141594504
./models/07_hype_5_32_0_src/libdate.f90,LargerEqualDates,FUNCTION,449,0,False,1,5,91.3765181293825,2.8636363636363638,261.6691200977772,14.537173338765399,0.030458839376460836
./models/07_hype_5_32_0_src/libdate.f90,SmallerDates,FUNCTION,462,0,False,1,5,71.69925001442311,1.8,129.0586500259616,7.169925001442312,0.023899750004807704
./models/07_hype_5_32_0_src/libdate.f90,SmallerEqualDates,FUNCTION,475,0,False,1,5,91.3765181293825,2.8636363636363638,261.6691200977772,14.537173338765399,0.030458839376460836
./models/07_hype_5_32_0_src/libdate.f90,IntTimesDate,FUNCTION,489,0,False,1,6,144.0,3.5769230769230766,515.0769230769231,28.615384615384617,0.048
./models/07_hype_5_32_0_src/libdate.f90,DateTimesInt,FUNCTION,505,0,False,1,6,86.03910001730775,2.2,189.28602003807706,10.515890002115391,0.02867970000576925
./models/07_hype_5_32_0_src/libdate.f90,FloatTimesDate,FUNCTION,519,0,False,1,6,178.41295556463058,3.375,602.1437250306282,33.45242916836823,0.059470985188210194
./models/07_hype_5_32_0_src/libdate.f90,DateTimesFloat,FUNCTION,535,0,False,1,6,102.79858289555531,2.0,205.59716579111063,11.422064766172813,0.03426619429851844
./models/07_hype_5_32_0_src/libdate.f90,DelaySeconds,FUNCTION,583,0,False,1,5,166.9080620655929,3.411764705882353,569.4510352826111,31.636168626811727,0.05563602068853097
./models/07_hype_5_32_0_src/libdate.f90,LeapYear,FUNCTION,598,0,False,1,5,129.26767504471167,6.0,775.60605026827,43.08922501490389,0.043089225014903886
./models/07_hype_5_32_0_src/main.f90,HYSS,PROGRAM,1,12,False,118,360,17680.14545613666,60.491467576791806,1069497.9456128536,59416.55253404743,5.8933818187122196
./models/07_hype_5_32_0_src/model_hype.f90,model,SUBROUTINE,1477,21,False,937,2123,192003.956797355,161.66842105263157,31040976.53128607,1724498.6961825592,64.00131893245167
./models/07_hype_5_32_0_src/model_hype.f90,calculate_flow_for_lakebasin_lake,SUBROUTINE,5285,12,False,130,376,18400.704863400893,117.64144736842105,2164685.5527296257,120260.3084849792,6.133568287800298
./models/07_hype_5_32_0_src/model_hype.f90,initiate_model,SUBROUTINE,1066,15,False,125,296,16854.91519315868,70.2716049382716,1184421.9417217183,65801.21898453991,5.6183050643862265
./models/07_hype_5_32_0_src/model_hype.f90,calculate_local_river,SUBROUTINE,6083,0,False,74,223,13591.707966009799,45.99134199134199,625100.8893112038,34727.82718395577,4.530569322003267
./models/07_hype_5_32_0_src/model_hype.f90,calculate_class_outvar_for_substance_soil,SUBROUTINE,4528,5,False,63,131,9412.739666770025,47.36363636363636,445821.57876247115,24767.865486803952,3.1375798889233417
./models/07_hype_5_32_0_src/model_hype.f90,calculate_local_lake_model,SUBROUTINE,6422,1,False,35,155,9126.674056839138,41.32307692307692,377142.2541026142,20952.347450145233,3.042224685613046
./models/07_hype_5_32_0_src/model_hype.f90,calculate_internal_wetland,SUBROUTINE,5819,0,False,34,104,6959.834941142253,37.115107913669064,258315.0249018193,14350.834716767738,2.3199449803807513
./models/07_hype_5_32_0_src/model_hype.f90,set_modelconfig_from_parameters,SUBROUTINE,803,7,False,33,88,3337.444730849641,38.985915492957744,130113.33823932121,7228.5187910734,1.1124815769498804
./models/07_hype_5_32_0_src/model_hype.f90,initiate_model_state,SUBROUTINE,913,7,False,31,101,4193.402139366576,26.99099099099099,113184.0793652456,6288.004409180311,1.3978007131221921
./models/07_hype_5_32_0_src/model_hype.f90,calculate_class_outvar_for_substance_soil_finish,SUBROUTINE,4688,3,False,20,102,3556.655851618274,37.04347826086956,131750.90372081604,7319.494651156447,1.1855519505394247
./models/07_hype_5_32_0_src/model_hype.f90,calculate_lake_volume_output,SUBROUTINE,4183,2,False,19,57,2076.8983153045774,29.909090909090907,62118.14052138235,3451.0078067434642,0.6922994384348591
./models/07_hype_5_32_0_src/model_hype.f90,set_output_runoff_concentrations_leakagemodel1,SUBROUTINE,4812,0,False,16,55,2037.2301757658677,20.106382978723403,40961.33012976053,2275.6294516533626,0.6790767252552892
./models/07_hype_5_32_0_src/model_hype.f90,set_all_aquifer_outvar,SUBROUTINE,4878,0,False,15,30,1489.9780341005273,21.51219512195122,32052.69819699183,1780.705455388435,0.49665934470017575
./models/07_hype_5_32_0_src/model_hype.f90,set_all_observation_outvar,SUBROUTINE,4918,3,False,15,101,2923.024251753248,18.35294117647059,53646.09214982432,2980.3384527680178,0.9743414172510826
./models/07_hype_5_32_0_src/model_hype.f90,calculate_flow_from_undivided_lake,SUBROUTINE,5163,0,False,12,68,2364.151972421251,27.054054054054056,63959.895253883034,3553.327514104613,0.7880506574737502
./models/07_hype_5_32_0_src/model_hype.f90,calculate_outlet_wetland,SUBROUTINE,5978,0,False,11,56,2741.114651534655,23.088541666666668,63288.33984506837,3516.018880281576,0.913704883844885
./models/07_hype_5_32_0_src/model_hype.f90,accumulate_flow_to_downstream_subbasin,SUBROUTINE,5772,0,False,9,25,877.3767683311332,13.890625,12187.311672599648,677.0728706999804,0.29245892277704444
./models/07_hype_5_32_0_src/model_hype.f90,calculate_special_model_parameters,SUBROUTINE,685,2,False,8,47,1119.9148827196304,20.53409090909091,22996.434012208778,1277.5796673449322,0.37330496090654347
./models/07_hype_5_32_0_src/model_hype.f90,model_specified_atmospheric_deposition,SUBROUTINE,747,1,False,6,18,465.2932501298081,11.730769230769232,5458.247741907365,303.23598566152026,0.15509775004326937
./models/07_hype_5_32_0_src/model_hype.f90,reinitiate_model_at_timestep,SUBROUTINE,1447,0,False,6,13,315.42269615752105,5.035714285714286,1588.3785770789452,88.24325428216362,0.10514089871917368
./models/07_hype_5_32_0_src/model_hype.f90,initialize_class_outvar_to_zero,SUBROUTINE,4274,1,False,5,13,278.63137138648347,7.777777777777779,2167.1328885615385,120.39627158675214,0.09287712379549448
./models/07_hype_5_32_0_src/model_hype.f90,calculate_outvar_watertemperature,SUBROUTINE,4506,0,False,5,15,432.66194298518434,9.818181818181818,4247.953622036355,235.99742344646418,0.14422064766172812
./models/07_hype_5_32_0_src/model_hype.f90,calculate_class_outvar_add,SUBROUTINE,4332,0,False,4,17,485.0,11.200000000000001,5432.000000000001,301.7777777777778,0.16166666666666665
./models/07_hype_5_32_0_src/model_hype.f90,calculate_class_outvar_finish_scale,SUBROUTINE,4463,0,False,4,10,325.06993328423073,10.88888888888889,3539.6503846505125,196.64724359169514,0.10835664442807691
./models/07_hype_5_32_0_src/model_hype.f90,set_outvar_xobs_scaled,SUBROUTINE,5054,0,False,4,12,298.5550890997629,10.9375,3265.4462870286566,181.41368261270316,0.0995183630332543
./models/07_hype_5_32_0_src/model_hype.f90,set_outvar_xobsmean,SUBROUTINE,5073,0,False,4,15,347.1067876579332,9.450000000000001,3280.159143367469,182.23106352041495,0.11570226255264439
./models/07_hype_5_32_0_src/model_hype.f90,set_outvar_xobsstate,SUBROUTINE,5096,0,False,4,15,347.1067876579332,9.450000000000001,3280.159143367469,182.23106352041495,0.11570226255264439
./models/07_hype_5_32_0_src/model_hype.f90,compute_substance_load,SUBROUTINE,6681,0,False,4,17,368.0167946706389,17.666666666666668,6501.630039181287,361.20166884340483,0.12267226489021296
./models/07_hype_5_32_0_src/model_hype.f90,calculate_class_outvar_initialize,SUBROUTINE,4304,0,False,3,10,237.1851408300531,6.71875,1593.5876649519191,88.5326480528844,0.0790617136100177
./models/07_hype_5_32_0_src/model_hype.f90,calculate_class_outvar_add_amount,SUBROUTINE,4369,0,False,3,14,399.01045853078114,11.666666666666668,4655.122016192447,258.61788978846926,0.13300348617692703
./models/07_hype_5_32_0_src/model_hype.f90,calculate_class_outvar_add_accumulate,SUBROUTINE,4401,0,False,3,13,380.3910001730775,11.549999999999999,4393.516051999045,244.08422511105806,0.12679700005769248
./models/07_hype_5_32_0_src/model_hype.f90,calculate_class_outvar_finish,SUBROUTINE,4431,0,False,3,13,270.5127875425482,11.0,2975.6406629680305,165.31337016489059,0.0901709291808494
./models/07_hype_5_32_0_src/model_hype.f90,set_outvar_xobs,SUBROUTINE,5036,0,False,3,11,203.9005206452921,7.846153846153847,1599.8348542938304,88.87971412743502,0.06796684021509736
./models/07_hype_5_32_0_src/model_hype.f90,calculate_regional_groundwaterflow_to_outside_system,SUBROUTINE,5118,0,False,3,9,175.69269691115042,4.6875,823.5595167710176,45.753306487278756,0.05856423230371681
./models/07_hype_5_32_0_src/model_hype.f90,set_parameters_region_division,SUBROUTINE,621,0,False,2,38,868.9880128266838,4.6,3997.344859002745,222.0747143890414,0.2896626709422279
./models/07_hype_5_32_0_src/model_hype.f90,set_class_outvar_missing,SUBROUTINE,4490,0,False,2,6,133.437600046154,4.0,533.750400184616,29.652800010256442,0.04447920001538466
./models/07_hype_5_32_0_src/model_hype.f90,wetland_wbstore,FUNCTION,5133,0,False,2,14,441.1183394572671,13.600000000000001,5999.2094166188335,333.28941203437967,0.1470394464857557
./models/07_hype_5_32_0_src/model_hype.f90,define_model_parameters,SUBROUTINE,79,0,False,1,504,30140.021524470256,2.498015873015873,75290.25218116677,4182.791787842598,10.046673841490085
./models/07_hype_5_32_0_src/model_hype.f90,get_special_model_parameters,SUBROUTINE,671,0,False,1,6,72.64806399138324,2.0,145.29612798276648,8.072007110153693,0.02421602133046108
./models/07_hype_5_32_0_src/model_hype.f90,calculate_translation_time,SUBROUTINE,786,0,False,1,9,183.47670006346175,7.115384615384616,1305.5072889130934,72.52818271739407,0.061158900021153914
./models/07_hype_5_32_0_src/modvar.f90,deallocate_modvar,SUBROUTINE,1031,2,False,29,36,1031.8325759224492,9.679487179487179,9987.610190018579,554.8672327788099,0.3439441919741497
./models/07_hype_5_32_0_src/modvar.f90,set_coded_classes,SUBROUTINE,1526,2,False,29,59,2283.320930776968,21.5,49091.40001170481,2727.3000006502675,0.761106976925656
./models/07_hype_5_32_0_src/modvar.f90,allocate_modelparameters,SUBROUTINE,1086,1,False,20,32,1159.9480107719728,11.774999999999999,13658.387826839979,758.7993237133321,0.38664933692399095
./models/07_hype_5_32_0_src/modvar.f90,substance_name,FUNCTION,1223,0,False,12,16,399.5373760419928,4.454545454545454,1779.7574023688767,98.87541124271537,0.13317912534733092
./models/07_hype_5_32_0_src/modvar.f90,sum_upstream_area,SUBROUTINE,2036,2,False,12,59,1436.1261085748233,31.71212121212121,45542.60523101674,2530.144735056486,0.47870870285827444
./models/07_hype_5_32_0_src/modvar.f90,allocate_basinvariables,SUBROUTINE,1131,0,False,11,13,432.6947626968756,4.375,1893.039586798831,105.16886593326838,0.1442315875656252
./models/07_hype_5_32_0_src/modvar.f90,set_recharge_discharge_classes,SUBROUTINE,1378,2,False,10,37,855.4121846913044,24.923076923076927,21319.503679998666,1184.416871111037,0.2851373948971015
./models/07_hype_5_32_0_src/modvar.f90,allocate_outvar,SUBROUTINE,971,0,False,8,15,447.6967300300298,8.166666666666668,3656.189961911911,203.1216645506617,0.14923224334334326
./models/07_hype_5_32_0_src/modvar.f90,check_connected_subbasins,SUBROUTINE,1984,0,False,8,28,531.1496881499434,12.894736842105264,6849.035452459796,380.5019695810998,0.17704989604998111
./models/07_hype_5_32_0_src/modvar.f90,set_xobsoutvarindex,SUBROUTINE,1306,2,False,7,18,357.6270750562502,12.25,4380.9316694390645,243.3850927466147,0.11920902501875007
./models/07_hype_5_32_0_src/modvar.f90,set_class_current_soildepth,SUBROUTINE,1493,1,False,6,21,549.9157904529432,28.52777777777778,15687.875466532574,871.5486370295874,0.1833052634843144
./models/07_hype_5_32_0_src/modvar.f90,in_season_end,FUNCTION,1796,0,False,6,16,366.12633766658706,20.4,7468.977288398376,414.9431826887987,0.12204211255552902
./models/07_hype_5_32_0_src/modvar.f90,save_xobsinformation,SUBROUTINE,1351,3,False,5,16,325.06993328423073,11.294117647058824,3671.378070033665,203.96544833520363,0.10835664442807691
./models/07_hype_5_32_0_src/modvar.f90,get_current_soilleakage_memory,FUNCTION,1607,0,False,5,15,480.0,9.799999999999999,4703.999999999999,261.33333333333326,0.16
./models/07_hype_5_32_0_src/modvar.f90,in_season_period,FUNCTION,1822,0,False,5,15,350.93690931020507,15.852941176470589,5563.382179947074,309.07678777483744,0.11697896977006836
./models/07_hype_5_32_0_src/modvar.f90,get_class_wet_deposition,SUBROUTINE,1846,1,False,5,18,412.1788100311156,8.125,3348.952831502814,186.05293508348967,0.13739293667703853
./models/07_hype_5_32_0_src/modvar.f90,set_class_deposition,SUBROUTINE,1874,1,False,5,18,403.8178134528387,8.863636363636363,3579.294255604707,198.84968086692817,0.1346059378176129
./models/07_hype_5_32_0_src/modvar.f90,get_deposition_vegindex,FUNCTION,1901,0,False,5,15,329.99793977916,12.366666666666667,4080.974521935612,226.72080677420067,0.10999931325972
./models/07_hype_5_32_0_src/modvar.f90,calculate_class_discharge_divisor,SUBROUTINE,1427,2,False,4,11,203.5602880225656,5.470588235294118,1113.5945168293295,61.86636204607386,0.0678534293408552
./models/07_hype_5_32_0_src/modvar.f90,find_croppart,SUBROUTINE,1719,0,False,4,20,495.0,12.5,6187.5,343.75,0.165
./models/07_hype_5_32_0_src/modvar.f90,get_deposition_timeindex,FUNCTION,1924,0,False,4,11,236.34987578777677,8.633333333333333,2040.487260967806,113.36040338710033,0.07878329192925893
./models/07_hype_5_32_0_src/modvar.f90,find_lbtype,SUBROUTINE,1943,0,False,4,11,185.8429080801566,4.833333333333333,898.2407223874235,49.90226235485686,0.06194763602671887
./models/07_hype_5_32_0_src/modvar.f90,find_lakebasins,SUBROUTINE,1962,1,False,4,12,263.22462421590114,8.88888888888889,2339.774437474677,129.9874687485932,0.08774154140530038
./models/07_hype_5_32_0_src/modvar.f90,find_next_watertransfer,SUBROUTINE,1263,1,False,3,13,227.5489532989615,8.235294117647058,1873.9325565796828,104.10736425442683,0.07584965109965383
./models/07_hype_5_32_0_src/modvar.f90,find_next_pointsource,SUBROUTINE,1283,1,False,3,15,273.9875151967087,10.588235294117647,2901.0442785533864,161.16912658629926,0.09132917173223624
./models/07_hype_5_32_0_src/modvar.f90,isdischargeclass,FUNCTION,1446,1,False,3,9,142.62362713128297,4.0,570.4945085251319,31.69413936250733,0.04754120904376099
./models/07_hype_5_32_0_src/modvar.f90,set_cropdataindex,SUBROUTINE,1693,1,False,3,15,302.6075250475963,7.236842105263158,2189.922878633921,121.66238214632894,0.10086917501586544
./models/07_hype_5_32_0_src/modvar.f90,get_pseudo_dayno,FUNCTION,1777,0,False,3,10,177.19905189038187,11.045454545454545,1957.244073152854,108.73578184182523,0.05906635063012729
./models/07_hype_5_32_0_src/modvar.f90,deallocate_glacier,SUBROUTINE,1076,0,False,2,3,28.07354922057604,1.6,44.91767875292167,2.495426597384537,0.009357849740192013
./models/07_hype_5_32_0_src/modvar.f90,initiate_xobsinformation,SUBROUTINE,1335,0,False,2,8,125.09775004326937,4.423076923076923,553.31697134523,30.739831741401662,0.04169925001442312
./models/07_hype_5_32_0_src/modvar.f90,isfirstdischargeclass,FUNCTION,1463,0,False,2,6,98.09910819000814,2.923076923076923,286.75123932463913,15.930624406924396,0.032699702730002715
./models/07_hype_5_32_0_src/modvar.f90,set_soildepth_classdata,SUBROUTINE,1478,0,False,2,7,169.9171005377434,6.071428571428571,1031.6395389791564,57.31330772106425,0.056639033512581136
./models/07_hype_5_32_0_src/modvar.f90,get_current_petmodel,FUNCTION,1750,0,False,2,8,97.67226489021297,4.25,415.10712578340514,23.06150698796695,0.03255742163007099
./models/07_hype_5_32_0_src/modvar.f90,endofday,FUNCTION,1765,0,False,2,5,79.9544533632097,3.2,255.85425076227102,14.21412504234839,0.02665148445440323
./models/07_hype_5_32_0_src/modvar.f90,is_upstream_lakebasin,FUNCTION,2021,0,False,2,5,79.9544533632097,3.2,255.85425076227102,14.21412504234839,0.02665148445440323
./models/07_hype_5_32_0_src/modvar.f90,set_accload_to_zero,SUBROUTINE,994,0,False,1,4,47.548875021634686,1.7142857142857142,81.51235717994517,4.528464287774732,0.01584962500721156
./models/07_hype_5_32_0_src/modvar.f90,accumulate_class_load,SUBROUTINE,1003,0,False,1,6,132.0,3.4615384615384612,456.9230769230769,25.384615384615383,0.044
./models/07_hype_5_32_0_src/modvar.f90,accumulate_basin_load,SUBROUTINE,1016,0,False,1,6,125.0204990594726,3.625,453.19930909058814,25.177739393921563,0.04167349968649087
./models/07_hype_5_32_0_src/modvar.f90,initialize_simulation_configuration,SUBROUTINE,1152,0,False,1,23,423.18498769254865,2.68,1134.1357670160305,63.00754261200169,0.14106166256418287
./models/07_hype_5_32_0_src/modvar.f90,allocate_initialize_modeloptions,SUBROUTINE,1182,0,False,1,36,569.4463061529478,1.9473684210526316,1108.9217540873194,61.60676411596219,0.18981543538431594
./models/07_hype_5_32_0_src/modvar.f90,set_update_method_names,SUBROUTINE,1247,0,False,1,11,160.18251441994926,2.3846153846153846,381.9736882321867,21.220760457343705,0.05339417147331642
./models/07_hype_5_32_0_src/modvar.f90,initiate_cropdata,SUBROUTINE,1635,0,False,1,51,1172.410892847113,2.7454545454545456,3218.8008149075285,178.8222674948627,0.3908036309490377
./models/07_hype_5_32_0_src/npc_soil_proc.f90,crop_sources,SUBROUTINE,521,3,False,74,217,13374.07767740962,142.84883720930233,1910471.444964851,106137.30249804728,4.458025892469873
./models/07_hype_5_32_0_src/npc_soil_proc.f90,particle_processes_for_runoff,SUBROUTINE,774,0,False,54,232,10475.158941233736,97.88725490196079,1025384.5534191005,56965.80852328336,3.491719647077912
./models/07_hype_5_32_0_src/npc_soil_proc.f90,initiate_soil_npc_state,SUBROUTINE,60,27,False,52,157,6981.858186303018,50.57142857142857,353082.5425644669,19615.69680913705,2.327286062101006
./models/07_hype_5_32_0_src/npc_soil_proc.f90,calculate_plant,SUBROUTINE,358,3,False,35,118,5275.6489159475595,67.73780487804878,357360.87687354535,19853.382048530297,1.7585496386491866
./models/07_hype_5_32_0_src/npc_soil_proc.f90,get_current_crop_and_ground_cover,SUBROUTINE,1172,1,False,25,103,4226.398625987984,74.0,312753.4983231108,17375.194351283935,1.4087995419959947
./models/07_hype_5_32_0_src/npc_soil_proc.f90,soil_carbon_pool_transformations,SUBROUTINE,2482,5,False,23,124,5501.57568194725,78.28333333333333,430681.6829684372,23926.76016491318,1.8338585606490834
./models/07_hype_5_32_0_src/npc_soil_proc.f90,soil_pool_transformations,SUBROUTINE,1757,1,False,22,165,8293.751871362187,70.6,585538.8821181704,32529.93789545391,2.764583957120729
./models/07_hype_5_32_0_src/npc_soil_proc.f90,plant_uptake,SUBROUTINE,1954,0,False,22,75,2362.439137805049,61.147058823529406,144456.20492637344,8025.344718131858,0.787479712601683
./models/07_hype_5_32_0_src/npc_soil_proc.f90,soil_substance_processes_of_third_soillayer9,SUBROUTINE,1694,1,False,17,36,1924.8708484049655,21.266666666666666,40935.586709412266,2274.199261634015,0.6416236161349885
./models/07_hype_5_32_0_src/npc_soil_proc.f90,add_local_diffuse_source_to_soil,SUBROUTINE,2349,0,False,17,79,2524.515614813382,31.21323529411765,78798.29988884417,4377.683327158009,0.841505204937794
./models/07_hype_5_32_0_src/npc_soil_proc.f90,freundlich,SUBROUTINE,2241,1,False,15,67,2171.6599301838824,49.076086956521735,106576.57157369814,5920.92064298323,0.7238866433946275
./models/07_hype_5_32_0_src/npc_soil_proc.f90,croprotation_soilpoolaverage,SUBROUTINE,2175,3,False,13,49,1494.7570092884455,33.91666666666667,50697.17523169978,2816.5097350944325,0.49825233642948186
./models/07_hype_5_32_0_src/npc_soil_proc.f90,carbon_runoff_delay,SUBROUTINE,2637,0,False,13,53,2590.2200843254686,50.509803921568626,130831.50857298837,7268.417142943798,0.8634066947751562
./models/07_hype_5_32_0_src/npc_soil_proc.f90,calculate_delay_pool_processes,SUBROUTINE,1390,0,False,12,45,1706.8717926110232,37.45945945945946,63938.494717807516,3552.138595433751,0.5689572642036744
./models/07_hype_5_32_0_src/npc_soil_proc.f90,soil_substance_processes9,SUBROUTINE,1453,0,False,12,82,3544.5611704213484,24.679245283018872,87477.09454549292,4859.838585860718,1.1815203901404494
./models/07_hype_5_32_0_src/npc_soil_proc.f90,soil_substance_processes,SUBROUTINE,1578,0,False,11,74,3293.4529868274053,24.235294117647058,79817.80179840534,4434.32232213363,1.0978176622758018
./models/07_hype_5_32_0_src/npc_soil_proc.f90,class_riparian_zone_processes,SUBROUTINE,2860,1,False,11,55,1806.3574202438053,32.53448275862069,58768.90434482863,3264.9391302682575,0.6021191400812684
./models/07_hype_5_32_0_src/npc_soil_proc.f90,percolation_substance_reduction,SUBROUTINE,2729,0,False,10,43,1248.6866590947773,24.375,30436.737315435195,1690.929850857511,0.4162288863649258
./models/07_hype_5_32_0_src/npc_soil_proc.f90,calculate_MMF_erosion,SUBROUTINE,1095,0,False,8,47,1452.4790214104798,25.625,37219.77492364355,2067.765273535753,0.4841596738034933
./models/07_hype_5_32_0_src/npc_soil_proc.f90,calculate_soil_profile_denitrification,SUBROUTINE,2052,0,False,8,32,1335.1339005019247,17.304347826086957,23103.62140868548,1283.534522704749,0.44504463350064155
./models/07_hype_5_32_0_src/npc_soil_proc.f90,weathering,SUBROUTINE,2800,1,False,8,38,1518.3200591486532,27.4468085106383,41673.0399213141,2315.16888451745,0.5061066863828844
./models/07_hype_5_32_0_src/npc_soil_proc.f90,add_dry_deposition_to_landclass,SUBROUTINE,260,0,False,6,36,1109.2047901130022,17.17391304347826,19049.386612810256,1058.2992562672364,0.3697349300376674
./models/07_hype_5_32_0_src/npc_soil_proc.f90,calculate_pp_of_erosion,SUBROUTINE,1344,0,False,4,28,677.2601751889429,23.5,15915.614116940158,884.2007842744532,0.22575339172964762
./models/07_hype_5_32_0_src/npc_soil_proc.f90,riparian_moisturefactor,SUBROUTINE,2945,0,False,4,23,697.9398751947122,19.580000000000002,13665.662756312466,759.2034864618037,0.23264662506490405
./models/07_hype_5_32_0_src/npc_soil_proc.f90,balance_spsoil,SUBROUTINE,2150,0,False,3,13,635.5936590391651,8.137931034482758,5172.417363215274,287.35652017862634,0.21186455301305504
./models/07_hype_5_32_0_src/npc_soil_proc.f90,find_lowest_soillayer,SUBROUTINE,2324,1,False,3,12,193.26196660226546,9.538461538461538,1843.4218352831474,102.41232418239707,0.06442065553408849
./models/07_hype_5_32_0_src/npc_soil_proc.f90,atmdep_in_loss,SUBROUTINE,325,0,False,2,15,355.0,9.833333333333334,3490.8333333333335,193.9351851851852,0.11833333333333333
./models/07_hype_5_32_0_src/npc_soil_proc.f90,calculate_hbvsed_erosion,SUBROUTINE,1299,0,False,2,25,754.4325704822088,19.864864864864863,14986.701062281714,832.5945034600952,0.2514775234940696
./models/07_hype_5_32_0_src/npc_soil_proc.f90,soil_denitrification,SUBROUTINE,2102,0,False,2,24,675.0515525818786,11.117647058823529,7504.984908116179,416.9436060064544,0.22501718419395952
./models/07_hype_5_32_0_src/npc_sw_proc.f90,lake_siltation_and_flushing,SUBROUTINE,1038,2,False,68,217,10376.045599590496,96.87391304347825,1005168.1391498948,55842.67439721638,3.4586818665301653
./models/07_hype_5_32_0_src/npc_sw_proc.f90,production_mineralisation,SUBROUTINE,628,0,False,40,143,6043.796625763265,59.18181818181818,357682.8730338078,19871.270724100432,2.0145988752544217
./models/07_hype_5_32_0_src/npc_sw_proc.f90,river_sedimentation_resuspension,SUBROUTINE,1405,0,False,33,135,5466.736766086314,72.79054054054055,397926.72419626935,22107.040233126074,1.8222455886954378
./models/07_hype_5_32_0_src/npc_sw_proc.f90,initiate_lake_substance_state,SUBROUTINE,109,13,False,29,74,2547.461584911036,29.02777777777778,73947.14878422313,4108.174932456841,0.849153861637012
./models/07_hype_5_32_0_src/npc_sw_proc.f90,add_point_sources_to_main_river,SUBROUTINE,1850,4,False,23,80,2457.8424897949317,52.199999999999996,128299.37796729543,7127.743220405301,0.8192808299316439
./models/07_hype_5_32_0_src/npc_sw_proc.f90,substance_processes_in_lake,SUBROUTINE,428,0,False,19,97,4263.059982213197,21.869565217391305,93231.26830666253,5179.514905925696,1.4210199940710657
./models/07_hype_5_32_0_src/npc_sw_proc.f90,macrophyte_uptake,SUBROUTINE,803,0,False,19,75,2740.4353674239405,40.0,109617.41469695762,6089.856372053201,0.9134784558079801
./models/07_hype_5_32_0_src/npc_sw_proc.f90,initiate_river_substance_state,SUBROUTINE,56,1,False,11,26,961.0662128612992,12.8,12301.64752462463,683.4248624791461,0.32035540428709974
./models/07_hype_5_32_0_src/npc_sw_proc.f90,wetland_substance_processes,SUBROUTINE,2065,0,False,11,65,2899.7391441614673,31.61363636363636,91671.29885292274,5092.849936273486,0.9665797147204891
./models/07_hype_5_32_0_src/npc_sw_proc.f90,calculate_riverwetland_np,SUBROUTINE,1998,0,False,10,50,1722.8451946303487,28.46511627906977,49040.98879598946,2724.49937755497,0.5742817315434495
./models/07_hype_5_32_0_src/npc_sw_proc.f90,add_deposition_to_river_as_load,SUBROUTINE,257,1,False,9,46,1435.205343806255,22.468085106382976,32246.315809774576,1791.461989431921,0.4784017812687517
./models/07_hype_5_32_0_src/npc_sw_proc.f90,oc_production_mineralisation,SUBROUTINE,1688,0,False,9,57,1650.0,24.34313725490196,40166.17647058824,2231.4542483660134,0.55
./models/07_hype_5_32_0_src/npc_sw_proc.f90,add_diffuse_source_to_local_river,SUBROUTINE,1771,0,False,9,45,1061.1428751370197,20.5,21753.428940308902,1208.5238300171613,0.3537142917123399
./models/07_hype_5_32_0_src/npc_sw_proc.f90,substance_processes_in_river,SUBROUTINE,327,0,False,8,62,2346.792243508182,20.344827586206897,47745.083574821634,2652.5046430456464,0.7822640811693939
./models/07_hype_5_32_0_src/npc_sw_proc.f90,sediment_pool_density,SUBROUTINE,957,0,False,8,58,1470.4108611809795,20.8,30584.545912564376,1699.1414395869097,0.4901369537269932
./models/07_hype_5_32_0_src/npc_sw_proc.f90,set_flushing_status,SUBROUTINE,1325,0,False,8,32,999.5172635320008,32.827586206896555,32811.7391338781,1822.8743963265613,0.3331724211773336
./models/07_hype_5_32_0_src/npc_sw_proc.f90,sediment_fraction,SUBROUTINE,1378,0,False,5,12,418.68471190675166,12.375,5181.223309846052,287.8457394358918,0.1395615706355839
./models/07_hype_5_32_0_src/npc_sw_proc.f90,internal_lake_load,SUBROUTINE,1628,0,False,5,30,998.2645106578397,16.25,16221.798298189895,901.2110165661053,0.33275483688594654
./models/07_hype_5_32_0_src/npc_sw_proc.f90,denitrification_water,SUBROUTINE,567,0,False,4,38,1207.4082329321016,17.23404255319149,20808.52486542558,1156.02915919031,0.40246941097736716
./models/07_hype_5_32_0_src/npc_sw_proc.f90,add_deposition_to_lake_as_load,SUBROUTINE,218,0,False,3,18,487.2818866097718,10.125,4933.729101923939,274.09606121799663,0.1624272955365906
./models/07_hype_5_32_0_src/npc_sw_proc.f90,lake_sedimentation,SUBROUTINE,909,0,False,3,18,769.7798582278589,11.256756756756756,8665.22462032171,481.4013677956505,0.25659328607595294
./models/07_hype_5_32_0_src/npc_sw_proc.f90,calculate_river_wetland,SUBROUTINE,1964,0,False,3,18,624.5033740997867,18.214285714285715,11374.882885388972,631.9379380771651,0.20816779136659558
./models/07_hype_5_32_0_src/npc_sw_proc.f90,calculate_lake_tpmean,SUBROUTINE,1587,0,False,2,9,331.93115279592064,11.25,3734.2254689541073,207.4569704974504,0.11064371759864021
./models/07_hype_5_32_0_src/npc_sw_proc.f90,calculate_river_tpmean,SUBROUTINE,1609,0,False,1,7,267.9250639340422,7.5,2009.4379795053167,111.63544330585093,0.08930835464468073
./models/07_hype_5_32_0_src/optim.f90,new_Brent_method,SUBROUTINE,2410,4,False,21,129,3851.424303657534,46.36904761904762,178586.87693745352,9921.493163191863,1.283808101219178
./models/07_hype_5_32_0_src/optim.f90,run_model_simout,SUBROUTINE,426,2,False,18,87,3281.254355538083,19.282051282051285,63269.314752939456,3514.9619307188586,1.0937514518460276
./models/07_hype_5_32_0_src/optim.f90,linesearch_HYSS,SUBROUTINE,2087,1,False,18,142,4669.845476531516,48.91304347826087,228416.3548303459,12689.797490574772,1.5566151588438388
./models/07_hype_5_32_0_src/optim.f90,DEMC_simulation,SUBROUTINE,592,3,False,17,89,3349.6470221106024,37.064516129032256,124153.04607758329,6897.391448754627,1.116549007370201
./models/07_hype_5_32_0_src/optim.f90,QN_inv_hessian_update,SUBROUTINE,3048,5,False,15,56,1429.3473628111276,27.906976744186046,39888.763613333795,2216.0424229629884,0.47644912093704256
./models/07_hype_5_32_0_src/optim.f90,linesearch_methods_interruptor,SUBROUTINE,1925,5,False,13,61,1722.6523240171591,27.941176470588236,48132.932582832385,2674.051810157355,0.5742174413390531
./models/07_hype_5_32_0_src/optim.f90,quasiNewton_algorithm,SUBROUTINE,2664,3,False,13,84,2852.6382727347964,34.83333333333333,99366.8998335954,5520.383324088633,0.9508794242449321
./models/07_hype_5_32_0_src/optim.f90,bounded_MonteCarlo_simulation,SUBROUTINE,1251,3,False,11,55,1818.1469064120834,23.833333333333332,43332.501269487984,2407.3611816382213,0.6060489688040278
./models/07_hype_5_32_0_src/optim.f90,run_model_perf,SUBROUTINE,315,1,False,10,68,2147.9115449057936,16.375,35172.05154783237,1954.0028637684652,0.7159705149685979
./models/07_hype_5_32_0_src/optim.f90,set_optim_modpar,SUBROUTINE,166,1,False,9,26,1195.1819751543273,22.763157894736842,27206.1160133814,1511.4508896323,0.39839399171810913
./models/07_hype_5_32_0_src/optim.f90,run_model_crit,SUBROUTINE,214,1,False,9,60,1824.2107200686387,16.0126582278481,29210.462796035794,1622.8034886686553,0.6080702400228796
./models/07_hype_5_32_0_src/optim.f90,MonteCarlo_simulation,SUBROUTINE,1177,1,False,9,48,1593.7136591661204,21.338028169014088,34006.706952629196,1889.2614973682887,0.5312378863887068
./models/07_hype_5_32_0_src/optim.f90,linesearch_methods_calibration,SUBROUTINE,1859,3,False,9,42,1066.1525411132181,14.166666666666668,15103.827665770592,839.1015369872551,0.3553841803710727
./models/07_hype_5_32_0_src/optim.f90,linesearch_methods_interruptor_printandstop_core_function,SUBROUTINE,2032,0,False,9,36,816.8292492438953,15.736842105263158,12854.312922311827,714.1284956839904,0.2722764164146318
./models/07_hype_5_32_0_src/optim.f90,DEMC_controlparameters,SUBROUTINE,909,1,False,8,29,898.9753704247719,47.25,42476.58625257047,2359.8103473650262,0.2996584568082573
./models/07_hype_5_32_0_src/optim.f90,DFP_inv_hessian_update,SUBROUTINE,3140,7,False,8,36,805.0,13.038461538461537,10495.961538461537,583.1089743589743,0.2683333333333333
./models/07_hype_5_32_0_src/optim.f90,DEMC_runmedianparameters,SUBROUTINE,728,2,False,7,46,1702.8993003980781,26.431034482758623,45009.39012948714,2500.5216738603967,0.5676331001326927
./models/07_hype_5_32_0_src/optim.f90,param_scanning,SUBROUTINE,1420,5,False,7,66,2295.076273667128,29.440298507462686,67567.73059415538,3753.76281078641,0.7650254245557094
./models/07_hype_5_32_0_src/optim.f90,stage_MonteCarlo_core_function,SUBROUTINE,1608,1,False,7,45,1602.1031051637572,23.28358208955224,37302.69916500689,2072.372175833716,0.5340343683879191
./models/07_hype_5_32_0_src/optim.f90,function_to_minim,SUBROUTINE,2339,0,False,7,52,2080.4681344434043,27.261904761904763,56717.52414137376,3150.9735634096533,0.6934893781478014
./models/07_hype_5_32_0_src/optim.f90,initialize_QN_calibration_log,SUBROUTINE,3289,3,False,7,58,1266.0033730085577,18.0,22788.06071415404,1266.0033730085577,0.4220011243361859
./models/07_hype_5_32_0_src/optim.f90,DEMC_acceptreject_proposal,SUBROUTINE,951,0,False,6,47,1088.3048863670078,26.842105263157894,29212.394318272316,1622.9107954595731,0.3627682954556693
./models/07_hype_5_32_0_src/optim.f90,write_DEMC_calibration_log,SUBROUTINE,1025,0,False,6,64,1789.4963111850427,30.43,54454.372749360846,3025.242930520047,0.5964987703950142
./models/07_hype_5_32_0_src/optim.f90,stage_MonteCarlo,SUBROUTINE,1524,2,False,6,49,1508.4965325269397,26.196721311475407,39517.66326193524,2195.4257367741798,0.5028321775089799
./models/07_hype_5_32_0_src/optim.f90,write_stageMC_calibration_log,SUBROUTINE,1718,0,False,6,65,2060.754950481732,34.166666666666664,70409.1274747925,3911.618193044028,0.686918316827244
./models/07_hype_5_32_0_src/optim.f90,linesearch_check_decim,SUBROUTINE,2302,1,False,6,24,539.231742277876,15.689655172413794,8460.36009435978,470.02000524220995,0.17974391409262536
./models/07_hype_5_32_0_src/optim.f90,direction_multiplier,SUBROUTINE,2910,1,False,6,48,1475.9393086811237,25.3125,37359.713750990944,2075.53965283283,0.4919797695603746
./models/07_hype_5_32_0_src/optim.f90,set_optpar_index,SUBROUTINE,131,2,False,5,17,356.702134347855,10.227272727272728,3648.0900103757904,202.67166724309948,0.118900711449285
./models/07_hype_5_32_0_src/optim.f90,DEMC_crossover,SUBROUTINE,869,1,False,5,21,474.0602562722345,15.84,7509.114459352194,417.17302551956635,0.15802008542407817
./models/07_hype_5_32_0_src/optim.f90,get_epsilon,SUBROUTINE,2988,0,False,5,25,586.6796462937097,18.22222222222222,10690.606888018709,593.9226048899283,0.1955598820979032
./models/07_hype_5_32_0_src/optim.f90,write_QN_calibration_log,SUBROUTINE,3370,4,False,5,34,662.43023040715,9.200000000000001,6094.358119745781,338.5754510969878,0.22081007680238335
./models/07_hype_5_32_0_src/optim.f90,DEMC_draw_R1R2,SUBROUTINE,797,1,False,4,19,525.1448089010088,18.095238095238095,9502.620351542064,527.923352863448,0.1750482696336696
./models/07_hype_5_32_0_src/optim.f90,write_DEMC_calibration_log_tail,SUBROUTINE,1116,3,False,4,30,1146.4806399138324,13.148648648648647,15074.671116704849,837.4817287058249,0.3821602133046108
./models/07_hype_5_32_0_src/optim.f90,bookkeep_result_from_simulation,SUBROUTINE,1370,1,False,4,25,625.5048708004482,18.0,11259.087674408067,625.5048708004482,0.2085016236001494
./models/07_hype_5_32_0_src/optim.f90,get_randompar_by_radius,SUBROUTINE,1682,2,False,4,24,551.0323889115764,18.0,9918.583000408375,551.0323889115764,0.18367746297052545
./models/07_hype_5_32_0_src/optim.f90,write_stageMC_calibration_log_tail,SUBROUTINE,1810,3,False,4,25,905.9093270268318,11.3,10236.7753954032,568.7097441890667,0.30196977567561056
./models/07_hype_5_32_0_src/optim.f90,load_qNstarting_vector,SUBROUTINE,2787,1,False,4,33,903.7542611281034,21.151162790697676,19115.453499907213,1061.969638883734,0.3012514203760345
./models/07_hype_5_32_0_src/optim.f90,grad_criterium_function,SUBROUTINE,2834,2,False,4,53,1873.04986122095,22.299999999999997,41769.011905227184,2320.50066140151,0.6243499537403167
./models/07_hype_5_32_0_src/optim.f90,BFGS_inv_hessian_update,SUBROUTINE,3202,3,False,4,24,584.7382639317261,9.206896551724139,5383.6247058541685,299.0902614363427,0.1949127546439087
./models/07_hype_5_32_0_src/optim.f90,find_optpar,SUBROUTINE,84,1,False,3,26,672.8568295830602,15.151515151515152,10194.800448228185,566.3778026793436,0.22428560986102006
./models/07_hype_5_32_0_src/optim.f90,DEMC_proposalgeneration,SUBROUTINE,832,1,False,2,19,489.30622957776995,11.038461538461538,5401.187995723845,300.06599976243587,0.16310207652592332
./models/07_hype_5_32_0_src/optim.f90,linesearch_methods_interruptor_printandstop,SUBROUTINE,2015,0,False,2,9,165.0586500259616,3.1,511.681815080481,28.426767504471165,0.05501955000865387
./models/07_hype_5_32_0_src/optim.f90,initialize_Brent_calibrationlog,SUBROUTINE,2586,0,False,2,29,554.9672329805361,12.178571428571429,6758.708087370101,375.4837826316723,0.1849890776601787
./models/07_hype_5_32_0_src/optim.f90,write_Brent_calibrationlog,SUBROUTINE,2631,1,False,2,17,351.86167516009664,6.477272727272727,2279.1040322869894,126.61689068261052,0.11728722505336554
./models/07_hype_5_32_0_src/optim.f90,print_calib_HYSSlog,SUBROUTINE,3243,1,False,2,13,243.00301253822127,4.3,1044.9129539143514,58.05071966190841,0.08100100417940709
./models/07_hype_5_32_0_src/optim.f90,print_calib_HYSSlog_noimp,SUBROUTINE,3266,1,False,2,13,226.17809780285066,4.2105263157894735,952.328832854108,52.90715738078378,0.07539269926761688
./models/07_hype_5_32_0_src/optim.f90,get_randompar,SUBROUTINE,1331,0,False,1,12,279.68271254399053,9.0,2517.1444128959147,139.84135627199527,0.09322757084799685
./models/07_hype_5_32_0_src/optim.f90,reduce_parameter_space,SUBROUTINE,1353,0,False,1,10,209.59328607595296,2.2,461.10522936709657,25.61695718706092,0.06986442869198432
./models/07_hype_5_32_0_src/output.f90,open_subbasinfiles,SUBROUTINE,124,9,False,46,241,9503.786332085883,86.58974358974359,822930.4216270264,45718.35675705702,3.167928777361961
./models/07_hype_5_32_0_src/output.f90,write_simulation_assessment,SUBROUTINE,1819,3,False,39,178,6400.858035906513,72.76041666666666,465729.0977167394,25873.83876204108,2.133619345302171
./models/07_hype_5_32_0_src/output.f90,write_subbasin_assessment,SUBROUTINE,1625,3,False,32,149,5920.916641962774,59.30392156862745,351133.57614934136,19507.42089718563,1.973638880654258
./models/07_hype_5_32_0_src/output.f90,open_timefiles,SUBROUTINE,810,2,False,20,102,4032.9040903954588,38.0,153250.35543502742,8513.908635279302,1.3443013634651528
./models/07_hype_5_32_0_src/output.f90,open_timefiles_classes,SUBROUTINE,953,2,False,20,110,4726.788454089522,43.21428571428571,204264.78676601147,11348.04370922286,1.575596151363174
./models/07_hype_5_32_0_src/output.f90,save_mapfiles,SUBROUTINE,1381,5,False,20,110,4144.641649373942,39.33333333333333,163022.5715420417,9056.809530113427,1.3815472164579805
./models/07_hype_5_32_0_src/output.f90,close_subbasinfiles,SUBROUTINE,752,4,False,13,45,1053.7417627876978,21.5,22655.4478999355,1258.6359944408612,0.3512472542625659
./models/07_hype_5_32_0_src/output.f90,save_loadfiles,SUBROUTINE,1530,7,False,10,60,2285.9339011311386,32.57142857142857,74456.13277969994,4136.451821094441,0.7619779670437129
./models/07_hype_5_32_0_src/output.f90,create_filename_for_basin,SUBROUTINE,407,0,False,8,55,1605.2963717779332,25.575000000000003,41055.45470822065,2280.858594901147,0.5350987905926444
./models/07_hype_5_32_0_src/output.f90,write_timefiles_netcdf,SUBROUTINE,1150,1,False,8,35,984.140807181432,14.270833333333332,14044.509435818352,780.2505242121307,0.328046935727144
./models/07_hype_5_32_0_src/output.f90,write_timefiles_netcdf_in_parallel,SUBROUTINE,1257,1,False,8,36,1023.5798905889604,14.591836734693878,14935.910648389934,829.7728137994408,0.34119329686298683
./models/07_hype_5_32_0_src/output.f90,write_subbasinfiles,SUBROUTINE,472,1,False,7,30,960.7794486851876,14.74,14161.889073619666,786.7716152010926,0.3202598162283959
./models/07_hype_5_32_0_src/output.f90,write_subbasinfiles_in_parallel,SUBROUTINE,519,1,False,7,31,1000.3049801449949,15.098039215686274,15102.643817875414,839.0357676597453,0.333434993381665
./models/07_hype_5_32_0_src/output.f90,write_regionfiles,SUBROUTINE,567,1,False,7,27,974.6369482754055,11.0,10721.00643102946,595.6114683905256,0.3248789827584685
./models/07_hype_5_32_0_src/output.f90,write_regionfiles_in_parallel,SUBROUTINE,611,1,False,7,29,1046.0239866124855,11.127272727272727,11639.394178306202,646.6330099059,0.3486746622041618
./models/07_hype_5_32_0_src/output.f90,write_subbasinfiles_class,SUBROUTINE,658,1,False,7,30,958.8708170459802,10.745098039215685,10303.160936101904,572.3978297834391,0.3196236056819934
./models/07_hype_5_32_0_src/output.f90,write_subbasinfiles_class_in_parallel,SUBROUTINE,705,1,False,7,30,966.5668641960493,11.12,10748.223529860068,597.1235294366704,0.3221889547320164
./models/07_hype_5_32_0_src/output.f90,write_timefiles,SUBROUTINE,1103,1,False,7,28,926.4783881424871,12.358490566037737,11449.874419496777,636.1041344164876,0.30882612938082904
./models/07_hype_5_32_0_src/output.f90,write_timefiles_in_parallel,SUBROUTINE,1208,1,False,7,29,966.0,12.685185185185187,12253.88888888889,680.7716049382717,0.322
./models/07_hype_5_32_0_src/output.f90,save_respar,SUBROUTINE,2043,2,False,7,43,1275.9366504290365,20.34426229508197,25957.98988823663,1442.1105493464793,0.42531221680967884
./models/07_hype_5_32_0_src/output.f90,get_parametervalues,SUBROUTINE,2112,0,False,7,27,970.6171361001769,11.833333333333334,11485.63611051876,638.09089502882,0.3235390453667256
./models/07_hype_5_32_0_src/output.f90,write_ensemble_simulations_heading,SUBROUTINE,2190,3,False,6,50,1553.8196255841365,23.53488372093023,36568.964211422004,2031.609122856778,0.5179398751947122
./models/07_hype_5_32_0_src/output.f90,close_timefiles,SUBROUTINE,1316,2,False,5,20,429.1037751197119,12.54,5380.961340001187,298.9422966667326,0.14303459170657062
./models/07_hype_5_32_0_src/output.f90,close_timefiles_class,SUBROUTINE,1349,2,False,5,19,423.9338501182696,12.32,5222.865033457082,290.15916852539345,0.14131128337275653
./models/07_hype_5_32_0_src/output.f90,write_simulation_results_perf_and_par,SUBROUTINE,2299,0,False,4,30,893.5940001153849,17.894736842105264,15990.629475748994,888.3683042082774,0.2978646667051283
./models/07_hype_5_32_0_src/output.f90,prepare_outputfiles,SUBROUTINE,64,0,False,2,23,625.5048708004482,14.403846153846153,9009.675927491071,500.5375515272817,0.2085016236001494
./models/07_hype_5_32_0_src/output.f90,close_outputfiles,SUBROUTINE,96,0,False,2,20,374.9736839204931,10.166666666666666,3812.2324531916797,211.79069184398222,0.1249912279734977
./models/07_hype_5_32_0_src/output.f90,save_ensemble_simulations,SUBROUTINE,2256,1,False,2,22,720.4601625930292,15.31081081081081,11030.829246187865,612.8238470104369,0.24015338753100973
./models/07_hype_5_32_0_src/output.f90,prepare_save_all_simulations,SUBROUTINE,2165,0,False,1,14,420.60120738948723,10.557692307692308,4440.578131862087,246.69878510344927,0.1402004024631624
./models/07_hype_5_32_0_src/random_routines.f90,VPASSM,SUBROUTINE,1574,20,False,26,239,23516.802957079337,146.8988764044944,3454591.9310208457,191921.77394560253,7.838934319026445
./models/07_hype_5_32_0_src/random_routines.f90,FAX,SUBROUTINE,1448,2,False,16,55,1573.3213622069413,27.150000000000002,42715.67498391846,2373.0930546621366,0.5244404540689804
./models/07_hype_5_32_0_src/random_routines.f90,FFT991,SUBROUTINE,1264,6,False,12,73,2186.119516129329,30.226415094339625,66078.55594036198,3671.0308855756657,0.728706505376443
./models/07_hype_5_32_0_src/random_routines.f90,deallocate_randxy_data,SUBROUTINE,244,0,False,11,13,355.7777112450796,3.6842105263157894,1310.7599887976617,72.81999937764787,0.11859257041502654
./models/07_hype_5_32_0_src/random_routines.f90,fft2d,SUBROUTINE,581,8,False,10,79,3037.643957783919,38.25,116189.88138523491,6454.993410290828,1.0125479859279731
./models/07_hype_5_32_0_src/random_routines.f90,FFTRIG,SUBROUTINE,1518,4,False,10,45,1343.2377731663844,33.857142857142854,45478.193177204725,2526.5662876224847,0.4477459243887948
./models/07_hype_5_32_0_src/random_routines.f90,adjust_nxl4fft,SUBROUTINE,264,4,False,9,36,690.0,24.973684210526315,17231.842105263157,957.3245614035087,0.23
./models/07_hype_5_32_0_src/random_routines.f90,gen_corr,SUBROUTINE,442,2,False,9,44,1901.6695909149819,48.6,92421.14211846812,5134.507895470451,0.6338898636383273
./models/07_hype_5_32_0_src/random_routines.f90,init_randxy_data,SUBROUTINE,137,3,False,8,58,2445.0813320895527,37.0188679245283,90514.14289735287,5028.563494297381,0.8150271106965176
./models/07_hype_5_32_0_src/random_routines.f90,corr_to_spec,SUBROUTINE,362,6,False,8,40,1094.6526501413466,26.185714285714283,28664.26153870126,1592.4589743722922,0.3648842167137822
./models/07_hype_5_32_0_src/random_routines.f90,FFT99A,SUBROUTINE,1085,4,False,6,59,2233.9850002884623,39.54054054054054,88332.97447086542,4907.387470603634,0.7446616667628208
./models/07_hype_5_32_0_src/random_routines.f90,FFT99B,SUBROUTINE,1170,4,False,6,64,2501.539575809429,40.0125,100092.8522770748,5560.714015393044,0.8338465252698097
./models/07_hype_5_32_0_src/random_routines.f90,interpol_grid2point,SUBROUTINE,539,3,False,4,22,842.4138179328617,19.2,16174.345304310944,898.5747391283858,0.2808046059776206
./models/07_hype_5_32_0_src/random_routines.f90,random_field,SUBROUTINE,325,2,False,3,19,612.0217309120467,13.064516129032258,7995.767774818674,444.2093208232597,0.2040072436373489
./models/07_hype_5_32_0_src/random_routines.f90,SET99,SUBROUTINE,1418,0,False,3,16,349.0333754971397,15.0,5235.500632457095,290.8611462476164,0.11634445849904655
./models/07_hype_5_32_0_src/random_routines.f90,rgauss,FUNCTION,87,1,False,2,13,247.58797503894243,11.100000000000001,2748.2265229322616,152.67925127401452,0.08252932501298081
./models/07_hype_5_32_0_src/random_routines.f90,resample_randxy_data,SUBROUTINE,115,0,False,1,6,259.5971657911106,3.0,778.7914973733318,43.266194298518435,0.08653238859703688
./models/07_hype_5_32_0_src/readwrite.f90,open_timefiles_netcdf,SUBROUTINE,2095,4,False,49,215,9383.57360398671,55.60283687943262,521753.3124486227,28986.295136034594,3.1278578679955698
./models/07_hype_5_32_0_src/readwrite.f90,load_and_check_qobs_netcdf,SUBROUTINE,1818,2,False,22,96,3202.6951119267405,37.66860465116279,120641.05598937995,6702.280888298887,1.0675650373089136
./models/07_hype_5_32_0_src/readwrite.f90,get_first_column_string_for_dataline,SUBROUTINE,3003,0,False,22,87,1649.6410909142012,27.3,45035.201781957694,2501.955654553205,0.549880363638067
./models/07_hype_5_32_0_src/readwrite.f90,read_next_codestr_on_line,SUBROUTINE,4120,3,False,17,60,1665.031597495102,42.5,70763.84289354183,3931.3246051967685,0.5550105324983673
./models/07_hype_5_32_0_src/readwrite.f90,check_obs_timeperiod,SUBROUTINE,502,4,False,15,111,3612.999357943387,49.57142857142857,179101.5396009079,9950.085533383774,1.2043331193144624
./models/07_hype_5_32_0_src/readwrite.f90,check_netcdf_forcing_timeperiod,SUBROUTINE,1020,1,False,15,106,3249.471141540118,40.7037037037037,132265.5105389848,7348.083918832488,1.0831570471800394
./models/07_hype_5_32_0_src/readwrite.f90,check_netcdf_observation_timeperiod,SUBROUTINE,1163,1,False,15,111,3503.7262762440064,44.048780487804876,154334.86963162624,8574.159423979236,1.1679087587480022
./models/07_hype_5_32_0_src/readwrite.f90,count_data_negative_in_ncfile,SUBROUTINE,1663,3,False,15,62,1801.229447568819,39.61702127659575,71359.34534836472,3964.408074909151,0.6004098158562731
./models/07_hype_5_32_0_src/readwrite.f90,check_xobs_netcdf,SUBROUTINE,1944,0,False,15,69,1972.441565604857,23.651515151515152,46651.23157438154,2591.7350874656413,0.6574805218682857
./models/07_hype_5_32_0_src/readwrite.f90,print_output_information_to_logfile,SUBROUTINE,4708,1,False,14,25,871.9781128806443,29.478260869565215,25704.398284046816,1428.0221268914897,0.29065937096021477
./models/07_hype_5_32_0_src/readwrite.f90,read_parameterline,SUBROUTINE,4619,3,False,13,56,1791.0826759439917,49.875,89330.24846270659,4962.791581261477,0.5970275586479973
./models/07_hype_5_32_0_src/readwrite.f90,count_data_missing_in_ncfile,SUBROUTINE,1746,3,False,12,55,1542.1382202629786,27.1875,41926.88286339973,2329.271270188874,0.5140460734209928
./models/07_hype_5_32_0_src/readwrite.f90,find_reorder_index,SUBROUTINE,177,4,False,11,51,1048.4198346928104,32.30769230769231,33872.02542853695,1881.779190474275,0.34947327823093677
./models/07_hype_5_32_0_src/readwrite.f90,read_basindata6,SUBROUTINE,3914,2,False,11,74,2072.464779273078,37.93518518518518,78619.33519149815,4367.740843972119,0.690821593091026
./models/07_hype_5_32_0_src/readwrite.f90,load_xobs_netcdf,SUBROUTINE,2037,2,False,10,43,1326.533875310097,27.066037735849058,35904.015927025175,1994.6675515013985,0.44217795843669905
./models/07_hype_5_32_0_src/readwrite.f90,create_filename_for_variable,SUBROUTINE,2887,0,False,10,71,2244.4061258437528,40.26829268292683,90378.40277483013,5021.022376379452,0.748135375281251
./models/07_hype_5_32_0_src/readwrite.f90,write_comment_with_metadata,SUBROUTINE,3138,1,False,10,80,2629.215491083138,42.63888888888889,112106.82718923938,6228.157066068855,0.8764051636943794
./models/07_hype_5_32_0_src/readwrite.f90,write_sepsep,SUBROUTINE,3299,2,False,10,56,1457.6752126882218,35.205882352941174,51318.74204670004,2851.041224816669,0.4858917375627406
./models/07_hype_5_32_0_src/readwrite.f90,read_basindata5,SUBROUTINE,3829,2,False,10,66,1832.6246416123954,32.74074074074074,60001.488266124354,3333.4160147846865,0.6108748805374651
./models/07_hype_5_32_0_src/readwrite.f90,read_column_headings2,SUBROUTINE,4041,1,False,10,59,1988.787741452483,48.31578947368421,96089.84982386208,5338.32499021456,0.6629292471508277
./models/07_hype_5_32_0_src/readwrite.f90,read_next_date_on_line,SUBROUTINE,4202,1,False,10,69,2076.0,47.5,98610.0,5478.333333333333,0.692
./models/07_hype_5_32_0_src/readwrite.f90,read_next_integer_on_info_line,SUBROUTINE,4351,0,False,10,45,977.6076378952642,16.35135135135135,15985.205970990131,888.0669983883406,0.3258692126317547
./models/07_hype_5_32_0_src/readwrite.f90,check_station_array,SUBROUTINE,304,2,False,9,43,973.7464772757438,27.257142857142856,26541.546837744558,1474.5303798746977,0.3245821590919146
./models/07_hype_5_32_0_src/readwrite.f90,read_geoclass,SUBROUTINE,3752,3,False,9,56,1411.1445255616893,37.13414634146341,52401.64732116273,2911.202628953485,0.4703815085205631
./models/07_hype_5_32_0_src/readwrite.f90,check_file_station_id_order,SUBROUTINE,130,1,False,8,32,901.9156293734677,28.25,25479.116529800463,1415.5064738778035,0.30063854312448923
./models/07_hype_5_32_0_src/readwrite.f90,open_netcdf_file_and_get_ids,SUBROUTINE,883,0,False,8,57,1442.9804299376085,21.025641025641026,30339.588526893305,1685.532695938517,0.4809934766458695
./models/07_hype_5_32_0_src/readwrite.f90,calculate_seconds_beginning_period,SUBROUTINE,2369,0,False,8,28,816.8292492438953,15.23076923076923,12440.937796176251,691.1632108986806,0.2722764164146318
./models/07_hype_5_32_0_src/readwrite.f90,load_one_netcdf_forcing_variable,SUBROUTINE,774,0,False,7,38,1004.6724015159655,19.80232558139535,19894.849997461504,1105.269444303417,0.33489080050532183
./models/07_hype_5_32_0_src/readwrite.f90,read_next_column,SUBROUTINE,4300,1,False,7,33,729.4619243686584,23.400000000000002,17069.40903022661,948.3005016792561,0.2431539747895528
./models/07_hype_5_32_0_src/readwrite.f90,read_matrix,SUBROUTINE,717,1,False,6,41,987.6748332105767,27.428571428571427,27090.509710918675,1505.0283172732597,0.32922494440352557
./models/07_hype_5_32_0_src/readwrite.f90,get_netcdf_forcing_id_order,SUBROUTINE,832,0,False,6,34,890.5707786895248,13.780487804878048,12272.499755111743,681.8055419506524,0.2968569262298416
./models/07_hype_5_32_0_src/readwrite.f90,close_timefiles_netcdf,SUBROUTINE,2472,2,False,6,27,652.3289143267219,12.461538461538463,8129.021855456074,451.61232530311526,0.21744297144224065
./models/07_hype_5_32_0_src/readwrite.f90,check_station_txt,SUBROUTINE,249,1,False,5,36,1036.7536022759389,24.05128205128205,24935.2533060213,1385.2918503345165,0.34558453409197964
./models/07_hype_5_32_0_src/readwrite.f90,read_matrix_line,SUBROUTINE,679,0,False,5,29,698.807247185574,16.875,11792.372296256563,655.1317942364757,0.23293574906185802
./models/07_hype_5_32_0_src/readwrite.f90,load_netcdf_dates_of_forcing_variable,SUBROUTINE,1352,1,False,5,30,789.000949901989,12.352941176470587,9746.482322318687,541.4712401288159,0.2630003166339963
./models/07_hype_5_32_0_src/readwrite.f90,transform_time_since_to_datetype,SUBROUTINE,1493,0,False,5,24,959.8325012546194,20.0,19196.65002509239,1066.4805569495772,0.3199441670848731
./models/07_hype_5_32_0_src/readwrite.f90,get_time_since_from_date,SUBROUTINE,1553,0,False,5,19,470.4631751312504,7.724137931034482,3633.9224561862097,201.88458089923387,0.15682105837708346
./models/07_hype_5_32_0_src/readwrite.f90,get_one_current_forcing_data_netcdf,SUBROUTINE,1584,0,False,5,29,736.6256002769239,17.5,12890.948004846168,716.1637780470094,0.24554186675897463
./models/07_hype_5_32_0_src/readwrite.f90,get_one_current_observation_data_netcdf,SUBROUTINE,1629,1,False,5,22,664.438772729331,18.16216216216216,12067.64473713812,670.4247076187844,0.221479590909777
./models/07_hype_5_32_0_src/readwrite.f90,write_array_to_file,SUBROUTINE,4528,1,False,5,31,1206.5343877188427,40.285714285714285,48606.09961953052,2700.3388677516955,0.4021781292396142
./models/07_hype_5_32_0_src/readwrite.f90,check_xobs,SUBROUTINE,362,2,False,4,38,1061.1428751370197,22.333333333333336,23698.857544726776,1316.6031969292653,0.3537142917123399
./models/07_hype_5_32_0_src/readwrite.f90,prepare_read_matrix,SUBROUTINE,448,2,False,4,39,1047.1104627864079,18.977777777777778,19871.829671546497,1103.9905373081388,0.3490368209288026
./models/07_hype_5_32_0_src/readwrite.f90,find_common_timeperiod,SUBROUTINE,648,0,False,4,20,427.5023275712263,13.142857142857142,5618.602019507545,312.14455663930806,0.14250077585707543
./models/07_hype_5_32_0_src/readwrite.f90,get_calendar_from_netcdf_file,SUBROUTINE,1455,0,False,4,22,515.4951516966993,11.171875,5759.047397861562,319.9470776589757,0.1718317172322331
./models/07_hype_5_32_0_src/readwrite.f90,write_dataline,SUBROUTINE,3104,0,False,4,25,697.6730928898169,12.03125,8393.87939883061,466.32663326836723,0.23255769762993897
./models/07_hype_5_32_0_src/readwrite.f90,count_words,FUNCTION,3395,1,False,4,15,603.5475432598478,22.86842105263158,13802.17934454757,766.7877413637539,0.20118251441994925
./models/07_hype_5_32_0_src/readwrite.f90,count_data_comment_cols_and_rows,SUBROUTINE,3430,2,False,4,43,1004.0192855289547,26.285714285714285,26391.364076761092,1466.186893153394,0.3346730951763182
./models/07_hype_5_32_0_src/readwrite.f90,check_netcdf_station_id_order,SUBROUTINE,975,0,False,3,28,668.3509966828985,13.472222222222223,9004.173149755718,500.23184165309544,0.22278366556096618
./models/07_hype_5_32_0_src/readwrite.f90,read_netcdf_forcing_matrix,SUBROUTINE,1303,1,False,3,20,558.4962500721156,13.928571428571429,7779.054911718753,432.1697173177085,0.1861654166907052
./models/07_hype_5_32_0_src/readwrite.f90,open_timefiles_netcdf,SUBROUTINE,2808,1,False,3,16,340.86001036377274,9.36,3190.4496970049127,177.24720538916182,0.11362000345459092
./models/07_hype_5_32_0_src/readwrite.f90,write_integer_header,SUBROUTINE,2968,1,False,3,23,570.0,16.434782608695652,9367.826086956522,520.4347826086956,0.19
./models/07_hype_5_32_0_src/readwrite.f90,write_mathsep,SUBROUTINE,3254,1,False,3,31,833.512538500632,18.964285714285715,15806.969926565558,878.1649959203088,0.277837512833544
./models/07_hype_5_32_0_src/readwrite.f90,count_data_comment_and_cols,SUBROUTINE,3495,1,False,3,37,835.2907160866592,23.058823529411764,19260.82121799826,1070.0456232221254,0.27843023869555306
./models/07_hype_5_32_0_src/readwrite.f90,count_data_cols,SUBROUTINE,3551,1,False,3,35,872.7227890570081,20.28787878787879,17705.69415980809,983.6496755448939,0.29090759635233604
./models/07_hype_5_32_0_src/readwrite.f90,count_data_rows,SUBROUTINE,3600,2,False,3,32,734.426077094456,15.0,11016.39115641684,612.0217309120467,0.24480869236481867
./models/07_hype_5_32_0_src/readwrite.f90,count_comment_rows,SUBROUTINE,3648,1,False,3,32,701.4923684192406,19.596774193548388,13746.987542409313,763.7215301338507,0.2338307894730802
./models/07_hype_5_32_0_src/readwrite.f90,skip_comment_rows,SUBROUTINE,3697,1,False,3,14,239.7487836710217,9.6,2301.588323241808,127.86601795787823,0.0799162612236739
./models/07_hype_5_32_0_src/readwrite.f90,get_number_of_classgroups,SUBROUTINE,3724,0,False,3,15,356.72482509951953,5.699999999999999,2033.331503067261,112.9628612815145,0.11890827503317318
./models/07_hype_5_32_0_src/readwrite.f90,add_number_to_filename,SUBROUTINE,4416,0,False,3,21,470.0,14.545454545454547,6836.363636363637,379.79797979797985,0.15666666666666668
./models/07_hype_5_32_0_src/readwrite.f90,read_array_from_file,SUBROUTINE,4446,1,False,3,16,475.0,22.236842105263158,10562.5,586.8055555555555,0.15833333333333333
./models/07_hype_5_32_0_src/readwrite.f90,read_array_from_file2,SUBROUTINE,4471,1,False,3,16,465.0,22.236842105263158,10340.131578947368,574.4517543859649,0.155
./models/07_hype_5_32_0_src/readwrite.f90,read_array_from_binfile,SUBROUTINE,4496,1,False,3,22,666.4867942073354,25.083333333333336,16717.71042136733,928.7616900759627,0.22216226473577846
./models/07_hype_5_32_0_src/readwrite.f90,write_array_to_file2,SUBROUTINE,4568,1,False,3,15,394.65566267956785,20.28125,8004.1101587199855,444.6727865955547,0.13155188755985595
./models/07_hype_5_32_0_src/readwrite.f90,write_array_to_binfile,SUBROUTINE,4592,1,False,3,18,500.3720424981399,22.0,11008.184934959078,611.5658297199487,0.16679068083271328
./models/07_hype_5_32_0_src/readwrite.f90,get_id_of_netcdf_variable,SUBROUTINE,952,0,False,2,13,279.69276394968557,9.0,2517.2348755471703,139.84638197484279,0.09323092131656185
./models/07_hype_5_32_0_src/readwrite.f90,close_netcdf_file,SUBROUTINE,1335,0,False,2,9,171.8226790216648,5.638888888888889,968.8889955943878,53.827166421910434,0.057274226340554936
./models/07_hype_5_32_0_src/readwrite.f90,load_one_current_date_netcdf,SUBROUTINE,1398,0,False,2,15,302.6636471615072,5.666666666666666,1715.0940005818738,95.28300003232633,0.10088788238716906
./models/07_hype_5_32_0_src/readwrite.f90,read_one_current_date_netcdf,SUBROUTINE,1428,0,False,2,15,379.83853282914686,10.258064516129032,3896.4081754731837,216.46712085962133,0.12661284427638228
./models/07_hype_5_32_0_src/readwrite.f90,write_data_to_netcdf,SUBROUTINE,2435,0,False,2,26,750.357579547779,13.75,10317.41671878196,573.1898177101089,0.250119193182593
./models/07_hype_5_32_0_src/readwrite.f90,check_character,FUNCTION,3372,0,False,2,5,400.0,8.666666666666666,3466.6666666666665,192.59259259259258,0.13333333333333333
./models/07_hype_5_32_0_src/readwrite.f90,log_progress,SUBROUTINE,4692,0,False,2,9,120.0,6.6000000000000005,792.0000000000001,44.00000000000001,0.04
./models/07_hype_5_32_0_src/readwrite.f90,read_headings_pointsource_timeseries,SUBROUTINE,416,0,False,1,21,564.2211318639463,12.0,6770.653582367356,376.14742124263086,0.18807371062131545
./models/07_hype_5_32_0_src/readwrite.f90,get_date_from_time_since,SUBROUTINE,1529,0,False,1,11,237.74437510817341,2.875,683.5150784359986,37.97305991311103,0.0792481250360578
./models/07_hype_5_32_0_src/readwrite.f90,calculate_next_time_index_of_ncfile,SUBROUTINE,2415,0,False,1,10,172.8771237954945,3.0,518.6313713864835,28.81285396591575,0.0576257079318315
./models/07_hype_5_32_0_src/readwrite.f90,load_one_netcdf_forcing_variable,SUBROUTINE,2511,0,False,1,15,317.79682951958256,6.111111111111112,1942.0917359530047,107.89398533072249,0.10593227650652752
./models/07_hype_5_32_0_src/readwrite.f90,open_netcdf_file_and_get_ids,SUBROUTINE,2533,0,False,1,16,289.50796518764884,5.578947368421052,1615.149700520567,89.73053891780927,0.09650265506254961
./models/07_hype_5_32_0_src/readwrite.f90,get_netcdf_forcing_id_order,SUBROUTINE,2556,0,False,1,9,153.73110979725664,1.736842105263158,267.0066643847089,14.833703576928274,0.05124370326575221
./models/07_hype_5_32_0_src/readwrite.f90,check_netcdf_station_id_order,SUBROUTINE,2572,0,False,1,12,230.70165975890765,2.238095238095238,516.332286127079,28.685127007059943,0.07690055325296921
./models/07_hype_5_32_0_src/readwrite.f90,get_id_of_netcdf_variable,SUBROUTINE,2590,0,False,1,9,150.11730005192322,3.1000000000000005,465.3636301609621,25.853535008942337,0.05003910001730774
./models/07_hype_5_32_0_src/readwrite.f90,check_netcdf_forcing_timeperiod,SUBROUTINE,2605,0,False,1,10,189.98960215439456,1.9047619047619047,361.88495648456103,20.104719804697837,0.06332986738479819
./models/07_hype_5_32_0_src/readwrite.f90,check_netcdf_observation_timeperiod,SUBROUTINE,2621,0,False,1,15,347.8325391424408,2.9166666666666665,1014.5115724987857,56.36175402771031,0.11594417971414693
./models/07_hype_5_32_0_src/readwrite.f90,load_netcdf_dates_of_forcing_variable,SUBROUTINE,2643,0,False,1,8,129.65784284662087,1.5555555555555556,201.68997776141023,11.204998764522792,0.043219280948873624
./models/07_hype_5_32_0_src/readwrite.f90,close_netcdf_file,SUBROUTINE,2657,0,False,1,6,74.00879436282185,1.6363636363636365,121.10529986643576,6.728072214801987,0.024669598120940616
./models/07_hype_5_32_0_src/readwrite.f90,load_one_current_date_netcdf,SUBROUTINE,2669,0,False,1,9,180.94247824228052,1.8095238095238095,327.4197225336505,18.189984585202804,0.0603141594140935
./models/07_hype_5_32_0_src/readwrite.f90,get_one_current_forcing_data_netcdf,SUBROUTINE,2684,0,False,1,9,158.12342722003538,1.7894736842105263,282.9577118674317,15.719872881523985,0.05270780907334513
./models/07_hype_5_32_0_src/readwrite.f90,get_one_current_observation_data_netcdf,SUBROUTINE,2699,0,False,1,9,158.12342722003538,1.7894736842105263,282.9577118674317,15.719872881523985,0.05270780907334513
./models/07_hype_5_32_0_src/readwrite.f90,count_data_negative_in_ncfile,SUBROUTINE,2714,0,False,1,15,276.7159976350619,3.1052631578947367,859.2759926562449,47.73755514756916,0.09223866587835397
./models/07_hype_5_32_0_src/readwrite.f90,count_data_missing_in_ncfile,SUBROUTINE,2734,0,False,1,15,287.9190837660329,2.5217391304347827,726.0568199317352,40.33648999620751,0.09597302792201096
./models/07_hype_5_32_0_src/readwrite.f90,load_and_check_qobs_netcdf,SUBROUTINE,2755,0,False,1,11,239.7487836710217,3.5250000000000004,845.1144624403515,46.95080346890842,0.0799162612236739
./models/07_hype_5_32_0_src/readwrite.f90,check_xobs_netcdf,SUBROUTINE,2772,0,False,1,13,301.19482169790945,3.2884615384615388,990.4675867373562,55.025977040964236,0.10039827389930314
./models/07_hype_5_32_0_src/readwrite.f90,load_xobs_netcdf,SUBROUTINE,2791,0,False,1,11,222.90509710918678,2.0,445.81019421837357,24.767233012131864,0.0743016990363956
./models/07_hype_5_32_0_src/readwrite.f90,calculate_seconds_beginning_period,SUBROUTINE,2832,0,False,1,8,153.73110979725664,1.736842105263158,267.0066643847089,14.833703576928274,0.05124370326575221
./models/07_hype_5_32_0_src/readwrite.f90,calculate_next_time_index_of_ncfile,SUBROUTINE,2848,0,False,1,5,62.26976913547135,1.7777777777777777,110.7018117963935,6.150100655355194,0.020756589711823783
./models/07_hype_5_32_0_src/readwrite.f90,write_data_to_netcdf,SUBROUTINE,2858,0,False,1,9,181.52097998526924,1.0789473684210527,195.8515836683168,10.880643537128712,0.060506993328423075
./models/07_hype_5_32_0_src/readwrite.f90,close_timefiles_netcdf,SUBROUTINE,2872,0,False,1,4,50.718800023076994,0.9375,47.548875021634686,2.6416041678685938,0.016906266674359
./models/07_hype_5_32_0_src/readwrite.f90,write_commentline_to_file,SUBROUTINE,3236,0,False,1,9,178.41295556463058,5.7142857142857135,1019.5026032264603,56.63903351258113,0.059470985188210194
./models/07_hype_5_32_0_src/readwrite.f90,read_column_headings,SUBROUTINE,4002,0,False,1,21,509.04896880402777,10.266666666666667,5226.236079721352,290.34644887340846,0.1696829896013426
./models/07_hype_5_32_0_src/readwrite.f90,compress_and_delete_file,SUBROUTINE,4743,0,False,1,25,850.1642571778608,19.821428571428573,16851.4700976326,936.192783201811,0.2833880857259536
./models/07_hype_5_32_0_src/readwrite.f90,decompress_file_in_place,SUBROUTINE,4782,0,False,1,22,675.0,13.16,8883.0,493.5,0.225
./models/07_hype_5_32_0_src/regional_groundwater.f90,calculate_river_groundwaterflow_removal,SUBROUTINE,365,1,False,29,88,3730.4642840964134,47.32394366197183,176540.28161357675,9807.793422976487,1.2434880946988045
./models/07_hype_5_32_0_src/regional_groundwater.f90,calculate_river_floodplain_groundwaterflow_removal,SUBROUTINE,486,0,False,13,42,1523.1873180783302,25.03846153846154,38138.26707957665,2118.7926155320365,0.5077291060261101
./models/07_hype_5_32_0_src/regional_groundwater.f90,calculate_aquifer,SUBROUTINE,620,3,False,13,59,2530.890654244729,25.352112676056336,64163.4250371903,3564.6347242883503,0.8436302180815763
./models/07_hype_5_32_0_src/regional_groundwater.f90,initiate_regional_groundwater_flow,SUBROUTINE,99,0,False,12,27,1087.583056937471,30.827586206896555,33527.56044489997,1862.6422469388874,0.36252768564582366
./models/07_hype_5_32_0_src/regional_groundwater.f90,calculate_regional_groundwater_flow,SUBROUTINE,212,2,False,11,52,2499.3961123064955,36.7910447761194,91955.39428112702,5108.633015618168,0.8331320374354985
./models/07_hype_5_32_0_src/regional_groundwater.f90,initiate_aquifer_model,SUBROUTINE,170,1,False,8,19,630.901138465115,17.599999999999998,11103.860036986021,616.88111316589,0.21030037948837166
./models/07_hype_5_32_0_src/regional_groundwater.f90,initiate_aquifer_state,SUBROUTINE,141,1,False,6,13,442.6092671887795,4.866666666666666,2154.0317669853935,119.66843149918853,0.14753642239625983
./models/07_hype_5_32_0_src/regional_groundwater.f90,set_percolation_concentration,SUBROUTINE,555,0,False,6,13,381.4731158997894,10.08695652173913,3847.902734293528,213.7723741274182,0.12715770529992979
./models/07_hype_5_32_0_src/regional_groundwater.f90,calculate_aquifer_percolation,SUBROUTINE,579,2,False,6,17,555.0,17.954545454545453,9964.772727272726,553.5984848484848,0.185
./models/07_hype_5_32_0_src/regional_groundwater.f90,calculate_current_flow_from_aquifer,SUBROUTINE,798,2,False,6,31,792.9176966834764,18.883333333333333,14972.929172372978,831.8293984651655,0.26430589889449213
./models/07_hype_5_32_0_src/regional_groundwater.f90,calculate_soillayer_groundwaterflow_removal,SUBROUTINE,325,0,False,5,21,559.9277472487884,17.0625,9553.767187432451,530.7648437462473,0.18664258241626278
./models/07_hype_5_32_0_src/regional_groundwater.f90,calculate_percolation_delay,SUBROUTINE,706,1,False,4,19,640.6380531585236,21.52173913043478,13787.645057107355,765.9802809504085,0.21354601771950785
./models/07_hype_5_32_0_src/regional_groundwater.f90,calculate_aquifer_outflow,SUBROUTINE,762,0,False,4,16,576.6445751146158,11.0,6343.0903262607735,352.3939070144874,0.1922148583715386
./models/07_hype_5_32_0_src/regional_groundwater.f90,calculate_aquifer_waterlevel,FUNCTION,985,2,False,4,15,434.2737001211542,9.428571428571429,4094.580601142311,227.47670006346172,0.14475790004038475
./models/07_hype_5_32_0_src/regional_groundwater.f90,calculate_aquifer_conc,FUNCTION,1010,2,False,4,16,386.42731221017624,7.5600000000000005,2921.3904803089326,162.29947112827404,0.12880910407005874
./models/07_hype_5_32_0_src/regional_groundwater.f90,add_regional_groundwater_flow_to_soil,SUBROUTINE,852,1,False,3,26,890.3293958827976,15.875,14133.979159639412,785.2210644244118,0.2967764652942659
./models/07_hype_5_32_0_src/regional_groundwater.f90,add_regional_groundwater_flow_to_olake,SUBROUTINE,901,0,False,3,24,751.2044260237537,21.075757575757574,15832.202372712749,879.5667984840416,0.25040147534125123
./models/07_hype_5_32_0_src/regional_groundwater.f90,add_aquifer_flow_to_river,SUBROUTINE,948,0,False,3,23,538.5747167792215,19.82608695652174,10677.829167448912,593.2127315249395,0.17952490559307382
./models/07_hype_5_32_0_src/regional_groundwater.f90,calculate_delayed_water,SUBROUTINE,740,1,False,2,9,200.67442283867837,6.75,1354.552354161079,75.25290856450438,0.06689147427955945
./models/07_hype_5_32_0_src/soilmodel0.f90,soilmodel_0,SUBROUTINE,101,3,False,96,371,24245.379671705585,85.70204081632653,2077878.5182318455,115437.69545732475,8.081793223901862
./models/07_hype_5_32_0_src/soilmodel0.f90,update_rootzone_concentration,SUBROUTINE,676,2,False,5,13,302.86336008962905,8.0,2422.9068807170324,134.60593781761293,0.10095445336320968
./models/07_hype_5_32_0_src/soilmodel0.f90,update_rootzone_model_concentration,SUBROUTINE,701,1,False,4,9,180.0850143339292,7.5,1350.6376075044689,75.03542263913715,0.06002833811130973
./models/07_hype_5_32_0_src/soilmodel0.f90,set_model_for_substances,SUBROUTINE,721,1,False,4,11,210.83123629338053,8.75,1844.7733175670796,102.48740653150442,0.07027707876446018
./models/07_hype_5_32_0_src/soilmodel0.f90,zero_rootzone_model_values,SUBROUTINE,744,1,False,4,9,175.69269691115042,7.250000000000001,1273.7720526058406,70.76511403365781,0.05856423230371681
./models/07_hype_5_32_0_src/soilmodel4.f90,soilmodel_4,SUBROUTINE,98,0,False,66,350,18810.3615957338,76.05042016806722,1430535.9028688308,79474.21682604616,6.2701205319112665
./models/07_hype_5_32_0_src/soilmodel5.f90,distribute_soil_load,SUBROUTINE,263,2,False,16,79,2956.4350237489266,29.123456790123456,86101.60766695948,4783.4226481644155,0.9854783412496422
./models/07_hype_5_32_0_src/soilmodel5.f90,decay_of_simplesubstance,SUBROUTINE,85,0,False,12,27,1662.2083828235748,18.394736842105264,30575.88577878102,1698.66032104339,0.5540694609411916
./models/07_hype_5_32_0_src/soilmodel5.f90,decay_of_simplesubstance_sorbedphase,SUBROUTINE,133,0,False,12,27,1560.0700600334783,16.0,24961.120960535653,1386.7289422519807,0.5200233533444928
./models/07_hype_5_32_0_src/soilmodel5.f90,release_from_pool,SUBROUTINE,226,0,False,11,22,849.8520943066785,8.341463414634145,7089.010152509366,393.83389736163144,0.2832840314355595
./models/07_hype_5_32_0_src/soilmodel5.f90,left_after_decay,SUBROUTINE,181,0,False,10,31,999.0759862106254,23.8125,23790.49692164052,1321.6942734244733,0.3330253287368751
./models/07_hype_5_32_0_src/soilmodel5.f90,soil_traveltime_processes,SUBROUTINE,50,0,False,5,18,803.6328006927125,16.0,12858.1248110834,714.3402672824111,0.2678776002309042
./models/07_hype_5_32_0_src/soil_proc.f90,calculate_snow,SUBROUTINE,433,0,False,46,202,7427.294689623547,64.5045045045045,479093.9637631044,26616.331320172467,2.4757648965411825
./models/07_hype_5_32_0_src/soil_proc.f90,calculate_infiltration_flow_diversion,SUBROUTINE,1682,0,False,23,139,5520.764841788717,59.891304347826086,330645.80737234594,18369.211520685887,1.8402549472629055
./models/07_hype_5_32_0_src/soil_proc.f90,calculate_actual_soil_evapotranspiration,SUBROUTINE,1341,3,False,21,83,3364.529828982726,55.07042253521127,185286.07931440085,10293.67107302227,1.1215099429942421
./models/07_hype_5_32_0_src/soil_proc.f90,initiate_soil_water,SUBROUTINE,132,5,False,19,58,2033.2125889776132,28.36363636363636,57669.30252372866,3203.8501402071474,0.6777375296592044
./models/07_hype_5_32_0_src/soil_proc.f90,recalculate_soil_state_variables,SUBROUTINE,345,7,False,18,59,2334.0,53.413043478260875,124666.04347826088,6925.891304347827,0.778
./models/07_hype_5_32_0_src/soil_proc.f90,add_macropore_flow,SUBROUTINE,2126,0,False,17,73,3058.970054857901,70.27027027027027,214954.65250352817,11941.925139084899,1.0196566849526336
./models/07_hype_5_32_0_src/soil_proc.f90,calculate_tile_drainage,SUBROUTINE,1460,3,False,15,61,2465.1529861546933,44.28947368421053,109180.32830785129,6065.573794880627,0.8217176620515644
./models/07_hype_5_32_0_src/soil_proc.f90,calculate_soil_runoff,SUBROUTINE,1551,3,False,15,59,2317.1205528644673,50.36363636363636,116698.61693517407,6483.25649639856,0.7723735176214891
./models/07_hype_5_32_0_src/soil_proc.f90,calculate_glacier_melt,SUBROUTINE,1126,0,False,13,67,2111.9070642141814,37.18103448275862,78522.889378929,4362.3827432738335,0.7039690214047272
./models/07_hype_5_32_0_src/soil_proc.f90,percolation,SUBROUTINE,2033,0,False,13,54,3032.552306202826,30.908450704225352,93731.49346425495,5207.305192458608,1.0108507687342754
./models/07_hype_5_32_0_src/soil_proc.f90,calculate_relative_surface_soil_moisture,SUBROUTINE,2612,1,False,13,62,2675.1453329918777,49.568627450980394,132603.28238830328,7366.849021572405,0.8917151109972926
./models/07_hype_5_32_0_src/soil_proc.f90,calculate_porevolumes,SUBROUTINE,231,1,False,11,27,1463.1276737947958,17.763157894736842,25989.76788977598,1443.8759938764433,0.48770922459826527
./models/07_hype_5_32_0_src/soil_proc.f90,calculate_unfrozen_soil_water,SUBROUTINE,2380,3,False,11,61,2196.493300513463,36.42857142857143,80015.1130901333,4445.284060562961,0.7321644335044877
./models/07_hype_5_32_0_src/soil_proc.f90,calculate_snowmelt,SUBROUTINE,707,0,False,10,63,1873.7621770011206,29.07692307692308,54483.238685109514,3026.846593617195,0.6245873923337069
./models/07_hype_5_32_0_src/soil_proc.f90,calculate_snowdepth,SUBROUTINE,914,0,False,10,53,1541.2524789328024,35.214285714285715,54274.10515099083,3015.228063943935,0.5137508263109342
./models/07_hype_5_32_0_src/soil_proc.f90,calculate_snowheat_processes,SUBROUTINE,1004,1,False,10,68,2061.1383947012328,44.670212765957444,92071.49063138803,5115.082812854891,0.6870461315670776
./models/07_hype_5_32_0_src/soil_proc.f90,calculate_soil_runoff_recession_coefficients,SUBROUTINE,284,3,False,9,31,1219.8668995537032,19.375,23634.921178853,1313.0511766029445,0.4066222998512344
./models/07_hype_5_32_0_src/soil_proc.f90,calculate_fractional_snowcover,SUBROUTINE,844,0,False,8,40,1202.122468865924,25.79268292682927,31005.963678675966,1722.5535377042204,0.40070748962197467
./models/07_hype_5_32_0_src/soil_proc.f90,set_evaporation_concentrations,SUBROUTINE,1228,0,False,7,25,754.9244391890265,13.058823529411764,9858.42502940964,547.6902794116467,0.2516414797296755
./models/07_hype_5_32_0_src/soil_proc.f90,calculate_surface_runoff,SUBROUTINE,1967,0,False,7,38,1315.0015831699816,21.176470588235293,27847.09234948196,1547.0606860823311,0.43833386105666056
./models/07_hype_5_32_0_src/soil_proc.f90,calculate_groundwater_table,SUBROUTINE,2229,1,False,7,34,803.3811372670618,29.12,23394.458717216843,1299.6921509564913,0.26779371242235395
./models/07_hype_5_32_0_src/soil_proc.f90,calculate_pressurelevel_soillayer_runoff,SUBROUTINE,1643,0,False,6,25,723.2695206234413,17.903225806451612,12948.85754664548,719.3809748136377,0.24108984020781377
./models/07_hype_5_32_0_src/soil_proc.f90,set_evapotranspiration_concentrations,SUBROUTINE,1271,0,False,5,19,554.9672329805361,17.555555555555557,9742.758090102745,541.2643383390414,0.1849890776601787
./models/07_hype_5_32_0_src/soil_proc.f90,add_infiltration,SUBROUTINE,1900,0,False,4,17,537.2002107155076,9.714285714285714,5218.516332664931,289.9175740369406,0.17906673690516922
./models/07_hype_5_32_0_src/soil_proc.f90,flood_infiltration,SUBROUTINE,1932,0,False,4,21,516.9925001442313,13.333333333333332,6893.2333352564165,382.95740751424535,0.17233083338141042
./models/07_hype_5_32_0_src/soil_proc.f90,calculate_soiltemp_memory,SUBROUTINE,2278,2,False,4,18,618.3920596068831,17.482142857142858,10810.818327770332,600.6010182094628,0.2061306865356277
./models/07_hype_5_32_0_src/soil_proc.f90,calculate_soiltemp,SUBROUTINE,2312,1,False,4,28,750.5271150784394,22.666666666666664,17011.94794177796,945.1082189876644,0.25017570502614644
./models/07_hype_5_32_0_src/soil_proc.f90,calculate_linearly_interp_soil_temperature,SUBROUTINE,2456,3,False,4,35,1367.4187181849286,19.34722222222222,26455.753811550076,1469.764100641671,0.4558062393949762
./models/07_hype_5_32_0_src/soil_proc.f90,calculate_frostdepth,SUBROUTINE,2530,0,False,4,30,798.2892142331044,23.142857142857142,18474.693243680416,1026.3718468711343,0.26609640474436813
./models/07_hype_5_32_0_src/soil_proc.f90,calculate_soil_moisture_deficit,SUBROUTINE,2579,1,False,4,18,416.15249007249747,11.304347826086957,4704.33249647171,261.35180535953947,0.1387174966908325
./models/07_hype_5_32_0_src/soil_proc.f90,initiate_soil_water_state,SUBROUTINE,95,1,False,3,14,336.8853491063075,6.48,2183.0170622088726,121.2787256782707,0.11229511636876917
./models/07_hype_5_32_0_src/soil_proc.f90,calculate_liquid_water_fraction,SUBROUTINE,2503,1,False,3,15,425.0,13.5,5737.5,318.75,0.14166666666666666
./models/07_hype_5_32_0_src/soil_proc.f90,water_is_above_field_capacity,FUNCTION,2750,0,False,2,10,224.66316253533665,5.394736842105264,1211.9986399932636,67.33325777740353,0.07488772084511222
./models/07_hype_5_32_0_src/soil_proc.f90,water_above_field_capacity,FUNCTION,2769,0,False,2,10,219.61587113893805,5.0588235294117645,1110.997936349922,61.72210757499566,0.07320529037964602
./models/07_hype_5_32_0_src/soil_proc.f90,water_is_above_wilting_point,FUNCTION,2789,0,False,2,10,199.03672606650858,5.138888888888888,1022.8276200640023,56.82375667022235,0.06634557535550285
./models/07_hype_5_32_0_src/soil_proc.f90,water_above_wilting_point,FUNCTION,2808,0,False,2,10,194.4867642699313,4.875,948.1229758159152,52.67349865643973,0.06482892142331044
./models/07_hype_5_32_0_src/soil_proc.f90,unfrozen_water_above_field_capacity,FUNCTION,2828,0,False,2,11,257.84303149524976,6.805555555555555,1754.765075453783,97.48694863632129,0.08594767716508325
./models/07_hype_5_32_0_src/soil_proc.f90,water_relative_porevolume,FUNCTION,2850,0,False,2,11,222.97158093186488,6.323529411764706,1409.967350010322,78.33151944501789,0.07432386031062163
./models/07_hype_5_32_0_src/soil_proc.f90,snowalbedo_function,FUNCTION,821,0,False,1,8,171.67343933251425,7.291666666666666,1251.7854951329164,69.54363861849535,0.05722447977750475
./models/07_hype_5_32_0_src/soil_proc.f90,snow_thermal_conductivityfunction,FUNCTION,1107,0,False,1,6,127.43782540330756,4.285714285714286,546.1621088713181,30.342339381739894,0.042479275134435855
./models/07_hype_5_32_0_src/soil_proc.f90,calculate_evapotranspiration_split,SUBROUTINE,1308,0,False,1,13,443.9066825035439,8.88888888888889,3945.837177809279,219.21317654495996,0.14796889416784798
./models/07_hype_5_32_0_src/soil_proc.f90,calculate_weighted_temperature,SUBROUTINE,2358,0,False,1,8,192.11075353876595,7.916666666666666,1520.8767988485636,84.49315549158686,0.06403691784625531
./models/07_hype_5_32_0_src/statedata.f90,load_saved_state,SUBROUTINE,112,6,False,35,151,5984.701818551295,58.80500000000001,351930.39043990895,19551.68835777272,1.994900606183765
./models/07_hype_5_32_0_src/statedata.f90,finalize_outstate,SUBROUTINE,315,6,False,30,126,5100.038499577125,52.58585858585859,268189.9033211971,14899.439073399837,1.700012833192375
./models/07_hype_5_32_0_src/statedata.f90,check_basic_states,FUNCTION,1028,0,False,20,28,1183.127425407337,7.674418604651163,9079.815125219098,504.43417362328324,0.3943758084691123
./models/07_hype_5_32_0_src/statedata.f90,check_substance_states,FUNCTION,1073,0,False,17,23,999.4183522525071,5.955555555555556,5952.091520081598,330.6717511156443,0.33313945075083573
./models/07_hype_5_32_0_src/statedata.f90,read_and_perform_state_check,SUBROUTINE,759,0,False,8,39,877.8677165937281,20.472972972972975,17972.562035668896,998.475668648272,0.2926225721979094
./models/07_hype_5_32_0_src/statedata.f90,read_and_perform_state_check_bin,SUBROUTINE,901,0,False,7,36,816.8292492438953,18.72972972972973,15298.991073676201,849.9439485375667,0.2722764164146318
./models/07_hype_5_32_0_src/statedata.f90,reset_soil_state,SUBROUTINE,491,2,False,6,47,1510.295556307471,24.131147540983605,36445.1648997475,2024.7313833193055,0.5034318521024904
./models/07_hype_5_32_0_src/statedata.f90,save_soil_state_file,SUBROUTINE,559,2,False,6,47,1505.750530739904,24.533333333333335,36941.079687485646,2052.282204860314,0.501916843579968
./models/07_hype_5_32_0_src/statedata.f90,initiate_state_for_submodel,SUBROUTINE,52,0,False,4,33,1133.1465038508334,12.6875,14376.796267607448,798.7109037559693,0.37771550128361114
./models/07_hype_5_32_0_src/statedata.f90,divide_large_array,SUBROUTINE,627,1,False,3,15,380.3910001730775,14.75,5610.767252552893,311.7092918084941,0.12679700005769248
./models/07_hype_5_32_0_src/statedata.f90,read_state_check,SUBROUTINE,819,0,False,2,63,2167.418661365684,16.382653061224488,35508.067967577605,1972.6704426432002,0.7224728871218946
./models/07_hype_5_32_0_src/statedata.f90,write_state_check,SUBROUTINE,652,0,False,1,28,1162.3022055863848,3.7279411764705883,4332.994251708067,240.7219028726704,0.387434068528795
./models/07_hype_5_32_0_src/statedata.f90,write_state_check_bin,SUBROUTINE,704,0,False,1,30,1262.081357715604,4.972222222222222,6275.34897308592,348.63049850477336,0.42069378590520135
./models/07_hype_5_32_0_src/statedata.f90,read_state_check_bin,SUBROUTINE,957,0,False,1,52,1861.6066704100472,13.65934065934066,25428.319684831746,1412.684426935097,0.620535556803349
./models/07_hype_5_32_0_src/sw_proc.f90,set_lake_outlets,SUBROUTINE,3775,1,False,62,201,8237.756374774035,133.1851851851852,1097147.1082847198,60952.617126928875,2.745918791591345
./models/07_hype_5_32_0_src/sw_proc.f90,get_current_lake_outflow_parameters,SUBROUTINE,1846,0,False,57,252,8484.325258718422,77.80952380952381,660161.3082259953,36675.62823477751,2.828108419572807
./models/07_hype_5_32_0_src/sw_proc.f90,calculate_river_evaporation,SUBROUTINE,389,2,False,37,108,4665.468211913723,62.05714285714286,289525.62732218875,16084.75707345493,1.5551560706379077
./models/07_hype_5_32_0_src/sw_proc.f90,calculate_regional_floodplain_flows,SUBROUTINE,6175,3,False,34,80,3268.753395281185,55.03333333333333,179890.39518697455,9993.910843720809,1.0895844650937283
./models/07_hype_5_32_0_src/sw_proc.f90,change_current_dam_status,SUBROUTINE,1656,0,False,29,132,4440.897280077729,68.88888888888889,305928.47929424356,16996.026627457977,1.480299093359243
./models/07_hype_5_32_0_src/sw_proc.f90,calculate_ilakesection_outflow,SUBROUTINE,2553,6,False,25,158,5702.4027172542255,55.933673469387756,318956.3315778473,17719.796198769294,1.9008009057514086
./models/07_hype_5_32_0_src/sw_proc.f90,point_abstraction_from_main_river_inflow,SUBROUTINE,1153,3,False,24,93,3371.5311588938566,73.8,248818.99952636662,13823.277751464811,1.1238437196312856
./models/07_hype_5_32_0_src/sw_proc.f90,point_abstraction_from_main_river,SUBROUTINE,1278,3,False,22,90,3280.161944557882,70.44545454545454,231072.49916708205,12837.36106483789,1.0933873148526274
./models/07_hype_5_32_0_src/sw_proc.f90,river_water_level,FUNCTION,6578,1,False,21,80,3036.1518184488805,51.08108108108108,155089.91721265903,8616.10651181439,1.0120506061496268
./models/07_hype_5_32_0_src/sw_proc.f90,calculate_two_floodplain_equilibriumlevel_dp,SUBROUTINE,5713,0,False,20,130,3791.405857120415,62.08474576271187,235388.46872257764,13077.137151254314,1.2638019523734716
./models/07_hype_5_32_0_src/sw_proc.f90,calculate_landarea,SUBROUTINE,140,5,False,19,40,1184.0120501528852,27.176470588235293,32177.268657096054,1787.6260365053363,0.39467068338429506
./models/07_hype_5_32_0_src/sw_proc.f90,set_water_temperature,SUBROUTINE,876,0,False,18,41,2264.8684196024656,34.46666666666667,78062.46486229832,4336.803603461018,0.7549561398674886
./models/07_hype_5_32_0_src/sw_proc.f90,calculate_outflow_from_outlet_lake,SUBROUTINE,2878,0,False,18,82,3151.874546954071,41.88,132000.5060264365,7333.361445913139,1.0506248489846903
./models/07_hype_5_32_0_src/sw_proc.f90,water_transfer_from_outlet_lake,SUBROUTINE,1538,1,False,16,53,1752.9749428462603,45.604166666666664,79942.96145605133,4441.275636447296,0.5843249809487534
./models/07_hype_5_32_0_src/sw_proc.f90,point_abstraction_from_aquifer,SUBROUTINE,1471,3,False,15,37,1161.0682805254405,23.304347826086957,27057.93905920157,1503.2188366223095,0.38702276017514686
./models/07_hype_5_32_0_src/sw_proc.f90,adjust_threshold_for_seasonal_variation,SUBROUTINE,2311,0,False,15,52,1980.3080284216428,41.34146341463414,81868.83190669962,4548.26843926109,0.6601026761405476
./models/07_hype_5_32_0_src/sw_proc.f90,T2_processes_in_lake,SUBROUTINE,4928,0,False,15,85,3287.4026093414286,51.404761904761905,168988.14841828914,9388.23046768273,1.0958008697804762
./models/07_hype_5_32_0_src/sw_proc.f90,calculate_interflow_between_floodplains2,SUBROUTINE,6272,0,False,15,70,2941.5682384275324,43.61290322580645,128290.33091464592,7127.240606369218,0.9805227461425108
./models/07_hype_5_32_0_src/sw_proc.f90,recalculate_branched_flow_two_outlets,SUBROUTINE,3691,0,False,13,58,1492.222807543077,35.96666666666667,53670.280311299335,2981.6822395166296,0.49740760251435895
./models/07_hype_5_32_0_src/sw_proc.f90,calculate_water_temperature,SUBROUTINE,792,1,False,12,53,2418.0,36.068627450980394,87213.94117647059,4845.218954248366,0.806
./models/07_hype_5_32_0_src/sw_proc.f90,point_abstraction_from_outlet_lake,SUBROUTINE,1401,1,False,12,44,1321.8315809058863,39.875,52708.03428862221,2928.2241271456787,0.4406105269686288
./models/07_hype_5_32_0_src/sw_proc.f90,remove_outflow_from_lake,SUBROUTINE,3212,0,False,12,49,1558.3904873600868,26.60377358490566,41459.067682598536,2303.281537922141,0.5194634957866956
./models/07_hype_5_32_0_src/sw_proc.f90,calculate_lakeice_lakewater_interaction,SUBROUTINE,4759,0,False,12,86,3035.849271710466,46.40163934426229,140868.3830094504,7826.0212783028,1.011949757236822
./models/07_hype_5_32_0_src/sw_proc.f90,calculate_icedepth,SUBROUTINE,5104,0,False,12,131,4825.904849529622,63.75,307651.4341575134,17091.746342084076,1.6086349498432073
./models/07_hype_5_32_0_src/sw_proc.f90,calculate_floodplain_equilibriumlevel,SUBROUTINE,5618,0,False,12,58,1338.6559132543107,45.310344827586206,60654.96103504015,3369.7200575022307,0.4462186377514369
./models/07_hype_5_32_0_src/sw_proc.f90,set_general_rating_k,SUBROUTINE,735,2,False,11,32,1290.126337666587,29.0,37413.663792331026,2078.536877351724,0.430042112555529
./models/07_hype_5_32_0_src/sw_proc.f90,get_current_production_flow,SUBROUTINE,2174,0,False,11,58,1792.542184509037,38.72093023255814,69408.90086529178,3856.0500480717656,0.5975140615030123
./models/07_hype_5_32_0_src/sw_proc.f90,calculate_outlet_outflow_of_twooutletforsubbasin_lake,SUBROUTINE,3070,0,False,11,45,1341.4989869953065,23.58139534883721,31634.41797240095,1757.467665133386,0.4471663289984355
./models/07_hype_5_32_0_src/sw_proc.f90,calculate_branched_flow,SUBROUTINE,3554,0,False,11,38,1214.0855398401786,32.5945945945946,39572.62597425015,2198.479220791675,0.4046951799467262
./models/07_hype_5_32_0_src/sw_proc.f90,recalculate_branched_flow,SUBROUTINE,3622,0,False,11,45,1268.2438141124044,19.632653061224488,24898.990799512918,1383.2772666396065,0.42274793803746813
./models/07_hype_5_32_0_src/sw_proc.f90,wetland_watermodel,SUBROUTINE,6368,0,False,11,74,3526.0512761293303,28.53157894736842,100603.81035735316,5589.100575408509,1.1753504253764435
./models/07_hype_5_32_0_src/sw_proc.f90,calculate_outlet_outflow_of_oneoutletpersubbasin_lake,SUBROUTINE,3007,0,False,10,50,1250.209840667941,26.666666666666668,33338.929084478434,1852.1627269154685,0.41673661355598035
./models/07_hype_5_32_0_src/sw_proc.f90,add_precipitation_to_river,SUBROUTINE,294,1,False,9,45,1458.2225035411852,23.315217391304348,33998.77467495481,1888.8208152752673,0.48607416784706176
./models/07_hype_5_32_0_src/sw_proc.f90,calculate_ilake_outflow,SUBROUTINE,2463,0,False,9,52,1702.8993003980781,19.565573770491802,33318.20188565748,1851.01121586986,0.5676331001326927
./models/07_hype_5_32_0_src/sw_proc.f90,calculate_regamp_adjusted_waterstage,SUBROUTINE,3445,0,False,9,28,646.240625180289,13.5,8724.248439933903,484.68046888521684,0.21541354172676302
./models/07_hype_5_32_0_src/sw_proc.f90,calculate_non_regamp_adjusted_waterstage,SUBROUTINE,3499,0,False,9,27,651.4105501817313,13.5,8794.042427453373,488.55791263629845,0.2171368500605771
./models/07_hype_5_32_0_src/sw_proc.f90,ice_processes_in_river,SUBROUTINE,4217,0,False,9,92,4644.88791508998,61.78846153846154,287000.47829200205,15944.471016222336,1.54829597169666
./models/07_hype_5_32_0_src/sw_proc.f90,calculate_lake_hypolimnion_depth,SUBROUTINE,4499,0,False,9,33,998.9625455901262,13.060975609756097,13047.425443012502,724.8569690562501,0.3329875151967087
./models/07_hype_5_32_0_src/sw_proc.f90,get_current_rating_parameters,SUBROUTINE,2387,0,False,8,46,1230.3606493708899,15.80952380952381,19451.41598053026,1080.63422114057,0.4101202164569633
./models/07_hype_5_32_0_src/sw_proc.f90,average_flow_rating_curve,FUNCTION,3291,0,False,8,46,1483.0752233979292,36.90909090909091,54738.95824541448,3041.0532358563596,0.49435840779930973
./models/07_hype_5_32_0_src/sw_proc.f90,ice_processes_in_lake,SUBROUTINE,4599,0,False,8,85,4338.7413987474865,54.62837837837838,237018.40681671235,13167.689267595131,1.4462471329158288
./models/07_hype_5_32_0_src/sw_proc.f90,calculate_fractional_riverarea,SUBROUTINE,230,0,False,7,35,1142.3904885587476,28.125,32129.732490714778,1784.9851383730431,0.38079682951958255
./models/07_hype_5_32_0_src/sw_proc.f90,calculate_floodplain_evaporation,SUBROUTINE,528,0,False,7,39,1254.0,25.867346938775512,32437.653061224493,1802.091836734694,0.418
./models/07_hype_5_32_0_src/sw_proc.f90,get_rivertempvol,SUBROUTINE,591,1,False,7,29,960.6135501240389,17.63157894736842,16937.13364692384,940.9518692735468,0.320204516708013
./models/07_hype_5_32_0_src/sw_proc.f90,calculate_olake_waterstage,SUBROUTINE,3350,0,False,7,26,590.1456895850393,10.37037037037037,6120.029373474482,340.0016318596934,0.19671522986167977
./models/07_hype_5_32_0_src/sw_proc.f90,T2_processes_in_river,SUBROUTINE,4100,0,False,7,42,1466.0458696267606,25.97222222222222,38076.46911391725,2115.359395217625,0.48868195654225355
./models/07_hype_5_32_0_src/sw_proc.f90,riverice_riverwater_interaction,SUBROUTINE,4382,0,False,7,53,1948.619301712236,31.38888888888889,61164.99474818963,3398.055263788313,0.649539767237412
./models/07_hype_5_32_0_src/sw_proc.f90,calculate_watersurface_heatbalance,SUBROUTINE,5473,0,False,7,59,1856.9799754554404,33.72727272727273,62630.87008126985,3479.4927822927693,0.6189933251518135
./models/07_hype_5_32_0_src/sw_proc.f90,calculate_equilibrium_floodplain_level_eq2dp,SUBROUTINE,5929,0,False,7,39,1695.733520509503,60.96551724137931,103381.27118140695,5743.403954522608,0.565244506836501
./models/07_hype_5_32_0_src/sw_proc.f90,T2_processes_in_wetland,SUBROUTINE,6476,0,False,7,38,1184.8850657669882,20.163265306122447,23891.151938322128,1327.2862187956737,0.39496168858899605
./models/07_hype_5_32_0_src/sw_proc.f90,set_rivertemp,SUBROUTINE,632,1,False,6,29,739.2992752062506,17.833333333333332,13184.170407844802,732.4539115469335,0.2464330917354169
./models/07_hype_5_32_0_src/sw_proc.f90,calculate_river_characteristics,SUBROUTINE,940,0,False,6,38,1814.1754002538812,25.887931034482758,46965.24764622763,2609.180424790424,0.6047251334179604
./models/07_hype_5_32_0_src/sw_proc.f90,translation_in_river,SUBROUTINE,1096,0,False,6,31,1206.5343877188427,28.333333333333332,34185.14098536721,1899.174499187067,0.4021781292396142
./models/07_hype_5_32_0_src/sw_proc.f90,apply_seasonal_factor_on_production_flow,FUNCTION,2261,0,False,6,31,889.9074197711441,16.147058823529413,14369.387454539945,798.299303029997,0.29663580659038136
./models/07_hype_5_32_0_src/sw_proc.f90,calculate_waterbody_floodplain_interflow,SUBROUTINE,6077,0,False,6,50,1566.0,26.38235294117647,41314.76470588236,2295.264705882353,0.522
./models/07_hype_5_32_0_src/sw_proc.f90,calculate_actual_lake_evaporation,SUBROUTINE,676,0,False,5,35,1076.1639629045685,19.697674418604652,21197.927362329527,1177.6626312405292,0.3587213209681895
./models/07_hype_5_32_0_src/sw_proc.f90,calc_qbank,SUBROUTINE,1017,0,False,5,28,883.9960807619839,21.451612903225804,18963.141732474814,1053.5078740263787,0.29466536025399465
./models/07_hype_5_32_0_src/sw_proc.f90,calculate_lake_volume,SUBROUTINE,4055,0,False,5,26,600.126112982561,13.185185185185185,7912.773934140434,439.59855189669076,0.20004203766085368
./models/07_hype_5_32_0_src/sw_proc.f90,local_water_level,FUNCTION,6691,0,False,5,13,296.1277022428888,10.0,2961.277022428888,164.51539013493823,0.09870923408096294
./models/07_hype_5_32_0_src/sw_proc.f90,initiate_lakeriverice,SUBROUTINE,6731,0,False,5,8,212.54806774501765,6.0,1275.2884064701059,70.84935591500589,0.07084935591500588
./models/07_hype_5_32_0_src/sw_proc.f90,calculate_riverlength,SUBROUTINE,202,1,False,4,15,352.53297886058186,7.261904761904762,2560.06091791613,142.22560655089612,0.1175109929535273
./models/07_hype_5_32_0_src/sw_proc.f90,update_qbank,SUBROUTINE,1062,1,False,4,22,385.1368500605771,15.25,5873.336963423801,326.2964979679889,0.12837895002019237
./models/07_hype_5_32_0_src/sw_proc.f90,add_water_transfer_to_main_river,SUBROUTINE,1619,0,False,4,23,534.1835983312856,18.652173913043477,9963.6853775705,553.5380765316945,0.17806119944376186
./models/07_hype_5_32_0_src/sw_proc.f90,calculate_lakebasin_average_waterstage,SUBROUTINE,3399,1,False,4,24,707.0159303752977,15.871428571428572,11221.352837813653,623.4084909896474,0.23567197679176588
./models/07_hype_5_32_0_src/sw_proc.f90,calculate_T2_transfer,SUBROUTINE,5371,0,False,4,30,931.3374166052885,22.0,20489.423165316348,1138.3012869620193,0.31044580553509615
./models/07_hype_5_32_0_src/sw_proc.f90,calculate_HDS_depressions_outflow,SUBROUTINE,6786,0,False,4,70,2256.753507847403,18.514285714285712,41782.17923100334,2321.232179500186,0.7522511692824676
./models/07_hype_5_32_0_src/sw_proc.f90,small_depression_water_frac_area,FUNCTION,7145,0,False,4,19,311.77745004903863,12.9,4021.9291056325983,223.4405058684777,0.10392581668301287
./models/07_hype_5_32_0_src/sw_proc.f90,calculate_maxprod_outflow,SUBROUTINE,3130,0,False,3,18,307.4622195945133,18.0,5534.319952701238,307.4622195945133,0.10248740653150443
./models/07_hype_5_32_0_src/sw_proc.f90,calculate_T2_transfer_upper2lower,SUBROUTINE,5416,0,False,3,31,944.6269524198453,24.444444444444446,23090.881059151776,1282.826725508432,0.3148756508066151
./models/07_hype_5_32_0_src/sw_proc.f90,calculate_equilibrium_floodplain_level_eq1dp,SUBROUTINE,5882,0,False,3,23,1199.4226003346164,50.27272727272727,60298.24527136754,3349.9025150759744,0.39980753344487213
./models/07_hype_5_32_0_src/sw_proc.f90,get_matching_index,FUNCTION,6058,0,False,3,12,183.47670006346175,7.5,1376.075250475963,76.44862502644239,0.061158900021153914
./models/07_hype_5_32_0_src/sw_proc.f90,get_wetland_threshold,FUNCTION,6551,0,False,3,10,298.0560051675714,8.0,2384.4480413405713,132.46933563003174,0.0993520017225238
./models/07_hype_5_32_0_src/sw_proc.f90,ice_on_river,FUNCTION,6713,0,False,3,10,211.51978731634912,4.285714285714286,906.5133742129248,50.361854122940265,0.07050659577211638
./models/07_hype_5_32_0_src/sw_proc.f90,small_depressions_delta_water,SUBROUTINE,7035,0,False,3,45,1161.220657506249,28.451612903225808,33038.60064259715,1835.4778134776195,0.387073552502083
./models/07_hype_5_32_0_src/sw_proc.f90,small_depression_contrib_frac,FUNCTION,7223,0,False,3,19,399.01045853078114,17.794117647058822,7100.039041503605,394.44661341686697,0.13300348617692703
./models/07_hype_5_32_0_src/sw_proc.f90,add_precipitation_to_floodplain,SUBROUTINE,357,0,False,2,15,444.61355012403885,8.931034482758621,3970.8589476595193,220.6032748699733,0.14820451670801296
./models/07_hype_5_32_0_src/sw_proc.f90,calculate_outflow_from_lakebasin_lake,SUBROUTINE,2780,1,False,2,46,1565.0510111381052,13.299999999999999,20815.178448136798,1156.3988026742666,0.5216836703793684
./models/07_hype_5_32_0_src/sw_proc.f90,calculate_flow_from_outlet_lake_waterstage,SUBROUTINE,3161,0,False,2,27,633.2231290912507,8.8375,5596.1094033439285,310.89496685244046,0.21107437636375023
./models/07_hype_5_32_0_src/sw_proc.f90,calculate_waterice_heatflow,SUBROUTINE,4185,0,False,2,18,477.0233205758819,14.6,6964.540480407875,386.9189155782153,0.15900777352529397
./models/07_hype_5_32_0_src/sw_proc.f90,calculate_floodplain_waterlevel,SUBROUTINE,5560,0,False,2,16,352.93307042287904,18.0,6352.795267611823,352.93307042287904,0.11764435680762635
./models/07_hype_5_32_0_src/sw_proc.f90,calculate_floodplain_volume,SUBROUTINE,5590,0,False,2,15,339.267146704276,20.0,6785.34293408552,376.96349633808444,0.11308904890142533
./models/07_hype_5_32_0_src/sw_proc.f90,calculate_equilibrium_floodplain_level_eq3dp,SUBROUTINE,6008,0,False,2,11,455.9426526596859,22.8125,10401.191763799085,577.8439868777269,0.1519808842198953
./models/07_hype_5_32_0_src/sw_proc.f90,get_index_of_highest,FUNCTION,6026,0,False,2,9,120.0,6.300000000000001,756.0000000000001,42.00000000000001,0.04
./models/07_hype_5_32_0_src/sw_proc.f90,get_index_of_lowest,FUNCTION,6042,0,False,2,9,120.0,6.300000000000001,756.0000000000001,42.00000000000001,0.04
./models/07_hype_5_32_0_src/sw_proc.f90,lake_epilimnion_depth,FUNCTION,4549,0,False,1,4,85.95159310338741,4.0,343.80637241354964,19.10035402297498,0.02865053103446247
./models/07_hype_5_32_0_src/sw_proc.f90,calculate_snow_on_ice,SUBROUTINE,4563,0,False,1,21,520.945336562895,8.70967741935484,4537.265834580054,252.0703241433363,0.173648445520965
./models/07_hype_5_32_0_src/time.f90,get_dayno_from_monthday,SUBROUTINE,248,0,False,14,37,807.3024051604622,9.621621621621621,7767.558276679041,431.53101537105783,0.26910080172015405
./models/07_hype_5_32_0_src/time.f90,set_timestep_variables,SUBROUTINE,175,0,False,8,32,843.3293376088945,24.75,20872.40110582014,1159.57783921223,0.28110977920296487
./models/07_hype_5_32_0_src/time.f90,day_of_month,FUNCTION,86,0,False,6,21,351.5549000980772,8.846153846153847,3109.9087316368373,172.77270731315764,0.11718496669935907
./models/07_hype_5_32_0_src/time.f90,add_date_to_array,SUBROUTINE,295,1,False,6,27,531.1496881499434,26.033333333333335,13827.596881503527,768.1998267501959,0.17704989604998111
./models/07_hype_5_32_0_src/time.f90,period_length,FUNCTION,45,0,False,4,26,840.934572276434,17.91891891891892,15068.638416737182,837.1465787076212,0.28031152409214466
./models/07_hype_5_32_0_src/time.f90,check_if_date_in_period,SUBROUTINE,331,1,False,3,15,309.0676876406254,12.75,3940.6130174179743,218.9229454121097,0.10302256254687514
./models/07_hype_5_32_0_src/time.f90,numdays_of_year,FUNCTION,117,0,False,2,8,106.27403387250882,3.75,398.5276270219081,22.140423723439337,0.03542467795750294
./models/07_hype_5_32_0_src/time.f90,calculate_time_for_model,SUBROUTINE,134,0,False,2,23,638.7534993805638,11.571428571428573,7391.290492832239,410.62724960179105,0.21291783312685458
./models/07_hype_5_32_0_src/time.f90,calculate_timesteps_to_monday,SUBROUTINE,225,0,False,1,11,225.62110647077242,2.7391304347826084,618.00563946342,34.33364663685667,0.07520703549025748
./models/07_hype_5_32_0_src/t_proc.f90,add_tracer_point_source_to_river,SUBROUTINE,49,2,False,24,73,1996.6878119301111,39.55102040816327,78971.04039837868,4387.280022132149,0.6655626039767037
./models/07_hype_5_32_0_src/t_proc.f90,add_tracer_point_source_to_lake,SUBROUTINE,153,2,False,24,73,1989.6772544701491,37.46938775510204,74551.98855524886,4141.77714195827,0.6632257514900497
./models/07_hype_5_32_0_src/t_proc.f90,sedimentation_resuspension_of_tracer,SUBROUTINE,512,0,False,17,74,3047.26884818383,53.49206349206349,163004.6987044366,9055.816594690921,1.0157562827279434
./models/07_hype_5_32_0_src/t_proc.f90,soil_tracer_processes,SUBROUTINE,256,0,False,8,39,1650.7078740086217,19.26530612244898,31801.39251151304,1766.744028417391,0.550235958002874
./models/07_hype_5_32_0_src/t_proc.f90,T1_crop_sources,SUBROUTINE,624,1,False,8,28,705.4144181112728,19.283333333333335,13602.741362579045,755.7078534766136,0.23513813937042424
./models/07_hype_5_32_0_src/t_proc.f90,craig_gordon_18O,SUBROUTINE,786,0,False,8,46,1461.741425549521,30.0,43852.24276648563,2436.2357092492016,0.4872471418498403
./models/07_hype_5_32_0_src/t_proc.f90,craig_gordon_2H,SUBROUTINE,883,0,False,8,47,1551.5487437678212,29.107142857142858,45161.15093467051,2508.9528297039174,0.5171829145892737
./models/07_hype_5_32_0_src/t_proc.f90,T1_incorporation,SUBROUTINE,671,1,False,6,27,1010.5009697246602,29.046875,29351.895354970988,1630.6608530539438,0.33683365657488673
./models/07_hype_5_32_0_src/t_proc.f90,tracer_processes_in_lake,SUBROUTINE,346,0,False,5,25,949.4436251225966,13.3,12627.600214130534,701.5333452294741,0.31648120837419885
./models/07_hype_5_32_0_src/t_proc.f90,sorption_of_tracer,SUBROUTINE,467,0,False,5,25,792.6706611484778,25.25,20014.934193999066,1111.9407885555038,0.2642235537161593
./models/07_hype_5_32_0_src/t_proc.f90,decay_of_tracer,SUBROUTINE,393,0,False,4,18,427.3468786650285,10.98,4692.268727742013,260.6815959856674,0.1424489595550095
./models/07_hype_5_32_0_src/t_proc.f90,decay_of_tracer_sorbedphase,SUBROUTINE,431,0,False,4,17,346.7937417270812,8.521739130434783,2955.285799065562,164.1825443925312,0.11559791390902707
./models/07_hype_5_32_0_src/t_proc.f90,tracer_processes_in_river,SUBROUTINE,316,0,False,2,16,449.7834751254812,4.9375,2220.8059084320635,123.37810602400353,0.14992782504182706
./models/07_hype_5_32_0_src/t_proc.f90,set_soil_T2_from_soiltemp_model,SUBROUTINE,727,0,False,2,33,1136.8135909402426,22.125,25152.000699552867,1397.3333721973815,0.37893786364674753
./models/07_hype_5_32_0_src/t_proc.f90,release_from_source,SUBROUTINE,712,0,False,1,8,167.5859764912639,5.076923076923077,850.8211114171859,47.267839523176995,0.055861992163754634
./models/07_hype_5_32_0_src/update.f90,apply_cuseobs,SUBROUTINE,266,0,False,26,45,2284.612588099753,24.79591836734694,56649.06723553469,3147.1704019741496,0.7615375293665843
./models/07_hype_5_32_0_src/update.f90,apply_warupd,SUBROUTINE,97,0,False,9,52,1318.2695673070762,27.166666666666668,35812.98991184224,1989.6105506579022,0.4394231891023587
./models/07_hype_5_32_0_src/update.f90,apply_qarupd,SUBROUTINE,61,0,False,7,24,544.9615941425562,15.136363636363637,8248.736856794147,458.26315871078594,0.1816538647141854
./models/07_hype_5_32_0_src/update.f90,apply_wendupd_lakebasin_lake,SUBROUTINE,216,1,False,7,33,784.4960103786867,14.243589743589745,11174.039327316936,620.7799626287186,0.2614986701262289
./models/07_hype_5_32_0_src/update.f90,apply_quseobs,SUBROUTINE,38,0,False,5,12,239.7487836710217,5.138888888888888,1232.0423605316391,68.44679780731329,0.0799162612236739
./models/07_hype_5_32_0_src/update.f90,apply_wendupd,SUBROUTINE,171,0,False,5,27,611.4563412873773,12.058823529411764,7373.444115524256,409.635784195792,0.20381878042912577
./models/07_hype_5_32_0_src/update.f90,apply_nutrientcorr,SUBROUTINE,330,0,False,2,13,273.9875151967087,9.13888888888889,2503.941458325477,139.10785879585984,0.09132917173223624
./models/07_hype_5_32_0_src/worvar.f90,set_criteria_settings,SUBROUTINE,1126,9,False,28,123,4767.046773297755,65.3445945945946,311500.7388146121,17305.596600811783,1.5890155910992516
./models/07_hype_5_32_0_src/worvar.f90,get_steplength_string,FUNCTION,1722,0,False,27,60,1623.3382573992794,22.666666666666668,36795.667167717,2044.2037315398334,0.5411127524664264
./models/07_hype_5_32_0_src/worvar.f90,get_forcing_id,FUNCTION,1645,5,False,18,60,1220.909569807972,34.666666666666664,42324.865086676364,2351.3813937042423,0.40696985660265733
./models/07_hype_5_32_0_src/worvar.f90,deallocate_worldvar,SUBROUTINE,1322,1,False,16,19,437.44965019903907,6.3478260869565215,2776.8543012634655,154.26968340352585,0.14581655006634636
./models/07_hype_5_32_0_src/worvar.f90,da_allocate_accumulation,SUBROUTINE,660,1,False,13,27,1197.2239749998691,36.12903225806451,43254.543612898495,2403.030200716583,0.3990746583332897
./models/07_hype_5_32_0_src/worvar.f90,allocate_accumulation,SUBROUTINE,703,1,False,12,21,1025.3680304592763,25.51724137931035,26164.5635358574,1453.586863103189,0.3417893434864254
./models/07_hype_5_32_0_src/worvar.f90,prepare_ens_fileunit_array,SUBROUTINE,1383,1,False,12,31,901.2354322538084,21.666666666666664,19526.767698832515,1084.8204277129175,0.3004118107512695
./models/07_hype_5_32_0_src/worvar.f90,status_write_outstate,FUNCTION,957,1,False,11,38,841.2015179534867,15.612903225806452,13133.597893209277,729.6443274005154,0.28040050598449556
./models/07_hype_5_32_0_src/worvar.f90,set_output,SUBROUTINE,821,2,False,10,55,1553.8531824414763,29.78723404255319,46284.98841315036,2571.3882451750196,0.5179510608138255
./models/07_hype_5_32_0_src/worvar.f90,get_seq_filename,SUBROUTINE,1458,0,False,10,32,733.4874714231302,18.791666666666664,13783.452067159653,765.7473370644252,0.24449582380771007
./models/07_hype_5_32_0_src/worvar.f90,set_maxmap,SUBROUTINE,1291,0,False,7,19,490.46543472830064,11.045454545454545,5417.413665408048,300.96742585600265,0.16348847824276688
./models/07_hype_5_32_0_src/worvar.f90,set_outstate_dates,SUBROUTINE,931,1,False,6,16,440.92347162443184,12.0,5291.081659493182,293.94898108295456,0.1469744905414773
./models/07_hype_5_32_0_src/worvar.f90,reallocate_outvar_information,SUBROUTINE,738,2,False,5,15,259.14672794394687,6.875,1781.6337546146347,98.97965303414637,0.08638224264798229
./models/07_hype_5_32_0_src/worvar.f90,allocate_MCvariables,SUBROUTINE,1350,0,False,5,14,298.6775847489557,6.470588235294118,1932.6196660226547,107.36775922348082,0.09955919491631858
./models/07_hype_5_32_0_src/worvar.f90,deallocate_MCvariables,SUBROUTINE,1372,0,False,5,6,83.04820237218405,2.5,207.62050593046013,11.534472551692229,0.02768273412406135
./models/07_hype_5_32_0_src/worvar.f90,set_directory,SUBROUTINE,1527,0,False,5,21,460.643092377827,12.157894736842106,5600.450228383054,311.13612379905857,0.15354769745927566
./models/07_hype_5_32_0_src/worvar.f90,get_classgroup_classes,SUBROUTINE,760,1,False,4,20,410.3426413555973,12.604166666666666,5172.027042086174,287.33483567145413,0.13678088045186576
./models/07_hype_5_32_0_src/worvar.f90,get_classgroup_index,FUNCTION,791,1,False,4,16,286.7268228066066,11.5625,3315.278888701389,184.18216048341048,0.0955756076022022
./models/07_hype_5_32_0_src/worvar.f90,count_optim_par,SUBROUTINE,1561,2,False,4,13,226.17809780285066,7.21875,1632.7231435143283,90.70684130635158,0.07539269926761688
./models/07_hype_5_32_0_src/worvar.f90,allocate_outvar_test,SUBROUTINE,637,1,False,3,10,191.75555960140377,6.0,1150.5333576084226,63.91851986713459,0.0639185198671346
./models/07_hype_5_32_0_src/worvar.f90,get_current_qobs,FUNCTION,1023,0,False,3,13,222.97158093186488,7.125,1588.6725141395373,88.25958411886319,0.07432386031062163
./models/07_hype_5_32_0_src/worvar.f90,get_fileunit,SUBROUTINE,1424,1,False,3,13,187.9834625295674,10.153846153846155,1908.7551579925307,106.04195322180726,0.06266115417652246
./models/07_hype_5_32_0_src/worvar.f90,set_netcdfoutput_time_definition,SUBROUTINE,892,0,False,2,11,220.0782000346155,6.0,1320.469200207693,73.3594000115385,0.0733594000115385
./models/07_hype_5_32_0_src/worvar.f90,get_current_wobs,FUNCTION,1044,0,False,2,11,148.0,4.833333333333333,715.3333333333333,39.74074074074073,0.04933333333333333
./models/07_hype_5_32_0_src/worvar.f90,get_current_xoregobs,FUNCTION,1079,0,False,2,8,112.0,5.0,560.0,31.11111111111111,0.037333333333333336
./models/07_hype_5_32_0_src/worvar.f90,add_date_to_filename,FUNCTION,1498,0,False,2,19,491.14287513701964,12.0,5893.7145016442355,327.42858342467974,0.1637142917123399
./models/07_hype_5_32_0_src/worvar.f90,initialize_outstate,SUBROUTINE,913,0,False,1,10,162.62707505625016,1.9375,315.0899579214847,17.504997662304707,0.05420902501875005
./models/07_hype_5_32_0_src/worvar.f90,get_current_date_memory,FUNCTION,1012,0,False,1,4,55.35090589819676,1.5555555555555556,86.10140917497273,4.783411620831818,0.018450301966065584
./models/07_hype_5_32_0_src/worvar.f90,get_current_xobs,FUNCTION,1063,0,False,1,7,82.45413751658658,2.0,164.90827503317317,9.161570835176287,0.02748471250552886
./models/07_hype_5_32_0_src/worvar.f90,get_current_xcgobs,FUNCTION,1095,0,False,1,7,82.45413751658658,2.0,164.90827503317317,9.161570835176287,0.02748471250552886
./models/07_hype_5_32_0_src/worvar.f90,get_current_forcing_from_memory,FUNCTION,1111,0,False,1,6,122.62388523751017,1.8666666666666667,228.897919110019,12.716551061667722,0.04087462841250339
./models/07_hype_5_32_0_src/worvar.f90,fileunit_free,SUBROUTINE,1446,0,False,1,4,57.3594000115385,2.1666666666666665,124.27870002500006,6.904372223611115,0.019119800003846166
./models/07_hype_5_32_0_src/worvar.f90,allocate_and_initialize_forcingdata_structure,SUBROUTINE,1586,0,False,1,53,1058.7992112686372,7.695652173913044,8148.150451936905,452.6750251076058,0.3529330704228791
