file,function,type,line,do_loops,is_recursive,cyclomatic_complexity,loc,volume,difficulty,effort,time,bugs
./models/01_CTSM/cime/CIME/non_py/cprnc/cprnc.F90,piocprnc,PROGRAM,1,2,False,18,89,2535.9400011538496,39.50819672131148,100190.41643902914,5566.13424661273,0.8453133337179499
./models/01_CTSM/cime/CIME/non_py/cprnc/cprnc.F90,parsearg,SUBROUTINE,201,2,False,6,33,922.4650082993567,39.96,36861.70173164229,2047.8723184245719,0.30748833609978554
./models/01_CTSM/cime/CIME/non_py/cprnc/cprnc.F90,print_fields_not_found,SUBROUTINE,265,0,False,5,23,353.042112555529,14.7,5189.719054566276,288.317725253682,0.11768070418517633
./models/01_CTSM/cime/CIME/non_py/cprnc/cprnc.F90,usage_exit,SUBROUTINE,184,0,False,2,12,175.1368500605771,7.0,1225.9579504240396,68.10877502355775,0.05837895002019237
./models/01_CTSM/cime/CIME/non_py/cprnc/filestruct.F90,compare_metadata,SUBROUTINE,118,1,False,19,94,2685.410598723446,38.22222222222222,102642.36066231839,5702.3533701288,0.8951368662411487
./models/01_CTSM/cime/CIME/non_py/cprnc/filestruct.F90,init_file_struct,SUBROUTINE,43,4,False,11,58,2024.4267455315376,51.75,104764.08408125707,5820.226893403171,0.6748089151771792
./models/01_CTSM/cime/CIME/non_py/cprnc/filestruct.F90,match_vars,SUBROUTINE,274,4,False,10,41,1043.4520883026382,26.0,27129.754295868595,1507.2085719926997,0.3478173627675461
./models/01_CTSM/cime/CIME/non_py/cprnc/filestruct.F90,compare_dimensions,SUBROUTINE,234,4,False,9,34,776.6932719896506,18.035714285714285,14008.217941241912,778.2343300689951,0.2588977573298835
./models/01_CTSM/cime/CIME/non_py/cprnc/filestruct.F90,compare_var_int,SUBROUTINE,378,1,False,6,42,1263.247052900895,16.568627450980394,20930.269798063848,1162.7927665591026,0.42108235096696495
./models/01_CTSM/cime/CIME/non_py/cprnc/filestruct.F90,compare_var_float,SUBROUTINE,432,1,False,6,42,1268.2438141124044,16.25,20608.96197932657,1144.9423321848094,0.42274793803746813
./models/01_CTSM/cime/CIME/non_py/cprnc/filestruct.F90,compare_var_double,SUBROUTINE,486,1,False,6,42,1279.1379036289823,16.037735849056606,20514.475812917644,1139.693100717647,0.4263793012096608
./models/01_CTSM/cime/CIME/non_py/cprnc/filestruct.F90,vdimsize,FUNCTION,359,1,False,3,11,216.09640474436813,6.666666666666666,1440.6426982957873,80.03570546087707,0.07203213491478938
./models/01_CTSM/cime/CIME/non_py/cprnc/filestruct.F90,has_unlimited_dim,FUNCTION,32,0,False,2,8,118.94197037642039,5.25,624.4453444762071,34.691408026455946,0.039647323458806796
./models/01_CTSM/cime/CIME/non_py/cprnc/filestruct.F90,is_time_varying,FUNCTION,344,0,False,2,11,168.55519570060713,6.428571428571429,1083.5691152181887,60.19828417878826,0.05618506523353571
./models/01_CTSM/cime/CIME/non_py/cprnc/utils.F90,checknf90,SUBROUTINE,57,0,False,5,17,314.0409981189452,9.0,2826.3689830705066,157.0204990594726,0.10468033270631506
./models/01_CTSM/cime/CIME/non_py/cprnc/utils.F90,get_dimname_str,SUBROUTINE,5,1,False,3,18,410.0,13.409090909090908,5497.727272727272,305.4292929292929,0.13666666666666666
./models/01_CTSM/cime/CIME/non_py/cprnc/utils.F90,get_dim_str,SUBROUTINE,30,1,False,3,17,328.0872376492793,14.11764705882353,4631.819825636885,257.32332364649363,0.10936241254975977
./models/01_CTSM/cime/CIME/non_py/src/CMake/TryCSizeOf.f90,trycsizeof,PROGRAM,1,0,False,1,1,11.60964047443681,0.5,5.804820237218405,0.32249001317880027,0.0038698801581456034
./models/01_CTSM/cime/CIME/non_py/src/CMake/TryMPIIO.f90,mpicheck,PROGRAM,1,0,False,1,1,19.651484454403228,0.5,9.825742227201614,0.5458745681778674,0.00655049481813441
./models/01_CTSM/cime/CIME/non_py/src/CMake/TryMPIMod.f90,mpimodcheck,PROGRAM,1,0,False,1,4,53.77443751081734,1.3,69.90676876406255,3.883709375781253,0.01792481250360578
./models/01_CTSM/cime/CIME/non_py/src/CMake/TryMPISERIAL.f90,mpiserial_test,PROGRAM,1,0,False,2,3,16.253496664211536,1.5,24.380244996317302,1.3544580553509613,0.005417832221403845
./models/01_CTSM/cime/CIME/non_py/src/CMake/TryPnetcdf_inc.f90,freeform,PROGRAM,1,0,False,1,2,6.339850002884624,0.75,4.754887502163468,0.26416041678685936,0.002113283334294875
./models/01_CTSM/cime/CIME/non_py/src/CMake/TryPnetcdf_mod.f90,freeform,PROGRAM,1,0,False,1,1,15.509775004326936,0.5,7.754887502163468,0.430827083453526,0.005169925001442312
./models/01_CTSM/cime/CIME/non_py/src/components/xcpl_comps_nuopc/xatm/src/atm_comp_nuopc.F90,InitializeAdvertise,SUBROUTINE,107,2,False,27,138,4622.199404586729,47.0,217243.37201557626,12069.07622308757,1.5407331348622428
./models/01_CTSM/cime/CIME/non_py/src/components/xcpl_comps_nuopc/xatm/src/atm_comp_nuopc.F90,InitializeRealize,SUBROUTINE,278,0,False,12,39,1558.7797502778376,11.282608695652174,17587.101965091253,977.0612202828474,0.5195932500926125
./models/01_CTSM/cime/CIME/non_py/src/components/xcpl_comps_nuopc/xatm/src/atm_comp_nuopc.F90,SetServices,SUBROUTINE,61,0,False,11,26,1055.0711136066982,11.255813953488373,11875.68416245679,659.7602312475994,0.35169037120223273
./models/01_CTSM/cime/CIME/non_py/src/components/xcpl_comps_nuopc/xatm/src/atm_comp_nuopc.F90,field_setexport,SUBROUTINE,463,3,False,10,37,1716.4953723546655,23.545454545454547,40415.66376725985,2245.3146537366583,0.5721651241182218
./models/01_CTSM/cime/CIME/non_py/src/components/xcpl_comps_nuopc/xatm/src/atm_comp_nuopc.F90,ModelAdvance,SUBROUTINE,357,0,False,9,31,838.2971584610757,9.391304347826086,7872.7037490257535,437.37243050143076,0.2794323861536919
./models/01_CTSM/cime/CIME/non_py/src/components/xcpl_comps_nuopc/xatm/src/atm_comp_nuopc.F90,state_setexport,SUBROUTINE,413,3,False,9,35,1043.726262922755,20.307692307692307,21195.67180089287,1177.537322271826,0.347908754307585
./models/01_CTSM/cime/CIME/non_py/src/components/xcpl_comps_nuopc/xatm/src/atm_comp_nuopc.F90,ModelFinalize,SUBROUTINE,515,0,False,2,10,129.26767504471167,4.75,614.0214564623805,34.112303136798914,0.043089225014903886
./models/01_CTSM/cime/CIME/non_py/src/components/xcpl_comps_nuopc/xglc/src/glc_comp_nuopc.F90,InitializeAdvertise,SUBROUTINE,113,4,False,28,96,3493.595857944181,32.37341772151899,113099.63805939548,6283.313225521972,1.1645319526480602
./models/01_CTSM/cime/CIME/non_py/src/components/xcpl_comps_nuopc/xglc/src/glc_comp_nuopc.F90,state_setexport,SUBROUTINE,325,4,False,12,41,1294.181470859605,23.333333333333336,30197.567653390786,1677.6426474105992,0.43139382361986833
./models/01_CTSM/cime/CIME/non_py/src/components/xcpl_comps_nuopc/xglc/src/glc_comp_nuopc.F90,SetServices,SUBROUTINE,67,0,False,11,26,1055.0711136066982,11.255813953488373,11875.68416245679,659.7602312475994,0.35169037120223273
./models/01_CTSM/cime/CIME/non_py/src/components/xcpl_comps_nuopc/xglc/src/glc_comp_nuopc.F90,field_setexport,SUBROUTINE,381,3,False,11,41,1973.629131456279,26.125,51561.061059295294,2864.503392183072,0.657876377152093
./models/01_CTSM/cime/CIME/non_py/src/components/xcpl_comps_nuopc/xglc/src/glc_comp_nuopc.F90,InitializeRealize,SUBROUTINE,243,2,False,10,28,1198.4511947926624,9.68421052631579,11606.053675886835,644.7807597714908,0.3994837315975541
./models/01_CTSM/cime/CIME/non_py/src/components/xcpl_comps_nuopc/xglc/src/glc_comp_nuopc.F90,ModelAdvance,SUBROUTINE,306,0,False,2,9,204.035201795358,4.931818181818182,1006.2645179452883,55.903584330293796,0.068011733931786
./models/01_CTSM/cime/CIME/non_py/src/components/xcpl_comps_nuopc/xglc/src/glc_comp_nuopc.F90,ModelFinalize,SUBROUTINE,443,0,False,2,10,129.26767504471167,4.75,614.0214564623805,34.112303136798914,0.043089225014903886
./models/01_CTSM/cime/CIME/non_py/src/components/xcpl_comps_nuopc/xice/src/ice_comp_nuopc.F90,InitializeAdvertise,SUBROUTINE,106,2,False,26,134,4564.332850153406,48.41558441558441,220984.84240742723,12276.935689301514,1.5214442833844688
./models/01_CTSM/cime/CIME/non_py/src/components/xcpl_comps_nuopc/xice/src/ice_comp_nuopc.F90,field_setexport,SUBROUTINE,476,5,False,14,46,2036.7007039262955,24.849999999999998,50612.01249256844,2811.778471809358,0.6789002346420985
./models/01_CTSM/cime/CIME/non_py/src/components/xcpl_comps_nuopc/xice/src/ice_comp_nuopc.F90,SetServices,SUBROUTINE,61,0,False,11,26,1055.0711136066982,11.255813953488373,11875.68416245679,659.7602312475994,0.35169037120223273
./models/01_CTSM/cime/CIME/non_py/src/components/xcpl_comps_nuopc/xice/src/ice_comp_nuopc.F90,InitializeRealize,SUBROUTINE,289,0,False,10,32,1290.542122345072,11.135593220338983,14370.952108147665,798.3862282304258,0.4301807074483573
./models/01_CTSM/cime/CIME/non_py/src/components/xcpl_comps_nuopc/xice/src/ice_comp_nuopc.F90,state_setexport,SUBROUTINE,426,3,False,9,35,1043.726262922755,20.307692307692307,21195.67180089287,1177.537322271826,0.347908754307585
./models/01_CTSM/cime/CIME/non_py/src/components/xcpl_comps_nuopc/xice/src/ice_comp_nuopc.F90,ModelAdvance,SUBROUTINE,376,0,False,7,27,733.7013046707142,10.75,7887.289025210178,438.18272362278765,0.24456710155690473
./models/01_CTSM/cime/CIME/non_py/src/components/xcpl_comps_nuopc/xice/src/ice_comp_nuopc.F90,ModelFinalize,SUBROUTINE,538,0,False,2,10,129.26767504471167,4.75,614.0214564623805,34.112303136798914,0.043089225014903886
./models/01_CTSM/cime/CIME/non_py/src/components/xcpl_comps_nuopc/xlnd/src/lnd_comp_nuopc.F90,InitializeAdvertise,SUBROUTINE,110,2,False,26,141,5124.48737449814,56.66666666666667,290387.6178882279,16132.645438234884,1.7081624581660466
./models/01_CTSM/cime/CIME/non_py/src/components/xcpl_comps_nuopc/xlnd/src/lnd_comp_nuopc.F90,InitializeRealize,SUBROUTINE,300,0,False,12,34,1451.340320203105,11.612903225806452,16854.274686229608,936.3485936794227,0.48378010673436833
./models/01_CTSM/cime/CIME/non_py/src/components/xcpl_comps_nuopc/xlnd/src/lnd_comp_nuopc.F90,SetServices,SUBROUTINE,63,0,False,11,26,1055.0711136066982,11.255813953488373,11875.68416245679,659.7602312475994,0.35169037120223273
./models/01_CTSM/cime/CIME/non_py/src/components/xcpl_comps_nuopc/xlnd/src/lnd_comp_nuopc.F90,field_setexport,SUBROUTINE,494,3,False,11,41,1789.7506409479302,23.625,42282.85889239485,2349.0477162441584,0.5965835469826434
./models/01_CTSM/cime/CIME/non_py/src/components/xcpl_comps_nuopc/xlnd/src/lnd_comp_nuopc.F90,state_setexport,SUBROUTINE,443,3,False,9,35,1043.726262922755,20.307692307692307,21195.67180089287,1177.537322271826,0.347908754307585
./models/01_CTSM/cime/CIME/non_py/src/components/xcpl_comps_nuopc/xlnd/src/lnd_comp_nuopc.F90,ModelAdvance,SUBROUTINE,392,0,False,7,27,710.9873730147376,10.06578947368421,7156.649215214135,397.59162306745196,0.23699579100491253
./models/01_CTSM/cime/CIME/non_py/src/components/xcpl_comps_nuopc/xlnd/src/lnd_comp_nuopc.F90,ModelFinalize,SUBROUTINE,550,0,False,2,10,129.26767504471167,4.75,614.0214564623805,34.112303136798914,0.043089225014903886
./models/01_CTSM/cime/CIME/non_py/src/components/xcpl_comps_nuopc/xocn/src/ocn_comp_nuopc.F90,InitializeAdvertise,SUBROUTINE,110,2,False,24,106,3518.755623939598,38.464285714285715,135346.4216779624,7519.24564877569,1.1729185413131993
./models/01_CTSM/cime/CIME/non_py/src/components/xcpl_comps_nuopc/xocn/src/ocn_comp_nuopc.F90,field_setexport,SUBROUTINE,402,4,False,12,42,1850.9775004326937,23.413793103448274,43338.40423426893,2407.6891241260514,0.6169925001442312
./models/01_CTSM/cime/CIME/non_py/src/components/xcpl_comps_nuopc/xocn/src/ocn_comp_nuopc.F90,SetServices,SUBROUTINE,63,0,False,11,26,1055.0711136066982,11.255813953488373,11875.68416245679,659.7602312475994,0.35169037120223273
./models/01_CTSM/cime/CIME/non_py/src/components/xcpl_comps_nuopc/xocn/src/ocn_comp_nuopc.F90,InitializeRealize,SUBROUTINE,246,0,False,10,31,1273.878729996132,11.172413793103448,14232.30029374989,790.6833496527717,0.424626243332044
./models/01_CTSM/cime/CIME/non_py/src/components/xcpl_comps_nuopc/xocn/src/ocn_comp_nuopc.F90,state_setexport,SUBROUTINE,351,3,False,9,35,1015.8941141594504,18.333333333333336,18624.725426256595,1034.7069681253663,0.33863137138648347
./models/01_CTSM/cime/CIME/non_py/src/components/xcpl_comps_nuopc/xocn/src/ocn_comp_nuopc.F90,ModelAdvance,SUBROUTINE,314,0,False,5,21,529.5648670078178,8.614285714285714,4561.823068653059,253.43461492516994,0.1765216223359393
./models/01_CTSM/cime/CIME/non_py/src/components/xcpl_comps_nuopc/xocn/src/ocn_comp_nuopc.F90,ModelFinalize,SUBROUTINE,461,0,False,2,10,129.26767504471167,4.75,614.0214564623805,34.112303136798914,0.043089225014903886
./models/01_CTSM/cime/CIME/non_py/src/components/xcpl_comps_nuopc/xrof/src/rof_comp_nuopc.F90,InitializeAdvertise,SUBROUTINE,108,2,False,25,92,3211.9637817593334,34.95890410958904,112286.73384999752,6238.151880555418,1.0706545939197778
./models/01_CTSM/cime/CIME/non_py/src/components/xcpl_comps_nuopc/xrof/src/rof_comp_nuopc.F90,SetServices,SUBROUTINE,62,0,False,11,26,1055.0711136066982,11.255813953488373,11875.68416245679,659.7602312475994,0.35169037120223273
./models/01_CTSM/cime/CIME/non_py/src/components/xcpl_comps_nuopc/xrof/src/rof_comp_nuopc.F90,InitializeRealize,SUBROUTINE,237,0,False,10,31,1273.878729996132,11.172413793103448,14232.30029374989,790.6833496527717,0.424626243332044
./models/01_CTSM/cime/CIME/non_py/src/components/xcpl_comps_nuopc/xrof/src/rof_comp_nuopc.F90,field_setexport,SUBROUTINE,410,3,False,10,37,1208.7018510085356,16.799999999999997,20306.191096943396,1128.1217276079665,0.40290061700284524
./models/01_CTSM/cime/CIME/non_py/src/components/xcpl_comps_nuopc/xrof/src/rof_comp_nuopc.F90,ModelAdvance,SUBROUTINE,312,0,False,9,31,793.0646751024042,10.269230769230768,8144.164163551612,452.4535646417562,0.2643548917008014
./models/01_CTSM/cime/CIME/non_py/src/components/xcpl_comps_nuopc/xrof/src/rof_comp_nuopc.F90,state_setexport,SUBROUTINE,360,3,False,9,35,1043.726262922755,20.307692307692307,21195.67180089287,1177.537322271826,0.347908754307585
./models/01_CTSM/cime/CIME/non_py/src/components/xcpl_comps_nuopc/xrof/src/rof_comp_nuopc.F90,ModelFinalize,SUBROUTINE,459,0,False,2,10,129.26767504471167,4.75,614.0214564623805,34.112303136798914,0.043089225014903886
./models/01_CTSM/cime/CIME/non_py/src/components/xcpl_comps_nuopc/xshare/dead_methods_mod.F90,alarmInit,SUBROUTINE,483,1,False,89,251,8798.768546923387,72.67741935483872,639471.7914909159,35526.21063838422,2.9329228489744623
./models/01_CTSM/cime/CIME/non_py/src/components/xcpl_comps_nuopc/xshare/dead_methods_mod.F90,field_getfldptr,SUBROUTINE,370,0,False,22,82,2471.3624395203224,28.233333333333334,69774.7995424571,3876.377752358728,0.8237874798401075
./models/01_CTSM/cime/CIME/non_py/src/components/xcpl_comps_nuopc/xshare/dead_methods_mod.F90,state_diagnose,SUBROUTINE,305,1,False,11,43,1478.2629185403168,18.919642857142858,27968.20646774046,1553.7892482078032,0.49275430618010563
./models/01_CTSM/cime/CIME/non_py/src/components/xcpl_comps_nuopc/xshare/dead_methods_mod.F90,state_getscalar,SUBROUTINE,205,0,False,9,34,1198.4511947926624,15.849056603773583,18994.320823128986,1055.2400457293882,0.3994837315975541
./models/01_CTSM/cime/CIME/non_py/src/components/xcpl_comps_nuopc/xshare/dead_methods_mod.F90,set_component_logging,SUBROUTINE,129,0,False,7,31,1002.3860795485598,15.714285714285715,15751.781250048798,875.0989583360443,0.33412869318285326
./models/01_CTSM/cime/CIME/non_py/src/components/xcpl_comps_nuopc/xshare/dead_methods_mod.F90,state_setscalar,SUBROUTINE,257,0,False,7,30,905.9473678409862,15.0,13589.210517614792,754.9561398674884,0.3019824559469954
./models/01_CTSM/cime/CIME/non_py/src/components/xcpl_comps_nuopc/xshare/dead_methods_mod.F90,get_component_instance,SUBROUTINE,97,0,False,4,20,447.6967300300298,10.98,4915.710095729727,273.09500531831816,0.14923224334334326
./models/01_CTSM/cime/CIME/non_py/src/components/xcpl_comps_nuopc/xshare/dead_methods_mod.F90,timeInit,SUBROUTINE,797,0,False,4,22,725.115825272597,14.426829268292684,10461.122210944906,581.1734561636059,0.24170527509086567
./models/01_CTSM/cime/CIME/non_py/src/components/xcpl_comps_nuopc/xshare/dead_methods_mod.F90,log_clock_advance,SUBROUTINE,177,0,False,3,15,440.92347162443184,9.333333333333332,4115.285735161363,228.62698528674238,0.1469744905414773
./models/01_CTSM/cime/CIME/non_py/src/components/xcpl_comps_nuopc/xshare/dead_methods_mod.F90,memcheck,SUBROUTINE,77,0,False,2,10,218.26124091941205,9.5625,2087.1231162918775,115.95128423843764,0.07275374697313734
./models/01_CTSM/cime/CIME/non_py/src/components/xcpl_comps_nuopc/xshare/dead_methods_mod.F90,chkerr,FUNCTION,836,0,False,2,11,235.22522171496468,5.277777777777778,1241.4664479400913,68.97035821889396,0.07840840723832156
./models/01_CTSM/cime/CIME/non_py/src/components/xcpl_comps_nuopc/xshare/dead_nuopc_mod.F90,ModelSetRunClock,SUBROUTINE,253,0,False,15,52,2030.1849166925062,18.30597014925373,37164.50448243819,2064.6946934687885,0.6767283055641687
./models/01_CTSM/cime/CIME/non_py/src/components/xcpl_comps_nuopc/xshare/dead_nuopc_mod.F90,fld_list_realize,SUBROUTINE,129,1,False,11,68,3210.3375144627366,34.93150684931507,112141.92687506821,6230.1070486149,1.0701125048209121
./models/01_CTSM/cime/CIME/non_py/src/components/xcpl_comps_nuopc/xshare/dead_nuopc_mod.F90,dead_read_inparms,SUBROUTINE,41,0,False,5,44,1277.4029131020784,23.930232558139533,30568.548780977642,1698.2527100543134,0.42580097103402614
./models/01_CTSM/cime/CIME/non_py/src/components/xcpl_comps_nuopc/xshare/dead_nuopc_mod.F90,SetScalarField,SUBROUTINE,196,0,False,4,19,907.5880547154393,7.4,6716.151604894251,373.1195336052362,0.3025293515718131
./models/01_CTSM/cime/CIME/non_py/src/components/xcpl_comps_nuopc/xshare/dead_nuopc_mod.F90,fld_list_add,SUBROUTINE,99,0,False,3,18,489.6886163691213,14.173076923076923,6940.394428154662,385.57746823081453,0.16322953878970708
./models/01_CTSM/cime/CIME/non_py/src/components/xcpl_comps_nuopc/xshare/dead_nuopc_mod.F90,ModelInitPhase,SUBROUTINE,234,0,False,2,10,228.3251067709959,4.956521739130435,1131.6983552997187,62.87213084998437,0.07610836892366529
./models/01_CTSM/cime/CIME/non_py/src/components/xcpl_comps_nuopc/xwav/src/wav_comp_nuopc.F90,InitializeAdvertise,SUBROUTINE,107,2,False,26,96,3294.4269411747787,35.464285714285715,116834.49830666269,6490.805461481261,1.0981423137249262
./models/01_CTSM/cime/CIME/non_py/src/components/xcpl_comps_nuopc/xwav/src/wav_comp_nuopc.F90,SetServices,SUBROUTINE,61,0,False,11,26,1055.0711136066982,11.255813953488373,11875.68416245679,659.7602312475994,0.35169037120223273
./models/01_CTSM/cime/CIME/non_py/src/components/xcpl_comps_nuopc/xwav/src/wav_comp_nuopc.F90,InitializeRealize,SUBROUTINE,236,0,False,10,31,1273.878729996132,11.172413793103448,14232.30029374989,790.6833496527717,0.424626243332044
./models/01_CTSM/cime/CIME/non_py/src/components/xcpl_comps_nuopc/xwav/src/wav_comp_nuopc.F90,field_setexport,SUBROUTINE,399,3,False,10,37,1722.3285277615355,23.125,39828.84720448551,2212.713733582528,0.5741095092538452
./models/01_CTSM/cime/CIME/non_py/src/components/xcpl_comps_nuopc/xwav/src/wav_comp_nuopc.F90,state_setexport,SUBROUTINE,345,3,False,9,39,1145.5840909126398,20.78048780487805,23805.79623067242,1322.5442350373567,0.3818613636375466
./models/01_CTSM/cime/CIME/non_py/src/components/xcpl_comps_nuopc/xwav/src/wav_comp_nuopc.F90,ModelAdvance,SUBROUTINE,304,0,False,7,25,615.0875467889235,9.375,5766.445751146158,320.35809728589766,0.2050291822629745
./models/01_CTSM/cime/CIME/non_py/src/components/xcpl_comps_nuopc/xwav/src/wav_comp_nuopc.F90,ModelFinalize,SUBROUTINE,451,0,False,2,10,129.26767504471167,4.75,614.0214564623805,34.112303136798914,0.043089225014903886
./models/01_CTSM/cime/CIME/non_py/src/timing/perf_mod.F90,t_initf,SUBROUTINE,1403,0,False,43,178,6012.684106934545,36.748062015503876,220954.4884412652,12275.249357848066,2.0042280356448483
./models/01_CTSM/cime/CIME/non_py/src/timing/perf_mod.F90,t_prf,SUBROUTINE,1103,1,False,40,217,5740.124303167776,59.43684210526315,341174.8618719668,18954.158992887045,1.913374767722592
./models/01_CTSM/cime/CIME/non_py/src/timing/perf_mod.F90,perf_setopts,SUBROUTINE,337,0,False,20,89,1921.4177664018437,24.652173913043477,47367.1249369498,2631.5069409416556,0.6404725888006145
./models/01_CTSM/cime/CIME/non_py/src/timing/perf_mod.F90,perf_defaultopts,SUBROUTINE,253,0,False,13,51,968.9583260069847,9.6875,9386.783783192664,521.487987955148,0.3229861086689949
./models/01_CTSM/cime/CIME/non_py/src/timing/perf_mod.F90,t_startstop_valsf,SUBROUTINE,846,0,False,10,49,1164.7633237736447,21.647727272727273,25214.478770327198,1400.8043761292888,0.38825444125788156
./models/01_CTSM/cime/CIME/non_py/src/timing/perf_mod.F90,t_startf,SUBROUTINE,690,0,False,8,34,828.2703820113933,17.5609756097561,14545.235976785445,808.0686653769692,0.2760901273371311
./models/01_CTSM/cime/CIME/non_py/src/timing/perf_mod.F90,t_stopf,SUBROUTINE,768,0,False,8,35,839.9361620397227,17.5609756097561,14750.098455331718,819.4499141850954,0.2799787206799076
./models/01_CTSM/cime/CIME/non_py/src/timing/perf_mod.F90,t_barrierf,SUBROUTINE,1049,0,False,8,24,378.329558951884,9.130434782608695,3454.3133643432884,191.90629801907158,0.12610985298396132
./models/01_CTSM/cime/CIME/non_py/src/timing/perf_mod.F90,papi_setopts,SUBROUTINE,519,0,False,6,24,370.8812251687505,12.0,4450.574702025006,247.25415011250035,0.12362707505625017
./models/01_CTSM/cime/CIME/non_py/src/timing/perf_mod.F90,papi_defaultopts,SUBROUTINE,483,0,False,5,19,285.24725426256595,7.333333333333333,2091.8131979254836,116.21184432919353,0.09508241808752198
./models/01_CTSM/cime/CIME/non_py/src/timing/perf_mod.F90,t_enablef,SUBROUTINE,942,0,False,5,12,157.17331799741265,7.6499999999999995,1202.3758826802068,66.79866014890038,0.05239110599913755
./models/01_CTSM/cime/CIME/non_py/src/timing/perf_mod.F90,t_adj_detailf,SUBROUTINE,1008,0,False,5,14,263.22462421590114,12.857142857142858,3384.3165970615864,188.0175887256437,0.08774154140530038
./models/01_CTSM/cime/CIME/non_py/src/timing/perf_mod.F90,t_disablef,SUBROUTINE,974,0,False,4,12,146.94555522617034,6.333333333333333,930.6551830990788,51.7030657277266,0.048981851742056784
./models/01_CTSM/cime/CIME/non_py/src/timing/perf_mod.F90,t_profile_onf,FUNCTION,568,0,False,2,7,92.0,6.0,552.0,30.666666666666668,0.030666666666666665
./models/01_CTSM/cime/CIME/non_py/src/timing/perf_mod.F90,t_set_prefixf,SUBROUTINE,614,0,False,2,7,110.44611534953322,4.384615384615384,484.26373653256866,26.903540918476036,0.03681537178317774
./models/01_CTSM/cime/CIME/non_py/src/timing/perf_mod.F90,t_unset_prefixf,SUBROUTINE,639,0,False,2,5,48.432042660922164,3.75,181.6201599784581,10.090008887692116,0.01614401422030739
./models/01_CTSM/cime/CIME/non_py/src/timing/perf_mod.F90,t_stampf,SUBROUTINE,659,0,False,2,14,269.343659006934,11.53125,3105.8690679237075,172.54828155131707,0.089781219668978
./models/01_CTSM/cime/CIME/non_py/src/timing/perf_mod.F90,t_finalizef,SUBROUTINE,1740,0,False,2,7,64.5293250129808,3.9285714285714284,253.50806255099602,14.083781252833113,0.021509775004326936
./models/01_CTSM/cime/CIME/non_py/src/timing/perf_mod.F90,t_getLogUnit,SUBROUTINE,216,0,False,1,5,60.94436251225965,2.1666666666666665,132.04611877656257,7.335895487586809,0.02031478750408655
./models/01_CTSM/cime/CIME/non_py/src/timing/perf_mod.F90,t_setLogUnit,SUBROUTINE,233,0,False,1,6,76.14709844115208,3.0,228.44129532345625,12.691183073525346,0.025382366147050694
./models/01_CTSM/cime/CIME/non_py/src/timing/perf_mod.F90,t_barrier_onf,FUNCTION,588,0,False,1,3,23.264662506490403,1.75,40.71315938635821,2.2618421881310113,0.007754887502163467
./models/01_CTSM/cime/CIME/non_py/src/timing/perf_mod.F90,t_single_filef,FUNCTION,601,0,False,1,3,23.264662506490403,1.75,40.71315938635821,2.2618421881310113,0.007754887502163467
./models/01_CTSM/cime/CIME/non_py/src/timing/perf_utils.F90,find_group_name,SUBROUTINE,424,1,False,5,28,621.4760325356978,17.642857142857142,10964.612859736953,609.1451588742752,0.20715867751189926
./models/01_CTSM/cime/CIME/non_py/src/timing/perf_utils.F90,shr_sys_abort,SUBROUTINE,100,0,False,3,24,454.9534001269235,10.384615384615385,4724.5160782411285,262.4731154578405,0.15165113337564118
./models/01_CTSM/cime/CIME/non_py/src/timing/perf_utils.F90,shr_log_getUnit,FUNCTION,338,1,False,3,18,418.7639251168273,12.5,5234.549063960341,290.80828133113005,0.13958797503894244
./models/01_CTSM/cime/CIME/non_py/src/timing/perf_utils.F90,shr_log_freeUnit,SUBROUTINE,388,0,False,3,13,387.7443751081734,12.717391304347826,4931.096944310466,273.9498302394703,0.12924812503605781
./models/01_CTSM/cime/CIME/non_py/src/timing/perf_utils.F90,to_lower,FUNCTION,496,1,False,3,16,347.1067876579332,15.588235294117647,5410.782278197194,300.59901545539964,0.11570226255264439
./models/01_CTSM/cime/CIME/non_py/src/timing/perf_utils.F90,shr_mpi_chkerr,SUBROUTINE,178,0,False,2,14,350.0,8.5,2975.0,165.27777777777777,0.11666666666666667
./models/01_CTSM/cime/CIME/non_py/src/timing/perf_utils.F90,shr_mpi_abort,SUBROUTINE,207,0,False,2,11,274.78587335407707,7.454545454545454,2048.403783184938,113.80021017694101,0.0915952911180257
./models/01_CTSM/cime/CIME/non_py/src/timing/perf_utils.F90,shr_mpi_barrier,SUBROUTINE,233,0,False,2,13,267.18895473201644,7.428571428571429,1984.8322351521222,110.26845750845123,0.08906298491067215
./models/01_CTSM/cime/CIME/non_py/src/timing/perf_utils.F90,shr_mpi_bcasti0,SUBROUTINE,261,0,False,2,16,400.08407532170736,8.592592592592593,3437.75946202356,190.98663677908667,0.13336135844056912
./models/01_CTSM/cime/CIME/non_py/src/timing/perf_utils.F90,shr_mpi_bcastl0,SUBROUTINE,293,0,False,2,16,387.7443751081734,8.0,3101.9550008653873,172.3308333814104,0.12924812503605781
./models/01_CTSM/cime/CIME/non_py/src/timing/perf_utils.F90,perfutils_setunit,SUBROUTINE,82,0,False,1,5,60.94436251225965,2.1666666666666665,132.04611877656257,7.335895487586809,0.02031478750408655
./models/01_CTSM/cime/CIME/non_py/src/timing/perf_utils.F90,shr_sys_flush,SUBROUTINE,146,0,False,1,9,157.17331799741265,3.466666666666667,544.8675023910306,30.2704167995017,0.05239110599913755
./models/01_CTSM/cime/scripts/fortran_unit_testing/Examples/circle_area/src/circle.F90,circle_area,FUNCTION,8,0,False,1,5,89.62406251802891,3.166666666666667,283.80953130709156,15.76719618372731,0.029874687506009637
./models/01_CTSM/cime/scripts/fortran_unit_testing/Examples/circle_area/tests/CTest/test_driver.F90,assert,SUBROUTINE,14,0,False,2,8,120.92782504182705,6.045454545454546,731.0636695710454,40.61464830950252,0.04030927501394235
./models/01_CTSM/cime/scripts/fortran_unit_testing/Examples/circle_area/tests/CTest/test_driver.F90,test_driver,PROGRAM,1,0,False,1,1,28.52932501298081,1.5,42.793987519471216,2.377443751081734,0.009509775004326936
./models/01_CTSM/cime/scripts/fortran_unit_testing/Examples/interpolate_1d/src/interpolate_1d.F90,interpolate_point,FUNCTION,16,1,False,4,19,505.2300234932675,21.083333333333336,10651.93299531639,591.7740552953551,0.16841000783108917
./models/01_CTSM/cime/scripts/fortran_unit_testing/Examples/interpolate_1d/tests/CTest/test_driver.F90,assert,SUBROUTINE,37,0,False,2,8,120.92782504182705,6.045454545454546,731.0636695710454,40.61464830950252,0.04030927501394235
./models/01_CTSM/cime/scripts/fortran_unit_testing/Examples/interpolate_1d/tests/CTest/test_driver.F90,test_driver,PROGRAM,1,0,False,1,8,249.3352333162707,6.769230769230769,1687.8077332178323,93.76709628987958,0.0831117444387569
./models/01_CTSM/cime/tools/mapping/check_maps/src/ESMF_RegridWeightGenCheck.F90,OfflineTester,PROGRAM,1,15,False,155,439,19220.070937535063,89.00240384615384,1710632.5155342203,95035.13975190112,6.406690312511688
./models/01_CTSM/cime/tools/mapping/check_maps/src/ESMF_RegridWeightGenCheck.F90,GridReadCoords,SUBROUTINE,902,0,False,44,249,8389.551891652553,77.20289855072464,647697.723577292,35983.20686540511,2.7965172972175174
./models/01_CTSM/cime/tools/mapping/check_maps/src/ESMF_RegridWeightGenCheck.F90,ESMF_FieldRegridReadSCRIPFileP,SUBROUTINE,1267,1,False,15,101,3205.217544107893,31.044776119402982,99505.2610708122,5528.070059489566,1.0684058480359644
./models/01_CTSM/cime/tools/mapping/check_maps/src/ESMF_RegridWeightGenCheck.F90,NCFileInquire,SUBROUTINE,777,0,False,12,78,2324.6339758289832,25.15740740740741,58481.764003031,3248.986889057278,0.7748779919429944
./models/01_CTSM/cime/tools/mapping/gen_domain_files/src/gen_domain.F90,gen_domain,SUBROUTINE,135,4,False,34,294,9763.530249430816,86.51785714285714,844719.7153302197,46928.87307390109,3.2545100831436056
./models/01_CTSM/cime/tools/mapping/gen_domain_files/src/gen_domain.F90,fmain,PROGRAM,1,1,False,14,69,1573.3213622069413,41.55882352941176,65385.384847012,3632.5213803895554,0.5244404540689804
./models/01_CTSM/cime/tools/mapping/gen_domain_files/src/gen_domain.F90,write_file,SUBROUTINE,593,0,False,8,174,6288.639188188704,58.10843373493975,365422.9735498086,20301.2763083227,2.096213062729568
./models/01_CTSM/cime/tools/mapping/gen_domain_files/src/gen_domain.F90,check_ret,SUBROUTINE,518,0,False,4,12,216.22022703449022,7.333333333333333,1585.6149982529282,88.08972212516268,0.07207340901149674
./models/01_CTSM/cime/tools/mapping/gen_domain_files/src/gen_domain.F90,sys_getenv,SUBROUTINE,817,0,False,3,21,587.7625990828849,12.1875,7163.35667632266,397.96425979570336,0.19592086636096162
./models/01_CTSM/cime/tools/mapping/gen_domain_files/src/gen_domain.F90,usage_exit,SUBROUTINE,536,0,False,2,54,648.0,29.5,19116.0,1062.0,0.216
./models/01_CTSM/cime/tools/mapping/gen_domain_files/src/gen_domain.F90,var_exists,FUNCTION,862,0,False,2,11,185.46604019833754,6.34375,1176.5501925082037,65.36389958378909,0.061822013399445847
./models/01_CTSM/cime/tools/mapping/gen_mapping_files/runoff_to_ocn/src/fixroff_mod.F90,fixroff_modifyMap,SUBROUTINE,20,5,False,23,125,4991.401575546636,73.92,368964.40446440736,20498.022470244854,1.663800525182212
./models/01_CTSM/cime/tools/mapping/gen_mapping_files/runoff_to_ocn/src/fixroff_mod.F90,fixroff_findActive,SUBROUTINE,249,8,False,19,68,2021.921595193574,31.69811320754717,64091.09962123027,3560.616645623904,0.6739738650645246
./models/01_CTSM/cime/tools/mapping/gen_mapping_files/runoff_to_ocn/src/main.F90,main,PROGRAM,1,0,False,9,106,2542.2798511567344,25.904411764705884,65856.26408547923,3658.681338082179,0.8474266170522448
./models/01_CTSM/cime/tools/mapping/gen_mapping_files/runoff_to_ocn/src/mapsort_mod.F90,mapsort_byrow,SUBROUTINE,67,8,False,16,157,5443.906201706816,55.12048192771084,300070.73340733355,16670.59630040742,1.8146354005689387
./models/01_CTSM/cime/tools/mapping/gen_mapping_files/runoff_to_ocn/src/mapsort_mod.F90,mapsort_sortY,SUBROUTINE,802,5,False,13,73,2204.1866195684142,37.949999999999996,83648.8822126213,4647.160122923406,0.7347288731894714
./models/01_CTSM/cime/tools/mapping/gen_mapping_files/runoff_to_ocn/src/mapsort_mod.F90,mapsort_checkSort,SUBROUTINE,23,2,False,11,23,753.4015633719471,17.4375,13137.439761298327,729.8577645165738,0.2511338544573157
./models/01_CTSM/cime/tools/mapping/gen_mapping_files/runoff_to_ocn/src/mapsort_mod.F90,mapsort_partitianRC,SUBROUTINE,403,3,False,11,55,1343.2377731663844,49.66666666666667,66714.14273393044,3706.3412629961354,0.4477459243887948
./models/01_CTSM/cime/tools/mapping/gen_mapping_files/runoff_to_ocn/src/mapsort_mod.F90,mapsort_sortH,SUBROUTINE,702,5,False,11,75,2108.8715889905952,48.36363636363636,101992.69866754515,5666.261037085842,0.7029571963301984
./models/01_CTSM/cime/tools/mapping/gen_mapping_files/runoff_to_ocn/src/mapsort_mod.F90,mapsort_bubble,SUBROUTINE,968,2,False,11,58,1898.836321830555,36.140350877192986,68624.6109293148,3812.4783849619334,0.632945440610185
./models/01_CTSM/cime/tools/mapping/gen_mapping_files/runoff_to_ocn/src/mapsort_mod.F90,mapsort_partitianC,SUBROUTINE,623,3,False,10,53,1179.0890672641938,37.74193548387097,44501.1035064228,2472.2835281345997,0.39302968908806457
./models/01_CTSM/cime/tools/mapping/gen_mapping_files/runoff_to_ocn/src/mapsort_mod.F90,mapsort_sortMatC,SUBROUTINE,489,1,False,9,53,1837.9981962261693,26.694915254237287,49065.206085698585,2725.8447825388103,0.6126660654087231
./models/01_CTSM/cime/tools/mapping/gen_mapping_files/runoff_to_ocn/src/mapsort_mod.F90,mapsort_sortMatRC,SUBROUTINE,297,0,False,5,32,1093.8422260004847,14.067307692307692,15387.415159987588,854.8563977770882,0.36461407533349494
./models/01_CTSM/cime/tools/mapping/gen_mapping_files/runoff_to_ocn/src/mapsort_mod.F90,mapsort_qsortRC,SUBROUTINE,369,0,True,2,15,450.8318642452056,11.826086956521738,5331.5768293346055,296.1987127408114,0.1502772880817352
./models/01_CTSM/cime/tools/mapping/gen_mapping_files/runoff_to_ocn/src/mapsort_mod.F90,mapsort_QsortC,SUBROUTINE,589,0,True,2,15,450.8318642452056,11.826086956521738,5331.5768293346055,296.1987127408114,0.1502772880817352
./models/01_CTSM/cime/tools/mapping/gen_mapping_files/runoff_to_ocn/src/map_mod.F90,map_gridRead,SUBROUTINE,312,20,False,73,514,21709.05879714721,135.3089005235602,2937428.877243311,163190.49318018396,7.2363529323824025
./models/01_CTSM/cime/tools/mapping/gen_mapping_files/runoff_to_ocn/src/map_mod.F90,map_check,SUBROUTINE,2210,9,False,32,211,8265.107670147412,59.16260162601626,488985.2724850628,27165.848471392375,2.7550358900491374
./models/01_CTSM/cime/tools/mapping/gen_mapping_files/runoff_to_ocn/src/map_mod.F90,map_read,SUBROUTINE,89,1,False,27,167,5905.833585200842,45.30337078651685,267554.1687138179,14864.120484100995,1.9686111950669474
./models/01_CTSM/cime/tools/mapping/gen_mapping_files/runoff_to_ocn/src/map_mod.F90,map_matMatMult,SUBROUTINE,1947,11,False,27,173,5712.004465924156,52.977777777777774,302609.30326140416,16811.6279589669,1.9040014886413852
./models/01_CTSM/cime/tools/mapping/gen_mapping_files/runoff_to_ocn/src/map_mod.F90,map_gennn,SUBROUTINE,1113,7,False,20,97,2983.6041527475268,41.898305084745765,125007.95704393028,6944.886502440571,0.9945347175825089
./models/01_CTSM/cime/tools/mapping/gen_mapping_files/runoff_to_ocn/src/map_mod.F90,map_gennn0,SUBROUTINE,983,4,False,14,79,2645.8839376460833,32.58860759493671,86225.6733856942,4790.315188094122,0.8819613125486945
./models/01_CTSM/cime/tools/mapping/gen_mapping_files/runoff_to_ocn/src/map_mod.F90,map_DestGridRead,SUBROUTINE,2513,0,False,8,89,2572.8587256014443,28.221311475409838,72609.44747742437,4033.8581931902427,0.8576195752004815
./models/01_CTSM/cime/tools/mapping/gen_mapping_files/runoff_to_ocn/src/map_mod.F90,map_bxindex,SUBROUTINE,1848,0,False,6,34,1100.5519570060712,24.857142857142858,27356.577217008056,1519.8098453893365,0.3668506523353571
./models/01_CTSM/cime/tools/mapping/gen_mapping_files/runoff_to_ocn/src/map_mod.F90,nSij,FUNCTION,1904,1,False,5,17,401.2899011413369,17.36842105263158,6969.77196719164,387.2095537328689,0.13376330038044562
./models/01_CTSM/cime/tools/mapping/gen_mapping_files/runoff_to_ocn/src/map_mod.F90,map_write,SUBROUTINE,1350,0,False,4,166,6558.338310510518,34.623655913978496,227073.64903057922,12615.202723921067,2.1861127701701726
./models/01_CTSM/cime/tools/mapping/gen_mapping_files/runoff_to_ocn/src/map_mod.F90,map_print,SUBROUTINE,1271,2,False,3,53,2474.139925578367,13.681818181818182,33850.732618140384,1880.5962565633547,0.8247133085261223
./models/01_CTSM/cime/tools/mapping/gen_mapping_files/runoff_to_ocn/src/map_mod.F90,map_Sn1,SUBROUTINE,1606,2,False,3,13,315.78222090468125,6.375,2013.111658267343,111.83953657040794,0.10526074030156042
./models/01_CTSM/cime/tools/mapping/gen_mapping_files/runoff_to_ocn/src/map_mod.F90,map_distance,FUNCTION,2484,0,False,3,12,474.17304721969464,12.0,5690.076566636336,316.11536481312976,0.15805768240656487
./models/01_CTSM/cime/tools/mapping/gen_mapping_files/runoff_to_ocn/src/map_mod.F90,map_boundpta,SUBROUTINE,1240,0,False,2,20,813.0296890880645,11.847826086956522,9632.634359847721,535.1463533248734,0.2710098963626882
./models/01_CTSM/cime/tools/mapping/gen_mapping_files/runoff_to_ocn/src/map_mod.F90,map_dup,SUBROUTINE,1647,0,False,1,81,2445.515158820931,6.90566037735849,16887.89713449926,938.2165074721811,0.815171719606977
./models/01_CTSM/cime/tools/mapping/gen_mapping_files/runoff_to_ocn/src/map_mod.F90,map_free,SUBROUTINE,1771,0,False,1,32,867.199227100951,4.430232558139535,3841.8942502960736,213.43856946089298,0.28906640903365033
./models/01_CTSM/cime/tools/mapping/gen_mapping_files/runoff_to_ocn/src/shr_sys_mod.F90,shr_sys_irtc,FUNCTION,188,0,False,4,17,461.5081945371193,14.4,6645.718001334519,369.20655562969546,0.15383606484570644
./models/01_CTSM/cime/tools/mapping/gen_mapping_files/runoff_to_ocn/src/shr_sys_mod.F90,shr_sys_ioUnit,FUNCTION,294,1,False,4,18,343.01880011637485,10.0,3430.1880011637486,190.5660000646527,0.11433960003879162
./models/01_CTSM/cime/tools/mapping/gen_mapping_files/runoff_to_ocn/src/shr_sys_mod.F90,shr_sys_getenv,SUBROUTINE,105,0,False,3,18,461.63547152504697,9.777777777777779,4513.7690549115705,250.76494749508726,0.15387849050834898
./models/01_CTSM/cime/tools/mapping/gen_mapping_files/runoff_to_ocn/src/shr_sys_mod.F90,shr_sys_sleep,SUBROUTINE,222,0,False,3,17,361.89475010096186,8.846153846153847,3201.376635508509,177.8542575282505,0.12063158336698729
./models/01_CTSM/cime/tools/mapping/gen_mapping_files/runoff_to_ocn/src/shr_sys_mod.F90,shr_sys_abort,SUBROUTINE,144,0,False,2,15,300.0,8.217391304347826,2465.217391304348,136.95652173913044,0.1
./models/01_CTSM/cime/tools/mapping/gen_mapping_files/runoff_to_ocn/src/shr_sys_mod.F90,shr_sys_system,SUBROUTINE,28,0,False,1,14,265.9278250418271,5.657894736842105,1504.5916416840216,83.5884245380012,0.08864260834727569
./models/01_CTSM/cime/tools/mapping/gen_mapping_files/runoff_to_ocn/src/shr_sys_mod.F90,shr_sys_chdir,SUBROUTINE,70,0,False,1,12,253.82374477961895,4.8809523809523805,1238.9016114243304,68.82786730135169,0.08460791492653964
./models/01_CTSM/cime/tools/mapping/gen_mapping_files/runoff_to_ocn/src/shr_sys_mod.F90,shr_sys_flush,SUBROUTINE,259,0,False,1,7,85.95159310338741,3.75,322.31847413770276,17.90658189653904,0.02865053103446247
./models/01_CTSM/cime/tools/mapping/gen_mapping_files/runoff_to_ocn/src/shr_timer_mod.F90,shr_timer_stop,SUBROUTINE,165,0,False,4,21,627.6685402395731,16.640625,10444.796802424145,580.2664890235636,0.20922284674652436
./models/01_CTSM/cime/tools/mapping/gen_mapping_files/runoff_to_ocn/src/shr_timer_mod.F90,shr_timer_get,SUBROUTINE,101,1,False,3,16,325.0,8.217391304347826,2670.6521739130435,148.3695652173913,0.10833333333333334
./models/01_CTSM/cime/tools/mapping/gen_mapping_files/runoff_to_ocn/src/shr_timer_mod.F90,shr_timer_start,SUBROUTINE,131,0,False,3,13,323.1448300675329,10.695652173913043,3456.2447042005692,192.0135946778094,0.10771494335584429
./models/01_CTSM/cime/tools/mapping/gen_mapping_files/runoff_to_ocn/src/shr_timer_mod.F90,shr_timer_print,SUBROUTINE,207,0,False,3,16,413.594000115385,13.25,5480.120501528851,304.45113897382504,0.1378646667051283
./models/01_CTSM/cime/tools/mapping/gen_mapping_files/runoff_to_ocn/src/shr_timer_mod.F90,shr_timer_print_all,SUBROUTINE,236,1,False,3,8,160.47368752524045,5.5,882.6052813888225,49.033626743823476,0.05349122917508015
./models/01_CTSM/cime/tools/mapping/gen_mapping_files/runoff_to_ocn/src/shr_timer_mod.F90,shr_timer_check,SUBROUTINE,297,0,False,3,12,247.70981551934375,9.157894736842106,2268.500415808727,126.02780087826262,0.08256993850644792
./models/01_CTSM/cime/tools/mapping/gen_mapping_files/runoff_to_ocn/src/shr_timer_mod.F90,shr_timer_check_all,SUBROUTINE,324,1,False,3,10,174.22857502740393,5.5,958.2571626507216,53.236509036151205,0.05807619167580131
./models/01_CTSM/cime/tools/mapping/gen_mapping_files/runoff_to_ocn/src/shr_timer_mod.F90,shr_timer_init,SUBROUTINE,65,0,False,2,14,289.98538195126935,7.5,2174.89036463452,120.82724247969557,0.09666179398375645
./models/01_CTSM/cime/tools/mapping/gen_mapping_files/runoff_to_ocn/src/shr_timer_mod.F90,shr_timer_zero,SUBROUTINE,258,0,False,2,10,209.2150500951926,8.235294117647058,1722.947471372174,95.71930396512079,0.06973835003173086
./models/01_CTSM/cime/tools/mapping/gen_mapping_files/runoff_to_ocn/src/shr_timer_mod.F90,shr_timer_free,SUBROUTINE,347,0,False,2,13,272.4807970712781,8.571428571428571,2335.5496891823836,129.75276051013242,0.0908269323570927
./models/01_CTSM/cime/tools/mapping/gen_mapping_files/runoff_to_ocn/src/shr_timer_mod.F90,shr_timer_free_all,SUBROUTINE,373,1,False,2,7,112.58797503894243,3.269230769230769,368.0760722426964,20.4486706801498,0.03752932501298081
./models/01_CTSM/cime/tools/mapping/gen_mapping_files/runoff_to_ocn/src/shr_timer_mod.F90,shr_timer_zero_all,SUBROUTINE,281,0,False,1,5,64.5293250129808,2.0,129.0586500259616,7.169925001442312,0.021509775004326936
./models/01_CTSM/cime/tools/mapping/gen_mapping_files/runoff_to_ocn/src/shr_timer_mod.F90,shr_timer_sleep,SUBROUTINE,393,0,False,1,5,68.53238859703687,2.0454545454545454,140.17988576666633,7.787771431481463,0.022844129532345624
./models/01_CTSM/cime/tools/mapping/gen_mapping_files/runoff_to_ocn/src/smooth_mod.F90,dummyflux,SUBROUTINE,834,14,False,26,122,5228.048580140239,64.65555555555557,338022.38542040065,18779.02141224448,1.7426828600467463
./models/01_CTSM/cime/tools/mapping/gen_mapping_files/runoff_to_ocn/src/smooth_mod.F90,breadth_setDist,SUBROUTINE,1450,1,True,23,131,4883.39385334877,53.523809523809526,261377.8424363818,14520.991246465655,1.6277979511162566
./models/01_CTSM/cime/tools/mapping/gen_mapping_files/runoff_to_ocn/src/smooth_mod.F90,smooth,SUBROUTINE,196,10,False,22,246,8983.529476749845,53.93354430379747,484513.5850387583,26917.421391042128,2.9945098255832816
./models/01_CTSM/cime/tools/mapping/gen_mapping_files/runoff_to_ocn/src/smooth_mod.F90,smooth_init,SUBROUTINE,23,2,False,6,96,3002.6435721644016,27.576388888888893,82802.06684072806,4600.114824484892,1.0008811907214672
./models/01_CTSM/cime/tools/mapping/gen_mapping_files/runoff_to_ocn/src/smooth_mod.F90,dummyweights,SUBROUTINE,1025,4,False,6,60,1936.4022527986797,21.271186440677965,41189.57334342954,2288.30963019053,0.64546741759956
./models/01_CTSM/cime/tools/mapping/gen_mapping_files/runoff_to_ocn/src/smooth_mod.F90,dummy_aroff_write,SUBROUTINE,1149,3,False,6,121,4807.593879044734,37.18681318681319,178779.0954581031,9932.171969894618,1.6025312930149114
./models/01_CTSM/cime/tools/mapping/gen_mapping_files/runoff_to_ocn/src/smooth_mod.F90,POP_2D_read,SUBROUTINE,1385,0,False,6,36,979.9255223796765,13.98913043478261,13708.30594894178,761.5725527189877,0.3266418407932255
./models/01_CTSM/cime/tools/mapping/gen_mapping_files/runoff_to_ocn/src/smooth_mod.F90,test_smooth,SUBROUTINE,698,2,False,5,26,994.3938707262415,18.0,17899.089673072347,994.3938707262415,0.33146462357541384
./models/01_CTSM/cime/tools/mapping/gen_mapping_files/runoff_to_ocn/src/smooth_mod.F90,distance,FUNCTION,645,0,False,3,12,474.17304721969464,12.0,5690.076566636336,316.11536481312976,0.15805768240656487
./models/01_CTSM/cime/tools/mapping/gen_mapping_files/runoff_to_ocn/src/smooth_mod.F90,smooth_field_write,SUBROUTINE,739,0,False,3,51,1947.1582206747357,12.41025641025641,24164.732789912105,1342.485154995117,0.6490527402249119
./models/01_CTSM/cime/tools/mapping/gen_mapping_files/runoff_to_ocn/src/smooth_mod.F90,POP_TAREA_compute,SUBROUTINE,1326,0,False,3,28,948.1678398821537,15.375,14578.080538188113,809.893363232673,0.31605594662738457
./models/01_CTSM/cime/tools/mapping/gen_mapping_files/runoff_to_ocn/src/smooth_mod.F90,depth_setDist,SUBROUTINE,1631,0,True,3,36,1712.304206377674,43.588235294117645,74636.31864269744,4146.462146816524,0.570768068792558
./models/01_CTSM/cime/tools/mapping/gen_mapping_files/runoff_to_ocn/src/smooth_mod.F90,iadd,FUNCTION,601,0,False,2,9,182.66088307807416,10.545454545454545,1926.2420397324183,107.01344665180102,0.06088696102602472
./models/01_CTSM/cime/tools/mapping/gen_mapping_files/runoff_to_ocn/src/smooth_mod.F90,jadd,FUNCTION,624,0,False,2,9,157.17331799741265,7.583333333333333,1191.8976614803792,66.21653674890996,0.05239110599913755
./models/01_CTSM/cime/tools/mapping/gen_mapping_files/runoff_to_ocn/src/smooth_mod.F90,falloff,FUNCTION,674,0,False,1,7,202.04660144782298,4.470588235294118,903.2671594137969,50.18150885632205,0.06734886714927432
./models/01_CTSM/cime/tools/mapping/map_field/src/map_field.F90,map_field,SUBROUTINE,111,3,False,17,188,5747.394163122201,50.75,291680.2537784517,16204.458543247318,1.915798054374067
./models/01_CTSM/cime/tools/mapping/map_field/src/map_field.F90,fmain,PROGRAM,1,1,False,12,59,1136.3614770553834,42.78260869565217,48616.50840967379,2700.917133870766,0.3787871590184611
./models/01_CTSM/cime/tools/mapping/map_field/src/map_field.F90,write_file,SUBROUTINE,408,0,False,5,80,2653.476762151245,30.761904761904766,81625.99944522402,4534.77774695689,0.884492254050415
./models/01_CTSM/cime/tools/mapping/map_field/src/map_field.F90,sys_getenv,SUBROUTINE,523,0,False,3,21,587.7625990828849,12.1875,7163.35667632266,397.96425979570336,0.19592086636096162
./models/01_CTSM/cime/tools/mapping/map_field/src/map_field.F90,check_ret,SUBROUTINE,363,0,False,2,8,114.6940428629768,5.25,602.1437250306282,33.45242916836823,0.03823134762099227
./models/01_CTSM/cime/tools/mapping/map_field/src/map_field.F90,usage_exit,SUBROUTINE,375,0,False,2,30,360.0,17.5,6300.0,350.0,0.12
./models/01_CTSM/components/cdeps/datm/atm_comp_nuopc.F90,datm_comp_run,SUBROUTINE,575,0,False,46,186,6266.779894369868,45.33333333333333,284094.02187810064,15783.001215450036,2.088926631456623
./models/01_CTSM/components/cdeps/datm/atm_comp_nuopc.F90,InitializeAdvertise,SUBROUTINE,197,0,False,43,141,5456.232900176935,46.612149532710276,254326.74382834075,14129.26354601893,1.8187443000589782
./models/01_CTSM/components/cdeps/datm/atm_comp_nuopc.F90,datm_init_dfields,SUBROUTINE,739,1,False,29,73,2331.1391701649677,37.857142857142854,88250.26858481663,4902.792699156479,0.7770463900549892
./models/01_CTSM/components/cdeps/datm/atm_comp_nuopc.F90,InitializeRealize,SUBROUTINE,399,0,False,16,65,2719.490225637567,17.235294117647058,46871.21388892983,2603.9563271627685,0.906496741879189
./models/01_CTSM/components/cdeps/datm/atm_comp_nuopc.F90,SetServices,SUBROUTINE,150,0,False,9,24,964.3123081351541,10.325581395348838,9957.085228186243,553.1714015659023,0.3214374360450514
./models/01_CTSM/components/cdeps/datm/atm_comp_nuopc.F90,ModelAdvance,SUBROUTINE,501,0,False,8,45,1623.6486253858052,11.58,18801.851081967623,1044.5472823315347,0.5412162084619351
./models/01_CTSM/components/cdeps/datm/atm_comp_nuopc.F90,getNextRadCDay,FUNCTION,832,0,False,7,34,960.4488615822713,23.183333333333334,22266.406107682324,1237.0225615379068,0.3201496205274238
./models/01_CTSM/components/cdeps/datm/atm_comp_nuopc.F90,ModelFinalize,SUBROUTINE,897,0,False,2,10,142.62362713128297,5.384615384615385,767.9733768607546,42.66518760337525,0.04754120904376099
./models/01_CTSM/components/cdeps/datm/datm_datamode_clmncep_mod.F90,datm_datamode_clmncep_init_pointers,SUBROUTINE,189,0,False,61,132,4956.534544482533,31.848837209302324,157859.86182950766,8769.992323861537,1.6521781814941778
./models/01_CTSM/components/cdeps/datm/datm_datamode_clmncep_mod.F90,datm_datamode_clmncep_advance,SUBROUTINE,344,1,False,39,177,7467.852090130739,57.05769230769231,426098.4067580366,23672.13370877981,2.4892840300435797
./models/01_CTSM/components/cdeps/datm/datm_datamode_clmncep_mod.F90,datm_datamode_clmncep_advertise,SUBROUTINE,112,1,False,8,65,1649.6410909142012,22.906976744186046,37788.290105825305,2099.349450323628,0.549880363638067
./models/01_CTSM/components/cdeps/datm/datm_datamode_clmncep_mod.F90,datm_eSat,FUNCTION,596,0,False,2,26,1314.607745541569,18.72972972972973,24622.247774602904,1367.9026541446058,0.4382025818471897
./models/01_CTSM/components/cdeps/datm/datm_datamode_core2_mod.F90,datm_datamode_core2_init_pointers,SUBROUTINE,168,1,False,34,93,3501.1935164268984,29.75,104160.50711370022,5786.694839650012,1.1670645054756328
./models/01_CTSM/components/cdeps/datm/datm_datamode_core2_mod.F90,datm_get_adjustment_factors,SUBROUTINE,411,0,False,28,106,4550.579723783243,21.743119266055047,98943.79766391088,5496.877647995049,1.5168599079277476
./models/01_CTSM/components/cdeps/datm/datm_datamode_core2_mod.F90,datm_datamode_core2_advance,SUBROUTINE,283,1,False,13,89,3943.758187044671,33.84615384615385,133481.0463307427,7415.613685041262,1.3145860623482237
./models/01_CTSM/components/cdeps/datm/datm_datamode_core2_mod.F90,datm_datamode_core2_advertise,SUBROUTINE,93,1,False,7,62,1584.7222416432235,22.738095238095237,36033.56525641139,2001.8647364672995,0.5282407472144078
./models/01_CTSM/components/cdeps/datm/datm_datamode_cplhist_mod.F90,datm_datamode_cplhist_init_pointers,SUBROUTINE,123,0,False,20,46,1697.8286002192315,14.57142857142857,24739.788174623085,1374.4326763679492,0.5659428667397438
./models/01_CTSM/components/cdeps/datm/datm_datamode_cplhist_mod.F90,datm_datamode_cplhist_advertise,SUBROUTINE,50,1,False,7,61,1567.6209224888003,22.5,35271.47075599801,1959.5261531110004,0.5225403074962668
./models/01_CTSM/components/cdeps/datm/datm_datamode_cplhist_mod.F90,datm_datamode_cplhist_advance,SUBROUTINE,180,0,False,1,8,148.67746297052548,2.8125,418.15536460460294,23.23085358914461,0.04955915432350849
./models/01_CTSM/components/cdeps/datm/datm_datamode_era5_mod.F90,datm_datamode_era5_advance,SUBROUTINE,193,1,False,31,72,2930.3164609430373,23.094117647058823,67673.07309213156,3759.615171785086,0.9767721536476791
./models/01_CTSM/components/cdeps/datm/datm_datamode_era5_mod.F90,datm_datamode_era5_init_pointers,SUBROUTINE,121,0,False,27,59,2723.959636614934,18.176470588235293,49511.97221847145,2750.6651232484137,0.9079865455383114
./models/01_CTSM/components/cdeps/datm/datm_datamode_era5_mod.F90,datm_datamode_era5_advertise,SUBROUTINE,68,1,False,3,41,803.6111423279917,15.82258064516129,12715.202106834837,706.4001170463798,0.26787038077599723
./models/01_CTSM/components/cdeps/datm/datm_datamode_era5_mod.F90,datm_eSat,FUNCTION,316,0,False,2,26,1314.607745541569,18.72972972972973,24622.247774602904,1367.9026541446058,0.4382025818471897
./models/01_CTSM/components/cdeps/datm/datm_datamode_gefs_mod.F90,datm_datamode_gefs_init_pointers,SUBROUTINE,104,0,False,20,45,1641.9789752120198,14.0,22987.705652968278,1277.0947584982378,0.5473263250706732
./models/01_CTSM/components/cdeps/datm/datm_datamode_gefs_mod.F90,datm_datamode_gefs_advance,SUBROUTINE,162,1,False,9,38,1201.0856597106388,14.928571428571429,17930.49306282311,996.1385034901728,0.40036188657021293
./models/01_CTSM/components/cdeps/datm/datm_datamode_gefs_mod.F90,datm_datamode_gefs_advertise,SUBROUTINE,58,1,False,3,34,691.8506523353572,13.79032258064516,9540.84367333436,530.0468707407978,0.2306168841117857
./models/01_CTSM/components/cdeps/datm/datm_datamode_jra_mod.F90,datm_datamode_jra_init_pointers,SUBROUTINE,143,1,False,30,77,2911.7588181150822,25.971428571428568,75622.53616190313,4201.252008994618,0.9705862727050274
./models/01_CTSM/components/cdeps/datm/datm_datamode_jra_mod.F90,datm_datamode_jra_advertise,SUBROUTINE,68,1,False,7,62,1584.7222416432235,22.738095238095237,36033.56525641139,2001.8647364672995,0.5282407472144078
./models/01_CTSM/components/cdeps/datm/datm_datamode_jra_mod.F90,datm_datamode_jra_advance,SUBROUTINE,236,1,False,4,44,1498.2969584883049,14.911764705882353,22342.25170451678,1241.2362058064878,0.4994323194961016
./models/01_CTSM/components/cdeps/datm/datm_datamode_simple_mod.F90,datm_datamode_simple_init_pointers,SUBROUTINE,181,1,False,26,69,2583.132600101643,21.875,56506.02562722345,3139.223645956858,0.861044200033881
./models/01_CTSM/components/cdeps/datm/datm_datamode_simple_mod.F90,datm_datamode_simple_advertise,SUBROUTINE,86,1,False,6,76,2165.8225694109283,24.94736842105263,54031.57357372526,3001.7540874291813,0.7219408564703095
./models/01_CTSM/components/cdeps/datm/datm_datamode_simple_mod.F90,datm_datamode_simple_advance,SUBROUTINE,264,1,False,4,52,1970.1157107292179,16.200000000000003,31915.874513813334,1773.1041396562964,0.6567052369097393
./models/01_CTSM/components/cdeps/dglc/dglc_datamode_noevolve_mod.F90,dglc_datamode_noevolve_advance,SUBROUTINE,222,7,False,34,168,6710.001193354347,44.39097744360902,297863.51162078243,16547.972867821245,2.2366670644514492
./models/01_CTSM/components/cdeps/dglc/dglc_datamode_noevolve_mod.F90,dglc_datamode_noevolve_restart_read,SUBROUTINE,598,1,False,13,75,2476.854671583668,28.843373493975903,71440.84438278676,3968.935799043709,0.8256182238612226
./models/01_CTSM/components/cdeps/dglc/dglc_datamode_noevolve_mod.F90,dglc_datamode_noevolve_init_pointers,SUBROUTINE,151,2,False,12,43,1482.0691917672757,19.479166666666668,28869.472797966726,1603.8595998870403,0.49402306392242523
./models/01_CTSM/components/cdeps/dglc/dglc_datamode_noevolve_mod.F90,dglc_datamode_noevolve_restart_write,SUBROUTINE,510,3,False,8,68,2398.4320845086754,23.116279069767444,55442.82539538659,3080.1569664103663,0.7994773615028918
./models/01_CTSM/components/cdeps/dglc/dglc_datamode_noevolve_mod.F90,dglc_datamode_noevolve_advertise,SUBROUTINE,83,4,False,7,45,1309.9231882851125,15.384615384615385,20152.664435155577,1119.5924686197543,0.43664106276170417
./models/01_CTSM/components/cdeps/dglc/dglc_datamode_noevolve_mod.F90,is_in_active_grid,FUNCTION,480,0,False,2,8,136.16184010614157,5.0,680.8092005307078,37.822733362817104,0.04538728003538052
./models/01_CTSM/components/cdeps/dglc/dglc_datamode_noevolve_mod.F90,is_ice_covered,FUNCTION,496,0,False,2,9,176.41891628622352,5.6875,1003.3825863778962,55.743477020994234,0.05880630542874117
./models/01_CTSM/components/cdeps/dglc/glc_comp_nuopc.F90,ModelSetRunClock,SUBROUTINE,683,0,False,31,90,3618.0516612927786,30.666666666666664,110953.5842796452,6164.0880155358445,1.2060172204309263
./models/01_CTSM/components/cdeps/dglc/glc_comp_nuopc.F90,dglc_comp_run,SUBROUTINE,514,2,False,25,101,3209.510624989583,29.454545454545453,94534.67659060226,5251.926477255682,1.0698368749965277
./models/01_CTSM/components/cdeps/dglc/glc_comp_nuopc.F90,InitializeAdvertise,SUBROUTINE,176,3,False,23,95,3437.3701970572547,30.901041666666664,106218.31968302443,5901.017760168023,1.1457900656857516
./models/01_CTSM/components/cdeps/dglc/glc_comp_nuopc.F90,InitializeRealize,SUBROUTINE,314,1,False,18,77,3078.8766538206423,24.00462962962963,73907.29375027792,4105.960763904329,1.026292217940214
./models/01_CTSM/components/cdeps/dglc/glc_comp_nuopc.F90,ModelAdvance,SUBROUTINE,442,0,False,12,51,1563.433491314466,16.38095238095238,25610.529572008392,1422.8071984449107,0.521144497104822
./models/01_CTSM/components/cdeps/dglc/glc_comp_nuopc.F90,SetServices,SUBROUTINE,129,0,False,9,24,964.3123081351541,10.325581395348838,9957.085228186243,553.1714015659023,0.3214374360450514
./models/01_CTSM/components/cdeps/dglc/glc_comp_nuopc.F90,dglc_init_dfields,SUBROUTINE,639,2,False,8,25,757.9858289555531,10.9125,8271.520358477474,459.5289088043041,0.25266194298518435
./models/01_CTSM/components/cdeps/dglc/glc_comp_nuopc.F90,ModelFinalize,SUBROUTINE,826,0,False,2,10,142.62362713128297,5.384615384615385,767.9733768607546,42.66518760337525,0.04754120904376099
./models/01_CTSM/components/cdeps/dice/dice_datamode_cplhist_mod.F90,dice_datamode_cplhist_init_pointers,SUBROUTINE,90,0,False,16,38,1585.2622813883627,14.549999999999999,23065.566194200674,1281.4203441222596,0.5284207604627875
./models/01_CTSM/components/cdeps/dice/dice_datamode_cplhist_mod.F90,dice_datamode_cplhist_advertise,SUBROUTINE,47,1,False,3,31,643.9532994813709,12.919354838709678,8319.461175557712,462.192287530984,0.21465109982712363
./models/01_CTSM/components/cdeps/dice/dice_datamode_cplhist_mod.F90,dice_datamode_cplhist_advance,SUBROUTINE,141,0,False,2,6,114.6940428629768,3.3928571428571432,389.1405025708142,21.618916809489676,0.03823134762099227
./models/01_CTSM/components/cdeps/dice/dice_datamode_cplhist_mod.F90,dice_datamode_cplhist_restart_write,SUBROUTINE,159,0,False,2,13,350.93690931020507,8.590909090909092,3014.86708452858,167.49261580714335,0.11697896977006836
./models/01_CTSM/components/cdeps/dice/dice_datamode_cplhist_mod.F90,dice_datamode_cplhist_restart_read,SUBROUTINE,183,0,False,2,11,272.62550365218334,7.5,2044.691277391375,113.59395985507639,0.09087516788406111
./models/01_CTSM/components/cdeps/dice/dice_datamode_ssmi_mod.F90,dice_datamode_ssmi_init_pointers,SUBROUTINE,202,1,False,53,144,6490.688767461072,24.91089108910891,161688.84097952532,8982.713387751406,2.163562922487024
./models/01_CTSM/components/cdeps/dice/dice_datamode_ssmi_mod.F90,dice_datamode_ssmi_advance,SUBROUTINE,370,5,False,19,120,4602.887117039916,36.72641509433962,169047.54289279616,9391.530160710898,1.534295705679972
./models/01_CTSM/components/cdeps/dice/dice_datamode_ssmi_mod.F90,dice_datamode_ssmi_advertise,SUBROUTINE,111,2,False,6,72,1695.642372922793,27.307692307692307,46304.08018366088,2572.448899092271,0.5652141243075977
./models/01_CTSM/components/cdeps/dice/dice_datamode_ssmi_mod.F90,dice_datamode_ssmi_restart_write,SUBROUTINE,568,0,False,2,13,386.42731221017624,7.92,3060.5043127045956,170.02801737247754,0.12880910407005874
./models/01_CTSM/components/cdeps/dice/dice_datamode_ssmi_mod.F90,dice_datamode_ssmi_restart_read,SUBROUTINE,589,0,False,2,12,331.93115279592064,6.84,2270.409085124097,126.13383806244984,0.11064371759864021
./models/01_CTSM/components/cdeps/dice/dice_flux_atmice_mod.F90,dice_flux_atmice,SUBROUTINE,18,2,False,6,160,7887.50893456867,58.25242718446602,459466.53987778665,25525.918882099257,2.629169644856223
./models/01_CTSM/components/cdeps/dice/ice_comp_nuopc.F90,dice_comp_run,SUBROUTINE,472,0,False,25,102,3089.163243558647,21.164835164835164,65381.63084718631,3632.3128248436838,1.0297210811862156
./models/01_CTSM/components/cdeps/dice/ice_comp_nuopc.F90,InitializeAdvertise,SUBROUTINE,166,0,False,22,97,3662.3569480669908,36.97849462365591,135428.4467140041,7523.80259522245,1.2207856493556637
./models/01_CTSM/components/cdeps/dice/ice_comp_nuopc.F90,InitializeRealize,SUBROUTINE,301,1,False,18,72,2985.2812372958733,21.52777777777778,64266.47108067505,3570.359504481947,0.9950937457652911
./models/01_CTSM/components/cdeps/dice/ice_comp_nuopc.F90,SetServices,SUBROUTINE,122,0,False,9,22,898.3535750584333,10.24390243902439,9202.646378647365,511.25813214707586,0.2994511916861444
./models/01_CTSM/components/cdeps/dice/ice_comp_nuopc.F90,ModelAdvance,SUBROUTINE,409,0,False,7,40,1364.258438308242,14.57857142857143,19888.939089908014,1104.9410605504452,0.454752812769414
./models/01_CTSM/components/cdeps/dice/ice_comp_nuopc.F90,dice_init_dfields,SUBROUTINE,604,1,False,7,24,726.0451250937502,11.076923076923077,8042.346001038464,446.79700005769246,0.24201504169791674
./models/01_CTSM/components/cdeps/dice/ice_comp_nuopc.F90,ModelFinalize,SUBROUTINE,646,0,False,2,10,142.62362713128297,5.384615384615385,767.9733768607546,42.66518760337525,0.04754120904376099
./models/01_CTSM/components/cdeps/dlnd/lnd_comp_nuopc.F90,InitializeAdvertise,SUBROUTINE,157,0,False,18,78,2910.0090111213294,27.904761904761905,81203.10859605233,4511.283810891797,0.9700030037071098
./models/01_CTSM/components/cdeps/dlnd/lnd_comp_nuopc.F90,InitializeRealize,SUBROUTINE,265,0,False,13,45,1606.509936699425,12.602739726027396,20246.426599499602,1124.801477749978,0.5355033122331416
./models/01_CTSM/components/cdeps/dlnd/lnd_comp_nuopc.F90,dlnd_comp_run,SUBROUTINE,506,3,False,12,52,1536.0609704287876,17.058823529411764,26203.39302496167,1455.7440569423152,0.5120203234762626
./models/01_CTSM/components/cdeps/dlnd/lnd_comp_nuopc.F90,ModelAdvance,SUBROUTINE,340,0,False,11,44,1410.0269716563528,12.08955223880597,17046.594731964862,947.0330406647146,0.4700089905521176
./models/01_CTSM/components/cdeps/dlnd/lnd_comp_nuopc.F90,SetServices,SUBROUTINE,112,0,False,9,24,964.3123081351541,10.325581395348838,9957.085228186243,553.1714015659023,0.3214374360450514
./models/01_CTSM/components/cdeps/dlnd/lnd_comp_nuopc.F90,dlnd_comp_advertise,SUBROUTINE,428,1,False,4,22,609.595693692594,12.455882352941176,7593.052243494515,421.8362357496953,0.203198564564198
./models/01_CTSM/components/cdeps/dlnd/lnd_comp_nuopc.F90,ModelFinalize,SUBROUTINE,406,0,False,2,15,335.0,8.41304347826087,2818.369565217391,156.57608695652172,0.11166666666666666
./models/01_CTSM/components/cdeps/dlnd/lnd_comp_nuopc.F90,dlnd_comp_realize,SUBROUTINE,480,0,False,2,10,277.44167656471495,6.057692307692308,1680.656309959331,93.36979499774061,0.09248055885490498
./models/01_CTSM/components/cdeps/docn/docn_datamode_aquaplanet_mod.F90,docn_datamode_aquaplanet_advance,SUBROUTINE,118,11,False,43,172,6560.313365134005,59.925,393126.77840565523,21840.376578091957,2.186771121711335
./models/01_CTSM/components/cdeps/docn/docn_datamode_aquaplanet_mod.F90,docn_datamode_aquaplanet_init_pointers,SUBROUTINE,87,0,False,5,18,507.79901867755166,7.241379310344827,3677.165307665029,204.28696153694605,0.16926633955918388
./models/01_CTSM/components/cdeps/docn/docn_datamode_aquaplanet_mod.F90,docn_datamode_aquaplanet_advertise,SUBROUTINE,56,1,False,3,20,468.3296723500879,9.725806451612902,4554.883748824242,253.04909715690232,0.15610989078336263
./models/01_CTSM/components/cdeps/docn/docn_datamode_copyall_mod.F90,docn_datamode_copyall_init_pointers,SUBROUTINE,69,0,False,9,28,787.2783437256991,9.5,7479.144265394141,415.50801474411895,0.262426114575233
./models/01_CTSM/components/cdeps/docn/docn_datamode_copyall_mod.F90,docn_datamode_copyall_advertise,SUBROUTINE,36,1,False,3,21,484.29545663475,10.016129032258064,4850.765783389996,269.48698796611086,0.16143181887825
./models/01_CTSM/components/cdeps/docn/docn_datamode_copyall_mod.F90,docn_datamode_copyall_advance,SUBROUTINE,111,0,False,1,6,102.18657103125848,2.769230769230769,282.97819670194656,15.72101092788592,0.034062190343752824
./models/01_CTSM/components/cdeps/docn/docn_datamode_cplhist_mod.F90,docn_datamode_cplhist_init_pointers,SUBROUTINE,69,0,False,10,22,745.0699332842307,8.558823529411764,6376.922076050328,354.27344866946265,0.24835664442807692
./models/01_CTSM/components/cdeps/docn/docn_datamode_cplhist_mod.F90,docn_datamode_cplhist_advance,SUBROUTINE,106,0,False,4,15,295.0,5.04,1486.8,82.6,0.09833333333333333
./models/01_CTSM/components/cdeps/docn/docn_datamode_cplhist_mod.F90,docn_datamode_cplhist_advertise,SUBROUTINE,36,1,False,3,21,484.29545663475,10.016129032258064,4850.765783389996,269.48698796611086,0.16143181887825
./models/01_CTSM/components/cdeps/docn/docn_datamode_iaf_mod.F90,docn_datamode_iaf_init_pointers,SUBROUTINE,100,0,False,15,39,1353.2726792339681,12.450000000000001,16848.244856462905,936.013603136828,0.4510908930779894
./models/01_CTSM/components/cdeps/docn/docn_datamode_iaf_mod.F90,docn_datamode_iaf_advertise,SUBROUTINE,46,2,False,5,39,895.1246921812743,16.772727272727273,15013.682337040465,834.0934631689147,0.2983748973937581
./models/01_CTSM/components/cdeps/docn/docn_datamode_iaf_mod.F90,docn_datamode_iaf_advance,SUBROUTINE,156,0,False,1,7,118.94197037642039,2.6666666666666665,317.17858767045436,17.621032648358575,0.039647323458806796
./models/01_CTSM/components/cdeps/docn/docn_datamode_multilev_dom_mod.F90,docn_datamode_multilev_dom_advance,SUBROUTINE,139,4,False,13,67,2186.315360364054,42.18181818181818,92222.75701899282,5123.486501055157,0.728771786788018
./models/01_CTSM/components/cdeps/docn/docn_datamode_multilev_dom_mod.F90,docn_datamode_multilev_dom_init_pointers,SUBROUTINE,85,0,False,10,33,1022.0481376319716,9.071428571428571,9271.436677090027,515.0798153938904,0.3406827125439905
./models/01_CTSM/components/cdeps/docn/docn_datamode_multilev_dom_mod.F90,docn_datamode_multilev_dom_advertise,SUBROUTINE,50,1,False,3,23,595.0780464314654,10.414285714285715,6197.312797836261,344.29515543534785,0.19835934881048847
./models/01_CTSM/components/cdeps/docn/docn_datamode_multilev_mod.F90,docn_datamode_multilev_advance,SUBROUTINE,113,3,False,10,57,1881.0260179463548,37.800000000000004,71102.78347837222,3950.1546376873457,0.6270086726487849
./models/01_CTSM/components/cdeps/docn/docn_datamode_multilev_mod.F90,docn_datamode_multilev_init_pointers,SUBROUTINE,73,0,False,6,21,616.1184805310796,7.114285714285714,4383.24290434968,243.51349468609337,0.2053728268436932
./models/01_CTSM/components/cdeps/docn/docn_datamode_multilev_mod.F90,docn_datamode_multilev_advertise,SUBROUTINE,42,1,False,3,19,529.5648670078178,9.385714285714286,4970.344537487662,276.13025208264787,0.1765216223359393
./models/01_CTSM/components/cdeps/docn/docn_datamode_som_mod.F90,docn_datamode_som_init_pointers,SUBROUTINE,135,0,False,23,60,2416.7816519124017,22.34375,53999.965034917725,2999.9980574954293,0.8055938839708006
./models/01_CTSM/components/cdeps/docn/docn_datamode_som_mod.F90,docn_datamode_som_advance,SUBROUTINE,220,2,False,11,57,1826.676416799245,20.357142857142858,37185.91277055606,2065.88404280867,0.6088921389330817
./models/01_CTSM/components/cdeps/docn/docn_datamode_som_mod.F90,docn_datamode_som_advertise,SUBROUTINE,75,2,False,5,44,976.0094535229557,18.136363636363637,17701.26236162088,983.4034645344933,0.3253364845076519
./models/01_CTSM/components/cdeps/docn/docn_datamode_som_mod.F90,docn_datamode_som_restart_write,SUBROUTINE,306,0,False,2,13,386.42731221017624,7.92,3060.5043127045956,170.02801737247754,0.12880910407005874
./models/01_CTSM/components/cdeps/docn/docn_datamode_som_mod.F90,docn_datamode_som_restart_read,SUBROUTINE,329,0,False,2,12,331.93115279592064,6.84,2270.409085124097,126.13383806244984,0.11064371759864021
./models/01_CTSM/components/cdeps/docn/docn_import_data_mod.F90,docn_get_import_fields,SUBROUTINE,71,3,False,12,50,1202.7927805277704,29.333333333333332,35281.92156214793,1960.1067534526628,0.40093092684259013
./models/01_CTSM/components/cdeps/docn/docn_import_data_mod.F90,docn_import_data_advertise,SUBROUTINE,23,2,False,7,31,1044.0873125354888,18.761363636363637,19588.501738591953,1088.250096588442,0.34802910417849625
./models/01_CTSM/components/cdeps/docn/ocn_comp_nuopc.F90,docn_comp_run,SUBROUTINE,512,0,False,50,146,4485.119570813432,35.12,157517.39932696772,8750.966629275985,1.4950398569378107
./models/01_CTSM/components/cdeps/docn/ocn_comp_nuopc.F90,InitializeAdvertise,SUBROUTINE,179,0,False,35,116,4782.208762918392,41.22815533980583,197161.6457449801,10953.424763610006,1.594069587639464
./models/01_CTSM/components/cdeps/docn/ocn_comp_nuopc.F90,InitializeRealize,SUBROUTINE,346,1,False,21,79,3057.3123002146153,22.720588235294116,69463.93387987617,3859.1074377708987,1.0191041000715384
./models/01_CTSM/components/cdeps/docn/ocn_comp_nuopc.F90,docn_init_dfields,SUBROUTINE,671,1,False,10,34,1053.1444128959147,17.011627906976745,17915.700884496782,995.3167158053768,0.35104813763197157
./models/01_CTSM/components/cdeps/docn/ocn_comp_nuopc.F90,SetServices,SUBROUTINE,134,0,False,9,24,964.3123081351541,10.325581395348838,9957.085228186243,553.1714015659023,0.3214374360450514
./models/01_CTSM/components/cdeps/docn/ocn_comp_nuopc.F90,ModelAdvance,SUBROUTINE,459,0,False,6,32,990.0,12.452830188679245,12328.301886792453,684.9056603773585,0.33
./models/01_CTSM/components/cdeps/docn/ocn_comp_nuopc.F90,ModelFinalize,SUBROUTINE,723,0,False,2,10,142.62362713128297,5.384615384615385,767.9733768607546,42.66518760337525,0.04754120904376099
./models/01_CTSM/components/cdeps/drof/rof_comp_nuopc.F90,drof_comp_run,SUBROUTINE,373,1,False,20,59,1804.8345237201315,23.467741935483872,42355.39083891599,2353.077268828666,0.6016115079067105
./models/01_CTSM/components/cdeps/drof/rof_comp_nuopc.F90,InitializeAdvertise,SUBROUTINE,152,1,False,17,81,2963.4541948102765,29.25,86681.03519820058,4815.613066566699,0.9878180649367588
./models/01_CTSM/components/cdeps/drof/rof_comp_nuopc.F90,SetServices,SUBROUTINE,106,0,False,9,24,964.3123081351541,10.325581395348838,9957.085228186243,553.1714015659023,0.3214374360450514
./models/01_CTSM/components/cdeps/drof/rof_comp_nuopc.F90,InitializeRealize,SUBROUTINE,262,0,False,9,36,1353.6608337071111,8.514925373134329,11526.32097955085,640.3511655306028,0.45122027790237035
./models/01_CTSM/components/cdeps/drof/rof_comp_nuopc.F90,ModelAdvance,SUBROUTINE,324,0,False,6,30,935.3402448485328,9.333333333333334,8729.842285252973,484.9912380696096,0.3117800816161776
./models/01_CTSM/components/cdeps/drof/rof_comp_nuopc.F90,ModelFinalize,SUBROUTINE,474,0,False,2,10,129.26767504471167,4.75,614.0214564623805,34.112303136798914,0.043089225014903886
./models/01_CTSM/components/cdeps/dshr/dshr_dfield_mod.F90,dshr_dfield_add_2d,SUBROUTINE,218,4,False,16,82,2314.1489296809823,26.97761194029851,62430.21179699068,3468.345099832816,0.7713829765603274
./models/01_CTSM/components/cdeps/dshr/dshr_dfield_mod.F90,dshr_dfield_add_2d_stateptr,SUBROUTINE,325,4,False,16,82,2358.43916497567,25.774647887323944,60787.939040922196,3377.1077244956778,0.7861463883252233
./models/01_CTSM/components/cdeps/dshr/dshr_dfield_mod.F90,dshr_dfield_copy,SUBROUTINE,433,2,False,14,54,1453.0306477029073,20.693877551020407,30068.838301443837,1670.4910167468797,0.48434354923430245
./models/01_CTSM/components/cdeps/dshr/dshr_dfield_mod.F90,dshr_dfield_add_1d_stateptr,SUBROUTINE,127,2,False,12,65,1857.1905141089062,21.23239436619718,39432.60140872079,2190.700078262266,0.6190635047029688
./models/01_CTSM/components/cdeps/dshr/dshr_dfield_mod.F90,dshr_dfield_add_1d,SUBROUTINE,50,2,False,10,55,1561.5162394371785,20.30769230769231,31710.79132395501,1761.7106291086118,0.5205054131457262
./models/01_CTSM/components/cdeps/dshr/dshr_fldlist_mod.F90,dshr_fldlist_realize,SUBROUTINE,56,1,False,12,64,2934.317599541013,36.25,106369.01298336172,5909.389610186762,0.9781058665136709
./models/01_CTSM/components/cdeps/dshr/dshr_fldlist_mod.F90,SetScalarField,SUBROUTINE,127,0,False,4,15,740.1573021116398,6.6000000000000005,4885.038193936823,271.3910107742679,0.24671910070387992
./models/01_CTSM/components/cdeps/dshr/dshr_fldlist_mod.F90,dshr_fldlist_add,SUBROUTINE,32,0,False,2,15,312.4780699337442,8.666666666666668,2708.143272759117,150.45240404217316,0.10415935664458141
./models/01_CTSM/components/cdeps/dshr/dshr_mod.F90,dshr_pio_init,SUBROUTINE,1125,0,False,78,277,10183.645836405833,94.69072164948453,964296.7732720368,53572.0429595576,3.3945486121352775
./models/01_CTSM/components/cdeps/dshr/dshr_mod.F90,dshr_init,SUBROUTINE,113,0,False,27,96,3530.117218979178,44.95238095238095,158687.1740341116,8815.9541130062,1.176705739659726
./models/01_CTSM/components/cdeps/dshr/dshr_mod.F90,dshr_set_modelmask,SUBROUTINE,999,1,False,25,91,3676.028157357129,30.22222222222222,111097.73986679323,6172.096659266291,1.2253427191190431
./models/01_CTSM/components/cdeps/dshr/dshr_mod.F90,dshr_mesh_init,SUBROUTINE,238,0,False,23,107,3996.38475001054,39.88636363636363,159401.25536973856,8855.62529831881,1.3321282500035132
./models/01_CTSM/components/cdeps/dshr/dshr_mod.F90,dshr_set_runclock,SUBROUTINE,468,0,False,20,65,2606.983200929079,23.333333333333332,60829.608021678505,3379.422667871028,0.868994400309693
./models/01_CTSM/components/cdeps/dshr/dshr_mod.F90,dshr_orbital_init,SUBROUTINE,850,0,False,16,77,2378.340284021794,34.233333333333334,81418.51572301275,4523.250873500709,0.7927800946739314
./models/01_CTSM/components/cdeps/dshr/dshr_mod.F90,dshr_restart_read,SUBROUTINE,577,0,False,14,65,2214.0413400075295,27.818181818181817,61590.60454930036,3421.700252738909,0.7380137800025098
./models/01_CTSM/components/cdeps/dshr/dshr_mod.F90,dshr_mesh_create_scol,SUBROUTINE,396,0,False,10,50,1740.4642979652233,29.55,51430.720004872346,2857.262222492908,0.5801547659884078
./models/01_CTSM/components/cdeps/dshr/dshr_mod.F90,dshr_check_restart_alarm,FUNCTION,1536,0,False,10,33,723.2289053892403,13.481481481481481,9750.197094877165,541.6776163820647,0.24107630179641343
./models/01_CTSM/components/cdeps/dshr/dshr_mod.F90,dshr_state_getscalar,SUBROUTINE,753,0,False,9,34,1186.4064591666056,15.622641509433961,18534.80279603678,1029.7112664464878,0.3954688197222019
./models/01_CTSM/components/cdeps/dshr/dshr_mod.F90,dshr_state_setscalar,SUBROUTINE,804,0,False,7,30,909.9308422096997,14.666666666666668,13345.65235240893,741.425130689385,0.3033102807365666
./models/01_CTSM/components/cdeps/dshr/dshr_mod.F90,dshr_restart_write,SUBROUTINE,654,0,False,6,54,1924.9676932409677,19.530864197530864,37596.28260132359,2088.6823667401995,0.6416558977469893
./models/01_CTSM/components/cdeps/dshr/dshr_mod.F90,dshr_orbital_update,SUBROUTINE,945,0,False,5,38,1144.4430141550638,16.85185185185185,19285.984127427928,1071.443562634885,0.3814810047183546
./models/01_CTSM/components/cdeps/dshr/dshr_mod.F90,dshr_model_initphase,SUBROUTINE,88,0,False,3,15,415.2084415539646,9.580645161290322,3977.964746500886,220.99804147227144,0.13840281385132153
./models/01_CTSM/components/cdeps/dshr/dshr_mod.F90,dshr_log_clock_advance,SUBROUTINE,726,0,False,3,15,440.92347162443184,9.333333333333332,4115.285735161363,228.62698528674238,0.1469744905414773
./models/01_CTSM/components/cdeps/dwav/wav_comp_nuopc.F90,InitializeAdvertise,SUBROUTINE,151,0,False,16,72,2686.664700294232,27.6,74151.9457281208,4119.552540451155,0.8955549000980773
./models/01_CTSM/components/cdeps/dwav/wav_comp_nuopc.F90,InitializeRealize,SUBROUTINE,251,0,False,12,42,1508.8843006865407,12.464788732394364,18807.92402968434,1044.8846683157967,0.5029614335621803
./models/01_CTSM/components/cdeps/dwav/wav_comp_nuopc.F90,ModelAdvance,SUBROUTINE,320,0,False,12,47,1522.829129388861,12.835820895522387,19546.76195931971,1085.9312199622061,0.5076097097962871
./models/01_CTSM/components/cdeps/dwav/wav_comp_nuopc.F90,SetServices,SUBROUTINE,105,0,False,9,24,964.3123081351541,10.325581395348838,9957.085228186243,553.1714015659023,0.3214374360450514
./models/01_CTSM/components/cdeps/dwav/wav_comp_nuopc.F90,dwav_comp_realize,SUBROUTINE,445,0,False,5,16,696.4817606003509,9.573529411764707,6667.788619865124,370.432701103618,0.23216058686678362
./models/01_CTSM/components/cdeps/dwav/wav_comp_nuopc.F90,dwav_comp_advertise,SUBROUTINE,408,1,False,3,18,406.3373625190581,8.275862068965518,3362.7919656749636,186.82177587083132,0.1354457875063527
./models/01_CTSM/components/cdeps/dwav/wav_comp_nuopc.F90,dwav_comp_run,SUBROUTINE,483,0,False,3,21,358.2030134794219,8.217391304347826,2943.4943281569886,163.52746267538825,0.11940100449314063
./models/01_CTSM/components/cdeps/dwav/wav_comp_nuopc.F90,ModelFinalize,SUBROUTINE,392,0,False,2,10,142.62362713128297,5.384615384615385,767.9733768607546,42.66518760337525,0.04754120904376099
./models/01_CTSM/components/cdeps/fox/cmake/abort_bare.f90,abort_bare,PROGRAM,1,0,False,1,1,2.0,0.5,1.0,0.05555555555555555,0.0006666666666666666
./models/01_CTSM/components/cdeps/fox/cmake/abort_intel.f90,abort_intel,PROGRAM,1,0,False,1,1,2.0,0.5,1.0,0.05555555555555555,0.0006666666666666666
./models/01_CTSM/components/cdeps/fox/cmake/abort_nag.f90,abort_nag,PROGRAM,1,0,False,1,1,2.0,0.5,1.0,0.05555555555555555,0.0006666666666666666
./models/01_CTSM/components/cdeps/fox/cmake/abort_xlf.f90,abort_xlf,PROGRAM,1,0,False,1,1,2.0,0.5,1.0,0.05555555555555555,0.0006666666666666666
./models/01_CTSM/components/cdeps/fox/cmake/associated_bug.f90,associated_bug,FUNCTION,1,0,False,1,5,85.95159310338741,1.5384615384615385,132.23322015905757,7.346290008836531,0.02865053103446247
./models/01_CTSM/components/cdeps/fox/cmake/flush_bare.f90,flush_bare,PROGRAM,1,0,False,1,2,11.60964047443681,1.0,11.60964047443681,0.6449800263576005,0.0038698801581456034
./models/01_CTSM/components/cdeps/fox/cmake/flush_nag.f90,flush_nag,PROGRAM,1,0,False,1,2,11.60964047443681,1.0,11.60964047443681,0.6449800263576005,0.0038698801581456034
./models/01_CTSM/components/cdeps/fox/cmake/flush_xlf.f90,flush_xlf,PROGRAM,1,0,False,1,2,11.60964047443681,1.0,11.60964047443681,0.6449800263576005,0.0038698801581456034
./models/01_CTSM/components/cdeps/fox/cmake/output_eol.f90,output_eol,PROGRAM,1,0,False,7,28,602.3896433958189,23.5625,14193.805972513983,788.5447762507769,0.20079654779860628
./models/01_CTSM/components/cdeps/fox/common/m_common_attrs.F90,sortAttrs,SUBROUTINE,967,4,False,12,58,1459.8245594699542,32.13888888888889,46917.139314076034,2606.5077396708907,0.4866081864899848
./models/01_CTSM/components/cdeps/fox/common/m_common_attrs.F90,add_item_to_dict,SUBROUTINE,453,1,False,9,53,1588.3489505971172,30.142857142857142,47877.37551085596,2659.8541950475537,0.5294496501990391
./models/01_CTSM/components/cdeps/fox/common/m_common_attrs.F90,getWhitespaceHandling,FUNCTION,869,0,False,5,17,278.826585479341,8.0,2230.612683834728,123.92292687970712,0.09294219515978033
./models/01_CTSM/components/cdeps/fox/common/m_common_attrs.F90,has_key_ns,FUNCTION,211,1,False,4,16,355.0,8.333333333333334,2958.3333333333335,164.35185185185185,0.11833333333333333
./models/01_CTSM/components/cdeps/fox/common/m_common_attrs.F90,remove_key_by_index,SUBROUTINE,367,2,False,4,18,477.0233205758819,18.26086956521739,8710.86063660306,483.9367020335033,0.15900777352529397
./models/01_CTSM/components/cdeps/fox/common/m_common_attrs.F90,destroy_dict,SUBROUTINE,942,1,False,4,13,264.6998028171593,7.2631578947368425,1922.5564625667362,106.80869236481868,0.08823326760571977
./models/01_CTSM/components/cdeps/fox/common/m_common_attrs.F90,has_key,FUNCTION,192,1,False,3,14,279.69276394968557,7.454545454545454,2084.9824221703834,115.83235678724353,0.09323092131656185
./models/01_CTSM/components/cdeps/fox/common/m_common_attrs.F90,get_key_index,FUNCTION,234,1,False,3,14,281.76289771739914,8.0,2254.103181739193,125.22795454106628,0.09392096590579971
./models/01_CTSM/components/cdeps/fox/common/m_common_attrs.F90,get_key_index_ns,FUNCTION,252,1,False,3,14,353.10758835509176,11.08695652173913,3914.888479589061,217.4938044216145,0.11770252945169725
./models/01_CTSM/components/cdeps/fox/common/m_common_attrs.F90,get_value_by_key_len,FUNCTION,271,1,False,3,13,297.2517786232125,7.826086956521739,2326.318267486011,129.23990374922283,0.0990839262077375
./models/01_CTSM/components/cdeps/fox/common/m_common_attrs.F90,get_value_by_key,FUNCTION,288,1,False,3,15,336.51484454403226,10.4,3499.7543832579354,194.4307990698853,0.11217161484801075
./models/01_CTSM/components/cdeps/fox/common/m_common_attrs.F90,get_value_by_key_ns_len,FUNCTION,309,1,False,3,14,388.4183471906009,10.875,4224.049525697785,234.66941809432137,0.12947278239686696
./models/01_CTSM/components/cdeps/fox/common/m_common_attrs.F90,get_value_by_key_ns,FUNCTION,328,1,False,3,16,431.80637241354964,14.142857142857142,6106.975838420201,339.276435467789,0.14393545747118322
./models/01_CTSM/components/cdeps/fox/common/m_common_attrs.F90,get_att_index_pointer,SUBROUTINE,351,1,False,3,14,317.06856386476,9.818181818181817,3113.0368088540067,172.94648938077816,0.10568952128825333
./models/01_CTSM/components/cdeps/fox/common/m_common_attrs.F90,get_value_by_index_len,FUNCTION,391,0,False,2,11,237.74437510817341,8.0,1901.9550008653873,105.66416671474374,0.0792481250360578
./models/01_CTSM/components/cdeps/fox/common/m_common_attrs.F90,get_value_by_index,FUNCTION,406,0,False,2,12,274.01923055728344,8.6,2356.5653827926376,130.92029904403543,0.09133974351909448
./models/01_CTSM/components/cdeps/fox/common/m_common_attrs.F90,get_key_len,FUNCTION,423,0,False,2,10,223.47971260168302,7.578947368421052,1693.7409797180185,94.09672109544547,0.07449323753389434
./models/01_CTSM/components/cdeps/fox/common/m_common_attrs.F90,get_key,FUNCTION,436,0,False,2,12,274.01923055728344,8.6,2356.5653827926376,130.92029904403543,0.09133974351909448
./models/01_CTSM/components/cdeps/fox/common/m_common_attrs.F90,set_nsURI_by_index,SUBROUTINE,515,0,False,2,7,203.5602880225656,5.555555555555555,1130.8904890142533,62.82724938968074,0.0678534293408552
./models/01_CTSM/components/cdeps/fox/common/m_common_attrs.F90,set_prefix_by_index,SUBROUTINE,525,0,False,2,7,203.5602880225656,5.555555555555555,1130.8904890142533,62.82724938968074,0.0678534293408552
./models/01_CTSM/components/cdeps/fox/common/m_common_attrs.F90,set_localName_by_index_s,SUBROUTINE,535,0,False,2,7,203.5602880225656,5.555555555555555,1130.8904890142533,62.82724938968074,0.0678534293408552
./models/01_CTSM/components/cdeps/fox/common/m_common_attrs.F90,set_localName_by_index_vs,SUBROUTINE,545,0,False,2,8,243.00301253822127,3.5,850.5105438837744,47.2505857713208,0.08100100417940709
./models/01_CTSM/components/cdeps/fox/common/m_common_attrs.F90,getType_by_index_len,FUNCTION,659,0,False,2,10,228.23460010384647,7.7894736842105265,1777.8274113352252,98.76818951862361,0.07607820003461549
./models/01_CTSM/components/cdeps/fox/common/m_common_attrs.F90,getType_by_index,FUNCTION,672,0,False,2,12,271.02858762331766,9.052631578947368,2453.521951116349,136.3067750620194,0.09034286254110589
./models/01_CTSM/components/cdeps/fox/common/m_common_attrs.F90,getType_by_keyname_len,FUNCTION,689,0,False,2,12,220.92066675263132,6.447368421052632,1424.3569303788072,79.1309405766004,0.0736402222508771
./models/01_CTSM/components/cdeps/fox/common/m_common_attrs.F90,getType_by_keyname,FUNCTION,705,0,False,2,14,285.2932501298081,7.875,2246.6843447722385,124.81579693179103,0.09509775004326937
./models/01_CTSM/components/cdeps/fox/common/m_common_attrs.F90,isSpecified_by_index,FUNCTION,724,0,False,2,11,228.23460010384647,7.578947368421052,1729.7780218396786,96.09877899109325,0.07607820003461549
./models/01_CTSM/components/cdeps/fox/common/m_common_attrs.F90,isSpecified_by_key,FUNCTION,739,0,False,2,13,290.0,8.41304347826087,2439.782608695652,135.54347826086956,0.09666666666666666
./models/01_CTSM/components/cdeps/fox/common/m_common_attrs.F90,setSpecified,SUBROUTINE,756,0,False,2,8,195.04195997053841,6.416666666666666,1251.519243144288,69.52884684134933,0.06501398665684614
./models/01_CTSM/components/cdeps/fox/common/m_common_attrs.F90,isSpecified_by_keyNS,FUNCTION,767,0,False,2,14,337.9744059970164,9.375,3168.5100562220287,176.02833645677936,0.1126581353323388
./models/01_CTSM/components/cdeps/fox/common/m_common_attrs.F90,isDeclared_by_index,FUNCTION,785,0,False,2,11,228.23460010384647,7.578947368421052,1729.7780218396786,96.09877899109325,0.07607820003461549
./models/01_CTSM/components/cdeps/fox/common/m_common_attrs.F90,isDeclared_by_key,FUNCTION,800,0,False,2,13,290.0,8.41304347826087,2439.782608695652,135.54347826086956,0.09666666666666666
./models/01_CTSM/components/cdeps/fox/common/m_common_attrs.F90,isDeclared_by_keyNS,FUNCTION,817,0,False,2,14,337.9744059970164,9.375,3168.5100562220287,176.02833645677936,0.1126581353323388
./models/01_CTSM/components/cdeps/fox/common/m_common_attrs.F90,setDeclared,SUBROUTINE,835,0,False,2,8,195.04195997053841,6.416666666666666,1251.519243144288,69.52884684134933,0.06501398665684614
./models/01_CTSM/components/cdeps/fox/common/m_common_attrs.F90,getIsId_by_index,FUNCTION,846,0,False,2,10,213.96993759735608,7.157894736842105,1531.5742901705487,85.08746056503048,0.07132331253245203
./models/01_CTSM/components/cdeps/fox/common/m_common_attrs.F90,setIsId_by_index,SUBROUTINE,859,0,False,2,8,195.04195997053841,6.416666666666666,1251.519243144288,69.52884684134933,0.06501398665684614
./models/01_CTSM/components/cdeps/fox/common/m_common_attrs.F90,setBase,SUBROUTINE,889,0,False,2,6,131.68575291675114,4.642857142857143,611.398138542059,33.96656325233661,0.04389525097225038
./models/01_CTSM/components/cdeps/fox/common/m_common_attrs.F90,getBase_len,FUNCTION,897,0,False,2,9,138.3016990363956,4.0,553.2067961455824,30.733710896976802,0.0461005663454652
./models/01_CTSM/components/cdeps/fox/common/m_common_attrs.F90,getBase,FUNCTION,908,0,False,2,9,144.4295354570819,4.464285714285714,644.7747118619727,35.82081732566515,0.048143178485693966
./models/01_CTSM/components/cdeps/fox/common/m_common_attrs.F90,destroy_dict_item,SUBROUTINE,919,0,False,2,11,132.0,3.230769230769231,426.46153846153845,23.692307692307693,0.044
./models/01_CTSM/components/cdeps/fox/common/m_common_attrs.F90,print_dict,SUBROUTINE,1039,1,False,2,7,221.65453584679364,5.833333333333334,1292.9847924396297,71.83248846886832,0.07388484528226455
./models/01_CTSM/components/cdeps/fox/common/m_common_attrs.F90,getLength,FUNCTION,181,0,False,1,6,102.18657103125848,1.4666666666666666,149.87363751251243,8.32631319513958,0.034062190343752824
./models/01_CTSM/components/cdeps/fox/common/m_common_attrs.F90,get_nsURI_by_index,FUNCTION,557,0,False,1,8,193.26196660226546,2.0526315789473686,396.6956156572818,22.038645314293433,0.06442065553408849
./models/01_CTSM/components/cdeps/fox/common/m_common_attrs.F90,get_prefix_by_index,FUNCTION,569,0,False,1,6,159.91133951083242,1.8888888888888888,302.0547524093501,16.780819578297226,0.05330377983694414
./models/01_CTSM/components/cdeps/fox/common/m_common_attrs.F90,get_localName_by_index,FUNCTION,578,0,False,1,8,193.26196660226546,2.0526315789473686,396.6956156572818,22.038645314293433,0.06442065553408849
./models/01_CTSM/components/cdeps/fox/common/m_common_attrs.F90,get_nsURI_by_keyname_len,FUNCTION,590,0,False,1,8,176.41891628622352,2.55,449.86823652986993,24.992679807214998,0.05880630542874117
./models/01_CTSM/components/cdeps/fox/common/m_common_attrs.F90,get_nsURI_by_keyname,FUNCTION,602,0,False,1,8,199.03672606650858,2.8499999999999996,567.2546692895494,31.514148293863855,0.06634557535550285
./models/01_CTSM/components/cdeps/fox/common/m_common_attrs.F90,get_prefix_by_keyname_len,FUNCTION,612,0,False,1,8,176.41891628622352,2.55,449.86823652986993,24.992679807214998,0.05880630542874117
./models/01_CTSM/components/cdeps/fox/common/m_common_attrs.F90,get_prefix_by_keyname,FUNCTION,624,0,False,1,8,199.03672606650858,2.8499999999999996,567.2546692895494,31.514148293863855,0.06634557535550285
./models/01_CTSM/components/cdeps/fox/common/m_common_attrs.F90,get_localname_by_keyname_len,FUNCTION,635,0,False,1,8,176.41891628622352,2.55,449.86823652986993,24.992679807214998,0.05880630542874117
./models/01_CTSM/components/cdeps/fox/common/m_common_attrs.F90,get_localName_by_keyname,FUNCTION,647,0,False,1,8,199.03672606650858,2.8499999999999996,567.2546692895494,31.514148293863855,0.06634557535550285
./models/01_CTSM/components/cdeps/fox/common/m_common_attrs.F90,init_dict,SUBROUTINE,932,0,False,1,6,103.61231210795059,1.125,116.56385112144442,6.475769506746912,0.03453743736931686
./models/01_CTSM/components/cdeps/fox/common/m_common_attrs.F90,reset_dict,SUBROUTINE,959,0,False,1,5,58.81033751683405,1.5555555555555556,91.48274724840853,5.082374847133807,0.019603445838944685
./models/01_CTSM/components/cdeps/fox/common/m_common_buffer.F90,add_to_buffer,SUBROUTINE,168,1,False,9,45,1274.1980104227912,27.40909090909091,34924.609103861054,1940.2560613256142,0.4247326701409304
./models/01_CTSM/components/cdeps/fox/common/m_common_buffer.F90,dump_buffer,SUBROUTINE,106,1,False,6,27,701.0012649612389,19.948275862068968,13983.766613106096,776.8759229503387,0.23366708832041297
./models/01_CTSM/components/cdeps/fox/common/m_common_buffer.F90,check_buffer,SUBROUTINE,140,1,False,6,17,340.86001036377274,10.282608695652174,3504.9301065666195,194.7183392537011,0.11362000345459092
./models/01_CTSM/components/cdeps/fox/common/m_common_buffer.F90,reset_buffer,SUBROUTINE,54,0,False,2,12,197.65428402504423,5.46875,1080.9218657619606,60.051214764553364,0.0658847613416814
./models/01_CTSM/components/cdeps/fox/common/m_common_buffer.F90,buffer_to_chararray,FUNCTION,86,1,False,2,8,161.42124551085624,2.90625,469.13049476592596,26.062805264773665,0.05380708183695208
./models/01_CTSM/components/cdeps/fox/common/m_common_buffer.F90,print_buffer,SUBROUTINE,70,0,False,1,4,82.0447025077789,2.125,174.34499282903016,9.68583293494612,0.02734823416925963
./models/01_CTSM/components/cdeps/fox/common/m_common_buffer.F90,buffer_to_str,FUNCTION,78,0,False,1,5,95.1838730514401,1.8333333333333333,174.50376726097352,9.69465373672075,0.03172795768381337
./models/01_CTSM/components/cdeps/fox/common/m_common_buffer.F90,buffer_length,FUNCTION,97,0,False,1,5,70.30835464468075,1.5454545454545454,108.65836626905207,6.036575903836226,0.02343611821489358
./models/01_CTSM/components/cdeps/fox/common/m_common_charset.F90,checkChars,FUNCTION,231,1,False,6,19,373.28516483252554,10.652173913043478,3976.2984949551633,220.90547194195352,0.12442838827750852
./models/01_CTSM/components/cdeps/fox/common/m_common_charset.F90,isLegalChar,FUNCTION,103,0,False,5,21,549.6818307616738,17.36,9542.476582022657,530.1375878901476,0.18322727692055796
./models/01_CTSM/components/cdeps/fox/common/m_common_charset.F90,isLegalCharRef,FUNCTION,131,0,False,3,10,479.2174413390531,11.956521739130434,5729.773755140852,318.3207641744918,0.1597391471130177
./models/01_CTSM/components/cdeps/fox/common/m_common_charset.F90,isRepCharRef,FUNCTION,146,0,False,3,10,306.05280269303705,10.263157894736842,3141.0682381653805,174.5037910091878,0.10201760089767901
./models/01_CTSM/components/cdeps/fox/common/m_common_charset.F90,isInitialNameChar,FUNCTION,161,0,False,3,11,194.51316411045156,4.444444444444445,864.502951602007,48.02794175566706,0.06483772137015052
./models/01_CTSM/components/cdeps/fox/common/m_common_charset.F90,isNameChar,FUNCTION,175,0,False,3,11,213.6173847296373,5.210526315789474,1113.0590046438997,61.83661136910554,0.0712057949098791
./models/01_CTSM/components/cdeps/fox/common/m_common_charset.F90,isInitialNCNameChar,FUNCTION,189,0,False,3,11,194.51316411045156,4.444444444444445,864.502951602007,48.02794175566706,0.06483772137015052
./models/01_CTSM/components/cdeps/fox/common/m_common_charset.F90,isNCNameChar,FUNCTION,202,0,False,3,11,213.6173847296373,5.210526315789474,1113.0590046438997,61.83661136910554,0.0712057949098791
./models/01_CTSM/components/cdeps/fox/common/m_common_charset.F90,isXML1_0_NameChar,FUNCTION,215,0,False,1,5,82.0447025077789,2.25,184.6005806425025,10.255587813472362,0.02734823416925963
./models/01_CTSM/components/cdeps/fox/common/m_common_charset.F90,isXML1_1_NameChar,FUNCTION,223,0,False,1,5,82.0447025077789,2.25,184.6005806425025,10.255587813472362,0.02734823416925963
./models/01_CTSM/components/cdeps/fox/common/m_common_charset.F90,isUSASCII,FUNCTION,256,0,False,1,7,237.07284479251967,6.875,1629.8758079485729,90.54865599714293,0.07902428159750656
./models/01_CTSM/components/cdeps/fox/common/m_common_charset.F90,allowed_encoding,FUNCTION,275,0,False,1,24,1982.446888907872,15.357142857142858,30444.720079656607,1691.3733377587005,0.6608156296359574
./models/01_CTSM/components/cdeps/fox/common/m_common_content_model.F90,checkCP,FUNCTION,154,2,False,13,41,722.0965507180929,16.333333333333336,11794.243661728851,655.2357589849362,0.2406988502393643
./models/01_CTSM/components/cdeps/fox/common/m_common_content_model.F90,nextCPMustMatch,FUNCTION,318,3,False,12,36,597.5316624006913,17.894736842105264,10692.671853486056,594.0373251936697,0.19917722080023043
./models/01_CTSM/components/cdeps/fox/common/m_common_content_model.F90,nextCPafterfail,FUNCTION,245,1,False,9,37,636.0310941011759,18.52173913043478,11780.402003786996,654.4667779881664,0.21201036470039197
./models/01_CTSM/components/cdeps/fox/common/m_common_content_model.F90,dumpCP,SUBROUTINE,426,0,False,9,24,352.93307042287904,5.052631578947368,1783.240776873494,99.06893204852744,0.11764435680762635
./models/01_CTSM/components/cdeps/fox/common/m_common_content_model.F90,newCP,FUNCTION,47,0,False,7,26,515.735883197266,10.928571428571427,5636.256437798693,313.12535765548296,0.17191196106575535
./models/01_CTSM/components/cdeps/fox/common/m_common_content_model.F90,nextCPaftermatch,FUNCTION,208,1,False,7,25,376.1523513717527,11.058823529411764,4159.8024739935,231.10013744408332,0.12538411712391756
./models/01_CTSM/components/cdeps/fox/common/m_common_content_model.F90,dumpCPtree,SUBROUTINE,452,2,False,6,31,546.9926033910398,19.782608695652176,10820.940632301004,601.1633684611669,0.18233086779701327
./models/01_CTSM/components/cdeps/fox/common/m_common_content_model.F90,copyCPtree,FUNCTION,86,2,False,5,34,593.7337620686308,15.454545454545455,9175.88541378793,509.7714118771072,0.19791125402287693
./models/01_CTSM/components/cdeps/fox/common/m_common_content_model.F90,destroyCPtree,SUBROUTINE,401,2,False,5,21,312.1257749679339,12.266666666666667,3828.742839606656,212.7079355337031,0.10404192498931131
./models/01_CTSM/components/cdeps/fox/common/m_common_content_model.F90,checkCPToEnd,FUNCTION,299,0,False,4,16,247.25415011250035,8.75,2163.4738134843783,120.19298963802102,0.08241805003750012
./models/01_CTSM/components/cdeps/fox/common/m_common_content_model.F90,elementContentCP,FUNCTION,365,0,False,4,14,192.56842503028855,5.5588235294117645,1070.4538920801333,59.46966067111852,0.06418947501009618
./models/01_CTSM/components/cdeps/fox/common/m_common_content_model.F90,transformCPPlus,SUBROUTINE,123,1,False,3,18,357.233418578723,7.142857142857143,2551.667275562307,141.75929308679486,0.11907780619290766
./models/01_CTSM/components/cdeps/fox/common/m_common_content_model.F90,copyCP,FUNCTION,76,0,False,2,8,158.45715005480787,4.714285714285714,747.0122788298086,41.500682157211585,0.05281905001826929
./models/01_CTSM/components/cdeps/fox/common/m_common_content_model.F90,emptyContentCP,FUNCTION,382,0,False,2,9,127.43782540330756,4.846153846153847,617.5833077237213,34.31018376242896,0.042479275134435855
./models/01_CTSM/components/cdeps/fox/common/m_common_content_model.F90,destroyCP,SUBROUTINE,394,0,False,2,5,65.72920075410865,1.8888888888888888,124.15515697998299,6.897508721110166,0.02190973358470288
./models/01_CTSM/components/cdeps/fox/common/m_common_element.F90,parse_dtd_attlist,SUBROUTINE,872,1,False,124,357,9876.853551720182,90.13265306122449,890227.014513718,49457.05636187322,3.2922845172400605
./models/01_CTSM/components/cdeps/fox/common/m_common_element.F90,parse_dtd_element,SUBROUTINE,267,1,False,92,441,11142.999096916821,101.42783505154638,1130210.2743816096,62789.4596878672,3.714333032305607
./models/01_CTSM/components/cdeps/fox/common/m_common_element.F90,report_declarations,SUBROUTINE,1347,1,False,16,71,2277.855727128716,42.86904761904762,97649.50563560126,5424.972535311182,0.7592852423762386
./models/01_CTSM/components/cdeps/fox/common/m_common_element.F90,get_att_type_enum,FUNCTION,1573,0,False,12,28,310.22902139731207,4.404761904761905,1366.484975202446,75.91583195569144,0.10340967379910403
./models/01_CTSM/components/cdeps/fox/common/m_common_element.F90,express_att_decl_len,FUNCTION,1516,0,False,8,21,574.7682342478352,11.666666666666668,6705.629399558077,372.5349666421154,0.19158941141594504
./models/01_CTSM/components/cdeps/fox/common/m_common_element.F90,express_attribute_declaration,FUNCTION,1545,0,False,8,21,577.2720264787944,12.5,7215.9003309849295,400.883351721385,0.1924240088262648
./models/01_CTSM/components/cdeps/fox/common/m_common_element.F90,check_duplicates,FUNCTION,748,1,False,7,31,578.6156164987531,10.806451612903224,6252.781662163943,347.37675900910796,0.192871872166251
./models/01_CTSM/components/cdeps/fox/common/m_common_element.F90,att_value_normalize_len,FUNCTION,1603,1,False,5,15,358.2030134794219,12.75,4567.088421862629,253.7271345479238,0.11940100449314063
./models/01_CTSM/components/cdeps/fox/common/m_common_element.F90,destroy_element_list,SUBROUTINE,176,1,False,4,11,273.9875151967087,6.25,1712.4219699794296,95.1345538877461,0.09132917173223624
./models/01_CTSM/components/cdeps/fox/common/m_common_element.F90,get_attdecl_by_name,FUNCTION,1499,1,False,4,15,320.0,8.804347826086957,2817.391304347826,156.52173913043478,0.10666666666666667
./models/01_CTSM/components/cdeps/fox/common/m_common_element.F90,att_value_normalize,FUNCTION,1622,1,False,4,17,425.0,13.863636363636365,5892.045454545455,327.3358585858586,0.14166666666666666
./models/01_CTSM/components/cdeps/fox/common/m_common_element.F90,existing_element,FUNCTION,190,1,False,3,13,252.61501174663374,7.0476190476190474,1780.3343685000855,98.90746491667142,0.08420500391554459
./models/01_CTSM/components/cdeps/fox/common/m_common_element.F90,declared_element,FUNCTION,206,1,False,3,13,274.78587335407707,7.454545454545454,2048.403783184938,113.80021017694101,0.0915952911180257
./models/01_CTSM/components/cdeps/fox/common/m_common_element.F90,get_element,FUNCTION,222,1,False,3,13,274.78587335407707,8.785714285714285,2414.190173039391,134.12167627996618,0.0915952911180257
./models/01_CTSM/components/cdeps/fox/common/m_common_element.F90,strip_spaces,FUNCTION,735,1,False,3,12,254.18760226232595,11.714285714285714,2977.626197930104,165.42367766278355,0.08472920075410866
./models/01_CTSM/components/cdeps/fox/common/m_common_element.F90,destroy_attribute_t,SUBROUTINE,793,0,False,3,7,117.20671786825557,3.25,380.9218330718306,21.162324059546144,0.03906890595608519
./models/01_CTSM/components/cdeps/fox/common/m_common_element.F90,destroy_attribute_list,SUBROUTINE,803,1,False,3,10,212.60741193467962,5.555555555555555,1181.1522885259978,65.61957158477766,0.07086913731155987
./models/01_CTSM/components/cdeps/fox/common/m_common_element.F90,existing_attribute,FUNCTION,817,1,False,3,11,235.5603911808226,6.166666666666666,1452.6224122817391,80.70124512676328,0.07852013039360753
./models/01_CTSM/components/cdeps/fox/common/m_common_element.F90,get_attribute,FUNCTION,858,1,False,3,12,260.0652015672515,8.357142857142858,2173.4020416691733,120.74455787050962,0.08668840052241716
./models/01_CTSM/components/cdeps/fox/common/m_common_element.F90,get_attdecl_by_index,FUNCTION,1486,0,False,3,11,235.02198590705459,6.63157894736842,1558.5668539099408,86.58704743944116,0.07834066196901819
./models/01_CTSM/components/cdeps/fox/common/m_common_element.F90,add_element,FUNCTION,238,1,False,2,24,745.0699332842307,12.621212121212121,9403.68567311764,522.4269818398689,0.24835664442807692
./models/01_CTSM/components/cdeps/fox/common/m_common_element.F90,add_attribute,FUNCTION,830,1,False,2,23,655.9909391804481,11.967741935483872,7850.730272127299,436.1516817848499,0.2186636463934827
./models/01_CTSM/components/cdeps/fox/common/m_common_element.F90,make_token_group_len,FUNCTION,1438,1,False,2,9,185.8429080801566,4.25,789.8323593406656,43.87957551892586,0.06194763602671887
./models/01_CTSM/components/cdeps/fox/common/m_common_element.F90,make_token_group,FUNCTION,1449,1,False,2,13,361.3714501644236,8.285714285714285,2994.2205870766525,166.34558817092514,0.12045715005480787
./models/01_CTSM/components/cdeps/fox/common/m_common_element.F90,attribute_has_default,FUNCTION,1464,0,False,2,9,153.73110979725664,6.0,922.3866587835398,51.24370326575221,0.05124370326575221
./models/01_CTSM/components/cdeps/fox/common/m_common_element.F90,get_attlist_size,FUNCTION,1475,0,False,2,9,127.43782540330756,3.9285714285714284,500.64859979870823,27.813811099928234,0.042479275134435855
./models/01_CTSM/components/cdeps/fox/common/m_common_element.F90,init_element_list,SUBROUTINE,170,0,False,1,4,51.89147427955946,0.7,36.32403199569162,2.0180017775384234,0.017297158093186486
./models/01_CTSM/components/cdeps/fox/common/m_common_element.F90,init_attribute_list,SUBROUTINE,787,0,False,1,4,51.89147427955946,0.7,36.32403199569162,2.0180017775384234,0.017297158093186486
./models/01_CTSM/components/cdeps/fox/common/m_common_elstack.F90,resize_elstack,SUBROUTINE,79,2,False,3,16,413.43252329695395,7.717391304347826,3190.620560226492,177.25669779036068,0.13781084109898464
./models/01_CTSM/components/cdeps/fox/common/m_common_elstack.F90,push_elstack,SUBROUTINE,113,0,False,3,15,381.55971309377543,10.62,4052.1641530558945,225.12023072532747,0.12718657103125847
./models/01_CTSM/components/cdeps/fox/common/m_common_elstack.F90,destroy_elstack,SUBROUTINE,62,1,False,2,8,118.53642239625984,2.571428571428571,304.80794330466813,16.933774628037117,0.03951214079875328
./models/01_CTSM/components/cdeps/fox/common/m_common_elstack.F90,pop_elstack,FUNCTION,132,0,False,2,12,307.16017124398627,8.521739130434783,2617.5388506009267,145.41882503338482,0.10238672374799543
./models/01_CTSM/components/cdeps/fox/common/m_common_elstack.F90,get_top_elstack,FUNCTION,148,0,False,2,11,254.78981086905299,6.833333333333333,1741.0637076051953,96.72576153362196,0.084929936956351
./models/01_CTSM/components/cdeps/fox/common/m_common_elstack.F90,checkContentModel,FUNCTION,165,0,False,2,15,305.0,7.833333333333333,2389.1666666666665,132.73148148148147,0.10166666666666667
./models/01_CTSM/components/cdeps/fox/common/m_common_elstack.F90,elementContent,FUNCTION,197,0,False,2,11,178.8135375281251,4.833333333333334,864.2654313859381,48.01474618810767,0.059604512509375034
./models/01_CTSM/components/cdeps/fox/common/m_common_elstack.F90,emptyContent,FUNCTION,210,0,False,2,11,178.8135375281251,4.833333333333334,864.2654313859381,48.01474618810767,0.059604512509375034
./models/01_CTSM/components/cdeps/fox/common/m_common_elstack.F90,print_elstack,SUBROUTINE,223,1,False,2,8,171.30037948837168,5.8,993.5422010325557,55.19678894625309,0.05710012649612389
./models/01_CTSM/components/cdeps/fox/common/m_common_elstack.F90,init_elstack,SUBROUTINE,50,0,False,1,6,101.57915548582149,1.8461538461538463,187.5307485892089,10.418374921622718,0.033859718495273826
./models/01_CTSM/components/cdeps/fox/common/m_common_elstack.F90,reset_elstack,SUBROUTINE,71,0,False,1,5,58.81033751683405,1.5555555555555556,91.48274724840853,5.082374847133807,0.019603445838944685
./models/01_CTSM/components/cdeps/fox/common/m_common_elstack.F90,is_empty_elstack,FUNCTION,99,0,False,1,5,88.0,2.192307692307692,192.9230769230769,10.717948717948717,0.029333333333333333
./models/01_CTSM/components/cdeps/fox/common/m_common_elstack.F90,number_of_items,FUNCTION,106,0,False,1,5,70.30835464468075,1.5454545454545454,108.65836626905207,6.036575903836226,0.02343611821489358
./models/01_CTSM/components/cdeps/fox/common/m_common_elstack.F90,checkContentModelToEnd,FUNCTION,183,0,False,1,9,153.73110979725664,2.5833333333333335,397.1387003095797,22.063261128309982,0.05124370326575221
./models/01_CTSM/components/cdeps/fox/common/m_common_entities.F90,expand_char_entity_len,FUNCTION,326,0,False,7,32,605.0,15.227272727272727,9212.5,511.80555555555554,0.20166666666666666
./models/01_CTSM/components/cdeps/fox/common/m_common_entities.F90,expand_char_entity,FUNCTION,362,0,False,5,18,325.0,10.738095238095237,3489.8809523809523,193.88227513227514,0.10833333333333334
./models/01_CTSM/components/cdeps/fox/common/m_common_entities.F90,add_external_entity,SUBROUTINE,254,0,False,4,18,807.5339985930606,19.130434782608695,15448.476494823768,858.248694156876,0.2691779995310202
./models/01_CTSM/components/cdeps/fox/common/m_common_entities.F90,getEntityByName,FUNCTION,106,1,False,3,13,274.78587335407707,8.785714285714285,2414.190173039391,134.12167627996618,0.0915952911180257
./models/01_CTSM/components/cdeps/fox/common/m_common_entities.F90,is_unparsed_entity_from_list,FUNCTION,283,1,False,3,13,287.34338600243876,8.590909090909092,2468.5409070209516,137.141161501164,0.09578112866747959
./models/01_CTSM/components/cdeps/fox/common/m_common_entities.F90,is_external_entity,FUNCTION,309,1,False,3,13,267.18895473201644,7.619047619047619,2035.7253693867917,113.09585385482177,0.08906298491067215
./models/01_CTSM/components/cdeps/fox/common/m_common_entities.F90,existing_entity,FUNCTION,386,1,False,3,13,260.0652015672515,6.909090909090909,1796.8141199191923,99.82300666217735,0.08668840052241716
./models/01_CTSM/components/cdeps/fox/common/m_common_entities.F90,expand_entity_text_len,FUNCTION,407,1,False,3,11,252.0090376146638,7.0,1764.0632633026466,98.00351462792482,0.08400301253822128
./models/01_CTSM/components/cdeps/fox/common/m_common_entities.F90,expand_entity_text,FUNCTION,423,1,False,3,12,275.7834751254812,9.052631578947368,2496.566195872777,138.69812199293204,0.09192782504182706
./models/01_CTSM/components/cdeps/fox/common/m_common_entities.F90,expand_entity_len,FUNCTION,442,1,False,3,11,252.0090376146638,7.0,1764.0632633026466,98.00351462792482,0.08400301253822128
./models/01_CTSM/components/cdeps/fox/common/m_common_entities.F90,expand_entity,FUNCTION,458,1,False,3,11,267.9250639340422,7.921052631578947,2122.2485327407026,117.90269626337236,0.08930835464468073
./models/01_CTSM/components/cdeps/fox/common/m_common_entities.F90,destroy_entity,SUBROUTINE,123,0,False,2,9,144.4295354570819,2.90625,419.7483374221443,23.319352079008016,0.048143178485693966
./models/01_CTSM/components/cdeps/fox/common/m_common_entities.F90,init_entity_list,SUBROUTINE,137,0,False,2,5,83.76180828526729,1.6666666666666667,139.60301380877883,7.7557229893766015,0.027920602761755765
./models/01_CTSM/components/cdeps/fox/common/m_common_entities.F90,destroy_entity_list,SUBROUTINE,155,1,False,2,9,144.4295354570819,3.6,519.9463276454949,28.88590709141638,0.048143178485693966
./models/01_CTSM/components/cdeps/fox/common/m_common_entities.F90,pop_entity_list,FUNCTION,167,1,False,2,15,366.61052696862873,7.32,2683.5890574103623,149.08828096724235,0.12220350898954291
./models/01_CTSM/components/cdeps/fox/common/m_common_entities.F90,print_entity_list,SUBROUTINE,186,1,False,2,14,298.0225625468751,5.921052631578947,1764.6072782380763,98.03373767989314,0.0993408541822917
./models/01_CTSM/components/cdeps/fox/common/m_common_entities.F90,add_entity,SUBROUTINE,204,1,False,2,27,830.4205607158029,13.073529411764707,10856.527624652188,603.1404235917882,0.2768068535719343
./models/01_CTSM/components/cdeps/fox/common/m_common_entities.F90,size_el,FUNCTION,68,0,False,1,5,82.0447025077789,1.4615384615384615,119.91148828059991,6.661749348922218,0.02734823416925963
./models/01_CTSM/components/cdeps/fox/common/m_common_entities.F90,shallow_copy_entity,FUNCTION,75,0,False,1,12,242.0279733136923,4.147058823529411,1003.7042422714886,55.76134679286048,0.08067599110456411
./models/01_CTSM/components/cdeps/fox/common/m_common_entities.F90,getEntityByIndex,FUNCTION,90,0,False,1,6,108.0,1.7857142857142858,192.85714285714286,10.714285714285715,0.036
./models/01_CTSM/components/cdeps/fox/common/m_common_entities.F90,getEntityNameByIndex,FUNCTION,98,0,False,1,6,144.4295354570819,1.8235294117647058,263.3715058335023,14.63175032408346,0.048143178485693966
./models/01_CTSM/components/cdeps/fox/common/m_common_entities.F90,reset_entity_list,SUBROUTINE,146,0,False,1,5,58.81033751683405,1.5555555555555556,91.48274724840853,5.082374847133807,0.019603445838944685
./models/01_CTSM/components/cdeps/fox/common/m_common_entities.F90,add_internal_entity,SUBROUTINE,242,0,False,1,8,269.343659006934,4.285714285714286,1154.3299671725742,64.12944262069857,0.089781219668978
./models/01_CTSM/components/cdeps/fox/common/m_common_entities.F90,is_unparsed_entity_,FUNCTION,300,0,False,1,5,88.0,2.192307692307692,192.9230769230769,10.717948717948717,0.029333333333333333
./models/01_CTSM/components/cdeps/fox/common/m_common_entity_expand.F90,expand_entity_value_alloc,FUNCTION,21,1,False,9,46,1313.8421035229587,30.800000000000004,40466.336788507135,2248.1298215837296,0.43794736784098626
./models/01_CTSM/components/cdeps/fox/common/m_common_error.F90,add_error,SUBROUTINE,138,1,False,5,29,819.6322482623716,23.0,18851.541710034548,1047.3078727796972,0.27321074942079054
./models/01_CTSM/components/cdeps/fox/common/m_common_error.F90,FoX_warning_base,SUBROUTINE,69,0,False,2,10,129.26767504471167,6.045454545454546,781.4818536793933,43.41565853774407,0.043089225014903886
./models/01_CTSM/components/cdeps/fox/common/m_common_error.F90,FoX_error_base,SUBROUTINE,85,0,False,2,11,135.93368043019473,6.909090909090909,939.1781556995272,52.17656420552929,0.04531122681006491
./models/01_CTSM/components/cdeps/fox/common/m_common_error.F90,destroy_error_stack,SUBROUTINE,126,1,False,2,8,120.0,2.8846153846153846,346.15384615384613,19.23076923076923,0.04
./models/01_CTSM/components/cdeps/fox/common/m_common_error.F90,in_error,FUNCTION,176,0,False,2,9,142.62362713128297,5.142857142857142,733.4929395323123,40.74960775179513,0.04754120904376099
./models/01_CTSM/components/cdeps/fox/common/m_common_error.F90,FoX_fatal_base,SUBROUTINE,104,0,False,1,7,89.85848369899593,4.0,359.4339347959837,19.968551933110206,0.02995282789966531
./models/01_CTSM/components/cdeps/fox/common/m_common_error.F90,init_error_stack,SUBROUTINE,119,0,False,1,4,49.82892142331043,0.7777777777777778,38.755827773685894,2.1531015429825495,0.01660964047443681
./models/01_CTSM/components/cdeps/fox/common/m_common_error.F90,FoX_set_fatal_errors,SUBROUTINE,187,0,False,1,4,41.209025018750054,1.5714285714285714,64.75703931517866,3.597613295287703,0.013736341672916685
./models/01_CTSM/components/cdeps/fox/common/m_common_error.F90,FoX_get_fatal_errors,FUNCTION,192,0,False,1,4,25.84962500721156,2.0,51.69925001442312,2.87218055635684,0.00861654166907052
./models/01_CTSM/components/cdeps/fox/common/m_common_error.F90,FoX_set_fatal_warnings,SUBROUTINE,197,0,False,1,4,41.209025018750054,1.5714285714285714,64.75703931517866,3.597613295287703,0.013736341672916685
./models/01_CTSM/components/cdeps/fox/common/m_common_error.F90,FoX_get_fatal_warnings,FUNCTION,202,0,False,1,4,25.84962500721156,2.0,51.69925001442312,2.87218055635684,0.00861654166907052
./models/01_CTSM/components/cdeps/fox/common/m_common_io.F90,find_eor_eof,SUBROUTINE,67,3,False,9,32,835.6447722241231,23.03571428571429,19249.674217305695,1069.4263454058719,0.27854825740804107
./models/01_CTSM/components/cdeps/fox/common/m_common_io.F90,get_unit,SUBROUTINE,46,1,False,3,16,250.76823424783512,8.235294117647058,2065.150164393936,114.730564688552,0.08358941141594504
./models/01_CTSM/components/cdeps/fox/common/m_common_io.F90,setup_io_scratch,SUBROUTINE,27,0,False,2,5,53.77443751081734,3.5714285714285716,192.0515625386334,10.6695312521463,0.01792481250360578
./models/01_CTSM/components/cdeps/fox/common/m_common_io.F90,setup_io_with_data,SUBROUTINE,33,0,False,2,9,131.68575291675114,3.2,421.3944093336037,23.410800518533538,0.04389525097225038
./models/01_CTSM/components/cdeps/fox/common/m_common_namecheck.F90,checkNames,FUNCTION,93,1,False,8,33,697.9398751947122,25.772727272727273,17987.814056154628,999.3230031197015,0.23264662506490405
./models/01_CTSM/components/cdeps/fox/common/m_common_namecheck.F90,checkQNames,FUNCTION,150,1,False,8,33,697.9398751947122,25.772727272727273,17987.814056154628,999.3230031197015,0.23264662506490405
./models/01_CTSM/components/cdeps/fox/common/m_common_namecheck.F90,checkNCNames,FUNCTION,205,1,False,8,33,697.9398751947122,25.772727272727273,17987.814056154628,999.3230031197015,0.23264662506490405
./models/01_CTSM/components/cdeps/fox/common/m_common_namecheck.F90,checkNmtokens,FUNCTION,256,1,False,8,33,697.9398751947122,25.772727272727273,17987.814056154628,999.3230031197015,0.23264662506490405
./models/01_CTSM/components/cdeps/fox/common/m_common_namecheck.F90,checkPEDef,FUNCTION,306,1,False,8,26,708.4856577255372,25.565217391304348,18112.589858374602,1006.2549921319223,0.2361618859085124
./models/01_CTSM/components/cdeps/fox/common/m_common_namecheck.F90,checkCharacterEntityReference,FUNCTION,422,0,False,8,25,515.0,10.333333333333334,5321.666666666667,295.64814814814815,0.17166666666666666
./models/01_CTSM/components/cdeps/fox/common/m_common_namecheck.F90,checkRepCharEntityReference,FUNCTION,451,0,False,8,25,515.0,10.333333333333334,5321.666666666667,295.64814814814815,0.17166666666666666
./models/01_CTSM/components/cdeps/fox/common/m_common_namecheck.F90,checkPseudoAttValue,FUNCTION,337,1,False,6,22,776.2085514787136,31.363636363636363,24344.72275092329,1352.484597273516,0.25873618382623786
./models/01_CTSM/components/cdeps/fox/common/m_common_namecheck.F90,checkAttValue,FUNCTION,368,1,False,6,25,724.100103984128,26.875,19460.19029457344,1081.1216830318579,0.2413667013280427
./models/01_CTSM/components/cdeps/fox/common/m_common_namecheck.F90,likeCharacterEntityReference,FUNCTION,403,0,False,5,16,324.33034055173533,8.88888888888889,2882.93636045987,160.16313113665944,0.10811011351724512
./models/01_CTSM/components/cdeps/fox/common/m_common_namecheck.F90,checkName,FUNCTION,78,0,False,4,10,271.02858762331766,10.25,2778.043023139006,154.33572350772255,0.09034286254110589
./models/01_CTSM/components/cdeps/fox/common/m_common_namecheck.F90,checkEncName,FUNCTION,50,0,False,3,9,276.9049167222716,9.225,2554.4478567629553,141.9137698201642,0.09230163890742386
./models/01_CTSM/components/cdeps/fox/common/m_common_namecheck.F90,checkNCName,FUNCTION,189,0,False,3,10,261.51881261899075,10.0,2615.1881261899075,145.28822923277264,0.08717293753966358
./models/01_CTSM/components/cdeps/fox/common/m_common_namecheck.F90,checkQName,FUNCTION,132,0,False,2,12,274.01923055728344,11.666666666666668,3196.891023168307,177.60505684268372,0.09133974351909448
./models/01_CTSM/components/cdeps/fox/common/m_common_namecheck.F90,checkPITarget,FUNCTION,65,0,False,1,6,131.68575291675114,4.464285714285714,587.8828255212105,32.66015697340058,0.04389525097225038
./models/01_CTSM/components/cdeps/fox/common/m_common_namecheck.F90,checkNmtoken,FUNCTION,244,0,False,1,6,114.4489595550095,2.571428571428571,294.2973245700244,16.349851365001356,0.038149653185003164
./models/01_CTSM/components/cdeps/fox/common/m_common_namecheck.F90,checkPublicId,FUNCTION,296,0,False,1,6,204.32967235008786,3.75,766.2362713128294,42.56868173960164,0.06810989078336262
./models/01_CTSM/components/cdeps/fox/common/m_common_namecheck.F90,prefixOfQName,FUNCTION,484,0,False,1,5,120.92782504182705,3.2857142857142856,397.33428228028885,22.07412679334938,0.04030927501394235
./models/01_CTSM/components/cdeps/fox/common/m_common_namecheck.F90,localpartOfQname,FUNCTION,492,0,False,1,5,144.4295354570819,4.821428571428571,696.3566888109306,38.68648271171836,0.048143178485693966
./models/01_CTSM/components/cdeps/fox/common/m_common_namespaces.F90,checkNamespaces,SUBROUTINE,441,2,False,29,150,3723.856133896005,50.64179104477611,188582.7442135693,10476.819122976072,1.241285377965335
./models/01_CTSM/components/cdeps/fox/common/m_common_namespaces.F90,addPrefixedNS,SUBROUTINE,243,1,False,17,61,1482.4260484391841,26.976744186046513,39991.028283475665,2221.7237935264257,0.4941420161463947
./models/01_CTSM/components/cdeps/fox/common/m_common_namespaces.F90,checkEndNamespaces,SUBROUTINE,667,2,False,7,33,823.7779644494512,24.838709677419356,20461.581697615402,1136.7545387564112,0.27459265481648376
./models/01_CTSM/components/cdeps/fox/common/m_common_namespaces.F90,checkNamespacesWriting,SUBROUTINE,614,2,False,6,25,872.0913661122711,19.05,16613.340524438765,922.9633624688203,0.2906971220374237
./models/01_CTSM/components/cdeps/fox/common/m_common_namespaces.F90,addDefaultNS,SUBROUTINE,131,0,False,5,33,737.9720066394854,15.303030303030303,11293.207980392124,627.400443355118,0.24599066887982846
./models/01_CTSM/components/cdeps/fox/common/m_common_namespaces.F90,removePrefixedNS,SUBROUTINE,326,1,False,5,21,427.3468786650285,11.666666666666668,4985.713584425333,276.98408802362957,0.1424489595550095
./models/01_CTSM/components/cdeps/fox/common/m_common_namespaces.F90,destroyNamespaceDictionary,SUBROUTINE,93,3,False,4,16,329.99793977916,4.815789473684211,1589.2006047259547,88.28892248477526,0.10999931325972
./models/01_CTSM/components/cdeps/fox/common/m_common_namespaces.F90,removePrefix,SUBROUTINE,395,3,False,4,28,723.3126613164837,14.28,10328.904803599387,573.8280446444104,0.24110422043882793
./models/01_CTSM/components/cdeps/fox/common/m_common_namespaces.F90,dumpnsdict,SUBROUTINE,718,3,False,4,15,380.55188755985597,7.894736842105264,3004.3570070514947,166.90872261397192,0.12685062918661866
./models/01_CTSM/components/cdeps/fox/common/m_common_namespaces.F90,copyURIMapping,SUBROUTINE,113,1,False,3,13,317.28542485580186,12.078947368421051,3832.4739476003433,212.9152193111302,0.1057618082852673
./models/01_CTSM/components/cdeps/fox/common/m_common_namespaces.F90,addPrefix,SUBROUTINE,352,2,False,3,27,754.8090502105775,12.5,9435.11312763222,524.1729515351233,0.2516030167368592
./models/01_CTSM/components/cdeps/fox/common/m_common_namespaces.F90,isPrefixInForce,FUNCTION,747,1,False,3,14,364.17909420309263,9.346153846153847,3403.673841975058,189.09299122083655,0.12139303140103087
./models/01_CTSM/components/cdeps/fox/common/m_common_namespaces.F90,getPrefixIndex,FUNCTION,778,1,False,3,13,259.5971657911106,7.8,2024.857893170663,112.49210517614794,0.08653238859703688
./models/01_CTSM/components/cdeps/fox/common/m_common_namespaces.F90,isDefaultNSInForce,FUNCTION,765,0,False,2,8,183.39850002884623,3.3,605.2150500951925,33.6230583386218,0.06113283334294874
./models/01_CTSM/components/cdeps/fox/common/m_common_namespaces.F90,initNamespaceDictionary,SUBROUTINE,70,0,False,1,12,329.99793977916,5.368421052631579,1771.5678872354904,98.42043817974947,0.10999931325972
./models/01_CTSM/components/cdeps/fox/common/m_common_namespaces.F90,addPrefixedURI,SUBROUTINE,175,0,False,1,19,450.8318642452056,7.788461538461538,3511.2866349866977,195.0714797214832,0.1502772880817352
./models/01_CTSM/components/cdeps/fox/common/m_common_namespaces.F90,removeDefaultNS,SUBROUTINE,201,0,False,1,14,297.20679614558236,5.333333333333333,1585.102912776439,88.0612729320244,0.09906893204852746
./models/01_CTSM/components/cdeps/fox/common/m_common_namespaces.F90,removePrefixedURI,SUBROUTINE,222,0,False,1,14,297.20679614558236,5.333333333333333,1585.102912776439,88.0612729320244,0.09906893204852746
./models/01_CTSM/components/cdeps/fox/common/m_common_namespaces.F90,getURIofDefaultNS,FUNCTION,737,0,False,1,7,180.0850143339292,1.9473684210526316,350.6918700187042,19.48288166770579,0.06002833811130973
./models/01_CTSM/components/cdeps/fox/common/m_common_namespaces.F90,getNumberOfPrefixes,FUNCTION,794,0,False,1,5,82.0447025077789,1.4615384615384615,119.91148828059991,6.661749348922218,0.02734823416925963
./models/01_CTSM/components/cdeps/fox/common/m_common_namespaces.F90,getPrefixByIndex,FUNCTION,801,0,False,1,6,144.4295354570819,1.8235294117647058,263.3715058335023,14.63175032408346,0.048143178485693966
./models/01_CTSM/components/cdeps/fox/common/m_common_namespaces.F90,getURIofPrefixedNS,FUNCTION,810,0,False,1,9,314.92946111545314,3.9130434782608696,1232.332673930034,68.46292632944633,0.10497648703848438
./models/01_CTSM/components/cdeps/fox/common/m_common_notations.F90,add_notation,SUBROUTINE,56,2,False,6,37,1143.1712936290974,38.32758620689655,43814.99630581868,2434.166461434371,0.38105709787636577
./models/01_CTSM/components/cdeps/fox/common/m_common_notations.F90,notation_exists,FUNCTION,102,1,False,3,13,257.4729927417613,7.238095238095238,1863.6140427022722,103.53411348345956,0.08582433091392043
./models/01_CTSM/components/cdeps/fox/common/m_common_notations.F90,destroy_notation_list,SUBROUTINE,42,1,False,2,10,177.19905189038187,3.1764705882352944,562.8675765929777,31.270420921832095,0.05906635063012729
./models/01_CTSM/components/cdeps/fox/common/m_common_notations.F90,init_notation_list,SUBROUTINE,28,0,False,1,7,129.45006734995854,1.2692307692307692,164.30200855956275,9.127889364420152,0.04315002244998618
./models/01_CTSM/components/cdeps/fox/common/m_common_struct.F90,destroy_xml_doc_state,SUBROUTINE,56,0,False,4,11,230.70165975890765,3.2249999999999996,744.0128527224771,41.33404737347095,0.07690055325296921
./models/01_CTSM/components/cdeps/fox/common/m_common_struct.F90,init_xml_doc_state,SUBROUTINE,46,0,False,1,9,151.26748332105768,1.6666666666666667,252.1124722017628,14.00624845565349,0.05042249444035256
./models/01_CTSM/components/cdeps/fox/common/m_common_struct.F90,register_internal_PE,SUBROUTINE,68,0,False,1,8,239.7487836710217,4.526315789473684,1085.1787050372561,60.287705835403116,0.0799162612236739
./models/01_CTSM/components/cdeps/fox/common/m_common_struct.F90,register_external_PE,SUBROUTINE,80,0,False,1,9,301.8506523353571,4.9523809523809526,1494.8794210893875,83.0488567271882,0.1006168841117857
./models/01_CTSM/components/cdeps/fox/common/m_common_struct.F90,register_internal_GE,SUBROUTINE,93,0,False,1,8,239.7487836710217,4.526315789473684,1085.1787050372561,60.287705835403116,0.0799162612236739
./models/01_CTSM/components/cdeps/fox/common/m_common_struct.F90,register_external_GE,SUBROUTINE,105,0,False,1,10,361.93385829686406,5.545454545454546,2007.0877596462462,111.50487553590257,0.12064461943228802
./models/01_CTSM/components/cdeps/fox/common/test/test_fsys_array_str.f90,test_fsys_array_str,PROGRAM,1,3,False,4,21,333.594000115385,15.272727272727272,5094.8901835804245,283.0494546433569,0.11119800003846166
./models/01_CTSM/components/cdeps/fox/common/test/test_input.f90,complexspdatascalar,SUBROUTINE,383,0,False,10,25,868.1631050673805,27.22222222222222,23633.32897127869,1312.9627206265939,0.2893877016891268
./models/01_CTSM/components/cdeps/fox/common/test/test_input.f90,complexdpdatascalar,SUBROUTINE,416,0,False,10,25,868.1631050673805,27.22222222222222,23633.32897127869,1312.9627206265939,0.2893877016891268
./models/01_CTSM/components/cdeps/fox/common/test/test_input.f90,cmplxspdatamatrix,SUBROUTINE,737,3,False,10,29,1053.9373636396285,29.75,31354.636568278947,1741.9242537932748,0.35131245454654286
./models/01_CTSM/components/cdeps/fox/common/test/test_input.f90,cmplxdpdatamatrix,SUBROUTINE,809,3,False,10,29,1053.9373636396285,29.75,31354.636568278947,1741.9242537932748,0.35131245454654286
./models/01_CTSM/components/cdeps/fox/common/test/test_input.f90,realspdatamatrix,SUBROUTINE,609,2,False,9,23,838.7429166033232,28.616666666666667,24002.0264634651,1333.44591463695,0.2795809722011077
./models/01_CTSM/components/cdeps/fox/common/test/test_input.f90,realdpdatamatrix,SUBROUTINE,670,2,False,9,24,849.8520943066785,28.9,24560.725525463007,1364.4847514146115,0.2832840314355595
./models/01_CTSM/components/cdeps/fox/common/test/test_input.f90,cmplxspdataarray,SUBROUTINE,702,2,False,9,27,924.6053307413537,27.25,25195.495262701887,1399.7497368167715,0.30820177691378453
./models/01_CTSM/components/cdeps/fox/common/test/test_input.f90,cmplxdpdataarray,SUBROUTINE,774,2,False,9,27,924.6053307413537,27.25,25195.495262701887,1399.7497368167715,0.30820177691378453
./models/01_CTSM/components/cdeps/fox/common/test/test_input.f90,realspdataarray,SUBROUTINE,579,1,False,8,22,704.2666788042113,25.814814814814817,18180.513893575382,1010.0285496430768,0.23475555960140376
./models/01_CTSM/components/cdeps/fox/common/test/test_input.f90,realdpdataarray,SUBROUTINE,640,1,False,8,22,704.2666788042113,25.814814814814817,18180.513893575382,1010.0285496430768,0.23475555960140376
./models/01_CTSM/components/cdeps/fox/common/test/test_input.f90,realspdatascalar,SUBROUTINE,331,0,False,7,18,602.5358529502963,22.1875,13368.764237334699,742.7091242963721,0.20084528431676543
./models/01_CTSM/components/cdeps/fox/common/test/test_input.f90,realdpdatascalar,SUBROUTINE,357,0,False,7,18,602.5358529502963,22.1875,13368.764237334699,742.7091242963721,0.20084528431676543
./models/01_CTSM/components/cdeps/fox/common/test/test_input.f90,logicaldatascalar,SUBROUTINE,289,0,False,5,12,415.0,13.636363636363635,5659.090909090908,314.3939393939393,0.13833333333333334
./models/01_CTSM/components/cdeps/fox/common/test/test_input.f90,integerdatascalar,SUBROUTINE,310,0,False,5,12,403.21242259558846,15.526315789473683,6260.403403457821,347.80018908099004,0.13440414086519614
./models/01_CTSM/components/cdeps/fox/common/test/test_input.f90,stringdataarray,SUBROUTINE,449,0,False,5,14,599.0871370473293,15.925925925925926,9541.017367790799,530.0565204328221,0.19969571234910977
./models/01_CTSM/components/cdeps/fox/common/test/test_input.f90,stringdatamatrix,SUBROUTINE,472,0,False,5,14,624.5033740997867,16.071428571428573,10036.661369460859,557.5922983033811,0.20816779136659558
./models/01_CTSM/components/cdeps/fox/common/test/test_input.f90,logicaldataarray,SUBROUTINE,495,0,False,5,12,425.7304904064322,12.4,5279.05808103976,293.2810045022089,0.14191016346881072
./models/01_CTSM/components/cdeps/fox/common/test/test_input.f90,logicaldatamatrix,SUBROUTINE,516,0,False,5,12,449.7834751254812,12.692307692307692,5708.79026120803,317.1550145115572,0.14992782504182706
./models/01_CTSM/components/cdeps/fox/common/test/test_input.f90,integerdataarray,SUBROUTINE,537,0,False,5,12,415.0,13.863636363636365,5753.409090909092,319.63383838383845,0.13833333333333334
./models/01_CTSM/components/cdeps/fox/common/test/test_input.f90,integerdatamatrix,SUBROUTINE,558,0,False,5,12,438.86228838418543,14.130434782608695,6201.314944559142,344.5174969199523,0.14628742946139514
./models/01_CTSM/components/cdeps/fox/common/test/test_input.f90,stringdatascalar,SUBROUTINE,267,0,False,4,14,316.36241254975977,11.75,3717.258347459677,206.51435263664874,0.10545413751658658
./models/01_CTSM/components/cdeps/fox/common/test/test_input.f90,short_test,PROGRAM,1,0,False,1,172,6165.798600796156,51.57142857142857,317979.0421267732,17665.50234037629,2.0552662002653856
./models/01_CTSM/components/cdeps/fox/common/test/test_xml_namecheck_1.f90,test,PROGRAM,1,0,False,1,11,123.52361657053459,8.625,1065.3911929208607,59.18839960671448,0.04117453885684486
./models/01_CTSM/components/cdeps/fox/common/test/test_xml_namecheck_10.f90,test,PROGRAM,1,0,False,1,29,348.0,17.700000000000003,6159.600000000001,342.20000000000005,0.116
./models/01_CTSM/components/cdeps/fox/common/test/test_xml_namecheck_2.f90,test,PROGRAM,1,0,False,1,11,123.52361657053459,8.625,1065.3911929208607,59.18839960671448,0.04117453885684486
./models/01_CTSM/components/cdeps/fox/common/test/test_xml_namecheck_4.f90,test,PROGRAM,1,0,False,1,6,28.52932501298081,6.0,171.17595007788486,9.509775004326936,0.009509775004326936
./models/01_CTSM/components/cdeps/fox/common/test/test_xml_namecheck_5.f90,test,PROGRAM,1,0,False,1,15,168.44129532345625,11.625,1958.1300581351788,108.78500322973215,0.05614709844115208
./models/01_CTSM/components/cdeps/fox/common/test/test_xml_namecheck_6.f90,test,PROGRAM,1,0,False,1,4,38.77443751081734,3.0,116.32331253245204,6.462406251802891,0.012924812503605781
./models/01_CTSM/components/cdeps/fox/common/test/test_xml_namecheck_7.f90,test,PROGRAM,1,0,False,1,5,49.11428751370197,3.5,171.90000629795688,9.550000349886494,0.01637142917123399
./models/01_CTSM/components/cdeps/fox/common/test/test_xml_namecheck_8.f90,test,PROGRAM,1,0,False,1,49,550.2415647232904,37.125,20427.718090352155,1134.8732272417865,0.18341385490776346
./models/01_CTSM/components/cdeps/fox/common/test/test_xml_namecheck_9.f90,test,PROGRAM,1,0,False,1,27,303.19433158222125,20.625,6253.383088883314,347.41017160462854,0.10106477719407375
./models/01_CTSM/components/cdeps/fox/dom/m_dom_dom.F90,insertBefore,FUNCTION,1341,7,False,127,392,11226.43829327267,98.11290322580645,1101458.453838349,61192.13632435273,3.7421460977575562
./models/01_CTSM/components/cdeps/fox/dom/m_dom_dom.F90,replaceChild,FUNCTION,1851,7,False,125,388,11377.20446466955,98.74468085106382,1123438.4238410932,62413.24576894962,3.7924014882231836
./models/01_CTSM/components/cdeps/fox/dom/m_dom_dom.F90,appendChild,FUNCTION,2456,6,False,115,361,10334.306532718512,94.38333333333334,975386.2982464157,54188.127680356425,3.444768844239504
./models/01_CTSM/components/cdeps/fox/dom/m_dom_dom.F90,normalizeDocument,SUBROUTINE,11742,8,False,83,283,7956.121623118769,74.175,590145.3213948347,32785.851188601926,2.6520405410395895
./models/01_CTSM/components/cdeps/fox/dom/m_dom_dom.F90,importNode,FUNCTION,6912,1,False,63,206,6017.257515310835,51.2122641509434,308157.3813383478,17119.8545187971,2.0057525051036116
./models/01_CTSM/components/cdeps/fox/dom/m_dom_dom.F90,adoptNode,FUNCTION,8134,1,False,58,198,5119.130901387318,48.11538461538461,246308.95221675132,13683.830678708408,1.706376967129106
./models/01_CTSM/components/cdeps/fox/dom/m_dom_dom.F90,renameNode,FUNCTION,8459,2,False,50,151,4053.7660294753605,36.54705882352941,148153.22553606128,8230.734752003404,1.3512553431584535
./models/01_CTSM/components/cdeps/fox/dom/m_dom_dom.F90,cloneNode,FUNCTION,2948,1,False,46,161,4074.4469635157093,39.438202247191015,160688.86339258586,8927.15907736588,1.3581489878385697
./models/01_CTSM/components/cdeps/fox/dom/m_dom_dom.F90,getNodePath,FUNCTION,4336,10,False,43,135,3603.7518120297436,69.93,252010.36421524,14000.575789735556,1.2012506040099145
./models/01_CTSM/components/cdeps/fox/dom/m_dom_dom.F90,isEqualNode,FUNCTION,3594,4,False,39,131,3888.6200047014754,48.83802816901408,189912.53332820232,10550.69629601124,1.2962066682338251
./models/01_CTSM/components/cdeps/fox/dom/m_dom_dom.F90,getElementsByTagName,FUNCTION,6752,2,False,39,133,3509.8475195837877,41.12142857142857,144329.94407317045,8018.330226287248,1.169949173194596
./models/01_CTSM/components/cdeps/fox/dom/m_dom_dom.F90,createElementNS,FUNCTION,7172,1,False,39,121,3293.356508251377,27.65432098765432,91075.538005964,5059.752111442444,1.097785502750459
./models/01_CTSM/components/cdeps/fox/dom/m_dom_dom.F90,namespaceFixup,SUBROUTINE,12129,7,True,39,133,3801.2555239772755,48.69565217391305,185104.616819763,10283.589823320166,1.2670851746590919
./models/01_CTSM/components/cdeps/fox/dom/m_dom_dom.F90,setParameter,SUBROUTINE,503,1,True,38,95,2396.10523023082,42.84,102649.14806308833,5702.730447949351,0.7987017434102733
./models/01_CTSM/components/cdeps/fox/dom/m_dom_dom.F90,setNamedItemNS,FUNCTION,5301,1,False,38,100,2463.550174434247,33.054545454545455,81431.5312203902,4523.9739566883445,0.8211833914780823
./models/01_CTSM/components/cdeps/fox/dom/m_dom_dom.F90,setAttributeNS,SUBROUTINE,9621,0,False,38,96,2421.0667916932616,26.863636363636367,65038.65790412354,3613.258772451308,0.8070222638977539
./models/01_CTSM/components/cdeps/fox/dom/m_dom_dom.F90,setNamedItem,FUNCTION,4998,1,False,37,98,2330.7541582922745,32.60377358490566,75991.38085903869,4221.743381057705,0.7769180527640915
./models/01_CTSM/components/cdeps/fox/dom/m_dom_dom.F90,createDocument,FUNCTION,5672,0,False,36,106,2574.967016494087,28.31896551724138,72920.40214812997,4051.1334526738874,0.8583223388313623
./models/01_CTSM/components/cdeps/fox/dom/m_dom_dom.F90,setPrefix,SUBROUTINE,3434,0,False,35,94,2312.5892402029267,30.693877551020407,70982.33096459595,3943.4628313664416,0.7708630800676423
./models/01_CTSM/components/cdeps/fox/dom/m_dom_dom.F90,createAttributeNS,FUNCTION,7347,0,False,34,95,2306.1551698142557,25.044642857142858,57756.83260115168,3208.712922286204,0.7687183899380853
./models/01_CTSM/components/cdeps/fox/dom/m_dom_dom.F90,replaceData,SUBROUTINE,10797,0,False,32,89,2324.6044111727697,38.03921568627451,88426.12858186614,4912.562698992563,0.77486813705759
./models/01_CTSM/components/cdeps/fox/dom/m_dom_dom.F90,createEntityReference,FUNCTION,6594,1,False,31,90,2181.0345699452005,24.129032258064516,52626.25349416161,2923.680749675645,0.7270115233150668
./models/01_CTSM/components/cdeps/fox/dom/m_dom_dom.F90,getElementsByTagNameNS,FUNCTION,7462,2,False,30,116,3281.3516638966776,40.41666666666667,132621.29641582406,7367.849800879115,1.0937838879655593
./models/01_CTSM/components/cdeps/fox/dom/m_dom_dom.F90,insertData,SUBROUTINE,10628,0,False,30,78,1922.9502733751137,28.83673469387755,55451.60686283746,3080.6448257131924,0.6409834244583712
./models/01_CTSM/components/cdeps/fox/dom/m_dom_dom.F90,setData,SUBROUTINE,11375,0,False,29,78,1675.3825646064856,27.573170731707318,46195.609494820295,2566.422749712239,0.5584608548688286
./models/01_CTSM/components/cdeps/fox/dom/m_dom_dom.F90,appendData,SUBROUTINE,10540,0,False,26,68,1583.5068691292906,25.30681818181818,40073.52042671511,2226.306690373062,0.5278356230430968
./models/01_CTSM/components/cdeps/fox/dom/m_dom_dom.F90,setAttribute,SUBROUTINE,9221,0,False,25,65,1608.0,20.16,32417.28,1800.96,0.536
./models/01_CTSM/components/cdeps/fox/dom/m_dom_dom.F90,normalize,SUBROUTINE,3168,3,False,23,96,2368.8453123826725,37.01724137931034,87688.1187187172,4871.562151039845,0.7896151041275575
./models/01_CTSM/components/cdeps/fox/dom/m_dom_dom.F90,getBaseURI,FUNCTION,4248,3,False,23,79,1492.4902149688041,22.674418604651162,33841.34789754847,1880.074883197137,0.49749673832293473
./models/01_CTSM/components/cdeps/fox/dom/m_dom_dom.F90,createProcessingInstruction,FUNCTION,6464,0,False,22,62,1417.6537429460445,18.717391304347824,26534.77984079444,1474.1544355996912,0.4725512476486815
./models/01_CTSM/components/cdeps/fox/dom/m_dom_dom.F90,getElementById,FUNCTION,7609,1,False,22,86,1968.3642097238455,32.45283018867924,63878.989447641776,3548.83274709121,0.6561214032412819
./models/01_CTSM/components/cdeps/fox/dom/m_dom_dom.F90,setAttributeNode,FUNCTION,9417,0,False,22,60,1195.6155244815682,18.333333333333336,21919.617948828753,1217.7565527127085,0.3985385081605227
./models/01_CTSM/components/cdeps/fox/dom/m_dom_dom.F90,setAttributeNodeNS,FUNCTION,9860,0,False,22,60,1195.6155244815682,18.333333333333336,21919.617948828753,1217.7565527127085,0.3985385081605227
./models/01_CTSM/components/cdeps/fox/dom/m_dom_dom.F90,removeChild,FUNCTION,2360,1,False,21,75,2129.197305850678,35.13725490196079,74814.14847224343,4156.341581791301,0.7097324352835592
./models/01_CTSM/components/cdeps/fox/dom/m_dom_dom.F90,getTextContent,FUNCTION,4068,1,False,21,87,2055.3290640231826,34.81481481481482,71555.90074747377,3975.3278193040987,0.6851096880077275
./models/01_CTSM/components/cdeps/fox/dom/m_dom_dom.F90,removeNamedItem,FUNCTION,5121,3,False,21,74,2074.4927020261302,22.893333333333334,47492.05292505155,2638.447384725086,0.6914975673420434
./models/01_CTSM/components/cdeps/fox/dom/m_dom_dom.F90,createDocumentType,FUNCTION,5589,0,False,21,68,1595.9337395744778,17.294117647058822,27600.265849111558,1533.34810272842,0.5319779131914926
./models/01_CTSM/components/cdeps/fox/dom/m_dom_dom.F90,destroyDocument,SUBROUTINE,5818,2,False,21,52,1259.7971777091814,17.84146341463415,22476.625255957715,1248.701403108762,0.41993239256972714
./models/01_CTSM/components/cdeps/fox/dom/m_dom_dom.F90,removeAttribute,SUBROUTINE,9306,0,False,21,58,1242.773953320327,16.77906976744186,20852.590867921303,1158.4772704400723,0.41425798444010903
./models/01_CTSM/components/cdeps/fox/dom/m_dom_dom.F90,removeAttributeNS,SUBROUTINE,9746,0,False,21,59,1300.7344731587373,17.43181818181818,22674.16683892617,1259.6759354958983,0.4335781577195791
./models/01_CTSM/components/cdeps/fox/dom/m_dom_dom.F90,splitText,FUNCTION,11184,0,False,21,60,1470.6607623404605,19.358695652173914,28470.074105743046,1581.6707836523915,0.4902202541134868
./models/01_CTSM/components/cdeps/fox/dom/m_dom_dom.F90,setTextContent,SUBROUTINE,4177,1,False,20,62,1442.229122219044,15.779661016949154,22757.886657388644,1264.3270365215913,0.4807430407396813
./models/01_CTSM/components/cdeps/fox/dom/m_dom_dom.F90,removeNamedItemNS,FUNCTION,5428,3,False,20,71,2079.4525019323537,21.194805194805195,44073.59069030651,2448.5328161281395,0.6931508339774513
./models/01_CTSM/components/cdeps/fox/dom/m_dom_dom.F90,deleteData,SUBROUTINE,10727,0,False,19,55,1312.4002531870667,23.414634146341463,30729.371781941074,1707.1873212189485,0.43746675106235555
./models/01_CTSM/components/cdeps/fox/dom/m_dom_dom.F90,createComment,FUNCTION,6340,0,False,18,52,1149.0793327904541,16.6046511627907,19080.061479357773,1060.0034155198764,0.3830264442634847
./models/01_CTSM/components/cdeps/fox/dom/m_dom_dom.F90,createCdataSection,FUNCTION,6402,0,False,18,52,1149.0793327904541,16.6046511627907,19080.061479357773,1060.0034155198764,0.3830264442634847
./models/01_CTSM/components/cdeps/fox/dom/m_dom_dom.F90,setDocumentElement,SUBROUTINE,6084,0,False,17,44,844.9163296644172,15.685185185185183,13252.669096773356,736.2593942651864,0.28163877655480574
./models/01_CTSM/components/cdeps/fox/dom/m_dom_dom.F90,createElement,FUNCTION,6142,1,False,17,65,1666.4416433958024,16.464788732394368,27437.60959337596,1524.3116440764422,0.5554805477986008
./models/01_CTSM/components/cdeps/fox/dom/m_dom_dom.F90,lookupNamespaceURI_len,FUNCTION,3834,3,False,15,41,1224.0067460171153,29.400000000000002,35985.79833290319,1999.2110184946218,0.4080022486723718
./models/01_CTSM/components/cdeps/fox/dom/m_dom_dom.F90,lookupPrefix_len,FUNCTION,3934,3,False,15,40,1224.0067460171153,29.200000000000003,35740.99698369977,1985.6109435388762,0.4080022486723718
./models/01_CTSM/components/cdeps/fox/dom/m_dom_dom.F90,setReadOnlyNode,SUBROUTINE,4646,1,False,15,65,1413.7090500989907,29.797297297297295,42124.70885767938,2340.26160320441,0.4712363500329969
./models/01_CTSM/components/cdeps/fox/dom/m_dom_dom.F90,destroyAllNodesRecursively,SUBROUTINE,862,1,False,14,67,1494.5032739071055,28.522222222222222,42626.55449021711,2368.141916123173,0.4981677579690352
./models/01_CTSM/components/cdeps/fox/dom/m_dom_dom.F90,createTextNode,FUNCTION,6288,0,False,14,43,939.3789545483646,14.4625,13585.768130155724,754.7648961197624,0.3131263181827882
./models/01_CTSM/components/cdeps/fox/dom/m_dom_dom.F90,createAttribute,FUNCTION,6537,0,False,14,47,1070.6410349838552,15.119565217391305,16187.626952853725,899.3126084918736,0.3568803449946184
./models/01_CTSM/components/cdeps/fox/dom/m_dom_dom.F90,createEmptyEntityReference,FUNCTION,6702,0,False,14,42,906.3699151844336,14.166666666666666,12840.240465112809,713.3466925062671,0.3021233050614779
./models/01_CTSM/components/cdeps/fox/dom/m_dom_dom.F90,setXmlVersion,SUBROUTINE,7826,0,False,14,39,759.6770656582937,14.516666666666667,11027.978736472898,612.6654853596054,0.25322568855276456
./models/01_CTSM/components/cdeps/fox/dom/m_dom_dom.F90,subStringData,FUNCTION,10490,0,False,14,41,966.498460191909,16.114285714285714,15574.432329949619,865.2462405527566,0.322166153397303
./models/01_CTSM/components/cdeps/fox/dom/m_dom_dom.F90,removeAttributeNode,FUNCTION,9493,0,False,13,37,729.3855062029903,12.586206896551724,9180.196888416947,510.01093824538594,0.24312850206766343
./models/01_CTSM/components/cdeps/fox/dom/m_dom_dom.F90,removeAttributeNodeNS,FUNCTION,9936,0,False,13,37,745.0699332842307,12.5,9313.374166052885,517.409675891827,0.24835664442807692
./models/01_CTSM/components/cdeps/fox/dom/m_dom_dom.F90,setNodeValue,SUBROUTINE,1049,0,False,12,33,670.0060777522203,11.818181818181818,7918.253646162604,439.9029803423669,0.2233353592507401
./models/01_CTSM/components/cdeps/fox/dom/m_dom_dom.F90,lookupNamespaceURI,FUNCTION,3883,1,False,12,40,962.8231670841885,17.333333333333332,16688.934896125935,927.1630497847741,0.3209410556947295
./models/01_CTSM/components/cdeps/fox/dom/m_dom_dom.F90,lookupPrefix,FUNCTION,3984,1,False,12,40,962.8231670841885,17.333333333333332,16688.934896125935,927.1630497847741,0.3209410556947295
./models/01_CTSM/components/cdeps/fox/dom/m_dom_dom.F90,putNodesInDocument,SUBROUTINE,4499,1,False,12,58,1207.785224611791,29.176470588235293,35238.91008279107,1957.7172268217264,0.402595074870597
./models/01_CTSM/components/cdeps/fox/dom/m_dom_dom.F90,removeNodesFromDocument,SUBROUTINE,4573,1,False,12,58,1207.785224611791,29.176470588235293,35238.91008279107,1957.7172268217264,0.402595074870597
./models/01_CTSM/components/cdeps/fox/dom/m_dom_dom.F90,getAttribute,FUNCTION,9171,1,False,12,38,921.5966222380291,18.146341463414632,16723.60699866082,929.0892777033789,0.30719887407934304
./models/01_CTSM/components/cdeps/fox/dom/m_dom_dom.F90,getAttributeNS,FUNCTION,9568,1,False,12,39,1147.115394625559,24.69047619047619,28322.825338731065,1573.4902965961703,0.3823717982085197
./models/01_CTSM/components/cdeps/fox/dom/m_dom_dom.F90,appendNSNode,SUBROUTINE,11682,1,False,12,46,1099.8195059239847,19.23404255319149,21153.97517777196,1175.2208432095533,0.36660650197466155
./models/01_CTSM/components/cdeps/fox/dom/m_dom_dom.F90,destroyElementOrAttribute,SUBROUTINE,766,1,False,11,24,748.3849750966349,14.567567567567568,10902.148691272601,605.6749272929223,0.24946165836554496
./models/01_CTSM/components/cdeps/fox/dom/m_dom_dom.F90,destroyDocumentType,SUBROUTINE,823,2,False,11,30,764.3204266092216,14.411764705882353,11015.206148191723,611.9558971217624,0.2547734755364072
./models/01_CTSM/components/cdeps/fox/dom/m_dom_dom.F90,isDefaultNamespace,FUNCTION,3792,1,False,11,36,842.1647019339299,14.673913043478262,12357.851604465277,686.547311359182,0.28072156731131
./models/01_CTSM/components/cdeps/fox/dom/m_dom_dom.F90,getXmlVersion,FUNCTION,7786,0,False,11,32,640.2992410548476,12.783333333333333,8185.158631484468,454.73103508247044,0.21343308035161587
./models/01_CTSM/components/cdeps/fox/dom/m_dom_dom.F90,hasAttribute,FUNCTION,9987,1,False,11,36,774.7022016123044,15.384615384615385,11918.495409420068,662.1386338566704,0.25823406720410147
./models/01_CTSM/components/cdeps/fox/dom/m_dom_dom.F90,hasAttributeNS,FUNCTION,10032,1,False,11,37,861.1232062837531,17.414634146341463,14996.14559235609,833.1191995753384,0.287041068761251
./models/01_CTSM/components/cdeps/fox/dom/m_dom_dom.F90,setnamespaceURI,SUBROUTINE,3351,0,False,10,27,576.9779642373273,13.224137931034482,7630.036182241897,423.89089901343874,0.1923259880791091
./models/01_CTSM/components/cdeps/fox/dom/m_dom_dom.F90,getImplementation,FUNCTION,6044,0,False,10,30,556.28031642502,11.407407407407407,6345.716202181709,352.539789010095,0.18542677214167336
./models/01_CTSM/components/cdeps/fox/dom/m_dom_dom.F90,createDocumentFragment,FUNCTION,6249,0,False,10,32,633.2940677619265,12.0,7599.528813143118,422.19604517461767,0.21109802258730884
./models/01_CTSM/components/cdeps/fox/dom/m_dom_dom.F90,getXmlEncoding,FUNCTION,7884,0,False,10,30,640.2992410548476,11.34375,7263.394515715927,403.5219175397737,0.21343308035161587
./models/01_CTSM/components/cdeps/fox/dom/m_dom_dom.F90,getInputEncoding,FUNCTION,7934,0,False,10,30,640.2992410548476,11.34375,7263.394515715927,403.5219175397737,0.21343308035161587
./models/01_CTSM/components/cdeps/fox/dom/m_dom_dom.F90,setdocumentURI,SUBROUTINE,8026,0,False,10,27,596.8891230172308,13.433333333333335,8018.210552531467,445.45614180730377,0.19896304100574358
./models/01_CTSM/components/cdeps/fox/dom/m_dom_dom.F90,createEntity,FUNCTION,8686,0,False,10,40,982.8311512991922,16.55952380952381,16275.215850680672,904.1786583711485,0.3276103837663974
./models/01_CTSM/components/cdeps/fox/dom/m_dom_dom.F90,createNotation,FUNCTION,8734,0,False,10,38,897.762450337501,15.21951219512195,13663.506561234162,759.0836978463424,0.29925415011250034
./models/01_CTSM/components/cdeps/fox/dom/m_dom_dom.F90,getInternalSubset,FUNCTION,9054,0,False,10,31,659.022371559561,12.181818181818182,8028.090708089197,446.0050393382887,0.219674123853187
./models/01_CTSM/components/cdeps/fox/dom/m_dom_dom.F90,setstringValue,SUBROUTINE,11089,0,False,10,27,557.1854084802807,13.0,7243.410310243648,402.4116839024249,0.1857284694934269
./models/01_CTSM/components/cdeps/fox/dom/m_dom_dom.F90,setownerDocument,SUBROUTINE,1305,0,False,9,26,487.2818866097718,11.458333333333334,5583.438284070302,310.19101578168346,0.1624272955365906
./models/01_CTSM/components/cdeps/fox/dom/m_dom_dom.F90,getdocType,FUNCTION,5903,0,False,9,26,505.31697646600816,11.0,5558.486741126089,308.8048189514494,0.16843899215533606
./models/01_CTSM/components/cdeps/fox/dom/m_dom_dom.F90,setDocType,SUBROUTINE,5939,0,False,9,27,502.6697356606067,10.600000000000001,5328.299198002432,296.0166221112462,0.16755657855353556
./models/01_CTSM/components/cdeps/fox/dom/m_dom_dom.F90,getdocumentElement,FUNCTION,5973,0,False,9,26,505.31697646600816,11.0,5558.486741126089,308.8048189514494,0.16843899215533606
./models/01_CTSM/components/cdeps/fox/dom/m_dom_dom.F90,setXds,SUBROUTINE,6009,0,False,9,28,532.5022751485582,11.153846153846153,5939.448453580071,329.9693585322262,0.17750075838285273
./models/01_CTSM/components/cdeps/fox/dom/m_dom_dom.F90,getxmlStandalone,FUNCTION,7714,0,False,9,26,507.3986130107759,10.017857142857142,5083.046819625808,282.39148997921154,0.16913287100359195
./models/01_CTSM/components/cdeps/fox/dom/m_dom_dom.F90,setxmlStandalone,SUBROUTINE,7749,0,False,9,26,498.5531137771406,10.185185185185185,5077.855788470876,282.1030993594931,0.16618437125904686
./models/01_CTSM/components/cdeps/fox/dom/m_dom_dom.F90,getdocumentURI,FUNCTION,7987,0,False,9,27,593.1549165056637,11.17741935483871,6629.941244168144,368.33006912045244,0.19771830550188788
./models/01_CTSM/components/cdeps/fox/dom/m_dom_dom.F90,getstrictErrorChecking,FUNCTION,8063,0,False,9,26,498.5531137771406,10.185185185185185,5077.855788470876,282.1030993594931,0.16618437125904686
./models/01_CTSM/components/cdeps/fox/dom/m_dom_dom.F90,setstrictErrorChecking,SUBROUTINE,8098,0,False,9,26,489.6886163691213,10.365384615384615,5075.810850441469,281.9894916911927,0.16322953878970708
./models/01_CTSM/components/cdeps/fox/dom/m_dom_dom.F90,getdomConfig,FUNCTION,8387,0,False,9,26,509.04896880402777,10.592592592592592,5392.148336220442,299.5637964566912,0.1696829896013426
./models/01_CTSM/components/cdeps/fox/dom/m_dom_dom.F90,setdomConfig,SUBROUTINE,8422,0,False,9,26,500.10752310037924,10.788461538461538,5395.390778063706,299.74393211465036,0.1667025077001264
./models/01_CTSM/components/cdeps/fox/dom/m_dom_dom.F90,createNamespaceNode,FUNCTION,8646,0,False,9,33,765.1398625987983,14.333333333333332,10967.004697249442,609.2780387360801,0.2550466208662661
./models/01_CTSM/components/cdeps/fox/dom/m_dom_dom.F90,getGCstate,FUNCTION,8823,0,False,9,26,507.3986130107759,10.017857142857142,5083.046819625808,282.39148997921154,0.16913287100359195
./models/01_CTSM/components/cdeps/fox/dom/m_dom_dom.F90,setGCstate,SUBROUTINE,8858,0,False,9,26,498.5531137771406,10.185185185185185,5077.855788470876,282.1030993594931,0.16618437125904686
./models/01_CTSM/components/cdeps/fox/dom/m_dom_dom.F90,getliveNodeLists,FUNCTION,8894,0,False,9,26,498.5531137771406,10.185185185185185,5077.855788470876,282.1030993594931,0.16618437125904686
./models/01_CTSM/components/cdeps/fox/dom/m_dom_dom.F90,setliveNodeLists,SUBROUTINE,8929,0,False,9,26,489.6886163691213,10.365384615384615,5075.810850441469,281.9894916911927,0.16322953878970708
./models/01_CTSM/components/cdeps/fox/dom/m_dom_dom.F90,getEntities,FUNCTION,8969,0,False,9,26,491.14287513701964,9.807692307692307,4816.978198459231,267.6098999144017,0.1637142917123399
./models/01_CTSM/components/cdeps/fox/dom/m_dom_dom.F90,getNotations,FUNCTION,9001,0,False,9,26,491.14287513701964,9.807692307692307,4816.978198459231,267.6098999144017,0.1637142917123399
./models/01_CTSM/components/cdeps/fox/dom/m_dom_dom.F90,gettagName,FUNCTION,9110,0,False,9,27,574.7682342478352,11.568965517241379,6649.47388241892,369.41521568994,0.19158941141594504
./models/01_CTSM/components/cdeps/fox/dom/m_dom_dom.F90,getAttributeNode,FUNCTION,9382,0,False,9,27,557.1854084802807,12.0,6686.224901763368,371.45693898685374,0.1857284694934269
./models/01_CTSM/components/cdeps/fox/dom/m_dom_dom.F90,getAttributeNodeNS,FUNCTION,9824,0,False,9,29,629.4467115454433,12.96774193548387,8162.502517460265,453.4723620811258,0.2098155705151478
./models/01_CTSM/components/cdeps/fox/dom/m_dom_dom.F90,setIdAttribute,SUBROUTINE,10078,0,False,9,30,574.7682342478352,11.75862068965517,6758.481650983164,375.47120283239803,0.19158941141594504
./models/01_CTSM/components/cdeps/fox/dom/m_dom_dom.F90,setIdAttributeNS,SUBROUTINE,10115,0,False,9,31,626.8335845403158,12.649999999999999,7929.444844434994,440.5247135797219,0.20894452818010525
./models/01_CTSM/components/cdeps/fox/dom/m_dom_dom.F90,setIdAttributeNode,SUBROUTINE,10153,0,False,9,26,497.54045264366175,9.51923076923077,4736.20238574255,263.122354763475,0.16584681754788724
./models/01_CTSM/components/cdeps/fox/dom/m_dom_dom.F90,getspecified,FUNCTION,10194,0,False,9,26,498.5531137771406,10.185185185185185,5077.855788470876,282.1030993594931,0.16618437125904686
./models/01_CTSM/components/cdeps/fox/dom/m_dom_dom.F90,setspecified,SUBROUTINE,10230,0,False,9,26,489.6886163691213,10.365384615384615,5075.810850441469,281.9894916911927,0.16322953878970708
./models/01_CTSM/components/cdeps/fox/dom/m_dom_dom.F90,getisId_DOM,FUNCTION,10266,0,False,9,26,498.5531137771406,10.185185185185185,5077.855788470876,282.1030993594931,0.16618437125904686
./models/01_CTSM/components/cdeps/fox/dom/m_dom_dom.F90,setisId_DOM,SUBROUTINE,10302,0,False,9,26,489.6886163691213,10.365384615384615,5075.810850441469,281.9894916911927,0.16322953878970708
./models/01_CTSM/components/cdeps/fox/dom/m_dom_dom.F90,getownerElement,FUNCTION,10338,0,False,9,26,505.31697646600816,11.0,5558.486741126089,308.8048189514494,0.16843899215533606
./models/01_CTSM/components/cdeps/fox/dom/m_dom_dom.F90,getValue_DOM,FUNCTION,10374,0,False,9,27,556.28031642502,10.714285714285714,5960.1462474109285,331.1192359672738,0.18542677214167336
./models/01_CTSM/components/cdeps/fox/dom/m_dom_dom.F90,setValue,SUBROUTINE,10411,0,False,9,26,505.31697646600816,10.788461538461538,5451.592765335204,302.86626474084466,0.16843899215533606
./models/01_CTSM/components/cdeps/fox/dom/m_dom_dom.F90,getLength_characterdata,FUNCTION,10456,0,False,9,26,477.0233205758819,8.48076923076923,4045.5246994993054,224.75137219440586,0.15900777352529397
./models/01_CTSM/components/cdeps/fox/dom/m_dom_dom.F90,getnotationName,FUNCTION,10923,0,False,9,27,583.9731685033711,11.366666666666667,6637.828348654985,368.76824159194365,0.19465772283445704
./models/01_CTSM/components/cdeps/fox/dom/m_dom_dom.F90,getillFormed,FUNCTION,10965,0,False,9,26,498.5531137771406,10.185185185185185,5077.855788470876,282.1030993594931,0.16618437125904686
./models/01_CTSM/components/cdeps/fox/dom/m_dom_dom.F90,setillFormed,SUBROUTINE,11000,0,False,9,26,489.6886163691213,10.365384615384615,5075.810850441469,281.9894916911927,0.16322953878970708
./models/01_CTSM/components/cdeps/fox/dom/m_dom_dom.F90,getstringValue,FUNCTION,11050,0,False,9,27,574.7682342478352,11.568965517241379,6649.47388241892,369.41521568994,0.19158941141594504
./models/01_CTSM/components/cdeps/fox/dom/m_dom_dom.F90,getTarget,FUNCTION,11142,0,False,9,27,574.7682342478352,11.568965517241379,6649.47388241892,369.41521568994,0.19158941141594504
./models/01_CTSM/components/cdeps/fox/dom/m_dom_dom.F90,getisElementContentWhitespace,FUNCTION,11255,0,False,9,26,519.544823830915,10.592592592592592,5503.326652431173,305.7403695795096,0.17318160794363832
./models/01_CTSM/components/cdeps/fox/dom/m_dom_dom.F90,getdata,FUNCTION,11332,0,False,9,27,667.430564828358,12.03125,8030.023983091182,446.1124435050657,0.222476854942786
./models/01_CTSM/components/cdeps/fox/dom/m_dom_dom.F90,getname,FUNCTION,11487,0,False,9,27,605.4033765218435,11.733333333333333,7103.399617856297,394.6333121031276,0.20180112550728116
./models/01_CTSM/components/cdeps/fox/dom/m_dom_dom.F90,getpublicId,FUNCTION,11544,0,False,9,27,645.7255058095496,11.6875,7546.916849149112,419.27315828606174,0.21524183526984988
./models/01_CTSM/components/cdeps/fox/dom/m_dom_dom.F90,getsystemId,FUNCTION,11602,0,False,9,27,645.7255058095496,11.6875,7546.916849149112,419.27315828606174,0.21524183526984988
./models/01_CTSM/components/cdeps/fox/dom/m_dom_dom.F90,getnamespaceNodes,FUNCTION,11646,0,False,9,26,509.04896880402777,10.592592592592592,5392.148336220442,299.5637964566912,0.1696829896013426
./models/01_CTSM/components/cdeps/fox/dom/m_dom_dom.F90,getParameter,FUNCTION,614,1,False,8,28,761.9205856195878,17.142857142857142,13061.495753478646,725.6386529710359,0.2539735285398626
./models/01_CTSM/components/cdeps/fox/dom/m_dom_dom.F90,destroyEntityOrNotation,SUBROUTINE,798,0,False,8,18,441.1183394572671,10.211538461538462,4504.496889457862,250.24982719210345,0.1470394464857557
./models/01_CTSM/components/cdeps/fox/dom/m_dom_dom.F90,getNodeValue,FUNCTION,1017,0,False,8,24,510.74233795865973,9.544117647058824,4874.584960811327,270.81027560062927,0.1702474459862199
./models/01_CTSM/components/cdeps/fox/dom/m_dom_dom.F90,getNamedItemNS,FUNCTION,5265,1,False,8,28,682.2004461959099,15.881578947368421,10834.420244190305,601.9122357883502,0.22740014873196995
./models/01_CTSM/components/cdeps/fox/dom/m_dom_dom.F90,pop_nl,FUNCTION,4805,1,False,7,30,680.9897839448797,17.265625,11757.714238423314,653.2063465790729,0.22699659464829325
./models/01_CTSM/components/cdeps/fox/dom/m_dom_dom.F90,remove_nl,FUNCTION,4843,2,False,7,29,722.0965507180929,17.39705882352941,12562.35616911035,697.908676061686,0.2406988502393643
./models/01_CTSM/components/cdeps/fox/dom/m_dom_dom.F90,updateNodeLists,SUBROUTINE,4924,1,False,7,22,550.0163771234336,10.363636363636365,5700.169726551949,316.6760959195527,0.18333879237447787
./models/01_CTSM/components/cdeps/fox/dom/m_dom_dom.F90,getNamedItem,FUNCTION,4966,1,False,7,24,533.2405297610533,11.470588235294118,6116.5825472591405,339.8101415143967,0.17774684325368442
./models/01_CTSM/components/cdeps/fox/dom/m_dom_dom.F90,resetParameter,SUBROUTINE,483,1,False,6,18,401.1279091534292,12.0,4813.53490984115,267.4186061022861,0.13370930305114306
./models/01_CTSM/components/cdeps/fox/dom/m_dom_dom.F90,destroyNode,SUBROUTINE,745,0,False,6,17,310.33523331627066,5.703703703703703,1770.0602196557659,98.33667886976477,0.10344507777209022
./models/01_CTSM/components/cdeps/fox/dom/m_dom_dom.F90,getAttributes,FUNCTION,1257,0,False,6,20,380.29009569091335,9.096153846153845,3459.177216573115,192.1765120318397,0.12676336523030446
./models/01_CTSM/components/cdeps/fox/dom/m_dom_dom.F90,getOwnerDocument,FUNCTION,1281,0,False,6,20,369.3083772200376,9.625,3554.593130742862,197.4773961523812,0.12310279240667919
./models/01_CTSM/components/cdeps/fox/dom/m_dom_dom.F90,hasAttributes,FUNCTION,3139,0,False,6,20,369.87118895965546,9.600000000000001,3550.763414012693,197.26463411181626,0.12329039631988516
./models/01_CTSM/components/cdeps/fox/dom/m_dom_dom.F90,getNamespaceURI,FUNCTION,3322,0,False,6,20,498.2523364294818,9.354838709677418,4661.070244017732,258.948346889874,0.1660841121431606
./models/01_CTSM/components/cdeps/fox/dom/m_dom_dom.F90,getPrefix,FUNCTION,3404,0,False,6,20,498.2523364294818,9.354838709677418,4661.070244017732,258.948346889874,0.1660841121431606
./models/01_CTSM/components/cdeps/fox/dom/m_dom_dom.F90,getLocalName,FUNCTION,3564,0,False,6,20,498.2523364294818,9.354838709677418,4661.070244017732,258.948346889874,0.1660841121431606
./models/01_CTSM/components/cdeps/fox/dom/m_dom_dom.F90,item_nl,FUNCTION,4755,0,False,6,21,461.23250414967833,11.266666666666667,5196.552880086377,288.6973822270209,0.15374416804989277
./models/01_CTSM/components/cdeps/fox/dom/m_dom_dom.F90,item_nnm,FUNCTION,5217,0,False,6,21,472.0850336590825,11.483333333333333,5421.109803185131,301.1727668436184,0.15736167788636085
./models/01_CTSM/components/cdeps/fox/dom/m_dom_dom.F90,hasFeature,FUNCTION,5562,0,False,6,22,505.5831690142995,11.571428571428571,5850.319527165465,325.0177515091925,0.16852772300476648
./models/01_CTSM/components/cdeps/fox/dom/m_dom_dom.F90,canSetParameter_log,FUNCTION,658,1,False,5,23,466.1070244017733,9.354838709677418,4360.3560347262655,242.24200192923698,0.15536900813392443
./models/01_CTSM/components/cdeps/fox/dom/m_dom_dom.F90,getnodeName,FUNCTION,972,0,False,5,17,369.3083772200376,8.134615384615385,3004.1816070014597,166.89897816674775,0.12310279240667919
./models/01_CTSM/components/cdeps/fox/dom/m_dom_dom.F90,getnodeType,FUNCTION,1089,0,False,5,16,287.34338600243876,7.159090909090908,2057.117422517459,114.28430125096995,0.09578112866747959
./models/01_CTSM/components/cdeps/fox/dom/m_dom_dom.F90,getparentNode,FUNCTION,1113,0,False,5,16,294.41343573651113,7.928571428571429,2334.2779547680525,129.68210859822514,0.09813781191217037
./models/01_CTSM/components/cdeps/fox/dom/m_dom_dom.F90,getchildNodes,FUNCTION,1137,0,False,5,16,297.2517786232125,7.568181818181818,2249.6555063984038,124.98086146657799,0.0990839262077375
./models/01_CTSM/components/cdeps/fox/dom/m_dom_dom.F90,getfirstChild,FUNCTION,1161,0,False,5,16,294.41343573651113,7.928571428571429,2334.2779547680525,129.68210859822514,0.09813781191217037
./models/01_CTSM/components/cdeps/fox/dom/m_dom_dom.F90,getlastChild,FUNCTION,1185,0,False,5,16,294.41343573651113,7.928571428571429,2334.2779547680525,129.68210859822514,0.09813781191217037
./models/01_CTSM/components/cdeps/fox/dom/m_dom_dom.F90,getpreviousSibling,FUNCTION,1209,0,False,5,16,294.41343573651113,7.928571428571429,2334.2779547680525,129.68210859822514,0.09813781191217037
./models/01_CTSM/components/cdeps/fox/dom/m_dom_dom.F90,getnextSibling,FUNCTION,1233,0,False,5,16,294.41343573651113,7.928571428571429,2334.2779547680525,129.68210859822514,0.09813781191217037
./models/01_CTSM/components/cdeps/fox/dom/m_dom_dom.F90,hasChildNodes,FUNCTION,2927,0,False,5,16,276.9049167222716,7.6499999999999995,2118.3226129253776,117.68458960696542,0.09230163890742386
./models/01_CTSM/components/cdeps/fox/dom/m_dom_dom.F90,isSupported,FUNCTION,3284,0,False,5,18,412.2613730712554,8.793103448275861,3625.056901143797,201.39205006354427,0.13742045769041847
./models/01_CTSM/components/cdeps/fox/dom/m_dom_dom.F90,isSameNode,FUNCTION,3761,0,False,5,17,320.62674567841975,9.225,2957.781728883422,164.3212071601901,0.10687558189280659
./models/01_CTSM/components/cdeps/fox/dom/m_dom_dom.F90,updateTextContentLength,SUBROUTINE,4038,1,False,5,15,278.826585479341,10.555555555555555,2943.169513393044,163.50941741072467,0.09294219515978033
./models/01_CTSM/components/cdeps/fox/dom/m_dom_dom.F90,getreadonly,FUNCTION,4729,0,False,5,16,287.34338600243876,7.159090909090908,2057.117422517459,114.28430125096995,0.09578112866747959
./models/01_CTSM/components/cdeps/fox/dom/m_dom_dom.F90,getLength_nl,FUNCTION,4894,0,False,5,16,295.0,7.043478260869565,2077.826086956522,115.43478260869567,0.09833333333333333
./models/01_CTSM/components/cdeps/fox/dom/m_dom_dom.F90,destroyNodeList,SUBROUTINE,4914,0,False,5,8,152.29419688230416,2.9166666666666665,444.1914075733871,24.677300420743727,0.05076473229410139
./models/01_CTSM/components/cdeps/fox/dom/m_dom_dom.F90,getLength_nnm,FUNCTION,5243,0,False,5,16,287.34338600243876,7.159090909090908,2057.117422517459,114.28430125096995,0.09578112866747959
./models/01_CTSM/components/cdeps/fox/dom/m_dom_dom.F90,getXmlVersionEnum,FUNCTION,8780,0,False,5,16,302.6636471615072,6.9375,2099.729052182956,116.65161401016422,0.10088788238716906
./models/01_CTSM/components/cdeps/fox/dom/m_dom_dom.F90,getXds,FUNCTION,8801,0,False,5,16,302.20597493359935,7.7727272727272725,2348.9646233475223,130.49803463041792,0.10073532497786646
./models/01_CTSM/components/cdeps/fox/dom/m_dom_dom.F90,getAttribute_len,FUNCTION,9150,1,False,5,16,423.2466083648286,10.633333333333333,4500.522268946011,250.02901494144504,0.1410822027882762
./models/01_CTSM/components/cdeps/fox/dom/m_dom_dom.F90,getAttributesNS_len,FUNCTION,9544,1,False,5,17,622.3752045246518,17.82258064516129,11092.332274189359,616.2406818994089,0.2074584015082173
./models/01_CTSM/components/cdeps/fox/dom/m_dom_dom.F90,getNodeValue_len,FUNCTION,1000,0,False,4,13,252.6640118297306,5.541666666666666,1400.1797322230902,77.78776290128279,0.08422133727657687
./models/01_CTSM/components/cdeps/fox/dom/m_dom_dom.F90,append_nnm,SUBROUTINE,5520,1,False,4,21,498.5713584425332,16.041666666666668,7997.915541682304,444.3286412045725,0.16619045281417774
./models/01_CTSM/components/cdeps/fox/dom/m_dom_dom.F90,getInternalSubset_len,FUNCTION,9039,0,False,4,13,246.1243780580604,3.619047619047619,890.7358444005995,49.48532468892219,0.0820414593526868
./models/01_CTSM/components/cdeps/fox/dom/m_dom_dom.F90,destroyNodeContents,SUBROUTINE,948,0,False,3,6,113.29982727264704,2.0,226.59965454529407,12.588869696960781,0.03776660909088234
./models/01_CTSM/components/cdeps/fox/dom/m_dom_dom.F90,getNamespaceURI_len,FUNCTION,3306,0,False,3,11,252.0090376146638,5.285714285714286,1332.0477702489372,74.00265390271873,0.08400301253822128
./models/01_CTSM/components/cdeps/fox/dom/m_dom_dom.F90,getPrefix_len,FUNCTION,3388,0,False,3,11,252.0090376146638,5.285714285714286,1332.0477702489372,74.00265390271873,0.08400301253822128
./models/01_CTSM/components/cdeps/fox/dom/m_dom_dom.F90,getLocalName_len,FUNCTION,3548,0,False,3,11,252.0090376146638,5.285714285714286,1332.0477702489372,74.00265390271873,0.08400301253822128
./models/01_CTSM/components/cdeps/fox/dom/m_dom_dom.F90,append_nl,SUBROUTINE,4781,1,False,3,20,435.969275314045,14.318181818181817,6242.2873510874615,346.79374172708117,0.14532309177134833
./models/01_CTSM/components/cdeps/fox/dom/m_dom_dom.F90,remove_node_nl,SUBROUTINE,4880,1,False,3,9,178.8135375281251,5.166666666666667,923.8699438953131,51.32610799418406,0.059604512509375034
./models/01_CTSM/components/cdeps/fox/dom/m_dom_dom.F90,getXmlEncoding_len,FUNCTION,7873,0,False,3,8,185.44061258437526,4.428571428571429,821.2369985879476,45.62427769933042,0.06181353752812509
./models/01_CTSM/components/cdeps/fox/dom/m_dom_dom.F90,getInputEncoding_len,FUNCTION,7923,0,False,3,8,185.44061258437526,4.428571428571429,821.2369985879476,45.62427769933042,0.06181353752812509
./models/01_CTSM/components/cdeps/fox/dom/m_dom_dom.F90,getnodeName_len,FUNCTION,961,0,False,2,10,153.73110979725664,4.21875,648.5531194571764,36.030728858732026,0.05124370326575221
./models/01_CTSM/components/cdeps/fox/dom/m_dom_dom.F90,getTextContent_len,FUNCTION,4056,0,False,2,10,146.94555522617034,4.333333333333334,636.7640726467382,35.375781813707675,0.048981851742056784
./models/01_CTSM/components/cdeps/fox/dom/m_dom_dom.F90,destroyNamedNodeMap,SUBROUTINE,5553,0,False,2,5,65.72920075410865,1.8888888888888888,124.15515697998299,6.897508721110166,0.02190973358470288
./models/01_CTSM/components/cdeps/fox/dom/m_dom_dom.F90,createEmptyElement,FUNCTION,6222,0,False,2,21,543.6934565366378,9.08108108108108,4937.32436206244,274.29579789235777,0.18123115217887925
./models/01_CTSM/components/cdeps/fox/dom/m_dom_dom.F90,createEmptyElementNS,FUNCTION,7322,0,False,2,19,527.6859409093755,8.102564102564102,4275.609162240068,237.53384234667044,0.1758953136364585
./models/01_CTSM/components/cdeps/fox/dom/m_dom_dom.F90,getdocumentURI_len,FUNCTION,7974,0,False,2,10,213.75116378561316,6.285714285714286,1343.5787437952827,74.64326354418237,0.07125038792853772
./models/01_CTSM/components/cdeps/fox/dom/m_dom_dom.F90,gettagName_len,FUNCTION,9097,0,False,2,10,199.70527509086565,6.526315789473684,1303.3396900667021,72.40776055926123,0.06656842503028855
./models/01_CTSM/components/cdeps/fox/dom/m_dom_dom.F90,getnotationName_len,FUNCTION,10910,0,False,2,10,206.71626164847697,6.4,1322.9840745502527,73.49911525279181,0.06890542054949232
./models/01_CTSM/components/cdeps/fox/dom/m_dom_dom.F90,getstringValue_len,FUNCTION,11037,0,False,2,10,199.70527509086565,6.526315789473684,1303.3396900667021,72.40776055926123,0.06656842503028855
./models/01_CTSM/components/cdeps/fox/dom/m_dom_dom.F90,getTarget_len,FUNCTION,11129,0,False,2,10,199.70527509086565,6.526315789473684,1303.3396900667021,72.40776055926123,0.06656842503028855
./models/01_CTSM/components/cdeps/fox/dom/m_dom_dom.F90,setIsElementContentWhitespace,SUBROUTINE,11292,0,False,2,13,218.72482509951953,6.125,1339.6895537345572,74.42719742969763,0.07290827503317318
./models/01_CTSM/components/cdeps/fox/dom/m_dom_dom.F90,getdata_len,FUNCTION,11316,0,False,2,10,279.69276394968557,7.2727272727272725,2034.1291923613496,113.00717735340831,0.09323092131656185
./models/01_CTSM/components/cdeps/fox/dom/m_dom_dom.F90,getname_len,FUNCTION,11473,0,False,2,10,225.94568133670737,6.8,1536.43063308961,85.35725739386722,0.07531522711223579
./models/01_CTSM/components/cdeps/fox/dom/m_dom_dom.F90,getpublicId_len,FUNCTION,11529,0,False,2,10,260.0652015672515,6.909090909090909,1796.8141199191923,99.82300666217735,0.08668840052241716
./models/01_CTSM/components/cdeps/fox/dom/m_dom_dom.F90,getsystemId_len,FUNCTION,11587,0,False,2,10,260.0652015672515,6.909090909090909,1796.8141199191923,99.82300666217735,0.08668840052241716
./models/01_CTSM/components/cdeps/fox/dom/m_dom_dom.F90,canSetParameter_ch,FUNCTION,686,0,False,1,8,180.94247824228052,2.55,461.4033195178153,25.63351775098974,0.0603141594140935
./models/01_CTSM/components/cdeps/fox/dom/m_dom_dom.F90,getParameterNames,FUNCTION,700,0,False,1,6,125.33591475173351,1.4444444444444444,181.04076575250397,10.057820319583554,0.041778638250577836
./models/01_CTSM/components/cdeps/fox/dom/m_dom_dom.F90,newDOMConfig,FUNCTION,708,0,False,1,4,41.209025018750054,0.75,30.90676876406254,1.7170427091145857,0.013736341672916685
./models/01_CTSM/components/cdeps/fox/dom/m_dom_dom.F90,copyDOMConfig,SUBROUTINE,713,0,False,1,4,56.47277761308516,1.875,105.88645802453468,5.882581001363038,0.018824259204361718
./models/01_CTSM/components/cdeps/fox/dom/m_dom_dom.F90,destroyDOMConfig,SUBROUTINE,719,0,False,1,4,36.0,0.7857142857142857,28.285714285714285,1.5714285714285714,0.012
./models/01_CTSM/components/cdeps/fox/dom/m_dom_dom.F90,createNode,FUNCTION,727,0,False,1,14,338.57545109698776,4.615384615384615,1562.6559281399434,86.81421822999685,0.11285848369899593
./models/01_CTSM/components/cdeps/fox/dom/m_dom_dom.F90,setReadOnlyMap,SUBROUTINE,5546,0,False,1,5,70.30835464468075,1.5454545454545454,108.65836626905207,6.036575903836226,0.02343611821489358
./models/01_CTSM/components/cdeps/fox/dom/m_dom_dom.F90,createEmptyDocument,FUNCTION,5800,0,False,1,12,227.5489532989615,4.0,910.195813195846,50.56643406643589,0.07584965109965383
./models/01_CTSM/components/cdeps/fox/dom/m_dom_dom.F90,getFoX_checks,FUNCTION,5888,0,False,1,4,39.0,1.8333333333333333,71.5,3.9722222222222223,0.013
./models/01_CTSM/components/cdeps/fox/dom/m_dom_dom.F90,setFoX_checks,SUBROUTINE,5894,0,False,1,4,44.37895002019237,1.7142857142857142,76.07820003461549,4.22656666858975,0.014792983340064124
./models/01_CTSM/components/cdeps/fox/dom/m_dom_dom.F90,isCharData,FUNCTION,10446,0,False,1,5,114.4489595550095,3.230769230769231,369.75817702387684,20.542120945770936,0.038149653185003164
./models/01_CTSM/components/cdeps/fox/dom/m_dom_error.f90,errorString,FUNCTION,67,0,False,38,80,979.474397730307,3.7142857142857144,3638.0477629982834,202.11376461101574,0.32649146591010236
./models/01_CTSM/components/cdeps/fox/dom/m_dom_error.f90,getExceptionCode,FUNCTION,150,0,False,2,10,178.37726474549189,5.8125,1036.8178513331716,57.60099174073176,0.05945908824849729
./models/01_CTSM/components/cdeps/fox/dom/m_dom_error.f90,throw_exception,SUBROUTINE,162,0,False,2,12,250.25142037603445,7.928571428571429,1984.1362615528446,110.22979230849137,0.08341714012534482
./models/01_CTSM/components/cdeps/fox/dom/m_dom_error.f90,dom_error,SUBROUTINE,178,0,False,1,7,125.09775004326937,4.615384615384616,577.3742309689356,32.07634616494087,0.04169925001442312
./models/01_CTSM/components/cdeps/fox/dom/m_dom_error.f90,destroyDOMException,SUBROUTINE,189,0,False,1,4,51.89147427955946,1.4444444444444444,74.95435173714144,4.164130652063413,0.017297158093186486
./models/01_CTSM/components/cdeps/fox/dom/m_dom_error.f90,internal_error,SUBROUTINE,196,0,False,1,5,82.0447025077789,4.0,328.1788100311156,18.232156112839753,0.02734823416925963
./models/01_CTSM/components/cdeps/fox/dom/m_dom_error.f90,inException,FUNCTION,204,0,False,1,5,76.14709844115208,1.5,114.22064766172812,6.345591536762673,0.025382366147050694
./models/01_CTSM/components/cdeps/fox/dom/m_dom_extras.F90,extractDataAttributeCmplxDpSca,SUBROUTINE,671,0,False,10,31,723.5866162434687,13.941176470588236,10087.648708806006,560.4249282670003,0.2411955387478229
./models/01_CTSM/components/cdeps/fox/dom/m_dom_extras.F90,extractDataAttributeCmplxSpSca,SUBROUTINE,710,0,False,10,31,723.5866162434687,13.941176470588236,10087.648708806006,560.4249282670003,0.2411955387478229
./models/01_CTSM/components/cdeps/fox/dom/m_dom_extras.F90,extractDataAttributeRealDpSca,SUBROUTINE,749,0,False,10,31,723.5866162434687,13.941176470588236,10087.648708806006,560.4249282670003,0.2411955387478229
./models/01_CTSM/components/cdeps/fox/dom/m_dom_extras.F90,extractDataAttributeRealSpSca,SUBROUTINE,788,0,False,10,31,723.5866162434687,13.941176470588236,10087.648708806006,560.4249282670003,0.2411955387478229
./models/01_CTSM/components/cdeps/fox/dom/m_dom_extras.F90,extractDataAttributeIntSca,SUBROUTINE,827,0,False,10,31,694.5618886018685,14.903225806451612,10351.212662389136,575.0673701327298,0.2315206295339562
./models/01_CTSM/components/cdeps/fox/dom/m_dom_extras.F90,extractDataAttributeLgSca,SUBROUTINE,866,0,False,10,31,698.807247185574,14.4375,10089.029631241725,560.5016461800958,0.23293574906185802
./models/01_CTSM/components/cdeps/fox/dom/m_dom_extras.F90,extractDataAttributeChSca,SUBROUTINE,905,0,False,10,35,834.0578553646089,16.941176470588236,14129.921314412199,784.9956285784555,0.2780192851215363
./models/01_CTSM/components/cdeps/fox/dom/m_dom_extras.F90,extractDataAttributeCmplxDpArr,SUBROUTINE,948,0,False,10,31,733.2057284214482,13.714285714285714,10055.392846922718,558.632935940151,0.24440190947381604
./models/01_CTSM/components/cdeps/fox/dom/m_dom_extras.F90,extractDataAttributeCmplxSpArr,SUBROUTINE,987,0,False,10,31,733.2057284214482,13.714285714285714,10055.392846922718,558.632935940151,0.24440190947381604
./models/01_CTSM/components/cdeps/fox/dom/m_dom_extras.F90,extractDataAttributeRealDpArr,SUBROUTINE,1026,0,False,10,31,733.2057284214482,13.714285714285714,10055.392846922718,558.632935940151,0.24440190947381604
./models/01_CTSM/components/cdeps/fox/dom/m_dom_extras.F90,extractDataAttributeRealSpArr,SUBROUTINE,1065,0,False,10,31,733.2057284214482,13.714285714285714,10055.392846922718,558.632935940151,0.24440190947381604
./models/01_CTSM/components/cdeps/fox/dom/m_dom_extras.F90,extractDataAttributeIntArr,SUBROUTINE,1104,0,False,10,31,704.2666788042113,14.625,10299.90017751159,572.2166765284217,0.23475555960140376
./models/01_CTSM/components/cdeps/fox/dom/m_dom_extras.F90,extractDataAttributeLgArr,SUBROUTINE,1143,0,False,10,31,708.4490494265281,14.181818181818183,10047.095610048944,558.1719783360525,0.23614968314217602
./models/01_CTSM/components/cdeps/fox/dom/m_dom_extras.F90,extractDataAttributeChArr,SUBROUTINE,1182,0,False,10,35,844.2975054550009,16.628571428571426,14039.461376423156,779.9700764679532,0.2814325018183336
./models/01_CTSM/components/cdeps/fox/dom/m_dom_extras.F90,extractDataAttributeCmplxDpMat,SUBROUTINE,1225,0,False,10,31,733.2057284214482,13.714285714285714,10055.392846922718,558.632935940151,0.24440190947381604
./models/01_CTSM/components/cdeps/fox/dom/m_dom_extras.F90,extractDataAttributeCmplxSpMat,SUBROUTINE,1264,0,False,10,31,733.2057284214482,13.714285714285714,10055.392846922718,558.632935940151,0.24440190947381604
./models/01_CTSM/components/cdeps/fox/dom/m_dom_extras.F90,extractDataAttributeRealDpMat,SUBROUTINE,1303,0,False,10,31,733.2057284214482,13.714285714285714,10055.392846922718,558.632935940151,0.24440190947381604
./models/01_CTSM/components/cdeps/fox/dom/m_dom_extras.F90,extractDataAttributeRealSpMat,SUBROUTINE,1342,0,False,10,31,733.2057284214482,13.714285714285714,10055.392846922718,558.632935940151,0.24440190947381604
./models/01_CTSM/components/cdeps/fox/dom/m_dom_extras.F90,extractDataAttributeIntMat,SUBROUTINE,1381,0,False,10,31,704.2666788042113,14.625,10299.90017751159,572.2166765284217,0.23475555960140376
./models/01_CTSM/components/cdeps/fox/dom/m_dom_extras.F90,extractDataAttributeLgMat,SUBROUTINE,1420,0,False,10,31,708.4490494265281,14.181818181818183,10047.095610048944,558.1719783360525,0.23614968314217602
./models/01_CTSM/components/cdeps/fox/dom/m_dom_extras.F90,extractDataAttributeChMat,SUBROUTINE,1459,0,False,10,35,844.2975054550009,16.628571428571426,14039.461376423156,779.9700764679532,0.2814325018183336
./models/01_CTSM/components/cdeps/fox/dom/m_dom_extras.F90,extractDataAttNSCmplxDpSca,SUBROUTINE,1502,0,False,10,31,749.8694949764811,14.228571428571428,10669.571671379645,592.7539817433136,0.2499564983254937
./models/01_CTSM/components/cdeps/fox/dom/m_dom_extras.F90,extractDataAttNSCmplxSpSca,SUBROUTINE,1543,0,False,10,31,749.8694949764811,14.228571428571428,10669.571671379645,592.7539817433136,0.2499564983254937
./models/01_CTSM/components/cdeps/fox/dom/m_dom_extras.F90,extractDataAttNSRealDpSca,SUBROUTINE,1584,0,False,10,31,749.8694949764811,14.228571428571428,10669.571671379645,592.7539817433136,0.2499564983254937
./models/01_CTSM/components/cdeps/fox/dom/m_dom_extras.F90,extractDataAttNSRealSpSca,SUBROUTINE,1625,0,False,10,31,749.8694949764811,14.228571428571428,10669.571671379645,592.7539817433136,0.2499564983254937
./models/01_CTSM/components/cdeps/fox/dom/m_dom_extras.F90,extractDataAttNSIntSca,SUBROUTINE,1666,0,False,10,31,720.6449736601232,15.1875,10944.795537463122,608.044196525729,0.24021499122004109
./models/01_CTSM/components/cdeps/fox/dom/m_dom_extras.F90,extractDataAttNSLgSca,SUBROUTINE,1707,0,False,10,31,724.924608715517,14.727272727272727,10676.162419264887,593.1201344036049,0.24164153623850568
./models/01_CTSM/components/cdeps/fox/dom/m_dom_extras.F90,extractDataAttNSChSca,SUBROUTINE,1748,0,False,10,35,860.9612720100338,17.142857142857142,14759.336091600579,819.9631162000321,0.28698709067001127
./models/01_CTSM/components/cdeps/fox/dom/m_dom_extras.F90,extractDataAttNSCmplxDpArr,SUBROUTINE,1793,0,False,10,31,759.5549000980773,14.0,10633.768601373082,590.7649222985045,0.2531849666993591
./models/01_CTSM/components/cdeps/fox/dom/m_dom_extras.F90,extractDataAttNSCmplxSpArr,SUBROUTINE,1834,0,False,10,31,759.5549000980773,14.0,10633.768601373082,590.7649222985045,0.2531849666993591
./models/01_CTSM/components/cdeps/fox/dom/m_dom_extras.F90,extractDataAttNSRealDpArr,SUBROUTINE,1875,0,False,10,31,759.5549000980773,14.0,10633.768601373082,590.7649222985045,0.2531849666993591
./models/01_CTSM/components/cdeps/fox/dom/m_dom_extras.F90,extractDataAttNSRealSpArr,SUBROUTINE,1916,0,False,10,31,759.5549000980773,14.0,10633.768601373082,590.7649222985045,0.2531849666993591
./models/01_CTSM/components/cdeps/fox/dom/m_dom_extras.F90,extractDataAttNSIntArr,SUBROUTINE,1957,0,False,10,31,730.4164618118467,14.90909090909091,10889.845430649351,604.9914128138529,0.24347215393728225
./models/01_CTSM/components/cdeps/fox/dom/m_dom_extras.F90,extractDataAttNSLgArr,SUBROUTINE,1998,0,False,10,31,734.6337401555827,14.470588235294116,10630.582357545489,590.5879087525271,0.24487791338519424
./models/01_CTSM/components/cdeps/fox/dom/m_dom_extras.F90,extractDataAttNSChArr,SUBROUTINE,2039,0,False,10,35,871.2541501125004,16.833333333333332,14666.111526893756,814.7839737163198,0.29041805003750015
./models/01_CTSM/components/cdeps/fox/dom/m_dom_extras.F90,extractDataAttNSCmplxDpMat,SUBROUTINE,2084,0,False,10,31,759.5549000980773,14.0,10633.768601373082,590.7649222985045,0.2531849666993591
./models/01_CTSM/components/cdeps/fox/dom/m_dom_extras.F90,extractDataAttNSCmplxSpMat,SUBROUTINE,2125,0,False,10,31,759.5549000980773,14.0,10633.768601373082,590.7649222985045,0.2531849666993591
./models/01_CTSM/components/cdeps/fox/dom/m_dom_extras.F90,extractDataAttNSRealDpMat,SUBROUTINE,2166,0,False,10,31,759.5549000980773,14.0,10633.768601373082,590.7649222985045,0.2531849666993591
./models/01_CTSM/components/cdeps/fox/dom/m_dom_extras.F90,extractDataAttNSRealSpMat,SUBROUTINE,2207,0,False,10,31,759.5549000980773,14.0,10633.768601373082,590.7649222985045,0.2531849666993591
./models/01_CTSM/components/cdeps/fox/dom/m_dom_extras.F90,extractDataAttNSIntMat,SUBROUTINE,2248,0,False,10,31,730.4164618118467,14.90909090909091,10889.845430649351,604.9914128138529,0.24347215393728225
./models/01_CTSM/components/cdeps/fox/dom/m_dom_extras.F90,extractDataAttNSLgMat,SUBROUTINE,2289,0,False,10,31,734.6337401555827,14.470588235294116,10630.582357545489,590.5879087525271,0.24487791338519424
./models/01_CTSM/components/cdeps/fox/dom/m_dom_extras.F90,extractDataAttNSChMat,SUBROUTINE,2330,0,False,10,35,871.2541501125004,16.833333333333332,14666.111526893756,814.7839737163198,0.29041805003750015
./models/01_CTSM/components/cdeps/fox/dom/m_dom_extras.F90,extractDataContentCmplxDpSca,SUBROUTINE,95,0,False,6,21,458.4318961753476,10.740740740740742,4923.898144105587,273.5498968947548,0.15281063205844922
./models/01_CTSM/components/cdeps/fox/dom/m_dom_extras.F90,extractDataContentCmplxSpSca,SUBROUTINE,122,0,False,6,21,458.4318961753476,10.740740740740742,4923.898144105587,273.5498968947548,0.15281063205844922
./models/01_CTSM/components/cdeps/fox/dom/m_dom_extras.F90,extractDataContentRealDpSca,SUBROUTINE,149,0,False,6,21,458.4318961753476,10.740740740740742,4923.898144105587,273.5498968947548,0.15281063205844922
./models/01_CTSM/components/cdeps/fox/dom/m_dom_extras.F90,extractDataContentRealSpSca,SUBROUTINE,176,0,False,6,21,458.4318961753476,10.740740740740742,4923.898144105587,273.5498968947548,0.15281063205844922
./models/01_CTSM/components/cdeps/fox/dom/m_dom_extras.F90,extractDataContentIntSca,SUBROUTINE,203,0,False,6,21,428.7735001454685,10.5,4502.121751527419,250.11787508485662,0.1429245000484895
./models/01_CTSM/components/cdeps/fox/dom/m_dom_extras.F90,extractDataContentLgSca,SUBROUTINE,230,0,False,6,21,432.4343415062788,10.080000000000002,4358.9381623832915,242.16323124351618,0.14414478050209295
./models/01_CTSM/components/cdeps/fox/dom/m_dom_extras.F90,extractDataContentChSca,SUBROUTINE,257,0,False,6,24,567.9005124895169,13.566666666666666,7704.5169527744465,428.0287195985804,0.18930017082983897
./models/01_CTSM/components/cdeps/fox/dom/m_dom_extras.F90,extractDataContentCmplxDpArr,SUBROUTINE,287,0,False,6,21,467.0655486964791,10.535714285714286,4920.869173766477,273.38162076480427,0.1556885162321597
./models/01_CTSM/components/cdeps/fox/dom/m_dom_extras.F90,extractDataContentCmplxSpArr,SUBROUTINE,314,0,False,6,21,467.0655486964791,10.535714285714286,4920.869173766477,273.38162076480427,0.1556885162321597
./models/01_CTSM/components/cdeps/fox/dom/m_dom_extras.F90,extractDataContentRealDpArr,SUBROUTINE,341,0,False,6,21,467.0655486964791,10.535714285714286,4920.869173766477,273.38162076480427,0.1556885162321597
./models/01_CTSM/components/cdeps/fox/dom/m_dom_extras.F90,extractDataContentRealSpArr,SUBROUTINE,368,0,False,6,21,467.0655486964791,10.535714285714286,4920.869173766477,273.38162076480427,0.1556885162321597
./models/01_CTSM/components/cdeps/fox/dom/m_dom_extras.F90,extractDataContentIntArr,SUBROUTINE,395,0,False,6,21,437.52180434752916,10.26,4488.973712605649,249.3874284780916,0.14584060144917638
./models/01_CTSM/components/cdeps/fox/dom/m_dom_extras.F90,extractDataContentLgArr,SUBROUTINE,422,0,False,6,21,441.1183394572671,9.865384615384617,4351.802079645732,241.76678220254067,0.1470394464857557
./models/01_CTSM/components/cdeps/fox/dom/m_dom_extras.F90,extractDataContentChArr,SUBROUTINE,449,0,False,6,24,576.9779642373273,13.306451612903226,7677.529362835404,426.52940904641133,0.1923259880791091
./models/01_CTSM/components/cdeps/fox/dom/m_dom_extras.F90,extractDataContentCmplxDpMat,SUBROUTINE,479,0,False,6,21,467.0655486964791,10.535714285714286,4920.869173766477,273.38162076480427,0.1556885162321597
./models/01_CTSM/components/cdeps/fox/dom/m_dom_extras.F90,extractDataContentCmplxSpMat,SUBROUTINE,506,0,False,6,21,467.0655486964791,10.535714285714286,4920.869173766477,273.38162076480427,0.1556885162321597
./models/01_CTSM/components/cdeps/fox/dom/m_dom_extras.F90,extractDataContentRealDpMat,SUBROUTINE,533,0,False,6,21,467.0655486964791,10.535714285714286,4920.869173766477,273.38162076480427,0.1556885162321597
./models/01_CTSM/components/cdeps/fox/dom/m_dom_extras.F90,extractDataContentRealSpMat,SUBROUTINE,560,0,False,6,21,467.0655486964791,10.535714285714286,4920.869173766477,273.38162076480427,0.1556885162321597
./models/01_CTSM/components/cdeps/fox/dom/m_dom_extras.F90,extractDataContentIntMat,SUBROUTINE,587,0,False,6,21,437.52180434752916,10.26,4488.973712605649,249.3874284780916,0.14584060144917638
./models/01_CTSM/components/cdeps/fox/dom/m_dom_extras.F90,extractDataContentLgMat,SUBROUTINE,614,0,False,6,21,441.1183394572671,9.865384615384617,4351.802079645732,241.76678220254067,0.1470394464857557
./models/01_CTSM/components/cdeps/fox/dom/m_dom_extras.F90,extractDataContentChMat,SUBROUTINE,641,0,False,6,24,576.9779642373273,13.306451612903226,7677.529362835404,426.52940904641133,0.1923259880791091
./models/01_CTSM/components/cdeps/fox/dom/m_dom_parse.f90,startElement_handler,SUBROUTINE,59,1,False,15,71,1904.4768723152613,20.8,39613.11894415744,2200.728830230969,0.6348256241050871
./models/01_CTSM/components/cdeps/fox/dom/m_dom_parse.f90,parsefile,FUNCTION,524,0,False,8,30,720.4601625930292,13.22972972972973,9531.493232142913,529.5274017857174,0.24015338753100973
./models/01_CTSM/components/cdeps/fox/dom/m_dom_parse.f90,endDTD_handler,SUBROUTINE,257,1,False,7,40,1238.224237115863,10.073529411764707,12473.288270946561,692.9604594970311,0.41274141237195433
./models/01_CTSM/components/cdeps/fox/dom/m_dom_parse.f90,runParser,SUBROUTINE,458,0,False,7,22,1007.906535368398,7.278688524590164,7336.237732845389,407.5687629358549,0.33596884512279934
./models/01_CTSM/components/cdeps/fox/dom/m_dom_parse.f90,characters_handler,SUBROUTINE,155,0,False,5,23,520.9214164514015,13.866666666666667,7223.443641459434,401.3024245255241,0.17364047215046716
./models/01_CTSM/components/cdeps/fox/dom/m_dom_parse.f90,ignorableWhitespace_handler,SUBROUTINE,183,0,False,5,22,487.53723242024563,10.0,4875.372324202456,270.85401801124755,0.16251241080674855
./models/01_CTSM/components/cdeps/fox/dom/m_dom_parse.f90,startEntity_handler,SUBROUTINE,417,0,False,4,10,202.11890788006696,6.88235294117647,1391.0536601157548,77.2807588953197,0.06737296929335565
./models/01_CTSM/components/cdeps/fox/dom/m_dom_parse.f90,endEntity_handler,SUBROUTINE,431,0,False,4,9,194.9503875887022,6.75,1315.91511622374,73.10639534576333,0.0649834625295674
./models/01_CTSM/components/cdeps/fox/dom/m_dom_parse.f90,comment_handler,SUBROUTINE,209,0,False,3,8,184.60327781484773,4.454545454545454,822.3236920843216,45.68464956024009,0.06153442593828257
./models/01_CTSM/components/cdeps/fox/dom/m_dom_parse.f90,skippedEntity_handler,SUBROUTINE,445,0,False,3,7,184.60327781484773,5.523809523809524,1019.7133441201113,56.650741340006185,0.06153442593828257
./models/01_CTSM/components/cdeps/fox/dom/m_dom_parse.f90,endElement_handler,SUBROUTINE,142,0,False,2,7,182.83669636412918,5.8125,1062.7382976165009,59.04101653425005,0.06094556545470973
./models/01_CTSM/components/cdeps/fox/dom/m_dom_parse.f90,processingInstruction_handler,SUBROUTINE,221,0,False,2,7,194.9503875887022,4.714285714285714,919.0518272038818,51.0584348446601,0.0649834625295674
./models/01_CTSM/components/cdeps/fox/dom/m_dom_parse.f90,startCdata_handler,SUBROUTINE,341,0,False,2,3,34.86917501586544,2.0,69.73835003173087,3.874352779540604,0.011623058338621813
./models/01_CTSM/components/cdeps/fox/dom/m_dom_parse.f90,internalEntityDecl_handler,SUBROUTINE,348,0,False,2,9,223.47971260168302,7.578947368421052,1693.7409797180185,94.09672109544547,0.07449323753389434
./models/01_CTSM/components/cdeps/fox/dom/m_dom_parse.f90,externalEntityDecl_handler,SUBROUTINE,387,0,False,2,9,280.53836262764463,7.700000000000001,2160.1453922328637,120.00807734627021,0.09351278754254821
./models/01_CTSM/components/cdeps/fox/dom/m_dom_parse.f90,unparsedEntityDecl_handler,SUBROUTINE,402,0,False,2,12,365.3589740763779,9.333333333333332,3410.0170913795264,189.44539396552923,0.12178632469212596
./models/01_CTSM/components/cdeps/fox/dom/m_dom_parse.f90,startDocument_handler,SUBROUTINE,233,0,False,1,6,68.11428751370197,2.3333333333333335,158.93333753197126,8.829629862887293,0.022704762504567322
./models/01_CTSM/components/cdeps/fox/dom/m_dom_parse.f90,endDocument_Handler,SUBROUTINE,240,0,False,1,3,25.26619429851844,1.4,35.372672017925815,1.965148445440323,0.008422064766172813
./models/01_CTSM/components/cdeps/fox/dom/m_dom_parse.f90,startDTD_handler,SUBROUTINE,244,0,False,1,9,244.2723456270787,5.833333333333334,1424.9220161579592,79.16233423099773,0.08142411520902623
./models/01_CTSM/components/cdeps/fox/dom/m_dom_parse.f90,FoX_endDTD_handler,SUBROUTINE,320,0,False,1,4,46.50699332842307,1.5,69.7604899926346,3.875582777368589,0.015502331109474358
./models/01_CTSM/components/cdeps/fox/dom/m_dom_parse.f90,notationDecl_handler,SUBROUTINE,327,0,False,1,8,227.43101255050217,4.444444444444445,1010.8045002244542,56.15580556802523,0.07581033751683405
./models/01_CTSM/components/cdeps/fox/dom/m_dom_parse.f90,endCdata_handler,SUBROUTINE,344,0,False,1,3,20.67970000576925,1.5,31.019550008653873,1.723308333814104,0.006893233335256416
./models/01_CTSM/components/cdeps/fox/dom/m_dom_parse.f90,normalErrorHandler,SUBROUTINE,368,0,False,1,4,62.907475208398566,2.888888888888889,181.73270615759586,10.09626145319977,0.02096915840279952
./models/01_CTSM/components/cdeps/fox/dom/m_dom_parse.f90,entityErrorHandler,SUBROUTINE,374,0,False,1,5,92.0,2.8333333333333335,260.6666666666667,14.481481481481483,0.030666666666666665
./models/01_CTSM/components/cdeps/fox/dom/m_dom_parse.f90,parsestring,FUNCTION,562,0,False,1,10,211.51978731634912,4.523809523809524,956.875228335865,53.15973490754806,0.07050659577211638
./models/01_CTSM/components/cdeps/fox/dom/m_dom_utils.f90,iter_dmp_xml,SUBROUTINE,221,7,False,49,184,5914.05372417895,46.72727272727272,276347.6012934527,15352.64451630293,1.9713512413929832
./models/01_CTSM/components/cdeps/fox/dom/m_dom_utils.f90,serialize,SUBROUTINE,102,0,False,26,80,1974.5540342827255,21.465517241379313,42384.823666930926,2354.712425940607,0.6581846780942419
./models/01_CTSM/components/cdeps/fox/dom/m_dom_utils.f90,dump2,SUBROUTINE,59,3,True,6,31,765.1398625987983,16.900000000000002,12930.863677919693,718.3813154399829,0.2550466208662661
./models/01_CTSM/components/cdeps/fox/dom/m_dom_utils.f90,dumpTree,SUBROUTINE,47,0,False,1,38,884.8983533475532,18.30263157894737,16195.968546137456,899.7760303409698,0.29496611778251774
./models/01_CTSM/components/cdeps/fox/dom/test/test_dom_getTextContent_1.f90,dom,PROGRAM,1,1,False,2,9,160.5395382709427,6.285714285714286,1009.1056691316398,56.06142606286888,0.05351317942364757
./models/01_CTSM/components/cdeps/fox/dom/test/test_dom_getTextContent_2.f90,dom,PROGRAM,1,1,False,2,9,160.5395382709427,6.285714285714286,1009.1056691316398,56.06142606286888,0.05351317942364757
./models/01_CTSM/components/cdeps/fox/dom/test/test_dom_getTextContent_3.f90,dom,PROGRAM,1,1,False,2,9,160.5395382709427,6.285714285714286,1009.1056691316398,56.06142606286888,0.05351317942364757
./models/01_CTSM/components/cdeps/fox/dom/test/test_dom_getTextContent_4.f90,dom,PROGRAM,1,1,False,2,9,160.5395382709427,6.285714285714286,1009.1056691316398,56.06142606286888,0.05351317942364757
./models/01_CTSM/components/cdeps/fox/dom/test/test_dom_getTextContent_5.f90,dom,PROGRAM,1,1,False,2,9,160.5395382709427,6.285714285714286,1009.1056691316398,56.06142606286888,0.05351317942364757
./models/01_CTSM/components/cdeps/fox/dom/test/test_dom_parseString_1.f90,dom,PROGRAM,1,1,False,2,9,160.5395382709427,6.285714285714286,1009.1056691316398,56.06142606286888,0.05351317942364757
./models/01_CTSM/components/cdeps/fox/dom/test/test_dom_serialize_1.f90,test_serialize_1,PROGRAM,1,0,False,1,6,91.3765181293825,1.5,137.06477719407377,7.614709844115209,0.030458839376460836
./models/01_CTSM/components/cdeps/fox/dom/test/test_dom_serialize_2.f90,test_serialize_2,PROGRAM,1,0,False,1,6,97.67226489021297,1.4615384615384615,142.75177176261894,7.930653986812164,0.03255742163007099
./models/01_CTSM/components/cdeps/fox/examples/dom_canonicalize.ns.no.f90,dom_example,PROGRAM,1,0,False,2,14,235.02198590705459,8.205882352941176,1928.5627667078888,107.14237592821604,0.07834066196901819
./models/01_CTSM/components/cdeps/fox/examples/dom_canonicalize.ns.yes.f90,dom_example,PROGRAM,1,0,False,4,18,355.0,11.261904761904761,3997.9761904761904,222.10978835978835,0.11833333333333333
./models/01_CTSM/components/cdeps/fox/examples/dom_configuration.f90,dom_configuration,PROGRAM,1,1,False,4,26,510.28221996984814,15.714285714285714,8018.720599526185,445.48447775145473,0.17009407332328272
./models/01_CTSM/components/cdeps/fox/examples/dom_example_2.f90,dom_example,PROGRAM,1,2,False,6,19,368.0167946706389,10.5,3864.1763440417085,214.6764635578727,0.12267226489021296
./models/01_CTSM/components/cdeps/fox/examples/dom_example_3.f90,dom_example_3,PROGRAM,1,0,False,1,6,91.3765181293825,1.5,137.06477719407377,7.614709844115209,0.030458839376460836
./models/01_CTSM/components/cdeps/fox/examples/dom_example_4.f90,dom_example_4,PROGRAM,1,0,False,3,10,137.6075250475963,8.0,1100.8602003807705,61.15890002115392,0.04586917501586544
./models/01_CTSM/components/cdeps/fox/examples/sax_example.f90,attributeDecl_handler,SUBROUTINE,160,0,False,3,13,291.89475010096186,8.653846153846153,2526.012260489093,140.33401447161629,0.09729825003365396
./models/01_CTSM/components/cdeps/fox/examples/sax_example.f90,sax_example,PROGRAM,1,0,False,2,7,282.1657672445091,5.029411764705882,1419.1278293767957,78.84043496537754,0.0940552557481697
./models/01_CTSM/components/cdeps/fox/examples/sax_example.f90,characters_handler,SUBROUTINE,47,0,False,1,5,81.40967379910403,2.888888888888889,235.1835020863005,13.065750115905583,0.027136557933034676
./models/01_CTSM/components/cdeps/fox/examples/sax_example.f90,endDocument_handler,SUBROUTINE,55,0,False,1,3,16.253496664211536,3.0,48.760489992634604,2.7089161107019226,0.005417832221403845
./models/01_CTSM/components/cdeps/fox/examples/sax_example.f90,endElement_handler,SUBROUTINE,59,0,False,1,6,144.5549520375152,4.7272727272727275,683.3506823591628,37.96392679773126,0.04818498401250507
./models/01_CTSM/components/cdeps/fox/examples/sax_example.f90,endPrefixMapping_handler,SUBROUTINE,68,0,False,1,5,96.21143267166839,3.3333333333333335,320.70477557222796,17.816931976234887,0.032070477557222796
./models/01_CTSM/components/cdeps/fox/examples/sax_example.f90,ignorableWhitespace_handler,SUBROUTINE,76,0,False,1,4,70.30835464468075,4.0625,285.6276907440155,15.868205041334196,0.02343611821489358
./models/01_CTSM/components/cdeps/fox/examples/sax_example.f90,processingInstruction_handler,SUBROUTINE,81,0,False,1,6,133.25742227201616,4.4,586.3326579968711,32.57403655538173,0.04441914075733872
./models/01_CTSM/components/cdeps/fox/examples/sax_example.f90,skippedEntity_handler,SUBROUTINE,90,0,False,1,4,60.94436251225965,3.9285714285714284,239.4242812981629,13.30134896100905,0.02031478750408655
./models/01_CTSM/components/cdeps/fox/examples/sax_example.f90,startDocument_handler,SUBROUTINE,95,0,False,1,3,16.253496664211536,3.0,48.760489992634604,2.7089161107019226,0.005417832221403845
./models/01_CTSM/components/cdeps/fox/examples/sax_example.f90,startElement_handler,SUBROUTINE,99,0,False,1,8,216.64430318562285,4.8,1039.8926552909895,57.77181418283275,0.07221476772854095
./models/01_CTSM/components/cdeps/fox/examples/sax_example.f90,startPrefixMapping_handler,SUBROUTINE,110,0,False,1,7,156.10155180436178,4.8,749.2874486609365,41.62708048116314,0.05203385060145393
./models/01_CTSM/components/cdeps/fox/examples/sax_example.f90,notationDecl_handler,SUBROUTINE,120,0,False,1,8,148.48684196024655,6.944444444444445,1031.1586247239345,57.286590262440804,0.04949561398674885
./models/01_CTSM/components/cdeps/fox/examples/sax_example.f90,unparsedEntityDecl_handler,SUBROUTINE,130,0,False,1,10,195.34452978042594,8.0,1562.7562382434076,86.81979101352265,0.06511484326014198
./models/01_CTSM/components/cdeps/fox/examples/sax_example.f90,error_handler,SUBROUTINE,142,0,False,1,5,62.26976913547135,3.142857142857143,195.70498871148138,10.872499372860077,0.020756589711823783
./models/01_CTSM/components/cdeps/fox/examples/sax_example.f90,fatalError_handler,SUBROUTINE,148,0,False,1,5,62.26976913547135,3.142857142857143,195.70498871148138,10.872499372860077,0.020756589711823783
./models/01_CTSM/components/cdeps/fox/examples/sax_example.f90,warning_handler,SUBROUTINE,154,0,False,1,5,62.26976913547135,3.142857142857143,195.70498871148138,10.872499372860077,0.020756589711823783
./models/01_CTSM/components/cdeps/fox/examples/sax_example.f90,elementDecl_handler,SUBROUTINE,174,0,False,1,7,103.96391252091352,4.5,467.83760634411084,25.99097813022838,0.034654637506971175
./models/01_CTSM/components/cdeps/fox/examples/sax_example.f90,externalEntityDecl_handler,SUBROUTINE,182,0,False,1,8,156.10155180436178,6.944444444444445,1084.0385541969567,60.22436412205315,0.05203385060145393
./models/01_CTSM/components/cdeps/fox/examples/sax_example.f90,internalEntityDecl_handler,SUBROUTINE,191,0,False,1,6,103.61231210795059,5.625,582.8192556072221,32.37884753373456,0.03453743736931686
./models/01_CTSM/components/cdeps/fox/examples/sax_example.f90,comment_handler,SUBROUTINE,198,0,False,1,5,96.21143267166839,3.3333333333333335,320.70477557222796,17.816931976234887,0.032070477557222796
./models/01_CTSM/components/cdeps/fox/examples/sax_example.f90,endCdata_handler,SUBROUTINE,204,0,False,1,3,16.253496664211536,3.0,48.760489992634604,2.7089161107019226,0.005417832221403845
./models/01_CTSM/components/cdeps/fox/examples/sax_example.f90,endDTD_handler,SUBROUTINE,208,0,False,1,3,16.253496664211536,3.0,48.760489992634604,2.7089161107019226,0.005417832221403845
./models/01_CTSM/components/cdeps/fox/examples/sax_example.f90,endEntity_handler,SUBROUTINE,212,0,False,1,4,60.94436251225965,3.9285714285714284,239.4242812981629,13.30134896100905,0.02031478750408655
./models/01_CTSM/components/cdeps/fox/examples/sax_example.f90,startCdata_handler,SUBROUTINE,217,0,False,1,3,16.253496664211536,3.0,48.760489992634604,2.7089161107019226,0.005417832221403845
./models/01_CTSM/components/cdeps/fox/examples/sax_example.f90,startDTD_handler,SUBROUTINE,221,0,False,1,8,156.10155180436178,6.944444444444445,1084.0385541969567,60.22436412205315,0.05203385060145393
./models/01_CTSM/components/cdeps/fox/examples/sax_example.f90,startEntity_handler,SUBROUTINE,230,0,False,1,4,60.94436251225965,3.9285714285714284,239.4242812981629,13.30134896100905,0.02031478750408655
./models/01_CTSM/components/cdeps/fox/examples/sax_example_2.f90,startElement_handler,SUBROUTINE,79,1,False,5,18,435.0,10.369565217391305,4510.760869565218,250.59782608695656,0.145
./models/01_CTSM/components/cdeps/fox/examples/sax_example_2.f90,endElement_handler,SUBROUTINE,51,0,False,4,14,297.20679614558236,10.125,3009.2188109740214,167.17882283189007,0.09906893204852746
./models/01_CTSM/components/cdeps/fox/examples/sax_example_2.f90,characters_handler,SUBROUTINE,38,0,False,3,10,164.2332676057198,5.653846153846154,928.549628386185,51.58609046589916,0.05474442253523993
./models/01_CTSM/components/cdeps/fox/examples/sax_example_2.f90,sax_example,PROGRAM,1,0,False,2,8,166.9080620655929,7.5,1251.8104654919468,69.54502586066371,0.05563602068853097
./models/01_CTSM/components/cdeps/fox/examples/sax_example_2.f90,startDocument_handler,SUBROUTINE,71,0,False,1,5,39.0,1.5,58.5,3.25,0.013
./models/01_CTSM/components/cdeps/fox/examples/wcml_example.f90,wcml_example,PROGRAM,1,0,False,1,49,2595.454263475724,10.88,28238.542386615878,1568.8079103675489,0.8651514211585747
./models/01_CTSM/components/cdeps/fox/examples/wkml_example.f90,wkml_example,PROGRAM,1,0,False,1,3,41.209025018750054,1.2857142857142858,52.98303216696436,2.9435017870535756,0.013736341672916685
./models/01_CTSM/components/cdeps/fox/examples/wkml_example_2.f90,path,PROGRAM,1,0,False,1,7,173.9178331268546,1.973684210526316,343.2588811714236,19.069937842856866,0.05797261104228486
./models/01_CTSM/components/cdeps/fox/examples/wxml_example.f90,wxml_example,PROGRAM,1,0,False,1,49,976.0094535229557,2.975,2903.628124230793,161.3126735683774,0.3253364845076519
./models/01_CTSM/components/cdeps/fox/examples/xml_output_module.f90,add_paragraph,SUBROUTINE,39,0,False,2,8,131.68575291675114,4.107142857142857,540.8521994795136,30.047344415528535,0.04389525097225038
./models/01_CTSM/components/cdeps/fox/examples/xml_output_module.f90,initialize_xml_output,SUBROUTINE,18,0,False,1,12,167.5859764912639,4.461538461538462,747.6912797302543,41.53840442945857,0.055861992163754634
./models/01_CTSM/components/cdeps/fox/examples/xml_output_module.f90,end_xml_output,SUBROUTINE,50,0,False,1,4,30.880904142633646,1.6,49.409446628213836,2.7449692571229907,0.010293634714211216
./models/01_CTSM/components/cdeps/fox/examples/xml_output_program.f90,example_xml_program,PROGRAM,1,0,False,1,4,42.0,1.3333333333333333,56.0,3.111111111111111,0.014
./models/01_CTSM/components/cdeps/fox/fsys/fox_m_fsys_abort_flush.F90,pxfflush,SUBROUTINE,45,0,False,1,4,44.37895002019237,1.7142857142857142,76.07820003461549,4.22656666858975,0.014792983340064124
./models/01_CTSM/components/cdeps/fox/fsys/fox_m_fsys_abort_flush.F90,pxfabort,SUBROUTINE,65,0,False,1,17,208.9735285398626,4.25,888.137496294416,49.340972016356446,0.06965784284662087
./models/01_CTSM/components/cdeps/fox/fsys/fox_m_fsys_array_str.F90,str_vs,FUNCTION,31,1,False,2,8,150.11730005192322,2.9,435.3401701505773,24.185565008365405,0.05003910001730774
./models/01_CTSM/components/cdeps/fox/fsys/fox_m_fsys_array_str.F90,vs_vs_alloc,FUNCTION,65,0,False,2,10,144.4295354570819,6.0,866.5772127424914,48.143178485693966,0.048143178485693966
./models/01_CTSM/components/cdeps/fox/fsys/fox_m_fsys_array_str.F90,vs_str,FUNCTION,50,0,False,1,5,101.57915548582149,2.75,279.3426775860091,15.51903764366717,0.033859718495273826
./models/01_CTSM/components/cdeps/fox/fsys/fox_m_fsys_array_str.F90,vs_str_alloc,FUNCTION,57,0,False,1,6,114.4489595550095,2.571428571428571,294.2973245700244,16.349851365001356,0.038149653185003164
./models/01_CTSM/components/cdeps/fox/fsys/fox_m_fsys_array_str.F90,vs_s_concat,FUNCTION,77,0,False,1,8,202.04660144782298,4.588235294117647,927.0373478194231,51.50207487885684,0.06734886714927432
./models/01_CTSM/components/cdeps/fox/fsys/fox_m_fsys_array_str.F90,destroy_vs,SUBROUTINE,87,0,False,1,4,36.0,0.7857142857142857,28.285714285714285,1.5714285714285714,0.012
./models/01_CTSM/components/cdeps/fox/fsys/fox_m_fsys_count_parse_input.F90,countstring,FUNCTION,29,2,False,22,95,2302.977646129001,43.473684210526315,100118.92293171342,5562.16238509519,0.7676592153763337
./models/01_CTSM/components/cdeps/fox/fsys/fox_m_fsys_count_parse_input.F90,countcomplexsp,FUNCTION,332,1,False,21,91,2111.3424921723877,46.5952380952381,98378.50612336579,5465.472562409211,0.7037808307241292
./models/01_CTSM/components/cdeps/fox/fsys/fox_m_fsys_count_parse_input.F90,countcomplexdp,FUNCTION,429,1,False,21,91,2082.455639474092,48.449999999999996,100894.97573251976,5605.276429584431,0.6941518798246974
./models/01_CTSM/components/cdeps/fox/fsys/fox_m_fsys_count_parse_input.F90,countlogical,FUNCTION,135,1,False,10,40,1096.1054804498237,44.64,48930.14864728013,2718.341591515563,0.3653684934832746
./models/01_CTSM/components/cdeps/fox/fsys/fox_m_fsys_count_parse_input.F90,countinteger,FUNCTION,183,1,False,10,44,1157.174769762185,32.5,37608.180017271014,2089.3433342928342,0.38572492325406166
./models/01_CTSM/components/cdeps/fox/fsys/fox_m_fsys_count_parse_input.F90,countrealsp,FUNCTION,234,1,False,10,42,1127.5815368905605,35.983333333333334,40574.14230244534,2254.1190168025187,0.3758605122968535
./models/01_CTSM/components/cdeps/fox/fsys/fox_m_fsys_count_parse_input.F90,countrealdp,FUNCTION,283,1,False,10,42,1127.5815368905605,35.983333333333334,40574.14230244534,2254.1190168025187,0.3758605122968535
./models/01_CTSM/components/cdeps/fox/fsys/fox_m_fsys_format.F90,str_real_sp_fmt,FUNCTION,1243,0,False,19,101,2820.4060628641837,61.97058823529412,174782.2227780834,9710.1234876713,0.9401353542880613
./models/01_CTSM/components/cdeps/fox/fsys/fox_m_fsys_format.F90,str_real_dp_fmt,FUNCTION,1591,0,False,19,101,2820.4060628641837,61.97058823529412,174782.2227780834,9710.1234876713,0.9401353542880613
./models/01_CTSM/components/cdeps/fox/fsys/fox_m_fsys_format.F90,str_real_sp_fmt_len,FUNCTION,286,0,False,14,49,1347.7491172779112,31.5,42454.0971942542,2358.5609552363444,0.44924970575930373
./models/01_CTSM/components/cdeps/fox/fsys/fox_m_fsys_format.F90,str_real_dp_fmt_len,FUNCTION,414,0,False,14,49,1347.7491172779112,31.5,42454.0971942542,2358.5609552363444,0.44924970575930373
./models/01_CTSM/components/cdeps/fox/fsys/fox_m_fsys_format.F90,str_integer_fmt,FUNCTION,853,2,False,9,44,1151.9400715324698,36.285714285714285,41798.96830989247,2322.1649061051376,0.3839800238441566
./models/01_CTSM/components/cdeps/fox/fsys/fox_m_fsys_format.F90,str_integer_fmt_len,FUNCTION,169,0,False,8,25,696.4817606003509,23.653846153846153,16474.472414200605,915.2484674555892,0.23216058686678362
./models/01_CTSM/components/cdeps/fox/fsys/fox_m_fsys_format.F90,real_sp_str,FUNCTION,1162,2,False,8,45,1293.312977969501,27.243243243243246,35234.040048466406,1957.4466693592449,0.43110432598983367
./models/01_CTSM/components/cdeps/fox/fsys/fox_m_fsys_format.F90,real_dp_str,FUNCTION,1511,2,False,8,45,1293.312977969501,27.243243243243246,35234.040048466406,1957.4466693592449,0.43110432598983367
./models/01_CTSM/components/cdeps/fox/fsys/fox_m_fsys_format.F90,str_logical_matrix,FUNCTION,1069,3,False,7,37,777.2769592204115,16.227272727272727,12613.085201894859,700.7269556608255,0.2590923197401372
./models/01_CTSM/components/cdeps/fox/fsys/fox_m_fsys_format.F90,str_string_matrix,FUNCTION,792,3,False,5,26,715.0,19.76086956521739,14129.021739130434,784.945652173913,0.23833333333333334
./models/01_CTSM/components/cdeps/fox/fsys/fox_m_fsys_format.F90,str_integer_matrix,FUNCTION,957,3,False,4,20,596.0451250937502,12.894736842105264,7685.845034103622,426.9913907835346,0.1986817083645834
./models/01_CTSM/components/cdeps/fox/fsys/fox_m_fsys_format.F90,str_integer_matrix_fmt,FUNCTION,987,3,False,4,21,700.3655180030227,17.25,12081.30518555214,671.1836214195633,0.2334551726676742
./models/01_CTSM/components/cdeps/fox/fsys/fox_m_fsys_format.F90,str_logical_array,FUNCTION,1036,1,False,4,24,480.9401185176296,12.380952380952381,5954.496705456367,330.80537252535373,0.16031337283920988
./models/01_CTSM/components/cdeps/fox/fsys/fox_m_fsys_format.F90,str_real_sp_matrix_fmt,FUNCTION,1444,3,False,4,22,701.6853551720181,13.375,9385.041625425743,521.3912014125412,0.23389511839067273
./models/01_CTSM/components/cdeps/fox/fsys/fox_m_fsys_format.F90,str_real_dp_matrix_fmt,FUNCTION,1791,3,False,4,22,689.8333013081152,13.826086956521738,9537.695209390462,529.8719560772479,0.22994443376937174
./models/01_CTSM/components/cdeps/fox/fsys/fox_m_fsys_format.F90,str_complex_sp_matrix_fmt,FUNCTION,1961,3,False,4,22,701.6853551720181,13.375,9385.041625425743,521.3912014125412,0.23389511839067273
./models/01_CTSM/components/cdeps/fox/fsys/fox_m_fsys_format.F90,str_complex_dp_matrix_fmt,FUNCTION,2129,3,False,4,22,701.6853551720181,13.375,9385.041625425743,521.3912014125412,0.23389511839067273
./models/01_CTSM/components/cdeps/fox/fsys/fox_m_fsys_format.F90,checkFmt,FUNCTION,2196,0,False,4,17,318.5774626449524,9.75,3106.130260788286,172.5627922660159,0.10619248754831746
./models/01_CTSM/components/cdeps/fox/fsys/fox_m_fsys_format.F90,str_integer_matrix_len,FUNCTION,226,2,False,3,11,224.0081885617168,5.9375,1330.0486195851934,73.89158997695519,0.07466939618723893
./models/01_CTSM/components/cdeps/fox/fsys/fox_m_fsys_format.F90,str_integer_matrix_fmt_len,FUNCTION,242,2,False,3,12,275.09775004326934,7.5,2063.23312532452,114.6240625180289,0.09169925001442311
./models/01_CTSM/components/cdeps/fox/fsys/fox_m_fsys_format.F90,str_real_sp_matrix_fmt_len,FUNCTION,391,2,False,3,12,299.5579126362985,6.714285714285714,2011.3174134151473,111.73985630084151,0.09985263754543283
./models/01_CTSM/components/cdeps/fox/fsys/fox_m_fsys_format.F90,str_real_dp_matrix_fmt_len,FUNCTION,519,2,False,3,12,299.5579126362985,6.714285714285714,2011.3174134151473,111.73985630084151,0.09985263754543283
./models/01_CTSM/components/cdeps/fox/fsys/fox_m_fsys_format.F90,str_complex_sp_matrix_fmt_len,FUNCTION,581,2,False,3,12,299.5579126362985,6.714285714285714,2011.3174134151473,111.73985630084151,0.09985263754543283
./models/01_CTSM/components/cdeps/fox/fsys/fox_m_fsys_format.F90,str_complex_dp_matrix_fmt_len,FUNCTION,642,2,False,3,12,299.5579126362985,6.714285714285714,2011.3174134151473,111.73985630084151,0.09985263754543283
./models/01_CTSM/components/cdeps/fox/fsys/fox_m_fsys_format.F90,str_to_int_10,FUNCTION,680,1,False,3,15,366.61052696862873,13.2,4839.258955985899,268.8477197769944,0.12220350898954291
./models/01_CTSM/components/cdeps/fox/fsys/fox_m_fsys_format.F90,str_to_int_16,FUNCTION,707,1,False,3,33,825.0630087111849,24.375,20110.910837335134,1117.2728242963963,0.27502100290372833
./models/01_CTSM/components/cdeps/fox/fsys/fox_m_fsys_format.F90,to_lower,FUNCTION,736,1,False,3,14,319.62990083359426,10.666666666666666,3409.385608891672,189.4103116050929,0.10654330027786475
./models/01_CTSM/components/cdeps/fox/fsys/fox_m_fsys_format.F90,str_string_array,FUNCTION,765,1,False,3,20,485.5112384179137,16.666666666666668,8091.853973631896,449.54744297954977,0.1618370794726379
./models/01_CTSM/components/cdeps/fox/fsys/fox_m_fsys_format.F90,str_integer,FUNCTION,825,1,False,3,21,518.0575847114416,17.73913043478261,9189.891067924704,510.54950377359467,0.17268586157048052
./models/01_CTSM/components/cdeps/fox/fsys/fox_m_fsys_format.F90,str_string_array_len,FUNCTION,132,1,False,2,9,184.47733175670794,6.200000000000001,1143.7594568915895,63.54219204953275,0.06149244391890265
./models/01_CTSM/components/cdeps/fox/fsys/fox_m_fsys_format.F90,str_integer_array_len,FUNCTION,197,1,False,2,9,165.66917302429982,5.357142857142857,887.5134269158918,49.306301495327325,0.05522305767476661
./models/01_CTSM/components/cdeps/fox/fsys/fox_m_fsys_format.F90,str_integer_array_fmt_len,FUNCTION,211,1,False,2,10,214.05271769459029,6.9375,1484.9907290062201,82.49948494479001,0.07135090589819676
./models/01_CTSM/components/cdeps/fox/fsys/fox_m_fsys_format.F90,str_logical_len,FUNCTION,259,0,False,2,9,110.36149671375915,3.958333333333333,436.84759115862994,24.269310619923885,0.03678716557125305
./models/01_CTSM/components/cdeps/fox/fsys/fox_m_fsys_format.F90,str_real_sp_array_len,FUNCTION,364,1,False,2,9,187.29612798276648,4.705882352941177,881.3935434483128,48.96630796935071,0.06243204266092216
./models/01_CTSM/components/cdeps/fox/fsys/fox_m_fsys_format.F90,str_real_sp_array_fmt_len,FUNCTION,377,1,False,2,10,236.83666567851094,6.157894736842106,1458.415257072936,81.02306983738532,0.07894555522617032
./models/01_CTSM/components/cdeps/fox/fsys/fox_m_fsys_format.F90,str_real_dp_array_len,FUNCTION,492,1,False,2,9,187.29612798276648,4.705882352941177,881.3935434483128,48.96630796935071,0.06243204266092216
./models/01_CTSM/components/cdeps/fox/fsys/fox_m_fsys_format.F90,str_real_dp_array_fmt_len,FUNCTION,505,1,False,2,10,236.83666567851094,6.157894736842106,1458.415257072936,81.02306983738532,0.07894555522617032
./models/01_CTSM/components/cdeps/fox/fsys/fox_m_fsys_format.F90,str_complex_sp_array_fmt_len,FUNCTION,561,1,False,2,10,236.83666567851094,6.157894736842106,1458.415257072936,81.02306983738532,0.07894555522617032
./models/01_CTSM/components/cdeps/fox/fsys/fox_m_fsys_format.F90,str_complex_dp_array_fmt_len,FUNCTION,622,1,False,2,10,236.83666567851094,6.157894736842106,1458.415257072936,81.02306983738532,0.07894555522617032
./models/01_CTSM/components/cdeps/fox/fsys/fox_m_fsys_format.F90,str_integer_array,FUNCTION,908,1,False,2,14,348.45715005480787,9.666666666666668,3368.4191171964767,187.13439539980425,0.11615238335160262
./models/01_CTSM/components/cdeps/fox/fsys/fox_m_fsys_format.F90,str_integer_array_fmt,FUNCTION,932,1,False,2,16,417.9470570797252,13.416666666666668,5607.45634915298,311.5253527307211,0.13931568569324174
./models/01_CTSM/components/cdeps/fox/fsys/fox_m_fsys_format.F90,str_logical,FUNCTION,1017,0,False,2,11,150.11730005192322,4.8076923076923075,721.7177887111693,40.09543270617607,0.05003910001730774
./models/01_CTSM/components/cdeps/fox/fsys/fox_m_fsys_format.F90,str_real_sp_fmt_chk,FUNCTION,1226,0,False,2,12,246.1243780580604,8.941176470588236,2200.641497930893,122.25786099616072,0.0820414593526868
./models/01_CTSM/components/cdeps/fox/fsys/fox_m_fsys_format.F90,str_real_sp_array,FUNCTION,1377,1,False,2,15,385.14588767524094,8.714285714285714,3356.271306884242,186.45951704912457,0.12838196255841364
./models/01_CTSM/components/cdeps/fox/fsys/fox_m_fsys_format.F90,str_real_sp_array_fmt,FUNCTION,1401,1,False,2,14,422.64434657609877,10.659090909090908,4505.004512367962,250.27802846488677,0.14088144885869958
./models/01_CTSM/components/cdeps/fox/fsys/fox_m_fsys_format.F90,str_real_sp_array_fmt_chk,FUNCTION,1423,0,False,2,13,286.7268228066066,10.0,2867.268228066066,159.29267933700368,0.0955756076022022
./models/01_CTSM/components/cdeps/fox/fsys/fox_m_fsys_format.F90,str_real_sp_matrix_fmt_chk,FUNCTION,1474,0,False,2,13,286.7268228066066,10.0,2867.268228066066,159.29267933700368,0.0955756076022022
./models/01_CTSM/components/cdeps/fox/fsys/fox_m_fsys_format.F90,str_real_dp_fmt_chk,FUNCTION,1574,0,False,2,12,246.1243780580604,8.941176470588236,2200.641497930893,122.25786099616072,0.0820414593526868
./models/01_CTSM/components/cdeps/fox/fsys/fox_m_fsys_format.F90,str_real_dp_array,FUNCTION,1725,1,False,2,15,385.14588767524094,8.714285714285714,3356.271306884242,186.45951704912457,0.12838196255841364
./models/01_CTSM/components/cdeps/fox/fsys/fox_m_fsys_format.F90,str_real_dp_array_fmt,FUNCTION,1749,1,False,2,14,422.64434657609877,10.659090909090908,4505.004512367962,250.27802846488677,0.14088144885869958
./models/01_CTSM/components/cdeps/fox/fsys/fox_m_fsys_format.F90,str_real_dp_array_fmt_chk,FUNCTION,1771,0,False,2,13,286.7268228066066,10.0,2867.268228066066,159.29267933700368,0.0955756076022022
./models/01_CTSM/components/cdeps/fox/fsys/fox_m_fsys_format.F90,str_real_dp_matrix_fmt_chk,FUNCTION,1820,0,False,2,13,286.7268228066066,10.0,2867.268228066066,159.29267933700368,0.0955756076022022
./models/01_CTSM/components/cdeps/fox/fsys/fox_m_fsys_format.F90,str_complex_sp_fmt_chk,FUNCTION,1860,0,False,2,12,246.1243780580604,8.941176470588236,2200.641497930893,122.25786099616072,0.0820414593526868
./models/01_CTSM/components/cdeps/fox/fsys/fox_m_fsys_format.F90,str_complex_sp_array_fmt,FUNCTION,1904,1,False,2,13,447.08400775135715,10.090909090909092,4511.484078218241,250.63800434545783,0.1490280025837857
./models/01_CTSM/components/cdeps/fox/fsys/fox_m_fsys_format.F90,str_complex_sp_array_fmt_chk,FUNCTION,1924,0,False,2,13,286.7268228066066,10.0,2867.268228066066,159.29267933700368,0.0955756076022022
./models/01_CTSM/components/cdeps/fox/fsys/fox_m_fsys_format.F90,str_complex_sp_matrix_fmt_chk,FUNCTION,1991,0,False,2,13,286.7268228066066,10.0,2867.268228066066,159.29267933700368,0.0955756076022022
./models/01_CTSM/components/cdeps/fox/fsys/fox_m_fsys_format.F90,str_complex_dp_fmt_chk,FUNCTION,2028,0,False,2,12,246.1243780580604,8.941176470588236,2200.641497930893,122.25786099616072,0.0820414593526868
./models/01_CTSM/components/cdeps/fox/fsys/fox_m_fsys_format.F90,str_complex_dp_array_fmt,FUNCTION,2072,1,False,2,13,447.08400775135715,10.090909090909092,4511.484078218241,250.63800434545783,0.1490280025837857
./models/01_CTSM/components/cdeps/fox/fsys/fox_m_fsys_format.F90,str_complex_dp_array_fmt_chk,FUNCTION,2092,0,False,2,13,286.7268228066066,10.0,2867.268228066066,159.29267933700368,0.0955756076022022
./models/01_CTSM/components/cdeps/fox/fsys/fox_m_fsys_format.F90,str_complex_dp_matrix_fmt_chk,FUNCTION,2159,0,False,2,13,286.7268228066066,10.0,2867.268228066066,159.29267933700368,0.0955756076022022
./models/01_CTSM/components/cdeps/fox/fsys/fox_m_fsys_format.F90,str_string_matrix_len,FUNCTION,145,0,False,1,5,131.68575291675114,4.285714285714286,564.3675125003621,31.35375069446456,0.04389525097225038
./models/01_CTSM/components/cdeps/fox/fsys/fox_m_fsys_format.F90,str_integer_len,FUNCTION,152,0,False,1,5,160.5395382709427,4.411764705882353,708.2626688423943,39.347926046799685,0.05351317942364757
./models/01_CTSM/components/cdeps/fox/fsys/fox_m_fsys_format.F90,str_integer_base_len,FUNCTION,160,0,False,1,5,189.98960215439456,4.861111111111111,923.5605660283068,51.308920334905935,0.06332986738479819
./models/01_CTSM/components/cdeps/fox/fsys/fox_m_fsys_format.F90,str_logical_array_len,FUNCTION,270,0,False,1,5,122.9848878378053,4.3999999999999995,541.1335064863433,30.06297258257463,0.04099496261260177
./models/01_CTSM/components/cdeps/fox/fsys/fox_m_fsys_format.F90,str_logical_matrix_len,FUNCTION,278,0,False,1,5,122.9848878378053,4.3999999999999995,541.1335064863433,30.06297258257463,0.04099496261260177
./models/01_CTSM/components/cdeps/fox/fsys/fox_m_fsys_format.F90,str_real_sp_len,FUNCTION,356,0,False,1,5,85.95159310338741,1.4615384615384615,125.62155915110466,6.978975508394703,0.02865053103446247
./models/01_CTSM/components/cdeps/fox/fsys/fox_m_fsys_format.F90,str_real_sp_matrix_len,FUNCTION,407,0,False,1,5,92.0,1.4285714285714286,131.42857142857144,7.301587301587302,0.030666666666666665
./models/01_CTSM/components/cdeps/fox/fsys/fox_m_fsys_format.F90,str_real_dp_len,FUNCTION,484,0,False,1,5,85.95159310338741,1.4615384615384615,125.62155915110466,6.978975508394703,0.02865053103446247
./models/01_CTSM/components/cdeps/fox/fsys/fox_m_fsys_format.F90,str_real_dp_matrix_len,FUNCTION,535,0,False,1,5,92.0,1.4285714285714286,131.42857142857144,7.301587301587302,0.030666666666666665
./models/01_CTSM/components/cdeps/fox/fsys/fox_m_fsys_format.F90,str_complex_sp_fmt_len,FUNCTION,542,0,False,1,9,233.83308753677895,4.1,958.7156589007936,53.26198105004409,0.07794436251225965
./models/01_CTSM/components/cdeps/fox/fsys/fox_m_fsys_format.F90,str_complex_sp_len,FUNCTION,554,0,False,1,5,85.95159310338741,1.4615384615384615,125.62155915110466,6.978975508394703,0.02865053103446247
./models/01_CTSM/components/cdeps/fox/fsys/fox_m_fsys_format.F90,str_complex_sp_array_len,FUNCTION,574,0,False,1,5,92.0,1.4285714285714286,131.42857142857144,7.301587301587302,0.030666666666666665
./models/01_CTSM/components/cdeps/fox/fsys/fox_m_fsys_format.F90,str_complex_sp_matrix_len,FUNCTION,596,0,False,1,5,92.0,1.4285714285714286,131.42857142857144,7.301587301587302,0.030666666666666665
./models/01_CTSM/components/cdeps/fox/fsys/fox_m_fsys_format.F90,str_complex_dp_fmt_len,FUNCTION,603,0,False,1,9,233.83308753677895,4.1,958.7156589007936,53.26198105004409,0.07794436251225965
./models/01_CTSM/components/cdeps/fox/fsys/fox_m_fsys_format.F90,str_complex_dp_len,FUNCTION,615,0,False,1,5,85.95159310338741,1.4615384615384615,125.62155915110466,6.978975508394703,0.02865053103446247
./models/01_CTSM/components/cdeps/fox/fsys/fox_m_fsys_format.F90,str_complex_dp_array_len,FUNCTION,635,0,False,1,5,92.0,1.4285714285714286,131.42857142857144,7.301587301587302,0.030666666666666665
./models/01_CTSM/components/cdeps/fox/fsys/fox_m_fsys_format.F90,str_complex_dp_matrix_len,FUNCTION,657,0,False,1,5,92.0,1.4285714285714286,131.42857142857144,7.301587301587302,0.030666666666666665
./models/01_CTSM/components/cdeps/fox/fsys/fox_m_fsys_format.F90,FoX_error,SUBROUTINE,665,0,False,1,7,85.95159310338741,5.0,429.757965516937,23.87544252871872,0.02865053103446247
./models/01_CTSM/components/cdeps/fox/fsys/fox_m_fsys_format.F90,str_string,FUNCTION,754,0,False,1,7,121.83535750584333,3.409090909090909,415.3478096790114,23.074878315500634,0.04061178583528111
./models/01_CTSM/components/cdeps/fox/fsys/fox_m_fsys_format.F90,str_real_sp,FUNCTION,1365,0,False,1,7,134.88627376126118,1.8,242.79529277027012,13.488627376126118,0.04496209125375373
./models/01_CTSM/components/cdeps/fox/fsys/fox_m_fsys_format.F90,str_real_sp_matrix,FUNCTION,1495,0,False,1,8,166.7970000576925,2.0625,344.01881261899075,19.112156256610596,0.05559900001923083
./models/01_CTSM/components/cdeps/fox/fsys/fox_m_fsys_format.F90,str_real_dp,FUNCTION,1713,0,False,1,7,134.88627376126118,1.8,242.79529277027012,13.488627376126118,0.04496209125375373
./models/01_CTSM/components/cdeps/fox/fsys/fox_m_fsys_format.F90,str_real_dp_matrix,FUNCTION,1840,0,False,1,8,159.41105080876324,2.1333333333333333,340.07690839202826,18.893161577334904,0.05313701693625441
./models/01_CTSM/components/cdeps/fox/fsys/fox_m_fsys_format.F90,str_complex_sp_fmt,FUNCTION,1877,0,False,1,12,346.1295543881475,5.978260869565217,2069.2527707987074,114.95848726659486,0.11537651812938249
./models/01_CTSM/components/cdeps/fox/fsys/fox_m_fsys_format.F90,str_complex_sp,FUNCTION,1892,0,False,1,7,134.88627376126118,1.8,242.79529277027012,13.488627376126118,0.04496209125375373
./models/01_CTSM/components/cdeps/fox/fsys/fox_m_fsys_format.F90,str_complex_sp_array,FUNCTION,1945,0,False,1,8,166.7970000576925,2.0625,344.01881261899075,19.112156256610596,0.05559900001923083
./models/01_CTSM/components/cdeps/fox/fsys/fox_m_fsys_format.F90,str_complex_sp_matrix,FUNCTION,2012,0,False,1,8,166.7970000576925,2.0625,344.01881261899075,19.112156256610596,0.05559900001923083
./models/01_CTSM/components/cdeps/fox/fsys/fox_m_fsys_format.F90,str_complex_dp_fmt,FUNCTION,2045,0,False,1,12,346.1295543881475,5.978260869565217,2069.2527707987074,114.95848726659486,0.11537651812938249
./models/01_CTSM/components/cdeps/fox/fsys/fox_m_fsys_format.F90,str_complex_dp,FUNCTION,2060,0,False,1,7,134.88627376126118,1.8,242.79529277027012,13.488627376126118,0.04496209125375373
./models/01_CTSM/components/cdeps/fox/fsys/fox_m_fsys_format.F90,str_complex_dp_array,FUNCTION,2113,0,False,1,8,166.7970000576925,2.0625,344.01881261899075,19.112156256610596,0.05559900001923083
./models/01_CTSM/components/cdeps/fox/fsys/fox_m_fsys_format.F90,str_complex_dp_matrix,FUNCTION,2180,0,False,1,8,166.7970000576925,2.0625,344.01881261899075,19.112156256610596,0.05559900001923083
./models/01_CTSM/components/cdeps/fox/fsys/fox_m_fsys_format.F90,concat_str_int,FUNCTION,2218,0,False,1,8,182.66088307807416,6.071428571428571,1109.012504402593,61.61180580014406,0.06088696102602472
./models/01_CTSM/components/cdeps/fox/fsys/fox_m_fsys_format.F90,concat_int_str,FUNCTION,2229,0,False,1,8,182.66088307807416,6.071428571428571,1109.012504402593,61.61180580014406,0.06088696102602472
./models/01_CTSM/components/cdeps/fox/fsys/fox_m_fsys_format.F90,concat_str_logical,FUNCTION,2241,0,False,1,8,182.66088307807416,6.071428571428571,1109.012504402593,61.61180580014406,0.06088696102602472
./models/01_CTSM/components/cdeps/fox/fsys/fox_m_fsys_format.F90,concat_logical_str,FUNCTION,2252,0,False,1,8,182.66088307807416,6.071428571428571,1109.012504402593,61.61180580014406,0.06088696102602472
./models/01_CTSM/components/cdeps/fox/fsys/fox_m_fsys_format.F90,concat_str_real_sp,FUNCTION,2264,0,False,1,8,202.04660144782298,5.625,1136.5121331440043,63.139562952444685,0.06734886714927432
./models/01_CTSM/components/cdeps/fox/fsys/fox_m_fsys_format.F90,concat_real_sp_str,FUNCTION,2275,0,False,1,8,202.04660144782298,5.625,1136.5121331440043,63.139562952444685,0.06734886714927432
./models/01_CTSM/components/cdeps/fox/fsys/fox_m_fsys_format.F90,concat_str_real_dp,FUNCTION,2287,0,False,1,8,202.04660144782298,5.625,1136.5121331440043,63.139562952444685,0.06734886714927432
./models/01_CTSM/components/cdeps/fox/fsys/fox_m_fsys_format.F90,concat_real_dp_str,FUNCTION,2298,0,False,1,8,202.04660144782298,5.625,1136.5121331440043,63.139562952444685,0.06734886714927432
./models/01_CTSM/components/cdeps/fox/fsys/fox_m_fsys_format.F90,concat_str_complex_sp,FUNCTION,2310,0,False,1,8,202.04660144782298,5.625,1136.5121331440043,63.139562952444685,0.06734886714927432
./models/01_CTSM/components/cdeps/fox/fsys/fox_m_fsys_format.F90,concat_complex_sp_str,FUNCTION,2321,0,False,1,8,202.04660144782298,5.625,1136.5121331440043,63.139562952444685,0.06734886714927432
./models/01_CTSM/components/cdeps/fox/fsys/fox_m_fsys_format.F90,concat_str_complex_dp,FUNCTION,2333,0,False,1,8,202.04660144782298,5.625,1136.5121331440043,63.139562952444685,0.06734886714927432
./models/01_CTSM/components/cdeps/fox/fsys/fox_m_fsys_format.F90,concat_complex_dp_str,FUNCTION,2344,0,False,1,8,202.04660144782298,5.625,1136.5121331440043,63.139562952444685,0.06734886714927432
./models/01_CTSM/components/cdeps/fox/fsys/fox_m_fsys_parse_input.F90,scalartostring,SUBROUTINE,43,3,False,32,136,3378.0140245983275,69.78125,235722.04115400204,13095.668953000113,1.1260046748661092
./models/01_CTSM/components/cdeps/fox/fsys/fox_m_fsys_parse_input.F90,matrixtostring,SUBROUTINE,894,3,False,32,138,3591.8123805855635,75.46875,271069.59059731674,15059.42169985093,1.1972707935285212
./models/01_CTSM/components/cdeps/fox/fsys/fox_m_fsys_parse_input.F90,arraytostring,SUBROUTINE,744,2,False,31,136,3494.075989277113,72.84375,254521.5978439047,14140.088769105816,1.1646919964257043
./models/01_CTSM/components/cdeps/fox/fsys/fox_m_fsys_parse_input.F90,matrixtocomplexsp,SUBROUTINE,1790,2,False,28,117,2701.844171353229,59.03333333333333,159498.86758221893,8861.048199012163,0.9006147237844097
./models/01_CTSM/components/cdeps/fox/fsys/fox_m_fsys_parse_input.F90,matrixtocomplexdp,SUBROUTINE,2042,2,False,28,117,2701.844171353229,59.03333333333333,159498.86758221893,8861.048199012163,0.9006147237844097
./models/01_CTSM/components/cdeps/fox/fsys/fox_m_fsys_parse_input.F90,scalartocomplexsp,SUBROUTINE,496,1,False,27,114,2571.55105616315,56.55681818181819,145438.74552868181,8079.930307148989,0.8571836853877166
./models/01_CTSM/components/cdeps/fox/fsys/fox_m_fsys_parse_input.F90,scalartocomplexdp,SUBROUTINE,620,1,False,27,114,2571.55105616315,56.55681818181819,145438.74552868181,8079.930307148989,0.8571836853877166
./models/01_CTSM/components/cdeps/fox/fsys/fox_m_fsys_parse_input.F90,arraytocomplexsp,SUBROUTINE,1665,1,False,27,115,2635.355836040286,57.4,151269.4249887124,8403.856943817354,0.878451945346762
./models/01_CTSM/components/cdeps/fox/fsys/fox_m_fsys_parse_input.F90,arraytocomplexdp,SUBROUTINE,1917,1,False,27,115,2629.3114419209273,57.16666666666667,150308.97076314635,8350.498375730353,0.8764371473069758
./models/01_CTSM/components/cdeps/fox/fsys/fox_m_fsys_parse_input.F90,matrixtological,SUBROUTINE,1123,2,False,18,71,1774.9682415236543,50.51351351351351,89659.88225426243,4981.104569681246,0.5916560805078848
./models/01_CTSM/components/cdeps/fox/fsys/fox_m_fsys_parse_input.F90,scalartological,SUBROUTINE,193,1,False,17,68,1650.7078740086217,47.25,77995.94704690737,4333.108169272632,0.550235958002874
./models/01_CTSM/components/cdeps/fox/fsys/fox_m_fsys_parse_input.F90,arraytological,SUBROUTINE,1044,1,False,17,69,1704.6724695821233,48.24324324324324,82238.92860011054,4568.829366672808,0.5682241565273745
./models/01_CTSM/components/cdeps/fox/fsys/fox_m_fsys_parse_input.F90,matrixtointeger,SUBROUTINE,1279,2,False,17,68,1655.096152786417,50.4,83416.84610043542,4634.269227801968,0.5516987175954723
./models/01_CTSM/components/cdeps/fox/fsys/fox_m_fsys_parse_input.F90,matrixtorealsp,SUBROUTINE,1433,2,False,17,68,1687.0985265967406,48.24324324324324,81391.10459392384,4521.728032995768,0.5623661755322469
./models/01_CTSM/components/cdeps/fox/fsys/fox_m_fsys_parse_input.F90,matrixtorealdp,SUBROUTINE,1587,2,False,17,68,1705.966484314934,47.526315789473685,81078.30185980976,4504.350103322764,0.5686554947716447
./models/01_CTSM/components/cdeps/fox/fsys/fox_m_fsys_parse_input.F90,scalartointeger,SUBROUTINE,271,1,False,16,65,1543.6230435110842,47.55882352941176,73412.89592227715,4078.4942179042864,0.5145410145036947
./models/01_CTSM/components/cdeps/fox/fsys/fox_m_fsys_parse_input.F90,scalartorealsp,SUBROUTINE,346,1,False,16,65,1574.88030382448,45.5,71657.05382401384,3980.9474346674356,0.5249601012748267
./models/01_CTSM/components/cdeps/fox/fsys/fox_m_fsys_parse_input.F90,scalartorealdp,SUBROUTINE,421,1,False,16,65,1574.88030382448,45.5,71657.05382401384,3980.9474346674356,0.5249601012748267
./models/01_CTSM/components/cdeps/fox/fsys/fox_m_fsys_parse_input.F90,arraytointeger,SUBROUTINE,1204,1,False,16,66,1591.2152486437835,48.3,76855.69650949474,4269.760917194152,0.5304050828812612
./models/01_CTSM/components/cdeps/fox/fsys/fox_m_fsys_parse_input.F90,arraytorealsp,SUBROUTINE,1357,1,False,16,66,1622.6607356503373,46.25675675675676,75059.02294771763,4169.945719317646,0.5408869118834457
./models/01_CTSM/components/cdeps/fox/fsys/fox_m_fsys_parse_input.F90,arraytorealdp,SUBROUTINE,1511,1,False,16,66,1622.6607356503373,46.25675675675676,75059.02294771763,4169.945719317646,0.5408869118834457
./models/01_CTSM/components/cdeps/fox/fsys/fox_m_fsys_string.F90,toLower,FUNCTION,17,1,False,3,13,283.2752275762582,10.352941176470589,2932.7317678483205,162.92954265824002,0.09442507585875273
./models/01_CTSM/components/cdeps/fox/fsys/fox_m_fsys_string_list.F90,tokenize_and_add_strings,SUBROUTINE,146,1,False,8,34,914.3047027435053,24.470588235294116,22373.573902429307,1242.9763279127392,0.3047682342478351
./models/01_CTSM/components/cdeps/fox/fsys/fox_m_fsys_string_list.F90,tokenize_to_string_list,FUNCTION,93,1,False,6,28,722.5705346523539,21.25,15354.623861362521,853.0346589645845,0.24085684488411796
./models/01_CTSM/components/cdeps/fox/fsys/fox_m_fsys_string_list.F90,destroy_string_list,SUBROUTINE,42,1,False,3,10,164.2332676057198,4.833333333333333,793.7941267609789,44.09967370894327,0.05474442253523993
./models/01_CTSM/components/cdeps/fox/fsys/fox_m_fsys_string_list.F90,registered_string,FUNCTION,130,1,False,3,13,264.97209216286,7.928571428571429,2100.850159291247,116.71389773840262,0.08832403072095334
./models/01_CTSM/components/cdeps/fox/fsys/fox_m_fsys_string_list.F90,add_string,SUBROUTINE,55,1,False,2,13,293.24865024551383,6.818181818181818,1999.4226153103216,111.07903418390676,0.09774955008183794
./models/01_CTSM/components/cdeps/fox/fsys/fox_m_fsys_string_list.F90,remove_last_string,SUBROUTINE,71,1,False,2,11,217.13097389073664,5.416666666666666,1176.1261085748233,65.34033936526797,0.07237699129691222
./models/01_CTSM/components/cdeps/fox/fsys/fox_m_fsys_string_list.F90,init_string_list,SUBROUTINE,36,0,False,1,4,51.89147427955946,0.7,36.32403199569162,2.0180017775384234,0.017297158093186486
./models/01_CTSM/components/cdeps/fox/fsys/fox_m_fsys_string_list.F90,get_last_string,FUNCTION,86,0,False,1,5,132.0,2.142857142857143,282.85714285714283,15.714285714285714,0.044
./models/01_CTSM/components/cdeps/fox/fsys/fox_m_fsys_varstr.F90,ensure_varstr_size,SUBROUTINE,68,0,False,4,20,463.0077442552005,14.142857142857142,6548.252383037836,363.79179905765756,0.1543359147517335
./models/01_CTSM/components/cdeps/fox/fsys/fox_m_fsys_varstr.F90,equal_varstr_str,FUNCTION,224,1,False,4,12,252.0090376146638,6.6499999999999995,1675.860100137514,93.10333889652856,0.08400301253822128
./models/01_CTSM/components/cdeps/fox/fsys/fox_m_fsys_varstr.F90,equal_varstr_varstr,FUNCTION,240,1,False,4,11,224.66316253533665,6.0,1347.97897521202,74.88772084511223,0.07488772084511222
./models/01_CTSM/components/cdeps/fox/fsys/fox_m_fsys_varstr.F90,str_varstr,FUNCTION,161,1,False,3,12,210.90827503317317,5.5,1159.9955126824525,64.44419514902513,0.07030275834439105
./models/01_CTSM/components/cdeps/fox/fsys/fox_m_fsys_varstr.F90,append_varstr,SUBROUTINE,178,1,False,3,15,346.7937417270812,8.869565217391305,3075.9097092315033,170.88387273508351,0.11559791390902707
./models/01_CTSM/components/cdeps/fox/fsys/fox_m_fsys_varstr.F90,destroy_varstr,SUBROUTINE,49,0,False,2,5,79.9544533632097,2.4545454545454546,196.2518400733329,10.90288000407405,0.02665148445440323
./models/01_CTSM/components/cdeps/fox/fsys/fox_m_fsys_varstr.F90,varstr_len,FUNCTION,56,0,False,2,6,108.41805003750011,4.038461538461538,437.84212515144276,24.324562508413486,0.036139350012500036
./models/01_CTSM/components/cdeps/fox/fsys/fox_m_fsys_varstr.F90,vs_varstr_alloc,FUNCTION,122,0,False,2,10,167.37179237410948,5.117647058823529,856.5497609733837,47.58609783185465,0.055790597458036495
./models/01_CTSM/components/cdeps/fox/fsys/fox_m_fsys_varstr.F90,move_varstr_vs,SUBROUTINE,136,0,False,2,7,127.43782540330756,3.466666666666667,441.78446139813286,24.543581188785158,0.042479275134435855
./models/01_CTSM/components/cdeps/fox/fsys/fox_m_fsys_varstr.F90,varstr_str,SUBROUTINE,200,1,False,2,10,212.60741193467962,5.138888888888888,1092.5658668865478,60.69810371591932,0.07086913731155987
./models/01_CTSM/components/cdeps/fox/fsys/fox_m_fsys_varstr.F90,init_varstr,SUBROUTINE,42,0,False,1,5,78.13781191217038,2.125,166.04285031336207,9.224602795186781,0.026045937304056792
./models/01_CTSM/components/cdeps/fox/fsys/fox_m_fsys_varstr.F90,is_varstr_empty,FUNCTION,96,0,False,1,5,70.30835464468075,2.4000000000000004,168.74005114723383,9.374447285957435,0.02343611821489358
./models/01_CTSM/components/cdeps/fox/fsys/fox_m_fsys_varstr.F90,set_varstr_empty,SUBROUTINE,103,0,False,1,4,51.89147427955946,1.4444444444444444,74.95435173714144,4.164130652063413,0.017297158093186486
./models/01_CTSM/components/cdeps/fox/fsys/fox_m_fsys_varstr.F90,is_varstr_null,FUNCTION,109,0,False,1,5,70.30835464468075,2.4000000000000004,168.74005114723383,9.374447285957435,0.02343611821489358
./models/01_CTSM/components/cdeps/fox/fsys/fox_m_fsys_varstr.F90,set_varstr_null,SUBROUTINE,116,0,False,1,4,57.3594000115385,2.1666666666666665,124.27870002500006,6.904372223611115,0.019119800003846166
./models/01_CTSM/components/cdeps/fox/fsys/fox_m_fsys_varstr.F90,move_varstr_varstr,SUBROUTINE,146,0,False,1,10,178.41295556463058,4.8,856.3821867102267,47.57678815056815,0.059470985188210194
./models/01_CTSM/components/cdeps/fox/fsys/fox_m_fsys_varstr.F90,varstr_vs,SUBROUTINE,213,0,False,1,7,151.26748332105768,2.735294117647059,413.76105731936366,22.986725406631315,0.05042249444035256
./models/01_CTSM/components/cdeps/fox/fsys/m_ieee.f90,generate_nan,FUNCTION,10,0,False,1,6,63.11663380285988,3.2142857142857144,202.87489436633533,11.270827464796406,0.021038877934286628
./models/01_CTSM/components/cdeps/fox/sax/m_sax_operate.F90,open_xml_file,SUBROUTINE,27,0,False,8,18,598.5472339284424,12.8125,7668.886434708169,426.04924637267607,0.19951574464281416
./models/01_CTSM/components/cdeps/fox/sax/m_sax_operate.F90,open_xml_string,SUBROUTINE,53,0,False,1,7,189.98960215439456,3.5789473684210527,679.9627866578331,37.77571036987962,0.06332986738479819
./models/01_CTSM/components/cdeps/fox/sax/m_sax_operate.F90,close_xml_t,SUBROUTINE,64,0,False,1,5,70.30835464468075,1.4545454545454546,102.26669766499018,5.681483203610565,0.02343611821489358
./models/01_CTSM/components/cdeps/fox/sax/m_sax_operate.F90,parse,SUBROUTINE,73,0,False,1,132,3911.2391680049777,15.492537313432836,60595.018752077114,3366.389930670951,1.3037463893349925
./models/01_CTSM/components/cdeps/fox/sax/m_sax_operate.F90,stop_parser,SUBROUTINE,303,0,False,1,4,57.3594000115385,1.4,80.3031600161539,4.461286667564106,0.019119800003846166
./models/01_CTSM/components/cdeps/fox/sax/m_sax_parser.F90,sax_parse,SUBROUTINE,160,2,False,315,2225,79874.1064958173,182.35839598997495,14565713.94170968,809206.3300949823,26.62470216527243
./models/01_CTSM/components/cdeps/fox/sax/m_sax_parser.F90,parseDTD,SUBROUTINE,1559,1,False,202,649,17355.06227808172,85.62666666666667,1486056.132664544,82558.67403691911,5.785020759360574
./models/01_CTSM/components/cdeps/fox/sax/m_sax_parser.F90,checkAttributes,SUBROUTINE,2582,2,False,48,172,5057.698409214393,42.23255813953488,213599.54211937994,11866.641228854442,1.685899469738131
./models/01_CTSM/components/cdeps/fox/sax/m_sax_parser.F90,add_entity,SUBROUTINE,2456,0,False,24,67,3073.933037464819,52.44318181818182,161206.82918068342,8955.934954482413,1.0246443458216064
./models/01_CTSM/components/cdeps/fox/sax/m_sax_parser.F90,open_tag,SUBROUTINE,2334,0,False,21,54,1577.1397890274745,20.625,32528.50814869166,1807.139341593981,0.5257132630091582
./models/01_CTSM/components/cdeps/fox/sax/m_sax_parser.F90,endDTDchecks,SUBROUTINE,2870,5,False,15,53,1488.0,22.400000000000002,33331.200000000004,1851.7333333333336,0.496
./models/01_CTSM/components/cdeps/fox/sax/m_sax_parser.F90,close_tag,SUBROUTINE,2407,0,False,11,33,851.9235664882294,22.931034482758623,19535.4886798163,1085.304926656461,0.28397452216274316
./models/01_CTSM/components/cdeps/fox/sax/m_sax_parser.F90,checkXMLAttributes,SUBROUTINE,2828,0,False,8,30,593.8776836817003,12.592592592592593,7478.459720436227,415.4699844686793,0.1979592278939001
./models/01_CTSM/components/cdeps/fox/sax/m_sax_parser.F90,sax_error,SUBROUTINE,2952,2,False,5,32,779.8431396788138,18.727272727272727,14604.335161257786,811.3519534032104,0.25994771322627125
./models/01_CTSM/components/cdeps/fox/sax/m_sax_parser.F90,getDefaultAttributes,SUBROUTINE,2560,1,False,4,16,464.0516875841703,9.264705882352942,4299.3023996768725,238.8501333153818,0.15468389586139009
./models/01_CTSM/components/cdeps/fox/sax/m_sax_parser.F90,checkIdRefs,SUBROUTINE,2937,1,False,3,11,199.70527509086565,8.235294117647058,1644.6316772188934,91.36842651216074,0.06656842503028855
./models/01_CTSM/components/cdeps/fox/sax/m_sax_parser.F90,sax_parser_init,SUBROUTINE,70,0,False,2,42,1156.493780824763,11.773584905660377,13616.07772140853,756.4487623004738,0.3854979269415877
./models/01_CTSM/components/cdeps/fox/sax/m_sax_parser.F90,sax_parser_destroy,SUBROUTINE,126,0,False,2,27,573.2403199569162,6.157894736842106,3529.953549208379,196.10853051157662,0.1910801066523054
./models/01_CTSM/components/cdeps/fox/sax/m_sax_parser.F90,URIlength,FUNCTION,2990,0,False,2,12,264.4045207131682,8.4,2220.997973990613,123.38877633281183,0.08813484023772274
./models/01_CTSM/components/cdeps/fox/sax/m_sax_parser.F90,getURIofQName,FUNCTION,3003,0,False,2,12,281.76289771739914,8.380952380952381,2361.441428488679,131.19119047159327,0.09392096590579971
./models/01_CTSM/components/cdeps/fox/sax/m_sax_parser.F90,getNSDict,FUNCTION,63,0,False,1,5,74.00879436282185,1.6363636363636365,121.10529986643576,6.728072214801987,0.024669598120940616
./models/01_CTSM/components/cdeps/fox/sax/m_sax_parser.F90,getLocalNameofQName,FUNCTION,3018,0,False,1,5,130.79881092001085,5.208333333333334,681.2438068750566,37.84687815972537,0.04359960364000362
./models/01_CTSM/components/cdeps/fox/sax/m_sax_reader.F90,open_new_file,SUBROUTINE,87,1,False,8,51,1605.9615524757828,29.25,46974.37540991665,2609.687522773147,0.5353205174919275
./models/01_CTSM/components/cdeps/fox/sax/m_sax_reader.F90,open_new_string,SUBROUTINE,199,1,False,6,46,1543.6230435110842,23.111111111111107,35674.84367225616,1981.9357595697866,0.5145410145036947
./models/01_CTSM/components/cdeps/fox/sax/m_sax_reader.F90,open_file,SUBROUTINE,52,0,False,5,29,642.546812270572,12.941176470588236,8315.311688207403,461.96176045596684,0.21418227075685733
./models/01_CTSM/components/cdeps/fox/sax/m_sax_reader.F90,open_actual_file,SUBROUTINE,146,0,False,4,15,413.594000115385,12.100000000000001,5004.487401396159,278.02707785534216,0.1378646667051283
./models/01_CTSM/components/cdeps/fox/sax/m_sax_reader.F90,close_file,SUBROUTINE,165,1,False,3,8,146.94555522617034,4.5,661.2549985177666,36.736388806542585,0.048981851742056784
./models/01_CTSM/components/cdeps/fox/sax/m_sax_reader.F90,close_actual_file,SUBROUTINE,179,0,False,3,15,276.9049167222716,8.380952380952381,2320.726921100943,128.92927339449682,0.09230163890742386
./models/01_CTSM/components/cdeps/fox/sax/m_sax_reader.F90,get_character,FUNCTION,288,0,False,3,22,493.305186263697,8.241935483870968,4065.7895190443414,225.87719550246342,0.16443506208789901
./models/01_CTSM/components/cdeps/fox/sax/m_sax_reader.F90,get_all_characters,FUNCTION,315,1,False,3,17,327.8856177582995,9.5625,3135.4062198137385,174.1892344340966,0.10929520591943316
./models/01_CTSM/components/cdeps/fox/sax/m_sax_reader.F90,parse_text_declaration,SUBROUTINE,368,0,False,3,15,312.11436755437313,10.952380952380953,3418.395454166944,189.91085856483022,0.10403812251812437
./models/01_CTSM/components/cdeps/fox/sax/m_sax_reader.F90,pop_buffer_stack,SUBROUTINE,252,1,False,2,22,801.3383752235584,14.96551724137931,11992.443270587046,666.246848365947,0.26711279174118613
./models/01_CTSM/components/cdeps/fox/sax/m_sax_reader.F90,parse_xml_declaration,SUBROUTINE,349,0,False,2,16,361.20986172877406,9.076923076923077,3278.674129538103,182.14856275211685,0.12040328724292469
./models/01_CTSM/components/cdeps/fox/sax/m_sax_reader.F90,push_chars,SUBROUTINE,280,0,False,1,5,104.2481250360578,3.0,312.7443751081734,17.374687506009636,0.03474937501201927
./models/01_CTSM/components/cdeps/fox/sax/m_sax_reader.F90,line,FUNCTION,335,0,False,1,5,79.9544533632097,1.5833333333333333,126.59455115841534,7.033030619911964,0.02665148445440323
./models/01_CTSM/components/cdeps/fox/sax/m_sax_reader.F90,column,FUNCTION,342,0,False,1,5,82.0447025077789,1.4615384615384615,119.91148828059991,6.661749348922218,0.02734823416925963
./models/01_CTSM/components/cdeps/fox/sax/m_sax_reader.F90,reading_main_file,FUNCTION,389,0,False,1,5,88.0,2.192307692307692,192.9230769230769,10.717948717948717,0.029333333333333333
./models/01_CTSM/components/cdeps/fox/sax/m_sax_reader.F90,reading_first_entity,FUNCTION,396,0,False,1,5,88.0,2.192307692307692,192.9230769230769,10.717948717948717,0.029333333333333333
./models/01_CTSM/components/cdeps/fox/sax/m_sax_reader.F90,add_error_position,SUBROUTINE,403,0,False,1,5,112.0,2.5384615384615383,284.30769230769226,15.794871794871792,0.037333333333333336
./models/01_CTSM/components/cdeps/fox/sax/m_sax_tokenizer.F90,sax_tokenize,SUBROUTINE,31,1,False,134,757,20227.62584666238,113.69776119402985,2299835.7730360054,127768.65405755586,6.74254194888746
./models/01_CTSM/components/cdeps/fox/sax/m_sax_tokenizer.F90,tokenizeDTD,SUBROUTINE,509,0,False,97,318,7946.05200297057,67.9390243902439,539847.020835964,29991.501157553557,2.64868400099019
./models/01_CTSM/components/cdeps/fox/sax/m_sax_tokenizer.F90,normalize_attribute_text,FUNCTION,873,1,False,19,113,3346.8957014571356,46.62121212121212,156036.33444520616,8668.685246955898,1.1156319004857118
./models/01_CTSM/components/cdeps/fox/sax/m_sax_tokenizer.F90,expand_pe_text,FUNCTION,1009,1,False,19,112,3228.120298503274,44.91044776119403,144976.32803278137,8054.240446265631,1.0760400995010915
./models/01_CTSM/components/cdeps/fox/sax/m_sax_xml_source.F90,parse_declaration,SUBROUTINE,171,1,False,63,210,4848.553438948239,55.599999999999994,269579.57120552205,14976.642844751224,1.616184479649413
./models/01_CTSM/components/cdeps/fox/sax/m_sax_xml_source.F90,get_char_from_file,FUNCTION,48,0,False,10,48,1150.9775004326937,18.142857142857142,20882.020364993157,1160.11224249962,0.3836591668108979
./models/01_CTSM/components/cdeps/fox/sax/m_sax_xml_source.F90,read_single_char,FUNCTION,108,0,False,8,36,771.1013914573628,15.612903225806452,12039.131402108502,668.8406334504723,0.2570337971524542
./models/01_CTSM/components/cdeps/fox/sax/m_sax_xml_source.F90,rewind_source,SUBROUTINE,149,0,False,2,8,133.97977094150824,6.666666666666667,893.1984729433883,49.6221373857438,0.04465992364716941
./models/01_CTSM/components/cdeps/fox/sax/m_sax_xml_source.F90,push_file_chars,SUBROUTINE,159,0,False,1,8,171.8953543301665,4.444444444444445,763.9793525785178,42.443297365473214,0.05729845144338883
./models/01_CTSM/components/cdeps/fox/sax/test/m_canonicalize.f90,start_document_handler,SUBROUTINE,29,0,False,1,3,16.253496664211536,1.6666666666666667,27.089161107019226,1.5049533948344014,0.005417832221403845
./models/01_CTSM/components/cdeps/fox/sax/test/m_canonicalize.f90,end_document_handler,SUBROUTINE,33,0,False,1,3,16.253496664211536,1.6666666666666667,27.089161107019226,1.5049533948344014,0.005417832221403845
./models/01_CTSM/components/cdeps/fox/sax/test/m_canonicalize.f90,begin_element_handler,SUBROUTINE,37,0,False,1,9,233.38411712391758,6.333333333333333,1478.099408451478,82.1166338028599,0.07779470570797252
./models/01_CTSM/components/cdeps/fox/sax/test/m_canonicalize.f90,end_element_handler,SUBROUTINE,49,0,False,1,6,144.5549520375152,4.7272727272727275,683.3506823591628,37.96392679773126,0.04818498401250507
./models/01_CTSM/components/cdeps/fox/sax/test/m_canonicalize.f90,characters_handler,SUBROUTINE,59,0,False,1,5,91.3765181293825,2.8,255.854250762271,14.214125042348389,0.030458839376460836
./models/01_CTSM/components/cdeps/fox/sax/test/m_canonicalize.f90,comment_handler,SUBROUTINE,68,0,False,1,5,96.21143267166839,3.3333333333333335,320.70477557222796,17.816931976234887,0.032070477557222796
./models/01_CTSM/components/cdeps/fox/sax/test/m_canonicalize.f90,processing_instruction_handler,SUBROUTINE,77,0,False,1,8,186.90881059151775,5.357142857142857,1001.2971995974165,55.62762219985647,0.062302936863839246
./models/01_CTSM/components/cdeps/fox/sax/test/m_canonicalize.f90,start_prefix_handler,SUBROUTINE,89,0,False,1,7,156.10155180436178,4.8,749.2874486609365,41.62708048116314,0.05203385060145393
./models/01_CTSM/components/cdeps/fox/sax/test/m_canonicalize.f90,end_prefix_handler,SUBROUTINE,100,0,False,1,5,96.21143267166839,3.3333333333333335,320.70477557222796,17.816931976234887,0.032070477557222796
./models/01_CTSM/components/cdeps/fox/sax/test/m_handlers.f90,start_document_handler,SUBROUTINE,30,0,False,1,3,16.253496664211536,1.6666666666666667,27.089161107019226,1.5049533948344014,0.005417832221403845
./models/01_CTSM/components/cdeps/fox/sax/test/m_handlers.f90,end_document_handler,SUBROUTINE,34,0,False,1,3,16.253496664211536,1.6666666666666667,27.089161107019226,1.5049533948344014,0.005417832221403845
./models/01_CTSM/components/cdeps/fox/sax/test/m_handlers.f90,begin_element_handler,SUBROUTINE,38,0,False,1,9,237.1851408300531,5.9375,1408.28677367844,78.23815409324668,0.0790617136100177
./models/01_CTSM/components/cdeps/fox/sax/test/m_handlers.f90,end_element_handler,SUBROUTINE,50,0,False,1,6,144.5549520375152,4.7272727272727275,683.3506823591628,37.96392679773126,0.04818498401250507
./models/01_CTSM/components/cdeps/fox/sax/test/m_handlers.f90,characters_handler,SUBROUTINE,60,0,False,1,5,91.3765181293825,2.8,255.854250762271,14.214125042348389,0.030458839376460836
./models/01_CTSM/components/cdeps/fox/sax/test/m_handlers.f90,comment_handler,SUBROUTINE,69,0,False,1,5,96.21143267166839,3.3333333333333335,320.70477557222796,17.816931976234887,0.032070477557222796
./models/01_CTSM/components/cdeps/fox/sax/test/m_handlers.f90,processing_instruction_handler,SUBROUTINE,78,0,False,1,8,186.90881059151775,5.357142857142857,1001.2971995974165,55.62762219985647,0.062302936863839246
./models/01_CTSM/components/cdeps/fox/sax/test/m_handlers.f90,start_prefix_handler,SUBROUTINE,90,0,False,1,7,156.10155180436178,4.8,749.2874486609365,41.62708048116314,0.05203385060145393
./models/01_CTSM/components/cdeps/fox/sax/test/m_handlers.f90,end_prefix_handler,SUBROUTINE,101,0,False,1,5,96.21143267166839,3.3333333333333335,320.70477557222796,17.816931976234887,0.032070477557222796
./models/01_CTSM/components/cdeps/fox/sax/test/sax_valid.ns.no.f90,sax_well_formed,PROGRAM,1,0,False,2,8,164.99896988958,6.576923076923077,1085.1855327353146,60.28808515196192,0.05499965662986
./models/01_CTSM/components/cdeps/fox/sax/test/sax_valid.ns.no.f90,error_handler,SUBROUTINE,14,0,False,1,5,62.26976913547135,3.142857142857143,195.70498871148138,10.872499372860077,0.020756589711823783
./models/01_CTSM/components/cdeps/fox/sax/test/sax_valid.ns.no.f90,fatalError_handler,SUBROUTINE,20,0,False,1,5,62.26976913547135,3.142857142857143,195.70498871148138,10.872499372860077,0.020756589711823783
./models/01_CTSM/components/cdeps/fox/sax/test/sax_valid.ns.yes.f90,sax_well_formed,PROGRAM,1,0,False,2,8,162.51574464281416,7.125,1157.9246805800508,64.32914892111393,0.05417191488093805
./models/01_CTSM/components/cdeps/fox/sax/test/sax_valid.ns.yes.f90,error_handler,SUBROUTINE,14,0,False,1,5,62.26976913547135,3.142857142857143,195.70498871148138,10.872499372860077,0.020756589711823783
./models/01_CTSM/components/cdeps/fox/sax/test/sax_valid.ns.yes.f90,fatalError_handler,SUBROUTINE,20,0,False,1,5,62.26976913547135,3.142857142857143,195.70498871148138,10.872499372860077,0.020756589711823783
./models/01_CTSM/components/cdeps/fox/sax/test/sax_well_formed.ns.no.f90,sax_well_formed,PROGRAM,1,0,False,2,8,162.51574464281416,7.125,1157.9246805800508,64.32914892111393,0.05417191488093805
./models/01_CTSM/components/cdeps/fox/sax/test/sax_well_formed.ns.no.f90,error_handler,SUBROUTINE,14,0,False,1,5,62.26976913547135,3.142857142857143,195.70498871148138,10.872499372860077,0.020756589711823783
./models/01_CTSM/components/cdeps/fox/sax/test/sax_well_formed.ns.no.f90,fatalError_handler,SUBROUTINE,20,0,False,1,5,62.26976913547135,3.142857142857143,195.70498871148138,10.872499372860077,0.020756589711823783
./models/01_CTSM/components/cdeps/fox/sax/test/sax_well_formed.ns.yes.f90,sax_well_formed,PROGRAM,1,0,False,2,8,164.99896988958,6.576923076923077,1085.1855327353146,60.28808515196192,0.05499965662986
./models/01_CTSM/components/cdeps/fox/sax/test/sax_well_formed.ns.yes.f90,error_handler,SUBROUTINE,14,0,False,1,5,62.26976913547135,3.142857142857143,195.70498871148138,10.872499372860077,0.020756589711823783
./models/01_CTSM/components/cdeps/fox/sax/test/sax_well_formed.ns.yes.f90,fatalError_handler,SUBROUTINE,20,0,False,1,5,62.26976913547135,3.142857142857143,195.70498871148138,10.872499372860077,0.020756589711823783
./models/01_CTSM/components/cdeps/fox/sax/test/test_sax_parser_1.f90,test_sax_reader,PROGRAM,1,0,False,1,4,39.0,2.4000000000000004,93.60000000000001,5.2,0.013
./models/01_CTSM/components/cdeps/fox/sax/test/test_sax_parser_2.f90,test_sax_reader,PROGRAM,1,0,False,1,3,133.97977094150824,1.7647058823529411,236.43488989677923,13.13527166093218,0.04465992364716941
./models/01_CTSM/components/cdeps/fox/sax/test/test_sax_parser_3.f90,test_sax_reader,PROGRAM,1,0,False,1,3,118.94197037642039,1.1176470588235294,132.93514336188161,7.385285742326756,0.039647323458806796
./models/01_CTSM/components/cdeps/fox/sax/test/test_sax_parser_4.f90,test_sax_reader,PROGRAM,1,0,False,1,8,78.0,4.800000000000001,374.40000000000003,20.8,0.026
./models/01_CTSM/components/cdeps/fox/sax/test/test_sax_parser_5.f90,test_sax_reader,PROGRAM,1,0,False,1,5,48.0,3.0,144.0,8.0,0.016
./models/01_CTSM/components/cdeps/fox/sax/test/test_sax_reader_1.f90,test_sax_reader,PROGRAM,1,0,False,1,5,96.21143267166839,3.5555555555555554,342.0850939437098,19.00472744131721,0.032070477557222796
./models/01_CTSM/components/cdeps/fox/utils/fox_m_utils_mtprng.F90,mtprng_init_by_array,SUBROUTINE,156,2,False,6,31,920.2466502567315,23.461538461538463,21590.40217910024,1199.4667877277911,0.3067488834189105
./models/01_CTSM/components/cdeps/fox/utils/fox_m_utils_mtprng.F90,mtprng_rand64,FUNCTION,205,2,False,5,30,1446.5052876867794,28.689189189189186,41499.06386160854,2305.503547867141,0.48216842922892644
./models/01_CTSM/components/cdeps/fox/utils/fox_m_utils_mtprng.F90,mtprng_init,SUBROUTINE,132,1,False,2,10,285.2932501298081,6.428571428571429,1834.0280365487663,101.89044647493147,0.09509775004326937
./models/01_CTSM/components/cdeps/fox/utils/fox_m_utils_mtprng.F90,mtprng_rand,FUNCTION,264,0,False,2,11,182.83669636412918,6.533333333333333,1194.5330829123106,66.36294905068392,0.06094556545470973
./models/01_CTSM/components/cdeps/fox/utils/fox_m_utils_mtprng.F90,mtprng_rand_range,FUNCTION,288,0,False,1,7,185.46604019833754,4.722222222222222,875.8118564921496,48.65621424956387,0.061822013399445847
./models/01_CTSM/components/cdeps/fox/utils/fox_m_utils_mtprng.F90,mtprng_rand_real1,FUNCTION,306,0,False,1,6,158.12342722003538,3.411764705882353,539.4799281624736,29.97110712013742,0.05270780907334513
./models/01_CTSM/components/cdeps/fox/utils/fox_m_utils_mtprng.F90,mtprng_rand_real2,FUNCTION,325,0,False,1,6,158.12342722003538,3.411764705882353,539.4799281624736,29.97110712013742,0.05270780907334513
./models/01_CTSM/components/cdeps/fox/utils/fox_m_utils_mtprng.F90,mtprng_rand_real3,FUNCTION,344,0,False,1,6,171.8953543301665,4.166666666666667,716.2306430423605,39.79059128013114,0.05729845144338883
./models/01_CTSM/components/cdeps/fox/utils/fox_m_utils_uri.F90,parseURI,FUNCTION,385,0,False,20,144,3711.2689429854895,52.29661016949152,194086.785145453,10782.599174747389,1.2370896476618298
./models/01_CTSM/components/cdeps/fox/utils/fox_m_utils_uri.F90,checkIpvX,FUNCTION,193,2,False,17,41,1555.2848784697385,47.599999999999994,74031.56021515954,4112.864456397752,0.5184282928232462
./models/01_CTSM/components/cdeps/fox/utils/fox_m_utils_uri.F90,normalizepath,FUNCTION,628,3,False,13,46,1144.2145404007829,40.2,45997.42452411148,2555.412473561749,0.38140484680026093
./models/01_CTSM/components/cdeps/fox/utils/fox_m_utils_uri.F90,dumpURI,SUBROUTINE,760,1,False,11,49,885.218534377559,13.14,11631.771541721126,646.2095300956181,0.29507284479251966
./models/01_CTSM/components/cdeps/fox/utils/fox_m_utils_uri.F90,cleanUp,SUBROUTINE,518,1,False,10,16,276.48476035551244,6.764705882352942,1870.3380847578785,103.9076713754377,0.09216158678517081
./models/01_CTSM/components/cdeps/fox/utils/fox_m_utils_uri.F90,destroyURI,SUBROUTINE,840,1,False,10,18,408.938255478275,8.452380952380953,3456.501921304467,192.02788451691484,0.13631275182609165
./models/01_CTSM/components/cdeps/fox/utils/fox_m_utils_uri.F90,checkAuthority,FUNCTION,257,0,False,9,34,916.5071605268103,22.06060606060606,20218.7034201066,1123.2613011170333,0.3055023868422701
./models/01_CTSM/components/cdeps/fox/utils/fox_m_utils_uri.F90,checkNonOpaquePath,FUNCTION,311,3,False,8,42,884.4279222192422,22.85483870967742,20213.457512655907,1122.969861814217,0.2948093074064141
./models/01_CTSM/components/cdeps/fox/utils/fox_m_utils_uri.F90,appendPaths,FUNCTION,586,3,False,8,32,827.18800023077,36.27272727272727,30004.364735643383,1666.909151980188,0.2757293334102566
./models/01_CTSM/components/cdeps/fox/utils/fox_m_utils_uri.F90,verifyWithPctEncoding,FUNCTION,112,1,False,6,19,473.1340442362815,16.09090909090909,7613.156893620166,422.95316075667586,0.1577113480787605
./models/01_CTSM/components/cdeps/fox/utils/fox_m_utils_uri.F90,rebaseURI,FUNCTION,562,0,False,6,16,447.08400775135715,10.090909090909092,4511.484078218241,250.63800434545783,0.1490280025837857
./models/01_CTSM/components/cdeps/fox/utils/fox_m_utils_uri.F90,expressURI,FUNCTION,725,0,False,6,30,1021.8101942183737,16.0,16348.963107493979,908.2757281941099,0.3406033980727912
./models/01_CTSM/components/cdeps/fox/utils/fox_m_utils_uri.F90,unEscape_alloc,FUNCTION,84,1,False,5,23,627.9875151967088,21.53846153846154,13525.884942698345,751.4380523721303,0.20932917173223628
./models/01_CTSM/components/cdeps/fox/utils/fox_m_utils_uri.F90,expressURI_len,FUNCTION,707,0,False,5,10,445.0,6.111111111111112,2719.444444444445,151.08024691358025,0.14833333333333334
./models/01_CTSM/components/cdeps/fox/utils/fox_m_utils_uri.F90,pctEncode_len,FUNCTION,134,1,False,3,11,309.0676876406254,11.75,3631.545329777349,201.75251832096382,0.10302256254687514
./models/01_CTSM/components/cdeps/fox/utils/fox_m_utils_uri.F90,pctEncode,FUNCTION,148,1,False,3,16,473.1340442362815,18.0,8516.412796253067,473.1340442362815,0.1577113480787605
./models/01_CTSM/components/cdeps/fox/utils/fox_m_utils_uri.F90,checkOpaquePart,FUNCTION,168,0,False,3,8,226.17809780285066,9.333333333333334,2110.995579493273,117.27753219407072,0.07539269926761688
./models/01_CTSM/components/cdeps/fox/utils/fox_m_utils_uri.F90,checkScheme,FUNCTION,180,0,False,3,11,272.62550365218334,9.794117647058822,2670.126256358148,148.34034757545268,0.09087516788406111
./models/01_CTSM/components/cdeps/fox/utils/fox_m_utils_uri.F90,checkPath,FUNCTION,357,0,False,3,10,192.56842503028855,5.166666666666667,994.9368626564909,55.274270147582826,0.06418947501009618
./models/01_CTSM/components/cdeps/fox/utils/fox_m_utils_uri.F90,expressSegments,FUNCTION,688,2,False,3,15,320.63917186284954,8.59375,2755.492883196363,153.0829379553535,0.10687972395428318
./models/01_CTSM/components/cdeps/fox/utils/fox_m_utils_uri.F90,copyURI,FUNCTION,811,1,False,3,22,524.0086726487849,12.615384615384615,6610.570947261594,367.253941514533,0.17466955754959496
./models/01_CTSM/components/cdeps/fox/utils/fox_m_utils_uri.F90,checkHost,FUNCTION,247,0,False,2,6,133.97977094150824,4.928571428571429,660.3288710688621,36.68493728160345,0.04465992364716941
./models/01_CTSM/components/cdeps/fox/utils/fox_m_utils_uri.F90,checkPathSegment,FUNCTION,296,0,False,2,11,257.4729927417613,11.305555555555554,2910.875223497134,161.71529019428522,0.08582433091392043
./models/01_CTSM/components/cdeps/fox/utils/fox_m_utils_uri.F90,isAbsoluteURI,FUNCTION,549,0,False,2,9,235.5603911808226,8.526315789473683,2008.462282699645,111.58123792775805,0.07852013039360753
./models/01_CTSM/components/cdeps/fox/utils/fox_m_utils_uri.F90,hasScheme,FUNCTION,862,0,False,2,7,110.36149671375915,4.375,482.8315481226963,26.823974895705348,0.03678716557125305
./models/01_CTSM/components/cdeps/fox/utils/fox_m_utils_uri.F90,hasAuthority,FUNCTION,884,0,False,2,7,110.36149671375915,4.375,482.8315481226963,26.823974895705348,0.03678716557125305
./models/01_CTSM/components/cdeps/fox/utils/fox_m_utils_uri.F90,hasUserinfo,FUNCTION,906,0,False,2,7,110.36149671375915,4.375,482.8315481226963,26.823974895705348,0.03678716557125305
./models/01_CTSM/components/cdeps/fox/utils/fox_m_utils_uri.F90,hasHost,FUNCTION,928,0,False,2,7,110.36149671375915,4.375,482.8315481226963,26.823974895705348,0.03678716557125305
./models/01_CTSM/components/cdeps/fox/utils/fox_m_utils_uri.F90,hasPort,FUNCTION,950,0,False,2,7,118.94197037642039,4.846153846153847,576.4110872088065,32.02283817826703,0.039647323458806796
./models/01_CTSM/components/cdeps/fox/utils/fox_m_utils_uri.F90,hasQuery,FUNCTION,982,0,False,2,7,110.36149671375915,4.375,482.8315481226963,26.823974895705348,0.03678716557125305
./models/01_CTSM/components/cdeps/fox/utils/fox_m_utils_uri.F90,hasFragment,FUNCTION,1004,0,False,2,7,110.36149671375915,4.375,482.8315481226963,26.823974895705348,0.03678716557125305
./models/01_CTSM/components/cdeps/fox/utils/fox_m_utils_uri.F90,checkQuery,FUNCTION,370,0,False,1,5,85.95159310338741,2.25,193.39108448262166,10.743949137923426,0.02865053103446247
./models/01_CTSM/components/cdeps/fox/utils/fox_m_utils_uri.F90,checkFragment,FUNCTION,377,0,False,1,5,85.95159310338741,2.25,193.39108448262166,10.743949137923426,0.02865053103446247
./models/01_CTSM/components/cdeps/fox/utils/fox_m_utils_uri.F90,produceResult,SUBROUTINE,534,0,False,1,12,172.0,3.8076923076923075,654.9230769230769,36.38461538461539,0.05733333333333333
./models/01_CTSM/components/cdeps/fox/utils/fox_m_utils_uri.F90,getScheme,FUNCTION,873,0,False,1,7,124.0,1.8571428571428572,230.2857142857143,12.793650793650794,0.04133333333333333
./models/01_CTSM/components/cdeps/fox/utils/fox_m_utils_uri.F90,getAuthority,FUNCTION,895,0,False,1,7,124.0,1.8571428571428572,230.2857142857143,12.793650793650794,0.04133333333333333
./models/01_CTSM/components/cdeps/fox/utils/fox_m_utils_uri.F90,getUserinfo,FUNCTION,917,0,False,1,7,124.0,1.8571428571428572,230.2857142857143,12.793650793650794,0.04133333333333333
./models/01_CTSM/components/cdeps/fox/utils/fox_m_utils_uri.F90,getHost,FUNCTION,939,0,False,1,7,124.0,1.8571428571428572,230.2857142857143,12.793650793650794,0.04133333333333333
./models/01_CTSM/components/cdeps/fox/utils/fox_m_utils_uri.F90,getPort,FUNCTION,961,0,False,1,6,77.70923408096293,1.6363636363636365,127.16056485975753,7.064475825542085,0.025903078026987644
./models/01_CTSM/components/cdeps/fox/utils/fox_m_utils_uri.F90,getPath,FUNCTION,971,0,False,1,7,124.0,1.8571428571428572,230.2857142857143,12.793650793650794,0.04133333333333333
./models/01_CTSM/components/cdeps/fox/utils/fox_m_utils_uri.F90,getQuery,FUNCTION,993,0,False,1,7,124.0,1.8571428571428572,230.2857142857143,12.793650793650794,0.04133333333333333
./models/01_CTSM/components/cdeps/fox/utils/fox_m_utils_uri.F90,getFragment,FUNCTION,1015,0,False,1,7,124.0,1.8571428571428572,230.2857142857143,12.793650793650794,0.04133333333333333
./models/01_CTSM/components/cdeps/fox/utils/fox_m_utils_uuid.F90,generate_uuid,FUNCTION,33,0,False,17,95,3111.9417084949355,36.61971830985915,113958.42876178636,6331.023820099243,1.0373139028316452
./models/01_CTSM/components/cdeps/fox/utils/fox_m_utils_uuid.F90,int32ToHexOctets,FUNCTION,150,1,False,2,9,273.9875151967087,5.375,1472.6828941823094,81.81571634346163,0.09132917173223624
./models/01_CTSM/components/cdeps/fox/utils/fox_m_utils_uuid.F90,int64ToHexOctets,FUNCTION,162,1,False,2,9,273.9875151967087,5.375,1472.6828941823094,81.81571634346163,0.09132917173223624
./models/01_CTSM/components/cdeps/fox/utils/fox_m_utils_uuid.F90,get_utc_since_1582,FUNCTION,177,0,False,2,26,1190.9601009860799,20.892857142857142,24882.559252744883,1382.3644029302714,0.39698670032869326
./models/01_CTSM/components/cdeps/fox/utils/fox_m_utils_uuid.F90,isLeapYear,FUNCTION,232,0,False,1,5,146.94555522617034,5.571428571428571,818.6966648315205,45.48314804619558,0.048981851742056784
./models/01_CTSM/components/cdeps/fox/utils/test/test_baseURI.f90,check,SUBROUTINE,44,0,False,2,12,144.4295354570819,6.125,884.6309046746267,49.14616137081259,0.048143178485693966
./models/01_CTSM/components/cdeps/fox/utils/test/test_baseURI.f90,test_baseURI,PROGRAM,1,0,False,1,28,234.5744501067311,6.571428571428571,1541.4892435585186,85.63829130880659,0.07819148336891037
./models/01_CTSM/components/cdeps/fox/utils/test/test_nullURI.f90,check,SUBROUTINE,47,0,False,2,12,144.4295354570819,6.125,884.6309046746267,49.14616137081259,0.048143178485693966
./models/01_CTSM/components/cdeps/fox/utils/test/test_nullURI.f90,parse_nullURI,PROGRAM,1,0,False,1,27,176.86336008962905,13.5,2387.6553612099924,132.6475200672218,0.05895445336320968
./models/01_CTSM/components/cdeps/fox/utils/test/test_rfc2396.f90,check,SUBROUTINE,125,0,False,2,12,144.4295354570819,6.125,884.6309046746267,49.14616137081259,0.048143178485693966
./models/01_CTSM/components/cdeps/fox/utils/test/test_rfc2396.f90,test_rfc2396,PROGRAM,1,0,False,1,65,684.7038003115395,21.571428571428573,14770.039121006066,820.5577289447815,0.2282346001038465
./models/01_CTSM/components/cdeps/fox/utils/test/test_rfc2396b.f90,check,SUBROUTINE,117,0,False,2,12,144.4295354570819,6.125,884.6309046746267,49.14616137081259,0.048143178485693966
./models/01_CTSM/components/cdeps/fox/utils/test/test_rfc2396b.f90,test_rfc2396,PROGRAM,1,0,False,1,62,653.0045502971163,20.571428571428573,13433.236463254965,746.2909146252758,0.21766818343237213
./models/01_CTSM/components/cdeps/fox/utils/test/test_URI.f90,check,SUBROUTINE,11,0,False,2,12,144.4295354570819,6.125,884.6309046746267,49.14616137081259,0.048143178485693966
./models/01_CTSM/components/cdeps/fox/utils/test/test_URI.f90,testURI,PROGRAM,1,0,False,1,2,11.60964047443681,1.0,11.60964047443681,0.6449800263576005,0.0038698801581456034
./models/01_CTSM/components/cdeps/fox/utils/test/test_UUID.f90,testUUID,PROGRAM,1,0,False,7,42,462.86167516009664,20.8,9627.52284333001,534.8623801850006,0.15428722505336553
./models/01_CTSM/components/cdeps/fox/utils/test/test_UUID.f90,check_uuid,FUNCTION,64,0,False,2,17,656.5482261689557,11.25,7386.1675444007515,410.3426413555973,0.21884940872298522
./models/01_CTSM/components/cdeps/fox/wcml/m_wcml_coma.F90,cmlAddSymmetrysp,SUBROUTINE,246,1,False,12,38,1473.046465531203,27.21794871794872,40093.3031579839,2227.405730999106,0.491015488510401
./models/01_CTSM/components/cdeps/fox/wcml/m_wcml_coma.F90,cmlAddSymmetrydp,SUBROUTINE,487,1,False,12,38,1473.046465531203,27.21794871794872,40093.3031579839,2227.405730999106,0.491015488510401
./models/01_CTSM/components/cdeps/fox/wcml/m_wcml_coma.F90,cmlStartBand,SUBROUTINE,548,0,False,9,23,682.0577927895841,21.0,14323.213648581266,795.7340915878481,0.22735259759652804
./models/01_CTSM/components/cdeps/fox/wcml/m_wcml_coma.F90,cmlStartKPointsp,SUBROUTINE,66,0,False,8,22,813.9940546000543,10.775862068965518,8771.48765732817,487.30486985156506,0.2713313515333514
./models/01_CTSM/components/cdeps/fox/wcml/m_wcml_coma.F90,cmlAddBandListsp,SUBROUTINE,209,0,False,8,28,890.8165255225505,19.44642857142857,17323.199933822452,962.3999963234696,0.2969388418408502
./models/01_CTSM/components/cdeps/fox/wcml/m_wcml_coma.F90,cmlStartKPointdp,SUBROUTINE,307,0,False,8,22,813.9940546000543,10.775862068965518,8771.48765732817,487.30486985156506,0.2713313515333514
./models/01_CTSM/components/cdeps/fox/wcml/m_wcml_coma.F90,cmlAddBandListdp,SUBROUTINE,450,0,False,8,28,890.8165255225505,19.44642857142857,17323.199933822452,962.3999963234696,0.2969388418408502
./models/01_CTSM/components/cdeps/fox/wcml/m_wcml_coma.F90,cmlAddSymmetryNoOps,SUBROUTINE,591,0,False,8,19,606.3567236402008,11.666666666666668,7074.161775802343,393.0089875445746,0.20211890788006695
./models/01_CTSM/components/cdeps/fox/wcml/m_wcml_coma.F90,cmlAddEigenValuesp,SUBROUTINE,118,0,False,6,19,673.770698212615,9.903846153846153,6672.9213380672445,370.7178521148469,0.22459023273753834
./models/01_CTSM/components/cdeps/fox/wcml/m_wcml_coma.F90,cmlAddEigenValueVectorsp,SUBROUTINE,146,0,False,6,22,851.4609808128644,10.416666666666668,8869.38521680067,492.7436231555928,0.28382032693762144
./models/01_CTSM/components/cdeps/fox/wcml/m_wcml_coma.F90,cmlAddEigenValueVectorCmplxsp,SUBROUTINE,178,0,False,6,22,858.2075502394238,10.080645161290322,8651.285788703868,480.626988261326,0.28606918341314125
./models/01_CTSM/components/cdeps/fox/wcml/m_wcml_coma.F90,cmlAddEigenValuedp,SUBROUTINE,359,0,False,6,19,673.770698212615,9.903846153846153,6672.9213380672445,370.7178521148469,0.22459023273753834
./models/01_CTSM/components/cdeps/fox/wcml/m_wcml_coma.F90,cmlAddEigenValueVectordp,SUBROUTINE,387,0,False,6,22,851.4609808128644,10.416666666666668,8869.38521680067,492.7436231555928,0.28382032693762144
./models/01_CTSM/components/cdeps/fox/wcml/m_wcml_coma.F90,cmlAddEigenValueVectorCmplxdp,SUBROUTINE,419,0,False,6,22,858.2075502394238,10.080645161290322,8651.285788703868,480.626988261326,0.28606918341314125
./models/01_CTSM/components/cdeps/fox/wcml/m_wcml_coma.F90,cmlAddKPointsp,SUBROUTINE,97,0,False,1,15,590.0,6.928571428571429,4087.857142857143,227.1031746031746,0.19666666666666666
./models/01_CTSM/components/cdeps/fox/wcml/m_wcml_coma.F90,cmlAddKPointdp,SUBROUTINE,338,0,False,1,15,590.0,6.928571428571429,4087.857142857143,227.1031746031746,0.19666666666666666
./models/01_CTSM/components/cdeps/fox/wcml/m_wcml_coma.F90,cmlEndKpoint,SUBROUTINE,577,0,False,1,4,46.50699332842307,1.5,69.7604899926346,3.875582777368589,0.015502331109474358
./models/01_CTSM/components/cdeps/fox/wcml/m_wcml_coma.F90,cmlEndBand,SUBROUTINE,584,0,False,1,4,46.50699332842307,1.5,69.7604899926346,3.875582777368589,0.015502331109474358
./models/01_CTSM/components/cdeps/fox/wcml/m_wcml_core.F90,cmlStartCml,SUBROUTINE,69,0,False,11,49,1154.8583965905577,17.75,20498.7365394824,1138.8186966379112,0.38495279886351924
./models/01_CTSM/components/cdeps/fox/wcml/m_wcml_core.F90,cmlBeginFile,SUBROUTINE,30,0,False,2,11,301.19482169790945,10.125,3049.5975696913333,169.42208720507406,0.10039827389930314
./models/01_CTSM/components/cdeps/fox/wcml/m_wcml_core.F90,cmlAddNamespace,SUBROUTINE,55,0,False,2,7,166.9080620655929,5.8,968.0667599804387,53.78148666557993,0.05563602068853097
./models/01_CTSM/components/cdeps/fox/wcml/m_wcml_core.F90,cmlFinishFile,SUBROUTINE,46,0,False,1,4,46.50699332842307,1.5,69.7604899926346,3.875582777368589,0.015502331109474358
./models/01_CTSM/components/cdeps/fox/wcml/m_wcml_core.F90,cmlEndCml,SUBROUTINE,127,0,False,1,5,96.0,2.8333333333333335,272.0,15.11111111111111,0.032
./models/01_CTSM/components/cdeps/fox/wcml/m_wcml_geometry.F90,cmlAddLength_sp,SUBROUTINE,38,0,False,1,13,374.064536624823,6.25,2337.903353905144,129.8835196613969,0.124688178874941
./models/01_CTSM/components/cdeps/fox/wcml/m_wcml_geometry.F90,cmlAddAngle_sp,SUBROUTINE,55,0,False,1,14,436.71326300915814,6.800000000000001,2969.6501884622758,164.98056602568198,0.14557108766971938
./models/01_CTSM/components/cdeps/fox/wcml/m_wcml_geometry.F90,cmlAddTorsion_sp,SUBROUTINE,73,0,False,1,15,500.37382734907436,7.3076923076923075,3656.5779690893896,203.14322050496608,0.1667912757830248
./models/01_CTSM/components/cdeps/fox/wcml/m_wcml_geometry.F90,cmlAddLength_dp,SUBROUTINE,94,0,False,1,13,374.064536624823,6.25,2337.903353905144,129.8835196613969,0.124688178874941
./models/01_CTSM/components/cdeps/fox/wcml/m_wcml_geometry.F90,cmlAddAngle_dp,SUBROUTINE,111,0,False,1,14,436.71326300915814,6.800000000000001,2969.6501884622758,164.98056602568198,0.14557108766971938
./models/01_CTSM/components/cdeps/fox/wcml/m_wcml_geometry.F90,cmlAddTorsion_dp,SUBROUTINE,129,0,False,1,15,500.37382734907436,7.3076923076923075,3656.5779690893896,203.14322050496608,0.1667912757830248
./models/01_CTSM/components/cdeps/fox/wcml/m_wcml_inputdec.F90,wcmlDumpDec_core,SUBROUTINE,72,1,False,19,87,1601.6788074940694,28.636363636363633,45866.25676005743,2548.1253755587463,0.5338929358313564
./models/01_CTSM/components/cdeps/fox/wcml/m_wcml_inputdec.F90,wcmlDumpDec_array,SUBROUTINE,49,1,False,4,16,369.3083772200376,9.51923076923077,3515.5316677676656,195.30731487598143,0.12310279240667919
./models/01_CTSM/components/cdeps/fox/wcml/m_wcml_inputdec.F90,wcmlStartDecList,SUBROUTINE,206,0,False,2,9,232.19280948873623,6.805555555555555,1580.2010645761216,87.78894803200676,0.07739760316291208
./models/01_CTSM/components/cdeps/fox/wcml/m_wcml_inputdec.F90,wcmlStartDec,SUBROUTINE,222,0,False,2,13,330.3427076686749,7.636363636363636,2522.617040378972,140.14539113216512,0.1101142358895583
./models/01_CTSM/components/cdeps/fox/wcml/m_wcml_inputdec.F90,wcmlAddDecLine,SUBROUTINE,240,0,False,2,11,269.8789827584685,5.478260869565218,1478.4674707637841,82.13708170909912,0.08995966091948951
./models/01_CTSM/components/cdeps/fox/wcml/m_wcml_inputdec.F90,wcmlEndDec,SUBROUTINE,255,0,False,2,7,96.0,3.6363636363636367,349.0909090909091,19.393939393939394,0.032
./models/01_CTSM/components/cdeps/fox/wcml/m_wcml_inputdec.F90,wcmlEndDecList,SUBROUTINE,266,0,False,2,7,96.0,3.6363636363636367,349.0909090909091,19.393939393939394,0.032
./models/01_CTSM/components/cdeps/fox/wcml/m_wcml_inputdec.F90,wcmlDumpDec_single,SUBROUTINE,35,0,False,1,10,222.90509710918678,4.0,891.6203884367471,49.53446602426373,0.0743016990363956
./models/01_CTSM/components/cdeps/fox/wcml/m_wcml_lattice.F90,cmlAddCrystalsp,SUBROUTINE,43,0,False,9,49,1951.3143176381943,21.767441860465116,42475.12096068256,2359.728942260142,0.6504381058793981
./models/01_CTSM/components/cdeps/fox/wcml/m_wcml_lattice.F90,cmlAddLatticesp,SUBROUTINE,100,1,False,9,32,976.0094535229557,15.764705882352942,15386.50197318542,854.8056651769679,0.3253364845076519
./models/01_CTSM/components/cdeps/fox/wcml/m_wcml_lattice.F90,cmlAddCrystaldp,SUBROUTINE,140,0,False,9,49,1951.3143176381943,21.767441860465116,42475.12096068256,2359.728942260142,0.6504381058793981
./models/01_CTSM/components/cdeps/fox/wcml/m_wcml_lattice.F90,cmlAddLatticedp,SUBROUTINE,197,1,False,9,32,976.0094535229557,15.764705882352942,15386.50197318542,854.8056651769679,0.3253364845076519
./models/01_CTSM/components/cdeps/fox/wcml/m_wcml_lists.F90,cmlStartmetadataList,SUBROUTINE,43,0,False,7,16,510.82418087521967,10.5,5363.653899189807,297.9807721772115,0.17027472695840656
./models/01_CTSM/components/cdeps/fox/wcml/m_wcml_lists.F90,cmlStartpropertyList,SUBROUTINE,75,0,False,7,16,510.82418087521967,10.5,5363.653899189807,297.9807721772115,0.17027472695840656
./models/01_CTSM/components/cdeps/fox/wcml/m_wcml_lists.F90,cmlStartparameterList,SUBROUTINE,107,0,False,7,16,510.82418087521967,10.5,5363.653899189807,297.9807721772115,0.17027472695840656
./models/01_CTSM/components/cdeps/fox/wcml/m_wcml_lists.F90,cmlStartbandList,SUBROUTINE,139,0,False,7,16,510.82418087521967,10.5,5363.653899189807,297.9807721772115,0.17027472695840656
./models/01_CTSM/components/cdeps/fox/wcml/m_wcml_lists.F90,cmlStartkpointList,SUBROUTINE,171,0,False,7,16,510.82418087521967,10.5,5363.653899189807,297.9807721772115,0.17027472695840656
./models/01_CTSM/components/cdeps/fox/wcml/m_wcml_lists.F90,cmlStartmodule,SUBROUTINE,203,0,False,7,16,510.82418087521967,10.5,5363.653899189807,297.9807721772115,0.17027472695840656
./models/01_CTSM/components/cdeps/fox/wcml/m_wcml_lists.F90,cmlStartStep,SUBROUTINE,234,0,False,2,13,495.51406150301233,11.613636363636363,5754.720123364529,319.7066735202516,0.16517135383433745
./models/01_CTSM/components/cdeps/fox/wcml/m_wcml_lists.F90,cmlEndmetadataList,SUBROUTINE,65,0,False,1,4,46.50699332842307,1.5,69.7604899926346,3.875582777368589,0.015502331109474358
./models/01_CTSM/components/cdeps/fox/wcml/m_wcml_lists.F90,cmlEndpropertyList,SUBROUTINE,97,0,False,1,4,46.50699332842307,1.5,69.7604899926346,3.875582777368589,0.015502331109474358
./models/01_CTSM/components/cdeps/fox/wcml/m_wcml_lists.F90,cmlEndparameterList,SUBROUTINE,129,0,False,1,4,46.50699332842307,1.5,69.7604899926346,3.875582777368589,0.015502331109474358
./models/01_CTSM/components/cdeps/fox/wcml/m_wcml_lists.F90,cmlEndbandList,SUBROUTINE,161,0,False,1,4,46.50699332842307,1.5,69.7604899926346,3.875582777368589,0.015502331109474358
./models/01_CTSM/components/cdeps/fox/wcml/m_wcml_lists.F90,cmlEndkpointList,SUBROUTINE,193,0,False,1,4,46.50699332842307,1.5,69.7604899926346,3.875582777368589,0.015502331109474358
./models/01_CTSM/components/cdeps/fox/wcml/m_wcml_lists.F90,cmlEndmodule,SUBROUTINE,225,0,False,1,4,46.50699332842307,1.5,69.7604899926346,3.875582777368589,0.015502331109474358
./models/01_CTSM/components/cdeps/fox/wcml/m_wcml_lists.F90,cmlEndStep,SUBROUTINE,254,0,False,1,4,46.50699332842307,1.5,69.7604899926346,3.875582777368589,0.015502331109474358
./models/01_CTSM/components/cdeps/fox/wcml/m_wcml_metadata.F90,cmlAddMetadata,SUBROUTINE,16,0,False,5,17,528.8090414263364,9.021739130434783,4770.777221563688,265.04317897576044,0.17626968047544547
./models/01_CTSM/components/cdeps/fox/wcml/m_wcml_molecule.F90,checkBondIdRefs,SUBROUTINE,1543,2,False,13,44,1048.9439413989678,35.310344827586206,37038.57227560493,2057.6984597558294,0.3496479804663226
./models/01_CTSM/components/cdeps/fox/wcml/m_wcml_molecule.F90,cmlStartMolecule,SUBROUTINE,77,0,False,9,20,675.1940253072125,12.272727272727273,8286.472128770336,460.3595627094631,0.2250646751024042
./models/01_CTSM/components/cdeps/fox/wcml/m_wcml_molecule.F90,cmlAddParticlessp,SUBROUTINE,491,1,False,9,30,988.5335573393414,18.571428571428573,18358.48035058777,1019.915575032654,0.3295111857797805
./models/01_CTSM/components/cdeps/fox/wcml/m_wcml_molecule.F90,cmlAddParticlessp_sh,SUBROUTINE,533,1,False,9,30,1015.4542810665373,20.147058823529413,20458.417133252296,1136.5787296251276,0.33848476035551245
./models/01_CTSM/components/cdeps/fox/wcml/m_wcml_molecule.F90,cmlAddParticles_3_sp,SUBROUTINE,575,1,False,9,32,1133.7473876463946,22.14864864864865,25110.972545303255,1395.0540302946254,0.37791579588213153
./models/01_CTSM/components/cdeps/fox/wcml/m_wcml_molecule.F90,cmlAddParticles_3_sp_sh,SUBROUTINE,619,1,False,9,32,1183.127425407337,24.444444444444446,28920.892621068237,1606.7162567260132,0.3943758084691123
./models/01_CTSM/components/cdeps/fox/wcml/m_wcml_molecule.F90,cmlAddCoords_sp,SUBROUTINE,664,0,False,9,26,483.3089699187822,11.700000000000001,5654.714948049753,314.1508304472085,0.1611029899729274
./models/01_CTSM/components/cdeps/fox/wcml/m_wcml_molecule.F90,cmlAddParticlesdp,SUBROUTINE,1191,1,False,9,30,988.5335573393414,18.571428571428573,18358.48035058777,1019.915575032654,0.3295111857797805
./models/01_CTSM/components/cdeps/fox/wcml/m_wcml_molecule.F90,cmlAddParticlesdp_sh,SUBROUTINE,1233,1,False,9,30,1015.4542810665373,20.147058823529413,20458.417133252296,1136.5787296251276,0.33848476035551245
./models/01_CTSM/components/cdeps/fox/wcml/m_wcml_molecule.F90,cmlAddParticles_3_dp,SUBROUTINE,1275,1,False,9,32,1133.7473876463946,22.14864864864865,25110.972545303255,1395.0540302946254,0.37791579588213153
./models/01_CTSM/components/cdeps/fox/wcml/m_wcml_molecule.F90,cmlAddParticles_3_dp_sh,SUBROUTINE,1319,1,False,9,32,1183.127425407337,24.444444444444446,28920.892621068237,1606.7162567260132,0.3943758084691123
./models/01_CTSM/components/cdeps/fox/wcml/m_wcml_molecule.F90,cmlAddCoords_dp,SUBROUTINE,1364,0,False,9,26,483.3089699187822,11.700000000000001,5654.714948049753,314.1508304472085,0.1611029899729274
./models/01_CTSM/components/cdeps/fox/wcml/m_wcml_molecule.F90,cmlAddAtomssp,SUBROUTINE,319,1,False,8,30,966.5661449540228,18.142857142857142,17536.271487022983,974.2373048346102,0.3221887149846743
./models/01_CTSM/components/cdeps/fox/wcml/m_wcml_molecule.F90,cmlAddAtomssp_sh,SUBROUTINE,361,1,False,8,30,993.6165545919881,19.705882352941178,19580.090928724472,1087.7828293735818,0.33120551819732935
./models/01_CTSM/components/cdeps/fox/wcml/m_wcml_molecule.F90,cmlAddAtoms_3_sp,SUBROUTINE,403,1,False,8,32,1111.40753764351,21.7027027027027,24120.547371019962,1340.030409501109,0.37046917921450334
./models/01_CTSM/components/cdeps/fox/wcml/m_wcml_molecule.F90,cmlAddAtoms_3_sp_sh,SUBROUTINE,447,1,False,8,32,1160.9090700006263,23.986111111111107,27845.693942931684,1546.982996829538,0.38696969000020875
./models/01_CTSM/components/cdeps/fox/wcml/m_wcml_molecule.F90,cmlAddAtomsdp,SUBROUTINE,1019,1,False,8,30,966.5661449540228,18.142857142857142,17536.271487022983,974.2373048346102,0.3221887149846743
./models/01_CTSM/components/cdeps/fox/wcml/m_wcml_molecule.F90,cmlAddAtomsdp_sh,SUBROUTINE,1061,1,False,8,30,993.6165545919881,19.705882352941178,19580.090928724472,1087.7828293735818,0.33120551819732935
./models/01_CTSM/components/cdeps/fox/wcml/m_wcml_molecule.F90,cmlAddAtoms_3_dp,SUBROUTINE,1103,1,False,8,32,1111.40753764351,21.7027027027027,24120.547371019962,1340.030409501109,0.37046917921450334
./models/01_CTSM/components/cdeps/fox/wcml/m_wcml_molecule.F90,cmlAddAtoms_3_dp_sh,SUBROUTINE,1147,1,False,8,32,1160.9090700006263,23.986111111111107,27845.693942931684,1546.982996829538,0.38696969000020875
./models/01_CTSM/components/cdeps/fox/wcml/m_wcml_molecule.F90,addBondArray,SUBROUTINE,1509,1,False,7,24,630.9018110842309,14.884615384615383,9390.730803446051,521.7072668581139,0.21030060369474363
./models/01_CTSM/components/cdeps/fox/wcml/m_wcml_molecule.F90,cmlAddMoleculesp,SUBROUTINE,111,0,False,4,38,1410.964047443681,18.19047619047619,25666.107910642197,1425.8948839245666,0.4703213491478937
./models/01_CTSM/components/cdeps/fox/wcml/m_wcml_molecule.F90,cmlAddMoleculesp_sh,SUBROUTINE,162,0,False,4,40,1540.8106022775005,18.57777777777778,28624.836966755345,1590.2687203752969,0.5136035340925001
./models/01_CTSM/components/cdeps/fox/wcml/m_wcml_molecule.F90,cmlAddMolecule_3_sp,SUBROUTINE,214,0,False,4,41,1567.6209224888003,19.363636363636363,30354.841499101312,1686.3800832834063,0.5225403074962668
./models/01_CTSM/components/cdeps/fox/wcml/m_wcml_molecule.F90,cmlAddMolecule_3_sp_sh,SUBROUTINE,267,0,False,4,41,1617.1233881079345,19.130434782608695,30936.27351163005,1718.681861757225,0.5390411293693115
./models/01_CTSM/components/cdeps/fox/wcml/m_wcml_molecule.F90,cmlAddMoleculedp,SUBROUTINE,811,0,False,4,38,1410.964047443681,18.19047619047619,25666.107910642197,1425.8948839245666,0.4703213491478937
./models/01_CTSM/components/cdeps/fox/wcml/m_wcml_molecule.F90,cmlAddMoleculedp_sh,SUBROUTINE,862,0,False,4,40,1540.8106022775005,18.57777777777778,28624.836966755345,1590.2687203752969,0.5136035340925001
./models/01_CTSM/components/cdeps/fox/wcml/m_wcml_molecule.F90,cmlAddMolecule_3_dp,SUBROUTINE,914,0,False,4,41,1567.6209224888003,19.363636363636363,30354.841499101312,1686.3800832834063,0.5225403074962668
./models/01_CTSM/components/cdeps/fox/wcml/m_wcml_molecule.F90,cmlAddMolecule_3_dp_sh,SUBROUTINE,967,0,False,4,41,1617.1233881079345,19.130434782608695,30936.27351163005,1718.681861757225,0.5390411293693115
./models/01_CTSM/components/cdeps/fox/wcml/m_wcml_molecule.F90,addcoords_xyz3_sp,SUBROUTINE,693,0,False,3,11,232.98948760600993,5.285714285714286,1231.5158630603382,68.41754794779656,0.07766316253533664
./models/01_CTSM/components/cdeps/fox/wcml/m_wcml_molecule.F90,addcoords_xyzfrac_sp,SUBROUTINE,708,0,False,3,11,232.98948760600993,5.285714285714286,1231.5158630603382,68.41754794779656,0.07766316253533664
./models/01_CTSM/components/cdeps/fox/wcml/m_wcml_molecule.F90,addcoords_x3_sp,SUBROUTINE,723,0,False,3,14,331.7074896219747,7.363636363636363,2442.573332670904,135.6985184817169,0.11056916320732489
./models/01_CTSM/components/cdeps/fox/wcml/m_wcml_molecule.F90,addcoords_xyz3_dp,SUBROUTINE,1393,0,False,3,11,232.98948760600993,5.285714285714286,1231.5158630603382,68.41754794779656,0.07766316253533664
./models/01_CTSM/components/cdeps/fox/wcml/m_wcml_molecule.F90,addcoords_xyzfrac_dp,SUBROUTINE,1408,0,False,3,11,232.98948760600993,5.285714285714286,1231.5158630603382,68.41754794779656,0.07766316253533664
./models/01_CTSM/components/cdeps/fox/wcml/m_wcml_molecule.F90,addcoords_x3_dp,SUBROUTINE,1423,0,False,3,14,331.7074896219747,7.363636363636363,2442.573332670904,135.6985184817169,0.11056916320732489
./models/01_CTSM/components/cdeps/fox/wcml/m_wcml_molecule.F90,addDlpolyMatrix_sp,SUBROUTINE,752,1,False,2,23,564.2211318639463,6.833333333333334,3855.5110677369667,214.19505931872038,0.18807371062131545
./models/01_CTSM/components/cdeps/fox/wcml/m_wcml_molecule.F90,addDlpolyMatrix_3_sp,SUBROUTINE,780,1,False,2,23,573.8616751600966,6.693548387096774,3841.1708901845177,213.39838278802875,0.19128722505336554
./models/01_CTSM/components/cdeps/fox/wcml/m_wcml_molecule.F90,addDlpolyMatrix_dp,SUBROUTINE,1452,1,False,2,23,564.2211318639463,6.833333333333334,3855.5110677369667,214.19505931872038,0.18807371062131545
./models/01_CTSM/components/cdeps/fox/wcml/m_wcml_molecule.F90,addDlpolyMatrix_3_dp,SUBROUTINE,1480,1,False,2,23,573.8616751600966,6.693548387096774,3841.1708901845177,213.39838278802875,0.19128722505336554
./models/01_CTSM/components/cdeps/fox/wcml/m_wcml_molecule.F90,cmlEndMolecule,SUBROUTINE,104,0,False,1,4,46.50699332842307,1.5,69.7604899926346,3.875582777368589,0.015502331109474358
./models/01_CTSM/components/cdeps/fox/wcml/m_wcml_molecule.F90,addcoords_xfrac_sp,SUBROUTINE,741,0,False,1,8,218.26124091941205,3.8095238095238093,831.4713939787125,46.192855221039586,0.07275374697313734
./models/01_CTSM/components/cdeps/fox/wcml/m_wcml_molecule.F90,addcoords_xfrac_dp,SUBROUTINE,1441,0,False,1,8,218.26124091941205,3.8095238095238093,831.4713939787125,46.192855221039586,0.07275374697313734
./models/01_CTSM/components/cdeps/fox/wcml/m_wcml_parameter.F90,parameterCmplxDpSca,SUBROUTINE,64,0,False,9,25,943.7880751178739,11.583333333333334,10932.211870115372,607.3451038952985,0.3145960250392913
./models/01_CTSM/components/cdeps/fox/wcml/m_wcml_parameter.F90,parameterCmplxSpSca,SUBROUTINE,97,0,False,9,25,943.7880751178739,11.583333333333334,10932.211870115372,607.3451038952985,0.3145960250392913
./models/01_CTSM/components/cdeps/fox/wcml/m_wcml_parameter.F90,parameterRealDpSca,SUBROUTINE,130,0,False,9,25,943.7880751178739,11.583333333333334,10932.211870115372,607.3451038952985,0.3145960250392913
./models/01_CTSM/components/cdeps/fox/wcml/m_wcml_parameter.F90,parameterRealSpSca,SUBROUTINE,163,0,False,9,25,943.7880751178739,11.583333333333334,10932.211870115372,607.3451038952985,0.3145960250392913
./models/01_CTSM/components/cdeps/fox/wcml/m_wcml_parameter.F90,parameterIntSca,SUBROUTINE,196,0,False,9,24,845.0,11.851851851851851,10014.814814814814,556.3786008230452,0.2816666666666667
./models/01_CTSM/components/cdeps/fox/wcml/m_wcml_parameter.F90,parameterLgSca,SUBROUTINE,228,0,False,9,23,782.7630170411262,11.538461538461537,9031.880965859147,501.77116476995263,0.2609210056803754
./models/01_CTSM/components/cdeps/fox/wcml/m_wcml_parameter.F90,parameterChSca,SUBROUTINE,258,0,False,9,24,857.0759616969293,12.5,10713.449521211616,595.191640067312,0.28569198723230976
./models/01_CTSM/components/cdeps/fox/wcml/m_wcml_parameter.F90,parameterCmplxDpArrSi,SUBROUTINE,291,0,False,9,26,1002.3541550677248,11.060606060606059,11086.644442415742,615.924691245319,0.33411805168924164
./models/01_CTSM/components/cdeps/fox/wcml/m_wcml_parameter.F90,parameterCmplxSpArrSi,SUBROUTINE,325,0,False,9,26,1002.3541550677248,11.060606060606059,11086.644442415742,615.924691245319,0.33411805168924164
./models/01_CTSM/components/cdeps/fox/wcml/m_wcml_parameter.F90,parameterRealDpArrSi,SUBROUTINE,359,0,False,9,26,1002.3541550677248,11.060606060606059,11086.644442415742,615.924691245319,0.33411805168924164
./models/01_CTSM/components/cdeps/fox/wcml/m_wcml_parameter.F90,parameterRealSpArrSi,SUBROUTINE,393,0,False,9,26,1002.3541550677248,11.060606060606059,11086.644442415742,615.924691245319,0.33411805168924164
./models/01_CTSM/components/cdeps/fox/wcml/m_wcml_parameter.F90,parameterIntArrSi,SUBROUTINE,427,0,False,9,25,895.3934600600596,11.637931034482758,10420.527336905865,578.9181853836592,0.2984644866866865
./models/01_CTSM/components/cdeps/fox/wcml/m_wcml_parameter.F90,parameterLgArrSi,SUBROUTINE,460,0,False,9,24,839.431368806306,10.948275862068966,9190.326192965591,510.5736773869773,0.27981045626876866
./models/01_CTSM/components/cdeps/fox/wcml/m_wcml_parameter.F90,parameterChArrSi,SUBROUTINE,491,0,False,9,25,915.743311425061,11.810344827586208,10815.244281485637,600.8469045269799,0.30524777047502033
./models/01_CTSM/components/cdeps/fox/wcml/m_wcml_parameter.F90,parameterCmplxDpArrSh,SUBROUTINE,525,0,False,9,25,956.4361252668277,11.290322580645162,10798.472382044829,599.9151323358238,0.31881204175560923
./models/01_CTSM/components/cdeps/fox/wcml/m_wcml_parameter.F90,parameterCmplxSpArrSh,SUBROUTINE,558,0,False,9,25,956.4361252668277,11.290322580645162,10798.472382044829,599.9151323358238,0.31881204175560923
./models/01_CTSM/components/cdeps/fox/wcml/m_wcml_parameter.F90,parameterRealDpArrSh,SUBROUTINE,591,0,False,9,25,956.4361252668277,11.290322580645162,10798.472382044829,599.9151323358238,0.31881204175560923
./models/01_CTSM/components/cdeps/fox/wcml/m_wcml_parameter.F90,parameterRealSpArrSh,SUBROUTINE,624,0,False,9,25,956.4361252668277,11.290322580645162,10798.472382044829,599.9151323358238,0.31881204175560923
./models/01_CTSM/components/cdeps/fox/wcml/m_wcml_parameter.F90,parameterIntArrSh,SUBROUTINE,657,0,False,9,24,857.547000290937,11.517857142857142,9877.103842636685,548.7279912575937,0.285849000096979
./models/01_CTSM/components/cdeps/fox/wcml/m_wcml_parameter.F90,parameterLgArrSh,SUBROUTINE,689,0,False,9,23,795.0,11.203703703703704,8906.944444444445,494.8302469135803,0.265
./models/01_CTSM/components/cdeps/fox/wcml/m_wcml_parameter.F90,parameterChArrSh,SUBROUTINE,719,0,False,9,24,870.0,12.12962962962963,10552.777777777777,586.2654320987654,0.29
./models/01_CTSM/components/cdeps/fox/wcml/m_wcml_parameter.F90,parameterCmplxDpMatSi,SUBROUTINE,752,0,False,9,27,1041.224237115863,11.176470588235293,11637.212061883174,646.5117812157318,0.3470747457052876
./models/01_CTSM/components/cdeps/fox/wcml/m_wcml_parameter.F90,parameterCmplxSpMatSi,SUBROUTINE,787,0,False,9,27,1041.224237115863,11.176470588235293,11637.212061883174,646.5117812157318,0.3470747457052876
./models/01_CTSM/components/cdeps/fox/wcml/m_wcml_parameter.F90,parameterRealDpMatSi,SUBROUTINE,822,0,False,9,27,1041.224237115863,11.176470588235293,11637.212061883174,646.5117812157318,0.3470747457052876
./models/01_CTSM/components/cdeps/fox/wcml/m_wcml_parameter.F90,parameterRealSpMatSi,SUBROUTINE,857,0,False,9,27,1041.224237115863,11.176470588235293,11637.212061883174,646.5117812157318,0.3470747457052876
./models/01_CTSM/components/cdeps/fox/wcml/m_wcml_parameter.F90,parameterIntMatSi,SUBROUTINE,892,0,False,9,26,933.5295090839838,11.75,10968.97173173681,609.3873184298228,0.3111765030279946
./models/01_CTSM/components/cdeps/fox/wcml/m_wcml_parameter.F90,parameterLgMatSi,SUBROUTINE,926,0,False,9,25,877.1073958975893,11.083333333333334,9721.273637864948,540.0707576591637,0.2923691319658631
./models/01_CTSM/components/cdeps/fox/wcml/m_wcml_parameter.F90,parameterChMatSi,SUBROUTINE,958,0,False,9,26,954.0466411517638,11.916666666666666,11369.055807058518,631.614211503251,0.31801554705058793
./models/01_CTSM/components/cdeps/fox/wcml/m_wcml_parameter.F90,parameterCmplxDpMatSh,SUBROUTINE,993,0,False,9,25,956.4361252668277,11.290322580645162,10798.472382044829,599.9151323358238,0.31881204175560923
./models/01_CTSM/components/cdeps/fox/wcml/m_wcml_parameter.F90,parameterCmplxSpMatSh,SUBROUTINE,1026,0,False,9,25,956.4361252668277,11.290322580645162,10798.472382044829,599.9151323358238,0.31881204175560923
./models/01_CTSM/components/cdeps/fox/wcml/m_wcml_parameter.F90,parameterRealDpMatSh,SUBROUTINE,1059,0,False,9,25,956.4361252668277,11.290322580645162,10798.472382044829,599.9151323358238,0.31881204175560923
./models/01_CTSM/components/cdeps/fox/wcml/m_wcml_parameter.F90,parameterRealSpMatSh,SUBROUTINE,1092,0,False,9,25,956.4361252668277,11.290322580645162,10798.472382044829,599.9151323358238,0.31881204175560923
./models/01_CTSM/components/cdeps/fox/wcml/m_wcml_parameter.F90,parameterIntMatSh,SUBROUTINE,1125,0,False,9,24,857.547000290937,11.517857142857142,9877.103842636685,548.7279912575937,0.285849000096979
./models/01_CTSM/components/cdeps/fox/wcml/m_wcml_parameter.F90,parameterLgMatSh,SUBROUTINE,1157,0,False,9,23,795.0,11.203703703703704,8906.944444444445,494.8302469135803,0.265
./models/01_CTSM/components/cdeps/fox/wcml/m_wcml_parameter.F90,parameterChMatSh,SUBROUTINE,1187,0,False,9,24,870.0,12.12962962962963,10552.777777777777,586.2654320987654,0.29
./models/01_CTSM/components/cdeps/fox/wcml/m_wcml_property.F90,propertyCmplxDpSca,SUBROUTINE,64,0,False,7,21,766.7479061424849,10.267857142857142,7872.857964855872,437.3809980475484,0.2555826353808283
./models/01_CTSM/components/cdeps/fox/wcml/m_wcml_property.F90,propertyCmplxSpSca,SUBROUTINE,93,0,False,7,21,766.7479061424849,10.267857142857142,7872.857964855872,437.3809980475484,0.2555826353808283
./models/01_CTSM/components/cdeps/fox/wcml/m_wcml_property.F90,propertyRealDpSca,SUBROUTINE,122,0,False,7,21,766.7479061424849,10.267857142857142,7872.857964855872,437.3809980475484,0.2555826353808283
./models/01_CTSM/components/cdeps/fox/wcml/m_wcml_property.F90,propertyRealSpSca,SUBROUTINE,151,0,False,7,21,766.7479061424849,10.267857142857142,7872.857964855872,437.3809980475484,0.2555826353808283
./models/01_CTSM/components/cdeps/fox/wcml/m_wcml_property.F90,propertyIntSca,SUBROUTINE,180,0,False,7,20,672.244011598367,10.4,6991.337720623017,388.40765114572315,0.22408133719945567
./models/01_CTSM/components/cdeps/fox/wcml/m_wcml_property.F90,propertyLgSca,SUBROUTINE,208,0,False,7,19,612.1056053860741,10.0,6121.056053860741,340.05866965893006,0.20403520179535803
./models/01_CTSM/components/cdeps/fox/wcml/m_wcml_property.F90,propertyChSca,SUBROUTINE,234,0,False,7,20,684.9753203129876,11.041666666666668,7563.269161789239,420.18162009940215,0.22832510677099588
./models/01_CTSM/components/cdeps/fox/wcml/m_wcml_property.F90,propertyCmplxDpArrSi,SUBROUTINE,263,0,False,7,22,822.0180752293277,9.838709677419356,8087.597191772418,449.3109550984677,0.27400602507644256
./models/01_CTSM/components/cdeps/fox/wcml/m_wcml_property.F90,propertyCmplxSpArrSi,SUBROUTINE,293,0,False,7,22,822.0180752293277,9.838709677419356,8087.597191772418,449.3109550984677,0.27400602507644256
./models/01_CTSM/components/cdeps/fox/wcml/m_wcml_property.F90,propertyRealDpArrSi,SUBROUTINE,323,0,False,7,22,822.0180752293277,9.838709677419356,8087.597191772418,449.3109550984677,0.27400602507644256
./models/01_CTSM/components/cdeps/fox/wcml/m_wcml_property.F90,propertyRealSpArrSi,SUBROUTINE,353,0,False,7,22,822.0180752293277,9.838709677419356,8087.597191772418,449.3109550984677,0.27400602507644256
./models/01_CTSM/components/cdeps/fox/wcml/m_wcml_property.F90,propertyIntArrSi,SUBROUTINE,383,0,False,7,21,720.0,10.277777777777777,7399.999999999999,411.1111111111111,0.24
./models/01_CTSM/components/cdeps/fox/wcml/m_wcml_property.F90,propertyLgArrSi,SUBROUTINE,412,0,False,7,20,665.0,9.537037037037038,6342.1296296296305,352.3405349794239,0.22166666666666668
./models/01_CTSM/components/cdeps/fox/wcml/m_wcml_property.F90,propertyChArrSi,SUBROUTINE,439,0,False,7,21,740.0,10.462962962962962,7742.592592592592,430.14403292181066,0.24666666666666667
./models/01_CTSM/components/cdeps/fox/wcml/m_wcml_property.F90,propertyCmplxDpArrSh,SUBROUTINE,469,0,False,7,21,778.3818147113019,10.0,7783.818147113019,432.4343415062788,0.2594606049037673
./models/01_CTSM/components/cdeps/fox/wcml/m_wcml_property.F90,propertyCmplxSpArrSh,SUBROUTINE,498,0,False,7,21,778.3818147113019,10.0,7783.818147113019,432.4343415062788,0.2594606049037673
./models/01_CTSM/components/cdeps/fox/wcml/m_wcml_property.F90,propertyRealDpArrSh,SUBROUTINE,527,0,False,7,21,778.3818147113019,10.0,7783.818147113019,432.4343415062788,0.2594606049037673
./models/01_CTSM/components/cdeps/fox/wcml/m_wcml_property.F90,propertyRealSpArrSh,SUBROUTINE,556,0,False,7,21,778.3818147113019,10.0,7783.818147113019,432.4343415062788,0.2594606049037673
./models/01_CTSM/components/cdeps/fox/wcml/m_wcml_property.F90,propertyIntArrSh,SUBROUTINE,585,0,False,7,20,683.6790908333887,10.096153846153847,6902.529282452483,383.47384902513795,0.22789303027779625
./models/01_CTSM/components/cdeps/fox/wcml/m_wcml_property.F90,propertyLgArrSh,SUBROUTINE,613,0,False,7,19,623.1751056422819,9.7,6044.798524730134,335.82214026278524,0.20772503521409397
./models/01_CTSM/components/cdeps/fox/wcml/m_wcml_property.F90,propertyChArrSh,SUBROUTINE,639,0,False,7,20,696.7784645764096,10.700000000000001,7455.529570967584,414.1960872759769,0.23225948819213654
./models/01_CTSM/components/cdeps/fox/wcml/m_wcml_property.F90,propertyCmplxDpMatSi,SUBROUTINE,668,0,False,7,23,859.5598053287767,10.0,8595.598053287767,477.5332251826537,0.2865199351095922
./models/01_CTSM/components/cdeps/fox/wcml/m_wcml_property.F90,propertyCmplxSpMatSi,SUBROUTINE,699,0,False,7,23,859.5598053287767,10.0,8595.598053287767,477.5332251826537,0.2865199351095922
./models/01_CTSM/components/cdeps/fox/wcml/m_wcml_property.F90,propertyRealDpMatSi,SUBROUTINE,730,0,False,7,23,859.5598053287767,10.0,8595.598053287767,477.5332251826537,0.2865199351095922
./models/01_CTSM/components/cdeps/fox/wcml/m_wcml_property.F90,propertyRealSpMatSi,SUBROUTINE,761,0,False,7,23,859.5598053287767,10.0,8595.598053287767,477.5332251826537,0.2865199351095922
./models/01_CTSM/components/cdeps/fox/wcml/m_wcml_property.F90,propertyIntMatSi,SUBROUTINE,792,0,False,7,22,756.659117903768,10.446428571428573,7904.385428101863,439.13252378343685,0.25221970596792265
./models/01_CTSM/components/cdeps/fox/wcml/m_wcml_property.F90,propertyLgMatSi,SUBROUTINE,822,0,False,7,21,701.1707825908251,9.732142857142858,6823.894223428566,379.10523463492035,0.2337235941969417
./models/01_CTSM/components/cdeps/fox/wcml/m_wcml_property.F90,propertyChMatSi,SUBROUTINE,850,0,False,7,22,776.8366943812018,10.625,8253.88987780027,458.5494376555705,0.25894556479373393
./models/01_CTSM/components/cdeps/fox/wcml/m_wcml_property.F90,propertyCmplxDpMatSh,SUBROUTINE,881,0,False,7,21,778.3818147113019,10.0,7783.818147113019,432.4343415062788,0.2594606049037673
./models/01_CTSM/components/cdeps/fox/wcml/m_wcml_property.F90,propertyCmplxSpMatSh,SUBROUTINE,910,0,False,7,21,778.3818147113019,10.0,7783.818147113019,432.4343415062788,0.2594606049037673
./models/01_CTSM/components/cdeps/fox/wcml/m_wcml_property.F90,propertyRealDpMatSh,SUBROUTINE,939,0,False,7,21,778.3818147113019,10.0,7783.818147113019,432.4343415062788,0.2594606049037673
./models/01_CTSM/components/cdeps/fox/wcml/m_wcml_property.F90,propertyRealSpMatSh,SUBROUTINE,968,0,False,7,21,778.3818147113019,10.0,7783.818147113019,432.4343415062788,0.2594606049037673
./models/01_CTSM/components/cdeps/fox/wcml/m_wcml_property.F90,propertyIntMatSh,SUBROUTINE,997,0,False,7,20,683.6790908333887,10.096153846153847,6902.529282452483,383.47384902513795,0.22789303027779625
./models/01_CTSM/components/cdeps/fox/wcml/m_wcml_property.F90,propertyLgMatSh,SUBROUTINE,1025,0,False,7,19,623.1751056422819,9.7,6044.798524730134,335.82214026278524,0.20772503521409397
./models/01_CTSM/components/cdeps/fox/wcml/m_wcml_property.F90,propertyChMatSh,SUBROUTINE,1051,0,False,7,20,696.7784645764096,10.700000000000001,7455.529570967584,414.1960872759769,0.23225948819213654
./models/01_CTSM/components/cdeps/fox/wcml/m_wcml_stml.F90,stmAddChArr,SUBROUTINE,632,0,False,13,40,1279.0673369646643,19.46875,24901.842216530807,1383.435678696156,0.4263557789882214
./models/01_CTSM/components/cdeps/fox/wcml/m_wcml_stml.F90,stmAddChMat,SUBROUTINE,944,0,False,13,41,1325.1600956269533,19.515151515151516,25860.700047992665,1436.7055582218147,0.4417200318756511
./models/01_CTSM/components/cdeps/fox/wcml/m_wcml_stml.F90,stmAddChSca,SUBROUTINE,333,0,False,12,33,1087.4079995923328,19.625,21340.38199199953,1185.5767773333073,0.36246933319744423
./models/01_CTSM/components/cdeps/fox/wcml/m_wcml_stml.F90,stmAddCmplxDpSca,SUBROUTINE,87,0,False,11,29,1044.324850291347,12.419354838709678,12969.8408826506,720.5467157028111,0.34810828343044903
./models/01_CTSM/components/cdeps/fox/wcml/m_wcml_stml.F90,stmAddCmplxSpSca,SUBROUTINE,129,0,False,11,29,1044.324850291347,12.419354838709678,12969.8408826506,720.5467157028111,0.34810828343044903
./models/01_CTSM/components/cdeps/fox/wcml/m_wcml_stml.F90,stmAddRealDpSca,SUBROUTINE,171,0,False,11,29,1044.324850291347,12.419354838709678,12969.8408826506,720.5467157028111,0.34810828343044903
./models/01_CTSM/components/cdeps/fox/wcml/m_wcml_stml.F90,stmAddRealSpSca,SUBROUTINE,213,0,False,11,29,1044.324850291347,12.419354838709678,12969.8408826506,720.5467157028111,0.34810828343044903
./models/01_CTSM/components/cdeps/fox/wcml/m_wcml_stml.F90,stmAddIntSca,SUBROUTINE,255,0,False,11,28,953.3904885587477,12.857142857142858,12257.877710041043,680.9932061133912,0.3177968295195826
./models/01_CTSM/components/cdeps/fox/wcml/m_wcml_stml.F90,stmAddCmplxDpArr,SUBROUTINE,380,0,False,11,30,1091.5689227962657,12.045454545454547,13148.443842773202,730.469102376289,0.36385630759875526
./models/01_CTSM/components/cdeps/fox/wcml/m_wcml_stml.F90,stmAddCmplxSpArr,SUBROUTINE,423,0,False,11,30,1091.5689227962657,12.045454545454547,13148.443842773202,730.469102376289,0.36385630759875526
./models/01_CTSM/components/cdeps/fox/wcml/m_wcml_stml.F90,stmAddRealDpArr,SUBROUTINE,466,0,False,11,30,1091.5689227962657,12.045454545454547,13148.443842773202,730.469102376289,0.36385630759875526
./models/01_CTSM/components/cdeps/fox/wcml/m_wcml_stml.F90,stmAddRealSpArr,SUBROUTINE,509,0,False,11,30,1091.5689227962657,12.045454545454547,13148.443842773202,730.469102376289,0.36385630759875526
./models/01_CTSM/components/cdeps/fox/wcml/m_wcml_stml.F90,stmAddIntArr,SUBROUTINE,552,0,False,11,29,1000.2101883042684,12.416666666666668,12419.276504778001,689.959805821,0.3334033961014228
./models/01_CTSM/components/cdeps/fox/wcml/m_wcml_stml.F90,stmAddCmplxDpMat,SUBROUTINE,686,0,False,11,31,1144.2145404007829,11.785714285714286,13485.385654723514,749.1880919290841,0.38140484680026093
./models/01_CTSM/components/cdeps/fox/wcml/m_wcml_stml.F90,stmAddCmplxSpMat,SUBROUTINE,730,0,False,11,31,1144.2145404007829,11.785714285714286,13485.385654723514,749.1880919290841,0.38140484680026093
./models/01_CTSM/components/cdeps/fox/wcml/m_wcml_stml.F90,stmAddRealDpMat,SUBROUTINE,774,0,False,11,31,1144.2145404007829,11.785714285714286,13485.385654723514,749.1880919290841,0.38140484680026093
./models/01_CTSM/components/cdeps/fox/wcml/m_wcml_stml.F90,stmAddRealSpMat,SUBROUTINE,818,0,False,11,31,1144.2145404007829,11.785714285714286,13485.385654723514,749.1880919290841,0.38140484680026093
./models/01_CTSM/components/cdeps/fox/wcml/m_wcml_stml.F90,stmAddIntMat,SUBROUTINE,862,0,False,11,30,1052.309579857048,12.109375,12742.81131858144,707.9339621434133,0.3507698599523493
./models/01_CTSM/components/cdeps/fox/wcml/m_wcml_stml.F90,stmAddLgSca,SUBROUTINE,296,0,False,10,26,865.0,12.222222222222223,10572.222222222223,587.3456790123457,0.28833333333333333
./models/01_CTSM/components/cdeps/fox/wcml/m_wcml_stml.F90,stmAddLgArr,SUBROUTINE,594,0,False,10,27,910.6558485838107,11.810344827586208,10755.159591032938,597.5088661684965,0.3035519495279369
./models/01_CTSM/components/cdeps/fox/wcml/m_wcml_stml.F90,stmAddLgMat,SUBROUTINE,905,0,False,10,28,961.6060502682701,11.53225806451613,11089.48912809376,616.0827293385423,0.32053535008942335
./models/01_CTSM/components/cdeps/fox/wcml/test/test_cmlAddBandList_1.f90,test,PROGRAM,1,0,False,1,4,104.0,2.6666666666666665,277.3333333333333,15.407407407407407,0.034666666666666665
./models/01_CTSM/components/cdeps/fox/wcml/test/test_cmlAddBandList_2.f90,test,PROGRAM,1,0,False,1,4,114.4489595550095,2.6153846153846154,299.32804806694793,16.62933600371933,0.038149653185003164
./models/01_CTSM/components/cdeps/fox/wcml/test/test_cmlAddBandList_3.f90,test,PROGRAM,1,0,False,1,4,118.53642239625984,2.923076923076923,346.49108085060567,19.249504491700314,0.03951214079875328
./models/01_CTSM/components/cdeps/fox/wcml/test/test_cmlAddBandList_4.f90,test,PROGRAM,1,0,False,1,4,129.26767504471167,2.857142857142857,369.3362144134619,20.518678578525662,0.043089225014903886
./models/01_CTSM/components/cdeps/fox/wcml/test/test_cmlAddCrystal_1.f90,test,PROGRAM,1,0,False,1,6,199.6525931318485,4.4,878.4714097801335,48.803967210007414,0.06655086437728283
./models/01_CTSM/components/cdeps/fox/wcml/test/test_cmlAddCrystal_2.f90,test,PROGRAM,1,0,False,1,6,229.0621890290302,4.875,1116.6781715165223,62.03767619536235,0.07635406300967673
./models/01_CTSM/components/cdeps/fox/wcml/test/test_cmlAddEigenValueVector_1.f90,test,PROGRAM,1,0,False,1,6,175.69269691115042,2.9411764705882355,516.743226209266,28.70795701162589,0.05856423230371681
./models/01_CTSM/components/cdeps/fox/wcml/test/test_cmlAddEigenValueVector_2.f90,test,PROGRAM,1,0,False,1,6,199.03672606650858,3.0526315789473686,607.585795360921,33.75476640894006,0.06634557535550285
./models/01_CTSM/components/cdeps/fox/wcml/test/test_cmlAddEigenValueVector_3.f90,test,PROGRAM,1,0,False,1,6,191.75555960140377,3.111111111111111,596.5728520932562,33.14293622740312,0.0639185198671346
./models/01_CTSM/components/cdeps/fox/wcml/test/test_cmlAddEigenValueVector_4.f90,test,PROGRAM,1,0,False,1,6,229.24812503605781,3.5,802.3684376262023,44.576024312566794,0.07641604167868594
./models/01_CTSM/components/cdeps/fox/wcml/test/test_cmlAddEigenValue_1.f90,test,PROGRAM,1,0,False,1,6,101.57915548582149,2.125,215.85570540737066,11.991983633742814,0.033859718495273826
./models/01_CTSM/components/cdeps/fox/wcml/test/test_cmlAddEigenValue_2.f90,test,PROGRAM,1,0,False,1,6,108.0,2.0769230769230766,224.30769230769226,12.46153846153846,0.036
./models/01_CTSM/components/cdeps/fox/wcml/test/test_cmlAddKpoint_1.f90,test,PROGRAM,1,0,False,1,4,93.76537429460444,2.727272727272727,255.7237480761939,14.206874893121885,0.03125512476486815
./models/01_CTSM/components/cdeps/fox/wcml/test/test_cmlAddKpoint_2.f90,test,PROGRAM,1,0,False,1,4,108.0,3.0,324.0,18.0,0.036
./models/01_CTSM/components/cdeps/fox/wcml/test/test_cmlAddKpoint_3.f90,test,PROGRAM,1,0,False,1,4,110.36149671375915,2.6153846153846154,288.6377606359855,16.03543114644364,0.03678716557125305
./models/01_CTSM/components/cdeps/fox/wcml/test/test_cmlAddKpoint_4.f90,test,PROGRAM,1,0,False,1,4,131.68575291675114,2.8,368.7201081669032,20.484450453716843,0.04389525097225038
./models/01_CTSM/components/cdeps/fox/wcml/test/test_cmlAddLattice_1.f90,test,PROGRAM,1,0,False,1,5,166.7970000576925,3.857142857142857,643.3598573653853,35.74221429807696,0.05559900001923083
./models/01_CTSM/components/cdeps/fox/wcml/test/test_cmlAddLattice_2.f90,test,PROGRAM,1,0,False,1,5,211.77447664948076,4.5,952.9851449226634,52.94361916237019,0.07059149221649359
./models/01_CTSM/components/cdeps/fox/wcml/test/test_cmlAddMetadata_1.f90,test,PROGRAM,1,0,False,1,4,77.70923408096293,1.9500000000000002,151.53300645787772,8.418500358770984,0.025903078026987644
./models/01_CTSM/components/cdeps/fox/wcml/test/test_cmlAddMolecule_1.f90,test,PROGRAM,1,0,False,1,6,229.0621890290302,4.125,944.8815297447496,52.49341831915276,0.07635406300967673
./models/01_CTSM/components/cdeps/fox/wcml/test/test_cmlAddMolecule_10.f90,test,PROGRAM,1,0,False,1,6,339.0015018535549,3.619047619047619,1226.8625781366748,68.15903211870415,0.11300050061785163
./models/01_CTSM/components/cdeps/fox/wcml/test/test_cmlAddMolecule_11.f90,test,PROGRAM,1,0,False,1,6,339.0015018535549,3.619047619047619,1226.8625781366748,68.15903211870415,0.11300050061785163
./models/01_CTSM/components/cdeps/fox/wcml/test/test_cmlAddMolecule_12.f90,test,PROGRAM,1,0,False,1,6,316.36241254975977,3.7,1170.5409264341113,65.03005146856174,0.10545413751658658
./models/01_CTSM/components/cdeps/fox/wcml/test/test_cmlAddMolecule_13.f90,test,PROGRAM,1,0,False,1,6,316.36241254975977,3.7,1170.5409264341113,65.03005146856174,0.10545413751658658
./models/01_CTSM/components/cdeps/fox/wcml/test/test_cmlAddMolecule_14.f90,test,PROGRAM,1,0,False,1,6,233.38411712391758,4.25,991.8824977766496,55.10458320981387,0.07779470570797252
./models/01_CTSM/components/cdeps/fox/wcml/test/test_cmlAddMolecule_15.f90,test,PROGRAM,1,0,False,1,6,298.0225625468751,4.5,1341.101531460938,74.50564063671878,0.0993408541822917
./models/01_CTSM/components/cdeps/fox/wcml/test/test_cmlAddMolecule_16.f90,test,PROGRAM,1,0,False,1,6,302.6075250475963,4.6,1391.994615218943,77.33303417883016,0.10086917501586544
./models/01_CTSM/components/cdeps/fox/wcml/test/test_cmlAddMolecule_2.f90,test,PROGRAM,1,0,False,1,6,241.57745825283183,4.0,966.3098330113273,53.68387961174041,0.08052581941761061
./models/01_CTSM/components/cdeps/fox/wcml/test/test_cmlAddMolecule_3.f90,test,PROGRAM,1,0,False,1,6,241.57745825283183,4.0,966.3098330113273,53.68387961174041,0.08052581941761061
./models/01_CTSM/components/cdeps/fox/wcml/test/test_cmlAddMolecule_4.f90,test,PROGRAM,1,0,False,1,6,284.26767504471167,4.0,1137.0707001788467,63.17059445438037,0.09475589168157056
./models/01_CTSM/components/cdeps/fox/wcml/test/test_cmlAddMolecule_5.f90,test,PROGRAM,1,0,False,1,6,297.20679614558236,3.9047619047619047,1160.5217754256073,64.4734319680893,0.09906893204852746
./models/01_CTSM/components/cdeps/fox/wcml/test/test_cmlAddMolecule_6.f90,test,PROGRAM,1,0,False,1,6,297.20679614558236,3.9047619047619047,1160.5217754256073,64.4734319680893,0.09906893204852746
./models/01_CTSM/components/cdeps/fox/wcml/test/test_cmlAddMolecule_7.f90,test,PROGRAM,1,0,False,1,8,263.1064654996005,4.111111111111111,1081.6599137205799,60.0922174289211,0.0877021551665335
./models/01_CTSM/components/cdeps/fox/wcml/test/test_cmlAddMolecule_8.f90,test,PROGRAM,1,0,False,1,9,294.03152714370583,4.315789473684211,1268.9781697780988,70.49878720989437,0.09801050904790194
./models/01_CTSM/components/cdeps/fox/wcml/test/test_cmlAddMolecule_9.f90,test,PROGRAM,1,0,False,1,6,316.36241254975977,3.7,1170.5409264341113,65.03005146856174,0.10545413751658658
./models/01_CTSM/components/cdeps/fox/wcml/test/test_cmlAddNamespace_0.f90,test,PROGRAM,1,0,False,1,1,4.754887502163468,0.5,2.377443751081734,0.13208020839342968,0.001584962500721156
./models/01_CTSM/components/cdeps/fox/wcml/test/test_cmlAddNamespace_1.f90,test,PROGRAM,1,0,False,1,3,46.50699332842307,1.9285714285714288,89.69205856195879,4.9828921423310435,0.015502331109474358
./models/01_CTSM/components/cdeps/fox/wcml/test/test_cmlAddNamespace_2.f90,test,PROGRAM,1,0,False,1,4,58.81033751683405,2.0625,121.29632112847024,6.738684507137235,0.019603445838944685
./models/01_CTSM/components/cdeps/fox/wcml/test/test_cmlAddNamespace_3.f90,test,PROGRAM,1,0,False,1,4,58.81033751683405,2.0625,121.29632112847024,6.738684507137235,0.019603445838944685
./models/01_CTSM/components/cdeps/fox/wcml/test/test_cmlAddParameter_1.f90,test,PROGRAM,1,0,False,1,4,77.70923408096293,1.9500000000000002,151.53300645787772,8.418500358770984,0.025903078026987644
./models/01_CTSM/components/cdeps/fox/wcml/test/test_cmlAddParameter_10.f90,test,PROGRAM,1,0,False,1,4,105.48604608143,2.909090909090909,306.86849769143276,17.048249871746265,0.03516201536047667
./models/01_CTSM/components/cdeps/fox/wcml/test/test_cmlAddParameter_11.f90,test,PROGRAM,1,0,False,1,4,120.92782504182705,2.4285714285714284,293.68186081586566,16.31565893421476,0.04030927501394235
./models/01_CTSM/components/cdeps/fox/wcml/test/test_cmlAddParameter_12.f90,test,PROGRAM,1,0,False,1,4,131.68575291675114,2.533333333333333,333.60390738910286,18.533550410505715,0.04389525097225038
./models/01_CTSM/components/cdeps/fox/wcml/test/test_cmlAddParameter_13.f90,test,PROGRAM,1,0,False,1,4,135.93368043019473,2.533333333333333,344.3653237564933,19.13140687536074,0.04531122681006491
./models/01_CTSM/components/cdeps/fox/wcml/test/test_cmlAddParameter_14.f90,test,PROGRAM,1,0,False,1,4,155.58941141594505,2.875,447.319557820842,24.851086545602335,0.05186313713864835
./models/01_CTSM/components/cdeps/fox/wcml/test/test_cmlAddParameter_15.f90,test,PROGRAM,1,0,False,1,4,112.0,2.6666666666666665,298.66666666666663,16.59259259259259,0.037333333333333336
./models/01_CTSM/components/cdeps/fox/wcml/test/test_cmlAddParameter_16.f90,test,PROGRAM,1,0,False,1,4,133.437600046154,2.857142857142857,381.25028584615427,21.18057143589746,0.04447920001538466
./models/01_CTSM/components/cdeps/fox/wcml/test/test_cmlAddParameter_17.f90,test,PROGRAM,1,0,False,1,4,138.97373660251154,3.230769230769231,448.9920721004219,24.944004005578996,0.046324578867503845
./models/01_CTSM/components/cdeps/fox/wcml/test/test_cmlAddParameter_18.f90,test,PROGRAM,1,0,False,1,4,166.9080620655929,2.588235294117647,431.9973371109464,23.999852061719242,0.05563602068853097
./models/01_CTSM/components/cdeps/fox/wcml/test/test_cmlAddParameter_19.f90,test,PROGRAM,1,0,False,1,4,187.29612798276648,2.888888888888889,541.0777030613253,30.05987239229585,0.06243204266092216
./models/01_CTSM/components/cdeps/fox/wcml/test/test_cmlAddParameter_2.f90,test,PROGRAM,1,0,False,1,4,83.76180828526729,1.9090909090909092,159.9089067264194,8.883828151467744,0.027920602761755765
./models/01_CTSM/components/cdeps/fox/wcml/test/test_cmlAddParameter_20.f90,test,PROGRAM,1,0,False,1,4,188.86964917948671,3.0588235294117645,577.7189269019593,32.09549593899774,0.06295654972649557
./models/01_CTSM/components/cdeps/fox/wcml/test/test_cmlAddParameter_21.f90,test,PROGRAM,1,0,False,1,4,236.83666567851094,3.238095238095238,766.8996793399402,42.60553774110779,0.07894555522617032
./models/01_CTSM/components/cdeps/fox/wcml/test/test_cmlAddParameter_22.f90,test,PROGRAM,1,0,False,1,4,97.67226489021297,2.0,195.34452978042594,10.85247387669033,0.03255742163007099
./models/01_CTSM/components/cdeps/fox/wcml/test/test_cmlAddParameter_23.f90,test,PROGRAM,1,0,False,1,4,108.0,2.0769230769230766,224.30769230769226,12.46153846153846,0.036
./models/01_CTSM/components/cdeps/fox/wcml/test/test_cmlAddParameter_24.f90,test,PROGRAM,1,0,False,1,4,125.09775004326937,2.5714285714285716,321.6799286826927,17.871107149038483,0.04169925001442312
./models/01_CTSM/components/cdeps/fox/wcml/test/test_cmlAddParameter_25.f90,test,PROGRAM,1,0,False,1,4,144.4295354570819,2.933333333333333,423.6599706741069,23.536665037450383,0.048143178485693966
./models/01_CTSM/components/cdeps/fox/wcml/test/test_cmlAddParameter_3.f90,test,PROGRAM,1,0,False,1,4,91.3765181293825,2.0454545454545454,186.90651435555512,10.383695241975284,0.030458839376460836
./models/01_CTSM/components/cdeps/fox/wcml/test/test_cmlAddParameter_4.f90,test,PROGRAM,1,0,False,1,4,104.0,1.8461538461538463,192.0,10.666666666666666,0.034666666666666665
./models/01_CTSM/components/cdeps/fox/wcml/test/test_cmlAddParameter_5.f90,test,PROGRAM,1,0,False,1,4,110.36149671375915,1.8214285714285712,201.01558330006128,11.16753240555896,0.03678716557125305
./models/01_CTSM/components/cdeps/fox/wcml/test/test_cmlAddParameter_6.f90,test,PROGRAM,1,0,False,1,4,108.0,1.9615384615384617,211.84615384615387,11.76923076923077,0.036
./models/01_CTSM/components/cdeps/fox/wcml/test/test_cmlAddParameter_7.f90,test,PROGRAM,1,0,False,1,4,118.53642239625984,2.0357142857142856,241.30628844952895,13.40590491386272,0.03951214079875328
./models/01_CTSM/components/cdeps/fox/wcml/test/test_cmlAddParameter_8.f90,test,PROGRAM,1,0,False,1,4,87.56916320732489,2.6,227.67982433904473,12.648879129946929,0.029189721069108297
./models/01_CTSM/components/cdeps/fox/wcml/test/test_cmlAddParameter_9.f90,test,PROGRAM,1,0,False,1,4,100.0,2.5,250.0,13.88888888888889,0.03333333333333333
./models/01_CTSM/components/cdeps/fox/wcml/test/test_cmlAddProperty_1.f90,test,PROGRAM,1,0,False,1,4,77.70923408096293,1.9500000000000002,151.53300645787772,8.418500358770984,0.025903078026987644
./models/01_CTSM/components/cdeps/fox/wcml/test/test_cmlAddProperty_10.f90,test,PROGRAM,1,0,False,1,4,105.48604608143,2.909090909090909,306.86849769143276,17.048249871746265,0.03516201536047667
./models/01_CTSM/components/cdeps/fox/wcml/test/test_cmlAddProperty_11.f90,test,PROGRAM,1,0,False,1,4,120.92782504182705,2.4285714285714284,293.68186081586566,16.31565893421476,0.04030927501394235
./models/01_CTSM/components/cdeps/fox/wcml/test/test_cmlAddProperty_12.f90,test,PROGRAM,1,0,False,1,4,131.68575291675114,2.533333333333333,333.60390738910286,18.533550410505715,0.04389525097225038
./models/01_CTSM/components/cdeps/fox/wcml/test/test_cmlAddProperty_13.f90,test,PROGRAM,1,0,False,1,4,135.93368043019473,2.533333333333333,344.3653237564933,19.13140687536074,0.04531122681006491
./models/01_CTSM/components/cdeps/fox/wcml/test/test_cmlAddProperty_14.f90,test,PROGRAM,1,0,False,1,4,155.58941141594505,2.875,447.319557820842,24.851086545602335,0.05186313713864835
./models/01_CTSM/components/cdeps/fox/wcml/test/test_cmlAddProperty_15.f90,test,PROGRAM,1,0,False,1,4,112.0,2.6666666666666665,298.66666666666663,16.59259259259259,0.037333333333333336
./models/01_CTSM/components/cdeps/fox/wcml/test/test_cmlAddProperty_16.f90,test,PROGRAM,1,0,False,1,4,133.437600046154,2.857142857142857,381.25028584615427,21.18057143589746,0.04447920001538466
./models/01_CTSM/components/cdeps/fox/wcml/test/test_cmlAddProperty_17.f90,test,PROGRAM,1,0,False,1,4,138.97373660251154,3.230769230769231,448.9920721004219,24.944004005578996,0.046324578867503845
./models/01_CTSM/components/cdeps/fox/wcml/test/test_cmlAddProperty_18.f90,test,PROGRAM,1,0,False,1,4,166.9080620655929,2.588235294117647,431.9973371109464,23.999852061719242,0.05563602068853097
./models/01_CTSM/components/cdeps/fox/wcml/test/test_cmlAddProperty_19.f90,test,PROGRAM,1,0,False,1,4,187.29612798276648,2.888888888888889,541.0777030613253,30.05987239229585,0.06243204266092216
./models/01_CTSM/components/cdeps/fox/wcml/test/test_cmlAddProperty_2.f90,test,PROGRAM,1,0,False,1,4,83.76180828526729,1.9090909090909092,159.9089067264194,8.883828151467744,0.027920602761755765
./models/01_CTSM/components/cdeps/fox/wcml/test/test_cmlAddProperty_20.f90,test,PROGRAM,1,0,False,1,4,188.86964917948671,3.0588235294117645,577.7189269019593,32.09549593899774,0.06295654972649557
./models/01_CTSM/components/cdeps/fox/wcml/test/test_cmlAddProperty_21.f90,test,PROGRAM,1,0,False,1,4,236.83666567851094,3.238095238095238,766.8996793399402,42.60553774110779,0.07894555522617032
./models/01_CTSM/components/cdeps/fox/wcml/test/test_cmlAddProperty_3.f90,test,PROGRAM,1,0,False,1,4,91.3765181293825,2.0454545454545454,186.90651435555512,10.383695241975284,0.030458839376460836
./models/01_CTSM/components/cdeps/fox/wcml/test/test_cmlAddProperty_4.f90,test,PROGRAM,1,0,False,1,4,104.0,1.8461538461538463,192.0,10.666666666666666,0.034666666666666665
./models/01_CTSM/components/cdeps/fox/wcml/test/test_cmlAddProperty_5.f90,test,PROGRAM,1,0,False,1,4,110.36149671375915,1.8214285714285712,201.01558330006128,11.16753240555896,0.03678716557125305
./models/01_CTSM/components/cdeps/fox/wcml/test/test_cmlAddProperty_6.f90,test,PROGRAM,1,0,False,1,4,108.0,1.9615384615384617,211.84615384615387,11.76923076923077,0.036
./models/01_CTSM/components/cdeps/fox/wcml/test/test_cmlAddProperty_7.f90,test,PROGRAM,1,0,False,1,4,118.53642239625984,2.0357142857142856,241.30628844952895,13.40590491386272,0.03951214079875328
./models/01_CTSM/components/cdeps/fox/wcml/test/test_cmlAddProperty_8.f90,test,PROGRAM,1,0,False,1,4,87.56916320732489,2.6,227.67982433904473,12.648879129946929,0.029189721069108297
./models/01_CTSM/components/cdeps/fox/wcml/test/test_cmlAddProperty_9.f90,test,PROGRAM,1,0,False,1,4,100.0,2.5,250.0,13.88888888888889,0.03333333333333333
./models/01_CTSM/components/cdeps/fox/wcml/test/test_cmlAddSymmetry_1.f90,test,PROGRAM,1,0,False,1,4,68.11428751370197,2.0,136.22857502740393,7.568254168189108,0.022704762504567322
./models/01_CTSM/components/cdeps/fox/wcml/test/test_cmlAddSymmetry_2.f90,test,PROGRAM,1,0,False,1,4,68.11428751370197,2.0,136.22857502740393,7.568254168189108,0.022704762504567322
./models/01_CTSM/components/cdeps/fox/wcml/test/test_cmlAddSymmetry_3.f90,test,PROGRAM,1,0,False,1,6,250.19550008653874,6.0,1501.1730005192326,83.39850002884626,0.08339850002884625
./models/01_CTSM/components/cdeps/fox/wcml/test/test_cmlAddSymmetry_4.f90,test,PROGRAM,1,0,False,1,8,348.330056102374,7.2,2507.976403937093,139.3320224409496,0.11611001870079132
./models/01_CTSM/components/cdeps/fox/wcml/test/test_cmlBeginFile_1.f90,test_cmlBeginFile,PROGRAM,1,0,False,1,2,34.86917501586544,1.75,61.021056277764515,3.3900586820980285,0.011623058338621813
./models/01_CTSM/components/cdeps/fox/wcml/test/test_cmlBeginFile_2.f90,test_xml_Openfile,PROGRAM,1,0,False,2,7,108.41805003750011,6.0,650.5083002250007,36.13935001250004,0.036139350012500036
./models/01_CTSM/components/cdeps/fox/wcml/test/test_cmlDumpDec_1.f90,test,PROGRAM,1,0,False,1,4,85.95159310338741,1.875,161.15923706885138,8.95329094826952,0.02865053103446247
./models/01_CTSM/components/cdeps/fox/wcml/test/test_cmlDumpDec_2.f90,test,PROGRAM,1,0,False,1,4,85.95159310338741,1.875,161.15923706885138,8.95329094826952,0.02865053103446247
./models/01_CTSM/components/cdeps/fox/wcml/test/test_cmlDumpDec_3.f90,test,PROGRAM,1,0,False,1,5,127.43782540330756,2.533333333333333,322.8424910217125,17.935693945650694,0.042479275134435855
./models/01_CTSM/components/cdeps/fox/wcml/test/test_cmlDumpDec_4.f90,test,PROGRAM,1,0,False,1,4,120.0,2.8333333333333335,340.0,18.88888888888889,0.04
./models/01_CTSM/components/cdeps/fox/wcml/test/test_cmlEndBand_1.f90,test,PROGRAM,1,0,False,1,5,71.69925001442311,2.1666666666666665,155.34837503125007,8.630465279513892,0.023899750004807704
./models/01_CTSM/components/cdeps/fox/wcml/test/test_cmlEndCml_0.f90,test,PROGRAM,1,0,False,1,1,4.754887502163468,0.5,2.377443751081734,0.13208020839342968,0.001584962500721156
./models/01_CTSM/components/cdeps/fox/wcml/test/test_cmlEndCml_1.f90,test,PROGRAM,1,0,False,1,3,46.50699332842307,1.9285714285714288,89.69205856195879,4.9828921423310435,0.015502331109474358
./models/01_CTSM/components/cdeps/fox/wcml/test/test_cmlEndCml_2.f90,test,PROGRAM,1,0,False,1,4,58.81033751683405,2.0625,121.29632112847024,6.738684507137235,0.019603445838944685
./models/01_CTSM/components/cdeps/fox/wcml/test/test_cmlEndKpointList_1.f90,test,PROGRAM,1,0,False,1,5,71.69925001442311,2.1666666666666665,155.34837503125007,8.630465279513892,0.023899750004807704
./models/01_CTSM/components/cdeps/fox/wcml/test/test_cmlEndKpoint_1.f90,test,PROGRAM,1,0,False,1,5,108.0,2.8333333333333335,306.0,17.0,0.036
./models/01_CTSM/components/cdeps/fox/wcml/test/test_cmlEndMetadataList_1.f90,test,PROGRAM,1,0,False,1,5,81.40967379910403,2.0999999999999996,170.96031497811842,9.497795276562135,0.027136557933034676
./models/01_CTSM/components/cdeps/fox/wcml/test/test_cmlEndModule_1.f90,test,PROGRAM,1,0,False,1,5,71.69925001442311,2.1666666666666665,155.34837503125007,8.630465279513892,0.023899750004807704
./models/01_CTSM/components/cdeps/fox/wcml/test/test_cmlEndParameterList_1.f90,test,PROGRAM,1,0,False,1,5,81.40967379910403,2.0999999999999996,170.96031497811842,9.497795276562135,0.027136557933034676
./models/01_CTSM/components/cdeps/fox/wcml/test/test_cmlEndPropertyList_1.f90,test,PROGRAM,1,0,False,1,5,71.69925001442311,2.1666666666666665,155.34837503125007,8.630465279513892,0.023899750004807704
./models/01_CTSM/components/cdeps/fox/wcml/test/test_cmlEndStep_1.f90,test,PROGRAM,1,0,False,1,5,71.69925001442311,2.1666666666666665,155.34837503125007,8.630465279513892,0.023899750004807704
./models/01_CTSM/components/cdeps/fox/wcml/test/test_cmlFinishFile_1.f90,test,PROGRAM,1,0,False,1,1,4.754887502163468,0.5,2.377443751081734,0.13208020839342968,0.001584962500721156
./models/01_CTSM/components/cdeps/fox/wcml/test/test_cmlFinishFile_2.f90,test,PROGRAM,1,0,False,1,2,34.86917501586544,1.75,61.021056277764515,3.3900586820980285,0.011623058338621813
./models/01_CTSM/components/cdeps/fox/wcml/test/test_cmlFinishFile_3.f90,test,PROGRAM,1,0,False,1,4,56.47277761308516,2.357142857142857,133.11440437370072,7.395244687427818,0.018824259204361718
./models/01_CTSM/components/cdeps/fox/wcml/test/test_cmlStartBand_1.f90,test,PROGRAM,1,0,False,1,4,58.81033751683405,2.0625,121.29632112847024,6.738684507137235,0.019603445838944685
./models/01_CTSM/components/cdeps/fox/wcml/test/test_cmlStartBand_2.f90,test,PROGRAM,1,0,False,1,4,68.11428751370197,2.0,136.22857502740393,7.568254168189108,0.022704762504567322
./models/01_CTSM/components/cdeps/fox/wcml/test/test_cmlStartBand_3.f90,test,PROGRAM,1,0,False,1,4,77.70923408096293,1.9500000000000002,151.53300645787772,8.418500358770984,0.025903078026987644
./models/01_CTSM/components/cdeps/fox/wcml/test/test_cmlStartBand_4.f90,test,PROGRAM,1,0,False,1,4,77.70923408096293,1.9500000000000002,151.53300645787772,8.418500358770984,0.025903078026987644
./models/01_CTSM/components/cdeps/fox/wcml/test/test_cmlStartCml_0.f90,test,PROGRAM,1,0,False,1,1,4.754887502163468,0.5,2.377443751081734,0.13208020839342968,0.001584962500721156
./models/01_CTSM/components/cdeps/fox/wcml/test/test_cmlStartCml_1.f90,test,PROGRAM,1,0,False,1,3,46.50699332842307,1.9285714285714288,89.69205856195879,4.9828921423310435,0.015502331109474358
./models/01_CTSM/components/cdeps/fox/wcml/test/test_cmlStartCml_2.f90,test,PROGRAM,1,0,False,1,3,55.35090589819676,1.875,103.78294855911892,5.765719364395496,0.018450301966065584
./models/01_CTSM/components/cdeps/fox/wcml/test/test_cmlStartCml_3.f90,test,PROGRAM,1,0,False,1,3,55.35090589819676,1.875,103.78294855911892,5.765719364395496,0.018450301966065584
./models/01_CTSM/components/cdeps/fox/wcml/test/test_cmlStartCml_4.f90,test,PROGRAM,1,0,False,1,3,60.94436251225965,1.8333333333333335,111.73133127247604,6.2072961818042245,0.02031478750408655
./models/01_CTSM/components/cdeps/fox/wcml/test/test_cmlStartKpointList_1.f90,test,PROGRAM,1,0,False,1,4,58.81033751683405,2.0625,121.29632112847024,6.738684507137235,0.019603445838944685
./models/01_CTSM/components/cdeps/fox/wcml/test/test_cmlStartKpoint_1.f90,test,PROGRAM,1,0,False,1,4,93.76537429460444,2.727272727272727,255.7237480761939,14.206874893121885,0.03125512476486815
./models/01_CTSM/components/cdeps/fox/wcml/test/test_cmlStartKpoint_2.f90,test,PROGRAM,1,0,False,1,4,110.36149671375915,2.6153846153846154,288.6377606359855,16.03543114644364,0.03678716557125305
./models/01_CTSM/components/cdeps/fox/wcml/test/test_cmlStartKpoint_3.f90,test,PROGRAM,1,0,False,1,4,108.0,3.0,324.0,18.0,0.036
./models/01_CTSM/components/cdeps/fox/wcml/test/test_cmlStartKpoint_4.f90,test,PROGRAM,1,0,False,1,4,131.68575291675114,2.8,368.7201081669032,20.484450453716843,0.04389525097225038
./models/01_CTSM/components/cdeps/fox/wcml/test/test_cmlStartMetadataList_1.f90,test,PROGRAM,1,0,False,1,4,58.81033751683405,2.0625,121.29632112847024,6.738684507137235,0.019603445838944685
./models/01_CTSM/components/cdeps/fox/wcml/test/test_cmlStartMetadataList_2.f90,test,PROGRAM,1,0,False,1,4,68.11428751370197,2.0,136.22857502740393,7.568254168189108,0.022704762504567322
./models/01_CTSM/components/cdeps/fox/wcml/test/test_cmlStartMetadataList_3.f90,test,PROGRAM,1,0,False,1,4,68.11428751370197,2.0,136.22857502740393,7.568254168189108,0.022704762504567322
./models/01_CTSM/components/cdeps/fox/wcml/test/test_cmlStartModule_1.f90,test,PROGRAM,1,0,False,1,4,58.81033751683405,2.0625,121.29632112847024,6.738684507137235,0.019603445838944685
./models/01_CTSM/components/cdeps/fox/wcml/test/test_cmlStartModule_2.f90,test,PROGRAM,1,0,False,1,4,68.11428751370197,2.0,136.22857502740393,7.568254168189108,0.022704762504567322
./models/01_CTSM/components/cdeps/fox/wcml/test/test_cmlStartModule_3.f90,test,PROGRAM,1,0,False,1,4,68.11428751370197,2.0,136.22857502740393,7.568254168189108,0.022704762504567322
./models/01_CTSM/components/cdeps/fox/wcml/test/test_cmlStartParameterList_1.f90,test,PROGRAM,1,0,False,1,4,58.81033751683405,2.0625,121.29632112847024,6.738684507137235,0.019603445838944685
./models/01_CTSM/components/cdeps/fox/wcml/test/test_cmlStartParameterList_2.f90,test,PROGRAM,1,0,False,1,4,68.11428751370197,2.0,136.22857502740393,7.568254168189108,0.022704762504567322
./models/01_CTSM/components/cdeps/fox/wcml/test/test_cmlStartParameterList_3.f90,test,PROGRAM,1,0,False,1,4,68.11428751370197,2.0,136.22857502740393,7.568254168189108,0.022704762504567322
./models/01_CTSM/components/cdeps/fox/wcml/test/test_cmlStartPropertyList_1.f90,test,PROGRAM,1,0,False,1,4,58.81033751683405,2.0625,121.29632112847024,6.738684507137235,0.019603445838944685
./models/01_CTSM/components/cdeps/fox/wcml/test/test_cmlStartPropertyList_2.f90,test,PROGRAM,1,0,False,1,4,68.11428751370197,2.0,136.22857502740393,7.568254168189108,0.022704762504567322
./models/01_CTSM/components/cdeps/fox/wcml/test/test_cmlStartPropertyList_3.f90,test,PROGRAM,1,0,False,1,4,68.11428751370197,2.0,136.22857502740393,7.568254168189108,0.022704762504567322
./models/01_CTSM/components/cdeps/fox/wcml/test/test_cmlStartStep_1.f90,test,PROGRAM,1,0,False,1,4,58.81033751683405,2.0625,121.29632112847024,6.738684507137235,0.019603445838944685
./models/01_CTSM/components/cdeps/fox/wcml/test/test_cmlStartStep_2.f90,test,PROGRAM,1,0,False,1,4,74.00879436282185,1.9500000000000002,144.31714900750262,8.0176193893057,0.024669598120940616
./models/01_CTSM/components/cdeps/fox/wcml/test/test_cmlStartStep_3.f90,test,PROGRAM,1,0,False,1,4,68.11428751370197,2.0,136.22857502740393,7.568254168189108,0.022704762504567322
./models/01_CTSM/components/cdeps/fox/wkml/m_contours.F90,joinUpLines,SUBROUTINE,1494,7,False,58,183,6759.166871417125,118.36842105263158,800071.9102009006,44448.43945560559,2.2530556238057082
./models/01_CTSM/components/cdeps/fox/wkml/m_contours.F90,GCONTR,SUBROUTINE,849,7,False,47,218,8385.497953910448,58.75,492648.0047922388,27369.333599568825,2.795165984636816
./models/01_CTSM/components/cdeps/fox/wkml/m_contours.F90,setpnew,SUBROUTINE,1362,3,False,37,95,3968.9138692039446,78.90217391304348,313155.93235381995,17397.55179743444,1.3229712897346482
./models/01_CTSM/components/cdeps/fox/wkml/m_contours.F90,polygonsInPolygons,SUBROUTINE,1715,8,False,32,93,4161.456158802662,95.27083333333334,396465.39612926194,22025.85534051455,1.3871520529342205
./models/01_CTSM/components/cdeps/fox/wkml/m_contours.F90,draw,SUBROUTINE,788,0,False,16,56,1433.0839237328305,23.91891891891892,34277.818175771754,1904.3232319873196,0.47769464124427685
./models/01_CTSM/components/cdeps/fox/wkml/m_contours.F90,make_contours_on_simplest_grid,FUNCTION,583,4,False,13,62,1749.8670042494223,29.39772727272727,51442.11295446881,2857.895164137156,0.5832890014164741
./models/01_CTSM/components/cdeps/fox/wkml/m_contours.F90,make_contours_on_a_simple_grid,FUNCTION,653,2,False,13,60,1473.2512005538479,29.050000000000004,42797.94737608929,2377.6637431160716,0.49108373351794926
./models/01_CTSM/components/cdeps/fox/wkml/m_contours.F90,make_contours_on_a_complex_grid,FUNCTION,721,2,False,13,60,1526.2789643705103,32.4375,49508.673906768425,2750.481883709357,0.50875965479017
./models/01_CTSM/components/cdeps/fox/wkml/m_contours.F90,addLinesToContourObject,SUBROUTINE,2082,5,False,11,29,1126.994341360761,27.5,30992.344387420926,1721.7969104122737,0.375664780453587
./models/01_CTSM/components/cdeps/fox/wkml/m_contours.F90,nextLineOnEdge,FUNCTION,1298,1,False,9,137,5889.421879073927,101.92372881355934,600271.838471374,33348.43547063189,1.9631406263579756
./models/01_CTSM/components/cdeps/fox/wkml/m_contours.F90,shave_polygon,SUBROUTINE,307,1,False,8,63,1512.2625583625313,36.5625,55292.09979013005,3071.783321673892,0.5040875194541771
./models/01_CTSM/components/cdeps/fox/wkml/m_contours.F90,init_contourObject,SUBROUTINE,163,5,False,7,47,1485.1980235002918,28.64516129032258,42543.73693123416,2363.54094062412,0.4950660078334306
./models/01_CTSM/components/cdeps/fox/wkml/m_contours.F90,destroy_contourObject,SUBROUTINE,218,4,False,6,25,699.5492632983703,10.08,7051.456574047573,391.74758744708737,0.23318308776612343
./models/01_CTSM/components/cdeps/fox/wkml/m_contours.F90,addPolygonsToContourObject,SUBROUTINE,2116,2,False,6,18,477.0233205758819,13.200000000000001,6296.707831601641,349.8171017556467,0.15900777352529397
./models/01_CTSM/components/cdeps/fox/wkml/m_contours.F90,scale_contours_simple,SUBROUTINE,533,4,False,5,23,731.4371473069757,10.625,7771.519690136617,431.7510938964787,0.24381238243565856
./models/01_CTSM/components/cdeps/fox/wkml/m_contours.F90,scale_contours_complex,SUBROUTINE,558,4,False,5,23,731.4371473069757,10.625,7771.519690136617,431.7510938964787,0.24381238243565856
./models/01_CTSM/components/cdeps/fox/wkml/m_contours.F90,pointInPolygon,FUNCTION,1277,1,False,5,17,590.1456895850393,31.57894736842105,18636.179671106504,1035.3433150614724,0.19671522986167977
./models/01_CTSM/components/cdeps/fox/wkml/m_contours.F90,addPolygonToPolygonList,SUBROUTINE,2030,4,False,5,43,2373.14559626915,36.45454545454545,86511.9440094481,4806.219111636005,0.7910485320897166
./models/01_CTSM/components/cdeps/fox/wkml/m_contours.F90,destroy_contourLines,SUBROUTINE,136,3,False,4,25,650.9694533470946,6.980769230769232,4544.267530096065,252.45930722755915,0.21698981778236487
./models/01_CTSM/components/cdeps/fox/wkml/m_contours.F90,add_polygon,SUBROUTINE,392,2,False,4,34,1272.0475671424904,36.0,45793.71241712965,2544.0951342849808,0.42401585571416345
./models/01_CTSM/components/cdeps/fox/wkml/m_contours.F90,simpleScalePoints,SUBROUTINE,464,1,False,4,20,548.0384611145669,22.5,12330.865375077754,685.0480763932086,0.18267948703818895
./models/01_CTSM/components/cdeps/fox/wkml/m_contours.F90,complexScalePoints,SUBROUTINE,489,1,False,4,31,1028.649984886672,24.933333333333334,25647.67295650769,1424.8707198059828,0.34288332829555734
./models/01_CTSM/components/cdeps/fox/wkml/m_contours.F90,whichLevel,FUNCTION,1239,1,False,4,17,311.1383647149065,16.5,5133.783017795958,285.21016765533096,0.10371278823830217
./models/01_CTSM/components/cdeps/fox/wkml/m_contours.F90,add_point,SUBROUTINE,246,0,False,3,18,540.0073978321693,23.1,12474.170889923113,693.0094938846173,0.18000246594405644
./models/01_CTSM/components/cdeps/fox/wkml/m_contours.F90,add_line,SUBROUTINE,271,1,False,3,29,922.0732457163242,24.75,22821.312831479023,1267.8507128599458,0.30735774857210807
./models/01_CTSM/components/cdeps/fox/wkml/m_contours.F90,shave_polygons,SUBROUTINE,378,2,False,3,9,197.65428402504423,4.117647058823529,813.8705812795938,45.21503229331077,0.0658847613416814
./models/01_CTSM/components/cdeps/fox/wkml/m_contours.F90,checkPointOnPolygon,FUNCTION,1258,1,False,3,13,307.16017124398627,9.204545454545455,2827.2697580412373,157.07054211340207,0.10238672374799543
./models/01_CTSM/components/cdeps/fox/wkml/m_contours.F90,concatenate_lines,SUBROUTINE,436,0,False,2,22,689.8333013081152,22.666666666666668,15636.22149631728,868.6789720176266,0.22994443376937174
./models/01_CTSM/components/cdeps/fox/wkml/m_contours.F90,addLineToLineList,SUBROUTINE,2009,1,False,2,17,427.93987519471216,8.977272727272727,3841.732970497984,213.4296094721102,0.14264662506490405
./models/01_CTSM/components/cdeps/fox/wkml/m_contours.F90,init_line,SUBROUTINE,129,0,False,1,5,68.11428751370197,0.8181818181818182,55.72987160211979,3.096103977895544,0.022704762504567322
./models/01_CTSM/components/cdeps/fox/wkml/m_wkml_chart.F90,kmlAddChart_dp,SUBROUTINE,64,2,False,3,28,904.7639251168273,9.390243902439025,8495.953930975085,471.99744060972694,0.3015879750389424
./models/01_CTSM/components/cdeps/fox/wkml/m_wkml_chart.F90,kmlAddChart_sp,SUBROUTINE,20,1,False,2,16,636.2934558878937,6.583333333333334,4188.931917928634,232.71843988492412,0.2120978186292979
./models/01_CTSM/components/cdeps/fox/wkml/m_wkml_color.F90,kmlGetColor_byName,FUNCTION,188,1,False,4,16,388.3466359948253,8.928571428571429,3467.380678525226,192.63225991806812,0.12944887866494176
./models/01_CTSM/components/cdeps/fox/wkml/m_wkml_color.F90,kmlMakeColorMap,FUNCTION,210,1,False,3,15,394.9547923047624,9.865384615384617,3896.3809317758296,216.46560732087943,0.1316515974349208
./models/01_CTSM/components/cdeps/fox/wkml/m_wkml_color.F90,kmlAddColor_h,SUBROUTINE,87,0,False,2,15,264.97209216286,6.08695652173913,1612.8736044695825,89.60408913719903,0.08832403072095334
./models/01_CTSM/components/cdeps/fox/wkml/m_wkml_color.F90,kmlAddBgColor_h,SUBROUTINE,117,0,False,2,10,171.8953543301665,4.764705882352941,819.0308059260874,45.50171144033819,0.05729845144338883
./models/01_CTSM/components/cdeps/fox/wkml/m_wkml_color.F90,kmlAddTextColor_h,SUBROUTINE,140,0,False,2,10,171.8953543301665,4.764705882352941,819.0308059260874,45.50171144033819,0.05729845144338883
./models/01_CTSM/components/cdeps/fox/wkml/m_wkml_color.F90,kmlSetCustomColor,SUBROUTINE,154,0,False,2,8,140.55415752892034,4.6000000000000005,646.5491246330337,35.91939581294631,0.04685138584297345
./models/01_CTSM/components/cdeps/fox/wkml/m_wkml_color.F90,kmlGetColor_index,FUNCTION,174,0,False,2,8,238.041068761251,8.1,1928.132656966133,107.11848094256294,0.07934702292041701
./models/01_CTSM/components/cdeps/fox/wkml/m_wkml_color.F90,checkColorHex,FUNCTION,71,0,False,1,5,85.95159310338741,2.25,193.39108448262166,10.743949137923426,0.02865053103446247
./models/01_CTSM/components/cdeps/fox/wkml/m_wkml_color.F90,kmlAddColor_c,SUBROUTINE,77,0,False,1,7,112.0,1.7142857142857142,192.0,10.666666666666666,0.037333333333333336
./models/01_CTSM/components/cdeps/fox/wkml/m_wkml_color.F90,kmlAddBgColor_c,SUBROUTINE,107,0,False,1,7,112.0,1.7142857142857142,192.0,10.666666666666666,0.037333333333333336
./models/01_CTSM/components/cdeps/fox/wkml/m_wkml_color.F90,kmlAddTextColor_c,SUBROUTINE,130,0,False,1,7,112.0,1.7142857142857142,192.0,10.666666666666666,0.037333333333333336
./models/01_CTSM/components/cdeps/fox/wkml/m_wkml_color.F90,kmlGetColorHex,FUNCTION,166,0,False,1,5,85.95159310338741,1.4615384615384615,125.62155915110466,6.978975508394703,0.02865053103446247
./models/01_CTSM/components/cdeps/fox/wkml/m_wkml_contours.F90,outputContourRegions,SUBROUTINE,233,3,False,14,51,1969.3142748603045,32.55,64101.179646702905,3561.1766470390503,0.6564380916201015
./models/01_CTSM/components/cdeps/fox/wkml/m_wkml_contours.F90,kmlCreateContours_old,SUBROUTINE,135,0,False,7,37,1094.9081008162966,15.585365853658537,17064.543327356427,948.0301848531349,0.3649693669387655
./models/01_CTSM/components/cdeps/fox/wkml/m_wkml_contours.F90,outputContourLines,SUBROUTINE,185,2,False,7,38,1234.5401344821805,24.333333333333332,30040.476605733056,1668.9153669851698,0.41151337816072686
./models/01_CTSM/components/cdeps/fox/wkml/m_wkml_contours.F90,kmlOutputContours,SUBROUTINE,106,0,False,5,23,582.519953992238,9.258064516129032,5393.007315992655,299.6115175551475,0.19417331799741266
./models/01_CTSM/components/cdeps/fox/wkml/m_wkml_contours.F90,kmlCreateContours_sp,SUBROUTINE,37,0,False,1,16,613.1066573880208,6.0,3678.6399443281252,204.36888579600696,0.20436888579600695
./models/01_CTSM/components/cdeps/fox/wkml/m_wkml_contours.F90,kmlCreateContours_longlat_sp,SUBROUTINE,60,0,False,1,16,573.0398702191845,6.0,3438.239221315107,191.0132900730615,0.1910132900730615
./models/01_CTSM/components/cdeps/fox/wkml/m_wkml_contours.F90,kmlCreateContours_longlat2_sp,SUBROUTINE,83,0,False,1,16,573.0398702191845,6.0,3438.239221315107,191.0132900730615,0.1910132900730615
./models/01_CTSM/components/cdeps/fox/wkml/m_wkml_core.F90,kmlBeginFile,SUBROUTINE,20,0,False,3,19,425.0,11.543478260869565,4905.978260869565,272.55434782608694,0.14166666666666666
./models/01_CTSM/components/cdeps/fox/wkml/m_wkml_core.F90,kmlAddNamespace,SUBROUTINE,53,0,False,2,7,166.9080620655929,5.8,968.0667599804387,53.78148666557993,0.05563602068853097
./models/01_CTSM/components/cdeps/fox/wkml/m_wkml_core.F90,kmlFinishFile,SUBROUTINE,44,0,False,1,6,71.69925001442311,1.6,114.718800023077,6.373266667948722,0.023899750004807704
./models/01_CTSM/components/cdeps/fox/wkml/m_wkml_coverage.F90,kmlCreateCells_longlat_sp,SUBROUTINE,378,3,False,27,99,3913.0895444515495,47.75333333333333,186863.0693793763,10381.281632187573,1.3043631814838499
./models/01_CTSM/components/cdeps/fox/wkml/m_wkml_coverage.F90,kmlCreateCells_longlat_dp,SUBROUTINE,511,3,False,27,99,3913.0895444515495,47.75333333333333,186863.0693793763,10381.281632187573,1.3043631814838499
./models/01_CTSM/components/cdeps/fox/wkml/m_wkml_coverage.F90,kmlCreateCells_sp,SUBROUTINE,121,3,False,25,97,3570.519202981321,46.16197183098592,164822.20687001804,9156.789270556557,1.1901730676604403
./models/01_CTSM/components/cdeps/fox/wkml/m_wkml_coverage.F90,kmlCreateCells_dp,SUBROUTINE,248,3,False,25,97,3570.519202981321,46.16197183098592,164822.20687001804,9156.789270556557,1.1901730676604403
./models/01_CTSM/components/cdeps/fox/wkml/m_wkml_coverage.F90,kmlCreateCells_longlat2_sp,SUBROUTINE,646,3,False,24,89,3494.6857217867,45.25694444444445,158158.79756169394,8786.599864538552,1.1648952405955666
./models/01_CTSM/components/cdeps/fox/wkml/m_wkml_coverage.F90,kmlCreateCells_longlat2_dp,SUBROUTINE,763,3,False,24,89,3494.6857217867,45.25694444444445,158158.79756169394,8786.599864538552,1.1648952405955666
./models/01_CTSM/components/cdeps/fox/wkml/m_wkml_coverage.F90,kmlcreateCells3_dp,SUBROUTINE,882,5,False,13,93,3349.5575216696907,40.06024096385542,134184.08144038217,7454.671191132343,1.116519173889897
./models/01_CTSM/components/cdeps/fox/wkml/m_wkml_coverage.F90,kmlcreateCells3_sp,SUBROUTINE,1036,5,False,13,93,3349.5575216696907,40.06024096385542,134184.08144038217,7454.671191132343,1.116519173889897
./models/01_CTSM/components/cdeps/fox/wkml/m_wkml_coverage.F90,kmlCreateRGBCells_dp,SUBROUTINE,62,1,False,9,35,1086.895626142636,23.58974358974359,25639.589129518594,1424.4216183065885,0.36229854204754536
./models/01_CTSM/components/cdeps/fox/wkml/m_wkml_coverage.F90,kmlCreateRGBCells_sp,SUBROUTINE,50,0,False,1,8,297.20679614558236,4.090909090909091,1215.8459842319278,67.54699912399599,0.09906893204852746
./models/01_CTSM/components/cdeps/fox/wkml/m_wkml_features.F90,kmlCreatePoints_1d_sp,SUBROUTINE,166,2,False,18,88,3095.1563473549577,30.35820895522388,93963.40314208932,5220.189063449407,1.0317187824516525
./models/01_CTSM/components/cdeps/fox/wkml/m_wkml_features.F90,kmlCreatePoints_1d_dp,SUBROUTINE,383,2,False,18,88,3068.487401396158,29.130434782608695,89386.37212762721,4965.909562645957,1.0228291337987194
./models/01_CTSM/components/cdeps/fox/wkml/m_wkml_features.F90,kmlCreateLine_1d_sp,SUBROUTINE,625,0,False,15,62,1972.5023747549726,23.26923076923077,45898.61295102917,2549.922941723843,0.6575007915849909
./models/01_CTSM/components/cdeps/fox/wkml/m_wkml_features.F90,kmlCreateLine_1d_dp,SUBROUTINE,741,0,False,15,62,1972.5023747549726,23.26923076923077,45898.61295102917,2549.922941723843,0.6575007915849909
./models/01_CTSM/components/cdeps/fox/wkml/m_wkml_features.F90,kmlCreateLine_seg_sh_dp,SUBROUTINE,562,0,False,8,55,1225.7910379608188,12.608695652173912,15455.626130810324,858.6458961561291,0.40859701265360626
./models/01_CTSM/components/cdeps/fox/wkml/m_wkml_features.F90,kmlStartPolygon_1d_sp,SUBROUTINE,857,0,False,5,41,1644.0,14.785714285714286,24307.714285714286,1350.4285714285716,0.548
./models/01_CTSM/components/cdeps/fox/wkml/m_wkml_features.F90,kmlStartPolygon_1d_dp,SUBROUTINE,953,0,False,5,41,1644.0,14.785714285714286,24307.714285714286,1350.4285714285716,0.548
./models/01_CTSM/components/cdeps/fox/wkml/m_wkml_features.F90,kmlCreatePoints_2d_sp,SUBROUTINE,281,0,False,4,30,1709.20158814255,19.652173913043477,33589.5268626275,1866.0848257015277,0.5697338627141834
./models/01_CTSM/components/cdeps/fox/wkml/m_wkml_features.F90,kmlCreatePoints_2d_dp,SUBROUTINE,497,0,False,4,30,1795.524900675002,20.52173913043478,36847.29361385221,2047.071867436234,0.5985083002250007
./models/01_CTSM/components/cdeps/fox/wkml/m_wkml_features.F90,kmlCreateLine_2d_sp,SUBROUTINE,702,0,False,4,26,1237.2778781567708,17.894736842105264,22140.762030173795,1230.0423350096553,0.4124259593855903
./models/01_CTSM/components/cdeps/fox/wkml/m_wkml_features.F90,kmlCreateLine_2d_dp,SUBROUTINE,818,0,False,4,26,1237.2778781567708,17.894736842105264,22140.762030173795,1230.0423350096553,0.4124259593855903
./models/01_CTSM/components/cdeps/fox/wkml/m_wkml_features.F90,kmlStartPolygon_2d_sp,SUBROUTINE,911,0,False,4,28,1424.1654376838949,19.4,27628.809491067557,1534.9338606148642,0.4747218125612983
./models/01_CTSM/components/cdeps/fox/wkml/m_wkml_features.F90,kmlStartPolygon_2d_dp,SUBROUTINE,1008,0,False,4,28,1424.1654376838949,19.4,27628.809491067557,1534.9338606148642,0.4747218125612983
./models/01_CTSM/components/cdeps/fox/wkml/m_wkml_features.F90,kmlAddInnerBoundary_2d_sp,SUBROUTINE,1071,0,False,4,15,350.93690931020507,8.666666666666668,3041.4532140217775,168.96962300120987,0.11697896977006836
./models/01_CTSM/components/cdeps/fox/wkml/m_wkml_features.F90,kmlAddInnerBoundary_2d_dp,SUBROUTINE,1109,0,False,4,15,350.93690931020507,8.666666666666668,3041.4532140217775,168.96962300120987,0.11697896977006836
./models/01_CTSM/components/cdeps/fox/wkml/m_wkml_features.F90,kmlAddPoint_sp,SUBROUTINE,70,0,False,3,12,351.74793803746815,5.673076923076923,1995.493110020252,110.86072833445844,0.11724931267915605
./models/01_CTSM/components/cdeps/fox/wkml/m_wkml_features.F90,kmlAddPoint_dp,SUBROUTINE,86,0,False,3,12,351.74793803746815,5.673076923076923,1995.493110020252,110.86072833445844,0.11724931267915605
./models/01_CTSM/components/cdeps/fox/wkml/m_wkml_features.F90,kmlCreatePoints_0d_sp,SUBROUTINE,115,0,False,2,26,1710.0884255017415,21.61904761904762,36970.48310370432,2053.915727983573,0.5700294751672472
./models/01_CTSM/components/cdeps/fox/wkml/m_wkml_features.F90,kmlCreatePoints_0d_dp,SUBROUTINE,333,0,False,2,26,1710.0884255017415,21.61904761904762,36970.48310370432,2053.915727983573,0.5700294751672472
./models/01_CTSM/components/cdeps/fox/wkml/m_wkml_features.F90,kmlAddInnerBoundary_1d_sp,SUBROUTINE,1051,0,False,2,14,326.9769564855337,6.12,2001.0989736914664,111.17216520508147,0.10899231882851124
./models/01_CTSM/components/cdeps/fox/wkml/m_wkml_features.F90,kmlAddInnerBoundary_1d_dp,SUBROUTINE,1089,0,False,2,14,326.9769564855337,6.12,2001.0989736914664,111.17216520508147,0.10899231882851124
./models/01_CTSM/components/cdeps/fox/wkml/m_wkml_features.F90,kmlEndRegion,SUBROUTINE,1127,0,False,1,5,58.81033751683405,1.5555555555555556,91.48274724840853,5.082374847133807,0.019603445838944685
./models/01_CTSM/components/cdeps/fox/wkml/m_wkml_lowlevel.F90,kmlAddCoordinates_array_sp,SUBROUTINE,1008,1,False,9,40,878.1181356564148,15.387096774193548,13511.688732519673,750.6493740288707,0.29270604521880494
./models/01_CTSM/components/cdeps/fox/wkml/m_wkml_lowlevel.F90,kmlAddCoordinates_array_dp,SUBROUTINE,1052,1,False,9,40,878.1181356564148,15.387096774193548,13511.688732519673,750.6493740288707,0.29270604521880494
./models/01_CTSM/components/cdeps/fox/wkml/m_wkml_lowlevel.F90,kmlOpenLinearRing,SUBROUTINE,1528,0,False,7,17,450.8318642452056,11.304347826086957,5096.36020451102,283.1311224728345,0.1502772880817352
./models/01_CTSM/components/cdeps/fox/wkml/m_wkml_lowlevel.F90,kmlOpenLineString,SUBROUTINE,1555,0,False,7,17,450.8318642452056,11.304347826086957,5096.36020451102,283.1311224728345,0.1502772880817352
./models/01_CTSM/components/cdeps/fox/wkml/m_wkml_lowlevel.F90,kmlOpenPolygon,SUBROUTINE,1581,0,False,7,17,450.8318642452056,11.304347826086957,5096.36020451102,283.1311224728345,0.1502772880817352
./models/01_CTSM/components/cdeps/fox/wkml/m_wkml_lowlevel.F90,kmlOpenPlacemark,SUBROUTINE,1268,0,False,5,12,366.63429801500513,7.142857142857143,2618.816414392894,145.4898007996052,0.12221143267166838
./models/01_CTSM/components/cdeps/fox/wkml/m_wkml_lowlevel.F90,kmlOpenFolder,SUBROUTINE,893,0,False,3,10,221.65453584679364,6.352941176470589,1408.1582277325715,78.23101265180952,0.07388484528226455
./models/01_CTSM/components/cdeps/fox/wkml/m_wkml_lowlevel.F90,kmlOpenObject,SUBROUTINE,1194,0,False,3,7,171.30037948837168,4.84375,829.7362131468003,46.09645628593335,0.05710012649612389
./models/01_CTSM/components/cdeps/fox/wkml/m_wkml_lowlevel.F90,kmlAddNamespace,SUBROUTINE,93,0,False,2,7,166.9080620655929,5.8,968.0667599804387,53.78148666557993,0.05563602068853097
./models/01_CTSM/components/cdeps/fox/wkml/m_wkml_lowlevel.F90,kmlAddaltitudeMode,SUBROUTINE,247,0,False,2,10,194.51316411045156,7.2,1400.4947815952512,77.80526564418062,0.06483772137015052
./models/01_CTSM/components/cdeps/fox/wkml/m_wkml_lowlevel.F90,kmlAddcolorMode,SUBROUTINE,314,0,False,2,10,180.94247824228052,6.933333333333334,1254.534515813145,69.69636198961916,0.0603141594140935
./models/01_CTSM/components/cdeps/fox/wkml/m_wkml_lowlevel.F90,kmlAddheading,SUBROUTINE,409,0,False,2,10,213.96993759735608,7.5,1604.7745319801707,89.15414066556504,0.07132331253245203
./models/01_CTSM/components/cdeps/fox/wkml/m_wkml_lowlevel.F90,kmlAddhref,SUBROUTINE,433,0,False,2,13,245.34452978042594,6.545454545454546,1605.8914676536972,89.21619264742762,0.08178150992680865
./models/01_CTSM/components/cdeps/fox/wkml/m_wkml_lowlevel.F90,kmlAddcoordinates_sp,SUBROUTINE,716,0,False,2,14,275.09775004326934,6.052631578947368,1665.0653292092618,92.50362940051454,0.09169925001442311
./models/01_CTSM/components/cdeps/fox/wkml/m_wkml_lowlevel.F90,kmlAddcoordinates_dp,SUBROUTINE,731,0,False,2,14,275.09775004326934,6.052631578947368,1665.0653292092618,92.50362940051454,0.09169925001442311
./models/01_CTSM/components/cdeps/fox/wkml/m_wkml_lowlevel.F90,kmlAddIcon_href,SUBROUTINE,747,0,False,2,9,203.5602880225656,4.861111111111111,989.5291778874716,54.973843215970646,0.0678534293408552
./models/01_CTSM/components/cdeps/fox/wkml/m_wkml_lowlevel.F90,kmlAddIcon_refresh,SUBROUTINE,757,0,False,2,11,271.02858762331766,5.113636363636363,1385.9416412556016,76.99675784753342,0.09034286254110589
./models/01_CTSM/components/cdeps/fox/wkml/m_wkml_lowlevel.F90,kmlAddIcon_view,SUBROUTINE,769,0,False,2,14,378.329558951884,5.357142857142857,2026.7654943850928,112.59808302139405,0.12610985298396132
./models/01_CTSM/components/cdeps/fox/wkml/m_wkml_lowlevel.F90,kmlOpenAddressDetail,SUBROUTINE,814,0,False,2,6,129.65784284662087,4.0,518.6313713864835,28.81285396591575,0.043219280948873624
./models/01_CTSM/components/cdeps/fox/wkml/m_wkml_lowlevel.F90,kmlOpenChange,SUBROUTINE,826,0,False,2,6,129.65784284662087,4.0,518.6313713864835,28.81285396591575,0.043219280948873624
./models/01_CTSM/components/cdeps/fox/wkml/m_wkml_lowlevel.F90,kmlOpenContainer,SUBROUTINE,838,0,False,2,6,129.65784284662087,4.0,518.6313713864835,28.81285396591575,0.043219280948873624
./models/01_CTSM/components/cdeps/fox/wkml/m_wkml_lowlevel.F90,kmlOpenCreate,SUBROUTINE,850,0,False,2,6,129.65784284662087,4.0,518.6313713864835,28.81285396591575,0.043219280948873624
./models/01_CTSM/components/cdeps/fox/wkml/m_wkml_lowlevel.F90,kmlOpenDelete,SUBROUTINE,862,0,False,2,6,129.65784284662087,4.0,518.6313713864835,28.81285396591575,0.043219280948873624
./models/01_CTSM/components/cdeps/fox/wkml/m_wkml_lowlevel.F90,kmlOpenDocument,SUBROUTINE,875,0,False,2,8,187.29612798276648,4.852941176470588,908.9370916810725,50.49650509339292,0.06243204266092216
./models/01_CTSM/components/cdeps/fox/wkml/m_wkml_lowlevel.F90,kmlOpenFeature,SUBROUTINE,914,0,False,2,6,129.65784284662087,4.0,518.6313713864835,28.81285396591575,0.043219280948873624
./models/01_CTSM/components/cdeps/fox/wkml/m_wkml_lowlevel.F90,kmlOpenGeometry,SUBROUTINE,926,0,False,2,6,129.65784284662087,4.0,518.6313713864835,28.81285396591575,0.043219280948873624
./models/01_CTSM/components/cdeps/fox/wkml/m_wkml_lowlevel.F90,kmlOpenGeometryCollection,SUBROUTINE,938,0,False,2,6,129.65784284662087,4.0,518.6313713864835,28.81285396591575,0.043219280948873624
./models/01_CTSM/components/cdeps/fox/wkml/m_wkml_lowlevel.F90,kmlOpenGroundOverlay,SUBROUTINE,950,0,False,2,6,129.65784284662087,4.0,518.6313713864835,28.81285396591575,0.043219280948873624
./models/01_CTSM/components/cdeps/fox/wkml/m_wkml_lowlevel.F90,kmlOpenIcon,SUBROUTINE,962,0,False,2,6,129.65784284662087,4.0,518.6313713864835,28.81285396591575,0.043219280948873624
./models/01_CTSM/components/cdeps/fox/wkml/m_wkml_lowlevel.F90,kmlOpenLatLonAltBox,SUBROUTINE,974,0,False,2,6,129.65784284662087,4.0,518.6313713864835,28.81285396591575,0.043219280948873624
./models/01_CTSM/components/cdeps/fox/wkml/m_wkml_lowlevel.F90,kmlOpenLatLonBox,SUBROUTINE,986,0,False,2,6,129.65784284662087,4.0,518.6313713864835,28.81285396591575,0.043219280948873624
./models/01_CTSM/components/cdeps/fox/wkml/m_wkml_lowlevel.F90,kmlOpenLink,SUBROUTINE,1097,0,False,2,6,129.65784284662087,4.0,518.6313713864835,28.81285396591575,0.043219280948873624
./models/01_CTSM/components/cdeps/fox/wkml/m_wkml_lowlevel.F90,kmlOpenLocation,SUBROUTINE,1109,0,False,2,6,129.65784284662087,4.0,518.6313713864835,28.81285396591575,0.043219280948873624
./models/01_CTSM/components/cdeps/fox/wkml/m_wkml_lowlevel.F90,kmlOpenLod,SUBROUTINE,1121,0,False,2,6,129.65784284662087,4.0,518.6313713864835,28.81285396591575,0.043219280948873624
./models/01_CTSM/components/cdeps/fox/wkml/m_wkml_lowlevel.F90,kmlOpenLookAt,SUBROUTINE,1133,0,False,2,6,129.65784284662087,4.0,518.6313713864835,28.81285396591575,0.043219280948873624
./models/01_CTSM/components/cdeps/fox/wkml/m_wkml_lowlevel.F90,kmlOpenModel,SUBROUTINE,1145,0,False,2,6,129.65784284662087,4.0,518.6313713864835,28.81285396591575,0.043219280948873624
./models/01_CTSM/components/cdeps/fox/wkml/m_wkml_lowlevel.F90,kmlOpenMultiGeometry,SUBROUTINE,1157,0,False,2,6,129.65784284662087,4.0,518.6313713864835,28.81285396591575,0.043219280948873624
./models/01_CTSM/components/cdeps/fox/wkml/m_wkml_lowlevel.F90,kmlOpenNetworkLink,SUBROUTINE,1169,0,False,2,6,129.65784284662087,4.0,518.6313713864835,28.81285396591575,0.043219280948873624
./models/01_CTSM/components/cdeps/fox/wkml/m_wkml_lowlevel.F90,kmlOpenNetworkLinkControl,SUBROUTINE,1181,0,False,2,6,129.65784284662087,4.0,518.6313713864835,28.81285396591575,0.043219280948873624
./models/01_CTSM/components/cdeps/fox/wkml/m_wkml_lowlevel.F90,kmlOpenObjArrayField,SUBROUTINE,1207,0,False,2,6,129.65784284662087,4.0,518.6313713864835,28.81285396591575,0.043219280948873624
./models/01_CTSM/components/cdeps/fox/wkml/m_wkml_lowlevel.F90,kmlOpenObjField,SUBROUTINE,1219,0,False,2,6,129.65784284662087,4.0,518.6313713864835,28.81285396591575,0.043219280948873624
./models/01_CTSM/components/cdeps/fox/wkml/m_wkml_lowlevel.F90,kmlOpenOrientation,SUBROUTINE,1231,0,False,2,6,129.65784284662087,4.0,518.6313713864835,28.81285396591575,0.043219280948873624
./models/01_CTSM/components/cdeps/fox/wkml/m_wkml_lowlevel.F90,kmlOpenOverlay,SUBROUTINE,1243,0,False,2,6,129.65784284662087,4.0,518.6313713864835,28.81285396591575,0.043219280948873624
./models/01_CTSM/components/cdeps/fox/wkml/m_wkml_lowlevel.F90,kmlOpenPair,SUBROUTINE,1255,0,False,2,6,129.65784284662087,4.0,518.6313713864835,28.81285396591575,0.043219280948873624
./models/01_CTSM/components/cdeps/fox/wkml/m_wkml_lowlevel.F90,kmlOpenPoint,SUBROUTINE,1288,0,False,2,6,129.65784284662087,4.0,518.6313713864835,28.81285396591575,0.043219280948873624
./models/01_CTSM/components/cdeps/fox/wkml/m_wkml_lowlevel.F90,kmlOpenRegion,SUBROUTINE,1301,0,False,2,6,129.65784284662087,4.0,518.6313713864835,28.81285396591575,0.043219280948873624
./models/01_CTSM/components/cdeps/fox/wkml/m_wkml_lowlevel.F90,kmlOpenResponse,SUBROUTINE,1314,0,False,2,6,129.65784284662087,4.0,518.6313713864835,28.81285396591575,0.043219280948873624
./models/01_CTSM/components/cdeps/fox/wkml/m_wkml_lowlevel.F90,kmlOpenScale,SUBROUTINE,1326,0,False,2,6,129.65784284662087,4.0,518.6313713864835,28.81285396591575,0.043219280948873624
./models/01_CTSM/components/cdeps/fox/wkml/m_wkml_lowlevel.F90,kmlOpenSchema,SUBROUTINE,1340,0,False,2,8,184.47733175670794,5.15625,951.2112418705253,52.845068992806965,0.06149244391890265
./models/01_CTSM/components/cdeps/fox/wkml/m_wkml_lowlevel.F90,kmlOpenSchemaField,SUBROUTINE,1355,0,False,2,6,129.65784284662087,4.0,518.6313713864835,28.81285396591575,0.043219280948873624
./models/01_CTSM/components/cdeps/fox/wkml/m_wkml_lowlevel.F90,kmlOpenScreenOverlay,SUBROUTINE,1367,0,False,2,6,129.65784284662087,4.0,518.6313713864835,28.81285396591575,0.043219280948873624
./models/01_CTSM/components/cdeps/fox/wkml/m_wkml_lowlevel.F90,kmlOpenSimpleArrayField,SUBROUTINE,1380,0,False,2,6,129.65784284662087,4.0,518.6313713864835,28.81285396591575,0.043219280948873624
./models/01_CTSM/components/cdeps/fox/wkml/m_wkml_lowlevel.F90,kmlOpenSnippet,SUBROUTINE,1414,0,False,2,6,129.65784284662087,4.0,518.6313713864835,28.81285396591575,0.043219280948873624
./models/01_CTSM/components/cdeps/fox/wkml/m_wkml_lowlevel.F90,kmlOpenStatus,SUBROUTINE,1426,0,False,2,6,129.65784284662087,4.0,518.6313713864835,28.81285396591575,0.043219280948873624
./models/01_CTSM/components/cdeps/fox/wkml/m_wkml_lowlevel.F90,kmlOpenTimePrimitive,SUBROUTINE,1438,0,False,2,6,129.65784284662087,4.0,518.6313713864835,28.81285396591575,0.043219280948873624
./models/01_CTSM/components/cdeps/fox/wkml/m_wkml_lowlevel.F90,kmlOpenTimeSpan,SUBROUTINE,1450,0,False,2,6,129.65784284662087,4.0,518.6313713864835,28.81285396591575,0.043219280948873624
./models/01_CTSM/components/cdeps/fox/wkml/m_wkml_lowlevel.F90,kmlOpenTimeStamp,SUBROUTINE,1462,0,False,2,6,129.65784284662087,4.0,518.6313713864835,28.81285396591575,0.043219280948873624
./models/01_CTSM/components/cdeps/fox/wkml/m_wkml_lowlevel.F90,kmlOpenUpdate,SUBROUTINE,1478,0,False,2,6,129.65784284662087,4.0,518.6313713864835,28.81285396591575,0.043219280948873624
./models/01_CTSM/components/cdeps/fox/wkml/m_wkml_lowlevel.F90,kmlOpenUrl,SUBROUTINE,1491,0,False,2,6,129.65784284662087,4.0,518.6313713864835,28.81285396591575,0.043219280948873624
./models/01_CTSM/components/cdeps/fox/wkml/m_wkml_lowlevel.F90,kmlOpenOuterBoundaryIs,SUBROUTINE,1504,0,False,2,6,129.65784284662087,4.0,518.6313713864835,28.81285396591575,0.043219280948873624
./models/01_CTSM/components/cdeps/fox/wkml/m_wkml_lowlevel.F90,kmlOpenInnerBoundaryIs,SUBROUTINE,1516,0,False,2,6,129.65784284662087,4.0,518.6313713864835,28.81285396591575,0.043219280948873624
./models/01_CTSM/components/cdeps/fox/wkml/m_wkml_lowlevel.F90,kmlAddname,SUBROUTINE,106,0,False,1,7,120.92782504182705,3.2857142857142856,397.33428228028885,22.07412679334938,0.04030927501394235
./models/01_CTSM/components/cdeps/fox/wkml/m_wkml_lowlevel.F90,kmlAddopen,SUBROUTINE,115,0,False,1,9,135.93368043019473,2.53125,344.0821285889304,19.115673810496133,0.04531122681006491
./models/01_CTSM/components/cdeps/fox/wkml/m_wkml_lowlevel.F90,kmlAddoutline,SUBROUTINE,126,0,False,1,9,135.93368043019473,2.53125,344.0821285889304,19.115673810496133,0.04531122681006491
./models/01_CTSM/components/cdeps/fox/wkml/m_wkml_lowlevel.F90,kmlAddextrude,SUBROUTINE,137,0,False,1,9,135.93368043019473,2.53125,344.0821285889304,19.115673810496133,0.04531122681006491
./models/01_CTSM/components/cdeps/fox/wkml/m_wkml_lowlevel.F90,kmlAddfill,SUBROUTINE,148,0,False,1,9,135.93368043019473,2.53125,344.0821285889304,19.115673810496133,0.04531122681006491
./models/01_CTSM/components/cdeps/fox/wkml/m_wkml_lowlevel.F90,kmlAddvisibility,SUBROUTINE,159,0,False,1,9,135.93368043019473,2.53125,344.0821285889304,19.115673810496133,0.04531122681006491
./models/01_CTSM/components/cdeps/fox/wkml/m_wkml_lowlevel.F90,kmlAddtessellate,SUBROUTINE,170,0,False,1,9,135.93368043019473,2.53125,344.0821285889304,19.115673810496133,0.04531122681006491
./models/01_CTSM/components/cdeps/fox/wkml/m_wkml_lowlevel.F90,kmlAddrefreshVisibility,SUBROUTINE,181,0,False,1,7,120.92782504182705,2.4000000000000004,290.226780100385,16.123710005576942,0.04030927501394235
./models/01_CTSM/components/cdeps/fox/wkml/m_wkml_lowlevel.F90,kmlAddflyToView,SUBROUTINE,189,0,False,1,7,120.92782504182705,2.4000000000000004,290.226780100385,16.123710005576942,0.04030927501394235
./models/01_CTSM/components/cdeps/fox/wkml/m_wkml_lowlevel.F90,kmlAddaddress,SUBROUTINE,197,0,False,1,7,120.92782504182705,3.2857142857142856,397.33428228028885,22.07412679334938,0.04030927501394235
./models/01_CTSM/components/cdeps/fox/wkml/m_wkml_lowlevel.F90,kmlAddphoneNumber,SUBROUTINE,205,0,False,1,7,120.92782504182705,3.2857142857142856,397.33428228028885,22.07412679334938,0.04030927501394235
./models/01_CTSM/components/cdeps/fox/wkml/m_wkml_lowlevel.F90,kmlAdddescription_ch,SUBROUTINE,214,0,False,1,7,120.92782504182705,3.2857142857142856,397.33428228028885,22.07412679334938,0.04030927501394235
./models/01_CTSM/components/cdeps/fox/wkml/m_wkml_lowlevel.F90,kmlAdddescription_sp,SUBROUTINE,223,0,False,1,9,125.09775004326937,1.625,203.28384382031274,11.293546878906263,0.04169925001442312
./models/01_CTSM/components/cdeps/fox/wkml/m_wkml_lowlevel.F90,kmlAdddescription_dp,SUBROUTINE,235,0,False,1,9,131.68575291675114,1.588235294117647,209.14796051484004,11.619331139713335,0.04389525097225038
./models/01_CTSM/components/cdeps/fox/wkml/m_wkml_lowlevel.F90,kmlAddrefreshMode,SUBROUTINE,261,0,False,1,7,120.92782504182705,3.2857142857142856,397.33428228028885,22.07412679334938,0.04030927501394235
./models/01_CTSM/components/cdeps/fox/wkml/m_wkml_lowlevel.F90,kmlAddrefreshInterval,SUBROUTINE,269,0,False,1,7,120.92782504182705,3.2857142857142856,397.33428228028885,22.07412679334938,0.04030927501394235
./models/01_CTSM/components/cdeps/fox/wkml/m_wkml_lowlevel.F90,kmlAddviewrefreshMode,SUBROUTINE,277,0,False,1,7,120.92782504182705,3.2857142857142856,397.33428228028885,22.07412679334938,0.04030927501394235
./models/01_CTSM/components/cdeps/fox/wkml/m_wkml_lowlevel.F90,kmlAddviewRefreshTime,SUBROUTINE,285,0,False,1,7,120.92782504182705,3.2857142857142856,397.33428228028885,22.07412679334938,0.04030927501394235
./models/01_CTSM/components/cdeps/fox/wkml/m_wkml_lowlevel.F90,kmlAddbegin,SUBROUTINE,295,0,False,1,7,120.92782504182705,3.2857142857142856,397.33428228028885,22.07412679334938,0.04030927501394235
./models/01_CTSM/components/cdeps/fox/wkml/m_wkml_lowlevel.F90,kmlAddend,SUBROUTINE,304,0,False,1,7,120.92782504182705,3.2857142857142856,397.33428228028885,22.07412679334938,0.04030927501394235
./models/01_CTSM/components/cdeps/fox/wkml/m_wkml_lowlevel.F90,kmlAddmessage,SUBROUTINE,327,0,False,1,7,120.92782504182705,3.2857142857142856,397.33428228028885,22.07412679334938,0.04030927501394235
./models/01_CTSM/components/cdeps/fox/wkml/m_wkml_lowlevel.F90,kmlAddcookie,SUBROUTINE,336,0,False,1,7,120.92782504182705,3.2857142857142856,397.33428228028885,22.07412679334938,0.04030927501394235
./models/01_CTSM/components/cdeps/fox/wkml/m_wkml_lowlevel.F90,kmlAddlinkName,SUBROUTINE,345,0,False,1,7,120.92782504182705,3.2857142857142856,397.33428228028885,22.07412679334938,0.04030927501394235
./models/01_CTSM/components/cdeps/fox/wkml/m_wkml_lowlevel.F90,kmlAddlinkDescription,SUBROUTINE,354,0,False,1,7,120.92782504182705,3.2857142857142856,397.33428228028885,22.07412679334938,0.04030927501394235
./models/01_CTSM/components/cdeps/fox/wkml/m_wkml_lowlevel.F90,kmlAdddrawOrder,SUBROUTINE,363,0,False,1,7,120.92782504182705,2.4000000000000004,290.226780100385,16.123710005576942,0.04030927501394235
./models/01_CTSM/components/cdeps/fox/wkml/m_wkml_lowlevel.F90,kmlAddnorth,SUBROUTINE,372,0,False,1,7,120.92782504182705,3.2857142857142856,397.33428228028885,22.07412679334938,0.04030927501394235
./models/01_CTSM/components/cdeps/fox/wkml/m_wkml_lowlevel.F90,kmlAddsouth,SUBROUTINE,381,0,False,1,7,120.92782504182705,3.2857142857142856,397.33428228028885,22.07412679334938,0.04030927501394235
./models/01_CTSM/components/cdeps/fox/wkml/m_wkml_lowlevel.F90,kmlAddeast,SUBROUTINE,390,0,False,1,7,120.92782504182705,3.2857142857142856,397.33428228028885,22.07412679334938,0.04030927501394235
./models/01_CTSM/components/cdeps/fox/wkml/m_wkml_lowlevel.F90,kmlAddwest,SUBROUTINE,399,0,False,1,7,120.92782504182705,3.2857142857142856,397.33428228028885,22.07412679334938,0.04030927501394235
./models/01_CTSM/components/cdeps/fox/wkml/m_wkml_lowlevel.F90,kmlAddkey,SUBROUTINE,448,0,False,1,7,120.92782504182705,3.2857142857142856,397.33428228028885,22.07412679334938,0.04030927501394235
./models/01_CTSM/components/cdeps/fox/wkml/m_wkml_lowlevel.F90,kmlAddlongitude_dp,SUBROUTINE,457,0,False,1,7,108.0,1.6428571428571428,177.42857142857142,9.857142857142856,0.036
./models/01_CTSM/components/cdeps/fox/wkml/m_wkml_lowlevel.F90,kmlAddlongitude_sp,SUBROUTINE,467,0,False,1,7,101.57915548582149,1.6923076923076923,171.90318620677482,9.55017701148749,0.033859718495273826
./models/01_CTSM/components/cdeps/fox/wkml/m_wkml_lowlevel.F90,kmlAddlatitude_dp,SUBROUTINE,477,0,False,1,7,108.0,1.6428571428571428,177.42857142857142,9.857142857142856,0.036
./models/01_CTSM/components/cdeps/fox/wkml/m_wkml_lowlevel.F90,kmlAddlatitude_sp,SUBROUTINE,487,0,False,1,7,101.57915548582149,1.6923076923076923,171.90318620677482,9.55017701148749,0.033859718495273826
./models/01_CTSM/components/cdeps/fox/wkml/m_wkml_lowlevel.F90,kmlAddaltitude,SUBROUTINE,497,0,False,1,7,120.92782504182705,3.2857142857142856,397.33428228028885,22.07412679334938,0.04030927501394235
./models/01_CTSM/components/cdeps/fox/wkml/m_wkml_lowlevel.F90,kmlAddminRefreshPeriod,SUBROUTINE,506,0,False,1,7,120.92782504182705,3.2857142857142856,397.33428228028885,22.07412679334938,0.04030927501394235
./models/01_CTSM/components/cdeps/fox/wkml/m_wkml_lowlevel.F90,kmlAddlistItemType,SUBROUTINE,515,0,False,1,7,120.92782504182705,3.2857142857142856,397.33428228028885,22.07412679334938,0.04030927501394235
./models/01_CTSM/components/cdeps/fox/wkml/m_wkml_lowlevel.F90,kmlAddmaxAltitude,SUBROUTINE,525,0,False,1,7,120.92782504182705,3.2857142857142856,397.33428228028885,22.07412679334938,0.04030927501394235
./models/01_CTSM/components/cdeps/fox/wkml/m_wkml_lowlevel.F90,kmlAddminAltitude,SUBROUTINE,534,0,False,1,7,120.92782504182705,3.2857142857142856,397.33428228028885,22.07412679334938,0.04030927501394235
./models/01_CTSM/components/cdeps/fox/wkml/m_wkml_lowlevel.F90,kmlAddminLodPixels,SUBROUTINE,552,0,False,1,7,120.92782504182705,3.2857142857142856,397.33428228028885,22.07412679334938,0.04030927501394235
./models/01_CTSM/components/cdeps/fox/wkml/m_wkml_lowlevel.F90,kmlAddmaxLodPixels,SUBROUTINE,563,0,False,1,7,120.92782504182705,3.2857142857142856,397.33428228028885,22.07412679334938,0.04030927501394235
./models/01_CTSM/components/cdeps/fox/wkml/m_wkml_lowlevel.F90,kmlAddminFadeExtent,SUBROUTINE,573,0,False,1,7,120.92782504182705,3.2857142857142856,397.33428228028885,22.07412679334938,0.04030927501394235
./models/01_CTSM/components/cdeps/fox/wkml/m_wkml_lowlevel.F90,kmlAddmaxFadeExtent,SUBROUTINE,583,0,False,1,7,120.92782504182705,3.2857142857142856,397.33428228028885,22.07412679334938,0.04030927501394235
./models/01_CTSM/components/cdeps/fox/wkml/m_wkml_lowlevel.F90,kmlAddrange,SUBROUTINE,592,0,False,1,7,120.92782504182705,3.2857142857142856,397.33428228028885,22.07412679334938,0.04030927501394235
./models/01_CTSM/components/cdeps/fox/wkml/m_wkml_lowlevel.F90,kmlAddtilt,SUBROUTINE,601,0,False,1,7,120.92782504182705,3.2857142857142856,397.33428228028885,22.07412679334938,0.04030927501394235
./models/01_CTSM/components/cdeps/fox/wkml/m_wkml_lowlevel.F90,kmlAddroll,SUBROUTINE,610,0,False,1,7,120.92782504182705,3.2857142857142856,397.33428228028885,22.07412679334938,0.04030927501394235
./models/01_CTSM/components/cdeps/fox/wkml/m_wkml_lowlevel.F90,kmlAddrequest,SUBROUTINE,619,0,False,1,7,120.92782504182705,3.2857142857142856,397.33428228028885,22.07412679334938,0.04030927501394235
./models/01_CTSM/components/cdeps/fox/wkml/m_wkml_lowlevel.F90,kmlAddrotation,SUBROUTINE,632,0,False,1,7,120.92782504182705,3.2857142857142856,397.33428228028885,22.07412679334938,0.04030927501394235
./models/01_CTSM/components/cdeps/fox/wkml/m_wkml_lowlevel.F90,kmlAddScale_int,SUBROUTINE,640,0,False,1,7,101.57915548582149,1.6923076923076923,171.90318620677482,9.55017701148749,0.033859718495273826
./models/01_CTSM/components/cdeps/fox/wkml/m_wkml_lowlevel.F90,kmlAddScale_sp,SUBROUTINE,649,0,False,1,7,127.43782540330756,2.34375,298.6824032890021,16.593466849389003,0.042479275134435855
./models/01_CTSM/components/cdeps/fox/wkml/m_wkml_lowlevel.F90,kmlAddScale_dp,SUBROUTINE,658,0,False,1,7,127.43782540330756,2.34375,298.6824032890021,16.593466849389003,0.042479275134435855
./models/01_CTSM/components/cdeps/fox/wkml/m_wkml_lowlevel.F90,kmlAddtargetHref,SUBROUTINE,669,0,False,1,7,120.92782504182705,3.2857142857142856,397.33428228028885,22.07412679334938,0.04030927501394235
./models/01_CTSM/components/cdeps/fox/wkml/m_wkml_lowlevel.F90,kmlAddviewBoundScale,SUBROUTINE,679,0,False,1,7,120.92782504182705,3.2857142857142856,397.33428228028885,22.07412679334938,0.04030927501394235
./models/01_CTSM/components/cdeps/fox/wkml/m_wkml_lowlevel.F90,kmlAddwhen,SUBROUTINE,692,0,False,1,7,120.92782504182705,3.2857142857142856,397.33428228028885,22.07412679334938,0.04030927501394235
./models/01_CTSM/components/cdeps/fox/wkml/m_wkml_lowlevel.F90,kmlAddwidth,SUBROUTINE,701,0,False,1,7,101.57915548582149,1.6923076923076923,171.90318620677482,9.55017701148749,0.033859718495273826
./models/01_CTSM/components/cdeps/fox/wkml/m_wkml_lowlevel.F90,kmlOpencoordinates,SUBROUTINE,784,0,False,1,4,46.50699332842307,1.5,69.7604899926346,3.875582777368589,0.015502331109474358
./models/01_CTSM/components/cdeps/fox/wkml/m_wkml_lowlevel.F90,kmlClosecoordinates,SUBROUTINE,789,0,False,1,4,46.50699332842307,1.5,69.7604899926346,3.875582777368589,0.015502331109474358
./models/01_CTSM/components/cdeps/fox/wkml/m_wkml_lowlevel.F90,kmlOpenItemIcon,SUBROUTINE,794,0,False,1,4,46.50699332842307,1.5,69.7604899926346,3.875582777368589,0.015502331109474358
./models/01_CTSM/components/cdeps/fox/wkml/m_wkml_lowlevel.F90,kmlCloseItemIcon,SUBROUTINE,799,0,False,1,4,46.50699332842307,1.5,69.7604899926346,3.875582777368589,0.015502331109474358
./models/01_CTSM/components/cdeps/fox/wkml/m_wkml_lowlevel.F90,kmlAddstate,SUBROUTINE,806,0,False,1,7,120.92782504182705,3.2857142857142856,397.33428228028885,22.07412679334938,0.04030927501394235
./models/01_CTSM/components/cdeps/fox/wkml/m_wkml_lowlevel.F90,kmlCloseAddressDetail,SUBROUTINE,821,0,False,1,4,46.50699332842307,1.5,69.7604899926346,3.875582777368589,0.015502331109474358
./models/01_CTSM/components/cdeps/fox/wkml/m_wkml_lowlevel.F90,kmlCloseChange,SUBROUTINE,833,0,False,1,4,46.50699332842307,1.5,69.7604899926346,3.875582777368589,0.015502331109474358
./models/01_CTSM/components/cdeps/fox/wkml/m_wkml_lowlevel.F90,kmlCloseContainer,SUBROUTINE,845,0,False,1,4,46.50699332842307,1.5,69.7604899926346,3.875582777368589,0.015502331109474358
./models/01_CTSM/components/cdeps/fox/wkml/m_wkml_lowlevel.F90,kmlCloseCreate,SUBROUTINE,857,0,False,1,4,46.50699332842307,1.5,69.7604899926346,3.875582777368589,0.015502331109474358
./models/01_CTSM/components/cdeps/fox/wkml/m_wkml_lowlevel.F90,kmlCloseDelete,SUBROUTINE,869,0,False,1,4,46.50699332842307,1.5,69.7604899926346,3.875582777368589,0.015502331109474358
./models/01_CTSM/components/cdeps/fox/wkml/m_wkml_lowlevel.F90,kmlCloseDocument,SUBROUTINE,886,0,False,1,4,46.50699332842307,1.5,69.7604899926346,3.875582777368589,0.015502331109474358
./models/01_CTSM/components/cdeps/fox/wkml/m_wkml_lowlevel.F90,kmlCloseFolder,SUBROUTINE,906,0,False,1,4,46.50699332842307,1.5,69.7604899926346,3.875582777368589,0.015502331109474358
./models/01_CTSM/components/cdeps/fox/wkml/m_wkml_lowlevel.F90,kmlCloseFeature,SUBROUTINE,921,0,False,1,4,46.50699332842307,1.5,69.7604899926346,3.875582777368589,0.015502331109474358
./models/01_CTSM/components/cdeps/fox/wkml/m_wkml_lowlevel.F90,kmlCloseGeometry,SUBROUTINE,933,0,False,1,4,46.50699332842307,1.5,69.7604899926346,3.875582777368589,0.015502331109474358
./models/01_CTSM/components/cdeps/fox/wkml/m_wkml_lowlevel.F90,kmlCloseGeometryCollection,SUBROUTINE,945,0,False,1,4,46.50699332842307,1.5,69.7604899926346,3.875582777368589,0.015502331109474358
./models/01_CTSM/components/cdeps/fox/wkml/m_wkml_lowlevel.F90,kmlCloseGroundOverlay,SUBROUTINE,957,0,False,1,4,46.50699332842307,1.5,69.7604899926346,3.875582777368589,0.015502331109474358
./models/01_CTSM/components/cdeps/fox/wkml/m_wkml_lowlevel.F90,kmlCloseIcon,SUBROUTINE,969,0,False,1,4,46.50699332842307,1.5,69.7604899926346,3.875582777368589,0.015502331109474358
./models/01_CTSM/components/cdeps/fox/wkml/m_wkml_lowlevel.F90,kmlCloseLatLonAltBox,SUBROUTINE,981,0,False,1,4,46.50699332842307,1.5,69.7604899926346,3.875582777368589,0.015502331109474358
./models/01_CTSM/components/cdeps/fox/wkml/m_wkml_lowlevel.F90,kmlCloseLatLonBox,SUBROUTINE,993,0,False,1,4,46.50699332842307,1.5,69.7604899926346,3.875582777368589,0.015502331109474358
./models/01_CTSM/components/cdeps/fox/wkml/m_wkml_lowlevel.F90,kmlAddstyleUrl,SUBROUTINE,1000,0,False,1,7,120.92782504182705,3.2857142857142856,397.33428228028885,22.07412679334938,0.04030927501394235
./models/01_CTSM/components/cdeps/fox/wkml/m_wkml_lowlevel.F90,kmlCloseLink,SUBROUTINE,1104,0,False,1,4,46.50699332842307,1.5,69.7604899926346,3.875582777368589,0.015502331109474358
./models/01_CTSM/components/cdeps/fox/wkml/m_wkml_lowlevel.F90,kmlCloseLocation,SUBROUTINE,1116,0,False,1,4,46.50699332842307,1.5,69.7604899926346,3.875582777368589,0.015502331109474358
./models/01_CTSM/components/cdeps/fox/wkml/m_wkml_lowlevel.F90,kmlCloseLod,SUBROUTINE,1128,0,False,1,4,46.50699332842307,1.5,69.7604899926346,3.875582777368589,0.015502331109474358
./models/01_CTSM/components/cdeps/fox/wkml/m_wkml_lowlevel.F90,kmlCloseLookAt,SUBROUTINE,1140,0,False,1,4,46.50699332842307,1.5,69.7604899926346,3.875582777368589,0.015502331109474358
./models/01_CTSM/components/cdeps/fox/wkml/m_wkml_lowlevel.F90,kmlCloseModel,SUBROUTINE,1152,0,False,1,4,46.50699332842307,1.5,69.7604899926346,3.875582777368589,0.015502331109474358
./models/01_CTSM/components/cdeps/fox/wkml/m_wkml_lowlevel.F90,kmlCloseMultiGeometry,SUBROUTINE,1164,0,False,1,4,46.50699332842307,1.5,69.7604899926346,3.875582777368589,0.015502331109474358
./models/01_CTSM/components/cdeps/fox/wkml/m_wkml_lowlevel.F90,kmlCloseNetworkLink,SUBROUTINE,1176,0,False,1,4,46.50699332842307,1.5,69.7604899926346,3.875582777368589,0.015502331109474358
./models/01_CTSM/components/cdeps/fox/wkml/m_wkml_lowlevel.F90,kmlCloseNetworkLinkControl,SUBROUTINE,1188,0,False,1,4,46.50699332842307,1.5,69.7604899926346,3.875582777368589,0.015502331109474358
./models/01_CTSM/components/cdeps/fox/wkml/m_wkml_lowlevel.F90,kmlCloseObject,SUBROUTINE,1202,0,False,1,4,46.50699332842307,1.5,69.7604899926346,3.875582777368589,0.015502331109474358
./models/01_CTSM/components/cdeps/fox/wkml/m_wkml_lowlevel.F90,kmlCloseObjArrayField,SUBROUTINE,1214,0,False,1,4,46.50699332842307,1.5,69.7604899926346,3.875582777368589,0.015502331109474358
./models/01_CTSM/components/cdeps/fox/wkml/m_wkml_lowlevel.F90,kmlCloseObjField,SUBROUTINE,1226,0,False,1,4,46.50699332842307,1.5,69.7604899926346,3.875582777368589,0.015502331109474358
./models/01_CTSM/components/cdeps/fox/wkml/m_wkml_lowlevel.F90,kmlCloseOrientation,SUBROUTINE,1238,0,False,1,4,46.50699332842307,1.5,69.7604899926346,3.875582777368589,0.015502331109474358
./models/01_CTSM/components/cdeps/fox/wkml/m_wkml_lowlevel.F90,kmlCloseOverlay,SUBROUTINE,1250,0,False,1,4,46.50699332842307,1.5,69.7604899926346,3.875582777368589,0.015502331109474358
./models/01_CTSM/components/cdeps/fox/wkml/m_wkml_lowlevel.F90,kmlClosePair,SUBROUTINE,1262,0,False,1,4,46.50699332842307,1.5,69.7604899926346,3.875582777368589,0.015502331109474358
./models/01_CTSM/components/cdeps/fox/wkml/m_wkml_lowlevel.F90,kmlClosePlacemark,SUBROUTINE,1282,0,False,1,4,46.50699332842307,1.5,69.7604899926346,3.875582777368589,0.015502331109474358
./models/01_CTSM/components/cdeps/fox/wkml/m_wkml_lowlevel.F90,kmlClosePoint,SUBROUTINE,1295,0,False,1,4,46.50699332842307,1.5,69.7604899926346,3.875582777368589,0.015502331109474358
./models/01_CTSM/components/cdeps/fox/wkml/m_wkml_lowlevel.F90,kmlCloseRegion,SUBROUTINE,1308,0,False,1,4,46.50699332842307,1.5,69.7604899926346,3.875582777368589,0.015502331109474358
./models/01_CTSM/components/cdeps/fox/wkml/m_wkml_lowlevel.F90,kmlCloseResponse,SUBROUTINE,1321,0,False,1,4,46.50699332842307,1.5,69.7604899926346,3.875582777368589,0.015502331109474358
./models/01_CTSM/components/cdeps/fox/wkml/m_wkml_lowlevel.F90,kmlCloseScale,SUBROUTINE,1333,0,False,1,4,46.50699332842307,1.5,69.7604899926346,3.875582777368589,0.015502331109474358
./models/01_CTSM/components/cdeps/fox/wkml/m_wkml_lowlevel.F90,kmlCloseSchema,SUBROUTINE,1349,0,False,1,4,46.50699332842307,1.5,69.7604899926346,3.875582777368589,0.015502331109474358
./models/01_CTSM/components/cdeps/fox/wkml/m_wkml_lowlevel.F90,kmlCloseSchemaField,SUBROUTINE,1362,0,False,1,4,46.50699332842307,1.5,69.7604899926346,3.875582777368589,0.015502331109474358
./models/01_CTSM/components/cdeps/fox/wkml/m_wkml_lowlevel.F90,kmlCloseScreenOverlay,SUBROUTINE,1374,0,False,1,4,46.50699332842307,1.5,69.7604899926346,3.875582777368589,0.015502331109474358
./models/01_CTSM/components/cdeps/fox/wkml/m_wkml_lowlevel.F90,kmlCloseSimpleArrayField,SUBROUTINE,1387,0,False,1,4,46.50699332842307,1.5,69.7604899926346,3.875582777368589,0.015502331109474358
./models/01_CTSM/components/cdeps/fox/wkml/m_wkml_lowlevel.F90,kmlOpenSimpleField,SUBROUTINE,1393,0,False,1,7,133.437600046154,3.7142857142857144,495.62537160000056,27.534742866666697,0.04447920001538466
./models/01_CTSM/components/cdeps/fox/wkml/m_wkml_lowlevel.F90,kmlCloseSimpleField,SUBROUTINE,1401,0,False,1,4,46.50699332842307,1.5,69.7604899926346,3.875582777368589,0.015502331109474358
./models/01_CTSM/components/cdeps/fox/wkml/m_wkml_lowlevel.F90,kmlCloseSnippet,SUBROUTINE,1421,0,False,1,4,46.50699332842307,1.5,69.7604899926346,3.875582777368589,0.015502331109474358
./models/01_CTSM/components/cdeps/fox/wkml/m_wkml_lowlevel.F90,kmlCloseStatus,SUBROUTINE,1433,0,False,1,4,46.50699332842307,1.5,69.7604899926346,3.875582777368589,0.015502331109474358
./models/01_CTSM/components/cdeps/fox/wkml/m_wkml_lowlevel.F90,kmlCloseTimePrimitive,SUBROUTINE,1445,0,False,1,4,46.50699332842307,1.5,69.7604899926346,3.875582777368589,0.015502331109474358
./models/01_CTSM/components/cdeps/fox/wkml/m_wkml_lowlevel.F90,kmlCloseTimeSpan,SUBROUTINE,1457,0,False,1,4,46.50699332842307,1.5,69.7604899926346,3.875582777368589,0.015502331109474358
./models/01_CTSM/components/cdeps/fox/wkml/m_wkml_lowlevel.F90,kmlCloseTimeStamp,SUBROUTINE,1469,0,False,1,4,46.50699332842307,1.5,69.7604899926346,3.875582777368589,0.015502331109474358
./models/01_CTSM/components/cdeps/fox/wkml/m_wkml_lowlevel.F90,kmlCloseUpdate,SUBROUTINE,1485,0,False,1,4,46.50699332842307,1.5,69.7604899926346,3.875582777368589,0.015502331109474358
./models/01_CTSM/components/cdeps/fox/wkml/m_wkml_lowlevel.F90,kmlCloseUrl,SUBROUTINE,1498,0,False,1,4,46.50699332842307,1.5,69.7604899926346,3.875582777368589,0.015502331109474358
./models/01_CTSM/components/cdeps/fox/wkml/m_wkml_lowlevel.F90,kmlCloseouterBoundaryIs,SUBROUTINE,1511,0,False,1,4,46.50699332842307,1.5,69.7604899926346,3.875582777368589,0.015502331109474358
./models/01_CTSM/components/cdeps/fox/wkml/m_wkml_lowlevel.F90,kmlCloseInnerBoundaryIs,SUBROUTINE,1523,0,False,1,4,46.50699332842307,1.5,69.7604899926346,3.875582777368589,0.015502331109474358
./models/01_CTSM/components/cdeps/fox/wkml/m_wkml_lowlevel.F90,kmlCloseLinearRing,SUBROUTINE,1549,0,False,1,4,46.50699332842307,1.5,69.7604899926346,3.875582777368589,0.015502331109474358
./models/01_CTSM/components/cdeps/fox/wkml/m_wkml_lowlevel.F90,kmlCloseLineString,SUBROUTINE,1576,0,False,1,4,46.50699332842307,1.5,69.7604899926346,3.875582777368589,0.015502331109474358
./models/01_CTSM/components/cdeps/fox/wkml/m_wkml_lowlevel.F90,kmlClosePolygon,SUBROUTINE,1602,0,False,1,4,46.50699332842307,1.5,69.7604899926346,3.875582777368589,0.015502331109474358
./models/01_CTSM/components/cdeps/fox/wkml/m_wkml_styling.F90,kmlCreatePointStyleOld,SUBROUTINE,237,0,False,19,149,2890.1229370975334,27.272727272727273,78821.53464811455,4378.974147117475,0.9633743123658445
./models/01_CTSM/components/cdeps/fox/wkml/m_wkml_styling.F90,kmlCreatePolygonStyle,SUBROUTINE,694,0,False,10,29,862.220936123759,16.142857142857142,13918.709397426395,773.2616331903553,0.28740697870791965
./models/01_CTSM/components/cdeps/fox/wkml/m_wkml_styling.F90,mostOfPointStyle,SUBROUTINE,41,0,False,9,35,960.6135501240389,15.526315789473683,14914.789330873235,828.5994072707352,0.320204516708013
./models/01_CTSM/components/cdeps/fox/wkml/m_wkml_styling.F90,mostOfLineStyle,SUBROUTINE,422,0,False,7,26,655.3898751389188,14.482758620689655,9491.853364080893,527.3251868933829,0.21846329171297293
./models/01_CTSM/components/cdeps/fox/wkml/m_wkml_styling.F90,kmlAddLegend,SUBROUTINE,732,1,False,5,34,840.8646389922033,19.913793103448274,16744.80444889646,930.266913827581,0.2802882129974011
./models/01_CTSM/components/cdeps/fox/wkml/m_wkml_styling.F90,kmlCreateLineStyle_old,SUBROUTINE,474,0,False,4,23,466.31342743958754,10.5,4896.290988115669,272.0161660064261,0.1554378091465292
./models/01_CTSM/components/cdeps/fox/wkml/m_wkml_styling.F90,kmlAddLineStyle,SUBROUTINE,500,0,False,4,20,406.24409745172375,8.458333333333332,3436.1479909458294,190.89711060810163,0.13541469915057458
./models/01_CTSM/components/cdeps/fox/wkml/m_wkml_styling.F90,kmlAddPointStyle_s_int,SUBROUTINE,161,0,False,3,21,660.675277357781,12.774193548387096,8439.593865602623,468.86632586681236,0.2202250924525937
./models/01_CTSM/components/cdeps/fox/wkml/m_wkml_styling.F90,kmlAddPointStyle_s_sp,SUBROUTINE,187,0,False,3,21,697.1725804302445,12.875,8976.096973039397,498.6720540577443,0.2323908601434148
./models/01_CTSM/components/cdeps/fox/wkml/m_wkml_styling.F90,kmlCreateLineStyle,SUBROUTINE,455,0,False,3,14,418.68471190675166,7.555555555555555,3163.3956010732345,175.74420005962415,0.1395615706355839
./models/01_CTSM/components/cdeps/fox/wkml/m_wkml_styling.F90,kmlAddPointStyle_s_none_hd_none,SUBROUTINE,82,0,False,2,14,446.5270442003752,9.0,4018.743397803377,223.2635221001876,0.14884234806679172
./models/01_CTSM/components/cdeps/fox/wkml/m_wkml_styling.F90,kmlAddPointStyle_s_none_hd_int,SUBROUTINE,101,0,False,2,15,483.3089699187822,8.357142857142858,4039.0821057498233,224.39345031943463,0.1611029899729274
./models/01_CTSM/components/cdeps/fox/wkml/m_wkml_styling.F90,kmlAddPointStyle_s_none_hd_sp,SUBROUTINE,121,0,False,2,15,502.6697356606067,8.275862068965518,4160.0253985705385,231.1125221428077,0.16755657855353556
./models/01_CTSM/components/cdeps/fox/wkml/m_wkml_styling.F90,kmlAddPointStyle_s_none_hd_dp,SUBROUTINE,141,0,False,2,15,488.39643276003255,8.357142857142858,4081.598759494558,226.75548663858658,0.16279881092001086
./models/01_CTSM/components/cdeps/fox/wkml/m_wkml_styling.F90,kmlAddPointStyle_s_dp,SUBROUTINE,213,0,False,2,17,563.521825157212,8.9,5015.344243899187,278.63023577217706,0.18784060838573732
./models/01_CTSM/components/cdeps/fox/wkml/m_wkml_styling.F90,kmlAddLabelStyle_scale,SUBROUTINE,523,0,False,2,9,192.56842503028855,4.473684210526316,861.4903225039225,47.86057347244014,0.06418947501009618
./models/01_CTSM/components/cdeps/fox/wkml/m_wkml_styling.F90,kmlAddLabelStyle_color,SUBROUTINE,534,0,False,2,12,288.44129532345625,5.217391304347826,1504.911106035424,83.60617255752355,0.09614709844115209
./models/01_CTSM/components/cdeps/fox/wkml/m_wkml_styling.F90,kmlAddBalloonStyle,SUBROUTINE,548,0,False,2,10,236.83666567851094,5.0,1184.1833283925548,65.78796268847526,0.07894555522617032
./models/01_CTSM/components/cdeps/fox/wkml/m_wkml_styling.F90,kmlOpenListStyle,SUBROUTINE,568,0,False,2,6,129.65784284662087,4.0,518.6313713864835,28.81285396591575,0.043219280948873624
./models/01_CTSM/components/cdeps/fox/wkml/m_wkml_styling.F90,kmlOpenLabelStyle,SUBROUTINE,580,0,False,2,6,129.65784284662087,4.0,518.6313713864835,28.81285396591575,0.043219280948873624
./models/01_CTSM/components/cdeps/fox/wkml/m_wkml_styling.F90,kmlOpenBalloonStyle,SUBROUTINE,592,0,False,2,6,129.65784284662087,4.0,518.6313713864835,28.81285396591575,0.043219280948873624
./models/01_CTSM/components/cdeps/fox/wkml/m_wkml_styling.F90,kmlOpenColorStyle,SUBROUTINE,604,0,False,2,6,129.65784284662087,4.0,518.6313713864835,28.81285396591575,0.043219280948873624
./models/01_CTSM/components/cdeps/fox/wkml/m_wkml_styling.F90,kmlOpenIconStyle,SUBROUTINE,616,0,False,2,6,129.65784284662087,4.0,518.6313713864835,28.81285396591575,0.043219280948873624
./models/01_CTSM/components/cdeps/fox/wkml/m_wkml_styling.F90,kmlOpenLineStyle,SUBROUTINE,628,0,False,2,6,129.65784284662087,4.0,518.6313713864835,28.81285396591575,0.043219280948873624
./models/01_CTSM/components/cdeps/fox/wkml/m_wkml_styling.F90,kmlOpenPolyStyle,SUBROUTINE,640,0,False,2,6,129.65784284662087,4.0,518.6313713864835,28.81285396591575,0.043219280948873624
./models/01_CTSM/components/cdeps/fox/wkml/m_wkml_styling.F90,kmlOpenStyle,SUBROUTINE,652,0,False,2,6,129.65784284662087,4.0,518.6313713864835,28.81285396591575,0.043219280948873624
./models/01_CTSM/components/cdeps/fox/wkml/m_wkml_styling.F90,kmlOpenStyleMap,SUBROUTINE,664,0,False,2,6,129.65784284662087,4.0,518.6313713864835,28.81285396591575,0.043219280948873624
./models/01_CTSM/components/cdeps/fox/wkml/m_wkml_styling.F90,kmlOpenStyleSelector,SUBROUTINE,680,0,False,2,6,129.65784284662087,4.0,518.6313713864835,28.81285396591575,0.043219280948873624
./models/01_CTSM/components/cdeps/fox/wkml/m_wkml_styling.F90,kmlAddListStyle_bgcolor,SUBROUTINE,560,0,False,1,7,120.92782504182705,3.2857142857142856,397.33428228028885,22.07412679334938,0.04030927501394235
./models/01_CTSM/components/cdeps/fox/wkml/m_wkml_styling.F90,kmlCloseListStyle,SUBROUTINE,575,0,False,1,4,46.50699332842307,1.5,69.7604899926346,3.875582777368589,0.015502331109474358
./models/01_CTSM/components/cdeps/fox/wkml/m_wkml_styling.F90,kmlCloseLabelStyle,SUBROUTINE,587,0,False,1,4,46.50699332842307,1.5,69.7604899926346,3.875582777368589,0.015502331109474358
./models/01_CTSM/components/cdeps/fox/wkml/m_wkml_styling.F90,kmlCloseBalloonStyle,SUBROUTINE,599,0,False,1,4,46.50699332842307,1.5,69.7604899926346,3.875582777368589,0.015502331109474358
./models/01_CTSM/components/cdeps/fox/wkml/m_wkml_styling.F90,kmlCloseColorStyle,SUBROUTINE,611,0,False,1,4,46.50699332842307,1.5,69.7604899926346,3.875582777368589,0.015502331109474358
./models/01_CTSM/components/cdeps/fox/wkml/m_wkml_styling.F90,kmlCloseIconStyle,SUBROUTINE,623,0,False,1,4,46.50699332842307,1.5,69.7604899926346,3.875582777368589,0.015502331109474358
./models/01_CTSM/components/cdeps/fox/wkml/m_wkml_styling.F90,kmlCloseLineStyle,SUBROUTINE,635,0,False,1,4,46.50699332842307,1.5,69.7604899926346,3.875582777368589,0.015502331109474358
./models/01_CTSM/components/cdeps/fox/wkml/m_wkml_styling.F90,kmlClosePolyStyle,SUBROUTINE,647,0,False,1,4,46.50699332842307,1.5,69.7604899926346,3.875582777368589,0.015502331109474358
./models/01_CTSM/components/cdeps/fox/wkml/m_wkml_styling.F90,kmlCloseStyle,SUBROUTINE,659,0,False,1,4,46.50699332842307,1.5,69.7604899926346,3.875582777368589,0.015502331109474358
./models/01_CTSM/components/cdeps/fox/wkml/m_wkml_styling.F90,kmlCloseStyleMap,SUBROUTINE,671,0,False,1,4,46.50699332842307,1.5,69.7604899926346,3.875582777368589,0.015502331109474358
./models/01_CTSM/components/cdeps/fox/wkml/m_wkml_styling.F90,kmlCloseStyleSelector,SUBROUTINE,687,0,False,1,4,46.50699332842307,1.5,69.7604899926346,3.875582777368589,0.015502331109474358
./models/01_CTSM/components/cdeps/fox/wkml/test/m_contours_test_data_sp.f90,setup_values,SUBROUTINE,11,0,False,1,2471,78825.22922675146,270.43243243243245,21316898.47683446,1184272.1376019146,26.27507640891715
./models/01_CTSM/components/cdeps/fox/wkml/test/test_kmlAddInnerBoundary_0.f90,test,PROGRAM,1,0,False,1,3,58.95445336320969,2.8,165.0724694169871,9.170692745388173,0.01965148445440323
./models/01_CTSM/components/cdeps/fox/wkml/test/test_kmlAddInnerBoundary_1.f90,test,PROGRAM,1,0,False,1,5,146.9834625295674,4.5,661.4255813830532,36.74586563239185,0.0489944875098558
./models/01_CTSM/components/cdeps/fox/wkml/test/test_kmlAddInnerBoundary_10.f90,test,PROGRAM,1,0,False,1,5,263.53904536672565,3.833333333333333,1010.2330072391148,56.1240559577286,0.08784634845557522
./models/01_CTSM/components/cdeps/fox/wkml/test/test_kmlAddInnerBoundary_11.f90,test,PROGRAM,1,0,False,1,5,143.39850002884623,4.333333333333333,621.3935001250003,34.52186111805557,0.04779950000961541
./models/01_CTSM/components/cdeps/fox/wkml/test/test_kmlAddInnerBoundary_12.f90,test,PROGRAM,1,0,False,1,5,178.9456813367074,4.5,805.2555660151833,44.73642033417685,0.05964856044556913
./models/01_CTSM/components/cdeps/fox/wkml/test/test_kmlAddInnerBoundary_13.f90,test,PROGRAM,1,0,False,1,5,171.90318620677482,3.75,644.6369482754055,35.81316379307808,0.05730106206892494
./models/01_CTSM/components/cdeps/fox/wkml/test/test_kmlAddInnerBoundary_14.f90,test,PROGRAM,1,0,False,1,5,212.54806774501765,4.071428571428571,865.3742758190003,48.07634865661113,0.07084935591500588
./models/01_CTSM/components/cdeps/fox/wkml/test/test_kmlAddInnerBoundary_15.f90,test,PROGRAM,1,0,False,1,5,182.753036258765,6.2,1133.068824804343,62.94826804468572,0.06091767875292167
./models/01_CTSM/components/cdeps/fox/wkml/test/test_kmlAddInnerBoundary_16.f90,test,PROGRAM,1,0,False,1,5,250.62772329317153,5.6,1403.5152504417604,77.9730694689867,0.08354257443105717
./models/01_CTSM/components/cdeps/fox/wkml/test/test_kmlAddInnerBoundary_17.f90,test,PROGRAM,1,0,False,1,5,208.4606049037673,5.230769230769231,1090.4093179581673,60.57829544212041,0.06948686830125576
./models/01_CTSM/components/cdeps/fox/wkml/test/test_kmlAddInnerBoundary_18.f90,test,PROGRAM,1,0,False,1,5,276.48476035551244,5.0,1382.4238017775622,76.80132232097567,0.09216158678517081
./models/01_CTSM/components/cdeps/fox/wkml/test/test_kmlAddInnerBoundary_2.f90,test,PROGRAM,1,0,False,1,5,186.5603911808226,4.7727272727272725,890.4018669993806,49.46677038885448,0.0621867970602742
./models/01_CTSM/components/cdeps/fox/wkml/test/test_kmlAddInnerBoundary_3.f90,test,PROGRAM,1,0,False,1,5,171.90318620677482,3.75,644.6369482754055,35.81316379307808,0.05730106206892494
./models/01_CTSM/components/cdeps/fox/wkml/test/test_kmlAddInnerBoundary_4.f90,test,PROGRAM,1,0,False,1,5,212.54806774501765,4.071428571428571,865.3742758190003,48.07634865661113,0.07084935591500588
./models/01_CTSM/components/cdeps/fox/wkml/test/test_kmlAddInnerBoundary_5.f90,test,PROGRAM,1,0,False,1,5,186.5603911808226,6.4,1193.9865035572645,66.33258353095914,0.0621867970602742
./models/01_CTSM/components/cdeps/fox/wkml/test/test_kmlAddInnerBoundary_6.f90,test,PROGRAM,1,0,False,1,5,263.6376137881291,5.5,1450.0068758347102,80.55593754637279,0.08787920459604304
./models/01_CTSM/components/cdeps/fox/wkml/test/test_kmlAddInnerBoundary_7.f90,test,PROGRAM,1,0,False,1,5,212.54806774501765,5.384615384615385,1144.4895955500951,63.58275530833862,0.07084935591500588
./models/01_CTSM/components/cdeps/fox/wkml/test/test_kmlAddInnerBoundary_8.f90,test,PROGRAM,1,0,False,1,5,289.50796518764884,4.947368421052632,1432.3025646125786,79.57236470069881,0.09650265506254961
./models/01_CTSM/components/cdeps/fox/wkml/test/test_kmlAddInnerBoundary_9.f90,test,PROGRAM,1,0,False,1,5,187.53074858920888,4.25,797.0056815041378,44.278093416896546,0.0625102495297363
./models/01_CTSM/components/cdeps/fox/wkml/test/test_kmlColorMap_1.f90,test,PROGRAM,1,0,False,1,4,75.28421251514428,2.3333333333333335,175.66316253533665,9.75906458529648,0.025094737505048093
./models/01_CTSM/components/cdeps/fox/wkml/test/test_kmlColorMap_2.f90,test,PROGRAM,1,0,False,1,4,75.28421251514428,2.3333333333333335,175.66316253533665,9.75906458529648,0.025094737505048093
./models/01_CTSM/components/cdeps/fox/wkml/test/test_kmlColorMap_3.f90,test,PROGRAM,1,0,False,1,4,81.40967379910403,2.25,183.17176604798405,10.176209224888003,0.027136557933034676
./models/01_CTSM/components/cdeps/fox/wkml/test/test_kmlColorMap_4.f90,test,PROGRAM,1,0,False,1,4,75.28421251514428,2.3333333333333335,175.66316253533665,9.75906458529648,0.025094737505048093
./models/01_CTSM/components/cdeps/fox/wkml/test/test_kmlColorMap_5.f90,test,PROGRAM,1,0,False,1,4,75.28421251514428,2.3333333333333335,175.66316253533665,9.75906458529648,0.025094737505048093
./models/01_CTSM/components/cdeps/fox/wkml/test/test_kmlColorMap_6.f90,test,PROGRAM,1,0,False,1,4,81.40967379910403,2.25,183.17176604798405,10.176209224888003,0.027136557933034676
./models/01_CTSM/components/cdeps/fox/wkml/test/test_kmlColorMap_7.f90,test,PROGRAM,1,0,False,1,4,81.40967379910403,2.25,183.17176604798405,10.176209224888003,0.027136557933034676
./models/01_CTSM/components/cdeps/fox/wkml/test/test_kmlColorMap_8.f90,test,PROGRAM,1,0,False,1,4,82.45413751658658,2.5,206.13534379146645,11.451963543970358,0.02748471250552886
./models/01_CTSM/components/cdeps/fox/wkml/test/test_kmlContours_1.f90,test,PROGRAM,1,0,False,1,4,157.17331799741265,3.466666666666667,544.8675023910306,30.2704167995017,0.05239110599913755
./models/01_CTSM/components/cdeps/fox/wkml/test/test_kmlContours_2.f90,test,PROGRAM,1,0,False,1,6,264.6998028171593,4.0,1058.7992112686372,58.82217840381318,0.08823326760571977
./models/01_CTSM/components/cdeps/fox/wkml/test/test_kmlContours_3.f90,test,PROGRAM,1,0,False,1,4,236.83666567851094,3.4285714285714284,812.011425183466,45.11174584352589,0.07894555522617032
./models/01_CTSM/components/cdeps/fox/wkml/test/test_kmlCreateLineStyle_0.f90,test,PROGRAM,1,0,False,1,2,20.67970000576925,1.25,25.84962500721156,1.43609027817842,0.006893233335256416
./models/01_CTSM/components/cdeps/fox/wkml/test/test_kmlCreateLineStyle_1.f90,test,PROGRAM,1,0,False,1,3,41.209025018750054,2.0,82.41805003750011,4.578780557638895,0.013736341672916685
./models/01_CTSM/components/cdeps/fox/wkml/test/test_kmlCreateLineStyle_10.f90,test,PROGRAM,1,0,False,1,4,77.70923408096293,1.9500000000000002,151.53300645787772,8.418500358770984,0.025903078026987644
./models/01_CTSM/components/cdeps/fox/wkml/test/test_kmlCreateLineStyle_11.f90,test,PROGRAM,1,0,False,1,4,81.40967379910403,2.0999999999999996,170.96031497811842,9.497795276562135,0.027136557933034676
./models/01_CTSM/components/cdeps/fox/wkml/test/test_kmlCreateLineStyle_12.f90,test,PROGRAM,1,0,False,1,4,77.70923408096293,1.9500000000000002,151.53300645787772,8.418500358770984,0.025903078026987644
./models/01_CTSM/components/cdeps/fox/wkml/test/test_kmlCreateLineStyle_2.f90,test,PROGRAM,1,0,False,1,3,53.150849518197795,2.142857142857143,113.89467753899527,6.327482085499737,0.017716949839399265
./models/01_CTSM/components/cdeps/fox/wkml/test/test_kmlCreateLineStyle_3.f90,test,PROGRAM,1,0,False,1,3,55.35090589819676,1.875,103.78294855911892,5.765719364395496,0.018450301966065584
./models/01_CTSM/components/cdeps/fox/wkml/test/test_kmlCreateLineStyle_4.f90,test,PROGRAM,1,0,False,1,3,55.35090589819676,1.875,103.78294855911892,5.765719364395496,0.018450301966065584
./models/01_CTSM/components/cdeps/fox/wkml/test/test_kmlCreateLineStyle_5.f90,test,PROGRAM,1,0,False,1,3,56.47277761308516,2.142857142857143,121.01309488518247,6.722949715843471,0.018824259204361718
./models/01_CTSM/components/cdeps/fox/wkml/test/test_kmlCreateLineStyle_6.f90,test,PROGRAM,1,0,False,1,4,101.57915548582149,2.0,203.15831097164298,11.286572831757944,0.033859718495273826
./models/01_CTSM/components/cdeps/fox/wkml/test/test_kmlCreateLineStyle_7.f90,test,PROGRAM,1,0,False,1,4,91.3765181293825,2.0454545454545454,186.90651435555512,10.383695241975284,0.030458839376460836
./models/01_CTSM/components/cdeps/fox/wkml/test/test_kmlCreateLineStyle_8.f90,test,PROGRAM,1,0,False,1,4,87.56916320732489,1.9090909090909092,167.17749339580206,9.287638521989003,0.029189721069108297
./models/01_CTSM/components/cdeps/fox/wkml/test/test_kmlCreateLineStyle_9.f90,test,PROGRAM,1,0,False,1,4,91.3765181293825,2.0454545454545454,186.90651435555512,10.383695241975284,0.030458839376460836
./models/01_CTSM/components/cdeps/fox/wkml/test/test_kmlCreateLine_1.f90,test,PROGRAM,1,0,False,1,3,72.64806399138324,2.4375,177.07965597899664,9.837758665499813,0.02421602133046108
./models/01_CTSM/components/cdeps/fox/wkml/test/test_kmlCreateLine_10.f90,test,PROGRAM,1,0,False,1,3,140.64806144190666,3.5,492.26821504667333,27.34823416925963,0.04688268714730222
./models/01_CTSM/components/cdeps/fox/wkml/test/test_kmlCreateLine_11.f90,test,PROGRAM,1,0,False,1,3,136.0,3.8333333333333335,521.3333333333334,28.962962962962965,0.04533333333333334
./models/01_CTSM/components/cdeps/fox/wkml/test/test_kmlCreateLine_12.f90,test,PROGRAM,1,0,False,1,3,188.0232906975156,5.384615384615385,1012.4331037558533,56.24628354199185,0.0626744302325052
./models/01_CTSM/components/cdeps/fox/wkml/test/test_kmlCreateLine_13.f90,test,PROGRAM,1,0,False,1,3,124.0,3.3333333333333335,413.33333333333337,22.962962962962965,0.04133333333333333
./models/01_CTSM/components/cdeps/fox/wkml/test/test_kmlCreateLine_14.f90,test,PROGRAM,1,0,False,1,3,163.49851365001356,4.461538461538462,729.4549070539067,40.52527261410593,0.05449950455000452
./models/01_CTSM/components/cdeps/fox/wkml/test/test_kmlCreateLine_15.f90,test,PROGRAM,1,0,False,1,3,130.79881092001085,3.230769230769231,422.5807737415735,23.47670965230964,0.04359960364000362
./models/01_CTSM/components/cdeps/fox/wkml/test/test_kmlCreateLine_16.f90,test,PROGRAM,1,0,False,1,3,171.67343933251425,4.769230769230769,818.7502491242988,45.48612495134993,0.05722447977750475
./models/01_CTSM/components/cdeps/fox/wkml/test/test_kmlCreateLine_17.f90,test,PROGRAM,1,0,False,1,3,69.18863237274594,2.25,155.67442283867837,8.648579046593243,0.02306287745758198
./models/01_CTSM/components/cdeps/fox/wkml/test/test_kmlCreateLine_18.f90,test,PROGRAM,1,0,False,1,3,107.31275182609167,3.1500000000000004,338.0351682521888,18.779731569566042,0.03577091727536389
./models/01_CTSM/components/cdeps/fox/wkml/test/test_kmlCreateLine_19.f90,test,PROGRAM,1,0,False,1,3,63.11663380285988,2.357142857142857,148.77492253531258,8.265273474184033,0.021038877934286628
./models/01_CTSM/components/cdeps/fox/wkml/test/test_kmlCreateLine_2.f90,test,PROGRAM,1,0,False,1,3,114.71363126237385,3.4499999999999997,395.7620278551898,21.98677932528832,0.038237877087457954
./models/01_CTSM/components/cdeps/fox/wkml/test/test_kmlCreateLine_20.f90,test,PROGRAM,1,0,False,1,3,79.56692722865783,2.8125,223.78198283060016,12.432332379477787,0.02652230907621928
./models/01_CTSM/components/cdeps/fox/wkml/test/test_kmlCreateLine_3.f90,test,PROGRAM,1,0,False,1,3,91.3765181293825,2.1818181818181817,199.36694864592545,11.075941591440303,0.030458839376460836
./models/01_CTSM/components/cdeps/fox/wkml/test/test_kmlCreateLine_4.f90,test,PROGRAM,1,0,False,1,3,117.20671786825557,2.75,322.3184741377028,17.906581896539045,0.03906890595608519
./models/01_CTSM/components/cdeps/fox/wkml/test/test_kmlCreateLine_5.f90,test,PROGRAM,1,0,False,1,3,69.18863237274594,2.25,155.67442283867837,8.648579046593243,0.02306287745758198
./models/01_CTSM/components/cdeps/fox/wkml/test/test_kmlCreateLine_6.f90,test,PROGRAM,1,0,False,1,3,107.31275182609167,3.1500000000000004,338.0351682521888,18.779731569566042,0.03577091727536389
./models/01_CTSM/components/cdeps/fox/wkml/test/test_kmlCreateLine_7.f90,test,PROGRAM,1,0,False,1,3,109.39293667703852,3.090909090909091,338.1236224563009,18.784645692016717,0.03646431222567951
./models/01_CTSM/components/cdeps/fox/wkml/test/test_kmlCreateLine_8.f90,test,PROGRAM,1,0,False,1,3,179.30677506201943,4.571428571428571,819.6881145692316,45.53822858717953,0.059768925020673144
./models/01_CTSM/components/cdeps/fox/wkml/test/test_kmlCreateLine_9.f90,test,PROGRAM,1,0,False,1,3,102.79858289555531,2.590909090909091,266.341782956666,14.796765719814779,0.03426619429851844
./models/01_CTSM/components/cdeps/fox/wkml/test/test_kmlCreatePointStyle_0.f90,test,PROGRAM,1,0,False,1,2,20.67970000576925,1.25,25.84962500721156,1.43609027817842,0.006893233335256416
./models/01_CTSM/components/cdeps/fox/wkml/test/test_kmlCreatePointStyle_1.f90,test,PROGRAM,1,0,False,1,3,41.209025018750054,2.0,82.41805003750011,4.578780557638895,0.013736341672916685
./models/01_CTSM/components/cdeps/fox/wkml/test/test_kmlCreatePointStyle_10.f90,test,PROGRAM,1,0,False,1,3,55.35090589819676,1.875,103.78294855911892,5.765719364395496,0.018450301966065584
./models/01_CTSM/components/cdeps/fox/wkml/test/test_kmlCreatePointStyle_11.f90,test,PROGRAM,1,0,False,1,3,58.81033751683405,1.875,110.26938284406386,6.126076824670214,0.019603445838944685
./models/01_CTSM/components/cdeps/fox/wkml/test/test_kmlCreatePointStyle_12.f90,test,PROGRAM,1,0,False,1,3,58.81033751683405,1.875,110.26938284406386,6.126076824670214,0.019603445838944685
./models/01_CTSM/components/cdeps/fox/wkml/test/test_kmlCreatePointStyle_13.f90,test,PROGRAM,1,0,False,1,3,58.81033751683405,1.875,110.26938284406386,6.126076824670214,0.019603445838944685
./models/01_CTSM/components/cdeps/fox/wkml/test/test_kmlCreatePointStyle_14.f90,test,PROGRAM,1,0,False,1,3,58.81033751683405,1.875,110.26938284406386,6.126076824670214,0.019603445838944685
./models/01_CTSM/components/cdeps/fox/wkml/test/test_kmlCreatePointStyle_15.f90,test,PROGRAM,1,0,False,1,3,49.82892142331043,1.9285714285714288,96.09863417352727,5.338813009640404,0.01660964047443681
./models/01_CTSM/components/cdeps/fox/wkml/test/test_kmlCreatePointStyle_16.f90,test,PROGRAM,1,0,False,1,3,49.82892142331043,1.9285714285714288,96.09863417352727,5.338813009640404,0.01660964047443681
./models/01_CTSM/components/cdeps/fox/wkml/test/test_kmlCreatePointStyle_17.f90,test,PROGRAM,1,0,False,1,3,49.82892142331043,1.9285714285714288,96.09863417352727,5.338813009640404,0.01660964047443681
./models/01_CTSM/components/cdeps/fox/wkml/test/test_kmlCreatePointStyle_18.f90,test,PROGRAM,1,0,False,1,4,68.11428751370197,2.0,136.22857502740393,7.568254168189108,0.022704762504567322
./models/01_CTSM/components/cdeps/fox/wkml/test/test_kmlCreatePointStyle_19.f90,test,PROGRAM,1,0,False,1,4,87.56916320732489,1.9090909090909092,167.17749339580206,9.287638521989003,0.029189721069108297
./models/01_CTSM/components/cdeps/fox/wkml/test/test_kmlCreatePointStyle_2.f90,test,PROGRAM,1,0,False,1,3,55.35090589819676,1.875,103.78294855911892,5.765719364395496,0.018450301966065584
./models/01_CTSM/components/cdeps/fox/wkml/test/test_kmlCreatePointStyle_20.f90,test,PROGRAM,1,0,False,1,4,77.70923408096293,1.9500000000000002,151.53300645787772,8.418500358770984,0.025903078026987644
./models/01_CTSM/components/cdeps/fox/wkml/test/test_kmlCreatePointStyle_21.f90,test,PROGRAM,1,0,False,1,4,77.70923408096293,1.9500000000000002,151.53300645787772,8.418500358770984,0.025903078026987644
./models/01_CTSM/components/cdeps/fox/wkml/test/test_kmlCreatePointStyle_3.f90,test,PROGRAM,1,0,False,1,3,64.5293250129808,1.8333333333333335,118.30376252379816,6.5724312513221195,0.021509775004326936
./models/01_CTSM/components/cdeps/fox/wkml/test/test_kmlCreatePointStyle_4.f90,test,PROGRAM,1,0,False,1,3,74.00879436282185,1.7999999999999998,133.2158298530793,7.4008794362821835,0.024669598120940616
./models/01_CTSM/components/cdeps/fox/wkml/test/test_kmlCreatePointStyle_5.f90,test,PROGRAM,1,0,False,1,3,64.5293250129808,1.8333333333333335,118.30376252379816,6.5724312513221195,0.021509775004326936
./models/01_CTSM/components/cdeps/fox/wkml/test/test_kmlCreatePointStyle_6.f90,test,PROGRAM,1,0,False,1,3,64.5293250129808,1.8333333333333335,118.30376252379816,6.5724312513221195,0.021509775004326936
./models/01_CTSM/components/cdeps/fox/wkml/test/test_kmlCreatePointStyle_7.f90,test,PROGRAM,1,0,False,1,3,64.5293250129808,1.8333333333333335,118.30376252379816,6.5724312513221195,0.021509775004326936
./models/01_CTSM/components/cdeps/fox/wkml/test/test_kmlCreatePointStyle_8.f90,test,PROGRAM,1,0,False,1,3,55.35090589819676,1.875,103.78294855911892,5.765719364395496,0.018450301966065584
./models/01_CTSM/components/cdeps/fox/wkml/test/test_kmlCreatePointStyle_9.f90,test,PROGRAM,1,0,False,1,3,58.81033751683405,1.875,110.26938284406386,6.126076824670214,0.019603445838944685
./models/01_CTSM/components/cdeps/fox/wkml/test/test_kmlCreatePoints_1.f90,test,PROGRAM,1,0,False,1,3,36.49561398674886,1.8,65.69210517614795,3.649561398674886,0.012165204662249619
./models/01_CTSM/components/cdeps/fox/wkml/test/test_kmlCreatePoints_10.f90,test,PROGRAM,1,0,False,1,3,47.548875021634686,2.5,118.87218755408671,6.604010419671484,0.01584962500721156
./models/01_CTSM/components/cdeps/fox/wkml/test/test_kmlCreatePoints_11.f90,test,PROGRAM,1,0,False,1,3,62.26976913547135,2.25,140.10698055481055,7.78372114193392,0.020756589711823783
./models/01_CTSM/components/cdeps/fox/wkml/test/test_kmlCreatePoints_12.f90,test,PROGRAM,1,0,False,1,3,53.150849518197795,2.357142857142857,125.2841452928948,6.960230294049712,0.017716949839399265
./models/01_CTSM/components/cdeps/fox/wkml/test/test_kmlCreatePoints_2.f90,test,PROGRAM,1,0,False,1,3,42.0,1.6666666666666667,70.0,3.888888888888889,0.014
./models/01_CTSM/components/cdeps/fox/wkml/test/test_kmlCreatePoints_3.f90,test,PROGRAM,1,0,False,1,3,60.228575027403934,2.75,165.6285813253608,9.201587851408934,0.02007619167580131
./models/01_CTSM/components/cdeps/fox/wkml/test/test_kmlCreatePoints_4.f90,test,PROGRAM,1,0,False,1,3,98.99122797349771,3.0,296.97368392049316,16.498537995582954,0.03299707599116591
./models/01_CTSM/components/cdeps/fox/wkml/test/test_kmlCreatePoints_5.f90,test,PROGRAM,1,0,False,1,5,89.94522208456974,4.571428571428571,411.1781581008902,22.84323100560501,0.02998174069485658
./models/01_CTSM/components/cdeps/fox/wkml/test/test_kmlCreatePoints_6.f90,test,PROGRAM,1,0,False,1,5,111.01319154423277,4.0,444.0527661769311,24.669598120940616,0.03700439718141092
./models/01_CTSM/components/cdeps/fox/wkml/test/test_kmlCreatePoints_7.f90,test,PROGRAM,1,0,False,1,6,125.64271242790093,4.0,502.5708497116037,27.920602761755763,0.041880904142633645
./models/01_CTSM/components/cdeps/fox/wkml/test/test_kmlCreatePolygonStyle_1.f90,test,PROGRAM,1,0,False,1,3,41.209025018750054,2.0,82.41805003750011,4.578780557638895,0.013736341672916685
./models/01_CTSM/components/cdeps/fox/wkml/test/test_kmlCreatePolygonStyle_10.f90,test,PROGRAM,1,0,False,1,4,79.9544533632097,1.772727272727273,141.73744005296265,7.874302225164592,0.02665148445440323
./models/01_CTSM/components/cdeps/fox/wkml/test/test_kmlCreatePolygonStyle_11.f90,test,PROGRAM,1,0,False,1,4,79.9544533632097,1.772727272727273,141.73744005296265,7.874302225164592,0.02665148445440323
./models/01_CTSM/components/cdeps/fox/wkml/test/test_kmlCreatePolygonStyle_12.f90,test,PROGRAM,1,0,False,1,4,79.9544533632097,1.772727272727273,141.73744005296265,7.874302225164592,0.02665148445440323
./models/01_CTSM/components/cdeps/fox/wkml/test/test_kmlCreatePolygonStyle_2.f90,test,PROGRAM,1,0,False,1,4,87.56916320732489,1.9090909090909092,167.17749339580206,9.287638521989003,0.029189721069108297
./models/01_CTSM/components/cdeps/fox/wkml/test/test_kmlCreatePolygonStyle_3.f90,test,PROGRAM,1,0,False,1,4,77.70923408096293,1.9500000000000002,151.53300645787772,8.418500358770984,0.025903078026987644
./models/01_CTSM/components/cdeps/fox/wkml/test/test_kmlCreatePolygonStyle_4.f90,test,PROGRAM,1,0,False,1,4,74.00879436282185,1.7999999999999998,133.2158298530793,7.4008794362821835,0.024669598120940616
./models/01_CTSM/components/cdeps/fox/wkml/test/test_kmlCreatePolygonStyle_5.f90,test,PROGRAM,1,0,False,1,4,77.70923408096293,1.9500000000000002,151.53300645787772,8.418500358770984,0.025903078026987644
./models/01_CTSM/components/cdeps/fox/wkml/test/test_kmlCreatePolygonStyle_6.f90,test,PROGRAM,1,0,False,1,4,64.5293250129808,1.8333333333333335,118.30376252379816,6.5724312513221195,0.021509775004326936
./models/01_CTSM/components/cdeps/fox/wkml/test/test_kmlCreatePolygonStyle_7.f90,test,PROGRAM,1,0,False,1,4,68.11428751370197,2.0,136.22857502740393,7.568254168189108,0.022704762504567322
./models/01_CTSM/components/cdeps/fox/wkml/test/test_kmlCreatePolygonStyle_8.f90,test,PROGRAM,1,0,False,1,4,64.5293250129808,1.8333333333333335,118.30376252379816,6.5724312513221195,0.021509775004326936
./models/01_CTSM/components/cdeps/fox/wkml/test/test_kmlCreatePolygonStyle_9.f90,test,PROGRAM,1,0,False,1,4,79.9544533632097,1.772727272727273,141.73744005296265,7.874302225164592,0.02665148445440323
./models/01_CTSM/components/cdeps/fox/wkml/test/test_kmlOpenCloseDocument_1.f90,test,PROGRAM,1,0,False,1,2,20.67970000576925,1.25,25.84962500721156,1.43609027817842,0.006893233335256416
./models/01_CTSM/components/cdeps/fox/wkml/test/test_kmlOpenCloseDocument_2.f90,test,PROGRAM,1,0,False,1,2,30.0,1.7999999999999998,53.99999999999999,2.9999999999999996,0.01
./models/01_CTSM/components/cdeps/fox/wkml/test/test_kmlOpenCloseDocument_3.f90,test,PROGRAM,1,0,False,1,2,25.26619429851844,1.2,30.319433158222125,1.6844129532345624,0.008422064766172813
./models/01_CTSM/components/cdeps/fox/wkml/test/test_kmlOpenCloseDocument_4.f90,test,PROGRAM,1,0,False,1,4,47.548875021634686,1.4285714285714286,67.92696431662098,3.7737202398122767,0.01584962500721156
./models/01_CTSM/components/cdeps/fox/wkml/test/test_kmlOpenCloseDocument_5.f90,test,PROGRAM,1,0,False,1,4,47.548875021634686,1.4285714285714286,67.92696431662098,3.7737202398122767,0.01584962500721156
./models/01_CTSM/components/cdeps/fox/wkml/test/test_kmlOpenCloseFolder_0.f90,test,PROGRAM,1,0,False,1,3,30.880904142633646,1.4,43.2332657996871,2.401848099982617,0.010293634714211216
./models/01_CTSM/components/cdeps/fox/wkml/test/test_kmlOpenCloseFolder_1.f90,test,PROGRAM,1,0,False,1,4,42.0,1.5,63.0,3.5,0.014
./models/01_CTSM/components/cdeps/fox/wkml/test/test_kmlOpenCloseFolder_2.f90,test,PROGRAM,1,0,False,1,4,53.150849518197795,2.142857142857143,113.89467753899527,6.327482085499737,0.017716949839399265
./models/01_CTSM/components/cdeps/fox/wkml/test/test_kmlOpenCloseFolder_3.f90,test,PROGRAM,1,0,False,1,4,53.150849518197795,2.142857142857143,113.89467753899527,6.327482085499737,0.017716949839399265
./models/01_CTSM/components/cdeps/fox/wkml/test/test_kmlOpenCloseFolder_4.f90,test,PROGRAM,1,0,False,1,4,62.26976913547135,2.0625,128.43139884190967,7.135077713439426,0.020756589711823783
./models/01_CTSM/components/cdeps/fox/wkml/test/test_kmlOpenCloseFolder_5.f90,test,PROGRAM,1,0,False,1,3,30.880904142633646,1.4,43.2332657996871,2.401848099982617,0.010293634714211216
./models/01_CTSM/components/cdeps/fox/wkml/test/test_kmlStartEndRegion_0.f90,test,PROGRAM,1,0,False,1,3,60.228575027403934,1.7142857142857142,103.24898576126388,5.73605476451466,0.02007619167580131
./models/01_CTSM/components/cdeps/fox/wkml/test/test_kmlStartEndRegion_1.f90,test,PROGRAM,1,0,False,1,4,86.03910001730775,2.5,215.09775004326937,11.949875002403854,0.02867970000576925
./models/01_CTSM/components/cdeps/fox/wkml/test/test_kmlStartEndRegion_10.f90,test,PROGRAM,1,0,False,1,4,103.61231210795059,2.8499999999999996,295.29508950765916,16.40528275042551,0.03453743736931686
./models/01_CTSM/components/cdeps/fox/wkml/test/test_kmlStartEndRegion_11.f90,test,PROGRAM,1,0,False,1,4,122.62388523751017,2.25,275.9037417843979,15.32798565468877,0.04087462841250339
./models/01_CTSM/components/cdeps/fox/wkml/test/test_kmlStartEndRegion_12.f90,test,PROGRAM,1,0,False,1,4,162.62707505625016,3.0,487.88122516875046,27.104512509375027,0.05420902501875005
./models/01_CTSM/components/cdeps/fox/wkml/test/test_kmlStartEndRegion_13.f90,test,PROGRAM,1,0,False,1,4,120.0,3.0,360.0,20.0,0.04
./models/01_CTSM/components/cdeps/fox/wkml/test/test_kmlStartEndRegion_14.f90,test,PROGRAM,1,0,False,1,4,155.32358796751288,4.0,621.2943518700515,34.516352881669526,0.051774529322504294
./models/01_CTSM/components/cdeps/fox/wkml/test/test_kmlStartEndRegion_15.f90,test,PROGRAM,1,0,False,1,4,140.1816079436383,2.8,392.50850224218726,21.806027902343736,0.04672720264787944
./models/01_CTSM/components/cdeps/fox/wkml/test/test_kmlStartEndRegion_16.f90,test,PROGRAM,1,0,False,1,4,177.19905189038187,3.625,642.3465631026343,35.68592017236857,0.05906635063012729
./models/01_CTSM/components/cdeps/fox/wkml/test/test_kmlStartEndRegion_2.f90,test,PROGRAM,1,0,False,1,4,111.01319154423277,3.1500000000000004,349.69155336433323,19.427308520240736,0.03700439718141092
./models/01_CTSM/components/cdeps/fox/wkml/test/test_kmlStartEndRegion_3.f90,test,PROGRAM,1,0,False,1,4,105.48604608143,2.25,237.3436036832175,13.18575576017875,0.03516201536047667
./models/01_CTSM/components/cdeps/fox/wkml/test/test_kmlStartEndRegion_4.f90,test,PROGRAM,1,0,False,1,4,132.0,2.769230769230769,365.53846153846155,20.307692307692307,0.044
./models/01_CTSM/components/cdeps/fox/wkml/test/test_kmlStartEndRegion_5.f90,test,PROGRAM,1,0,False,1,4,126.71134807876051,2.923076923076923,370.38701746099224,20.57705652561068,0.042237116026253504
./models/01_CTSM/components/cdeps/fox/wkml/test/test_kmlStartEndRegion_6.f90,test,PROGRAM,1,0,False,1,4,166.7970000576925,4.0,667.18800023077,37.06600001282055,0.05559900001923083
./models/01_CTSM/components/cdeps/fox/wkml/test/test_kmlStartEndRegion_7.f90,test,PROGRAM,1,0,False,1,4,146.94555522617034,2.75,404.10027687196845,22.450015381776026,0.048981851742056784
./models/01_CTSM/components/cdeps/fox/wkml/test/test_kmlStartEndRegion_8.f90,test,PROGRAM,1,0,False,1,4,188.86964917948671,3.6470588235294117,688.8187205369516,38.26770669649731,0.06295654972649557
./models/01_CTSM/components/cdeps/fox/wkml/test/test_kmlStartEndRegion_9.f90,test,PROGRAM,1,0,False,1,4,82.45413751658658,2.3333333333333335,192.39298753870204,10.68849930770567,0.02748471250552886
./models/01_CTSM/components/cdeps/fox/wxml/m_wxml_core.F90,xml_AddAttribute_Ch,SUBROUTINE,1216,0,False,30,122,3856.898855964889,50.815384615384616,195989.79878849277,10888.322154916264,1.2856329519882963
./models/01_CTSM/components/cdeps/fox/wxml/m_wxml_core.F90,xml_AddParameterEntity,SUBROUTINE,439,0,False,26,95,3234.373936178752,37.35616438356165,120823.80443780079,6712.433579877822,1.0781246453929174
./models/01_CTSM/components/cdeps/fox/wxml/m_wxml_core.F90,xml_OpenFile,SUBROUTINE,169,0,False,24,109,2937.1890261335548,30.26470588235294,88893.1619968067,4938.508999822594,0.9790630087111849
./models/01_CTSM/components/cdeps/fox/wxml/m_wxml_core.F90,xml_AddExternalEntity,SUBROUTINE,634,0,False,20,62,2040.0,24.23076923076923,49430.76923076923,2746.1538461538457,0.68
./models/01_CTSM/components/cdeps/fox/wxml/m_wxml_core.F90,xml_NewElement,SUBROUTINE,1066,0,False,17,49,1272.0,19.744897959183675,25115.510204081635,1395.3061224489797,0.424
./models/01_CTSM/components/cdeps/fox/wxml/m_wxml_core.F90,xml_AddNotation,SUBROUTINE,725,0,False,16,48,1405.8399617548275,20.329787234042552,28580.427307590162,1587.8015170883423,0.4686133205849425
./models/01_CTSM/components/cdeps/fox/wxml/m_wxml_core.F90,xml_AddXMLPI,SUBROUTINE,973,0,False,16,49,1253.0029695140722,20.53333333333333,25728.327640688945,1429.3515355938302,0.41766765650469073
./models/01_CTSM/components/cdeps/fox/wxml/m_wxml_core.F90,xml_AddDOCTYPE,SUBROUTINE,371,0,False,15,47,1347.1252583038618,18.0,24248.254649469513,1347.1252583038618,0.44904175276795394
./models/01_CTSM/components/cdeps/fox/wxml/m_wxml_core.F90,xml_AddPseudoAttribute_Ch,SUBROUTINE,1398,0,False,14,39,1077.0945814311176,19.642857142857142,21157.214992396952,1175.4008329109417,0.35903152714370584
./models/01_CTSM/components/cdeps/fox/wxml/m_wxml_core.F90,xml_EndElement,SUBROUTINE,1456,0,False,14,30,1183.3121610157696,23.372093023255815,27656.48190281043,1536.4712168228016,0.39443738700525655
./models/01_CTSM/components/cdeps/fox/wxml/m_wxml_core.F90,xml_AddEntityReference,SUBROUTINE,1172,0,False,11,28,769.7798582278589,14.166666666666666,10905.214658228,605.8452587904444,0.25659328607595294
./models/01_CTSM/components/cdeps/fox/wxml/m_wxml_core.F90,xml_Close,SUBROUTINE,1560,1,False,11,40,928.8546244203525,14.145833333333334,13139.422707946236,729.9679282192353,0.3096182081401175
./models/01_CTSM/components/cdeps/fox/wxml/m_wxml_core.F90,xml_AddXMLDeclaration,SUBROUTINE,317,0,False,10,40,955.0285876233177,17.833333333333336,17031.343145949166,946.1857303305092,0.3183428625411059
./models/01_CTSM/components/cdeps/fox/wxml/m_wxml_core.F90,xml_AddInternalEntity,SUBROUTINE,579,0,False,10,33,1126.6268548791752,18.593023255813954,20947.399313393038,1163.7444062996133,0.3755422849597251
./models/01_CTSM/components/cdeps/fox/wxml/m_wxml_core.F90,xml_AddPEReferenceToDTD,SUBROUTINE,889,0,False,10,31,789.8693597161529,13.357142857142856,10550.397876208612,586.1332153449229,0.26328978657205093
./models/01_CTSM/components/cdeps/fox/wxml/m_wxml_core.F90,close_start_tag,SUBROUTINE,1736,0,False,10,20,486.2570041353269,9.75,4741.005790319437,263.3892105733021,0.16208566804510896
./models/01_CTSM/components/cdeps/fox/wxml/m_wxml_core.F90,xml_AddElementToDTD,SUBROUTINE,788,0,False,9,29,887.8276704572958,15.365853658536587,13642.230058246254,757.9016699025697,0.2959425568190986
./models/01_CTSM/components/cdeps/fox/wxml/m_wxml_core.F90,xml_AddAttlistToDTD,SUBROUTINE,836,0,False,9,29,1055.7530925638182,16.133333333333333,17032.8165600296,946.2675866683112,0.3519176975212727
./models/01_CTSM/components/cdeps/fox/wxml/m_wxml_core.F90,xml_AddXMLStylesheet,SUBROUTINE,934,0,False,8,27,782.2025926742402,18.7,14627.188483008293,812.6215823893496,0.2607341975580801
./models/01_CTSM/components/cdeps/fox/wxml/m_wxml_core.F90,xml_DeclareNamespace,SUBROUTINE,1506,0,False,8,20,630.901138465115,14.193548387096774,8954.72583627905,497.4847686821695,0.21030037948837166
./models/01_CTSM/components/cdeps/fox/wxml/m_wxml_core.F90,xml_AddComment,SUBROUTINE,1037,0,False,7,21,572.1226517227967,13.764705882352942,7875.100029596144,437.50555719978576,0.19070755057426558
./models/01_CTSM/components/cdeps/fox/wxml/m_wxml_core.F90,write_attributes,SUBROUTINE,1760,1,False,7,26,829.2698175457809,19.636363636363637,16283.84368998988,904.6579827772156,0.27642327251526033
./models/01_CTSM/components/cdeps/fox/wxml/m_wxml_core.F90,xml_AddCharacters_ch,SUBROUTINE,1126,0,False,6,23,587.6282813072752,11.970588235294116,7034.25619094297,390.79201060794276,0.19587609376909174
./models/01_CTSM/components/cdeps/fox/wxml/m_wxml_core.F90,xml_UndeclareNamespace,SUBROUTINE,1537,0,False,5,13,395.9184557878002,11.21153846153846,4438.854994697836,246.6030552609909,0.1319728185959334
./models/01_CTSM/components/cdeps/fox/wxml/m_wxml_core.F90,checkExistingRefs,FUNCTION,552,1,False,4,16,364.3485746345679,13.157894736842106,4794.060192560104,266.3366773644502,0.1214495248781893
./models/01_CTSM/components/cdeps/fox/wxml/m_wxml_core.F90,checkExistingRefsInAttValue,FUNCTION,1344,1,False,4,16,440.0,15.45238095238095,6799.047619047618,377.7248677248677,0.14666666666666667
./models/01_CTSM/components/cdeps/fox/wxml/m_wxml_core.F90,checkParsedRefsInAttValue,FUNCTION,1371,1,False,4,16,355.74426423226265,11.842105263157896,4212.76102380311,234.04227910017278,0.11858142141075421
./models/01_CTSM/components/cdeps/fox/wxml/m_wxml_core.F90,xmlf_opentag_len,FUNCTION,1670,0,False,3,11,204.32967235008786,5.833333333333334,1191.923088708846,66.21794937271368,0.06810989078336262
./models/01_CTSM/components/cdeps/fox/wxml/m_wxml_core.F90,xmlf_opentag,FUNCTION,1684,0,False,3,13,233.83308753677895,7.0,1636.8316127574526,90.93508959763625,0.07794436251225965
./models/01_CTSM/components/cdeps/fox/wxml/m_wxml_core.F90,add_eol,SUBROUTINE,1711,0,False,3,12,275.0,5.739999999999999,1578.4999999999998,87.69444444444443,0.09166666666666666
./models/01_CTSM/components/cdeps/fox/wxml/m_wxml_core.F90,wxml_warning_xf,SUBROUTINE,1794,0,False,3,12,199.03672606650858,6.34375,1262.6392309844139,70.14662394357855,0.06634557535550285
./models/01_CTSM/components/cdeps/fox/wxml/m_wxml_core.F90,check_xf,SUBROUTINE,1703,0,False,2,4,74.23092131656186,3.5,259.8082246079665,14.43379025599814,0.024743640438853954
./models/01_CTSM/components/cdeps/fox/wxml/m_wxml_core.F90,wxml_error_xf,SUBROUTINE,1812,0,False,2,11,171.8953543301665,6.933333333333334,1191.8077900224878,66.21154389013822,0.05729845144338883
./models/01_CTSM/components/cdeps/fox/wxml/m_wxml_core.F90,xml_AddNewline,SUBROUTINE,1163,0,False,1,5,58.81033751683405,1.5555555555555556,91.48274724840853,5.082374847133807,0.019603445838944685
./models/01_CTSM/components/cdeps/fox/wxml/m_wxml_core.F90,xmlf_SetPretty_print,SUBROUTINE,1617,0,False,1,5,74.00879436282185,1.6363636363636365,121.10529986643576,6.728072214801987,0.024669598120940616
./models/01_CTSM/components/cdeps/fox/wxml/m_wxml_core.F90,xmlf_GetPretty_print,FUNCTION,1625,0,False,1,6,89.85848369899593,1.5384615384615385,138.24382107537835,7.6802122819654635,0.02995282789966531
./models/01_CTSM/components/cdeps/fox/wxml/m_wxml_core.F90,xmlf_SetExtendedData,SUBROUTINE,1641,0,False,1,5,74.00879436282185,1.6363636363636365,121.10529986643576,6.728072214801987,0.024669598120940616
./models/01_CTSM/components/cdeps/fox/wxml/m_wxml_core.F90,xmlf_GetExtendedData,FUNCTION,1649,0,False,1,6,89.85848369899593,1.5384615384615385,138.24382107537835,7.6802122819654635,0.02995282789966531
./models/01_CTSM/components/cdeps/fox/wxml/m_wxml_core.F90,xmlf_name,FUNCTION,1659,0,False,1,7,148.67746297052548,1.7647058823529411,262.3719934773979,14.576221859855439,0.04955915432350849
./models/01_CTSM/components/cdeps/fox/wxml/m_wxml_core.F90,wxml_fatal_xf,SUBROUTINE,1831,0,False,1,8,123.18989788986397,5.076923076923077,625.4256354408478,34.745868635602655,0.04106329929662132
./models/01_CTSM/components/cdeps/fox/wxml/m_wxml_escape.F90,escape_string,FUNCTION,57,1,False,20,69,1679.8723240794454,25.852272727272727,43428.5174690993,2412.695414949961,0.5599574413598152
./models/01_CTSM/components/cdeps/fox/wxml/m_wxml_escape.F90,escape_string_len,FUNCTION,23,1,False,11,28,543.7039997961664,8.375,4553.520998292894,252.97338879404964,0.18123466659872212
./models/01_CTSM/components/cdeps/fox/wxml/m_wxml_overloads.F90,CharactersScalarCmplxDp,SUBROUTINE,96,0,False,2,10,253.82374477961895,7.18421052631579,1823.523219074631,101.30684550414617,0.08460791492653964
./models/01_CTSM/components/cdeps/fox/wxml/m_wxml_overloads.F90,CharactersScalarCmplxSp,SUBROUTINE,113,0,False,2,10,253.82374477961895,7.18421052631579,1823.523219074631,101.30684550414617,0.08460791492653964
./models/01_CTSM/components/cdeps/fox/wxml/m_wxml_overloads.F90,CharactersScalarRealDp,SUBROUTINE,130,0,False,2,10,253.82374477961895,7.18421052631579,1823.523219074631,101.30684550414617,0.08460791492653964
./models/01_CTSM/components/cdeps/fox/wxml/m_wxml_overloads.F90,CharactersScalarRealSp,SUBROUTINE,146,0,False,2,10,253.82374477961895,7.18421052631579,1823.523219074631,101.30684550414617,0.08460791492653964
./models/01_CTSM/components/cdeps/fox/wxml/m_wxml_overloads.F90,CharactersArrayCmplxDp,SUBROUTINE,186,0,False,2,10,296.3368407027819,7.0,2074.3578849194732,115.24210471774852,0.0987789469009273
./models/01_CTSM/components/cdeps/fox/wxml/m_wxml_overloads.F90,CharactersArrayCmplxSp,SUBROUTINE,203,0,False,2,10,296.3368407027819,7.0,2074.3578849194732,115.24210471774852,0.0987789469009273
./models/01_CTSM/components/cdeps/fox/wxml/m_wxml_overloads.F90,CharactersArrayRealDp,SUBROUTINE,220,0,False,2,10,296.3368407027819,7.0,2074.3578849194732,115.24210471774852,0.0987789469009273
./models/01_CTSM/components/cdeps/fox/wxml/m_wxml_overloads.F90,CharactersArrayRealSp,SUBROUTINE,236,0,False,2,10,296.3368407027819,7.0,2074.3578849194732,115.24210471774852,0.0987789469009273
./models/01_CTSM/components/cdeps/fox/wxml/m_wxml_overloads.F90,CharactersMatrixCmplxDp,SUBROUTINE,286,0,False,2,10,296.3368407027819,7.0,2074.3578849194732,115.24210471774852,0.0987789469009273
./models/01_CTSM/components/cdeps/fox/wxml/m_wxml_overloads.F90,CharactersMatrixCmplxSp,SUBROUTINE,303,0,False,2,10,296.3368407027819,7.0,2074.3578849194732,115.24210471774852,0.0987789469009273
./models/01_CTSM/components/cdeps/fox/wxml/m_wxml_overloads.F90,CharactersMatrixRealDp,SUBROUTINE,320,0,False,2,10,296.3368407027819,7.0,2074.3578849194732,115.24210471774852,0.0987789469009273
./models/01_CTSM/components/cdeps/fox/wxml/m_wxml_overloads.F90,CharactersMatrixRealSp,SUBROUTINE,336,0,False,2,10,296.3368407027819,7.0,2074.3578849194732,115.24210471774852,0.0987789469009273
./models/01_CTSM/components/cdeps/fox/wxml/m_wxml_overloads.F90,AttributeScalarCmplxDp,SUBROUTINE,387,0,False,2,11,323.33235014711585,8.575000000000001,2772.5749025115188,154.0319390284177,0.10777745004903862
./models/01_CTSM/components/cdeps/fox/wxml/m_wxml_overloads.F90,AttributeScalarCmplxSp,SUBROUTINE,404,0,False,2,11,323.33235014711585,8.575000000000001,2772.5749025115188,154.0319390284177,0.10777745004903862
./models/01_CTSM/components/cdeps/fox/wxml/m_wxml_overloads.F90,AttributeScalarRealDp,SUBROUTINE,421,0,False,2,11,323.33235014711585,8.575000000000001,2772.5749025115188,154.0319390284177,0.10777745004903862
./models/01_CTSM/components/cdeps/fox/wxml/m_wxml_overloads.F90,AttributeScalarRealSp,SUBROUTINE,437,0,False,2,11,323.33235014711585,8.575000000000001,2772.5749025115188,154.0319390284177,0.10777745004903862
./models/01_CTSM/components/cdeps/fox/wxml/m_wxml_overloads.F90,AttributeArrayCmplxDp,SUBROUTINE,476,0,False,2,11,368.0167946706389,8.217391304347826,3024.1380083804675,168.0076671322482,0.12267226489021296
./models/01_CTSM/components/cdeps/fox/wxml/m_wxml_overloads.F90,AttributeArrayCmplxSp,SUBROUTINE,493,0,False,2,11,368.0167946706389,8.217391304347826,3024.1380083804675,168.0076671322482,0.12267226489021296
./models/01_CTSM/components/cdeps/fox/wxml/m_wxml_overloads.F90,AttributeArrayRealDp,SUBROUTINE,510,0,False,2,11,368.0167946706389,8.217391304347826,3024.1380083804675,168.0076671322482,0.12267226489021296
./models/01_CTSM/components/cdeps/fox/wxml/m_wxml_overloads.F90,AttributeArrayRealSp,SUBROUTINE,526,0,False,2,11,368.0167946706389,8.217391304347826,3024.1380083804675,168.0076671322482,0.12267226489021296
./models/01_CTSM/components/cdeps/fox/wxml/m_wxml_overloads.F90,AttributeMatrixCmplxDp,SUBROUTINE,576,0,False,2,11,368.0167946706389,8.217391304347826,3024.1380083804675,168.0076671322482,0.12267226489021296
./models/01_CTSM/components/cdeps/fox/wxml/m_wxml_overloads.F90,AttributeMatrixCmplxSp,SUBROUTINE,593,0,False,2,11,368.0167946706389,8.217391304347826,3024.1380083804675,168.0076671322482,0.12267226489021296
./models/01_CTSM/components/cdeps/fox/wxml/m_wxml_overloads.F90,AttributeMatrixRealDp,SUBROUTINE,610,0,False,2,11,368.0167946706389,8.217391304347826,3024.1380083804675,168.0076671322482,0.12267226489021296
./models/01_CTSM/components/cdeps/fox/wxml/m_wxml_overloads.F90,AttributeMatrixRealSp,SUBROUTINE,626,0,False,2,11,368.0167946706389,8.217391304347826,3024.1380083804675,168.0076671322482,0.12267226489021296
./models/01_CTSM/components/cdeps/fox/wxml/m_wxml_overloads.F90,PseudoAttributeScalarCmplxDp,SUBROUTINE,677,0,False,2,11,323.33235014711585,8.575000000000001,2772.5749025115188,154.0319390284177,0.10777745004903862
./models/01_CTSM/components/cdeps/fox/wxml/m_wxml_overloads.F90,PseudoAttributeScalarCmplxSp,SUBROUTINE,694,0,False,2,11,323.33235014711585,8.575000000000001,2772.5749025115188,154.0319390284177,0.10777745004903862
./models/01_CTSM/components/cdeps/fox/wxml/m_wxml_overloads.F90,PseudoAttributeScalarRealDp,SUBROUTINE,711,0,False,2,11,323.33235014711585,8.575000000000001,2772.5749025115188,154.0319390284177,0.10777745004903862
./models/01_CTSM/components/cdeps/fox/wxml/m_wxml_overloads.F90,PseudoAttributeScalarRealSp,SUBROUTINE,727,0,False,2,11,323.33235014711585,8.575000000000001,2772.5749025115188,154.0319390284177,0.10777745004903862
./models/01_CTSM/components/cdeps/fox/wxml/m_wxml_overloads.F90,PseudoAttributeArrayCmplxDp,SUBROUTINE,766,0,False,2,11,368.0167946706389,8.217391304347826,3024.1380083804675,168.0076671322482,0.12267226489021296
./models/01_CTSM/components/cdeps/fox/wxml/m_wxml_overloads.F90,PseudoAttributeArrayCmplxSp,SUBROUTINE,783,0,False,2,11,368.0167946706389,8.217391304347826,3024.1380083804675,168.0076671322482,0.12267226489021296
./models/01_CTSM/components/cdeps/fox/wxml/m_wxml_overloads.F90,PseudoAttributeArrayRealDp,SUBROUTINE,800,0,False,2,11,368.0167946706389,8.217391304347826,3024.1380083804675,168.0076671322482,0.12267226489021296
./models/01_CTSM/components/cdeps/fox/wxml/m_wxml_overloads.F90,PseudoAttributeArrayRealSp,SUBROUTINE,816,0,False,2,11,368.0167946706389,8.217391304347826,3024.1380083804675,168.0076671322482,0.12267226489021296
./models/01_CTSM/components/cdeps/fox/wxml/m_wxml_overloads.F90,PseudoAttributeMatrixCmplxDp,SUBROUTINE,866,0,False,2,11,368.0167946706389,8.217391304347826,3024.1380083804675,168.0076671322482,0.12267226489021296
./models/01_CTSM/components/cdeps/fox/wxml/m_wxml_overloads.F90,PseudoAttributeMatrixCmplxSp,SUBROUTINE,883,0,False,2,11,368.0167946706389,8.217391304347826,3024.1380083804675,168.0076671322482,0.12267226489021296
./models/01_CTSM/components/cdeps/fox/wxml/m_wxml_overloads.F90,PseudoAttributeMatrixRealDp,SUBROUTINE,900,0,False,2,11,368.0167946706389,8.217391304347826,3024.1380083804675,168.0076671322482,0.12267226489021296
./models/01_CTSM/components/cdeps/fox/wxml/m_wxml_overloads.F90,PseudoAttributeMatrixRealSp,SUBROUTINE,916,0,False,2,11,368.0167946706389,8.217391304347826,3024.1380083804675,168.0076671322482,0.12267226489021296
./models/01_CTSM/components/cdeps/fox/wxml/m_wxml_overloads.F90,CharactersScalarInt,SUBROUTINE,162,0,False,1,5,97.67226489021297,2.625,256.38969533680904,14.243871963156058,0.03255742163007099
./models/01_CTSM/components/cdeps/fox/wxml/m_wxml_overloads.F90,CharactersScalarLg,SUBROUTINE,173,0,False,1,5,97.67226489021297,2.625,256.38969533680904,14.243871963156058,0.03255742163007099
./models/01_CTSM/components/cdeps/fox/wxml/m_wxml_overloads.F90,CharactersArrayInt,SUBROUTINE,252,0,False,1,5,120.92782504182705,2.4000000000000004,290.226780100385,16.123710005576942,0.04030927501394235
./models/01_CTSM/components/cdeps/fox/wxml/m_wxml_overloads.F90,CharactersArrayLg,SUBROUTINE,263,0,False,1,5,120.92782504182705,2.4000000000000004,290.226780100385,16.123710005576942,0.04030927501394235
./models/01_CTSM/components/cdeps/fox/wxml/m_wxml_overloads.F90,CharactersArrayCh,SUBROUTINE,274,0,False,1,6,189.98960215439456,3.5789473684210527,679.9627866578331,37.77571036987962,0.06332986738479819
./models/01_CTSM/components/cdeps/fox/wxml/m_wxml_overloads.F90,CharactersMatrixInt,SUBROUTINE,352,0,False,1,5,120.92782504182705,2.4000000000000004,290.226780100385,16.123710005576942,0.04030927501394235
./models/01_CTSM/components/cdeps/fox/wxml/m_wxml_overloads.F90,CharactersMatrixLg,SUBROUTINE,363,0,False,1,5,120.92782504182705,2.4000000000000004,290.226780100385,16.123710005576942,0.04030927501394235
./models/01_CTSM/components/cdeps/fox/wxml/m_wxml_overloads.F90,CharactersMatrixCh,SUBROUTINE,374,0,False,1,6,189.98960215439456,3.5789473684210527,679.9627866578331,37.77571036987962,0.06332986738479819
./models/01_CTSM/components/cdeps/fox/wxml/m_wxml_overloads.F90,AttributeScalarInt,SUBROUTINE,453,0,False,1,6,152.92539048396907,3.8666666666666667,591.3115098713471,32.85063943729706,0.050975130161323025
./models/01_CTSM/components/cdeps/fox/wxml/m_wxml_overloads.F90,AttributeScalarLg,SUBROUTINE,464,0,False,1,6,152.92539048396907,3.8666666666666667,591.3115098713471,32.85063943729706,0.050975130161323025
./models/01_CTSM/components/cdeps/fox/wxml/m_wxml_overloads.F90,AttributeArrayInt,SUBROUTINE,542,0,False,1,6,178.37726474549189,3.5555555555555554,634.2302746506377,35.23501525836876,0.05945908824849729
./models/01_CTSM/components/cdeps/fox/wxml/m_wxml_overloads.F90,AttributeArrayLg,SUBROUTINE,553,0,False,1,6,178.37726474549189,3.5555555555555554,634.2302746506377,35.23501525836876,0.05945908824849729
./models/01_CTSM/components/cdeps/fox/wxml/m_wxml_overloads.F90,AttributeArrayCh,SUBROUTINE,564,0,False,1,7,243.00301253822127,4.2,1020.6126526605294,56.70070292558497,0.08100100417940709
./models/01_CTSM/components/cdeps/fox/wxml/m_wxml_overloads.F90,AttributeMatrixInt,SUBROUTINE,642,0,False,1,6,178.37726474549189,3.5555555555555554,634.2302746506377,35.23501525836876,0.05945908824849729
./models/01_CTSM/components/cdeps/fox/wxml/m_wxml_overloads.F90,AttributeMatrixLg,SUBROUTINE,653,0,False,1,6,178.37726474549189,3.5555555555555554,634.2302746506377,35.23501525836876,0.05945908824849729
./models/01_CTSM/components/cdeps/fox/wxml/m_wxml_overloads.F90,AttributeMatrixCh,SUBROUTINE,664,0,False,1,7,243.00301253822127,4.2,1020.6126526605294,56.70070292558497,0.08100100417940709
./models/01_CTSM/components/cdeps/fox/wxml/m_wxml_overloads.F90,PseudoAttributeScalarInt,SUBROUTINE,743,0,False,1,6,152.92539048396907,3.8666666666666667,591.3115098713471,32.85063943729706,0.050975130161323025
./models/01_CTSM/components/cdeps/fox/wxml/m_wxml_overloads.F90,PseudoAttributeScalarLg,SUBROUTINE,754,0,False,1,6,152.92539048396907,3.8666666666666667,591.3115098713471,32.85063943729706,0.050975130161323025
./models/01_CTSM/components/cdeps/fox/wxml/m_wxml_overloads.F90,PseudoAttributeArrayInt,SUBROUTINE,832,0,False,1,6,178.37726474549189,3.5555555555555554,634.2302746506377,35.23501525836876,0.05945908824849729
./models/01_CTSM/components/cdeps/fox/wxml/m_wxml_overloads.F90,PseudoAttributeArrayLg,SUBROUTINE,843,0,False,1,6,178.37726474549189,3.5555555555555554,634.2302746506377,35.23501525836876,0.05945908824849729
./models/01_CTSM/components/cdeps/fox/wxml/m_wxml_overloads.F90,PseudoAttributeArrayCh,SUBROUTINE,854,0,False,1,7,243.00301253822127,4.2,1020.6126526605294,56.70070292558497,0.08100100417940709
./models/01_CTSM/components/cdeps/fox/wxml/m_wxml_overloads.F90,PseudoAttributeMatrixInt,SUBROUTINE,932,0,False,1,6,178.37726474549189,3.5555555555555554,634.2302746506377,35.23501525836876,0.05945908824849729
./models/01_CTSM/components/cdeps/fox/wxml/m_wxml_overloads.F90,PseudoAttributeMatrixLg,SUBROUTINE,943,0,False,1,6,178.37726474549189,3.5555555555555554,634.2302746506377,35.23501525836876,0.05945908824849729
./models/01_CTSM/components/cdeps/fox/wxml/m_wxml_overloads.F90,PseudoAttributeMatrixCh,SUBROUTINE,954,0,False,1,7,243.00301253822127,4.2,1020.6126526605294,56.70070292558497,0.08100100417940709
./models/01_CTSM/components/cdeps/fox/wxml/test/test_xml_AddAttribute_0.f90,test,PROGRAM,1,0,False,1,1,4.754887502163468,0.5,2.377443751081734,0.13208020839342968,0.001584962500721156
./models/01_CTSM/components/cdeps/fox/wxml/test/test_xml_AddAttribute_1.f90,test,PROGRAM,1,0,False,1,4,36.49561398674886,0.75,27.371710490061645,1.5206505827812025,0.012165204662249619
./models/01_CTSM/components/cdeps/fox/wxml/test/test_xml_AddAttribute_2.f90,test,PROGRAM,1,0,False,1,3,25.84962500721156,0.7,18.09473750504809,1.005263194724894,0.00861654166907052
./models/01_CTSM/components/cdeps/fox/wxml/test/test_xml_AddAttribute_3.f90,test,PROGRAM,1,0,False,1,5,44.91767875292167,0.9166666666666666,41.17453885684486,2.2874743809358256,0.014972559584307222
./models/01_CTSM/components/cdeps/fox/wxml/test/test_xml_AddAttribute_4.f90,test,PROGRAM,1,0,False,1,4,36.49561398674886,0.75,27.371710490061645,1.5206505827812025,0.012165204662249619
./models/01_CTSM/components/cdeps/fox/wxml/test/test_xml_AddAttribute_5.f90,test,PROGRAM,1,0,False,1,4,36.49561398674886,0.75,27.371710490061645,1.5206505827812025,0.012165204662249619
./models/01_CTSM/components/cdeps/fox/wxml/test/test_xml_AddAttribute_6.f90,test,PROGRAM,1,0,False,1,4,36.49561398674886,0.75,27.371710490061645,1.5206505827812025,0.012165204662249619
./models/01_CTSM/components/cdeps/fox/wxml/test/test_xml_AddAttribute_7.f90,test,PROGRAM,1,0,False,1,4,53.150849518197795,1.375,73.08241808752197,4.060134338195665,0.017716949839399265
./models/01_CTSM/components/cdeps/fox/wxml/test/test_xml_AddAttribute_8.f90,test,PROGRAM,1,0,False,1,16,137.5603911808226,2.75,378.29107574726214,21.016170874847898,0.045853463726940866
./models/01_CTSM/components/cdeps/fox/wxml/test/test_xml_AddAttribute_overload_1.f90,test,PROGRAM,1,0,False,1,4,64.5293250129808,1.3,83.88812251687506,4.660451250937503,0.021509775004326936
./models/01_CTSM/components/cdeps/fox/wxml/test/test_xml_AddAttribute_overload_10.f90,test,PROGRAM,1,0,False,1,4,56.47277761308516,1.375,77.6500692179921,4.313892734332894,0.018824259204361718
./models/01_CTSM/components/cdeps/fox/wxml/test/test_xml_AddAttribute_overload_11.f90,test,PROGRAM,1,0,False,1,4,110.44611534953322,1.1764705882352942,129.9366062935685,7.2187003496426945,0.03681537178317774
./models/01_CTSM/components/cdeps/fox/wxml/test/test_xml_AddAttribute_overload_12.f90,test,PROGRAM,1,0,False,1,4,56.47277761308516,1.375,77.6500692179921,4.313892734332894,0.018824259204361718
./models/01_CTSM/components/cdeps/fox/wxml/test/test_xml_AddAttribute_overload_13.f90,test,PROGRAM,1,0,False,1,4,45.0,1.5,67.5,3.75,0.015
./models/01_CTSM/components/cdeps/fox/wxml/test/test_xml_AddAttribute_overload_14.f90,test,PROGRAM,1,0,False,1,4,156.27562382434076,3.5,546.9646833851926,30.386926854732923,0.052091874608113584
./models/01_CTSM/components/cdeps/fox/wxml/test/test_xml_AddAttribute_overload_15.f90,test,PROGRAM,1,0,False,1,4,118.41407098051495,3.0,355.24221294154484,19.73567849675249,0.039471356993504986
./models/01_CTSM/components/cdeps/fox/wxml/test/test_xml_AddAttribute_overload_16.f90,test,PROGRAM,1,0,False,1,4,100.37895002019238,2.0,200.75790004038475,11.153216668910265,0.03345965000673079
./models/01_CTSM/components/cdeps/fox/wxml/test/test_xml_AddAttribute_overload_17.f90,test,PROGRAM,1,0,False,1,4,83.02635884729514,1.7777777777777777,147.60241572852468,8.200134207140259,0.02767545294909838
./models/01_CTSM/components/cdeps/fox/wxml/test/test_xml_AddAttribute_overload_18.f90,test,PROGRAM,1,0,False,1,4,83.02635884729514,1.7777777777777777,147.60241572852468,8.200134207140259,0.02767545294909838
./models/01_CTSM/components/cdeps/fox/wxml/test/test_xml_AddAttribute_overload_19.f90,test,PROGRAM,1,0,False,1,4,86.03910001730775,1.6,137.6625600276924,7.647920001538466,0.02867970000576925
./models/01_CTSM/components/cdeps/fox/wxml/test/test_xml_AddAttribute_overload_2.f90,test,PROGRAM,1,0,False,1,4,53.150849518197795,1.375,73.08241808752197,4.060134338195665,0.017716949839399265
./models/01_CTSM/components/cdeps/fox/wxml/test/test_xml_AddAttribute_overload_20.f90,test,PROGRAM,1,0,False,1,4,66.43856189774725,1.5,99.65784284662087,5.5365468248122705,0.02214618729924908
./models/01_CTSM/components/cdeps/fox/wxml/test/test_xml_AddAttribute_overload_3.f90,test,PROGRAM,1,0,False,1,4,47.548875021634686,0.6875,32.689851577373844,1.816102865409658,0.01584962500721156
./models/01_CTSM/components/cdeps/fox/wxml/test/test_xml_AddAttribute_overload_4.f90,test,PROGRAM,1,0,False,1,4,42.0,0.7142857142857143,30.0,1.6666666666666667,0.014
./models/01_CTSM/components/cdeps/fox/wxml/test/test_xml_AddAttribute_overload_5.f90,test,PROGRAM,1,0,False,1,4,42.0,0.7142857142857143,30.0,1.6666666666666667,0.014
./models/01_CTSM/components/cdeps/fox/wxml/test/test_xml_AddAttribute_overload_6.f90,test,PROGRAM,1,0,False,1,4,42.0,0.7142857142857143,30.0,1.6666666666666667,0.014
./models/01_CTSM/components/cdeps/fox/wxml/test/test_xml_AddAttribute_overload_7.f90,test,PROGRAM,1,0,False,1,4,92.5109929535273,2.55,235.9030320314946,13.1057240017497,0.030836997651175767
./models/01_CTSM/components/cdeps/fox/wxml/test/test_xml_AddAttribute_overload_8.f90,test,PROGRAM,1,0,False,1,4,72.64806399138324,2.4375,177.07965597899664,9.837758665499813,0.02421602133046108
./models/01_CTSM/components/cdeps/fox/wxml/test/test_xml_AddAttribute_overload_9.f90,test,PROGRAM,1,0,False,1,4,68.11428751370197,1.3,88.54857376781256,4.91936520932292,0.022704762504567322
./models/01_CTSM/components/cdeps/fox/wxml/test/test_xml_AddCharacters_0.f90,test,PROGRAM,1,0,False,1,1,4.754887502163468,0.5,2.377443751081734,0.13208020839342968,0.001584962500721156
./models/01_CTSM/components/cdeps/fox/wxml/test/test_xml_AddCharacters_1.f90,test,PROGRAM,1,0,False,1,4,36.49561398674886,0.75,27.371710490061645,1.5206505827812025,0.012165204662249619
./models/01_CTSM/components/cdeps/fox/wxml/test/test_xml_AddCharacters_2.f90,test,PROGRAM,1,0,False,1,4,36.49561398674886,0.75,27.371710490061645,1.5206505827812025,0.012165204662249619
./models/01_CTSM/components/cdeps/fox/wxml/test/test_xml_AddCharacters_3.f90,test,PROGRAM,1,0,False,1,4,53.150849518197795,1.375,73.08241808752197,4.060134338195665,0.017716949839399265
./models/01_CTSM/components/cdeps/fox/wxml/test/test_xml_AddCharacters_4.f90,test,PROGRAM,1,0,False,1,3,25.84962500721156,0.7,18.09473750504809,1.005263194724894,0.00861654166907052
./models/01_CTSM/components/cdeps/fox/wxml/test/test_xml_AddCharacters_5.f90,test,PROGRAM,1,0,False,1,4,53.150849518197795,1.375,73.08241808752197,4.060134338195665,0.017716949839399265
./models/01_CTSM/components/cdeps/fox/wxml/test/test_xml_AddCharacters_overload_1.f90,test,PROGRAM,1,0,False,1,4,64.5293250129808,1.3,83.88812251687506,4.660451250937503,0.021509775004326936
./models/01_CTSM/components/cdeps/fox/wxml/test/test_xml_AddCharacters_overload_10.f90,test,PROGRAM,1,0,False,1,4,56.47277761308516,1.375,77.6500692179921,4.313892734332894,0.018824259204361718
./models/01_CTSM/components/cdeps/fox/wxml/test/test_xml_AddCharacters_overload_11.f90,test,PROGRAM,1,0,False,1,4,56.47277761308516,1.375,77.6500692179921,4.313892734332894,0.018824259204361718
./models/01_CTSM/components/cdeps/fox/wxml/test/test_xml_AddCharacters_overload_12.f90,test,PROGRAM,1,0,False,1,4,56.47277761308516,1.375,77.6500692179921,4.313892734332894,0.018824259204361718
./models/01_CTSM/components/cdeps/fox/wxml/test/test_xml_AddCharacters_overload_13.f90,test,PROGRAM,1,0,False,1,4,45.0,1.5,67.5,3.75,0.015
./models/01_CTSM/components/cdeps/fox/wxml/test/test_xml_AddCharacters_overload_14.f90,test,PROGRAM,1,0,False,1,4,156.27562382434076,3.5,546.9646833851926,30.386926854732923,0.052091874608113584
./models/01_CTSM/components/cdeps/fox/wxml/test/test_xml_AddCharacters_overload_15.f90,test,PROGRAM,1,0,False,1,4,118.41407098051495,3.0,355.24221294154484,19.73567849675249,0.039471356993504986
./models/01_CTSM/components/cdeps/fox/wxml/test/test_xml_AddCharacters_overload_16.f90,test,PROGRAM,1,0,False,1,4,160.0,3.230769230769231,516.9230769230769,28.717948717948715,0.05333333333333334
./models/01_CTSM/components/cdeps/fox/wxml/test/test_xml_AddCharacters_overload_17.f90,test,PROGRAM,1,0,False,1,4,121.83535750584333,2.727272727272727,332.2782477432091,18.459902652400505,0.04061178583528111
./models/01_CTSM/components/cdeps/fox/wxml/test/test_xml_AddCharacters_overload_18.f90,test,PROGRAM,1,0,False,1,4,121.83535750584333,2.727272727272727,332.2782477432091,18.459902652400505,0.04061178583528111
./models/01_CTSM/components/cdeps/fox/wxml/test/test_xml_AddCharacters_overload_19.f90,test,PROGRAM,1,0,False,1,4,103.61231210795059,1.8181818181818181,188.38602201445562,10.4658901119142,0.03453743736931686
./models/01_CTSM/components/cdeps/fox/wxml/test/test_xml_AddCharacters_overload_2.f90,test,PROGRAM,1,0,False,1,4,53.150849518197795,1.375,73.08241808752197,4.060134338195665,0.017716949839399265
./models/01_CTSM/components/cdeps/fox/wxml/test/test_xml_AddCharacters_overload_20.f90,test,PROGRAM,1,0,False,1,4,69.18863237274594,1.3333333333333333,92.25150983032792,5.125083879462662,0.02306287745758198
./models/01_CTSM/components/cdeps/fox/wxml/test/test_xml_AddCharacters_overload_3.f90,test,PROGRAM,1,0,False,1,4,47.548875021634686,0.6875,32.689851577373844,1.816102865409658,0.01584962500721156
./models/01_CTSM/components/cdeps/fox/wxml/test/test_xml_AddCharacters_overload_4.f90,test,PROGRAM,1,0,False,1,4,42.0,0.7142857142857143,30.0,1.6666666666666667,0.014
./models/01_CTSM/components/cdeps/fox/wxml/test/test_xml_AddCharacters_overload_5.f90,test,PROGRAM,1,0,False,1,4,42.0,0.7142857142857143,30.0,1.6666666666666667,0.014
./models/01_CTSM/components/cdeps/fox/wxml/test/test_xml_AddCharacters_overload_6.f90,test,PROGRAM,1,0,False,1,4,42.0,0.7142857142857143,30.0,1.6666666666666667,0.014
./models/01_CTSM/components/cdeps/fox/wxml/test/test_xml_AddCharacters_overload_7.f90,test,PROGRAM,1,0,False,1,4,92.5109929535273,2.55,235.9030320314946,13.1057240017497,0.030836997651175767
./models/01_CTSM/components/cdeps/fox/wxml/test/test_xml_AddCharacters_overload_8.f90,test,PROGRAM,1,0,False,1,4,77.70923408096293,1.9500000000000002,151.53300645787772,8.418500358770984,0.025903078026987644
./models/01_CTSM/components/cdeps/fox/wxml/test/test_xml_AddCharacters_overload_9.f90,test,PROGRAM,1,0,False,1,4,68.11428751370197,1.3,88.54857376781256,4.91936520932292,0.022704762504567322
./models/01_CTSM/components/cdeps/fox/wxml/test/test_xml_AddComment_0.f90,test,PROGRAM,1,0,False,1,1,4.754887502163468,0.5,2.377443751081734,0.13208020839342968,0.001584962500721156
./models/01_CTSM/components/cdeps/fox/wxml/test/test_xml_AddComment_1.f90,test,PROGRAM,1,0,False,1,4,36.49561398674886,0.75,27.371710490061645,1.5206505827812025,0.012165204662249619
./models/01_CTSM/components/cdeps/fox/wxml/test/test_xml_AddComment_2.f90,test,PROGRAM,1,0,False,1,3,25.84962500721156,0.7,18.09473750504809,1.005263194724894,0.00861654166907052
./models/01_CTSM/components/cdeps/fox/wxml/test/test_xml_AddComment_3.f90,test,PROGRAM,1,0,False,1,3,25.84962500721156,0.7,18.09473750504809,1.005263194724894,0.00861654166907052
./models/01_CTSM/components/cdeps/fox/wxml/test/test_xml_AddDOCTYPE_0.f90,test,PROGRAM,1,0,False,1,4,56.47277761308516,1.375,77.6500692179921,4.313892734332894,0.018824259204361718
./models/01_CTSM/components/cdeps/fox/wxml/test/test_xml_AddDOCTYPE_1.f90,test,PROGRAM,1,0,False,1,4,56.47277761308516,1.375,77.6500692179921,4.313892734332894,0.018824259204361718
./models/01_CTSM/components/cdeps/fox/wxml/test/test_xml_AddDOCTYPE_2.f90,test,PROGRAM,1,0,False,1,4,47.548875021634686,1.4285714285714286,67.92696431662098,3.7737202398122767,0.01584962500721156
./models/01_CTSM/components/cdeps/fox/wxml/test/test_xml_AddDOCTYPE_3.f90,test,PROGRAM,1,0,False,1,4,47.548875021634686,1.4285714285714286,67.92696431662098,3.7737202398122767,0.01584962500721156
./models/01_CTSM/components/cdeps/fox/wxml/test/test_xml_AddDOCTYPE_4.f90,test,PROGRAM,1,0,False,1,4,36.49561398674886,0.75,27.371710490061645,1.5206505827812025,0.012165204662249619
./models/01_CTSM/components/cdeps/fox/wxml/test/test_xml_AddDOCTYPE_5.f90,test,PROGRAM,1,0,False,1,4,56.47277761308516,1.375,77.6500692179921,4.313892734332894,0.018824259204361718
./models/01_CTSM/components/cdeps/fox/wxml/test/test_xml_AddExternalEntity_0.f90,test,PROGRAM,1,0,False,1,4,36.49561398674886,0.75,27.371710490061645,1.5206505827812025,0.012165204662249619
./models/01_CTSM/components/cdeps/fox/wxml/test/test_xml_AddExternalEntity_1.f90,test,PROGRAM,1,0,False,1,5,48.0,0.7857142857142857,37.714285714285715,2.0952380952380953,0.016
./models/01_CTSM/components/cdeps/fox/wxml/test/test_xml_AddExternalEntity_2.f90,test,PROGRAM,1,0,False,1,5,48.0,0.7857142857142857,37.714285714285715,2.0952380952380953,0.016
./models/01_CTSM/components/cdeps/fox/wxml/test/test_xml_AddExternalEntity_3.f90,test,PROGRAM,1,0,False,1,5,48.0,0.7857142857142857,37.714285714285715,2.0952380952380953,0.016
./models/01_CTSM/components/cdeps/fox/wxml/test/test_xml_AddExternalEntity_4.f90,test,PROGRAM,1,0,False,1,6,60.228575027403934,0.8125,48.9357172097657,2.7186509560980943,0.02007619167580131
./models/01_CTSM/components/cdeps/fox/wxml/test/test_xml_AddInternalEntity_0.f90,test,PROGRAM,1,0,False,1,4,36.49561398674886,0.75,27.371710490061645,1.5206505827812025,0.012165204662249619
./models/01_CTSM/components/cdeps/fox/wxml/test/test_xml_AddInternalEntity_1.f90,test,PROGRAM,1,0,False,1,5,48.0,0.7857142857142857,37.714285714285715,2.0952380952380953,0.016
./models/01_CTSM/components/cdeps/fox/wxml/test/test_xml_AddInternalEntity_2.f90,test,PROGRAM,1,0,False,1,5,48.0,0.7857142857142857,37.714285714285715,2.0952380952380953,0.016
./models/01_CTSM/components/cdeps/fox/wxml/test/test_xml_AddInternalEntity_3.f90,test,PROGRAM,1,0,False,1,5,48.0,0.7857142857142857,37.714285714285715,2.0952380952380953,0.016
./models/01_CTSM/components/cdeps/fox/wxml/test/test_xml_AddInternalEntity_4.f90,test,PROGRAM,1,0,False,1,5,48.0,0.7857142857142857,37.714285714285715,2.0952380952380953,0.016
./models/01_CTSM/components/cdeps/fox/wxml/test/test_xml_AddNewline_1.f90,test,PROGRAM,1,0,False,1,6,57.0,0.9285714285714286,52.92857142857143,2.9404761904761907,0.019
./models/01_CTSM/components/cdeps/fox/wxml/test/test_xml_AddNotation_0.f90,test,PROGRAM,1,0,False,1,4,36.49561398674886,0.75,27.371710490061645,1.5206505827812025,0.012165204662249619
./models/01_CTSM/components/cdeps/fox/wxml/test/test_xml_AddNotation_1.f90,test,PROGRAM,1,0,False,1,5,48.0,0.7857142857142857,37.714285714285715,2.0952380952380953,0.016
./models/01_CTSM/components/cdeps/fox/wxml/test/test_xml_AddNotation_2.f90,test,PROGRAM,1,0,False,1,5,48.0,0.7857142857142857,37.714285714285715,2.0952380952380953,0.016
./models/01_CTSM/components/cdeps/fox/wxml/test/test_xml_AddNotation_3.f90,test,PROGRAM,1,0,False,1,5,59.79470570797252,1.5,89.69205856195877,4.982892142331043,0.01993156856932417
./models/01_CTSM/components/cdeps/fox/wxml/test/test_xml_AddParameterEntity_0.f90,test,PROGRAM,1,0,False,1,4,36.49561398674886,0.75,27.371710490061645,1.5206505827812025,0.012165204662249619
./models/01_CTSM/components/cdeps/fox/wxml/test/test_xml_AddParameterEntity_1.f90,test,PROGRAM,1,0,False,1,5,48.0,0.7857142857142857,37.714285714285715,2.0952380952380953,0.016
./models/01_CTSM/components/cdeps/fox/wxml/test/test_xml_AddParameterEntity_2.f90,test,PROGRAM,1,0,False,1,5,59.79470570797252,1.5,89.69205856195877,4.982892142331043,0.01993156856932417
./models/01_CTSM/components/cdeps/fox/wxml/test/test_xml_AddParameterEntity_3.f90,test,PROGRAM,1,0,False,1,5,48.0,0.7857142857142857,37.714285714285715,2.0952380952380953,0.016
./models/01_CTSM/components/cdeps/fox/wxml/test/test_xml_AddParameterEntity_4.f90,test,PROGRAM,1,0,False,1,5,59.79470570797252,1.5,89.69205856195877,4.982892142331043,0.01993156856932417
./models/01_CTSM/components/cdeps/fox/wxml/test/test_xml_AddParameterEntity_5.f90,test,PROGRAM,1,0,False,1,5,69.18863237274594,1.4444444444444444,99.93913564952192,5.5521742027512175,0.02306287745758198
./models/01_CTSM/components/cdeps/fox/wxml/test/test_xml_AddParameterEntity_6.f90,test,PROGRAM,1,0,False,1,5,59.79470570797252,1.5,89.69205856195877,4.982892142331043,0.01993156856932417
./models/01_CTSM/components/cdeps/fox/wxml/test/test_xml_AddParameterEntity_7.f90,test,PROGRAM,1,0,False,1,5,69.18863237274594,1.4444444444444444,99.93913564952192,5.5521742027512175,0.02306287745758198
./models/01_CTSM/components/cdeps/fox/wxml/test/test_xml_AddPseudoAttribute_0.f90,test,PROGRAM,1,0,False,1,1,4.754887502163468,0.5,2.377443751081734,0.13208020839342968,0.001584962500721156
./models/01_CTSM/components/cdeps/fox/wxml/test/test_xml_AddPseudoAttribute_1.f90,test,PROGRAM,1,0,False,1,5,48.0,0.7857142857142857,37.714285714285715,2.0952380952380953,0.016
./models/01_CTSM/components/cdeps/fox/wxml/test/test_xml_AddPseudoAttribute_2.f90,test,PROGRAM,1,0,False,1,3,25.84962500721156,0.7,18.09473750504809,1.005263194724894,0.00861654166907052
./models/01_CTSM/components/cdeps/fox/wxml/test/test_xml_AddPseudoAttribute_3.f90,test,PROGRAM,1,0,False,1,5,44.91767875292167,0.9166666666666666,41.17453885684486,2.2874743809358256,0.014972559584307222
./models/01_CTSM/components/cdeps/fox/wxml/test/test_xml_AddPseudoAttribute_4.f90,test,PROGRAM,1,0,False,1,4,36.49561398674886,0.75,27.371710490061645,1.5206505827812025,0.012165204662249619
./models/01_CTSM/components/cdeps/fox/wxml/test/test_xml_AddPseudoAttribute_5.f90,test,PROGRAM,1,0,False,1,4,36.49561398674886,0.75,27.371710490061645,1.5206505827812025,0.012165204662249619
./models/01_CTSM/components/cdeps/fox/wxml/test/test_xml_AddPseudoAttribute_overload_1.f90,test,PROGRAM,1,0,False,1,5,77.70923408096293,1.3636363636363635,105.96713738313126,5.887063187951736,0.025903078026987644
./models/01_CTSM/components/cdeps/fox/wxml/test/test_xml_AddPseudoAttribute_overload_10.f90,test,PROGRAM,1,0,False,1,5,66.43856189774725,1.625,107.96266308383927,5.997925726879959,0.02214618729924908
./models/01_CTSM/components/cdeps/fox/wxml/test/test_xml_AddPseudoAttribute_overload_11.f90,test,PROGRAM,1,0,False,1,5,118.94197037642039,1.2352941176470589,146.92831634734284,8.162684241519047,0.039647323458806796
./models/01_CTSM/components/cdeps/fox/wxml/test/test_xml_AddPseudoAttribute_overload_12.f90,test,PROGRAM,1,0,False,1,5,69.18863237274594,1.4444444444444444,99.93913564952192,5.5521742027512175,0.02306287745758198
./models/01_CTSM/components/cdeps/fox/wxml/test/test_xml_AddPseudoAttribute_overload_13.f90,test,PROGRAM,1,0,False,1,5,57.05865002596162,1.5714285714285714,89.66359289793968,4.981310716552205,0.019019550008653872
./models/01_CTSM/components/cdeps/fox/wxml/test/test_xml_AddPseudoAttribute_overload_14.f90,test,PROGRAM,1,0,False,1,5,172.0,3.4615384615384612,595.3846153846154,33.07692307692307,0.05733333333333333
./models/01_CTSM/components/cdeps/fox/wxml/test/test_xml_AddPseudoAttribute_overload_15.f90,test,PROGRAM,1,0,False,1,5,133.25742227201616,3.0,399.7722668160485,22.209570378669362,0.04441914075733872
./models/01_CTSM/components/cdeps/fox/wxml/test/test_xml_AddPseudoAttribute_overload_16.f90,test,PROGRAM,1,0,False,1,5,114.71363126237385,2.0,229.4272625247477,12.745959029152651,0.038237877087457954
./models/01_CTSM/components/cdeps/fox/wxml/test/test_xml_AddPseudoAttribute_overload_17.f90,test,PROGRAM,1,0,False,1,5,96.79398751947122,1.8,174.2291775350482,9.679398751947122,0.032264662506490405
./models/01_CTSM/components/cdeps/fox/wxml/test/test_xml_AddPseudoAttribute_overload_18.f90,test,PROGRAM,1,0,False,1,5,96.79398751947122,1.8,174.2291775350482,9.679398751947122,0.032264662506490405
./models/01_CTSM/components/cdeps/fox/wxml/test/test_xml_AddPseudoAttribute_overload_19.f90,test,PROGRAM,1,0,False,1,5,99.91187238980949,1.6363636363636365,163.49215481968827,9.082897489982681,0.03330395746326983
./models/01_CTSM/components/cdeps/fox/wxml/test/test_xml_AddPseudoAttribute_overload_2.f90,test,PROGRAM,1,0,False,1,5,65.72920075410865,1.4444444444444444,94.94217886704583,5.274565492613657,0.02190973358470288
./models/01_CTSM/components/cdeps/fox/wxml/test/test_xml_AddPseudoAttribute_overload_20.f90,test,PROGRAM,1,0,False,1,5,79.56692722865783,1.5555555555555556,123.7707756890233,6.876154204945738,0.02652230907621928
./models/01_CTSM/components/cdeps/fox/wxml/test/test_xml_AddPseudoAttribute_overload_3.f90,test,PROGRAM,1,0,False,1,5,59.79470570797252,0.7222222222222222,43.18506523353571,2.399170290751984,0.01993156856932417
./models/01_CTSM/components/cdeps/fox/wxml/test/test_xml_AddPseudoAttribute_overload_4.f90,test,PROGRAM,1,0,False,1,5,53.8887250245193,0.75,40.416543768389474,2.2453635426883043,0.017962908341506434
./models/01_CTSM/components/cdeps/fox/wxml/test/test_xml_AddPseudoAttribute_overload_5.f90,test,PROGRAM,1,0,False,1,5,53.8887250245193,0.75,40.416543768389474,2.2453635426883043,0.017962908341506434
./models/01_CTSM/components/cdeps/fox/wxml/test/test_xml_AddPseudoAttribute_overload_6.f90,test,PROGRAM,1,0,False,1,5,53.8887250245193,0.75,40.416543768389474,2.2453635426883043,0.017962908341506434
./models/01_CTSM/components/cdeps/fox/wxml/test/test_xml_AddPseudoAttribute_overload_7.f90,test,PROGRAM,1,0,False,1,5,106.60593781761291,2.590909090909091,276.2062934365425,15.344794079807919,0.03553531260587097
./models/01_CTSM/components/cdeps/fox/wxml/test/test_xml_AddPseudoAttribute_overload_8.f90,test,PROGRAM,1,0,False,1,5,86.03910001730775,2.5,215.09775004326937,11.949875002403854,0.02867970000576925
./models/01_CTSM/components/cdeps/fox/wxml/test/test_xml_AddPseudoAttribute_overload_9.f90,test,PROGRAM,1,0,False,1,5,76.10749561002054,1.6666666666666667,126.8458260167009,7.046990334261161,0.025369165203340177
./models/01_CTSM/components/cdeps/fox/wxml/test/test_xml_AddXMLDeclaration_0.f90,test,PROGRAM,1,0,False,1,2,12.0,0.6666666666666666,8.0,0.4444444444444444,0.004
./models/01_CTSM/components/cdeps/fox/wxml/test/test_xml_AddXMLDeclaration_1.f90,test,PROGRAM,1,0,False,1,4,53.150849518197795,1.375,73.08241808752197,4.060134338195665,0.017716949839399265
./models/01_CTSM/components/cdeps/fox/wxml/test/test_xml_AddXMLDeclaration_2.f90,test,PROGRAM,1,0,False,1,4,62.26976913547135,1.3333333333333333,83.02635884729513,4.612575491516396,0.020756589711823783
./models/01_CTSM/components/cdeps/fox/wxml/test/test_xml_AddXMLDeclaration_3.f90,test,PROGRAM,1,0,False,1,4,68.11428751370197,1.3,88.54857376781256,4.91936520932292,0.022704762504567322
./models/01_CTSM/components/cdeps/fox/wxml/test/test_xml_AddXMLDeclaration_4.f90,test,PROGRAM,1,0,False,1,4,77.70923408096293,1.2727272727272727,98.90266155758918,5.494592308754955,0.025903078026987644
./models/01_CTSM/components/cdeps/fox/wxml/test/test_xml_AddXMLDeclaration_5.f90,test,PROGRAM,1,0,False,1,4,62.26976913547135,1.3333333333333333,83.02635884729513,4.612575491516396,0.020756589711823783
./models/01_CTSM/components/cdeps/fox/wxml/test/test_xml_AddXMLPI_0.f90,test,PROGRAM,1,0,False,1,1,4.754887502163468,0.5,2.377443751081734,0.13208020839342968,0.001584962500721156
./models/01_CTSM/components/cdeps/fox/wxml/test/test_xml_AddXMLPI_1.f90,test,PROGRAM,1,0,False,1,4,36.49561398674886,0.75,27.371710490061645,1.5206505827812025,0.012165204662249619
./models/01_CTSM/components/cdeps/fox/wxml/test/test_xml_AddXMLPI_2.f90,test,PROGRAM,1,0,False,1,5,48.0,0.7857142857142857,37.714285714285715,2.0952380952380953,0.016
./models/01_CTSM/components/cdeps/fox/wxml/test/test_xml_AddXMLPI_3.f90,test,PROGRAM,1,0,False,1,4,47.548875021634686,1.4285714285714286,67.92696431662098,3.7737202398122767,0.01584962500721156
./models/01_CTSM/components/cdeps/fox/wxml/test/test_xml_AddXMLPI_4.f90,test,PROGRAM,1,0,False,1,3,36.0,1.3333333333333333,48.0,2.6666666666666665,0.012
./models/01_CTSM/components/cdeps/fox/wxml/test/test_xml_AddXMLPI_5.f90,test,PROGRAM,1,0,False,1,3,25.84962500721156,0.7,18.09473750504809,1.005263194724894,0.00861654166907052
./models/01_CTSM/components/cdeps/fox/wxml/test/test_xml_AddXMLStylesheet_0.f90,test,PROGRAM,1,0,False,1,1,4.754887502163468,0.5,2.377443751081734,0.13208020839342968,0.001584962500721156
./models/01_CTSM/components/cdeps/fox/wxml/test/test_xml_AddXMLStylesheet_1.f90,test,PROGRAM,1,0,False,1,4,36.49561398674886,0.75,27.371710490061645,1.5206505827812025,0.012165204662249619
./models/01_CTSM/components/cdeps/fox/wxml/test/test_xml_AddXMLStylesheet_2.f90,test,PROGRAM,1,0,False,1,4,47.548875021634686,1.4285714285714286,67.92696431662098,3.7737202398122767,0.01584962500721156
./models/01_CTSM/components/cdeps/fox/wxml/test/test_xml_AddXMLStylesheet_3.f90,test,PROGRAM,1,0,False,1,4,47.548875021634686,1.4285714285714286,67.92696431662098,3.7737202398122767,0.01584962500721156
./models/01_CTSM/components/cdeps/fox/wxml/test/test_xml_AddXMLStylesheet_4.f90,test,PROGRAM,1,0,False,1,4,47.548875021634686,1.4285714285714286,67.92696431662098,3.7737202398122767,0.01584962500721156
./models/01_CTSM/components/cdeps/fox/wxml/test/test_xml_AddXMLStylesheet_5.f90,test,PROGRAM,1,0,False,1,4,53.150849518197795,1.375,73.08241808752197,4.060134338195665,0.017716949839399265
./models/01_CTSM/components/cdeps/fox/wxml/test/test_xml_Close_1.f90,test,PROGRAM,1,0,False,1,2,16.253496664211536,0.625,10.15843541513221,0.5643575230629005,0.005417832221403845
./models/01_CTSM/components/cdeps/fox/wxml/test/test_xml_Close_2.f90,test,PROGRAM,1,0,False,1,4,33.60451250937503,0.9,30.244061258437526,1.6802256254687515,0.011201504169791677
./models/01_CTSM/components/cdeps/fox/wxml/test/test_xml_Close_3.f90,test,PROGRAM,1,0,False,1,1,4.754887502163468,0.5,2.377443751081734,0.13208020839342968,0.001584962500721156
./models/01_CTSM/components/cdeps/fox/wxml/test/test_xml_Close_4.f90,test,PROGRAM,1,0,False,1,3,25.84962500721156,0.7,18.09473750504809,1.005263194724894,0.00861654166907052
./models/01_CTSM/components/cdeps/fox/wxml/test/test_xml_Close_5.f90,test,PROGRAM,1,0,False,1,5,41.3594000115385,1.1,45.49534001269235,2.5275188895940195,0.013786466670512832
./models/01_CTSM/components/cdeps/fox/wxml/test/test_xml_EndElement_0.f90,test,PROGRAM,1,0,False,1,1,4.754887502163468,0.5,2.377443751081734,0.13208020839342968,0.001584962500721156
./models/01_CTSM/components/cdeps/fox/wxml/test/test_xml_EndElement_1.f90,test,PROGRAM,1,0,False,1,3,25.84962500721156,0.7,18.09473750504809,1.005263194724894,0.00861654166907052
./models/01_CTSM/components/cdeps/fox/wxml/test/test_xml_EndElement_2.f90,test,PROGRAM,1,0,False,1,4,36.49561398674886,0.75,27.371710490061645,1.5206505827812025,0.012165204662249619
./models/01_CTSM/components/cdeps/fox/wxml/test/test_xml_EndElement_3.f90,test,PROGRAM,1,0,False,1,4,36.49561398674886,0.75,27.371710490061645,1.5206505827812025,0.012165204662249619
./models/01_CTSM/components/cdeps/fox/wxml/test/test_xml_EndElement_4.f90,test,PROGRAM,1,0,False,1,5,48.0,0.7857142857142857,37.714285714285715,2.0952380952380953,0.016
./models/01_CTSM/components/cdeps/fox/wxml/test/test_xml_EndElement_5.f90,test,PROGRAM,1,0,False,1,5,48.0,0.7857142857142857,37.714285714285715,2.0952380952380953,0.016
./models/01_CTSM/components/cdeps/fox/wxml/test/test_xml_Namespaces_0.f90,test,PROGRAM,1,0,False,1,1,4.754887502163468,0.5,2.377443751081734,0.13208020839342968,0.001584962500721156
./models/01_CTSM/components/cdeps/fox/wxml/test/test_xml_Namespaces_1.f90,test,PROGRAM,1,0,False,1,4,36.49561398674886,0.75,27.371710490061645,1.5206505827812025,0.012165204662249619
./models/01_CTSM/components/cdeps/fox/wxml/test/test_xml_Namespaces_10.f90,test,PROGRAM,1,0,False,1,8,70.1838730514401,1.4166666666666667,99.42715348954015,5.523730749418897,0.023394624350480033
./models/01_CTSM/components/cdeps/fox/wxml/test/test_xml_Namespaces_11.f90,test,PROGRAM,1,0,False,1,10,133.21582985307933,2.1818181818181817,290.6527196794458,16.147373315524767,0.04440527661769311
./models/01_CTSM/components/cdeps/fox/wxml/test/test_xml_Namespaces_12.f90,test,PROGRAM,1,0,False,1,9,84.0,1.3571428571428572,114.0,6.333333333333333,0.028
./models/01_CTSM/components/cdeps/fox/wxml/test/test_xml_Namespaces_13.f90,test,PROGRAM,1,0,False,1,24,204.9369093102051,4.083333333333333,836.8257130166708,46.49031738981504,0.0683123031034017
./models/01_CTSM/components/cdeps/fox/wxml/test/test_xml_Namespaces_2.f90,test,PROGRAM,1,0,False,1,4,36.49561398674886,0.75,27.371710490061645,1.5206505827812025,0.012165204662249619
./models/01_CTSM/components/cdeps/fox/wxml/test/test_xml_Namespaces_3.f90,test,PROGRAM,1,0,False,1,6,57.0,0.9285714285714286,52.92857142857143,2.9404761904761907,0.019
./models/01_CTSM/components/cdeps/fox/wxml/test/test_xml_Namespaces_4.f90,test,PROGRAM,1,0,False,1,9,88.75790004038474,1.1875,105.40000629795688,5.855555905442049,0.029585966680128247
./models/01_CTSM/components/cdeps/fox/wxml/test/test_xml_Namespaces_5.f90,test,PROGRAM,1,0,False,1,8,75.0,1.2142857142857142,91.07142857142857,5.059523809523809,0.025
./models/01_CTSM/components/cdeps/fox/wxml/test/test_xml_Namespaces_6.f90,test,PROGRAM,1,0,False,1,6,53.339743519094476,1.0833333333333333,57.78472214568568,3.210262341426982,0.017779914506364826
./models/01_CTSM/components/cdeps/fox/wxml/test/test_xml_Namespaces_7.f90,test,PROGRAM,1,0,False,1,8,70.1838730514401,1.4166666666666667,99.42715348954015,5.523730749418897,0.023394624350480033
./models/01_CTSM/components/cdeps/fox/wxml/test/test_xml_Namespaces_8.f90,test,PROGRAM,1,0,False,1,9,78.60593781761291,1.5833333333333333,124.45940154455377,6.914411196919654,0.02620197927253764
./models/01_CTSM/components/cdeps/fox/wxml/test/test_xml_Namespaces_9.f90,test,PROGRAM,1,0,False,1,8,70.1838730514401,1.4166666666666667,99.42715348954015,5.523730749418897,0.023394624350480033
./models/01_CTSM/components/cdeps/fox/wxml/test/test_xml_NewElement_0.f90,test,PROGRAM,1,0,False,1,1,4.754887502163468,0.5,2.377443751081734,0.13208020839342968,0.001584962500721156
./models/01_CTSM/components/cdeps/fox/wxml/test/test_xml_NewElement_1.f90,test,PROGRAM,1,0,False,1,3,25.84962500721156,0.7,18.09473750504809,1.005263194724894,0.00861654166907052
./models/01_CTSM/components/cdeps/fox/wxml/test/test_xml_NewElement_2.f90,test,PROGRAM,1,0,False,1,3,25.84962500721156,0.7,18.09473750504809,1.005263194724894,0.00861654166907052
./models/01_CTSM/components/cdeps/fox/wxml/test/test_xml_NewElement_3.f90,test,PROGRAM,1,0,False,1,5,44.91767875292167,0.9166666666666666,41.17453885684486,2.2874743809358256,0.014972559584307222
./models/01_CTSM/components/cdeps/fox/wxml/test/test_xml_NewElement_4.f90,test,PROGRAM,1,0,False,1,3,25.84962500721156,0.7,18.09473750504809,1.005263194724894,0.00861654166907052
./models/01_CTSM/components/cdeps/fox/wxml/test/test_xml_NewElement_5.f90,test,PROGRAM,1,0,False,1,4,53.150849518197795,1.375,73.08241808752197,4.060134338195665,0.017716949839399265
./models/01_CTSM/components/cdeps/fox/wxml/test/test_xml_NewElement_6.f90,test,PROGRAM,1,0,False,1,4,39.0,0.6428571428571429,25.071428571428573,1.392857142857143,0.013
./models/01_CTSM/components/cdeps/fox/wxml/test/test_xml_NewElement_7.f90,test,PROGRAM,1,0,False,1,6,60.228575027403934,0.8125,48.9357172097657,2.7186509560980943,0.02007619167580131
./models/01_CTSM/components/cdeps/fox/wxml/test/test_xml_Openfile_1.f90,test_xml_Openfile,PROGRAM,1,0,False,1,2,30.0,1.1666666666666667,35.0,1.9444444444444444,0.01
./models/01_CTSM/components/cdeps/fox/wxml/test/test_xml_Openfile_2.f90,test_xml_Openfile,PROGRAM,1,0,False,1,1,19.651484454403228,1.0,19.651484454403228,1.0917491363557348,0.00655049481813441
./models/01_CTSM/components/cdeps/fox/wxml/test/test_xml_Openfile_3.f90,test_xml_Openfile,PROGRAM,1,0,False,1,1,19.651484454403228,1.0,19.651484454403228,1.0917491363557348,0.00655049481813441
./models/01_CTSM/components/cdeps/fox/wxml/test/test_xml_Openfile_4.f90,test_xml_Openfile,PROGRAM,1,0,False,1,2,16.0,1.0,16.0,0.8888888888888888,0.005333333333333333
./models/01_CTSM/components/cdeps/share/glc_elevclass_mod.F90,glc_mean_elevation_virtual,FUNCTION,399,0,False,11,44,1027.5989375603629,25.806451612903224,26518.682259622266,1473.2601255345703,0.3425329791867876
./models/01_CTSM/components/cdeps/share/glc_elevclass_mod.F90,glc_elevclass_init_default,SUBROUTINE,68,0,False,10,25,1244.5096393347253,13.708955223880597,17060.92692132754,947.8292734070856,0.4148365464449084
./models/01_CTSM/components/cdeps/share/glc_elevclass_mod.F90,glc_get_fractional_icecov,SUBROUTINE,498,3,False,9,42,1003.2773903928321,24.12162162162162,24200.677592583856,1344.4820884768808,0.3344257967976107
./models/01_CTSM/components/cdeps/share/glc_elevclass_mod.F90,glc_get_elevation_class,SUBROUTINE,288,1,False,6,27,594.6882725126073,19.326923076923077,11493.49449759943,638.5274720888572,0.1982294241708691
./models/01_CTSM/components/cdeps/share/glc_elevclass_mod.F90,glc_errcode_to_string,FUNCTION,466,0,False,6,17,221.65453584679364,4.166666666666667,923.5605660283069,51.308920334905935,0.07388484528226455
./models/01_CTSM/components/cdeps/share/glc_elevclass_mod.F90,glc_get_elevation_classes_without_bareland,SUBROUTINE,178,1,False,5,24,517.9694174485004,11.724137931034482,6072.744894223797,337.3747163457665,0.17265647248283347
./models/01_CTSM/components/cdeps/share/glc_elevclass_mod.F90,glc_get_elevation_classes_with_bareland,SUBROUTINE,224,1,False,5,31,881.5094455260877,20.6,18159.094577837408,1008.8385876576338,0.2938364818420292
./models/01_CTSM/components/cdeps/share/glc_elevclass_mod.F90,glc_elevclass_clean,SUBROUTINE,144,0,False,2,7,92.0,3.1818181818181817,292.7272727272727,16.26262626262626,0.030666666666666665
./models/01_CTSM/components/cdeps/share/glc_elevclass_mod.F90,glc_elevclass_init_override,SUBROUTINE,117,0,False,1,9,206.81934759820803,4.949999999999999,1023.7557706111296,56.8753205895072,0.06893978253273601
./models/01_CTSM/components/cdeps/share/glc_elevclass_mod.F90,glc_get_num_elevation_classes,FUNCTION,160,0,False,1,5,70.30835464468075,2.0999999999999996,147.64754475382955,8.202641375212753,0.02343611821489358
./models/01_CTSM/components/cdeps/share/glc_elevclass_mod.F90,glc_get_elevclass_bounds,FUNCTION,345,0,False,1,5,98.09910819000814,1.9285714285714288,189.19113722358716,10.510618734643732,0.032699702730002715
./models/01_CTSM/components/cdeps/share/glc_elevclass_mod.F90,glc_elevclass_as_string,FUNCTION,368,0,False,1,8,164.2332676057198,3.75,615.8747535214492,34.215264084524954,0.05474442253523993
./models/01_CTSM/components/cdeps/share/nuopc_shr_methods.F90,alarmInit,SUBROUTINE,490,1,False,56,155,6425.970155403003,63.214285714285715,406213.11339511845,22567.39518861769,2.141990051801001
./models/01_CTSM/components/cdeps/share/nuopc_shr_methods.F90,field_getfldptr,SUBROUTINE,385,0,False,22,74,2347.1733722077433,26.833333333333336,62982.48548757445,3499.0269715319137,0.7823911240692478
./models/01_CTSM/components/cdeps/share/nuopc_shr_methods.F90,state_diagnose,SUBROUTINE,315,1,False,11,48,1680.3415651816501,23.30188679245283,39155.12892451581,2175.284940250878,0.56011385506055
./models/01_CTSM/components/cdeps/share/nuopc_shr_methods.F90,set_component_logging,SUBROUTINE,131,0,False,9,41,1328.4851636140866,20.71875,27524.551983629357,1529.1417768682977,0.4428283878713622
./models/01_CTSM/components/cdeps/share/nuopc_shr_methods.F90,state_getscalar,SUBROUTINE,215,0,False,9,34,1182.0,15.923076923076923,18821.076923076922,1045.6153846153845,0.394
./models/01_CTSM/components/cdeps/share/nuopc_shr_methods.F90,state_setscalar,SUBROUTINE,267,0,False,7,30,905.9473678409862,15.0,13589.210517614792,754.9561398674884,0.3019824559469954
./models/01_CTSM/components/cdeps/share/nuopc_shr_methods.F90,get_minimum_timestep,FUNCTION,750,1,False,7,30,790.4530227297214,16.153846153846153,12768.856521018575,709.3809178343653,0.26348434090990713
./models/01_CTSM/components/cdeps/share/nuopc_shr_methods.F90,shr_get_rpointer_name,SUBROUTINE,791,0,False,6,35,1202.122468865924,20.406976744186046,24531.685265810425,1362.8714036561348,0.40070748962197467
./models/01_CTSM/components/cdeps/share/nuopc_shr_methods.F90,get_component_instance,SUBROUTINE,100,0,False,4,20,447.6967300300298,10.98,4915.710095729727,273.09500531831816,0.14923224334334326
./models/01_CTSM/components/cdeps/share/nuopc_shr_methods.F90,timeInit,SUBROUTINE,712,0,False,4,21,710.2621363658367,14.4625,10272.166147190914,570.6758970661618,0.2367540454552789
./models/01_CTSM/components/cdeps/share/nuopc_shr_methods.F90,log_clock_advance,SUBROUTINE,187,0,False,3,15,440.92347162443184,9.333333333333332,4115.285735161363,228.62698528674238,0.1469744905414773
./models/01_CTSM/components/cdeps/share/nuopc_shr_methods.F90,memcheck,SUBROUTINE,77,0,False,2,10,230.3215461889135,9.26470588235294,2133.8613838090514,118.5478546560584,0.07677384872963783
./models/01_CTSM/components/cdeps/share/nuopc_shr_methods.F90,chkerr,FUNCTION,832,0,False,2,11,235.22522171496468,5.277777777777778,1241.4664479400913,68.97035821889396,0.07840840723832156
./models/01_CTSM/components/cdeps/share/shr_abort_mod.F90,shr_abort_abort,SUBROUTINE,33,0,False,3,21,544.3964285428116,9.548387096774194,5198.107833828137,288.7837685460076,0.1814654761809372
./models/01_CTSM/components/cdeps/share/shr_abort_mod.F90,shr_abort_backtrace,SUBROUTINE,73,0,False,1,11,118.53642239625984,3.230769230769231,382.96382620330104,21.275768122405612,0.03951214079875328
./models/01_CTSM/components/cdeps/share/shr_cal_mod.F90,shr_cal_calendarName,FUNCTION,166,0,False,11,39,708.4856577255372,16.48148148148148,11676.893247698668,648.7162915388149,0.2361618859085124
./models/01_CTSM/components/cdeps/share/shr_cal_mod.F90,shr_cal_advDate_int,SUBROUTINE,743,0,False,10,58,2183.2878870994064,21.85135135135135,47707.79072215865,2650.432817897703,0.7277626290331355
./models/01_CTSM/components/cdeps/share/shr_cal_mod.F90,shr_cal_advDate_long,SUBROUTINE,830,0,False,10,58,2177.71490159687,22.150684931506852,48237.87665591971,2679.882036439984,0.7259049671989566
./models/01_CTSM/components/cdeps/share/shr_cal_mod.F90,shr_cal_advDateInt_int,SUBROUTINE,930,0,False,10,44,1666.581469385769,18.610169491525426,31015.363616704653,1723.075756483592,0.555527156461923
./models/01_CTSM/components/cdeps/share/shr_cal_mod.F90,shr_cal_advDateInt_long,SUBROUTINE,996,0,False,10,44,1672.0496753908667,18.299999999999997,30598.509059652857,1699.9171699807143,0.5573498917969556
./models/01_CTSM/components/cdeps/share/shr_cal_mod.F90,shr_cal_ymdtod2string,SUBROUTINE,1315,0,False,8,43,1037.2920075410864,23.693548387096772,24577.12837222348,1365.3960206790823,0.34576400251369543
./models/01_CTSM/components/cdeps/share/shr_cal_mod.F90,shr_cal_validYMD,FUNCTION,1138,0,False,7,12,377.83057586185595,8.065217391304348,3047.2857314075773,169.2936517448654,0.1259435252872853
./models/01_CTSM/components/cdeps/share/shr_cal_mod.F90,shr_cal_validHMS,FUNCTION,1179,0,False,7,12,349.77463164918515,6.260869565217391,2189.8933459775067,121.66074144319481,0.11659154388306171
./models/01_CTSM/components/cdeps/share/shr_cal_mod.F90,shr_cal_numDaysInMonth,FUNCTION,323,0,False,6,29,1198.008942187703,16.53061224489796,19803.821289225296,1100.2122938458497,0.3993363140625677
./models/01_CTSM/components/cdeps/share/shr_cal_mod.F90,shr_cal_timeSet_int,SUBROUTINE,232,0,False,4,24,754.9561398674884,8.904255319148936,6722.322224139232,373.4623457855129,0.25165204662249613
./models/01_CTSM/components/cdeps/share/shr_cal_mod.F90,shr_cal_timeSet_long,SUBROUTINE,271,0,False,4,25,793.2730419264049,9.1875,7288.196072698845,404.89978181660246,0.2644243473088016
./models/01_CTSM/components/cdeps/share/shr_cal_mod.F90,shr_cal_numDaysInYear,FUNCTION,381,0,False,4,24,915.7637322238644,11.595744680851062,10618.962426851193,589.9423570472885,0.3052545774079548
./models/01_CTSM/components/cdeps/share/shr_cal_mod.F90,shr_cal_date2ymd_int,SUBROUTINE,474,0,False,4,14,482.80933123680984,10.39655172413793,5019.552185099937,278.86401028332983,0.16093644374560329
./models/01_CTSM/components/cdeps/share/shr_cal_mod.F90,shr_cal_date2ymd_long,SUBROUTINE,504,0,False,4,14,491.54240635418915,10.2,5013.732544812729,278.5406969340405,0.16384746878472972
./models/01_CTSM/components/cdeps/share/shr_cal_mod.F90,shr_cal_ymd2julian,SUBROUTINE,622,0,False,4,17,647.0780907334513,17.599999999999998,11388.574396908742,632.6985776060412,0.21569269691115042
./models/01_CTSM/components/cdeps/share/shr_cal_mod.F90,shr_cal_ymd2date_int,SUBROUTINE,671,0,False,4,10,389.82550928781745,9.173076923076923,3575.899383274787,198.66107684859927,0.12994183642927248
./models/01_CTSM/components/cdeps/share/shr_cal_mod.F90,shr_cal_ymd2date_long,SUBROUTINE,699,0,False,4,10,384.6962262708725,9.0,3462.2660364378526,192.34811313543625,0.12823207542362416
./models/01_CTSM/components/cdeps/share/shr_cal_mod.F90,shr_cal_leapyear,FUNCTION,1415,0,False,4,13,207.45254855459342,6.0,1244.7152913275604,69.1508495181978,0.0691508495181978
./models/01_CTSM/components/cdeps/share/shr_cal_mod.F90,shr_cal_date2julian_int,SUBROUTINE,547,0,False,3,13,454.9534001269235,8.206896551724137,3733.75549069682,207.43086059426776,0.15165113337564118
./models/01_CTSM/components/cdeps/share/shr_cal_mod.F90,shr_cal_date2julian_long,SUBROUTINE,578,0,False,3,13,458.4318961753476,7.933333333333334,3636.893042991091,202.04961349950506,0.15281063205844922
./models/01_CTSM/components/cdeps/share/shr_cal_mod.F90,shr_cal_ymds2rday_offset,SUBROUTINE,1375,0,False,3,14,623.6774618257454,6.617647058823529,4127.277320905668,229.29318449475932,0.20789248727524845
./models/01_CTSM/components/cdeps/share/shr_cal_mod.F90,shr_cal_elapsDaysStrtMonth,FUNCTION,435,1,False,2,11,258.52418449776,6.0,1551.1451069865602,86.17472816592002,0.08617472816592
./models/01_CTSM/components/cdeps/share/shr_cal_mod.F90,shr_cal_setDebug,SUBROUTINE,1221,0,False,2,9,201.73835003173087,5.0,1008.6917501586544,56.03843056436969,0.06724611667724363
./models/01_CTSM/components/cdeps/share/shr_cal_mod.F90,shr_cal_validDate_int,FUNCTION,1075,0,False,1,9,236.83666567851094,3.9047619047619047,924.7907897922807,51.37726609957115,0.07894555522617032
./models/01_CTSM/components/cdeps/share/shr_cal_mod.F90,shr_cal_validDate_long,FUNCTION,1100,0,False,1,9,239.72242562519568,3.727272727272727,893.5108591484566,49.63949217491425,0.07990747520839857
./models/01_CTSM/components/cdeps/share/shr_cal_mod.F90,shr_cal_getDebug,SUBROUTINE,1260,0,False,1,7,118.53642239625984,2.25,266.70695039158466,14.817052799532481,0.03951214079875328
./models/01_CTSM/components/cdeps/share/shr_cal_mod.F90,shr_cal_datetod2string_int,SUBROUTINE,1283,0,False,1,8,226.17809780285066,4.421052631578948,999.9452744968136,55.552515249822974,0.07539269926761688
./models/01_CTSM/components/cdeps/share/shr_cal_mod.F90,shr_cal_datetod2string_long,SUBROUTINE,1299,0,False,1,8,229.24812503605781,4.2,962.8421251514428,53.49122917508016,0.07641604167868594
./models/01_CTSM/components/cdeps/share/shr_const_mod.F90,shr_const_isspval,FUNCTION,89,0,False,2,8,147.1612434150308,6.0,882.9674604901849,49.05374780501027,0.04905374780501027
./models/01_CTSM/components/cdeps/share/shr_file_mod.F90,shr_file_put,SUBROUTINE,108,0,False,19,60,2175.895471015463,31.5,68540.70733698709,3807.817074277061,0.7252984903384877
./models/01_CTSM/components/cdeps/share/shr_file_mod.F90,shr_file_chStdIn,SUBROUTINE,611,0,False,15,38,1208.4932202459115,20.1,24290.713726942824,1349.484095941268,0.40283107341530383
./models/01_CTSM/components/cdeps/share/shr_file_mod.F90,shr_file_get,SUBROUTINE,217,0,False,14,55,1801.8890010101004,27.169811320754718,48956.98417838763,2719.8324543548683,0.6006296670033668
./models/01_CTSM/components/cdeps/share/shr_file_mod.F90,shr_file_queryPrefix,FUNCTION,317,0,False,10,21,490.0,8.26,4047.4,224.85555555555555,0.16333333333333333
./models/01_CTSM/components/cdeps/share/shr_file_mod.F90,shr_file_stdioReadNL,SUBROUTINE,736,0,False,10,52,1661.8773556613426,30.833333333333332,51241.218466224724,2846.734359234707,0.5539591185537809
./models/01_CTSM/components/cdeps/share/shr_file_mod.F90,shr_file_getUnit,FUNCTION,365,1,False,7,36,875.8947356819725,25.258064516129032,22123.40574319305,1229.0780968440583,0.2919649118939908
./models/01_CTSM/components/cdeps/share/shr_file_mod.F90,shr_file_freeUnit,SUBROUTINE,433,0,False,6,16,446.07383864270474,14.0,6245.0337409978665,346.9463189443259,0.14869127954756825
./models/01_CTSM/components/cdeps/share/shr_file_mod.F90,shr_file_setIO,SUBROUTINE,824,0,False,6,38,1072.0105221083456,23.634146341463413,25336.05355909724,1407.5585310609576,0.3573368407027819
./models/01_CTSM/components/cdeps/share/shr_file_mod.F90,shr_file_chdir,SUBROUTINE,528,0,False,5,19,551.8278564756627,11.451612903225808,6319.319001576137,351.07327786534097,0.1839426188252209
./models/01_CTSM/components/cdeps/share/shr_file_mod.F90,shr_file_chStdOut,SUBROUTINE,683,0,False,5,21,638.7777179429283,13.200000000000001,8431.865876846656,468.4369931581475,0.2129259059809761
./models/01_CTSM/components/cdeps/share/shr_file_mod.F90,shr_file_setLogUnit,SUBROUTINE,891,0,False,3,13,351.5549000980772,9.68,3403.051432949387,189.0584129416326,0.11718496669935907
./models/01_CTSM/components/cdeps/share/shr_file_mod.F90,shr_file_get_real_path,SUBROUTINE,1010,1,False,3,23,609.331868774,11.59090909090909,7062.710297153181,392.37279428628784,0.20311062292466667
./models/01_CTSM/components/cdeps/share/shr_file_mod.F90,shr_file_setLogLevel,SUBROUTINE,926,0,False,2,8,242.8990497563786,8.68421052631579,2109.386484726446,117.1881380403581,0.08096634991879287
./models/01_CTSM/components/cdeps/share/shr_file_mod.F90,shr_file_stdio,SUBROUTINE,494,0,False,1,9,161.42124551085624,3.466666666666667,559.5936511043017,31.088536172461204,0.05380708183695208
./models/01_CTSM/components/cdeps/share/shr_file_mod.F90,shr_file_dirio,SUBROUTINE,576,0,False,1,7,114.4489595550095,3.076923076923077,352.1506447846446,19.563924710258036,0.038149653185003164
./models/01_CTSM/components/cdeps/share/shr_file_mod.F90,shr_file_getLogUnit,SUBROUTINE,958,0,False,1,7,135.93368043019473,2.15625,293.1069984276074,16.283722134867077,0.04531122681006491
./models/01_CTSM/components/cdeps/share/shr_file_mod.F90,shr_file_getLogLevel,SUBROUTINE,987,0,False,1,7,135.93368043019473,2.15625,293.1069984276074,16.283722134867077,0.04531122681006491
./models/01_CTSM/components/cdeps/share/shr_is_restart_fh_mod.F90,init_is_restart_fh,SUBROUTINE,26,1,False,11,43,1645.2867752742238,16.84090909090909,27708.125010868178,1539.3402783815654,0.548428925091408
./models/01_CTSM/components/cdeps/share/shr_is_restart_fh_mod.F90,is_restart_fh,SUBROUTINE,87,1,False,5,17,477.51129841378463,7.428571428571429,3547.226788216686,197.068154900927,0.15917043280459486
./models/01_CTSM/components/cdeps/share/shr_is_restart_fh_mod.F90,finalize_restart_fh,SUBROUTINE,120,0,False,2,4,64.5293250129808,1.6,103.2469200207693,5.73594000115385,0.021509775004326936
./models/01_CTSM/components/cdeps/share/shr_log_mod.F90,shr_log_error,SUBROUTINE,121,1,False,5,27,796.1809431842846,14.341463414634145,11418.399868106324,634.3555482281291,0.2653936477280949
./models/01_CTSM/components/cdeps/share/shr_log_mod.F90,shr_log_errMsg,FUNCTION,71,0,False,1,6,134.88627376126118,3.8461538461538463,518.7933606202354,28.821853367790855,0.04496209125375373
./models/01_CTSM/components/cdeps/share/shr_log_mod.F90,shr_log_OOBMsg,FUNCTION,86,0,False,1,7,235.22522171496468,4.2105263157894735,990.4219861682723,55.02344367601513,0.07840840723832156
./models/01_CTSM/components/cdeps/share/shr_log_mod.F90,shr_log_setLogUnit,SUBROUTINE,107,0,False,1,4,41.209025018750054,1.5714285714285714,64.75703931517866,3.597613295287703,0.013736341672916685
./models/01_CTSM/components/cdeps/share/shr_log_mod.F90,shr_log_getLogUnit,SUBROUTINE,114,0,False,1,4,41.209025018750054,1.5714285714285714,64.75703931517866,3.597613295287703,0.013736341672916685
./models/01_CTSM/components/cdeps/share/shr_nl_mod.F90,shr_nl_find_group_name,SUBROUTINE,18,1,False,5,29,655.1317942364757,16.774193548387096,10989.307516224753,610.5170842347085,0.2183772647454919
./models/01_CTSM/components/cdeps/share/shr_orb_mod.F90,shr_orb_params,SUBROUTINE,236,6,False,23,145,10667.645498790886,42.63070539419087,454769.25250862056,25264.958472701142,3.5558818329302952
./models/01_CTSM/components/cdeps/share/shr_orb_mod.F90,shr_orb_avg_cosz,FUNCTION,110,0,False,16,81,3000.0,53.35106382978723,160053.1914893617,8891.843971631206,1.0
./models/01_CTSM/components/cdeps/share/shr_orb_mod.F90,shr_orb_cosz,FUNCTION,51,0,False,6,26,776.4937088801415,19.6,15219.276694050775,845.5153718917097,0.2588312362933805
./models/01_CTSM/components/cdeps/share/shr_orb_mod.F90,shr_orb_print,SUBROUTINE,758,0,False,5,30,722.5705346523539,17.0,12283.699089090016,682.4277271716676,0.24085684488411796
./models/01_CTSM/components/cdeps/share/shr_orb_mod.F90,set_constant_zenith_angle_deg,SUBROUTINE,43,0,False,1,4,55.35090589819676,1.4444444444444444,79.95130851961754,4.441739362200974,0.018450301966065584
./models/01_CTSM/components/cdeps/share/shr_orb_mod.F90,shr_orb_decl,SUBROUTINE,677,0,False,1,24,1047.269097657505,13.61111111111111,14254.496051449372,791.9164473027429,0.3490896992191683
./models/01_CTSM/components/cdeps/share/shr_precip_mod.F90,shr_precip_partition_rain_snow_ramp,SUBROUTINE,17,0,False,1,8,216.22022703449022,3.272727272727273,707.6298339310589,39.3127685517255,0.07207340901149674
./models/01_CTSM/components/cdeps/share/shr_strconvert_mod.F90,r4ToString,FUNCTION,102,0,False,3,16,401.1279091534292,11.21153846153846,4497.260981470176,249.84783230389868,0.13370930305114306
./models/01_CTSM/components/cdeps/share/shr_strconvert_mod.F90,r8ToString,FUNCTION,127,0,False,3,16,401.1279091534292,11.21153846153846,4497.260981470176,249.84783230389868,0.13370930305114306
./models/01_CTSM/components/cdeps/share/shr_strconvert_mod.F90,i4ToString,FUNCTION,62,0,False,2,13,289.50654514090263,6.695652173913044,1938.4351283347394,107.69084046304107,0.09650218171363421
./models/01_CTSM/components/cdeps/share/shr_strconvert_mod.F90,i8ToString,FUNCTION,82,0,False,2,13,289.50654514090263,6.695652173913044,1938.4351283347394,107.69084046304107,0.09650218171363421
./models/01_CTSM/components/cdeps/share/shr_strconvert_mod.F90,logicalToString,FUNCTION,152,0,False,2,10,144.4295354570819,4.285714285714286,618.9837233874938,34.38798463263854,0.048143178485693966
./models/01_CTSM/components/cdeps/share/shr_string_mod.F90,shr_string_parseCFtunit,SUBROUTINE,682,0,False,21,98,3526.1106447817215,49.467213114754095,174426.8667316204,9690.381485090022,1.1753702149272405
./models/01_CTSM/components/cdeps/share/shr_string_mod.F90,shr_string_listGetIndex,SUBROUTINE,1479,1,False,16,63,1918.4655843037744,37.627450980392155,72186.96973095967,4010.387207275537,0.6394885281012581
./models/01_CTSM/components/cdeps/share/shr_string_mod.F90,shr_string_betweenTags,SUBROUTINE,585,0,False,14,51,1573.7931838776105,31.82926829268293,50092.68548683615,2782.926971490897,0.5245977279592036
./models/01_CTSM/components/cdeps/share/shr_string_mod.F90,shr_string_listIsValid,FUNCTION,875,0,False,12,32,994.3938707262415,16.55952380952381,16466.688978335736,914.8160543519854,0.33146462357541384
./models/01_CTSM/components/cdeps/share/shr_string_mod.F90,shr_string_listGetName,SUBROUTINE,943,1,False,9,40,1300.0641139089669,26.976744186046513,35071.49702638143,1948.416501465635,0.4333547046363223
./models/01_CTSM/components/cdeps/share/shr_string_mod.F90,shr_string_listUnion,SUBROUTINE,1091,2,False,9,35,1021.8771916289679,15.64102564102564,15983.20735624796,887.9559642359977,0.3406257305429893
./models/01_CTSM/components/cdeps/share/shr_string_mod.F90,shr_string_alphanum,SUBROUTINE,525,2,False,8,23,830.218507469421,23.655172413793103,19638.96193531113,1091.0534408506182,0.276739502489807
./models/01_CTSM/components/cdeps/share/shr_string_mod.F90,shr_string_listMerge,SUBROUTINE,1227,0,False,8,33,1060.7435389486695,23.27027027027027,24683.7888387785,1371.321602154361,0.3535811796495565
./models/01_CTSM/components/cdeps/share/shr_string_mod.F90,shr_string_listAppend,SUBROUTINE,1297,0,False,8,28,887.124155370203,18.416666666666668,16337.86986140124,907.6594367445133,0.29570805179006765
./models/01_CTSM/components/cdeps/share/shr_string_mod.F90,shr_string_listPrepend,SUBROUTINE,1365,0,False,8,29,909.5829947466638,18.958333333333332,17244.17760873883,958.0098671521573,0.30319433158222125
./models/01_CTSM/components/cdeps/share/shr_string_mod.F90,shr_string_listCreateField,FUNCTION,1781,1,False,8,35,1058.8993003980781,24.42105263157895,25859.435546563593,1436.6353081424218,0.352966433466026
./models/01_CTSM/components/cdeps/share/shr_string_mod.F90,shr_string_countChar,FUNCTION,99,1,False,7,20,648.2637925587882,15.216666666666667,9864.414043436227,548.0230024131238,0.21608793085292938
./models/01_CTSM/components/cdeps/share/shr_string_mod.F90,shr_string_listIntersect,SUBROUTINE,1029,1,False,7,27,836.591766773166,13.076923076923077,10940.046180879863,607.7803433822146,0.278863922257722
./models/01_CTSM/components/cdeps/share/shr_string_mod.F90,shr_string_listDiff,SUBROUTINE,1164,1,False,7,26,797.2887978643596,14.18421052631579,11308.912159181311,628.2728977322951,0.2657629326214532
./models/01_CTSM/components/cdeps/share/shr_string_mod.F90,shr_string_toUpper,FUNCTION,153,1,False,6,22,691.1242085957329,20.196428571428573,13958.24071288882,775.4578173827123,0.23037473619857762
./models/01_CTSM/components/cdeps/share/shr_string_mod.F90,shr_string_toLower,FUNCTION,205,1,False,6,22,691.1242085957329,20.196428571428573,13958.24071288882,775.4578173827123,0.23037473619857762
./models/01_CTSM/components/cdeps/share/shr_string_mod.F90,shr_string_getParentDir,FUNCTION,257,0,False,6,21,633.3094432915962,16.714285714285715,10585.314980730966,588.0730544850536,0.21110314776386538
./models/01_CTSM/components/cdeps/share/shr_string_mod.F90,shr_string_endIndex,FUNCTION,360,0,False,6,20,638.7534993805638,16.35483870967742,10446.710457611156,580.3728032006197,0.21291783312685458
./models/01_CTSM/components/cdeps/share/shr_string_mod.F90,shr_string_setAbort,SUBROUTINE,1892,0,False,6,18,442.80353607846075,10.576923076923077,4683.498939291411,260.1943855161895,0.14760117869282025
./models/01_CTSM/components/cdeps/share/shr_string_mod.F90,shr_string_abort,SUBROUTINE,1977,0,False,6,18,496.09320289564596,11.6,5754.681153589493,319.7045085327496,0.16536440096521532
./models/01_CTSM/components/cdeps/share/shr_string_mod.F90,shr_string_lastIndex,FUNCTION,310,0,False,5,14,479.2697096378634,8.827586206896552,4230.7946781825185,235.0441487879177,0.1597565698792878
./models/01_CTSM/components/cdeps/share/shr_string_mod.F90,shr_string_leftalign_and_convert_tabs,SUBROUTINE,426,0,False,5,15,486.2570041353269,8.258064516129032,4015.541711569151,223.08565064273063,0.16208566804510896
./models/01_CTSM/components/cdeps/share/shr_string_mod.F90,shr_string_clean,SUBROUTINE,827,0,False,5,15,446.24762247421205,8.74074074074074,3900.5347742190384,216.69637634550213,0.14874920749140402
./models/01_CTSM/components/cdeps/share/shr_string_mod.F90,shr_string_listGetNum,FUNCTION,1604,0,False,5,16,460.12332512836576,10.961538461538463,5043.659525445549,280.2033069691972,0.15337444170945524
./models/01_CTSM/components/cdeps/share/shr_string_mod.F90,shr_string_listSetDel,SUBROUTINE,1655,0,False,5,13,463.64134954097653,10.555555555555555,4893.99202293253,271.88844571847386,0.15454711651365885
./models/01_CTSM/components/cdeps/share/shr_string_mod.F90,shr_string_listFromSuffixes,FUNCTION,1736,1,False,5,17,530.040678857802,12.142857142857142,6436.2082432733105,357.567124626295,0.17668022628593402
./models/01_CTSM/components/cdeps/share/shr_string_mod.F90,shr_string_convert_tabs,FUNCTION,477,1,False,4,19,477.0233205758819,9.62962962962963,4593.557901841826,255.19766121343477,0.15900777352529397
./models/01_CTSM/components/cdeps/share/shr_string_mod.F90,shr_string_listGetIndexF,FUNCTION,1432,0,False,4,15,491.14287513701964,9.285714285714286,4560.612411986612,253.36735622147842,0.1637142917123399
./models/01_CTSM/components/cdeps/share/shr_string_mod.F90,shr_string_listGetDel,SUBROUTINE,1699,0,False,4,11,330.0,7.166666666666667,2365.0,131.38888888888889,0.11
./models/01_CTSM/components/cdeps/share/shr_string_mod.F90,shr_string_setDebug,SUBROUTINE,1942,0,False,4,12,356.702134347855,8.173913043478262,2915.652228582467,161.98067936569262,0.118900711449285
./models/01_CTSM/components/cdeps/share/shr_string_mod.F90,shr_string_listAddSuffix,SUBROUTINE,1852,1,False,2,19,431.0150790036581,9.479166666666668,4085.6637697221763,226.98132054012092,0.14367169300121937
./models/01_CTSM/components/cdeps/share/shr_sys_mod.F90,shr_sys_irtc,FUNCTION,190,0,False,4,19,559.0918488470013,14.399999999999999,8050.922623396818,447.273479077601,0.1863639496156671
./models/01_CTSM/components/cdeps/share/shr_sys_mod.F90,shr_sys_sleep,SUBROUTINE,238,0,False,4,19,478.9735285398626,11.0,5268.708813938489,292.70604521880495,0.15965784284662088
./models/01_CTSM/components/cdeps/share/shr_sys_mod.F90,shr_sys_getenv,SUBROUTINE,142,0,False,3,20,593.1549165056637,10.636363636363637,6309.01138465115,350.50063248061946,0.19771830550188788
./models/01_CTSM/components/cdeps/share/shr_sys_mod.F90,shr_sys_system,SUBROUTINE,59,0,False,1,14,346.7937417270812,6.0,2080.7624503624875,115.59791390902708,0.11559791390902707
./models/01_CTSM/components/cdeps/share/shr_sys_mod.F90,shr_sys_chdir,SUBROUTINE,101,0,False,1,15,380.0,6.461538461538462,2455.3846153846152,136.4102564102564,0.12666666666666668
./models/01_CTSM/components/cdeps/share/shr_sys_mod.F90,shr_sys_flush,SUBROUTINE,280,0,False,1,7,126.71134807876051,2.357142857142857,298.6767490427926,16.59315272459959,0.042237116026253504
./models/01_CTSM/components/cdeps/share/shr_timer_mod.F90,shr_timer_print,SUBROUTINE,184,0,False,6,16,479.2697096378634,14.16,6786.459088472146,377.0255049151192,0.1597565698792878
./models/01_CTSM/components/cdeps/share/shr_timer_mod.F90,shr_timer_stop,SUBROUTINE,150,0,False,5,18,558.9052697343161,16.607142857142858,9281.81965808775,515.6566476715417,0.18630175657810538
./models/01_CTSM/components/cdeps/share/shr_timer_mod.F90,shr_timer_get,SUBROUTINE,95,1,False,4,16,351.0349360462734,9.166666666666666,3217.8202470908395,178.76779150504663,0.1170116453487578
./models/01_CTSM/components/cdeps/share/shr_timer_mod.F90,shr_timer_start,SUBROUTINE,125,0,False,4,11,295.0728447925197,9.818181818181818,2897.0788397811025,160.94882443228346,0.09835761493083989
./models/01_CTSM/components/cdeps/share/shr_timer_mod.F90,shr_timer_print_all,SUBROUTINE,213,1,False,4,8,185.44061258437526,6.0,1112.6436755062516,61.81353752812509,0.06181353752812509
./models/01_CTSM/components/cdeps/share/shr_timer_mod.F90,shr_timer_check,SUBROUTINE,274,0,False,4,12,270.0,9.3,2511.0,139.5,0.09
./models/01_CTSM/components/cdeps/share/shr_timer_mod.F90,shr_timer_init,SUBROUTINE,65,0,False,3,12,269.635530586268,7.6521739130434785,2063.297973181877,114.62766517677093,0.08987851019542266
./models/01_CTSM/components/cdeps/share/shr_timer_mod.F90,shr_timer_zero,SUBROUTINE,235,0,False,3,10,230.75303625876498,8.333333333333334,1922.9419688230416,106.83010937905787,0.07691767875292166
./models/01_CTSM/components/cdeps/share/shr_timer_mod.F90,shr_timer_check_all,SUBROUTINE,301,1,False,3,10,174.22857502740393,5.5,958.2571626507216,53.236509036151205,0.05807619167580131
./models/01_CTSM/components/cdeps/share/shr_timer_mod.F90,shr_timer_free,SUBROUTINE,324,0,False,3,13,295.0,8.636363636363637,2547.727272727273,141.54040404040404,0.09833333333333333
./models/01_CTSM/components/cdeps/share/shr_timer_mod.F90,shr_timer_free_all,SUBROUTINE,350,1,False,2,7,112.58797503894243,3.269230769230769,368.0760722426964,20.4486706801498,0.03752932501298081
./models/01_CTSM/components/cdeps/share/shr_timer_mod.F90,shr_timer_zero_all,SUBROUTINE,258,0,False,1,5,64.5293250129808,2.0,129.0586500259616,7.169925001442312,0.021509775004326936
./models/01_CTSM/components/cdeps/share/shr_timer_mod.F90,shr_timer_sleep,SUBROUTINE,370,0,False,1,5,68.53238859703687,2.0454545454545454,140.17988576666633,7.787771431481463,0.022844129532345624
./models/01_CTSM/components/cdeps/streams/dshr_methods_mod.F90,dshr_field_getfldptr,SUBROUTINE,517,0,False,13,53,1559.7839197790393,20.693877551020407,32277.977441958075,1793.2209689976708,0.5199279732596798
./models/01_CTSM/components/cdeps/streams/dshr_methods_mod.F90,dshr_state_diagnose,SUBROUTINE,90,1,False,12,46,1588.216358762324,22.01818181818182,34969.63655383953,1942.7575863244185,0.5294054529207747
./models/01_CTSM/components/cdeps/streams/dshr_methods_mod.F90,dshr_fldbun_regrid,SUBROUTINE,213,1,False,12,50,1673.2320063655386,14.029850746268657,23475.195313188153,1304.177517399342,0.5577440021218462
./models/01_CTSM/components/cdeps/streams/dshr_methods_mod.F90,dshr_fldbun_GetFldPtr,SUBROUTINE,156,0,False,11,41,1329.8842771511913,18.7,24868.835982727276,1381.6019990404043,0.4432947590503971
./models/01_CTSM/components/cdeps/streams/dshr_methods_mod.F90,dshr_fldbun_diagnose,SUBROUTINE,442,1,False,11,44,1624.867505502993,20.196428571428573,32816.52051292652,1823.140028495918,0.541622501834331
./models/01_CTSM/components/cdeps/streams/dshr_methods_mod.F90,dshr_state_getfldptr,SUBROUTINE,42,0,False,8,29,1009.6917108709262,15.121951219512194,15268.508798535955,848.2504888075531,0.3365639036236421
./models/01_CTSM/components/cdeps/streams/dshr_methods_mod.F90,dshr_fldbun_Field_diagnose,SUBROUTINE,388,0,False,8,34,1173.0856942556359,18.0,21115.542496601447,1173.0856942556359,0.39102856475187864
./models/01_CTSM/components/cdeps/streams/dshr_methods_mod.F90,dshr_fldbun_getNameN,SUBROUTINE,316,0,False,4,22,558.8024499631731,10.887096774193548,6083.736350405514,337.9853528003063,0.1862674833210577
./models/01_CTSM/components/cdeps/streams/dshr_methods_mod.F90,dshr_fldbun_getFieldN,SUBROUTINE,288,0,False,3,13,350.0,6.346153846153847,2221.153846153846,123.3974358974359,0.11666666666666667
./models/01_CTSM/components/cdeps/streams/dshr_methods_mod.F90,dshr_fldbun_FldChk,FUNCTION,354,0,False,3,17,406.9970273000271,8.307692307692308,3381.2060729540717,187.84478183078176,0.1356656757666757
./models/01_CTSM/components/cdeps/streams/dshr_methods_mod.F90,memcheck,SUBROUTINE,587,0,False,2,10,218.26124091941205,9.5625,2087.1231162918775,115.95128423843764,0.07275374697313734
./models/01_CTSM/components/cdeps/streams/dshr_methods_mod.F90,chkerr,FUNCTION,609,0,False,2,11,235.22522171496468,5.277777777777778,1241.4664479400913,68.97035821889396,0.07840840723832156
./models/01_CTSM/components/cdeps/streams/dshr_strdata_mod.F90,shr_strdata_readstrm,SUBROUTINE,1438,20,False,115,428,17479.923068673823,80.30569948186529,1403737.4489190446,77985.41382883581,5.826641022891274
./models/01_CTSM/components/cdeps/streams/dshr_strdata_mod.F90,shr_strdata_advance,SUBROUTINE,803,10,False,63,270,13456.814640021685,98.99019607843137,1332092.7198068523,74005.15110038068,4.485604880007228
./models/01_CTSM/components/cdeps/streams/dshr_strdata_mod.F90,shr_strdata_init,SUBROUTINE,378,6,False,48,173,8986.972762634485,51.60431654676259,463766.5872401234,25764.81040222908,2.9956575875448284
./models/01_CTSM/components/cdeps/streams/dshr_strdata_mod.F90,shr_strdata_set_stream_iodesc,SUBROUTINE,1953,3,False,20,102,3776.999320989784,44.324999999999996,167415.49490287216,9300.860827937342,1.2589997736632612
./models/01_CTSM/components/cdeps/streams/dshr_strdata_mod.F90,shr_strdata_readLBUB,SUBROUTINE,1310,0,False,12,82,3698.6427244138827,53.00602409638554,196050.34537420332,10891.685854122406,1.2328809081379608
./models/01_CTSM/components/cdeps/streams/dshr_strdata_mod.F90,shr_strdata_init_model_domain,SUBROUTINE,315,2,False,10,41,1312.4622123850183,15.797872340425531,20734.11048289098,1151.8950268272768,0.4374874041283395
./models/01_CTSM/components/cdeps/streams/dshr_strdata_mod.F90,shr_strdata_get_stream_nlev,SUBROUTINE,668,0,False,8,49,1544.7470352429784,21.114754098360656,32616.953793327153,1812.0529885181752,0.5149156784143262
./models/01_CTSM/components/cdeps/streams/dshr_strdata_mod.F90,shr_strdata_get_stream_pointer_1d,SUBROUTINE,2100,2,False,7,26,765.4000377877413,13.285714285714286,10168.88621632285,564.9381231290472,0.25513334592924714
./models/01_CTSM/components/cdeps/streams/dshr_strdata_mod.F90,shr_strdata_get_stream_pointer_2d,SUBROUTINE,2140,2,False,7,26,765.4000377877413,13.285714285714286,10168.88621632285,564.9381231290472,0.25513334592924714
./models/01_CTSM/components/cdeps/streams/dshr_strdata_mod.F90,shr_strdata_get_stream_fieldbundle,FUNCTION,160,0,False,6,18,451.79223254686417,13.725,6200.84839170571,344.4915773169839,0.15059741084895473
./models/01_CTSM/components/cdeps/streams/dshr_strdata_mod.F90,shr_strdata_get_stream_domain,SUBROUTINE,735,0,False,6,47,1391.226612034268,12.761194029850746,17753.71273566118,986.317374203399,0.4637422040114227
./models/01_CTSM/components/cdeps/streams/dshr_strdata_mod.F90,shr_strdata_init_from_config,SUBROUTINE,184,0,False,5,30,1077.8685031034731,13.408163265306124,14452.236868142489,802.9020482301382,0.35928950103449103
./models/01_CTSM/components/cdeps/streams/dshr_strdata_mod.F90,shr_strdata_init_from_inline,SUBROUTINE,238,0,False,5,41,1629.6829866687408,14.095238095238095,22970.769716854633,1276.1538731585906,0.5432276622229136
./models/01_CTSM/components/cdeps/streams/dshr_strdata_mod.F90,shr_strdata_get_stream_count,FUNCTION,150,0,False,2,8,114.4489595550095,4.166666666666667,476.8706648125396,26.492814711807753,0.038149653185003164
./models/01_CTSM/components/cdeps/streams/dshr_strdata_mod.F90,shr_strdata_print,SUBROUTINE,1261,1,False,2,37,1546.5973476959637,13.658536585365855,21124.256456335115,1173.5698031297286,0.5155324492319879
./models/01_CTSM/components/cdeps/streams/dshr_strdata_mod.F90,shr_strdata_setOrbs,SUBROUTINE,1239,0,False,1,14,343.8721875540867,4.428571428571429,1522.8625448823839,84.603474715688,0.1146240625180289
./models/01_CTSM/components/cdeps/streams/dshr_stream_mod.F90,shr_stream_findBounds,SUBROUTINE,772,7,False,58,358,12380.434454369166,132.1132075471698,1635618.9065942054,90867.71703301142,4.126811484789722
./models/01_CTSM/components/cdeps/streams/dshr_stream_mod.F90,shr_stream_restIO,SUBROUTINE,1749,26,False,49,222,8231.669726146027,110.125,906512.6285918312,50361.81269954618,2.7438899087153423
./models/01_CTSM/components/cdeps/streams/dshr_stream_mod.F90,shr_stream_init_from_xml,SUBROUTINE,148,6,False,44,212,8101.354940759352,60.17355371900826,487487.31672453583,27082.62870691866,2.700451646919784
./models/01_CTSM/components/cdeps/streams/dshr_stream_mod.F90,shr_stream_init_from_esmfconfig,SUBROUTINE,566,3,False,32,134,5913.842079561052,53.674157303370784,317420.4900456533,17634.47166920296,1.9712806931870173
./models/01_CTSM/components/cdeps/streams/dshr_stream_mod.F90,verifyTCoord,SUBROUTINE,1362,1,False,18,79,2354.9083600412837,63.08974358974359,148570.56461234816,8253.920256241565,0.7849694533470946
./models/01_CTSM/components/cdeps/streams/dshr_stream_mod.F90,shr_stream_readTCoord,SUBROUTINE,1229,2,False,14,176,6625.273083060013,67.85377358490565,449549.77971612394,24974.987762006887,2.2084243610200045
./models/01_CTSM/components/cdeps/streams/dshr_stream_mod.F90,shr_stream_getCalendar,SUBROUTINE,1521,0,False,12,55,1878.5266629567768,22.723076923076924,42685.90586441784,2371.43921468988,0.6261755543189256
./models/01_CTSM/components/cdeps/streams/dshr_stream_mod.F90,shr_stream_getNextFileName,SUBROUTINE,1630,1,False,10,34,945.1068750029278,23.135135135135137,21865.175270338008,1214.7319594632227,0.3150356250009759
./models/01_CTSM/components/cdeps/streams/dshr_stream_mod.F90,shr_stream_init_from_inline,SUBROUTINE,454,2,False,8,70,2499.8620763893064,15.949367088607595,39871.21792722185,2215.0676626234363,0.8332873587964355
./models/01_CTSM/components/cdeps/streams/dshr_stream_mod.F90,shr_stream_getPrevFileName,SUBROUTINE,1682,1,False,8,34,868.9880128266838,22.283783783783782,19364.340988529748,1075.796721584986,0.2896626709422279
./models/01_CTSM/components/cdeps/streams/dshr_stream_mod.F90,shr_stream_getCurrFile,SUBROUTINE,1594,0,False,4,9,237.1851408300531,5.294117647058823,1255.6860396885163,69.7603355382509,0.0790617136100177
./models/01_CTSM/components/cdeps/streams/dshr_stream_mod.F90,shr_stream_setCurrFile,SUBROUTINE,1612,0,False,4,9,237.1851408300531,5.294117647058823,1255.6860396885163,69.7603355382509,0.0790617136100177
./models/01_CTSM/components/cdeps/streams/dshr_stream_mod.F90,shr_stream_dataDump,SUBROUTINE,2034,1,False,4,29,765.1033304129958,13.367647058823529,10227.63128449137,568.2017380272983,0.2550344434709986
./models/01_CTSM/components/cdeps/streams/dshr_stream_mod.F90,shr_stream_getModelFieldList,SUBROUTINE,1485,1,False,2,8,158.12342722003538,3.2941176470588234,520.8771720189401,28.937620667718893,0.05270780907334513
./models/01_CTSM/components/cdeps/streams/dshr_stream_mod.F90,shr_stream_getStreamFieldList,SUBROUTINE,1504,1,False,2,8,158.12342722003538,3.2941176470588234,520.8771720189401,28.937620667718893,0.05270780907334513
./models/01_CTSM/components/cdeps/streams/dshr_stream_mod.F90,shr_stream_getMeshFileName,SUBROUTINE,1471,0,False,1,5,89.85848369899593,2.375,213.41389878511532,11.856327710284184,0.02995282789966531
./models/01_CTSM/components/cdeps/streams/dshr_stream_mod.F90,shr_stream_getNFiles,SUBROUTINE,1735,0,False,1,5,71.69925001442311,1.8,129.0586500259616,7.169925001442312,0.023899750004807704
./models/01_CTSM/components/cdeps/streams/dshr_stream_mod.F90,shr_stream_getData,SUBROUTINE,2075,0,False,1,6,131.68575291675114,2.53125,333.3295620705263,18.51830900391813,0.04389525097225038
./models/01_CTSM/components/cdeps/streams/dshr_tinterp_mod.F90,shr_tInterp_getFactors,SUBROUTINE,36,0,False,18,92,3051.029882117718,44.70491803278689,136396.04079565604,7577.557821980891,1.017009960705906
./models/01_CTSM/components/cdeps/streams/dshr_tinterp_mod.F90,shr_tInterp_getAvgCosz,SUBROUTINE,162,1,False,8,73,2420.899606153915,36.02083333333333,87202.82123000248,4844.601179444582,0.8069665353846384
./models/01_CTSM/components/cdeps/streams/dshr_tinterp_mod.F90,shr_tInterp_getCosz,SUBROUTINE,276,1,False,4,37,1411.1445255616893,26.25,37042.543795994345,2057.9190997774635,0.4703815085205631
./models/01_CTSM/components/cism/drivers/cpl/nuopc/glc_comp_nuopc.F90,InitializeRealize,SUBROUTINE,228,4,False,42,189,7003.809829593653,31.139240506329113,218093.3187443087,12116.295485794928,2.334603276531218
./models/01_CTSM/components/cism/drivers/cpl/nuopc/glc_comp_nuopc.F90,ModelSetRunClock,SUBROUTINE,653,0,False,35,109,4358.168599040386,37.03289473684211,161395.59897367324,8966.422165204069,1.4527228663467953
./models/01_CTSM/components/cism/drivers/cpl/nuopc/glc_comp_nuopc.F90,ModelAdvance,SUBROUTINE,509,2,False,23,86,2928.092156827657,28.465116279069765,83348.48371993144,4630.471317773969,0.9760307189425523
./models/01_CTSM/components/cism/drivers/cpl/nuopc/glc_comp_nuopc.F90,InitializeAdvertise,SUBROUTINE,143,0,False,13,55,1727.6356858950166,19.852941176470587,34298.649646445185,1905.4805359136215,0.5758785619650055
./models/01_CTSM/components/cism/drivers/cpl/nuopc/glc_comp_nuopc.F90,SetServices,SUBROUTINE,72,0,False,11,28,1063.7701872885375,12.777777777777777,13592.619059797978,755.1455033221099,0.3545900624295125
./models/01_CTSM/components/cism/drivers/cpl/nuopc/glc_comp_nuopc.F90,ModelFinalize,SUBROUTINE,827,0,False,4,19,415.4719243725423,9.399999999999999,3905.436089101897,216.96867161677204,0.13849064145751408
./models/01_CTSM/components/cism/drivers/cpl/nuopc/glc_comp_nuopc.F90,InitializeP0,SUBROUTINE,124,0,False,2,9,202.11890788006696,5.1,1030.8064301883414,57.2670238993523,0.06737296929335565
./models/01_CTSM/components/cism/drivers/cpl/nuopc/glc_import_export.F90,advertise_fields,SUBROUTINE,89,5,False,26,108,3919.8751519670873,30.848837209302324,120923.59044382189,6717.977246878993,1.3066250506556958
./models/01_CTSM/components/cism/drivers/cpl/nuopc/glc_import_export.F90,export_fields,SUBROUTINE,346,1,False,18,95,3505.5628329285964,27.037234042553195,94780.72276476627,5265.595709153681,1.1685209443095321
./models/01_CTSM/components/cism/drivers/cpl/nuopc/glc_import_export.F90,fldlist_realize,SUBROUTINE,558,1,False,15,80,3792.712110442658,39.79220779220779,150920.38839475717,8384.466021930954,1.2642373701475527
./models/01_CTSM/components/cism/drivers/cpl/nuopc/glc_import_export.F90,state_getfldptr,SUBROUTINE,756,0,False,8,38,1209.870416862829,17.51020408163265,21185.077911598106,1176.9487728665615,0.40329013895427634
./models/01_CTSM/components/cism/drivers/cpl/nuopc/glc_import_export.F90,import_fields,SUBROUTINE,294,1,False,7,21,647.8556500836542,16.058823529411764,10403.79955722574,577.9888642903189,0.21595188336121804
./models/01_CTSM/components/cism/drivers/cpl/nuopc/glc_import_export.F90,realize_fields,SUBROUTINE,245,1,False,6,20,826.5637591304583,13.146341463414634,10866.28941881261,603.6827454895895,0.27552125304348607
./models/01_CTSM/components/cism/drivers/cpl/nuopc/glc_import_export.F90,SetScalarField,SUBROUTINE,640,0,False,4,19,907.5880547154393,7.4,6716.151604894251,373.1195336052362,0.3025293515718131
./models/01_CTSM/components/cism/drivers/cpl/nuopc/glc_import_export.F90,state_getimport,SUBROUTINE,678,0,False,4,18,500.2612409194121,9.0,4502.3511682747085,250.13062045970602,0.16675374697313736
./models/01_CTSM/components/cism/drivers/cpl/nuopc/glc_import_export.F90,state_setexport,SUBROUTINE,717,0,False,4,18,503.6098884340999,8.727272727272727,4395.14084451578,244.1744913619878,0.16786996281136662
./models/01_CTSM/components/cism/drivers/cpl/nuopc/glc_import_export.F90,fldlist_add,SUBROUTINE,525,0,False,3,19,503.8010412905842,14.055555555555554,7081.203524806543,393.4001958225857,0.16793368043019472
./models/01_CTSM/components/cism/drivers/cpl/nuopc/glc_import_export.F90,get_num_icesheets,FUNCTION,516,0,False,1,3,23.264662506490403,1.75,40.71315938635821,2.2618421881310113,0.007754887502163467
./models/01_CTSM/components/cism/drivers/cpl/nuopc/history_tape_coupler.F90,is_time_to_write_hist,FUNCTION,54,0,False,4,23,602.5358529502963,7.272727272727273,4382.07893054761,243.44882947486724,0.20084528431676543
./models/01_CTSM/components/cism/drivers/cpl/nuopc/history_tape_coupler.F90,constructor,FUNCTION,31,0,False,1,7,128.0,4.166666666666667,533.3333333333334,29.629629629629633,0.042666666666666665
./models/01_CTSM/components/cism/drivers/cpl/nuopc/history_tape_coupler.F90,history_frequency_string,FUNCTION,92,0,False,1,5,64.5293250129808,1.5,96.79398751947122,5.377443751081734,0.021509775004326936
./models/01_CTSM/components/cism/mpi/glc_broadcast.F90,broadcast_scalar_log,SUBROUTINE,220,0,False,3,18,323.85477931016226,6.8478260869565215,2217.701206145676,123.20562256364867,0.10795159310338742
./models/01_CTSM/components/cism/mpi/glc_broadcast.F90,broadcast_array_log_1d,SUBROUTINE,495,0,False,3,22,415.4719243725423,5.166666666666667,2146.6049425914684,119.25583014397047,0.13849064145751408
./models/01_CTSM/components/cism/mpi/glc_broadcast.F90,broadcast_array_log_2d,SUBROUTINE,781,0,False,3,22,468.8508029066055,5.390625,2527.39885941842,140.41104774546778,0.1562836009688685
./models/01_CTSM/components/cism/mpi/glc_broadcast.F90,broadcast_array_log_3d,SUBROUTINE,1012,0,False,3,22,498.5531137771406,5.530303030303029,2757.1497958887317,153.1749886604851,0.16618437125904686
./models/01_CTSM/components/cism/mpi/glc_broadcast.F90,broadcast_scalar_dbl,SUBROUTINE,73,0,False,1,8,173.9178331268546,2.605263157894737,453.10172314627914,25.172317952571063,0.05797261104228486
./models/01_CTSM/components/cism/mpi/glc_broadcast.F90,broadcast_scalar_real,SUBROUTINE,122,0,False,1,8,173.9178331268546,2.605263157894737,453.10172314627914,25.172317952571063,0.05797261104228486
./models/01_CTSM/components/cism/mpi/glc_broadcast.F90,broadcast_scalar_int,SUBROUTINE,171,0,False,1,8,168.55519570060713,2.911764705882353,490.79306983412073,27.266281657451152,0.05618506523353571
./models/01_CTSM/components/cism/mpi/glc_broadcast.F90,broadcast_scalar_char,SUBROUTINE,283,0,False,1,9,199.03672606650858,3.789473684210526,754.2444356204535,41.90246864558075,0.06634557535550285
./models/01_CTSM/components/cism/mpi/glc_broadcast.F90,broadcast_array_dbl_1d,SUBROUTINE,336,0,False,1,9,206.32331253245204,2.7142857142857144,560.0204197309413,31.112245540607848,0.06877443751081734
./models/01_CTSM/components/cism/mpi/glc_broadcast.F90,broadcast_array_real_1d,SUBROUTINE,389,0,False,1,9,206.32331253245204,2.7142857142857144,560.0204197309413,31.112245540607848,0.06877443751081734
./models/01_CTSM/components/cism/mpi/glc_broadcast.F90,broadcast_array_int_1d,SUBROUTINE,442,0,False,1,9,200.67442283867837,3.0,602.0232685160352,33.44573713977973,0.06689147427955945
./models/01_CTSM/components/cism/mpi/glc_broadcast.F90,broadcast_array_char_1d,SUBROUTINE,567,0,False,1,10,244.42286534333678,3.8181818181818183,933.2509404018314,51.84727446676841,0.08147428844777893
./models/01_CTSM/components/cism/mpi/glc_broadcast.F90,broadcast_array_dbl_2d,SUBROUTINE,622,0,False,1,9,206.32331253245204,2.7142857142857144,560.0204197309413,31.112245540607848,0.06877443751081734
./models/01_CTSM/components/cism/mpi/glc_broadcast.F90,broadcast_array_real_2d,SUBROUTINE,675,0,False,1,9,206.32331253245204,2.7142857142857144,560.0204197309413,31.112245540607848,0.06877443751081734
./models/01_CTSM/components/cism/mpi/glc_broadcast.F90,broadcast_array_int_2d,SUBROUTINE,728,0,False,1,9,200.67442283867837,3.0,602.0232685160352,33.44573713977973,0.06689147427955945
./models/01_CTSM/components/cism/mpi/glc_broadcast.F90,broadcast_array_dbl_3d,SUBROUTINE,853,0,False,1,9,206.32331253245204,2.7142857142857144,560.0204197309413,31.112245540607848,0.06877443751081734
./models/01_CTSM/components/cism/mpi/glc_broadcast.F90,broadcast_array_real_3d,SUBROUTINE,906,0,False,1,9,206.32331253245204,2.7142857142857144,560.0204197309413,31.112245540607848,0.06877443751081734
./models/01_CTSM/components/cism/mpi/glc_broadcast.F90,broadcast_array_int_3d,SUBROUTINE,959,0,False,1,9,200.67442283867837,3.0,602.0232685160352,33.44573713977973,0.06689147427955945
./models/01_CTSM/components/cism/mpi/glc_communicate.F90,init_communicate,SUBROUTINE,68,0,False,1,11,187.9834625295674,2.357142857142857,443.10387596255174,24.616881997919542,0.06266115417652246
./models/01_CTSM/components/cism/mpi/glc_communicate.F90,get_num_procs,FUNCTION,128,0,False,1,5,69.18863237274594,3.0,207.56589711823784,11.531438728790992,0.02306287745758198
./models/01_CTSM/components/cism/mpi/glc_communicate.F90,exit_message_environment,SUBROUTINE,165,0,False,1,5,53.77443751081734,2.0,107.54887502163469,5.974937501201927,0.01792481250360578
./models/01_CTSM/components/cism/mpi/glc_communicate.F90,abort_message_environment,SUBROUTINE,198,0,False,1,5,59.207035490257475,1.9500000000000002,115.45371920600209,6.414095511444561,0.019735678496752493
./models/01_CTSM/components/cism/mpi/glc_communicate.F90,create_communicator,SUBROUTINE,234,0,False,1,13,337.59701265360627,5.043478260869565,1702.663194252971,94.5923996807206,0.1125323375512021
./models/01_CTSM/components/cism/serial/glc_boundary.F90,create_boundary,SUBROUTINE,116,4,False,75,323,11385.723788756353,109.73529411764706,1249415.7487014693,69411.98603897051,3.7952412629187844
./models/01_CTSM/components/cism/serial/glc_boundary.F90,boundary_2d_dbl,SUBROUTINE,813,18,False,59,201,7015.912136402109,70.35365853658537,493595.0867671192,27421.949264839954,2.338637378800703
./models/01_CTSM/components/cism/serial/glc_boundary.F90,boundary_2d_real,SUBROUTINE,1190,18,False,59,201,7015.912136402109,70.35365853658537,493595.0867671192,27421.949264839954,2.338637378800703
./models/01_CTSM/components/cism/serial/glc_boundary.F90,boundary_2d_int,SUBROUTINE,1562,18,False,59,201,6985.13359538566,72.1125,503715.44639724836,27984.1914665138,2.3283778651285534
./models/01_CTSM/components/cism/serial/glc_boundary.F90,boundary_4d_dbl,SUBROUTINE,2107,2,False,3,14,434.2737001211542,4.125,1791.379012999761,99.5210562777645,0.14475790004038475
./models/01_CTSM/components/cism/serial/glc_boundary.F90,boundary_4d_real,SUBROUTINE,2166,2,False,3,14,434.2737001211542,4.125,1791.379012999761,99.5210562777645,0.14475790004038475
./models/01_CTSM/components/cism/serial/glc_boundary.F90,boundary_4d_int,SUBROUTINE,2225,2,False,3,14,427.3468786650285,4.4,1880.3262661261256,104.4625703403403,0.1424489595550095
./models/01_CTSM/components/cism/serial/glc_boundary.F90,boundary_3d_dbl,SUBROUTINE,1934,1,False,2,11,325.0,3.857142857142857,1253.5714285714287,69.64285714285715,0.10833333333333334
./models/01_CTSM/components/cism/serial/glc_boundary.F90,boundary_3d_real,SUBROUTINE,1995,1,False,2,11,325.0,3.857142857142857,1253.5714285714287,69.64285714285715,0.10833333333333334
./models/01_CTSM/components/cism/serial/glc_boundary.F90,boundary_3d_int,SUBROUTINE,2051,1,False,2,11,318.9478887145537,4.153846153846154,1324.8604608143,73.60335893412778,0.10631596290485124
./models/01_CTSM/components/cism/serial/glc_boundary.F90,destroy_boundary,SUBROUTINE,762,0,False,1,7,178.37726474549189,1.8,321.0790765418854,17.83772647454919,0.05945908824849729
./models/01_CTSM/components/cism/serial/glc_broadcast.F90,broadcast_scalar_dbl,SUBROUTINE,73,0,False,1,4,79.9544533632097,1.5,119.93168004481454,6.662871113600808,0.02665148445440323
./models/01_CTSM/components/cism/serial/glc_broadcast.F90,broadcast_scalar_real,SUBROUTINE,109,0,False,1,4,79.9544533632097,1.5,119.93168004481454,6.662871113600808,0.02665148445440323
./models/01_CTSM/components/cism/serial/glc_broadcast.F90,broadcast_scalar_int,SUBROUTINE,145,0,False,1,4,75.28421251514428,1.8,135.5115825272597,7.528421251514427,0.025094737505048093
./models/01_CTSM/components/cism/serial/glc_broadcast.F90,broadcast_scalar_log,SUBROUTINE,181,0,False,1,4,79.9544533632097,1.5,119.93168004481454,6.662871113600808,0.02665148445440323
./models/01_CTSM/components/cism/serial/glc_broadcast.F90,broadcast_scalar_char,SUBROUTINE,217,0,False,1,4,82.0447025077789,2.125,174.34499282903016,9.68583293494612,0.02734823416925963
./models/01_CTSM/components/cism/serial/glc_broadcast.F90,broadcast_array_dbl_1d,SUBROUTINE,253,0,False,1,4,85.95159310338741,1.4615384615384615,125.62155915110466,6.978975508394703,0.02865053103446247
./models/01_CTSM/components/cism/serial/glc_broadcast.F90,broadcast_array_real_1d,SUBROUTINE,289,0,False,1,4,85.95159310338741,1.4615384615384615,125.62155915110466,6.978975508394703,0.02865053103446247
./models/01_CTSM/components/cism/serial/glc_broadcast.F90,broadcast_array_int_1d,SUBROUTINE,325,0,False,1,4,81.40967379910403,1.7272727272727273,140.6167092893615,7.812039404964527,0.027136557933034676
./models/01_CTSM/components/cism/serial/glc_broadcast.F90,broadcast_array_log_1d,SUBROUTINE,361,0,False,1,4,85.95159310338741,1.4615384615384615,125.62155915110466,6.978975508394703,0.02865053103446247
./models/01_CTSM/components/cism/serial/glc_broadcast.F90,broadcast_array_dbl_2d,SUBROUTINE,397,0,False,1,4,85.95159310338741,1.4615384615384615,125.62155915110466,6.978975508394703,0.02865053103446247
./models/01_CTSM/components/cism/serial/glc_broadcast.F90,broadcast_array_real_2d,SUBROUTINE,433,0,False,1,4,85.95159310338741,1.4615384615384615,125.62155915110466,6.978975508394703,0.02865053103446247
./models/01_CTSM/components/cism/serial/glc_broadcast.F90,broadcast_array_int_2d,SUBROUTINE,469,0,False,1,4,81.40967379910403,1.7272727272727273,140.6167092893615,7.812039404964527,0.027136557933034676
./models/01_CTSM/components/cism/serial/glc_broadcast.F90,broadcast_array_log_2d,SUBROUTINE,505,0,False,1,4,85.95159310338741,1.4615384615384615,125.62155915110466,6.978975508394703,0.02865053103446247
./models/01_CTSM/components/cism/serial/glc_broadcast.F90,broadcast_array_dbl_3d,SUBROUTINE,541,0,False,1,4,85.95159310338741,1.4615384615384615,125.62155915110466,6.978975508394703,0.02865053103446247
./models/01_CTSM/components/cism/serial/glc_broadcast.F90,broadcast_array_real_3d,SUBROUTINE,577,0,False,1,4,85.95159310338741,1.4615384615384615,125.62155915110466,6.978975508394703,0.02865053103446247
./models/01_CTSM/components/cism/serial/glc_broadcast.F90,broadcast_array_int_3d,SUBROUTINE,613,0,False,1,4,81.40967379910403,1.7272727272727273,140.6167092893615,7.812039404964527,0.027136557933034676
./models/01_CTSM/components/cism/serial/glc_broadcast.F90,broadcast_array_log_3d,SUBROUTINE,649,0,False,1,4,85.95159310338741,1.4615384615384615,125.62155915110466,6.978975508394703,0.02865053103446247
./models/01_CTSM/components/cism/serial/glc_communicate.F90,create_glc_communicator,SUBROUTINE,217,1,False,22,82,2687.277511372793,42.79245283018868,114995.19614704707,6388.622008169282,0.8957591704575977
./models/01_CTSM/components/cism/serial/glc_communicate.F90,init_communicate,SUBROUTINE,53,0,False,1,10,127.43782540330756,2.0625,262.8405148943218,14.602250827462322,0.042479275134435855
./models/01_CTSM/components/cism/serial/glc_communicate.F90,get_num_procs,FUNCTION,110,0,False,1,4,39.0,1.6666666666666667,65.0,3.611111111111111,0.013
./models/01_CTSM/components/cism/serial/glc_communicate.F90,exit_message_environment,SUBROUTINE,143,0,False,1,6,76.14709844115208,2.1818181818181817,166.13912387160454,9.229951326200252,0.025382366147050694
./models/01_CTSM/components/cism/serial/glc_communicate.F90,abort_message_environment,SUBROUTINE,179,0,False,1,8,116.75790004038474,2.1999999999999997,256.8673800888464,14.270410004935911,0.03891930001346158
./models/01_CTSM/components/cism/serial/glc_communicate.F90,create_communicator,SUBROUTINE,438,0,False,1,14,351.86167516009664,5.217391304347826,1835.8000443135477,101.98889135075265,0.11728722505336554
./models/01_CTSM/components/cism/serial/glc_gather_scatter.F90,scatter_global_dbl,SUBROUTINE,337,8,False,30,82,2384.430092401517,30.381355932203387,72442.2193327071,4024.56774070595,0.7948100308005056
./models/01_CTSM/components/cism/serial/glc_gather_scatter.F90,scatter_global_real,SUBROUTINE,518,8,False,30,82,2384.430092401517,30.381355932203387,72442.2193327071,4024.56774070595,0.7948100308005056
./models/01_CTSM/components/cism/serial/glc_gather_scatter.F90,scatter_global_int,SUBROUTINE,697,8,False,30,82,2369.251200553848,31.447368421052634,74506.71538583812,4139.261965879896,0.789750400184616
./models/01_CTSM/components/cism/serial/glc_gather_scatter.F90,gather_global_dbl,SUBROUTINE,73,5,False,7,24,699.9881533565706,9.23611111111111,6465.16836086277,359.1760200479317,0.2333293844521902
./models/01_CTSM/components/cism/serial/glc_gather_scatter.F90,gather_global_real,SUBROUTINE,161,5,False,7,24,699.9881533565706,9.23611111111111,6465.16836086277,359.1760200479317,0.2333293844521902
./models/01_CTSM/components/cism/serial/glc_gather_scatter.F90,gather_global_int,SUBROUTINE,247,5,False,7,24,691.1242085957329,9.779411764705882,6758.788216414152,375.4882342452307,0.23037473619857762
./models/01_CTSM/components/cism/serial/glc_global_reductions.F90,global_sum_dbl,FUNCTION,124,12,False,22,72,2264.536176945126,35.84615384615385,81174.91218895606,4509.717343830893,0.754845392315042
./models/01_CTSM/components/cism/serial/glc_global_reductions.F90,global_sum_real,FUNCTION,262,12,False,22,72,2272.371097921479,35.16981132075472,79918.86276463466,4439.936820257481,0.7574570326404929
./models/01_CTSM/components/cism/serial/glc_global_reductions.F90,global_sum_int,FUNCTION,399,12,False,22,72,2264.536176945126,35.84615384615385,81174.91218895606,4509.717343830893,0.754845392315042
./models/01_CTSM/components/cism/serial/glc_global_reductions.F90,global_sum_prod_dbl,FUNCTION,633,12,False,22,72,2467.8438805383803,39.094339622641506,96478.72680142497,5359.929266745832,0.8226146268461267
./models/01_CTSM/components/cism/serial/glc_global_reductions.F90,global_sum_prod_real,FUNCTION,773,12,False,22,72,2476.2303388457663,38.370370370370374,95013.87522385978,5278.548623547766,0.8254101129485888
./models/01_CTSM/components/cism/serial/glc_global_reductions.F90,global_sum_prod_int,FUNCTION,912,12,False,22,72,2467.8438805383803,39.094339622641506,96478.72680142497,5359.929266745832,0.8226146268461267
./models/01_CTSM/components/cism/serial/glc_global_reductions.F90,global_maxval_dbl,FUNCTION,1055,5,False,9,30,968.0185568211806,11.863636363636363,11484.220151378551,638.0122306321417,0.3226728522737269
./models/01_CTSM/components/cism/serial/glc_global_reductions.F90,global_maxval_real,FUNCTION,1144,5,False,9,30,968.0185568211806,11.863636363636363,11484.220151378551,638.0122306321417,0.3226728522737269
./models/01_CTSM/components/cism/serial/glc_global_reductions.F90,global_maxval_int,FUNCTION,1225,5,False,9,30,958.6398827931827,12.428571428571429,11914.524257572413,661.9180143095786,0.31954662759772756
./models/01_CTSM/components/cism/serial/glc_global_reductions.F90,global_minval_dbl,FUNCTION,1310,5,False,9,30,957.6738726477034,10.545454545454545,10099.10629337578,561.0614607430989,0.31922462421590114
./models/01_CTSM/components/cism/serial/glc_global_reductions.F90,global_minval_real,FUNCTION,1391,5,False,9,30,957.6738726477034,10.545454545454545,10099.10629337578,561.0614607430989,0.31922462421590114
./models/01_CTSM/components/cism/serial/glc_global_reductions.F90,global_minval_int,FUNCTION,1472,5,False,9,30,948.1678398821537,11.047619047619047,10474.997088221888,581.9442826789938,0.31605594662738457
./models/01_CTSM/components/cism/serial/glc_global_reductions.F90,init_global_reductions,SUBROUTINE,99,0,False,1,4,55.35090589819676,1.4444444444444444,79.95130851961754,4.441739362200974,0.018450301966065584
./models/01_CTSM/components/cism/serial/glc_global_reductions.F90,global_sum_scalar_dbl,FUNCTION,536,0,False,1,6,99.91187238980949,2.090909090909091,208.90664226960166,11.605924570533425,0.03330395746326983
./models/01_CTSM/components/cism/serial/glc_global_reductions.F90,global_sum_scalar_real,FUNCTION,567,0,False,1,6,99.91187238980949,2.090909090909091,208.90664226960166,11.605924570533425,0.03330395746326983
./models/01_CTSM/components/cism/serial/glc_global_reductions.F90,global_sum_scalar_int,FUNCTION,598,0,False,1,6,99.91187238980949,2.090909090909091,208.90664226960166,11.605924570533425,0.03330395746326983
./models/01_CTSM/components/cism/serial/glc_global_reductions.F90,global_maxval_scalar_dbl,FUNCTION,1553,0,False,1,5,69.7604899926346,2.125,148.24104123434853,8.235613401908251,0.023253496664211535
./models/01_CTSM/components/cism/serial/glc_global_reductions.F90,global_maxval_scalar_real,FUNCTION,1581,0,False,1,5,69.7604899926346,2.125,148.24104123434853,8.235613401908251,0.023253496664211535
./models/01_CTSM/components/cism/serial/glc_global_reductions.F90,global_maxval_scalar_int,FUNCTION,1609,0,False,1,5,69.7604899926346,2.125,148.24104123434853,8.235613401908251,0.023253496664211535
./models/01_CTSM/components/cism/serial/glc_global_reductions.F90,global_minval_scalar_dbl,FUNCTION,1637,0,False,1,5,69.7604899926346,2.125,148.24104123434853,8.235613401908251,0.023253496664211535
./models/01_CTSM/components/cism/serial/glc_global_reductions.F90,global_minval_scalar_real,FUNCTION,1665,0,False,1,5,69.7604899926346,2.125,148.24104123434853,8.235613401908251,0.023253496664211535
./models/01_CTSM/components/cism/serial/glc_global_reductions.F90,global_minval_scalar_int,FUNCTION,1693,0,False,1,5,69.7604899926346,2.125,148.24104123434853,8.235613401908251,0.023253496664211535
./models/01_CTSM/components/cism/serial/glc_timers.F90,glc_timer_print,SUBROUTINE,670,3,False,16,63,1893.5608819107476,22.606557377049178,42806.89272385116,2378.16070688062,0.6311869606369159
./models/01_CTSM/components/cism/serial/glc_timers.F90,glc_timer_stop,SUBROUTINE,526,0,False,7,41,1309.0841835855122,24.67142857142857,32296.97692931685,1794.2764960731583,0.43636139452850403
./models/01_CTSM/components/cism/serial/glc_timers.F90,glc_timer_start,SUBROUTINE,420,0,False,6,29,776.6932719896506,13.866666666666667,10770.146704923156,598.341483606842,0.2588977573298835
./models/01_CTSM/components/cism/serial/glc_timers.F90,glc_timer_print_all,SUBROUTINE,822,1,False,5,16,274.78587335407707,6.857142857142857,1884.2459887136713,104.68033270631507,0.0915952911180257
./models/01_CTSM/components/cism/serial/glc_timers.F90,get_glc_timer,SUBROUTINE,222,1,False,4,25,721.6932123753791,15.454545454545453,11153.44055489222,619.6355863829011,0.24056440412512636
./models/01_CTSM/components/cism/serial/glc_timers.F90,init_glc_timers,SUBROUTINE,130,1,False,3,34,921.5966222380291,12.76595744680851,11765.063262613137,653.6146257007299,0.30719887407934304
./models/01_CTSM/components/cism/serial/glc_timers.F90,release_glc_timer,SUBROUTINE,307,0,False,2,21,456.506188508102,7.344827586206896,3352.959246628473,186.27551370158184,0.15216872950270066
./models/01_CTSM/components/cism/serial/glc_timers.F90,glc_timer_clear,SUBROUTINE,367,0,False,2,17,366.61052696862873,6.720000000000001,2463.6227412291855,136.86793006828808,0.12220350898954291
./models/01_CTSM/components/cism/serial/glc_timers.F90,glc_timer_check,SUBROUTINE,878,0,False,2,11,182.66088307807416,7.153846153846153,1306.7278558662229,72.59599199256793,0.06088696102602472
./models/01_CTSM/components/cism/source_glc/glc_coupling_flags.F90,has_ocn_coupling,FUNCTION,41,0,False,2,12,141.7774500490386,5.75,815.220337781972,45.29001876566511,0.0472591500163462
./models/01_CTSM/components/cism/source_glc/glc_coupling_flags.F90,has_ice_coupling,FUNCTION,80,0,False,2,8,83.76180828526729,3.888888888888889,325.74036555381724,18.09668697521207,0.027920602761755765
./models/01_CTSM/components/cism/source_glc/glc_ensemble.F90,get_inst_suffix,SUBROUTINE,91,0,False,3,15,275.7834751254812,8.75,2413.1054073479604,134.06141151933113,0.09192782504182706
./models/01_CTSM/components/cism/source_glc/glc_ensemble.F90,get_inst_name,SUBROUTINE,125,0,False,3,15,275.7834751254812,8.75,2413.1054073479604,134.06141151933113,0.09192782504182706
./models/01_CTSM/components/cism/source_glc/glc_ensemble.F90,set_inst_vars,SUBROUTINE,55,0,False,2,15,306.05280269303705,6.681818181818182,2044.9891816307475,113.61051009059707,0.10201760089767901
./models/01_CTSM/components/cism/source_glc/glc_ensemble.F90,write_inst_vars,SUBROUTINE,159,0,False,2,12,201.73835003173087,6.5,1311.2992752062507,72.84995973368059,0.06724611667724363
./models/01_CTSM/components/cism/source_glc/glc_exit_mod.F90,exit_glc,SUBROUTINE,51,0,False,8,30,457.8716557125305,12.43478260869565,5693.534501468857,316.3074723038254,0.15262388523751017
./models/01_CTSM/components/cism/source_glc/glc_exit_mod.F90,flushm,SUBROUTINE,132,0,False,2,6,94.0116453487578,4.090909090909091,384.5930946085546,21.36628303380859,0.0313372151162526
./models/01_CTSM/components/cism/source_glc/glc_fields.F90,allocate_cpl_bundles,SUBROUTINE,83,0,False,1,5,68.53238859703687,1.3333333333333333,91.37651812938249,5.076473229410138,0.022844129532345624
./models/01_CTSM/components/cism/source_glc/glc_fields.F90,glc_allocate_fields,SUBROUTINE,108,0,False,1,15,423.18498769254865,3.44,1455.7563576623672,80.87535320346484,0.14106166256418287
./models/01_CTSM/components/cism/source_glc/glc_fields.F90,glc_deallocate_fields,SUBROUTINE,157,0,False,1,14,252.1729375396636,2.409090909090909,607.5075313455533,33.75041840808629,0.08405764584655454
./models/01_CTSM/components/cism/source_glc/glc_files.F90,get_rpointer_filename,FUNCTION,77,0,False,3,22,565.5380374182606,12.15,6871.2871546318665,381.7381752573259,0.18851267913942021
./models/01_CTSM/components/cism/source_glc/glc_files.F90,set_filenames,SUBROUTINE,48,0,False,1,7,110.36149671375915,3.076923076923077,339.57383604233587,18.865213113463103,0.03678716557125305
./models/01_CTSM/components/cism/source_glc/glc_FinalMod.F90,glc_final,SUBROUTINE,54,0,False,1,5,57.3594000115385,2.0,114.718800023077,6.373266667948722,0.019119800003846166
./models/01_CTSM/components/cism/source_glc/glc_history.F90,glc_history_init,SUBROUTINE,74,0,False,4,19,606.3886631644425,7.902439024390244,4791.949435738521,266.2194130965845,0.2021295543881475
./models/01_CTSM/components/cism/source_glc/glc_history.F90,allocate_history,SUBROUTINE,56,0,False,1,5,78.13781191217038,2.0,156.27562382434076,8.681979101352264,0.026045937304056792
./models/01_CTSM/components/cism/source_glc/glc_history.F90,glc_history_write,SUBROUTINE,118,0,False,1,11,270.0,3.5714285714285716,964.2857142857143,53.57142857142858,0.09
./models/01_CTSM/components/cism/source_glc/glc_indexing.F90,local_to_global_indices,FUNCTION,275,2,False,3,17,370.16632899843546,5.0,1850.8316449921772,102.82398027734318,0.12338877633281183
./models/01_CTSM/components/cism/source_glc/glc_indexing.F90,vector_to_spatial,SUBROUTINE,310,2,False,3,19,523.1868677283866,9.375,4904.8768849536245,272.4931602752014,0.17439562257612887
./models/01_CTSM/components/cism/source_glc/glc_indexing.F90,spatial_to_vector,SUBROUTINE,346,2,False,3,19,523.1868677283866,9.375,4904.8768849536245,272.4931602752014,0.17439562257612887
./models/01_CTSM/components/cism/source_glc/glc_indexing.F90,init,SUBROUTINE,67,0,False,1,12,492.8947844248637,4.27027027027027,2104.7939443007695,116.9329969055983,0.16429826147495458
./models/01_CTSM/components/cism/source_glc/glc_indexing.F90,allocate_indices,SUBROUTINE,102,0,False,1,5,78.13781191217038,2.0,156.27562382434076,8.681979101352264,0.026045937304056792
./models/01_CTSM/components/cism/source_glc/glc_indexing.F90,init_indices_one_icesheet,SUBROUTINE,120,0,False,1,7,147.1612434150308,3.111111111111111,457.8349795134292,25.435276639634953,0.04905374780501027
./models/01_CTSM/components/cism/source_glc/glc_indexing.F90,get_nx,FUNCTION,142,0,False,1,6,104.0,2.4230769230769234,252.00000000000003,14.000000000000002,0.034666666666666665
./models/01_CTSM/components/cism/source_glc/glc_indexing.F90,get_ny,FUNCTION,161,0,False,1,6,104.0,2.4230769230769234,252.00000000000003,14.000000000000002,0.034666666666666665
./models/01_CTSM/components/cism/source_glc/glc_indexing.F90,get_npts,FUNCTION,180,0,False,1,6,104.0,2.4230769230769234,252.00000000000003,14.000000000000002,0.034666666666666665
./models/01_CTSM/components/cism/source_glc/glc_indexing.F90,get_nx_tot,FUNCTION,199,0,False,1,6,104.0,2.4230769230769234,252.00000000000003,14.000000000000002,0.034666666666666665
./models/01_CTSM/components/cism/source_glc/glc_indexing.F90,get_ny_tot,FUNCTION,218,0,False,1,6,104.0,2.4230769230769234,252.00000000000003,14.000000000000002,0.034666666666666665
./models/01_CTSM/components/cism/source_glc/glc_indexing.F90,get_npts_tot,FUNCTION,237,0,False,1,6,104.0,2.4230769230769234,252.00000000000003,14.000000000000002,0.034666666666666665
./models/01_CTSM/components/cism/source_glc/glc_indexing.F90,get_nzocn,FUNCTION,256,0,False,1,6,104.0,2.4230769230769234,252.00000000000003,14.000000000000002,0.034666666666666665
./models/01_CTSM/components/cism/source_glc/glc_InitMod.F90,glc_initialize,SUBROUTINE,65,6,False,26,183,6924.201780516931,38.05337078651686,263489.217754671,14638.2898752595,2.3080672601723102
./models/01_CTSM/components/cism/source_glc/glc_InitMod.F90,check_icesheet_names,SUBROUTINE,491,2,False,7,34,616.9635863812016,22.941176470588236,14153.870511098154,786.3261395054529,0.20565452879373386
./models/01_CTSM/components/cism/source_glc/glc_io.F90,glc_filename,FUNCTION,526,1,False,25,96,2062.1615736074714,52.853658536585364,108992.78365871684,6055.154647706491,0.6873871912024905
./models/01_CTSM/components/cism/source_glc/glc_io.F90,glc_io_write_history,SUBROUTINE,135,0,False,11,95,3351.3666280923153,21.121739130434783,70786.69164901073,3932.593980500596,1.1171222093641051
./models/01_CTSM/components/cism/source_glc/glc_io.F90,glc_io_write_restart,SUBROUTINE,387,0,False,9,96,3319.6252262167786,22.5,74691.56758987752,4149.531532770973,1.1065417420722596
./models/01_CTSM/components/cism/source_glc/glc_io.F90,glc_io_read_restart_time,SUBROUTINE,66,0,False,3,49,1521.8657103125847,26.17924528301887,39841.29571808889,2213.405317671605,0.5072885701041949
./models/01_CTSM/components/cism/source_glc/glc_io.F90,glc_io_write_history_tavg_helper,SUBROUTINE,299,0,False,3,36,951.0093858929715,9.846153846153847,9363.78472263849,520.2102623688049,0.3170031286309905
./models/01_CTSM/components/cism/source_glc/glc_override_frac.F90,read_namelist,SUBROUTINE,72,1,False,7,49,1202.7476546981488,24.555555555555554,29534.136854254542,1640.7853807919191,0.40091588489938296
./models/01_CTSM/components/cism/source_glc/glc_override_frac.F90,apply_rearrange_freq,SUBROUTINE,252,0,False,4,16,433.4029819467044,10.410714285714285,4512.034615623726,250.66858975687364,0.14446766064890146
./models/01_CTSM/components/cism/source_glc/glc_override_frac.F90,apply_increase_frac,SUBROUTINE,176,0,False,3,17,488.0572587502534,11.607142857142858,5664.950324779727,314.71946248776266,0.16268575291675114
./models/01_CTSM/components/cism/source_glc/glc_override_frac.F90,apply_decrease_frac,SUBROUTINE,214,0,False,3,17,465.2932501298081,10.5,4885.579126362985,271.4210625757214,0.15509775004326937
./models/01_CTSM/components/cism/source_glc/glc_override_frac.F90,do_frac_overrides,SUBROUTINE,147,0,False,2,13,330.68508468127203,7.384615384615385,2441.9821638001627,135.6656757666757,0.11022836156042401
./models/01_CTSM/components/cism/source_glc/glc_override_frac.F90,init_glc_frac_overrides,SUBROUTINE,51,0,False,1,5,62.907475208398566,2.4444444444444446,153.7738282871965,8.542990460399805,0.02096915840279952
./models/01_CTSM/components/cism/source_glc/glc_override_frac.F90,time_since_baseline,FUNCTION,294,0,False,1,6,129.65784284662087,2.875,372.766298184035,20.709238788001944,0.043219280948873624
./models/01_CTSM/components/cism/source_glc/glc_route_ice_runoff.F90,set_routing,SUBROUTINE,53,0,False,4,13,201.73835003173087,5.352941176470588,1079.8935207580887,59.99408448656048,0.06724611667724363
./models/01_CTSM/components/cism/source_glc/glc_route_ice_runoff.F90,route_ice_runoff,SUBROUTINE,92,0,False,4,19,435.98905644032214,8.88888888888889,3875.45827946953,215.30323774830723,0.14532968548010738
./models/01_CTSM/components/cism/source_glc/glc_route_ice_runoff.F90,ice_needs_ocean_coupling,FUNCTION,140,0,False,4,12,171.8953543301665,4.8125,827.2463927139263,45.958132928551464,0.05729845144338883
./models/01_CTSM/components/cism/source_glc/glc_route_ice_runoff.F90,ice_needs_sea_ice_coupling,FUNCTION,173,0,False,4,12,171.8953543301665,4.8125,827.2463927139263,45.958132928551464,0.05729845144338883
./models/01_CTSM/components/cism/source_glc/glc_RunMod.F90,glc_run,SUBROUTINE,59,2,False,8,43,1623.0016007384638,15.043478260869566,24415.589298065588,1356.4216276703105,0.541000533579488
./models/01_CTSM/components/cism/source_glc/glc_RunMod.F90,test_coupling_adjust_rofi,SUBROUTINE,207,0,False,1,8,171.30037948837168,2.75,471.0760435930221,26.17089131072345,0.05710012649612389
./models/01_CTSM/components/cism/source_glc/glc_time_management.F90,init_time2,SUBROUTINE,605,1,False,37,206,5283.268000775107,36.225,191386.38332807826,10632.576851559903,1.7610893335917024
./models/01_CTSM/components/cism/source_glc/glc_time_management.F90,time_stamp,SUBROUTINE,3195,0,False,24,71,1673.129163218712,23.479166666666664,39283.67847807267,2182.426582115148,0.557709721072904
./models/01_CTSM/components/cism/source_glc/glc_time_management.F90,valid_ymd_hms,FUNCTION,3655,0,False,23,73,1839.4060324700577,27.045454545454547,49747.572241803835,2763.7540134335463,0.6131353441566859
./models/01_CTSM/components/cism/source_glc/glc_time_management.F90,model_date,SUBROUTINE,1967,1,False,21,86,2759.554907760776,21.303370786516854,58787.82140578013,3265.990078098896,0.9198516359202588
./models/01_CTSM/components/cism/source_glc/glc_time_management.F90,time_manager,SUBROUTINE,1011,0,False,18,71,1934.3056911653314,19.340579710144926,37410.593403770064,2078.366300209448,0.6447685637217772
./models/01_CTSM/components/cism/source_glc/glc_time_management.F90,write_time_manager_options,SUBROUTINE,3843,0,False,18,95,2071.8878151877507,20.492753623188406,42458.686531528685,2358.8159184182605,0.6906292717292503
./models/01_CTSM/components/cism/source_glc/glc_time_management.F90,time_to_do,FUNCTION,1804,0,False,17,26,676.9695207110249,11.029411764705884,7466.575596077481,414.80975533763785,0.22565650690367495
./models/01_CTSM/components/cism/source_glc/glc_time_management.F90,init_time1,SUBROUTINE,358,1,False,16,112,2906.4616363713017,35.60843373493976,103494.54658187207,5749.697032326226,0.9688205454571005
./models/01_CTSM/components/cism/source_glc/glc_time_management.F90,time_to_start,FUNCTION,1874,0,False,15,37,835.8092005307079,16.0,13372.947208491327,742.9415115828515,0.27860306684356934
./models/01_CTSM/components/cism/source_glc/glc_time_management.F90,eday2ymd,SUBROUTINE,2755,2,False,11,72,2068.0395584293174,38.4375,79490.2705271269,4416.126140395939,0.6893465194764391
./models/01_CTSM/components/cism/source_glc/glc_time_management.F90,cesm_date_stamp,SUBROUTINE,3387,0,False,10,53,1256.3354214916305,17.16,21558.71583279638,1197.7064351553545,0.4187784738305435
./models/01_CTSM/components/cism/source_glc/glc_time_management.F90,init_time_flag,FUNCTION,1288,1,False,7,47,1249.7824916274685,23.22222222222222,29022.726750015656,1612.373708334203,0.4165941638758228
./models/01_CTSM/components/cism/source_glc/glc_time_management.F90,ymd_hms,SUBROUTINE,2255,1,False,7,35,1201.4332646234832,19.714285714285715,23685.398645434383,1315.8554803019101,0.4004777548744944
./models/01_CTSM/components/cism/source_glc/glc_time_management.F90,reduce_seconds,SUBROUTINE,2534,2,False,6,20,546.9926033910398,13.96153846153846,7636.858270421055,424.2699039122808,0.18233086779701327
./models/01_CTSM/components/cism/source_glc/glc_time_management.F90,valid_date,FUNCTION,3597,0,False,6,14,403.21242259558846,7.565217391304348,3050.3896318101038,169.46609065611688,0.13440414086519614
./models/01_CTSM/components/cism/source_glc/glc_time_management.F90,hms,SUBROUTINE,2417,0,False,5,23,625.5609251745198,14.807692307692308,9263.11369969962,514.61742776109,0.2085203083915066
./models/01_CTSM/components/cism/source_glc/glc_time_management.F90,reset_time_flag,SUBROUTINE,1515,0,False,3,7,174.22857502740393,6.5,1132.4857376781256,62.91587431545142,0.05807619167580131
./models/01_CTSM/components/cism/source_glc/glc_time_management.F90,reset_time_flag_all,SUBROUTINE,1553,1,False,3,8,126.71134807876051,4.166666666666667,527.9639503281688,29.331330573787156,0.042237116026253504
./models/01_CTSM/components/cism/source_glc/glc_time_management.F90,set_time_flag_all,SUBROUTINE,1759,1,False,3,9,193.26196660226546,6.200000000000001,1198.224192934046,66.56801071855811,0.06442065553408849
./models/01_CTSM/components/cism/source_glc/glc_time_management.F90,ymd2eday,SUBROUTINE,2953,0,False,3,21,695.9688064631837,13.042857142857143,9077.421718584095,504.3012065880053,0.23198960215439457
./models/01_CTSM/components/cism/source_glc/glc_time_management.F90,set_switches,SUBROUTINE,1256,0,False,2,5,39.0,3.5,136.5,7.583333333333333,0.013
./models/01_CTSM/components/cism/source_glc/glc_time_management.F90,set_time_flag,SUBROUTINE,1440,0,False,2,6,167.37179237410948,6.125,1025.1522282914204,56.95290157174558,0.055790597458036495
./models/01_CTSM/components/cism/source_glc/glc_time_management.F90,set_time_flag_last,SUBROUTINE,1479,0,False,2,6,167.37179237410948,6.125,1025.1522282914204,56.95290157174558,0.055790597458036495
./models/01_CTSM/components/cism/source_glc/glc_time_management.F90,check_time_flag,FUNCTION,1593,0,False,2,8,169.64361252668277,6.25,1060.2725782917673,58.904032127320406,0.05654787084222759
./models/01_CTSM/components/cism/source_glc/glc_time_management.F90,check_time_flag_freq_opt,FUNCTION,1635,0,False,2,6,149.33879237447786,6.25,933.3674523404866,51.85374735224926,0.04977959745815929
./models/01_CTSM/components/cism/source_glc/glc_time_management.F90,check_time_flag_freq,FUNCTION,1676,0,False,2,6,149.33879237447786,6.25,933.3674523404866,51.85374735224926,0.04977959745815929
./models/01_CTSM/components/cism/source_glc/glc_time_management.F90,check_time_flag_last,FUNCTION,1717,0,False,2,6,153.80110650593844,5.46875,841.0998012043508,46.727766733575045,0.05126703550197948
./models/01_CTSM/components/cism/source_glc/glc_time_management.F90,reduce_months,SUBROUTINE,2500,1,False,2,7,133.437600046154,5.5,733.906800253847,40.77260001410261,0.04447920001538466
./models/01_CTSM/components/cism/source_glc/glc_time_management.F90,leap_adjust,SUBROUTINE,2617,0,False,2,14,233.18308776612344,4.931818181818182,1150.0165919374724,63.88981066319291,0.07772769592204115
./models/01_CTSM/components/cism/source_glc/glc_time_management.F90,date2ymd,SUBROUTINE,2678,0,False,2,8,236.83666567851094,6.315789473684211,1495.810520074806,83.10058444860033,0.07894555522617032
./models/01_CTSM/components/cism/source_glc/glc_time_management.F90,date2eday,SUBROUTINE,3044,0,False,2,8,212.60741193467962,5.277777777777778,1122.094674099698,62.33859300553878,0.07086913731155987
./models/01_CTSM/components/cism/source_glc/glc_time_management.F90,prior_days,SUBROUTINE,3145,1,False,2,9,232.7928234072743,6.25,1454.9551462954644,80.83084146085913,0.07759760780242476
./models/01_CTSM/components/cism/source_glc/glc_time_management.F90,is_near,FUNCTION,3494,0,False,2,9,173.9178331268546,6.3,1095.6823486991839,60.8712415943991,0.05797261104228486
./models/01_CTSM/components/cism/source_glc/glc_time_management.F90,is_leapyear,FUNCTION,3542,0,False,2,6,204.32967235008786,6.222222222222221,1271.3846279561021,70.63247933089457,0.06810989078336262
./models/01_CTSM/components/cism/source_glc/glc_time_management.F90,int_to_char,SUBROUTINE,4044,1,False,2,12,309.0676876406254,9.894736842105264,3058.143435601978,169.89685753344324,0.10302256254687514
./models/01_CTSM/components/cism/source_glc/glc_time_management.F90,reset_switches,SUBROUTINE,1226,0,False,1,7,65.72920075410865,2.4375,160.21492683813983,8.900829268785547,0.02190973358470288
./models/01_CTSM/components/cism/source_glc/glc_time_management.F90,get_tday,SUBROUTINE,2202,0,False,1,12,366.29732457002444,4.821428571428571,1766.0763863197606,98.11535479554226,0.12209910819000815
./models/01_CTSM/components/cism/source_glc/glc_time_management.F90,ymd2date,SUBROUTINE,2719,0,False,1,5,150.11730005192322,4.0,600.4692002076929,33.3594000115385,0.05003910001730774
./models/01_CTSM/components/cism/source_glc/glc_time_management.F90,eday2date,SUBROUTINE,3096,0,False,1,7,166.7970000576925,3.4,567.1098001961544,31.50610001089747,0.05559900001923083
./models/01_CTSM/components/cism/source_glc/history_tape_base.F90,write_history,SUBROUTINE,79,0,False,4,21,616.9157729060146,8.513513513513514,5252.12076933499,291.7844871852772,0.20563859096867151
./models/01_CTSM/components/cism/source_glc/history_tape_base.F90,set_history_vars,SUBROUTINE,175,0,False,2,12,307.16017124398627,9.204545454545455,2827.2697580412373,157.07054211340207,0.10238672374799543
./models/01_CTSM/components/cism/source_glc/history_tape_base.F90,set_icesheet_name,SUBROUTINE,137,0,False,1,6,120.0,2.6538461538461537,318.46153846153845,17.692307692307693,0.04
./models/01_CTSM/components/cism/source_glc/history_tape_base.F90,get_icesheet_name,FUNCTION,156,0,False,1,6,118.53642239625984,2.4642857142857144,292.1076123336403,16.22820068520224,0.03951214079875328
./models/01_CTSM/components/cism/source_glc/history_tape_standard.F90,history_frequency_string,FUNCTION,95,0,False,7,27,560.8010119689911,10.09090909090909,5658.99202986891,314.38844610382836,0.18693367065633038
./models/01_CTSM/components/cism/source_glc/history_tape_standard.F90,constructor,FUNCTION,35,0,False,1,12,311.77745004903863,6.973684210526315,2174.2374806051375,120.79097114472987,0.10392581668301287
./models/01_CTSM/components/cism/source_glc/history_tape_standard.F90,is_time_to_write_hist,FUNCTION,72,0,False,1,6,112.58797503894243,1.5625,175.91871099834754,9.77326172213042,0.03752932501298081
./models/01_CTSM/components/cism/source_glc/POP_files/exit_mod.F90,exit_POP,SUBROUTINE,50,0,False,8,30,457.8716557125305,12.43478260869565,5693.534501468857,316.3074723038254,0.15262388523751017
./models/01_CTSM/components/cism/source_glc/POP_files/exit_mod.F90,flushm,SUBROUTINE,136,0,False,2,6,94.0116453487578,4.090909090909091,384.5930946085546,21.36628303380859,0.0313372151162526
./models/01_CTSM/components/cism/source_glc/POP_files/forcing_coupled.F90,init_coupled,SUBROUTINE,264,6,False,37,226,9258.684505290323,41.08744394618834,380415.6806265586,21134.204479253254,3.0862281684301074
./models/01_CTSM/components/cism/source_glc/POP_files/forcing_coupled.F90,recv_from_coupler,SUBROUTINE,1011,14,False,29,173,8221.035131017572,49.01234567901234,402932.21568073775,22385.12309337432,2.740345043672524
./models/01_CTSM/components/cism/source_glc/POP_files/forcing_coupled.F90,send_to_coupler,SUBROUTINE,1479,19,False,26,118,4656.126027017792,24.56779661016949,114390.75722308965,6355.042067949425,1.5520420090059306
./models/01_CTSM/components/cism/source_glc/POP_files/forcing_coupled.F90,set_coupled_forcing,SUBROUTINE,760,2,False,12,49,1645.5051418916719,20.416666666666664,33595.7299802883,1866.4294433493499,0.5485017139638906
./models/01_CTSM/components/cism/source_glc/POP_files/forcing_coupled.F90,tavg_coupled_forcing,SUBROUTINE,1813,1,False,12,38,910.9525716751326,7.7560975609756095,7065.4370193339555,392.52427885188644,0.3036508572250442
./models/01_CTSM/components/cism/source_glc/POP_files/forcing_coupled.F90,set_combined_forcing,SUBROUTINE,899,5,False,10,35,1349.0103901183738,19.125,25799.823711013898,1433.323539500772,0.44967013003945794
./models/01_CTSM/components/cism/source_glc/POP_files/forcing_coupled.F90,sum_buffer,SUBROUTINE,1725,1,False,4,19,717.9119686188233,15.32258064516129,11000.264035288421,611.1257797382456,0.23930398953960774
./models/01_CTSM/components/cism/source_glc/POP_files/grid.F90,init_grid2,SUBROUTINE,383,33,False,91,300,12281.081696935022,65.625,805945.9863613608,44774.7770200756,4.093693898978341
./models/01_CTSM/components/cism/source_glc/POP_files/grid.F90,read_horiz_grid,SUBROUTINE,1073,8,False,32,105,4072.683844331906,43.35365853658537,176565.74471463327,9809.208039701849,1.3575612814439688
./models/01_CTSM/components/cism/source_glc/POP_files/grid.F90,area_masks,SUBROUTINE,2084,8,False,28,123,4616.7721460505945,48.760000000000005,225113.80984142702,12506.322768968168,1.5389240486835316
./models/01_CTSM/components/cism/source_glc/POP_files/grid.F90,topography_internal,SUBROUTINE,1525,5,False,15,42,1454.903619058831,17.727272727272727,25791.473246952006,1432.859624830667,0.48496787301961036
./models/01_CTSM/components/cism/source_glc/POP_files/grid.F90,init_grid1,SUBROUTINE,245,1,False,14,77,1595.381457090394,30.479166666666668,48625.89732756763,2701.438740420424,0.5317938190301313
./models/01_CTSM/components/cism/source_glc/POP_files/grid.F90,smooth_topography,SUBROUTINE,1879,5,False,11,35,1835.5415892414314,38.868421052631575,71344.60335025247,3963.589075014026,0.6118471964138105
./models/01_CTSM/components/cism/source_glc/POP_files/grid.F90,horiz_grid_internal,SUBROUTINE,946,5,False,10,54,2166.4385956080064,26.541666666666664,57500.891058429166,3194.4939476905092,0.7221461985360021
./models/01_CTSM/components/cism/source_glc/POP_files/grid.F90,vert_grid_internal,SUBROUTINE,1290,1,False,9,36,1106.1229416844415,24.166666666666668,26731.30442404067,1485.0724680022595,0.36870764722814714
./models/01_CTSM/components/cism/source_glc/POP_files/grid.F90,remove_points,SUBROUTINE,1796,6,False,9,30,1016.4897598570077,20.742857142857144,21084.901875891075,1171.3834375495042,0.3388299199523359
./models/01_CTSM/components/cism/source_glc/POP_files/grid.F90,calc_tpoints,SUBROUTINE,2411,4,False,9,48,2460.383382745873,44.21052631578947,108774.84428981754,6043.046904989864,0.8201277942486244
./models/01_CTSM/components/cism/source_glc/POP_files/grid.F90,read_vert_grid,SUBROUTINE,1457,1,False,8,23,626.0712529815829,13.609375,8520.43845854623,473.3576921414572,0.20869041766052765
./models/01_CTSM/components/cism/source_glc/POP_files/grid.F90,fill_points,SUBROUTINE,2552,4,False,8,39,2120.7319238629584,37.528301886792455,79587.46785968725,4421.525992204847,0.7069106412876528
./models/01_CTSM/components/cism/source_glc/POP_files/grid.F90,read_topography,SUBROUTINE,1636,0,False,6,26,767.3955103617119,10.063829787234042,7722.937795767866,429.05209976488146,0.255798503453904
./models/01_CTSM/components/cism/source_glc/POP_files/grid.F90,read_bottom_cell,SUBROUTINE,1720,0,False,6,22,788.2741686144868,10.3125,8129.0773638368955,451.61540910204974,0.26275805620482895
./models/01_CTSM/components/cism/source_glc/POP_files/grid.F90,landmasks,SUBROUTINE,2000,0,False,3,26,768.2068890288012,10.285714285714285,7901.556572867669,438.97536515931495,0.2560689630096004
./models/01_CTSM/components/cism/source_glc/POP_files/grid.F90,ugrid_to_tgrid,SUBROUTINE,2730,2,False,3,13,544.9615941425562,9.959999999999999,5427.81747765986,301.5454154255478,0.1816538647141854
./models/01_CTSM/components/cism/source_glc/POP_files/grid.F90,tgrid_to_ugrid,SUBROUTINE,2795,2,False,3,13,559.3855278993711,10.625,5943.471233930818,330.1928463294899,0.1864618426331237
./models/01_CTSM/components/cism/source_glc/POP_files/grid.F90,compute_dz,SUBROUTINE,1407,1,False,2,10,301.19482169790945,8.380952380952381,2524.299458039622,140.238858779979,0.10039827389930314
./models/01_CTSM/components/cism/source_glc/POP_files/grid.F90,cf_area_avg,SUBROUTINE,2354,0,False,1,14,361.2139611096211,5.666666666666667,2046.8791129545195,113.71550627525109,0.12040465370320703
./models/01_CTSM/components/cism/source_glc/POP_files/io.F90,data_set,SUBROUTINE,49,0,False,24,55,1122.026948038883,16.97142857142857,19042.4002038599,1057.9111224366611,0.3740089826796276
./models/01_CTSM/components/cism/source_glc/POP_files/io_binary.F90,define_field_binary,SUBROUTINE,589,9,False,57,235,8101.782668648792,81.98484848484848,664223.4245463427,36901.30136368571,2.700594222882931
./models/01_CTSM/components/cism/source_glc/POP_files/io_binary.F90,open_read_binary,SUBROUTINE,85,4,False,23,96,2792.220812343129,39.229166666666664,109536.495617544,6085.360867641333,0.930740270781043
./models/01_CTSM/components/cism/source_glc/POP_files/io_binary.F90,open_binary,SUBROUTINE,311,5,False,15,147,4442.660608831238,43.394366197183096,192786.44134942317,10710.357852745732,1.4808868696104127
./models/01_CTSM/components/cism/source_glc/POP_files/io_binary.F90,read_int_3d,SUBROUTINE,1368,2,False,9,29,1024.3699753850974,22.692307692307693,23245.31867220029,1291.4065929000162,0.34145665846169915
./models/01_CTSM/components/cism/source_glc/POP_files/io_binary.F90,read_real4_3d,SUBROUTINE,1462,2,False,9,29,1033.7091761262534,21.585365853658537,22312.99075296913,1239.6105973871738,0.3445697253754178
./models/01_CTSM/components/cism/source_glc/POP_files/io_binary.F90,read_real8_3d,SUBROUTINE,1556,2,False,9,29,1033.7091761262534,21.585365853658537,22312.99075296913,1239.6105973871738,0.3445697253754178
./models/01_CTSM/components/cism/source_glc/POP_files/io_binary.F90,write_int_3d,SUBROUTINE,1828,2,False,9,29,975.6571588190972,23.333333333333332,22765.333705778932,1264.7407614321628,0.32521905293969905
./models/01_CTSM/components/cism/source_glc/POP_files/io_binary.F90,write_real4_3d,SUBROUTINE,1936,2,False,9,29,985.2023181848701,22.105263157894736,21778.156507244497,1209.8975837358055,0.32840077272829005
./models/01_CTSM/components/cism/source_glc/POP_files/io_binary.F90,write_real8_3d,SUBROUTINE,2044,2,False,9,29,985.2023181848701,22.105263157894736,21778.156507244497,1209.8975837358055,0.32840077272829005
./models/01_CTSM/components/cism/source_glc/POP_files/io_binary.F90,read_field_binary,SUBROUTINE,1100,0,False,8,23,700.0,14.700000000000001,10290.0,571.6666666666666,0.23333333333333334
./models/01_CTSM/components/cism/source_glc/POP_files/io_binary.F90,write_field_binary,SUBROUTINE,1032,0,False,7,21,505.40973134767745,9.125,4611.863798547557,256.2146554748643,0.16846991044922582
./models/01_CTSM/components/cism/source_glc/POP_files/io_binary.F90,close_binary,SUBROUTINE,553,0,False,3,5,171.8953543301665,7.2,1237.6465511771987,68.75814173206659,0.05729845144338883
./models/01_CTSM/components/cism/source_glc/POP_files/io_binary.F90,read_int_2d,SUBROUTINE,1167,0,False,3,12,372.23460010384645,7.0,2605.6422007269252,144.75790004038473,0.12407820003461548
./models/01_CTSM/components/cism/source_glc/POP_files/io_binary.F90,read_real4_2d,SUBROUTINE,1234,0,False,3,12,377.85078096793814,6.548387096774193,2474.313178596498,137.461843255361,0.12595026032264606
./models/01_CTSM/components/cism/source_glc/POP_files/io_binary.F90,read_real8_2d,SUBROUTINE,1301,0,False,3,12,377.85078096793814,6.548387096774193,2474.313178596498,137.461843255361,0.12595026032264606
./models/01_CTSM/components/cism/source_glc/POP_files/io_binary.F90,write_int_2d,SUBROUTINE,1650,0,False,3,12,332.93001187765793,7.0,2330.5100831436057,129.472782396867,0.11097667062588598
./models/01_CTSM/components/cism/source_glc/POP_files/io_binary.F90,write_real4_2d,SUBROUTINE,1710,0,False,3,12,338.53267911836775,6.5,2200.4624142693906,122.24791190385503,0.11284422637278925
./models/01_CTSM/components/cism/source_glc/POP_files/io_binary.F90,write_real8_2d,SUBROUTINE,1769,0,False,3,12,338.53267911836775,6.5,2200.4624142693906,122.24791190385503,0.11284422637278925
./models/01_CTSM/components/cism/source_glc/POP_files/io_ccsm.F90,data_set_nstd_ccsm,SUBROUTINE,57,0,False,6,32,1506.688044278647,15.901639344262295,23958.809884430946,1331.044993579497,0.5022293480928823
./models/01_CTSM/components/cism/source_glc/POP_files/io_netcdf.F90,define_field_netcdf,SUBROUTINE,618,7,False,97,315,11999.189283041549,73.33884297520662,880006.6586587662,48889.2588143759,3.9997297610138496
./models/01_CTSM/components/cism/source_glc/POP_files/io_netcdf.F90,read_field_netcdf,SUBROUTINE,1683,6,False,65,188,6670.00543389539,59.733333333333334,398421.65791801794,22134.536551000998,2.2233351446317964
./models/01_CTSM/components/cism/source_glc/POP_files/io_netcdf.F90,write_field_netcdf,SUBROUTINE,1280,6,False,56,163,5711.596886112363,55.33783783783784,316067.4222787855,17559.301237710304,1.903865628704121
./models/01_CTSM/components/cism/source_glc/POP_files/io_netcdf.F90,write_nstd_netcdf,SUBROUTINE,2369,1,False,43,157,4526.6305141400235,38.20731707317073,172950.4073268377,9608.355962602094,1.5088768380466744
./models/01_CTSM/components/cism/source_glc/POP_files/io_netcdf.F90,open_read_netcdf,SUBROUTINE,65,1,False,37,146,4020.7676589278403,29.157534246575345,117235.67071271109,6513.092817372838,1.3402558863092802
./models/01_CTSM/components/cism/source_glc/POP_files/io_netcdf.F90,open_netcdf,SUBROUTINE,374,5,False,24,117,3017.7489889932517,28.21875,85157.10428315333,4730.950237952962,1.0059163296644171
./models/01_CTSM/components/cism/source_glc/POP_files/io_netcdf.F90,define_nstd_netcdf,SUBROUTINE,2190,0,False,19,65,2123.6330510451007,19.206349206349206,40787.237964517015,2265.9576646953897,0.7078776836817002
./models/01_CTSM/components/cism/source_glc/POP_files/io_netcdf.F90,define_var,SUBROUTINE,2753,0,False,5,25,795.6076243218918,10.543478260869566,8388.471691219947,466.02620506777487,0.2652025414406306
./models/01_CTSM/components/cism/source_glc/POP_files/io_netcdf.F90,define_dimensions,SUBROUTINE,2681,1,False,4,18,549.6818307616738,9.67741935483871,5319.501588016198,295.5278660008999,0.18322727692055796
./models/01_CTSM/components/cism/source_glc/POP_files/io_netcdf.F90,check_file_open,SUBROUTINE,2842,0,False,3,13,305.0255750850964,6.0,1830.1534505105785,101.67519169503214,0.10167519169503214
./models/01_CTSM/components/cism/source_glc/POP_files/io_netcdf.F90,close_netcdf,SUBROUTINE,584,0,False,2,6,100.07820003461549,3.269230769230769,327.1787308823968,18.176596160133155,0.0333594000115385
./models/01_CTSM/components/cism/source_glc/POP_files/io_netcdf.F90,check_status,SUBROUTINE,2151,0,False,2,7,127.37720526058406,5.846153846153846,744.6667384464914,41.37037435813841,0.04245906842019469
./models/01_CTSM/components/cism/source_glc/POP_files/io_netcdf.F90,check_definemode,SUBROUTINE,2903,0,False,2,8,204.035201795358,5.090909090909091,1038.7246636854588,57.70692576030327,0.068011733931786
./models/01_CTSM/components/cism/source_glc/POP_files/io_tools.F90,document_char,SUBROUTINE,49,0,False,3,14,300.82814196102987,10.588235294117647,3185.23915017561,176.95773056531166,0.10027604732034329
./models/01_CTSM/components/cism/source_glc/POP_files/io_tools.F90,document_int,SUBROUTINE,89,0,False,2,9,192.56842503028855,7.0,1347.9789752120198,74.88772084511221,0.06418947501009618
./models/01_CTSM/components/cism/source_glc/POP_files/io_tools.F90,document_log,SUBROUTINE,124,0,False,2,9,192.56842503028855,7.0,1347.9789752120198,74.88772084511221,0.06418947501009618
./models/01_CTSM/components/cism/source_glc/POP_files/io_tools.F90,document_dbl,SUBROUTINE,160,0,False,2,9,192.56842503028855,7.0,1347.9789752120198,74.88772084511221,0.06418947501009618
./models/01_CTSM/components/cism/source_glc/POP_files/io_tools.F90,document_real,SUBROUTINE,195,0,False,2,9,192.56842503028855,7.0,1347.9789752120198,74.88772084511221,0.06418947501009618
./models/01_CTSM/components/cism/source_glc/POP_files/io_types.F90,construct_io_field,FUNCTION,1692,0,False,37,171,4920.418285753576,24.945652173913043,122743.04310657019,6819.057950365011,1.6401394285845254
./models/01_CTSM/components/cism/source_glc/POP_files/io_types.F90,construct_file,FUNCTION,230,0,False,19,111,2639.8689319221444,26.36363636363636,69596.54456885652,3866.474698269807,0.8799563106407148
./models/01_CTSM/components/cism/source_glc/POP_files/io_types.F90,extract_attrib_file_char,SUBROUTINE,1068,1,False,13,46,949.5564378569723,17.675,16783.410039121984,932.4116688401102,0.31651881261899073
./models/01_CTSM/components/cism/source_glc/POP_files/io_types.F90,destroy_file,SUBROUTINE,1588,0,False,12,40,983.1940281781483,13.192307692307692,12970.59814096557,720.5887856091983,0.3277313427260494
./models/01_CTSM/components/cism/source_glc/POP_files/io_types.F90,extract_attrib_io_field_char,SUBROUTINE,2670,1,False,11,40,849.3655180030227,16.763157894736842,14238.048288629618,791.0026827016454,0.2831218393343409
./models/01_CTSM/components/cism/source_glc/POP_files/io_types.F90,extract_attrib_file_int,SUBROUTINE,1292,1,False,10,37,805.4843985599523,16.64864864864865,13410.22674359272,745.0125968662622,0.2684947995199841
./models/01_CTSM/components/cism/source_glc/POP_files/io_types.F90,extract_attrib_io_field_real,SUBROUTINE,2961,1,False,9,33,731.7428691143228,14.945945945945946,10936.589368114068,607.5882982285593,0.24391428970477427
./models/01_CTSM/components/cism/source_glc/POP_files/io_types.F90,extract_attrib_file_log,SUBROUTINE,1190,1,False,8,31,701.838730514401,15.400000000000002,10808.316449921778,600.4620249956544,0.23394624350480034
./models/01_CTSM/components/cism/source_glc/POP_files/io_types.F90,extract_attrib_io_field_int,SUBROUTINE,2865,1,False,8,31,701.838730514401,15.400000000000002,10808.316449921778,600.4620249956544,0.23394624350480034
./models/01_CTSM/components/cism/source_glc/POP_files/io_types.F90,init_io,SUBROUTINE,3225,1,False,8,54,1322.4074435197942,23.877551020408163,31575.851202411413,1754.213955689523,0.44080248117326476
./models/01_CTSM/components/cism/source_glc/POP_files/io_types.F90,add_attrib_file_char,SUBROUTINE,487,2,False,6,43,1151.0155180436177,24.972972972972975,28744.279423575754,1596.9044124208751,0.3836718393478726
./models/01_CTSM/components/cism/source_glc/POP_files/io_types.F90,add_attrib_file_log,SUBROUTINE,600,2,False,6,41,1111.7125491348113,24.0,26681.10117923547,1482.283398846415,0.37057084971160376
./models/01_CTSM/components/cism/source_glc/POP_files/io_types.F90,add_attrib_file_int,SUBROUTINE,717,2,False,6,41,1111.7125491348113,24.0,26681.10117923547,1482.283398846415,0.37057084971160376
./models/01_CTSM/components/cism/source_glc/POP_files/io_types.F90,add_attrib_file_real,SUBROUTINE,834,2,False,6,41,1123.140217710356,22.769230769230766,25573.03880325118,1420.724377958399,0.3743800725701186
./models/01_CTSM/components/cism/source_glc/POP_files/io_types.F90,add_attrib_file_dbl,SUBROUTINE,951,2,False,6,41,1123.140217710356,22.769230769230766,25573.03880325118,1420.724377958399,0.3743800725701186
./models/01_CTSM/components/cism/source_glc/POP_files/io_types.F90,extract_attrib_file_real,SUBROUTINE,1402,1,False,6,23,572.1226517227967,11.142857142857142,6375.080976339735,354.1711653522075,0.19070755057426558
./models/01_CTSM/components/cism/source_glc/POP_files/io_types.F90,extract_attrib_file_dbl,SUBROUTINE,1495,1,False,6,23,572.1226517227967,11.142857142857142,6375.080976339735,354.1711653522075,0.19070755057426558
./models/01_CTSM/components/cism/source_glc/POP_files/io_types.F90,destroy_io_field,SUBROUTINE,2017,0,False,6,52,982.0309770208021,6.130434782608695,6020.276859127525,334.45982550708476,0.327343659006934
./models/01_CTSM/components/cism/source_glc/POP_files/io_types.F90,extract_attrib_io_field_log,SUBROUTINE,2778,1,False,6,23,565.6608689219565,11.818181818181818,6685.082996350396,371.3934997972442,0.1885536229739855
./models/01_CTSM/components/cism/source_glc/POP_files/io_types.F90,extract_attrib_io_field_dbl,SUBROUTINE,3062,1,False,6,23,572.1226517227967,11.142857142857142,6375.080976339735,354.1711653522075,0.19070755057426558
./models/01_CTSM/components/cism/source_glc/POP_files/io_types.F90,add_attrib_io_field_char,SUBROUTINE,2112,1,False,5,37,988.1889325642767,21.405405405405403,21152.584718673163,1175.1435954818423,0.3293963108547589
./models/01_CTSM/components/cism/source_glc/POP_files/io_types.F90,add_attrib_io_field_log,SUBROUTINE,2218,1,False,5,37,1010.8782126305292,22.666666666666664,22913.239486291994,1272.9577492384442,0.3369594042101764
./models/01_CTSM/components/cism/source_glc/POP_files/io_types.F90,add_attrib_io_field_int,SUBROUTINE,2331,1,False,5,37,1010.8782126305292,22.666666666666664,22913.239486291994,1272.9577492384442,0.3369594042101764
./models/01_CTSM/components/cism/source_glc/POP_files/io_types.F90,add_attrib_io_field_real,SUBROUTINE,2444,1,False,5,37,1021.5379703492251,21.473684210526315,21936.183784341254,1218.6768769078474,0.340512656783075
./models/01_CTSM/components/cism/source_glc/POP_files/io_types.F90,add_attrib_io_field_dbl,SUBROUTINE,2557,1,False,5,37,1021.5379703492251,21.473684210526315,21936.183784341254,1218.6768769078474,0.340512656783075
./models/01_CTSM/components/cism/source_glc/POP_files/io_types.F90,construct_io_dim,FUNCTION,3149,0,False,5,31,620.4604766810897,10.634615384615383,6598.358530858512,366.575473936584,0.2068201588936966
./models/01_CTSM/components/cism/source_glc/POP_files/io_types.F90,get_unit,SUBROUTINE,3357,1,False,3,11,188.86964917948671,7.0,1322.087544256407,73.44930801424483,0.06295654972649557
./models/01_CTSM/components/cism/source_glc/POP_files/io_types.F90,release_unit,SUBROUTINE,3404,0,False,1,4,60.94436251225965,1.4,85.3221075171635,4.740117084286862,0.02031478750408655
./models/01_CTSM/components/cism/source_glc/POP_files/output.F90,output_driver,SUBROUTINE,50,0,False,2,18,335.0,4.351851851851852,1457.8703703703704,80.99279835390946,0.11166666666666666
./models/01_CTSM/components/cism/source_glc/POP_files/output.F90,init_output,SUBROUTINE,133,0,False,1,6,39.0,1.3333333333333333,52.0,2.888888888888889,0.013
./models/01_CTSM/components/cism/source_glc/POP_files/POP.F90,POP,PROGRAM,1,1,False,5,29,623.9667876168645,13.243243243243244,8263.343944115233,459.0746635619574,0.2079889292056215
./models/01_CTSM/components/cism/source_glc/POP_files/POP_ErrorMod.F90,POP_ErrorPrint,SUBROUTINE,136,2,False,13,49,827.2806355747864,18.043478260869566,14927.020163632016,829.2788979795564,0.27576021185826216
./models/01_CTSM/components/cism/source_glc/POP_files/POP_ErrorMod.F90,POP_ErrorSet,SUBROUTINE,81,0,False,2,9,183.39850002884623,5.5588235294117645,1019.4798972191746,56.63777206773192,0.06113283334294874
./models/01_CTSM/components/cism/source_glc/POP_files/POP_FinalMod.F90,POP_Final,SUBROUTINE,56,0,False,2,10,164.99896988958,4.3125,711.5580576488137,39.53100320271187,0.05499965662986
./models/01_CTSM/components/cism/source_glc/POP_files/POP_InitMod.F90,POP_Initialize,SUBROUTINE,51,0,False,1,5,66.60791492653966,2.0999999999999996,139.87662134573327,7.770923408096293,0.022202638308846556
./models/01_CTSM/components/cism/source_glc/POP_files/POP_IOUnitsMod.F90,POP_IOUnitsGet,SUBROUTINE,87,1,False,6,23,457.8716557125305,9.72,4450.512493525797,247.2506940847665,0.15262388523751017
./models/01_CTSM/components/cism/source_glc/POP_files/POP_IOUnitsMod.F90,POP_IOUnitsReserve,SUBROUTINE,209,0,False,4,15,253.82374477961895,6.666666666666667,1692.158298530793,94.00879436282183,0.08460791492653964
./models/01_CTSM/components/cism/source_glc/POP_files/POP_IOUnitsMod.F90,POP_IOUnitsRelease,SUBROUTINE,163,0,False,2,7,125.33591475173351,6.0,752.015488510401,41.778638250577835,0.041778638250577836
./models/01_CTSM/components/cism/source_glc/POP_files/registry.F90,registry_match,FUNCTION,80,1,False,3,12,228.23460010384647,6.526315789473684,1489.5310743619455,82.75172635344141,0.07607820003461549
./models/01_CTSM/components/cism/source_glc/POP_files/registry.F90,registry_err_check,SUBROUTINE,153,0,False,3,16,331.93115279592064,10.952380952380953,3635.436435383893,201.9686908546607,0.11064371759864021
./models/01_CTSM/components/cism/source_glc/POP_files/registry.F90,init_registry,SUBROUTINE,53,1,False,2,8,100.0,2.6666666666666665,266.66666666666663,14.814814814814813,0.03333333333333333
./models/01_CTSM/components/cism/source_glc/POP_files/registry.F90,register_string,SUBROUTINE,127,0,False,2,7,120.92782504182705,5.7272727272727275,692.586634330464,38.47703524058133,0.04030927501394235
./models/01_CTSM/components/cism/source_glc/POP_files/registry.F90,trap_registry_failure,SUBROUTINE,208,0,False,2,5,51.89147427955946,3.333333333333333,172.97158093186485,9.609532273992492,0.017297158093186486
./models/01_CTSM/components/cism/source_glc/POP_files/registry.F90,reset_registry_failure_count,SUBROUTINE,122,0,False,1,3,20.67970000576925,1.5,31.019550008653873,1.723308333814104,0.006893233335256416
./models/01_CTSM/components/cism/source_glc/POP_files/step_mod.F90,step,SUBROUTINE,89,19,False,38,196,9292.143000432901,59.7972972972973,555645.0375258863,30869.16875143813,3.0973810001443005
./models/01_CTSM/components/cism/source_glc/POP_files/time_management.F90,init_time2,SUBROUTINE,816,2,False,42,227,6254.961444101814,38.713740458015266,242152.95392184998,13452.941884547221,2.084987148033938
./models/01_CTSM/components/cism/source_glc/POP_files/time_management.F90,write_time_manager_options,SUBROUTINE,4274,2,False,38,175,4177.18174950671,31.636363636363637,132150.8408025759,7341.713377920883,1.3923939165022365
./models/01_CTSM/components/cism/source_glc/POP_files/time_management.F90,time_manager,SUBROUTINE,1282,0,False,33,107,3105.404853251699,20.909090909090907,64931.19238617188,3607.288465898438,1.0351349510838996
./models/01_CTSM/components/cism/source_glc/POP_files/time_management.F90,init_time1,SUBROUTINE,439,4,False,31,193,5377.443751081734,41.62809917355372,223852.76177023718,12436.264542790954,1.792481250360578
./models/01_CTSM/components/cism/source_glc/POP_files/time_management.F90,model_date,SUBROUTINE,2394,0,False,30,98,3012.6798259649067,21.91304347826087,66016.98401244839,3667.6102229137996,1.004226608654969
./models/01_CTSM/components/cism/source_glc/POP_files/time_management.F90,time_stamp,SUBROUTINE,3626,0,False,24,71,1673.129163218712,23.479166666666664,39283.67847807267,2182.426582115148,0.557709721072904
./models/01_CTSM/components/cism/source_glc/POP_files/time_management.F90,valid_ymd_hms,FUNCTION,4086,0,False,23,73,1839.4060324700577,27.045454545454547,49747.572241803835,2763.7540134335463,0.6131353441566859
./models/01_CTSM/components/cism/source_glc/POP_files/time_management.F90,time_to_do,FUNCTION,2231,0,False,17,26,676.9695207110249,11.029411764705884,7466.575596077481,414.80975533763785,0.22565650690367495
./models/01_CTSM/components/cism/source_glc/POP_files/time_management.F90,set_switches,SUBROUTINE,1616,0,False,16,36,892.1476772854095,19.615384615384613,17499.819823675338,972.2122124264076,0.2973825590951365
./models/01_CTSM/components/cism/source_glc/POP_files/time_management.F90,time_to_start,FUNCTION,2301,0,False,15,37,835.8092005307079,16.0,13372.947208491327,742.9415115828515,0.27860306684356934
./models/01_CTSM/components/cism/source_glc/POP_files/time_management.F90,eday2ymd,SUBROUTINE,3202,2,False,11,70,2036.824369382609,38.945454545454545,79325.05089486451,4406.947271936918,0.6789414564608697
./models/01_CTSM/components/cism/source_glc/POP_files/time_management.F90,ccsm_date_stamp,SUBROUTINE,3818,0,False,10,53,1256.3354214916305,17.16,21558.71583279638,1197.7064351553545,0.4187784738305435
./models/01_CTSM/components/cism/source_glc/POP_files/time_management.F90,ymd_hms,SUBROUTINE,2701,1,False,8,40,1363.5109550785944,22.895833333333336,31218.719575653653,1734.3733097585364,0.45450365169286483
./models/01_CTSM/components/cism/source_glc/POP_files/time_management.F90,init_time_flag,FUNCTION,1716,1,False,7,47,1249.7824916274685,23.22222222222222,29022.726750015656,1612.373708334203,0.4165941638758228
./models/01_CTSM/components/cism/source_glc/POP_files/time_management.F90,reduce_seconds,SUBROUTINE,2980,1,False,6,21,553.4805218682857,13.714285714285714,7590.590014193632,421.69944523297954,0.18449350728942857
./models/01_CTSM/components/cism/source_glc/POP_files/time_management.F90,valid_date,FUNCTION,4028,0,False,6,14,403.21242259558846,7.565217391304348,3050.3896318101038,169.46609065611688,0.13440414086519614
./models/01_CTSM/components/cism/source_glc/POP_files/time_management.F90,hms,SUBROUTINE,2863,0,False,5,23,625.5609251745198,14.807692307692308,9263.11369969962,514.61742776109,0.2085203083915066
./models/01_CTSM/components/cism/source_glc/POP_files/time_management.F90,reset_time_flag,SUBROUTINE,1943,0,False,3,7,174.22857502740393,6.5,1132.4857376781256,62.91587431545142,0.05807619167580131
./models/01_CTSM/components/cism/source_glc/POP_files/time_management.F90,reset_time_flag_all,SUBROUTINE,1981,1,False,3,8,126.71134807876051,4.166666666666667,527.9639503281688,29.331330573787156,0.042237116026253504
./models/01_CTSM/components/cism/source_glc/POP_files/time_management.F90,set_time_flag_all,SUBROUTINE,2186,1,False,3,9,193.26196660226546,6.200000000000001,1198.224192934046,66.56801071855811,0.06442065553408849
./models/01_CTSM/components/cism/source_glc/POP_files/time_management.F90,ymd2eday,SUBROUTINE,3384,0,False,3,21,695.9688064631837,13.042857142857143,9077.421718584095,504.3012065880053,0.23198960215439457
./models/01_CTSM/components/cism/source_glc/POP_files/time_management.F90,set_time_flag,SUBROUTINE,1868,0,False,2,6,167.37179237410948,6.125,1025.1522282914204,56.95290157174558,0.055790597458036495
./models/01_CTSM/components/cism/source_glc/POP_files/time_management.F90,set_time_flag_last,SUBROUTINE,1907,0,False,2,6,167.37179237410948,6.125,1025.1522282914204,56.95290157174558,0.055790597458036495
./models/01_CTSM/components/cism/source_glc/POP_files/time_management.F90,check_time_flag,FUNCTION,2021,0,False,2,6,153.80110650593844,5.46875,841.0998012043508,46.727766733575045,0.05126703550197948
./models/01_CTSM/components/cism/source_glc/POP_files/time_management.F90,check_time_flag_freq_opt,FUNCTION,2062,0,False,2,6,149.33879237447786,6.25,933.3674523404866,51.85374735224926,0.04977959745815929
./models/01_CTSM/components/cism/source_glc/POP_files/time_management.F90,check_time_flag_freq,FUNCTION,2103,0,False,2,6,149.33879237447786,6.25,933.3674523404866,51.85374735224926,0.04977959745815929
./models/01_CTSM/components/cism/source_glc/POP_files/time_management.F90,check_time_flag_last,FUNCTION,2144,0,False,2,6,153.80110650593844,5.46875,841.0998012043508,46.727766733575045,0.05126703550197948
./models/01_CTSM/components/cism/source_glc/POP_files/time_management.F90,reduce_months,SUBROUTINE,2946,1,False,2,7,133.437600046154,5.5,733.906800253847,40.77260001410261,0.04447920001538466
./models/01_CTSM/components/cism/source_glc/POP_files/time_management.F90,leap_adjust,SUBROUTINE,3064,0,False,2,14,233.18308776612344,4.931818181818182,1150.0165919374724,63.88981066319291,0.07772769592204115
./models/01_CTSM/components/cism/source_glc/POP_files/time_management.F90,date2ymd,SUBROUTINE,3125,0,False,2,8,236.83666567851094,6.315789473684211,1495.810520074806,83.10058444860033,0.07894555522617032
./models/01_CTSM/components/cism/source_glc/POP_files/time_management.F90,date2eday,SUBROUTINE,3475,0,False,2,8,212.60741193467962,5.277777777777778,1122.094674099698,62.33859300553878,0.07086913731155987
./models/01_CTSM/components/cism/source_glc/POP_files/time_management.F90,prior_days,SUBROUTINE,3576,1,False,2,9,232.7928234072743,6.25,1454.9551462954644,80.83084146085913,0.07759760780242476
./models/01_CTSM/components/cism/source_glc/POP_files/time_management.F90,is_near,FUNCTION,3925,0,False,2,9,173.9178331268546,6.3,1095.6823486991839,60.8712415943991,0.05797261104228486
./models/01_CTSM/components/cism/source_glc/POP_files/time_management.F90,is_leapyear,FUNCTION,3973,0,False,2,6,204.32967235008786,6.222222222222221,1271.3846279561021,70.63247933089457,0.06810989078336262
./models/01_CTSM/components/cism/source_glc/POP_files/time_management.F90,int_to_char,SUBROUTINE,4597,1,False,2,12,309.0676876406254,9.894736842105264,3058.143435601978,169.89685753344324,0.10302256254687514
./models/01_CTSM/components/cism/source_glc/POP_files/time_management.F90,reset_switches,SUBROUTINE,1575,0,False,1,17,218.51214931322758,2.605263157894737,569.2816521581456,31.62675845323031,0.0728373831044092
./models/01_CTSM/components/cism/source_glc/POP_files/time_management.F90,get_tday,SUBROUTINE,2648,0,False,1,12,389.82550928781745,4.862068965517241,1895.3585106752503,105.2976950375139,0.12994183642927248
./models/01_CTSM/components/cism/source_glc/POP_files/time_management.F90,ymd2date,SUBROUTINE,3166,0,False,1,5,150.11730005192322,4.0,600.4692002076929,33.3594000115385,0.05003910001730774
./models/01_CTSM/components/cism/source_glc/POP_files/time_management.F90,eday2date,SUBROUTINE,3527,0,False,1,7,166.7970000576925,3.4,567.1098001961544,31.50610001089747,0.05559900001923083
./models/01_CTSM/components/cism/source_glc/POP_files/xdisplay.F90,init_xdisplay,SUBROUTINE,73,1,False,9,37,746.8920211008358,19.862068965517242,14834.820832899359,824.1567129388533,0.24896400703361193
./models/01_CTSM/components/cism/source_glc/POP_files/xdisplay.F90,clear_display,SUBROUTINE,158,0,False,1,3,20.67970000576925,1.5,31.019550008653873,1.723308333814104,0.006893233335256416
./models/01_CTSM/components/cism/source_glc/POP_files/xdisplay.F90,display,SUBROUTINE,183,0,False,1,5,142.7018117963935,2.2105263157894735,315.44611028676456,17.524783904820254,0.04756727059879784
./models/01_CTSM/components/cism/test/unit/time_management/glc_time_management_test.F90,glc_time_management_test,PROGRAM,1,1,False,2,9,85.95159310338741,2.75,236.36688103431538,13.131493390795299,0.02865053103446247
./models/01_CTSM/components/cism/test/unit/time_management/glc_time_management_test_mod.F90,update_for_restart,SUBROUTINE,97,0,False,4,24,505.31697646600816,11.481481481481481,5801.787507572686,322.32152819848255,0.16843899215533606
./models/01_CTSM/components/cism/test/unit/time_management/glc_time_management_test_mod.F90,init_time_manager,SUBROUTINE,60,0,False,3,14,216.33097149259217,5.921052631578948,1280.9070680482432,71.16150378045796,0.07211032383086406
./models/01_CTSM/components/cism/test/unit/time_management/glc_time_management_test_mod.F90,read_time_management_test_namelist,SUBROUTINE,43,0,False,1,7,147.1612434150308,4.125,607.0401290870021,33.72445161594456,0.04905374780501027
./models/01_CTSM/components/cism/test/unit/time_management/glc_time_management_test_mod.F90,report_time_init,SUBROUTINE,133,0,False,1,43,986.610372527394,6.257142857142858,6173.362045242838,342.9645580690465,0.32887012417579803
./models/01_CTSM/components/cism/test/unit/time_management/glc_time_management_test_mod.F90,report_time,SUBROUTINE,183,0,False,1,87,2373.8023881288073,6.61764705882353,15708.986392028874,872.7214662238263,0.7912674627096025
./models/01_CTSM/components/cism/test/unit/unit_test_replacements/glc_communicate.F90,exit_message_environment,SUBROUTINE,18,0,False,1,4,48.432042660922164,2.0625,99.89108798815197,5.549504888230665,0.01614401422030739
./models/01_CTSM/components/cism/test/unit/unit_test_replacements/glc_communicate.F90,abort_message_environment,SUBROUTINE,24,0,False,1,4,53.77443751081734,2.0,107.54887502163469,5.974937501201927,0.01792481250360578
./models/01_CTSM/components/cism/test/unit/unit_test_replacements/shr_sys_mod.F90,shr_sys_abort,SUBROUTINE,23,0,False,2,15,327.8856177582995,8.4375,2766.5348998356517,153.69638332420288,0.10929520591943316
./models/01_CTSM/components/cism/test/unit/unit_test_replacements/shr_sys_mod.F90,shr_sys_flush,SUBROUTINE,58,0,False,1,8,140.1816079436383,3.066666666666667,429.89026436049085,23.882792464471713,0.04672720264787944
./models/01_CTSM/components/cism/test/unit/unit_test_shr/writevar_mod.F90,writevar_char,SUBROUTINE,27,0,False,1,7,164.0,5.5,902.0,50.111111111111114,0.05466666666666667
./models/01_CTSM/components/cism/test/unit/unit_test_shr/writevar_mod.F90,writevar_int,SUBROUTINE,37,0,False,1,7,148.0,5.166666666666667,764.6666666666667,42.48148148148149,0.04933333333333333
./models/01_CTSM/components/cism/test/unit/unit_test_shr/writevar_mod.F90,writevar_real,SUBROUTINE,47,0,False,1,7,169.9171005377434,4.4,747.6352423660711,41.53529124255951,0.056639033512581136
./models/01_CTSM/components/cism/test/unit/unit_test_shr/writevar_mod.F90,writevar_double,SUBROUTINE,57,0,False,1,7,169.9171005377434,4.4,747.6352423660711,41.53529124255951,0.056639033512581136
./models/01_CTSM/components/cism/test/unit/unit_test_shr/writevar_mod.F90,writevar_logical,SUBROUTINE,67,0,False,1,7,151.23612512626255,4.769230769230769,721.279981371406,40.07111007618923,0.050412041708754185
./models/01_CTSM/lilac/atm_driver/atm_driver.F90,atm_driver,PROGRAM,1,3,False,32,129,4318.7862564904935,35.33653846153846,152610.95665964004,8478.386481091113,1.4395954188301645
./models/01_CTSM/lilac/atm_driver/atm_driver.F90,write_lilac_to_atm_driver_fields,SUBROUTINE,518,3,False,19,80,2153.303825503367,27.432203389830512,59069.868501308476,3281.6593611838043,0.7177679418344557
./models/01_CTSM/lilac/atm_driver/atm_driver.F90,read_netcdf_mesh,SUBROUTINE,328,0,False,3,38,850.62854123278,12.31578947368421,10476.162034130028,582.0090018961126,0.2835428470775933
./models/01_CTSM/lilac/atm_driver/atm_driver.F90,atm_driver_to_lilac,SUBROUTINE,400,0,False,3,65,2049.2391988072327,17.089552238805968,35020.58033782509,1945.5877965458385,0.6830797329357442
./models/01_CTSM/lilac/atm_driver/atm_driver.F90,nc_check_err,SUBROUTINE,387,0,False,2,9,191.75555960140377,7.233333333333334,1387.0318811168208,77.05732672871227,0.0639185198671346
./models/01_CTSM/lilac/src/ctsm_LilacAtm2LndFieldListType.F90,check_all_set,SUBROUTINE,361,1,False,6,17,395.0,9.391304347826086,3709.565217391304,206.08695652173913,0.13166666666666665
./models/01_CTSM/lilac/src/ctsm_LilacAtm2LndFieldListType.F90,set_needed_from_data,SUBROUTINE,260,1,False,4,18,432.4343415062788,10.62,4592.452706796681,255.1362614887045,0.14414478050209295
./models/01_CTSM/lilac/src/ctsm_LilacAtm2LndFieldListType.F90,set_field,SUBROUTINE,318,0,False,4,22,628.9628640446076,12.3,7736.243227748674,429.7912904304819,0.2096542880148692
./models/01_CTSM/lilac/src/ctsm_LilacAtm2LndFieldListType.F90,add_var,SUBROUTINE,161,0,False,3,25,675.8848680506951,12.338709677419354,8339.547162238416,463.308175679912,0.22529495601689836
./models/01_CTSM/lilac/src/ctsm_LilacAtm2LndFieldListType.F90,check_field_index,SUBROUTINE,485,0,False,3,16,415.0,14.700000000000001,6100.5,338.9166666666667,0.13833333333333334
./models/01_CTSM/lilac/src/ctsm_LilacAtm2LndFieldListType.F90,complete_setup,SUBROUTINE,210,1,False,2,10,213.96993759735608,4.090909090909091,875.3315628982748,48.62953127212638,0.07132331253245203
./models/01_CTSM/lilac/src/ctsm_LilacAtm2LndFieldListType.F90,num_fields,FUNCTION,234,0,False,2,12,216.22022703449022,7.411764705882352,1602.5734474321039,89.03185819067244,0.07207340901149674
./models/01_CTSM/lilac/src/ctsm_LilacAtm2LndFieldListType.F90,reset_provided,SUBROUTINE,391,1,False,2,8,151.6206750336681,2.7777777777777777,421.16854176018916,23.39825232001051,0.050540225011222704
./models/01_CTSM/lilac/src/ctsm_LilacAtm2LndFieldListType.F90,new_lilac_atm2lnd_field_type,FUNCTION,108,0,False,1,17,374.9736839204931,3.7199999999999998,1394.9021041842343,77.49456134356858,0.1249912279734977
./models/01_CTSM/lilac/src/ctsm_LilacAtm2LndFieldListType.F90,init,SUBROUTINE,143,0,False,1,5,88.0,1.9615384615384617,172.61538461538464,9.589743589743591,0.029333333333333333
./models/01_CTSM/lilac/src/ctsm_LilacAtm2LndFieldListType.F90,is_needed_from_data,FUNCTION,296,0,False,1,8,158.12342722003538,3.5294117647058822,558.0826843060072,31.004593572555954,0.05270780907334513
./models/01_CTSM/lilac/src/ctsm_LilacAtm2LndFieldListType.F90,get_fieldname,FUNCTION,412,0,False,1,8,182.83669636412918,3.7777777777777777,690.7164084867102,38.37313380481723,0.06094556545470973
./models/01_CTSM/lilac/src/ctsm_LilacAtm2LndFieldListType.F90,get_units,FUNCTION,436,0,False,1,8,182.83669636412918,3.7777777777777777,690.7164084867102,38.37313380481723,0.06094556545470973
./models/01_CTSM/lilac/src/ctsm_LilacAtm2LndFieldListType.F90,get_dataptr,FUNCTION,460,0,False,1,8,197.41846816192586,4.166666666666667,822.5769506746911,45.698719481927284,0.06580615605397529
./models/01_CTSM/lilac/src/ctsm_LilacCouplingFields.F90,lilac_atm2lnd,SUBROUTINE,50,0,False,1,6,129.65784284662087,3.0,388.9735285398626,21.609640474436812,0.043219280948873624
./models/01_CTSM/lilac/src/ctsm_LilacCouplingFields.F90,lilac_lnd2atm,SUBROUTINE,71,0,False,1,6,131.76952268336282,2.823529411764706,372.05512287067154,20.66972904837064,0.04392317422778761
./models/01_CTSM/lilac/src/ctsm_LilacCouplingFields.F90,create_a2l_field_list,SUBROUTINE,92,0,False,1,36,3004.1317314603552,13.75,41306.81130757988,2294.8228504211047,1.0013772438201185
./models/01_CTSM/lilac/src/ctsm_LilacCouplingFields.F90,create_l2a_field_list,SUBROUTINE,178,0,False,1,27,1294.923543621251,8.457142857142857,10951.353397482579,608.4085220823655,0.43164118120708367
./models/01_CTSM/lilac/src/ctsm_LilacCouplingFields.F90,complete_a2l_field_list,SUBROUTINE,245,0,False,1,7,125.09775004326937,3.4285714285714284,428.9065715769235,23.82814286538464,0.04169925001442312
./models/01_CTSM/lilac/src/ctsm_LilacCouplingFields.F90,complete_l2a_field_list,SUBROUTINE,275,0,False,1,5,84.0,2.6666666666666665,224.0,12.444444444444445,0.028
./models/01_CTSM/lilac/src/ctsm_LilacLnd2AtmFieldListType.F90,add_var,SUBROUTINE,137,0,False,3,23,578.2493235848135,11.410714285714285,6598.237817333854,366.56876762965857,0.19274977452827116
./models/01_CTSM/lilac/src/ctsm_LilacLnd2AtmFieldListType.F90,check_field_index,SUBROUTINE,328,0,False,3,16,415.0,14.700000000000001,6100.5,338.9166666666667,0.13833333333333334
./models/01_CTSM/lilac/src/ctsm_LilacLnd2AtmFieldListType.F90,complete_setup,SUBROUTINE,182,1,False,2,10,213.96993759735608,4.090909090909091,875.3315628982748,48.62953127212638,0.07132331253245203
./models/01_CTSM/lilac/src/ctsm_LilacLnd2AtmFieldListType.F90,num_fields,FUNCTION,206,0,False,2,12,216.22022703449022,7.411764705882352,1602.5734474321039,89.03185819067244,0.07207340901149674
./models/01_CTSM/lilac/src/ctsm_LilacLnd2AtmFieldListType.F90,get_field,SUBROUTINE,232,0,False,2,11,322.841223638941,7.84,2531.0751933292977,140.6152885182943,0.10761374121298034
./models/01_CTSM/lilac/src/ctsm_LilacLnd2AtmFieldListType.F90,new_lilac_lnd2atm_field_type,FUNCTION,93,0,False,1,10,210.83123629338053,3.083333333333333,650.0629785712565,36.11460992062536,0.07027707876446018
./models/01_CTSM/lilac/src/ctsm_LilacLnd2AtmFieldListType.F90,init,SUBROUTINE,119,0,False,1,5,88.0,1.9615384615384617,172.61538461538464,9.589743589743591,0.029333333333333333
./models/01_CTSM/lilac/src/ctsm_LilacLnd2AtmFieldListType.F90,get_fieldname,FUNCTION,258,0,False,1,8,182.83669636412918,3.7777777777777777,690.7164084867102,38.37313380481723,0.06094556545470973
./models/01_CTSM/lilac/src/ctsm_LilacLnd2AtmFieldListType.F90,get_units,FUNCTION,282,0,False,1,8,182.83669636412918,3.7777777777777777,690.7164084867102,38.37313380481723,0.06094556545470973
./models/01_CTSM/lilac/src/ctsm_LilacLnd2AtmFieldListType.F90,get_dataptr,FUNCTION,306,0,False,1,8,197.41846816192586,4.166666666666667,822.5769506746911,45.698719481927284,0.06580615605397529
./models/01_CTSM/lilac/src/lilac_atmaero.F90,lilac_atmaero_init,SUBROUTINE,57,2,False,16,99,3703.541241981426,26.55,98329.01997460687,5462.723331922603,1.234513747327142
./models/01_CTSM/lilac/src/lilac_atmaero.F90,lilac_atmaero_interp,SUBROUTINE,228,1,False,7,34,1217.0528596632741,10.234375,12455.77536061632,691.98752003424,0.40568428655442473
./models/01_CTSM/lilac/src/lilac_atmcap.F90,lilac_atmcap_init,SUBROUTINE,103,3,False,27,103,3832.6977476722764,32.6504854368932,125139.44199438702,6952.19122191039,1.2775659158907589
./models/01_CTSM/lilac/src/lilac_atmcap.F90,lilac_atmcap_register,SUBROUTINE,66,0,False,7,20,574.7682342478352,9.0,5172.914108230516,287.3841171239176,0.19158941141594504
./models/01_CTSM/lilac/src/lilac_atmcap.F90,lilac_atmcap_final,SUBROUTINE,290,0,False,3,16,405.21335833865237,7.5,3039.100187539893,168.83889930777184,0.13507111944621747
./models/01_CTSM/lilac/src/lilac_atmcap.F90,lilac_atmcap_init_vars,SUBROUTINE,38,0,False,1,17,315.78222090468125,2.5652173913043477,810.0500449293996,45.002780273855535,0.10526074030156042
./models/01_CTSM/lilac/src/lilac_atmcap.F90,lilac_atmcap_run,SUBROUTINE,275,0,False,1,7,110.36149671375915,1.6666666666666667,183.93582785626526,10.218657103125848,0.03678716557125305
./models/01_CTSM/lilac/src/lilac_cpl.F90,cpl_atm2lnd_register,SUBROUTINE,36,0,False,7,20,733.2057284214482,11.621621621621621,8521.039546519532,473.3910859177518,0.24440190947381604
./models/01_CTSM/lilac/src/lilac_cpl.F90,cpl_lnd2rof_register,SUBROUTINE,102,0,False,7,20,733.2057284214482,11.621621621621621,8521.039546519532,473.3910859177518,0.24440190947381604
./models/01_CTSM/lilac/src/lilac_cpl.F90,cpl_get_fieldbundle,SUBROUTINE,559,1,False,6,29,847.8211864613965,14.907894736842106,12639.229003431083,702.1793890795046,0.2826070621537988
./models/01_CTSM/lilac/src/lilac_cpl.F90,cpl_lnd2atm_register,SUBROUTINE,73,0,False,5,15,539.1110263239493,9.9,5337.199160607099,296.51106447817216,0.17970367544131644
./models/01_CTSM/lilac/src/lilac_cpl.F90,cpl_rof2lnd_register,SUBROUTINE,139,0,False,5,15,539.1110263239493,9.9,5337.199160607099,296.51106447817216,0.17970367544131644
./models/01_CTSM/lilac/src/lilac_cpl.F90,cpl_atm2lnd_init,SUBROUTINE,168,0,False,5,22,549.1853096329675,9.125,5011.315950400828,278.4064416889349,0.18306176987765582
./models/01_CTSM/lilac/src/lilac_cpl.F90,cpl_lnd2atm_init,SUBROUTINE,203,0,False,5,22,549.1853096329675,9.125,5011.315950400828,278.4064416889349,0.18306176987765582
./models/01_CTSM/lilac/src/lilac_cpl.F90,cpl_lnd2rof_init,SUBROUTINE,237,0,False,5,23,758.8609533676776,9.183673469387756,6969.131204397039,387.17395579983554,0.2529536511225592
./models/01_CTSM/lilac/src/lilac_cpl.F90,cpl_rof2lnd_init,SUBROUTINE,280,0,False,5,23,758.8609533676776,9.183673469387756,6969.131204397039,387.17395579983554,0.2529536511225592
./models/01_CTSM/lilac/src/lilac_cpl.F90,cpl_atm2lnd_run,SUBROUTINE,323,0,False,5,21,551.402593482367,9.257142857142856,5104.41257966534,283.57847664807446,0.18380086449412233
./models/01_CTSM/lilac/src/lilac_cpl.F90,cpl_lnd2atm_run,SUBROUTINE,356,0,False,5,21,551.402593482367,9.257142857142856,5104.41257966534,283.57847664807446,0.18380086449412233
./models/01_CTSM/lilac/src/lilac_cpl.F90,cpl_lnd2rof_run,SUBROUTINE,388,0,False,5,21,551.402593482367,9.257142857142856,5104.41257966534,283.57847664807446,0.18380086449412233
./models/01_CTSM/lilac/src/lilac_cpl.F90,cpl_rof2lnd_run,SUBROUTINE,421,0,False,5,21,551.402593482367,9.257142857142856,5104.41257966534,283.57847664807446,0.18380086449412233
./models/01_CTSM/lilac/src/lilac_cpl.F90,cpl_atm2lnd_final,SUBROUTINE,453,0,False,2,14,346.3632158872766,5.758064516129033,1994.3817430928673,110.79898572738152,0.11545440529575887
./models/01_CTSM/lilac/src/lilac_cpl.F90,cpl_lnd2atm_final,SUBROUTINE,481,0,False,2,13,318.01554705058794,5.875,1868.3413389222042,103.79674105123357,0.10600518235019599
./models/01_CTSM/lilac/src/lilac_cpl.F90,cpl_lnd2rof_final,SUBROUTINE,507,0,False,2,13,318.01554705058794,5.875,1868.3413389222042,103.79674105123357,0.10600518235019599
./models/01_CTSM/lilac/src/lilac_cpl.F90,cpl_rof2lnd_final,SUBROUTINE,533,0,False,2,13,318.01554705058794,5.875,1868.3413389222042,103.79674105123357,0.10600518235019599
./models/01_CTSM/lilac/src/lilac_driver_pio_mod.F90,lilac_driver_pio_rearr_opts_set,SUBROUTINE,574,0,False,27,134,2943.865609398707,30.9375,91075.8422907725,5059.769016154028,0.9812885364662357
./models/01_CTSM/lilac/src/lilac_driver_pio_mod.F90,lilac_driver_pio_namelist_set,SUBROUTINE,493,0,False,14,57,1839.4060324700577,50.7972972972973,93436.85508182361,5190.936393434645,0.6131353441566859
./models/01_CTSM/lilac/src/lilac_driver_pio_mod.F90,lilac_driver_pio_init2,SUBROUTINE,135,2,False,12,57,1888.1929453715709,24.727272727272727,46689.86192191521,2593.881217884178,0.6293976484571903
./models/01_CTSM/lilac/src/lilac_driver_pio_mod.F90,lilac_driver_pio_read_component_namelist,SUBROUTINE,348,1,False,11,74,1967.7709737781988,32.26724137931034,63494.540990101705,3527.4744994500948,0.6559236579260663
./models/01_CTSM/lilac/src/lilac_driver_pio_mod.F90,lilac_driver_pio_read_default_namelist,SUBROUTINE,241,1,False,7,76,2103.072432094212,30.81818181818182,64812.86858908527,3600.7149216158487,0.7010241440314041
./models/01_CTSM/lilac/src/lilac_driver_pio_mod.F90,lilac_driver_pio_getiotypefromname,SUBROUTINE,466,0,False,7,23,422.64434657609877,9.142857142857142,3864.176882981474,214.67649349897079,0.14088144885869958
./models/01_CTSM/lilac/src/lilac_driver_pio_mod.F90,lilac_driver_pio_init1,SUBROUTINE,54,1,False,6,55,1533.7349813103506,22.75423728813559,34898.96970184992,1938.8316501027734,0.5112449937701169
./models/01_CTSM/lilac/src/lilac_driver_pio_mod.F90,lilac_driver_pio_getioformatfromname,SUBROUTINE,446,0,False,4,16,282.0263830884655,7.0,1974.1846816192583,109.67692675662546,0.09400879436282182
./models/01_CTSM/lilac/src/lilac_driver_pio_mod.F90,lilac_driver_pio_finalize,SUBROUTINE,228,1,False,2,7,77.70923408096293,3.3333333333333335,259.03078026987646,14.390598903882026,0.025903078026987644
./models/01_CTSM/lilac/src/lilac_history.F90,lilac_history_write,SUBROUTINE,103,1,False,36,138,7136.8296354748445,51.3452380952381,366442.2168786072,20357.9009377004,2.3789432118249483
./models/01_CTSM/lilac/src/lilac_history.F90,lilac_history_init,SUBROUTINE,33,0,False,5,38,1322.1956306935067,18.789473684210527,24843.360008293785,1380.1866671274324,0.44073187689783555
./models/01_CTSM/lilac/src/lilac_io.F90,lilac_io_write_FB,SUBROUTINE,367,4,False,62,280,10953.721132583529,70.75862068965517,775070.198760738,43059.455486707666,3.651240377527843
./models/01_CTSM/lilac/src/lilac_io.F90,lilac_io_read_FB,SUBROUTINE,1124,4,False,46,158,5485.466510341388,39.92156862745098,218988.42774617777,12166.023763676543,1.8284888367804628
./models/01_CTSM/lilac/src/lilac_io.F90,lilac_io_write_time,SUBROUTINE,1021,0,False,19,81,2336.724890027901,22.084615384615383,51605.67045592387,2866.9816919957707,0.778908296675967
./models/01_CTSM/lilac/src/lilac_io.F90,lilac_io_wopen,SUBROUTINE,147,0,False,16,67,2030.2624553126457,26.45762711864407,53715.926995644746,2984.218166424708,0.6767541517708819
./models/01_CTSM/lilac/src/lilac_io.F90,lilac_io_read_init_iodesc,SUBROUTINE,1325,0,False,10,69,2299.557656234878,23.400000000000002,53809.64915589615,2989.4249531053415,0.7665192187449593
./models/01_CTSM/lilac/src/lilac_io.F90,lilac_io_write_r8,SUBROUTINE,846,0,False,9,37,1017.5193095803402,14.222222222222223,14471.385736253727,803.9658742363182,0.33917310319344673
./models/01_CTSM/lilac/src/lilac_io.F90,lilac_io_write_int,SUBROUTINE,726,0,False,8,35,936.8801275026043,13.609756097560975,12750.710027962274,708.3727793312374,0.3122933758342014
./models/01_CTSM/lilac/src/lilac_io.F90,lilac_io_write_int1d,SUBROUTINE,783,0,False,8,41,1154.0222560401317,15.625,18031.597750627057,1001.755430590392,0.38467408534671055
./models/01_CTSM/lilac/src/lilac_io.F90,lilac_io_write_r81d,SUBROUTINE,902,0,False,8,39,1117.7021793787499,14.693877551020408,16423.378962299998,912.4099423499998,0.37256739312625
./models/01_CTSM/lilac/src/lilac_io.F90,lilac_io_write_char,SUBROUTINE,960,0,False,8,44,1236.0339899719177,16.5625,20471.812958909886,1137.3229421616604,0.4120113299906392
./models/01_CTSM/lilac/src/lilac_io.F90,lilac_io_close,SUBROUTINE,238,0,False,6,22,558.8024499631731,15.0,8382.036749447596,465.66870830264423,0.1862674833210577
./models/01_CTSM/lilac/src/lilac_io.F90,lilac_io_file_exists,FUNCTION,119,0,False,5,13,358.15198247445016,7.26923076923077,2603.4894110642726,144.6383006146818,0.11938399415815006
./models/01_CTSM/lilac/src/lilac_io.F90,lilac_io_sec2hms,FUNCTION,322,0,False,4,31,687.1022884520924,21.84,15006.313979793696,833.6841099885387,0.22903409615069745
./models/01_CTSM/lilac/src/lilac_io.F90,lilac_io_read_int1d,SUBROUTINE,1450,0,False,4,35,1004.1714012534482,14.142857142857144,14201.852674870197,788.9918152705665,0.3347238004178161
./models/01_CTSM/lilac/src/lilac_io.F90,lilac_io_read_r81d,SUBROUTINE,1529,0,False,4,35,1034.0694267654856,13.53846153846154,13999.709162363499,777.7616201313054,0.34468980892182854
./models/01_CTSM/lilac/src/lilac_io.F90,lilac_io_read_char,SUBROUTINE,1581,0,False,4,37,1079.3941954364454,14.74,15910.270440733206,883.903913374067,0.3597980651454818
./models/01_CTSM/lilac/src/lilac_io.F90,lilac_io_redef,SUBROUTINE,277,0,False,2,9,159.91133951083242,3.75,599.6675231656216,33.314862398090085,0.05330377983694414
./models/01_CTSM/lilac/src/lilac_io.F90,lilac_io_enddef,SUBROUTINE,295,0,False,2,9,159.91133951083242,3.75,599.6675231656216,33.314862398090085,0.05330377983694414
./models/01_CTSM/lilac/src/lilac_io.F90,lilac_io_read_int,SUBROUTINE,1423,0,False,2,14,346.7937417270812,6.84,2372.0691934132356,131.78162185629085,0.11559791390902707
./models/01_CTSM/lilac/src/lilac_io.F90,lilac_io_read_r8,SUBROUTINE,1501,0,False,2,14,386.64717593502576,6.535714285714285,2527.0154712896324,140.38974840497957,0.12888239197834192
./models/01_CTSM/lilac/src/lilac_io.F90,lilac_io_date2ymd_int,SUBROUTINE,1635,0,False,2,10,235.22522171496468,7.235294117647058,1701.923662996509,94.55131461091716,0.07840840723832156
./models/01_CTSM/lilac/src/lilac_io.F90,lilac_io_date2ymd_long,SUBROUTINE,1651,0,False,2,11,309.1341075233367,7.1521739130434785,2210.9808994603864,122.83227219224369,0.1030447025077789
./models/01_CTSM/lilac/src/lilac_io.F90,lilac_io_datetod2string_int,SUBROUTINE,1669,0,False,2,21,468.0465813950312,12.419999999999998,5813.138540926287,322.9521411625715,0.15601552713167707
./models/01_CTSM/lilac/src/lilac_io.F90,lilac_io_datetod2string_long,SUBROUTINE,1706,0,False,2,21,491.14287513701964,11.833333333333334,5811.857355788066,322.88096421044816,0.1637142917123399
./models/01_CTSM/lilac/src/lilac_io.F90,lilac_io_ymd2date_int,SUBROUTINE,1744,0,False,2,6,171.30037948837168,7.250000000000001,1241.9277512906947,68.99598618281637,0.05710012649612389
./models/01_CTSM/lilac/src/lilac_io.F90,lilac_io_ymd2date_long,SUBROUTINE,1757,0,False,2,6,182.83669636412918,7.0,1279.8568745489042,71.10315969716135,0.06094556545470973
./models/01_CTSM/lilac/src/lilac_io.F90,lilac_io_init,SUBROUTINE,106,0,False,1,5,85.11011351724513,2.4000000000000004,204.26427244138833,11.348015135632686,0.028370037839081708
./models/01_CTSM/lilac/src/lilac_io.F90,lilac_io_date2yyyymmdd,FUNCTION,313,0,False,1,4,85.95159310338741,2.125,182.64713534469826,10.147063074705459,0.02865053103446247
./models/01_CTSM/lilac/src/lilac_methods.F90,lilac_methods_Mesh_Print,SUBROUTINE,1218,0,False,33,109,4524.7617525412925,50.15833333333333,226954.50823788365,12608.583790993536,1.5082539175137641
./models/01_CTSM/lilac/src/lilac_methods.F90,lilac_methods_Field_GetFldPtr,SUBROUTINE,819,0,False,24,86,2603.646212627278,31.000000000000004,80713.03259144563,4484.057366191424,0.8678820708757594
./models/01_CTSM/lilac/src/lilac_methods.F90,lilac_methods_FB_accumFB2FB,SUBROUTINE,660,7,False,23,82,2514.1608875448997,33.54838709677419,84346.04267892566,4685.891259940315,0.8380536291816332
./models/01_CTSM/lilac/src/lilac_methods.F90,lilac_methods_Mesh_Write,SUBROUTINE,1438,4,False,21,64,2375.42112555529,27.652542372881356,65686.43332785518,3649.2462959919544,0.7918070418517633
./models/01_CTSM/lilac/src/lilac_methods.F90,lilac_methods_FB_average,SUBROUTINE,331,4,False,15,50,1440.9155071136238,20.56122448979592,29626.987212591346,1645.9437340328525,0.4803051690378746
./models/01_CTSM/lilac/src/lilac_methods.F90,lilac_methods_State_diagnose,SUBROUTINE,488,1,False,13,51,1734.2286877003203,20.17241379310345,34983.57870016163,1943.5321500089797,0.57807622923344
./models/01_CTSM/lilac/src/lilac_methods.F90,lilac_methods_FB_diagnose,SUBROUTINE,406,1,False,11,48,1685.5528296598657,20.412280701754387,34405.97749665358,1911.443194258532,0.5618509432199552
./models/01_CTSM/lilac/src/lilac_methods.F90,lilac_methods_State_GetScalar,SUBROUTINE,1532,0,False,11,40,1435.5032473428698,18.6875,26825.96693471988,1490.3314963733267,0.4785010824476233
./models/01_CTSM/lilac/src/lilac_methods.F90,lilac_methods_FB_Field_diagnose,SUBROUTINE,571,0,False,10,43,1364.7731874519473,18.51063829787234,25262.82283155732,1403.49015730874,0.45492439581731575
./models/01_CTSM/lilac/src/lilac_methods.F90,lilac_methods_Clock_TimePrint,SUBROUTINE,1385,0,False,10,37,1162.244937731848,17.435897435897438,20264.783529683507,1125.8213072046392,0.38741497924394935
./models/01_CTSM/lilac/src/lilac_methods.F90,lilac_methods_FB_GetFldPtr,SUBROUTINE,943,0,False,9,39,1219.8668995537032,15.444444444444445,18840.16655977386,1046.6759199874368,0.4066222998512344
./models/01_CTSM/lilac/src/lilac_methods.F90,lilac_methods_FB_reset,SUBROUTINE,281,1,False,8,31,828.7038003115395,11.136363636363635,9228.74686710578,512.7081592836544,0.2762346001038465
./models/01_CTSM/lilac/src/lilac_methods.F90,lilac_methods_FB_clean,SUBROUTINE,239,1,False,7,26,772.0878503831916,10.153846153846153,7839.6612500447145,435.5367361135952,0.2573626167943972
./models/01_CTSM/lilac/src/lilac_methods.F90,lilac_methods_FB_SetFldPtr,SUBROUTINE,1004,0,False,7,30,820.8633194123172,12.47560975609756,10240.770436082932,568.9316908934962,0.2736211064707724
./models/01_CTSM/lilac/src/lilac_methods.F90,lilac_methods_State_GetFldPtr,SUBROUTINE,1048,0,False,7,30,943.8015503548088,12.613636363636365,11904.769555611794,661.3760864228775,0.3146005167849363
./models/01_CTSM/lilac/src/lilac_methods.F90,lilac_methods_State_SetFldPtr,SUBROUTINE,1098,0,False,7,30,820.8633194123172,12.47560975609756,10240.770436082932,568.9316908934962,0.2736211064707724
./models/01_CTSM/lilac/src/lilac_methods.F90,lilac_methods_State_SetScalar,SUBROUTINE,1592,0,False,7,30,901.892115309847,15.348837209302326,13842.995258244164,769.0552921246758,0.3006307051032823
./models/01_CTSM/lilac/src/lilac_methods.F90,lilac_methods_FB_getNameN,SUBROUTINE,72,0,False,6,29,699.9881533565706,11.382352941176471,7967.512216146848,442.6395675637138,0.2333293844521902
./models/01_CTSM/lilac/src/lilac_methods.F90,lilac_methods_State_getNameN,SUBROUTINE,190,0,False,6,29,704.2666788042113,11.057142857142857,7787.177277063708,432.62095983687266,0.23475555960140376
./models/01_CTSM/lilac/src/lilac_methods.F90,lilac_methods_FB_FldChk,FUNCTION,772,0,False,6,26,605.4033765218435,10.806451612903224,6542.262294671534,363.45901637064077,0.20180112550728116
./models/01_CTSM/lilac/src/lilac_methods.F90,lilac_methods_FB_getFieldN,SUBROUTINE,122,0,False,5,19,510.90509710918684,9.725806451612902,4968.9640896264455,276.0535605348025,0.1703016990363956
./models/01_CTSM/lilac/src/lilac_methods.F90,lilac_methods_FieldPtr_Compare1,FUNCTION,1142,0,False,5,25,810.9699723449351,18.926470588235293,15348.799329528403,852.7110738626891,0.27032332411497834
./models/01_CTSM/lilac/src/lilac_methods.F90,lilac_methods_FieldPtr_Compare2,FUNCTION,1179,0,False,5,25,904.7639251168273,20.614285714285714,18651.062056336883,1036.170114240938,0.3015879750389424
./models/01_CTSM/lilac/src/lilac_methods.F90,ChkErr,FUNCTION,1674,0,False,5,21,564.1243780580604,10.596774193548388,5977.898651357189,332.10548063095496,0.18804145935268682
./models/01_CTSM/lilac/src/lilac_methods.F90,lilac_methods_FB_getFieldByName,SUBROUTINE,158,0,False,4,16,429.1037751197119,9.333333333333332,4004.968567783977,222.4982537657765,0.14303459170657062
./models/01_CTSM/lilac/src/lilac_methods.F90,lilac_methods_FB_getNumFlds,SUBROUTINE,1640,0,False,4,17,392.91430010961574,11.22,4408.498447229889,244.91658040166053,0.1309714333698719
./models/01_CTSM/lilac/src/lilac_methods.F90,lilac_methods_FB_copyFB2FB,SUBROUTINE,634,0,False,3,13,341.2150500951926,7.833333333333333,2672.8512257456755,148.49173476364865,0.11373835003173087
./models/01_CTSM/lilac/src/lilac_mod.F90,lilac_init2,SUBROUTINE,100,0,False,74,236,10222.080862535428,46.857142857142854,478977.5032730886,26609.86129294937,3.407360287511809
./models/01_CTSM/lilac/src/lilac_mod.F90,lilac_run,SUBROUTINE,497,0,False,42,96,3515.82034944385,31.225806451612904,109784.3257503757,6099.129208354206,1.1719401164812833
./models/01_CTSM/lilac/src/lilac_mod.F90,lilac_final,SUBROUTINE,658,0,False,30,79,2811.8308776612344,31.712765957446805,89170.93453519297,4953.94080751072,0.9372769592204114
./models/01_CTSM/lilac/src/lilac_mod.F90,lilac_init1,SUBROUTINE,85,0,False,1,4,23.264662506490403,1.5,34.89699375973561,1.938721875540867,0.007754887502163467
./models/01_CTSM/lilac/src/lilac_time.F90,lilac_time_alarmInit,SUBROUTINE,219,1,False,26,84,2844.5340828319936,29.714285714285715,84523.29846129353,4695.7388034051955,0.9481780276106645
./models/01_CTSM/lilac/src/lilac_time.F90,lilac_time_clockInit,SUBROUTINE,50,0,False,24,97,3971.312494423534,31.733333333333334,126022.98315637349,7001.276842020749,1.3237708314745114
./models/01_CTSM/lilac/src/lilac_time.F90,lilac_time_restart_write,SUBROUTINE,352,1,False,17,93,4011.4571698534037,35.30102040816326,141608.53141946785,7867.140634414881,1.3371523899511346
./models/01_CTSM/lilac/src/lilac_time.F90,lilac_time_restart_read,SUBROUTINE,487,0,False,11,39,1141.6468792742457,19.741935483870968,22538.319035994788,1252.1288353330438,0.3805489597580819
./models/01_CTSM/lilac/stub_rof/rof_comp_esmf.F90,rof_register,SUBROUTINE,19,0,False,1,5,60.94436251225965,1.5,91.41654376838947,5.078696876021637,0.02031478750408655
./models/01_CTSM/src/biogeochem/ch4Mod.F90,ch4_tran,SUBROUTINE,3384,40,False,105,532,37930.274892794245,172.43478260869566,6540498.705427042,363361.03919039125,12.643424964264748
./models/01_CTSM/src/biogeochem/ch4Mod.F90,ch4,SUBROUTINE,1668,25,False,62,346,20557.38959223357,68.95406360424029,1417515.5494800208,78750.86386000115,6.85246319741119
./models/01_CTSM/src/biogeochem/ch4Mod.F90,ch4_prod,SUBROUTINE,2363,7,False,43,214,9318.980959855935,49.28491620111732,459285.1956863076,25515.844204794867,3.106326986618645
./models/01_CTSM/src/biogeochem/ch4Mod.F90,readParams,SUBROUTINE,1364,0,False,37,155,7476.002001641337,57.599999999999994,430617.715294541,23923.206405252276,2.492000667213779
./models/01_CTSM/src/biogeochem/ch4Mod.F90,InitHistory,SUBROUTINE,353,0,False,30,182,9319.372778520577,45.0,419371.775033426,23298.431946301444,3.1064575928401923
./models/01_CTSM/src/biogeochem/ch4Mod.F90,InitCold,SUBROUTINE,724,3,False,16,193,9132.685224372215,53.62828947368421,489770.2868846718,27209.460382481764,3.044228408124072
./models/01_CTSM/src/biogeochem/ch4Mod.F90,Restart,SUBROUTINE,995,0,False,14,76,6147.752788465687,31.83783783783784,195731.15634628595,10873.953130349219,2.0492509294885624
./models/01_CTSM/src/biogeochem/ch4Mod.F90,ch4_aere,SUBROUTINE,2871,4,False,11,129,6100.418983018212,30.29585798816568,184817.42717782984,10267.634843212769,2.033472994339404
./models/01_CTSM/src/biogeochem/ch4Mod.F90,ch4_annualupdate,SUBROUTINE,4261,4,False,10,63,2364.865429730372,27.887323943661972,65949.76832205825,3663.876017892125,0.7882884765767907
./models/01_CTSM/src/biogeochem/ch4Mod.F90,ch4_ebul,SUBROUTINE,3241,2,False,9,83,3491.006547814211,27.185185185185187,94903.65948502337,5272.425526945743,1.1636688492714036
./models/01_CTSM/src/biogeochem/ch4Mod.F90,ch4_oxid,SUBROUTINE,2718,2,False,8,101,4040.616130568363,39.86274509803922,161070.05085187222,8948.336158437345,1.3468720435227877
./models/01_CTSM/src/biogeochem/ch4Mod.F90,ch4_totcolch4,SUBROUTINE,4368,5,False,8,43,1651.7145952573007,24.279661016949152,40103.07046959463,2227.948359421924,0.5505715317524336
./models/01_CTSM/src/biogeochem/ch4Mod.F90,SiteOxAere,SUBROUTINE,3076,1,False,7,88,4388.94204005444,50.681250000000006,222437.06876750913,12357.614931528286,1.4629806800181469
./models/01_CTSM/src/biogeochem/ch4Mod.F90,get_jwt,SUBROUTINE,4196,3,False,7,35,1188.293895971092,24.03409090909091,28559.563522487042,1586.6424179159467,0.39609796532369734
./models/01_CTSM/src/biogeochem/ch4Mod.F90,DynamicColumnAdjustments,SUBROUTINE,1236,3,False,4,37,2209.177082757586,19.41509433962264,42891.38147467087,2382.8545263706037,0.7363923609191954
./models/01_CTSM/src/biogeochem/ch4Mod.F90,Init,SUBROUTINE,228,0,False,2,13,331.93115279592064,6.36,2111.0821317820555,117.28234065455864,0.11064371759864021
./models/01_CTSM/src/biogeochem/ch4Mod.F90,InitAllocate,SUBROUTINE,246,0,False,1,165,5464.703989250246,10.357142857142858,56598.71988866327,3144.3733271479596,1.8215679964167488
./models/01_CTSM/src/biogeochem/ch4Mod.F90,ch4_init_gridcell_balance_check,SUBROUTINE,1577,0,False,1,20,571.5856468145487,4.894736842105263,2797.761323881738,155.43118466009656,0.19052854893818288
./models/01_CTSM/src/biogeochem/ch4Mod.F90,ch4_init_column_balance_check,SUBROUTINE,1632,0,False,1,10,275.7834751254812,4.608695652173913,1271.0021027522175,70.61122793067875,0.09192782504182706
./models/01_CTSM/src/biogeochem/ch4varcon.F90,ch4conrd,SUBROUTINE,80,0,False,12,66,1912.5116366137167,27.587719298245613,52761.834185527536,2931.2130103070854,0.6375038788712389
./models/01_CTSM/src/biogeochem/CNAllocationMod.F90,calc_crop_allocation_fractions,SUBROUTINE,259,5,False,14,71,3942.367067092664,41.65853658536585,164233.24269742123,9124.069038745623,1.3141223556975548
./models/01_CTSM/src/biogeochem/CNAllocationMod.F90,calc_gpp_mr_availc,SUBROUTINE,79,3,False,13,80,4215.355002869454,27.40983606557377,115542.18958684799,6419.010532602666,1.4051183342898181
./models/01_CTSM/src/biogeochem/CNAllocationMod.F90,calc_allometry,SUBROUTINE,436,3,False,9,65,3230.3444526873673,29.506329113924053,95315.60657233233,5295.311476240685,1.0767814842291223
./models/01_CTSM/src/biogeochem/CNAllocationMod.F90,readParams,SUBROUTINE,53,0,False,2,13,417.88905636021053,4.885714285714286,2041.6865325027431,113.42702958348573,0.1392963521200702
./models/01_CTSM/src/biogeochem/CNAnnualUpdateMod.F90,CNAnnualUpdate,SUBROUTINE,25,2,False,7,53,1924.087544256407,21.788732394366196,41923.428605136076,2329.0793669520044,0.6413625147521357
./models/01_CTSM/src/biogeochem/CNBalanceCheckMod.F90,NBalanceCheck,SUBROUTINE,481,2,False,18,144,7974.400635871976,34.63398692810458,276185.28738225886,15343.62707679216,2.6581335452906587
./models/01_CTSM/src/biogeochem/CNBalanceCheckMod.F90,CBalanceCheck,SUBROUTINE,216,2,False,13,123,5874.086664604974,30.386363636363637,178492.13342220115,9916.229634566731,1.958028888201658
./models/01_CTSM/src/biogeochem/CNBalanceCheckMod.F90,BeginCNGridcellBalance,SUBROUTINE,105,1,False,3,31,1315.8773845954993,17.403846153846153,22901.327558825516,1272.2959754903065,0.43862579486516645
./models/01_CTSM/src/biogeochem/CNBalanceCheckMod.F90,BeginCNColumnBalance,SUBROUTINE,174,1,False,2,16,417.1719529825278,4.6,1918.9909837196276,106.61061020664597,0.1390573176608426
./models/01_CTSM/src/biogeochem/CNBalanceCheckMod.F90,Init,SUBROUTINE,66,0,False,1,9,188.86964917948671,3.8823529411764706,733.2586379909484,40.73659099949713,0.06295654972649557
./models/01_CTSM/src/biogeochem/CNBalanceCheckMod.F90,InitAllocate,SUBROUTINE,82,0,False,1,26,518.282737735818,3.84,1990.2057129055413,110.56698405030785,0.172760912578606
./models/01_CTSM/src/biogeochem/CNC14DecayMod.F90,C14Decay,SUBROUTINE,35,5,False,11,101,6290.046247232677,26.360759493670887,165810.39632736772,9211.688684853762,2.0966820824108923
./models/01_CTSM/src/biogeochem/CNCIsoAtmTimeSeriesReadMod.F90,C14_init_BombSpike,SUBROUTINE,104,1,False,7,43,1177.5241449294836,16.38,19287.84549394494,1071.54697188583,0.39250804830982783
./models/01_CTSM/src/biogeochem/CNCIsoAtmTimeSeriesReadMod.F90,C14BombSpike,SUBROUTINE,50,2,False,6,33,1026.0791492653966,20.666666666666664,21205.63575148486,1178.0908750824922,0.34202638308846556
./models/01_CTSM/src/biogeochem/CNCIsoAtmTimeSeriesReadMod.F90,C13_init_TimeSeries,SUBROUTINE,224,1,False,6,37,1015.9851824446653,13.875,14096.79440641973,783.1552448010962,0.3386617274815551
./models/01_CTSM/src/biogeochem/CNCIsoAtmTimeSeriesReadMod.F90,C13TimeSeries,SUBROUTINE,172,1,False,5,30,903.0169903639559,18.972972972972972,17132.91695231073,951.8287195728184,0.30100566345465196
./models/01_CTSM/src/biogeochem/CNCIsoAtmTimeSeriesReadMod.F90,check_units,SUBROUTINE,286,0,False,3,22,593.1549165056637,10.772727272727273,6389.896145992831,354.9942303329351,0.19771830550188788
./models/01_CTSM/src/biogeochem/CNCIsoFluxMod.F90,CIsoFlux1,SUBROUTINE,58,13,False,18,151,12468.03708492225,52.95808383233533,660283.3531679785,36682.408509332134,4.156012361640751
./models/01_CTSM/src/biogeochem/CNCIsoFluxMod.F90,CNCIsoLitterToColumn,SUBROUTINE,1351,8,False,11,37,1734.9269097563467,17.5,30361.22092073607,1686.7344955964481,0.5783089699187822
./models/01_CTSM/src/biogeochem/CNCIsoFluxMod.F90,CIsoFlux3,SUBROUTINE,1024,7,False,9,84,7883.3536225669895,45.85714285714286,361508.0732634291,20083.781847968283,2.627784540855663
./models/01_CTSM/src/biogeochem/CNCIsoFluxMod.F90,CIsoFluxCalc1d,SUBROUTINE,1765,1,False,7,32,952.9674574512112,30.0,28589.023723536335,1588.2790957520185,0.31765581915040375
./models/01_CTSM/src/biogeochem/CNCIsoFluxMod.F90,CNCIsoHarvestPftToColumn,SUBROUTINE,1555,4,False,5,28,3033.456309566511,12.0,36401.475714798136,2022.3042063776743,1.011152103188837
./models/01_CTSM/src/biogeochem/CNCIsoFluxMod.F90,CNCIsoGrossUnrepPftToColumn,SUBROUTINE,1671,4,False,5,25,1957.8169712826225,7.5168539325842705,14716.624199866006,817.5902333258892,0.6526056570942075
./models/01_CTSM/src/biogeochem/CNCIsoFluxMod.F90,CNCIsoGapPftToColumn,SUBROUTINE,1444,3,False,4,24,2927.8257464446833,12.0,35133.9089573362,1951.8838309631221,0.9759419154815611
./models/01_CTSM/src/biogeochem/CNCIsoFluxMod.F90,CIsoFluxCalc2dFlux,SUBROUTINE,1818,1,False,2,25,889.3536327666019,13.48529411764706,11993.1953124555,666.28862846975,0.2964512109222006
./models/01_CTSM/src/biogeochem/CNCIsoFluxMod.F90,CIsoFluxCalc2dBoth,SUBROUTINE,1873,1,False,2,31,1096.1054804498237,15.458333333333334,16943.96388528686,941.331326960381,0.3653684934832746
./models/01_CTSM/src/biogeochem/CNCIsoFluxMod.F90,CIsoFlux2,SUBROUTINE,592,0,False,1,33,2454.154564055377,13.035714285714286,31991.657710007592,1777.314317222644,0.8180515213517923
./models/01_CTSM/src/biogeochem/CNCIsoFluxMod.F90,CIsoFlux2h,SUBROUTINE,731,0,False,1,34,2569.3824816849096,13.194444444444445,33901.57441112034,1883.4208006177967,0.8564608272283032
./models/01_CTSM/src/biogeochem/CNCIsoFluxMod.F90,CIsoFlux2g,SUBROUTINE,875,0,False,1,35,2677.581345235318,13.527397260273972,36220.70655369694,2012.2614752053855,0.8925271150784394
./models/01_CTSM/src/biogeochem/CNCStateUpdate1Mod.F90,CStateUpdate1,SUBROUTINE,138,20,False,61,316,21352.299484229778,76.06912442396313,1624250.7262035988,90236.15145575549,7.1174331614099255
./models/01_CTSM/src/biogeochem/CNCStateUpdate1Mod.F90,CStateUpdateDynPatch,SUBROUTINE,42,4,False,5,31,1033.7091761262534,9.857142857142858,10189.419021815927,566.0788345453293,0.3445697253754178
./models/01_CTSM/src/biogeochem/CNCStateUpdate1Mod.F90,CStateUpdate0,SUBROUTINE,99,1,False,2,17,428.7735001454685,7.555555555555555,3239.6220010990955,179.97900006106087,0.1429245000484895
./models/01_CTSM/src/biogeochem/CNCStateUpdate2Mod.F90,CStateUpdate2,SUBROUTINE,35,5,False,8,58,3274.2813728370284,23.32758620689655,76381.08099049136,4243.393388360631,1.0914271242790095
./models/01_CTSM/src/biogeochem/CNCStateUpdate2Mod.F90,CStateUpdate2h,SUBROUTINE,181,5,False,8,59,3402.9369244054624,23.02747252747253,78361.03653946865,4353.39091885937,1.134312308135154
./models/01_CTSM/src/biogeochem/CNCStateUpdate2Mod.F90,CStateUpdate2g,SUBROUTINE,337,5,False,8,60,3497.0397757168234,23.375,81743.30475738074,4541.294708743375,1.1656799252389412
./models/01_CTSM/src/biogeochem/CNCStateUpdate3Mod.F90,CStateUpdate3,SUBROUTINE,33,8,False,12,88,5778.937133931493,29.982300884955748,173265.83194477783,9625.879552487657,1.9263123779771643
./models/01_CTSM/src/biogeochem/CNDriverMod.F90,CNDriverNoLeaching,SUBROUTINE,84,0,False,59,380,20191.449585997292,38.151408450704224,770332.2403671854,42796.23557595475,6.730483195332431
./models/01_CTSM/src/biogeochem/CNDriverMod.F90,CNDriverSummarizeFluxes,SUBROUTINE,1202,0,False,6,55,2723.2332832125085,17.743055555555557,48318.479434777495,2684.3599685987497,0.9077444277375029
./models/01_CTSM/src/biogeochem/CNDriverMod.F90,CNDriverSummarizeStates,SUBROUTINE,1114,0,False,5,39,1086.4268921088221,13.184210526315788,14323.68086701368,795.7600481674267,0.3621422973696074
./models/01_CTSM/src/biogeochem/CNDriverMod.F90,CNDriverLeaching,SUBROUTINE,1004,0,False,4,60,2030.699662485863,8.919753086419753,18113.339582049826,1006.2966434472125,0.6768998874952876
./models/01_CTSM/src/biogeochem/CNDriverMod.F90,CNDriverInit,SUBROUTINE,63,0,False,2,11,195.04195997053841,5.210526315789474,1016.2712651096476,56.459514728313756,0.06501398665684614
./models/01_CTSM/src/biogeochem/CNDVDriverMod.F90,CNDVHist,SUBROUTINE,126,2,False,13,144,7829.419225826411,42.20486111111111,330439.55100666673,18357.752833703707,2.6098064086088035
./models/01_CTSM/src/biogeochem/CNDVDriverMod.F90,CNDVDriver,SUBROUTINE,40,3,False,6,37,1244.427028870857,17.362745098039216,21606.66929539498,1200.3705164108321,0.414809009623619
./models/01_CTSM/src/biogeochem/CNDVDriverMod.F90,BuildNatVegFilter,SUBROUTINE,444,1,False,3,14,264.6998028171593,6.947368421052632,1838.9670511507911,102.16483617504394,0.08823326760571977
./models/01_CTSM/src/biogeochem/CNDVDriverMod.F90,set_dgvm_filename,FUNCTION,416,0,False,1,13,299.5579126362985,5.6818181818181825,1702.0335945244235,94.55742191802352,0.09985263754543283
./models/01_CTSM/src/biogeochem/CNDVEstablishmentMod.F90,Establishment,SUBROUTINE,34,11,False,46,220,11107.334572089267,74.59602649006622,828563.0239735993,46031.279109644405,3.702444857363089
./models/01_CTSM/src/biogeochem/CNDVLightMod.F90,Light,SUBROUTINE,28,4,False,21,116,5241.63015057404,52.03703703703704,272758.90227987134,15153.272348881741,1.7472100501913468
./models/01_CTSM/src/biogeochem/CNDVType.F90,Restart,SUBROUTINE,210,2,False,15,66,3024.1084513759656,23.414285714285715,70807.33931150296,3933.741072861276,1.0080361504586552
./models/01_CTSM/src/biogeochem/CNDVType.F90,UpdateAccVars,SUBROUTINE,430,2,False,6,49,1539.923543621251,19.25,29643.52821470908,1646.8626785949489,0.5133078478737503
./models/01_CTSM/src/biogeochem/CNDVType.F90,InitAllocate,SUBROUTINE,93,1,False,3,67,1923.6382578351072,13.403225806451612,25782.95793969313,1432.3865522051738,0.6412127526117024
./models/01_CTSM/src/biogeochem/CNDVType.F90,Init,SUBROUTINE,74,0,False,2,9,133.437600046154,3.4285714285714284,457.50034301538506,25.41668572307695,0.04447920001538466
./models/01_CTSM/src/biogeochem/CNDVType.F90,InitCold,SUBROUTINE,159,1,False,2,15,367.0646751024042,4.758064516129032,1746.517405729181,97.02874476273229,0.1223548917008014
./models/01_CTSM/src/biogeochem/CNDVType.F90,InitAccVars,SUBROUTINE,381,0,False,2,23,535.7855097375302,9.364864864864865,5017.558895244709,278.75327195803936,0.17859516991251007
./models/01_CTSM/src/biogeochem/CNDVType.F90,InitHistory,SUBROUTINE,185,0,False,1,7,192.29419688230416,2.5,480.7354922057604,26.70752734476447,0.06409806562743472
./models/01_CTSM/src/biogeochem/CNDVType.F90,InitAccBuffer,SUBROUTINE,336,0,False,1,8,345.0,2.5344827586206895,874.3965517241379,48.57758620689655,0.115
./models/01_CTSM/src/biogeochem/CNFireBaseMod.F90,CNFireFluxes,SUBROUTINE,478,11,False,33,337,47432.54390948883,74.84055118110237,3549877.730107984,197215.42945044357,15.81084796982961
./models/01_CTSM/src/biogeochem/CNFireBaseMod.F90,CNFire_calc_fire_root_wetness_Li2014,SUBROUTINE,209,5,False,7,42,1537.4367798761705,21.517241379310345,33081.39829802519,1837.8554610013994,0.5124789266253902
./models/01_CTSM/src/biogeochem/CNFireBaseMod.F90,CNFire_calc_fire_root_wetness_Li2021,SUBROUTINE,279,5,False,7,40,1210.4959304187194,17.20754716981132,20829.665821544757,1157.2036567524865,0.4034986434729064
./models/01_CTSM/src/biogeochem/CNFireBaseMod.F90,CNFireReadNML,SUBROUTINE,344,0,False,6,104,2943.5465781381727,34.0735294117647,100297.02090509038,5572.056716949465,0.9811821927127242
./models/01_CTSM/src/biogeochem/CNFireBaseMod.F90,CNFireCleanBase,SUBROUTINE,192,0,False,2,7,85.11011351724513,3.7777777777777777,321.5270955095927,17.862616417199593,0.028370037839081708
./models/01_CTSM/src/biogeochem/CNFireBaseMod.F90,CNFireInit,SUBROUTINE,135,0,False,1,7,105.48604608143,1.7692307692307692,186.62915845176076,10.368286580653375,0.03516201536047667
./models/01_CTSM/src/biogeochem/CNFireBaseMod.F90,InitAllocate,SUBROUTINE,153,0,False,1,10,197.1533875310097,2.642857142857143,521.0482384748113,28.94712435971174,0.06571779584366991
./models/01_CTSM/src/biogeochem/CNFireBaseMod.F90,InitHistory,SUBROUTINE,171,0,False,1,11,272.04693572714405,2.5961538461538463,706.2756985223932,39.23753880679962,0.09068231190904802
./models/01_CTSM/src/biogeochem/CNFireBaseMod.F90,CNFireReadParams,SUBROUTINE,1341,0,False,1,10,211.52361657053456,3.1666666666666665,669.8247858066927,37.212488100371814,0.07050787219017819
./models/01_CTSM/src/biogeochem/CNFireEmissionsMod.F90,CNFireEmisUpdate,SUBROUTINE,188,8,False,12,71,3248.607519298789,24.096153846153847,78278.94657079583,4348.830365044213,1.0828691730995963
./models/01_CTSM/src/biogeochem/CNFireEmissionsMod.F90,vert_dist_top,FUNCTION,341,0,False,9,33,1075.3329067155867,16.88372093023256,18155.620704081768,1008.6455946712093,0.3584443022385289
./models/01_CTSM/src/biogeochem/CNFireEmissionsMod.F90,InitHistory,SUBROUTINE,125,2,False,6,33,1125.3431026631195,13.372549019607842,15048.705804240144,836.0392113466746,0.37511436755437316
./models/01_CTSM/src/biogeochem/CNFireEmissionsMod.F90,InitAllocate,SUBROUTINE,80,2,False,5,29,755.4148326511498,10.397058823529413,7854.092451240632,436.3384695133684,0.25180494421704996
./models/01_CTSM/src/biogeochem/CNFireEmissionsMod.F90,Init,SUBROUTINE,43,1,False,3,24,580.7354922057604,8.804347826086957,5112.997268333325,284.0554037962959,0.19357849740192012
./models/01_CTSM/src/biogeochem/CNFireFactoryMod.F90,create_cnfire_method,SUBROUTINE,90,0,False,7,27,455.39192039253714,9.421875,4290.645749948436,238.36920833046867,0.15179730679751238
./models/01_CTSM/src/biogeochem/CNFireFactoryMod.F90,CNFireReadNML,SUBROUTINE,33,0,False,5,36,872.167276875587,16.394736842105264,14298.952986670809,794.3862770372672,0.2907224256251957
./models/01_CTSM/src/biogeochem/CNFireFactoryMod.F90,CNFireSetFireMethod,SUBROUTINE,136,0,False,1,4,60.94436251225965,2.1666666666666665,132.04611877656257,7.335895487586809,0.02031478750408655
./models/01_CTSM/src/biogeochem/CNFireLi2014Mod.F90,CNFireArea,SUBROUTINE,86,16,False,51,291,20608.75005092953,68.05017921146954,1402429.1342901366,77912.72968278537,6.869583350309844
./models/01_CTSM/src/biogeochem/CNFireLi2014Mod.F90,CNFireFluxes,SUBROUTINE,645,11,False,33,334,47181.568337030105,78.98809523809524,3726782.213288033,207043.4562937796,15.727189445676702
./models/01_CTSM/src/biogeochem/CNFireLi2014Mod.F90,need_lightning_and_popdens,FUNCTION,72,0,False,1,6,92.0,2.0769230769230766,191.07692307692304,10.615384615384613,0.030666666666666665
./models/01_CTSM/src/biogeochem/CNFireLi2016Mod.F90,CNFireArea,SUBROUTINE,87,17,False,51,303,22257.39615443479,69.0,1535760.3346560006,85320.01859200004,7.419132051478264
./models/01_CTSM/src/biogeochem/CNFireLi2016Mod.F90,need_lightning_and_popdens,FUNCTION,73,0,False,1,6,92.0,2.0769230769230766,191.07692307692304,10.615384615384613,0.030666666666666665
./models/01_CTSM/src/biogeochem/CNFireLi2021Mod.F90,CNFireArea,SUBROUTINE,87,17,False,51,303,22323.93545534491,69.25925925925927,1546139.233388703,85896.62407715018,7.441311818448303
./models/01_CTSM/src/biogeochem/CNFireLi2021Mod.F90,need_lightning_and_popdens,FUNCTION,73,0,False,1,6,92.0,2.0769230769230766,191.07692307692304,10.615384615384613,0.030666666666666665
./models/01_CTSM/src/biogeochem/CNFireLi2024Mod.F90,CNFireArea,SUBROUTINE,87,17,False,52,302,22032.826013863138,71.29222972972973,1570769.293775496,87264.96076530534,7.344275337954379
./models/01_CTSM/src/biogeochem/CNFireLi2024Mod.F90,need_lightning_and_popdens,FUNCTION,73,0,False,1,6,92.0,2.0769230769230766,191.07692307692304,10.615384615384613,0.030666666666666665
./models/01_CTSM/src/biogeochem/CNFireNoFireMod.F90,NoFireInit,SUBROUTINE,66,0,False,2,12,239.11075353876595,7.891304347826087,1886.8957290124356,104.82754050069087,0.07970358451292198
./models/01_CTSM/src/biogeochem/CNFireNoFireMod.F90,CNFireArea,SUBROUTINE,88,1,False,2,42,1687.571799613593,7.5,12656.788497101947,703.1549165056637,0.562523933204531
./models/01_CTSM/src/biogeochem/CNFireNoFireMod.F90,need_lightning_and_popdens,FUNCTION,52,0,False,1,6,92.0,2.0769230769230766,191.07692307692304,10.615384615384613,0.030666666666666665
./models/01_CTSM/src/biogeochem/CNFUNMod.F90,CNFUN,SUBROUTINE,270,35,False,77,773,51631.86492306176,110.25925925925925,5692891.18059092,316271.73225505115,17.210621641020587
./models/01_CTSM/src/biogeochem/CNFUNMod.F90,fun_retranslocation,SUBROUTINE,1791,1,False,6,76,2328.090757361268,51.0,118732.62862542467,6596.2571458569255,0.776030252453756
./models/01_CTSM/src/biogeochem/CNFUNMod.F90,CNFUNReadNML,SUBROUTINE,91,0,False,5,35,899.2835113664222,15.925,14321.089918510273,795.6161065839041,0.29976117045547407
./models/01_CTSM/src/biogeochem/CNFUNMod.F90,readParams,SUBROUTINE,147,0,False,5,26,971.7834751254811,9.142857142857142,8884.877486861542,493.60430482564124,0.32392782504182704
./models/01_CTSM/src/biogeochem/CNFUNMod.F90,CNFUNInit,SUBROUTINE,191,0,False,2,29,1057.7689708877294,9.793103448275861,10358.840956279832,575.4911642377684,0.3525896569625765
./models/01_CTSM/src/biogeochem/CNFUNMod.F90,fun_cost_fix,FUNCTION,1648,0,False,2,16,589.8675469486711,21.913043478260867,12925.793202701314,718.0996223722952,0.19662251564955704
./models/01_CTSM/src/biogeochem/CNFUNMod.F90,fun_cost_fix_Bytnerowicz_noAcc,FUNCTION,1697,0,False,2,17,661.3701693625441,28.476190476190478,18833.30291803816,1046.2946065576755,0.22045672312084802
./models/01_CTSM/src/biogeochem/CNFUNMod.F90,fun_cost_active,FUNCTION,1733,0,False,2,15,447.08400775135715,19.444444444444443,8693.300150720832,482.96111948449067,0.1490280025837857
./models/01_CTSM/src/biogeochem/CNFUNMod.F90,fun_cost_nonmyc,FUNCTION,1761,0,False,2,15,447.08400775135715,19.444444444444443,8693.300150720832,482.96111948449067,0.1490280025837857
./models/01_CTSM/src/biogeochem/CNGapMortalityMod.F90,CNGapMortality,SUBROUTINE,110,1,False,18,176,13149.162505679265,48.41629955947136,636633.7908311364,35368.543935063135,4.383054168559755
./models/01_CTSM/src/biogeochem/CNGapMortalityMod.F90,CNGap_PatchToColumn,SUBROUTINE,420,4,False,5,37,5436.071655252902,17.872340425531913,97155.32320026463,5397.517955570257,1.8120238850843007
./models/01_CTSM/src/biogeochem/CNGapMortalityMod.F90,readParams,SUBROUTINE,74,0,False,3,20,714.875200092308,6.5,4646.688800600002,258.1493778111112,0.23829173336410267
./models/01_CTSM/src/biogeochem/CNGapMortalityMod.F90,allocParams,SUBROUTINE,56,0,False,1,7,108.41805003750011,1.375,149.07481880156266,8.281934377864593,0.036139350012500036
./models/01_CTSM/src/biogeochem/CNGRespMod.F90,CNGResp,SUBROUTINE,29,2,False,5,65,5664.080000340882,17.28658536585366,97912.6024449171,5439.589024717617,1.888026666780294
./models/01_CTSM/src/biogeochem/CNMRespMod.F90,CNMResp,SUBROUTINE,143,6,False,12,65,3168.387219748938,22.166666666666664,70232.58337110146,3901.810187283414,1.056129073249646
./models/01_CTSM/src/biogeochem/CNMRespMod.F90,CNMRespReadNML,SUBROUTINE,49,0,False,5,37,968.2597423513471,14.920454545454545,14446.875473946804,802.6041929970447,0.32275324745044903
./models/01_CTSM/src/biogeochem/CNMRespMod.F90,readParams,SUBROUTINE,109,0,False,3,17,516.5767632060202,6.769230769230769,3496.8273201638294,194.26818445354607,0.17219225440200675
./models/01_CTSM/src/biogeochem/CNNDynamicsMod.F90,CNSoyfix,SUBROUTINE,319,1,False,11,71,2919.917477280428,29.98876404494382,87564.71625687036,4864.70645871502,0.9733058257601427
./models/01_CTSM/src/biogeochem/CNNDynamicsMod.F90,CNNFixation,SUBROUTINE,195,2,False,8,51,1497.5158589475834,22.425925925925927,33583.17972565784,1865.7322069809914,0.4991719529825278
./models/01_CTSM/src/biogeochem/CNNDynamicsMod.F90,CNNDynamicsReadNML,SUBROUTINE,53,0,False,5,44,1134.1229943568355,18.565217391304348,21055.239938711686,1169.7355521506493,0.3780409981189452
./models/01_CTSM/src/biogeochem/CNNDynamicsMod.F90,CNNDeposition,SUBROUTINE,118,1,False,2,12,269.2118756352258,3.8333333333333335,1031.978856601699,57.33215870009438,0.08973729187840859
./models/01_CTSM/src/biogeochem/CNNDynamicsMod.F90,CNFreeLivingFixation,SUBROUTINE,156,1,False,2,20,600.7739533203273,7.083333333333333,4255.482169352318,236.41567607512877,0.20025798444010912
./models/01_CTSM/src/biogeochem/CNNDynamicsMod.F90,CNNFert,SUBROUTINE,285,0,False,1,11,304.22721692772814,3.166666666666667,963.3861869378059,53.5214548298781,0.10140907230924272
./models/01_CTSM/src/biogeochem/CNNStateUpdate1Mod.F90,NStateUpdate1,SUBROUTINE,102,13,False,34,198,12758.81821623018,57.565789473684205,734471.4433685136,40803.96907602853,4.25293940541006
./models/01_CTSM/src/biogeochem/CNNStateUpdate1Mod.F90,NStateUpdateDynPatch,SUBROUTINE,43,4,False,5,32,1100.0542502306644,9.826923076923077,10810.148497459028,600.5638054143905,0.3666847500768881
./models/01_CTSM/src/biogeochem/CNNStateUpdate2Mod.F90,NStateUpdate2,SUBROUTINE,35,5,False,8,57,3187.7579027763827,23.02325581395349,73392.56566857254,4077.3647593651413,1.0625859675921276
./models/01_CTSM/src/biogeochem/CNNStateUpdate2Mod.F90,NStateUpdate2h,SUBROUTINE,179,5,False,8,57,3187.7579027763827,23.02325581395349,73392.56566857254,4077.3647593651413,1.0625859675921276
./models/01_CTSM/src/biogeochem/CNNStateUpdate2Mod.F90,NStateUpdate2g,SUBROUTINE,323,5,False,8,58,3280.8960826811435,23.390804597701152,76742.7991753578,4263.488843075433,1.0936320275603812
./models/01_CTSM/src/biogeochem/CNNStateUpdate3Mod.F90,NStateUpdate3,SUBROUTINE,86,8,False,12,86,5553.140038869249,30.022935779816514,166721.56676329926,9262.309264627736,1.8510466796230831
./models/01_CTSM/src/biogeochem/CNNStateUpdate3Mod.F90,NStateUpdateLeaching,SUBROUTINE,34,2,False,4,24,758.1584825127652,15.299999999999999,11599.824782445306,644.4347101358503,0.2527194941709217
./models/01_CTSM/src/biogeochem/CNPhenologyMod.F90,CNOffsetLitterfall,SUBROUTINE,3343,3,False,53,302,19102.25879939821,54.906716417910445,1048842.306840092,58269.017046671775,6.367419599799403
./models/01_CTSM/src/biogeochem/CNPhenologyMod.F90,CNStressDecidPhenology,SUBROUTINE,1333,1,False,45,246,17523.021406623215,44.06188925081433,772097.4285582808,42894.30158657116,5.841007135541072
./models/01_CTSM/src/biogeochem/CNPhenologyMod.F90,CropPhenology,SUBROUTINE,1991,5,False,45,296,15283.221533497494,53.49815498154982,817624.1542164084,45423.5641231338,5.0944071778324975
./models/01_CTSM/src/biogeochem/CNPhenologyMod.F90,CNBackgroundLitterfall,SUBROUTINE,3859,1,False,23,109,6025.946822092299,31.833333333333332,191825.97383660486,10656.998546478048,2.008648940697433
./models/01_CTSM/src/biogeochem/CNPhenologyMod.F90,CNSeasonDecidPhenology,SUBROUTINE,826,1,False,22,150,11146.83104692664,28.09964412811388,313221.98557484965,17401.22142082498,3.7156103489755465
./models/01_CTSM/src/biogeochem/CNPhenologyMod.F90,PlantCrop,SUBROUTINE,2752,1,False,21,123,6638.3010456553275,40.104026845637584,266222.6033443853,14790.144630243627,2.2127670152184424
./models/01_CTSM/src/biogeochem/CNPhenologyMod.F90,CNLivewoodTurnover,SUBROUTINE,4069,1,False,19,96,5282.953815085193,29.44927536231884,155579.1616268567,8643.286757047594,1.7609846050283977
./models/01_CTSM/src/biogeochem/CNPhenologyMod.F90,vernalization,SUBROUTINE,2993,0,False,18,70,3693.864411811585,49.64084507042253,183366.55097788633,10187.030609882575,1.2312881372705282
./models/01_CTSM/src/biogeochem/CNPhenologyMod.F90,CNEvergreenPhenology,SUBROUTINE,574,2,False,15,107,9234.97732670023,20.06880733944954,185334.98075373165,10296.387819651758,3.0783257755667432
./models/01_CTSM/src/biogeochem/CNPhenologyMod.F90,CNOnsetGrowth,SUBROUTINE,3141,1,False,11,88,7193.654812066283,30.666666666666668,220605.41423669935,12255.856346483297,2.3978849373554274
./models/01_CTSM/src/biogeochem/CNPhenologyMod.F90,CNLitterToColumn,SUBROUTINE,4363,8,False,11,50,3348.503519646461,28.390804597701152,95066.70912099723,5281.483840055402,1.1161678398821537
./models/01_CTSM/src/biogeochem/CNPhenologyMod.F90,SeasonalCriticalDaylength,FUNCTION,1186,0,False,10,31,720.4601625930292,14.67142857142857,10570.179814043442,587.2322118913023,0.24015338753100973
./models/01_CTSM/src/biogeochem/CNPhenologyMod.F90,CNPhenologyReadNML,SUBROUTINE,177,0,False,9,51,1315.8773845954993,17.112244897959183,22517.616060884207,1250.9786700491227,0.43862579486516645
./models/01_CTSM/src/biogeochem/CNPhenologyMod.F90,CNPhenologyInit,SUBROUTINE,434,0,False,9,39,1183.5014248529835,15.469999999999999,18308.767042475654,1017.1537245819808,0.3945004749509945
./models/01_CTSM/src/biogeochem/CNPhenologyMod.F90,SeasonalDecidOnset,FUNCTION,1242,0,False,8,36,1310.3302539954154,26.342105263157894,34516.85748024765,1917.6031933470917,0.43677675133180516
./models/01_CTSM/src/biogeochem/CNPhenologyMod.F90,CNCropHarvestToProductPools,SUBROUTINE,4282,5,False,8,39,1458.0,13.571428571428571,19787.142857142855,1099.2857142857142,0.486
./models/01_CTSM/src/biogeochem/CNPhenologyMod.F90,get_swindow,SUBROUTINE,1880,1,False,7,39,841.0710369788252,24.620689655172413,20707.748979409695,1150.4304988560941,0.2803570123262751
./models/01_CTSM/src/biogeochem/CNPhenologyMod.F90,was_sown_in_this_window,FUNCTION,1946,0,False,7,27,604.4119498671987,26.0,15714.710696547167,873.0394831415092,0.2014706499557329
./models/01_CTSM/src/biogeochem/CNPhenologyMod.F90,CropPhase,SUBROUTINE,2625,1,False,5,24,796.6854153373498,14.444444444444445,11507.678221539498,639.3154567521943,0.2655618051124499
./models/01_CTSM/src/biogeochem/CNPhenologyMod.F90,CropPhenologyInit,SUBROUTINE,2686,2,False,5,33,911.7547227630438,8.785714285714285,8010.416492846741,445.0231384914856,0.3039182409210146
./models/01_CTSM/src/biogeochem/CNPhenologyMod.F90,CNPhenology,SUBROUTINE,328,0,False,4,49,2140.7365726699923,17.526315789473685,37519.22519468987,2084.401399704993,0.7135788575566641
./models/01_CTSM/src/biogeochem/CNPhenologyMod.F90,DaysPastPlanting,FUNCTION,2961,0,False,3,17,262.36659345130676,10.4,2728.6125718935905,151.5895873274217,0.08745553115043558
./models/01_CTSM/src/biogeochem/CNPhenologyMod.F90,CNPhenologySetNML,SUBROUTINE,254,0,False,2,9,181.11039140121426,7.3125,1324.3697371213793,73.5760965067433,0.06037013046707142
./models/01_CTSM/src/biogeochem/CNPhenologyMod.F90,CNPhenologyClimate,SUBROUTINE,529,1,False,2,19,499.216357432593,7.388888888888889,3688.6541965852707,204.92523314362614,0.166405452477531
./models/01_CTSM/src/biogeochem/CNPhenologyMod.F90,CNPhenologySetParams,SUBROUTINE,271,0,False,1,16,337.59701265360627,3.375,1139.389917705921,63.299439872551176,0.1125323375512021
./models/01_CTSM/src/biogeochem/CNPhenologyMod.F90,readParams,SUBROUTINE,293,0,False,1,21,583.4587769504424,5.696969696969697,3323.9469717176717,184.66372065098176,0.1944862589834808
./models/01_CTSM/src/biogeochem/CNPrecisionControlMod.F90,CNPrecisionControl,SUBROUTINE,98,3,False,63,233,13945.012112533599,67.41891891891892,940157.640938245,52230.98005212472,4.648337370844533
./models/01_CTSM/src/biogeochem/CNPrecisionControlMod.F90,TruncateCandNStates,SUBROUTINE,641,1,False,11,66,2615.6635244432123,40.6875,106424.8096507832,5912.489425043511,0.8718878414810708
./models/01_CTSM/src/biogeochem/CNPrecisionControlMod.F90,TruncateCStates,SUBROUTINE,735,1,False,10,50,1649.2178950769203,28.75,47415.014483461455,2634.167471303414,0.5497392983589734
./models/01_CTSM/src/biogeochem/CNPrecisionControlMod.F90,CNPrecisionControlReadNML,SUBROUTINE,39,0,False,5,40,1073.4634580988825,18.423913043478258,19777.39740736528,1098.7443004091822,0.3578211526996275
./models/01_CTSM/src/biogeochem/CNPrecisionControlMod.F90,TruncateNStates,SUBROUTINE,803,1,False,4,24,742.3804877790874,14.285714285714285,10605.435539701248,589.190863316736,0.24746016259302914
./models/01_CTSM/src/biogeochem/CNPrecisionControlMod.F90,TruncateAdditional,SUBROUTINE,843,1,False,2,19,589.6186148128281,9.777777777777779,5765.159789280987,320.2866549600548,0.1965395382709427
./models/01_CTSM/src/biogeochem/CNProductsMod.F90,Restart,SUBROUTINE,374,1,False,13,53,2420.6518073000075,21.671641791044777,52459.49886865091,2914.416603813939,0.8068839357666692
./models/01_CTSM/src/biogeochem/CNProductsMod.F90,PartitionWoodFluxes,SUBROUTINE,579,3,False,7,58,2420.6518073000075,28.56060606060606,69135.2826781896,3840.8490376772,0.8068839357666692
./models/01_CTSM/src/biogeochem/CNProductsMod.F90,InitCold,SUBROUTINE,332,3,False,5,25,674.039677847345,7.833333333333334,5279.97747647087,293.33208202615947,0.2246798926157817
./models/01_CTSM/src/biogeochem/CNProductsMod.F90,PartitionCropFluxes,SUBROUTINE,717,2,False,3,22,707.4534403585162,7.186046511627906,5083.793327227477,282.4329626237487,0.23581781345283873
./models/01_CTSM/src/biogeochem/CNProductsMod.F90,ComputeProductSummaryVars,SUBROUTINE,785,2,False,3,32,1334.5203024081109,16.855263157894736,22493.690886641973,1249.6494937023317,0.44484010080270364
./models/01_CTSM/src/biogeochem/CNProductsMod.F90,InitHistory,SUBROUTINE,192,0,False,2,44,3070.739671766881,27.764705882352942,85258.18382788046,4736.565768215582,1.0235798905889604
./models/01_CTSM/src/biogeochem/CNProductsMod.F90,ComputeSummaryVars,SUBROUTINE,842,1,False,2,13,493.305186263697,5.6818181818181825,2802.870376498279,155.71502091657104,0.16443506208789901
./models/01_CTSM/src/biogeochem/CNProductsMod.F90,Init,SUBROUTINE,94,0,False,1,10,225.62110647077242,3.6363636363636362,820.4403871664451,45.580021509246954,0.07520703549025748
./models/01_CTSM/src/biogeochem/CNProductsMod.F90,InitAllocate,SUBROUTINE,118,0,False,1,59,1471.0539791581846,7.5,11032.904843686385,612.939157982577,0.49035132638606155
./models/01_CTSM/src/biogeochem/CNProductsMod.F90,SetValues,SUBROUTINE,168,0,False,1,12,347.8325391424408,4.239130434782609,1474.507502886434,81.91708349369077,0.11594417971414693
./models/01_CTSM/src/biogeochem/CNProductsMod.F90,UpdateProducts,SUBROUTINE,520,0,False,1,19,846.3316977959195,14.068965517241377,11907.01147243914,661.50063735773,0.28211056593197315
./models/01_CTSM/src/biogeochem/CNSharedParamsMod.F90,CNParamsReadShared_netcdf,SUBROUTINE,74,0,False,11,52,2090.647771940737,17.714285714285715,37034.33196009306,2057.4628866718367,0.6968825906469124
./models/01_CTSM/src/biogeochem/CNSharedParamsMod.F90,CNParamsReadShared_namelist,SUBROUTINE,146,0,False,5,42,1123.9685000471832,16.38888888888889,18420.59486188439,1023.3663812157995,0.3746561666823944
./models/01_CTSM/src/biogeochem/CNSharedParamsMod.F90,CNParamsReadShared,SUBROUTINE,54,0,False,1,7,125.33591475173351,3.0,376.0077442552005,20.889319125288917,0.041778638250577836
./models/01_CTSM/src/biogeochem/CNSharedParamsMod.F90,CNParamsSetSoilDepth,SUBROUTINE,68,0,False,1,4,43.18506523353571,1.375,59.3794646961116,3.2988591497839774,0.014395021744511903
./models/01_CTSM/src/biogeochem/CNSpeciesMod.F90,species_from_string,FUNCTION,38,0,False,5,15,197.65428402504423,4.21875,833.8540107306553,46.32522281836974,0.0658847613416814
./models/01_CTSM/src/biogeochem/CNVegCarbonFluxType.F90,Summary_carbonflux,SUBROUTINE,4847,25,False,49,226,20846.880130685364,57.8125,1205210.2575552475,66956.12541973597,6.9489600435617875
./models/01_CTSM/src/biogeochem/CNVegCarbonFluxType.F90,SetValues,SUBROUTINE,4365,29,False,34,376,14952.978266985143,10.6171875,158758.57394400632,8819.920774667018,4.984326088995048
./models/01_CTSM/src/biogeochem/CNVegCarbonFluxType.F90,InitHistory,SUBROUTINE,1278,10,False,29,1072,90689.81078795511,145.6875,13212371.80917021,734020.6560650117,30.22993692931837
./models/01_CTSM/src/biogeochem/CNVegCarbonFluxType.F90,InitCold,SUBROUTINE,3917,8,False,21,101,3327.7705831630947,25.0,83194.26457907737,4621.9035877265205,1.109256861054365
./models/01_CTSM/src/biogeochem/CNVegCarbonFluxType.F90,RestartBulkOnly,SUBROUTINE,4076,10,False,14,96,7553.29370645105,31.23,235889.36245246627,13104.964580692571,2.5177645688170167
./models/01_CTSM/src/biogeochem/CNVegCarbonFluxType.F90,InitAllocate,SUBROUTINE,803,0,False,10,753,31310.64799264804,43.86698337292162,1373503.674888893,76305.75971604961,10.436882664216013
./models/01_CTSM/src/biogeochem/CNVegCarbonFluxType.F90,ZeroDwt,SUBROUTINE,4790,4,False,5,20,502.6697356606067,3.46875,1743.6356455727296,96.86864697626275,0.16755657855353556
./models/01_CTSM/src/biogeochem/CNVegCarbonFluxType.F90,Init,SUBROUTINE,548,0,False,3,16,309.0676876406254,5.6818181818181825,1756.0664070490084,97.55924483605602,0.10302256254687514
./models/01_CTSM/src/biogeochem/CNVegCarbonFluxType.F90,InitTransfer,SUBROUTINE,567,0,False,2,173,6194.69297907242,13.648148148148149,84546.08751067359,4697.004861704088,2.0648976596908066
./models/01_CTSM/src/biogeochem/CNVegCarbonFluxType.F90,Restart,SUBROUTINE,4050,0,False,2,12,286.62087871252675,7.477272727272727,2143.1424794641202,119.06347108134001,0.09554029290417558
./models/01_CTSM/src/biogeochem/CNVegCarbonFluxType.F90,ZeroGru,SUBROUTINE,4825,1,False,2,8,151.6206750336681,2.2105263157894735,335.16149217968734,18.62008289887152,0.050540225011222704
./models/01_CTSM/src/biogeochem/CNVegCarbonFluxType.F90,RestartAllIsotopes,SUBROUTINE,4343,0,False,1,10,256.7639251168273,4.173913043478261,1071.710296139801,59.539460896655605,0.08558797503894243
./models/01_CTSM/src/biogeochem/CNVegCarbonStateType.F90,Restart,SUBROUTINE,1785,63,False,310,1202,119828.23412317446,352.4365384615385,42231848.04433042,2346213.7802405786,39.94274470772482
./models/01_CTSM/src/biogeochem/CNVegCarbonStateType.F90,InitCold,SUBROUTINE,1443,5,False,34,276,12123.923681255696,36.15957446808511,438395.9211977459,24355.328955430326,4.041307893751899
./models/01_CTSM/src/biogeochem/CNVegCarbonStateType.F90,InitHistory,SUBROUTINE,557,3,False,28,385,24444.593573299462,98.23008849557523,2401194.5899435757,133399.69944130976,8.148197857766487
./models/01_CTSM/src/biogeochem/CNVegCarbonStateType.F90,SetValues,SUBROUTINE,4313,5,False,11,169,5936.906742234274,9.67391304347826,57433.11957161417,3190.7288650896758,1.9789689140780913
./models/01_CTSM/src/biogeochem/CNVegCarbonStateType.F90,InitAllocate,SUBROUTINE,333,0,False,10,353,11557.530457428611,18.314917127071823,211675.21252141352,11759.734028967418,3.8525101524762038
./models/01_CTSM/src/biogeochem/CNVegCarbonStateType.F90,Summary_carbonstate,SUBROUTINE,4524,2,False,6,33,1956.0491313703008,16.283783783783782,31851.881125692056,1769.5489514273365,0.6520163771234336
./models/01_CTSM/src/biogeochem/CNVegCarbonStateType.F90,InitReadNML,SUBROUTINE,273,0,False,5,39,1011.8146044902368,15.119565217391305,15298.196900499124,849.8998278055069,0.33727153483007893
./models/01_CTSM/src/biogeochem/CNVegCarbonStateType.F90,DynamicPatchAdjustments,SUBROUTINE,4634,3,False,5,85,6017.701751098922,30.276699029126213,182196.14476506785,10122.008042503769,2.0059005836996406
./models/01_CTSM/src/biogeochem/CNVegCarbonStateType.F90,Init,SUBROUTINE,242,0,False,3,22,541.7831500254108,9.566666666666666,5183.058801909763,287.9477112172091,0.1805943833418036
./models/01_CTSM/src/biogeochem/CNVegCarbonStateType.F90,ZeroDwt,SUBROUTINE,4502,1,False,2,10,196.21499122004107,2.8421052631578947,557.6636592569588,30.981314403164376,0.06540499707334703
./models/01_CTSM/src/biogeochem/CNVegCarbonStateType.F90,update_patch_state,SUBROUTINE,4857,0,False,1,8,356.75452949098377,5.368421052631579,1915.2085267410707,106.40047370783726,0.11891817649699458
./models/01_CTSM/src/biogeochem/CNVegComputeSeedMod.F90,SpeciesTypeMultiplier,FUNCTION,157,0,False,10,33,703.7052750908657,14.857142857142856,10455.049801350004,580.8361000750002,0.23456842503028857
./models/01_CTSM/src/biogeochem/CNVegComputeSeedMod.F90,ComputeSeedAmounts,SUBROUTINE,40,1,False,5,59,2420.221402522087,23.015873015873012,55703.508470746434,3094.639359485913,0.8067404675073623
./models/01_CTSM/src/biogeochem/CNVegComputeSeedMod.F90,LeafProportions,SUBROUTINE,213,0,False,3,27,729.4619243686584,18.035714285714285,13156.366850220445,730.9092694566914,0.2431539747895528
./models/01_CTSM/src/biogeochem/CNVegetationFacade.F90,Restart,SUBROUTINE,473,0,False,14,63,2733.3724595878884,21.525,58835.842192629294,3268.6578995905165,0.9111241531959628
./models/01_CTSM/src/biogeochem/CNVegetationFacade.F90,Init,SUBROUTINE,198,0,False,12,68,2466.9041766052765,13.268292682926829,32731.60663593342,1818.4225908851902,0.8223013922017588
./models/01_CTSM/src/biogeochem/CNVegetationFacade.F90,CNReadNML,SUBROUTINE,326,0,False,5,43,1089.5844650937283,17.18888888888889,18728.74630555553,1040.4859058641962,0.36319482169790945
./models/01_CTSM/src/biogeochem/CNVegetationFacade.F90,InitEachTimeStep,SUBROUTINE,610,0,False,5,25,529.0961354900353,7.928571428571429,4194.976502813852,233.0542501563251,0.17636537849667844
./models/01_CTSM/src/biogeochem/CNVegetationFacade.F90,EcosystemDynamicsPostDrainage,SUBROUTINE,1070,0,False,4,48,2108.6896179893038,13.506410256410257,28480.82708399656,1582.2681713331422,0.7028965393297679
./models/01_CTSM/src/biogeochem/CNVegetationFacade.F90,EndOfTimeStepVegDynamics,SUBROUTINE,1266,0,False,4,33,871.1032383086406,12.065217391304348,10510.049940462946,583.8916633590526,0.2903677461028802
./models/01_CTSM/src/biogeochem/CNVegetationFacade.F90,WriteHistory,SUBROUTINE,1327,0,False,4,13,233.18308776612344,4.7727272727272725,1112.9192825201346,61.82884902889637,0.07772769592204115
./models/01_CTSM/src/biogeochem/CNVegetationFacade.F90,get_froot_carbon_patch,FUNCTION,1561,1,False,4,21,655.4414844979613,10.894736842105264,7140.862489004105,396.71458272245025,0.21848049483265375
./models/01_CTSM/src/biogeochem/CNVegetationFacade.F90,get_croot_carbon_patch,FUNCTION,1605,1,False,4,21,692.5353500894233,11.192307692307693,7751.068726000854,430.61492922226967,0.23084511669647445
./models/01_CTSM/src/biogeochem/CNVegetationFacade.F90,DynamicAreaConservation,SUBROUTINE,709,0,False,3,45,1570.9917015041244,9.970588235294118,15663.711376761712,870.2061875978729,0.5236639005013748
./models/01_CTSM/src/biogeochem/CNVegetationFacade.F90,BalanceCheck,SUBROUTINE,1201,0,False,3,24,743.3414300233733,10.436170212765957,7757.637689924778,430.97987166248765,0.24778047667445777
./models/01_CTSM/src/biogeochem/CNVegetationFacade.F90,InitAccBuffer,SUBROUTINE,391,0,False,2,8,153.80110650593844,4.411764705882353,678.534293408552,37.696349633808445,0.05126703550197948
./models/01_CTSM/src/biogeochem/CNVegetationFacade.F90,InitAccVars,SUBROUTINE,414,0,False,2,8,153.80110650593844,4.411764705882353,678.534293408552,37.696349633808445,0.05126703550197948
./models/01_CTSM/src/biogeochem/CNVegetationFacade.F90,UpdateAccVars,SUBROUTINE,437,0,False,2,12,400.08407532170736,8.444444444444445,3378.4877471610844,187.69376373117134,0.13336135844056912
./models/01_CTSM/src/biogeochem/CNVegetationFacade.F90,Init2,SUBROUTINE,580,0,False,2,10,216.22022703449022,5.1,1102.7231578759001,61.26239765977223,0.07207340901149674
./models/01_CTSM/src/biogeochem/CNVegetationFacade.F90,UpdateSubgridWeights,SUBROUTINE,685,0,False,2,8,155.88872502451932,4.166666666666666,649.5363542688305,36.08535301493502,0.051962908341506436
./models/01_CTSM/src/biogeochem/CNVegetationFacade.F90,get_net_carbon_exchange_grc,FUNCTION,1365,0,False,2,11,317.79682951958256,6.730769230769231,2139.017121766421,118.83428454257894,0.10593227650652752
./models/01_CTSM/src/biogeochem/CNVegetationFacade.F90,get_leafn_patch,FUNCTION,1393,0,False,2,11,299.32032633211963,6.125,1833.3369987842327,101.85205548801292,0.09977344211070655
./models/01_CTSM/src/biogeochem/CNVegetationFacade.F90,get_downreg_patch,FUNCTION,1420,0,False,2,11,299.32032633211963,6.125,1833.3369987842327,101.85205548801292,0.09977344211070655
./models/01_CTSM/src/biogeochem/CNVegetationFacade.F90,get_root_respiration_patch,FUNCTION,1447,0,False,2,11,302.20597493359935,5.88,1776.9711326095642,98.72061847830912,0.10073532497786646
./models/01_CTSM/src/biogeochem/CNVegetationFacade.F90,get_annsum_npp_patch,FUNCTION,1480,0,False,2,11,299.32032633211963,6.125,1833.3369987842327,101.85205548801292,0.09977344211070655
./models/01_CTSM/src/biogeochem/CNVegetationFacade.F90,get_agnpp_patch,FUNCTION,1507,0,False,2,11,299.32032633211963,6.125,1833.3369987842327,101.85205548801292,0.09977344211070655
./models/01_CTSM/src/biogeochem/CNVegetationFacade.F90,get_bgnpp_patch,FUNCTION,1534,0,False,2,11,299.32032633211963,6.125,1833.3369987842327,101.85205548801292,0.09977344211070655
./models/01_CTSM/src/biogeochem/CNVegetationFacade.F90,get_totvegc_col,FUNCTION,1651,0,False,2,11,299.32032633211963,6.125,1833.3369987842327,101.85205548801292,0.09977344211070655
./models/01_CTSM/src/biogeochem/CNVegetationFacade.F90,InterpFileInputs,SUBROUTINE,655,0,False,1,6,127.37720526058406,2.823529411764706,359.65328544164913,19.98073808009162,0.04245906842019469
./models/01_CTSM/src/biogeochem/CNVegetationFacade.F90,InitColumnBalance,SUBROUTINE,818,0,False,1,17,570.8234396371229,5.828571428571428,3327.0851910278016,184.83806616821118,0.19027447987904095
./models/01_CTSM/src/biogeochem/CNVegetationFacade.F90,InitGridcellBalance,SUBROUTINE,873,0,False,1,20,972.4248451911769,5.481481481481482,5330.328781047933,296.12937672488516,0.32414161506372563
./models/01_CTSM/src/biogeochem/CNVegetationFacade.F90,EcosystemDynamicsPreDrainage,SUBROUTINE,946,0,False,1,52,2487.6013179820234,7.009708737864078,17437.360694980787,968.742260832266,0.8292004393273411
./models/01_CTSM/src/biogeochem/CNVegMatrixMod.F90,CNVegMatrix,SUBROUTINE,67,71,False,225,2073,176805.28433771266,128.48665480427047,22717119.536270574,1262062.1964594764,58.93509477923755
./models/01_CTSM/src/biogeochem/CNVegMatrixMod.F90,matrix_update_phc,FUNCTION,3579,0,False,4,29,983.1622267469419,29.765625,29264.438155514443,1625.8021197508024,0.3277207422489806
./models/01_CTSM/src/biogeochem/CNVegMatrixMod.F90,matrix_update_gmc,FUNCTION,3617,0,False,4,29,1072.409580226005,30.441176470588232,32645.40928040926,1813.6338489116256,0.357469860075335
./models/01_CTSM/src/biogeochem/CNVegMatrixMod.F90,matrix_update_fic,FUNCTION,3657,0,False,4,29,1162.8471951041565,31.04166666666667,36096.71501469153,2005.3730563717518,0.3876157317013855
./models/01_CTSM/src/biogeochem/CNVegMatrixMod.F90,matrix_update_phn,FUNCTION,3700,0,False,4,29,983.1622267469419,29.765625,29264.438155514443,1625.8021197508024,0.3277207422489806
./models/01_CTSM/src/biogeochem/CNVegMatrixMod.F90,matrix_update_gmn,FUNCTION,3739,0,False,4,29,1072.409580226005,30.441176470588232,32645.40928040926,1813.6338489116256,0.357469860075335
./models/01_CTSM/src/biogeochem/CNVegMatrixMod.F90,matrix_update_fin,FUNCTION,3780,0,False,4,29,1162.8471951041565,31.04166666666667,36096.71501469153,2005.3730563717518,0.3876157317013855
./models/01_CTSM/src/biogeochem/CNVegMatrixMod.F90,CNVegMatrixRest,SUBROUTINE,3824,0,False,1,9,396.33570483095,4.222222222222222,1673.4174203973446,92.96763446651914,0.13211190161031666
./models/01_CTSM/src/biogeochem/CNVegNitrogenFluxType.F90,SetValues,SUBROUTINE,2287,25,False,28,253,9337.357558381866,10.586854460093898,98853.24551244652,5491.846972913696,3.112452519460622
./models/01_CTSM/src/biogeochem/CNVegNitrogenFluxType.F90,Restart,SUBROUTINE,1986,7,False,18,117,8895.370540956397,40.69565217391304,362002.9054928342,20111.27252737968,2.9651235136521326
./models/01_CTSM/src/biogeochem/CNVegNitrogenFluxType.F90,InitHistory,SUBROUTINE,1113,3,False,14,324,24080.194713638306,61.8125,1488457.0357367678,82692.05754093155,8.02673157121277
./models/01_CTSM/src/biogeochem/CNVegNitrogenFluxType.F90,InitCold,SUBROUTINE,1877,4,False,12,77,2641.0819545490413,17.470588235294116,46141.25532359207,2563.403073532893,0.8803606515163471
./models/01_CTSM/src/biogeochem/CNVegNitrogenFluxType.F90,Summary_nitrogenflux,SUBROUTINE,2635,7,False,8,42,2688.9874128145125,9.78125,26301.65813159195,1461.203229532886,0.8963291376048375
./models/01_CTSM/src/biogeochem/CNVegNitrogenFluxType.F90,ZeroDwt,SUBROUTINE,2582,4,False,5,19,468.0465813950312,3.3387096774193545,1562.6716507866363,86.81509171036868,0.15601552713167707
./models/01_CTSM/src/biogeochem/CNVegNitrogenFluxType.F90,Init,SUBROUTINE,428,0,False,3,13,202.04660144782298,3.8823529411764706,784.4162173856657,43.5786787436481,0.06734886714927432
./models/01_CTSM/src/biogeochem/CNVegNitrogenFluxType.F90,InitAllocate,SUBROUTINE,779,0,False,3,533,21203.4307263126,29.52317880794702,625992.6766748448,34777.37092638027,7.0678102421041995
./models/01_CTSM/src/biogeochem/CNVegNitrogenFluxType.F90,InitTransfer,SUBROUTINE,445,0,False,2,249,9534.02394139171,21.527027027027025,205239.19106266205,11402.177281259002,3.1780079804639034
./models/01_CTSM/src/biogeochem/CNVegNitrogenFluxType.F90,ZeroGru,SUBROUTINE,2614,1,False,2,9,166.9080620655929,2.5833333333333335,431.17916033611505,23.954397796450834,0.05563602068853097
./models/01_CTSM/src/biogeochem/CNVegNitrogenStateType.F90,Restart,SUBROUTINE,1119,7,False,45,336,39626.54300668929,127.30818965517241,5044783.452474446,280265.7473596914,13.208847668896428
./models/01_CTSM/src/biogeochem/CNVegNitrogenStateType.F90,InitCold,SUBROUTINE,789,5,False,29,270,12637.078828741094,29.850622406639005,377224.6684396823,20956.926024426793,4.212359609580365
./models/01_CTSM/src/biogeochem/CNVegNitrogenStateType.F90,SetValues,SUBROUTINE,1972,5,False,11,178,6282.2608523530325,9.74702380952381,61233.34610552435,3401.85256141802,2.094086950784344
./models/01_CTSM/src/biogeochem/CNVegNitrogenStateType.F90,InitHistory,SUBROUTINE,477,1,False,10,134,7835.669502509623,29.64,232249.24405438523,12902.73578079918,2.6118898341698746
./models/01_CTSM/src/biogeochem/CNVegNitrogenStateType.F90,InitAllocate,SUBROUTINE,265,0,False,7,369,12324.85779206096,18.372395833333332,226437.16594528663,12579.842552515924,4.1082859306869866
./models/01_CTSM/src/biogeochem/CNVegNitrogenStateType.F90,DynamicPatchAdjustments,SUBROUTINE,2365,3,False,6,82,5604.357738651144,26.571428571428573,148915.79134130184,8273.099518961213,1.8681192462170482
./models/01_CTSM/src/biogeochem/CNVegNitrogenStateType.F90,Summary_nitrogenstate,SUBROUTINE,2198,2,False,5,30,1722.8965932515007,15.0,25843.44889877251,1435.7471610429172,0.5742988644171669
./models/01_CTSM/src/biogeochem/CNVegNitrogenStateType.F90,Init,SUBROUTINE,241,0,False,2,17,465.0,7.314814814814815,3401.388888888889,188.96604938271605,0.155
./models/01_CTSM/src/biogeochem/CNVegNitrogenStateType.F90,ZeroDwt,SUBROUTINE,2175,1,False,2,11,226.17809780285066,3.0749999999999997,695.4976507437657,38.63875837465365,0.07539269926761688
./models/01_CTSM/src/biogeochem/CNVegNitrogenStateType.F90,time_evolv_leafcn,SUBROUTINE,2324,1,False,2,18,587.1452909685324,5.673913043478261,3331.411324843195,185.07840693573306,0.1957150969895108
./models/01_CTSM/src/biogeochem/CNVegNitrogenStateType.F90,ReadParams,SUBROUTINE,2298,0,False,1,8,147.1612434150308,1.5,220.74186512254622,12.263436951252567,0.04905374780501027
./models/01_CTSM/src/biogeochem/CNVegNitrogenStateType.F90,update_patch_state,SUBROUTINE,2574,0,False,1,8,356.75452949098377,5.368421052631579,1915.2085267410707,106.40047370783726,0.11891817649699458
./models/01_CTSM/src/biogeochem/CNVegStateType.F90,InitCold,SUBROUTINE,508,3,False,8,92,3052.1211583429813,19.66176470588235,60010.08806918479,3333.8937816213775,1.0173737194476604
./models/01_CTSM/src/biogeochem/CNVegStateType.F90,Restart,SUBROUTINE,631,1,False,6,104,11122.616273999145,53.0483870967742,590036.853631987,32779.82520177706,3.707538757999715
./models/01_CTSM/src/biogeochem/CNVegStateType.F90,InitAllocate,SUBROUTINE,150,0,False,5,168,5111.099040750304,16.763157894736842,85678.16023573537,4759.897790874187,1.7036996802501014
./models/01_CTSM/src/biogeochem/CNVegStateType.F90,Init,SUBROUTINE,133,0,False,3,12,185.8429080801566,3.875,720.1412688106068,40.00784826725593,0.06194763602671887
./models/01_CTSM/src/biogeochem/CNVegStateType.F90,InitHistory,SUBROUTINE,302,0,False,2,87,5413.713148287909,19.734939759036145,106839.30285416379,5935.5168252313215,1.8045710494293028
./models/01_CTSM/src/biogeochem/CNVegStructUpdateMod.F90,CNVegStructUpdate,SUBROUTINE,31,1,False,17,127,7821.071833299929,51.62162162162162,403736.41085413145,22429.8006030073,2.6070239444333096
./models/01_CTSM/src/biogeochem/CropReprPoolsMod.F90,crop_repr_pools_init,SUBROUTINE,55,1,False,7,44,980.4756315202678,22.88888888888889,22441.997788130575,1246.777654896143,0.32682521050675595
./models/01_CTSM/src/biogeochem/CropReprPoolsMod.F90,get_repr_hist_fname,FUNCTION,137,0,False,1,6,120.92782504182705,2.3000000000000003,278.1339975962022,15.451888755344568,0.04030927501394235
./models/01_CTSM/src/biogeochem/CropReprPoolsMod.F90,get_repr_rest_fname,FUNCTION,155,0,False,1,6,120.92782504182705,2.3000000000000003,278.1339975962022,15.451888755344568,0.04030927501394235
./models/01_CTSM/src/biogeochem/CropReprPoolsMod.F90,get_repr_longname,FUNCTION,173,0,False,1,6,120.92782504182705,2.3000000000000003,278.1339975962022,15.451888755344568,0.04030927501394235
./models/01_CTSM/src/biogeochem/CropType.F90,Restart,SUBROUTINE,524,10,False,34,145,7639.4580817452015,55.83333333333333,426536.4095641071,23696.46719800595,2.5464860272484007
./models/01_CTSM/src/biogeochem/CropType.F90,CropUpdateAccVars,SUBROUTINE,786,3,False,10,78,3038.91476182484,28.043010752688172,85220.3193423568,4734.462185686489,1.0129715872749465
./models/01_CTSM/src/biogeochem/CropType.F90,ReadNML,SUBROUTINE,131,0,False,9,54,1486.1918516621542,18.175925925925927,27012.91300752601,1500.7173893070005,0.49539728388738474
./models/01_CTSM/src/biogeochem/CropType.F90,InitCold,SUBROUTINE,381,1,False,5,30,900.6147237844095,9.157894736842106,8247.734838867751,458.2074910482084,0.30020490792813653
./models/01_CTSM/src/biogeochem/CropType.F90,checkDates,SUBROUTINE,943,0,False,4,27,686.9503875887021,17.5,12021.631782802287,667.8684323779048,0.2289834625295674
./models/01_CTSM/src/biogeochem/CropType.F90,CropIncrementYear,SUBROUTINE,905,1,False,3,18,383.37395307124245,10.875,4169.191739649762,231.62176331387568,0.12779131769041416
./models/01_CTSM/src/biogeochem/CropType.F90,Init,SUBROUTINE,110,0,False,2,10,190.3981037807637,4.7368421052631575,901.8857547509859,50.10476415283255,0.0634660345935879
./models/01_CTSM/src/biogeochem/CropType.F90,InitHistory,SUBROUTINE,260,0,False,2,51,3048.54851091808,24.37037037037037,74294.25630311469,4127.458683506371,1.0161828369726933
./models/01_CTSM/src/biogeochem/CropType.F90,InitAccVars,SUBROUTINE,473,0,False,2,26,672.6518867406488,9.732558139534882,6546.623595371198,363.7013108539554,0.22421729558021627
./models/01_CTSM/src/biogeochem/CropType.F90,InitAllocate,SUBROUTINE,208,0,False,1,71,2113.8511023729875,10.19672131147541,21554.35058485243,1197.4639213806904,0.7046170341243292
./models/01_CTSM/src/biogeochem/CropType.F90,InitAccBuffer,SUBROUTINE,427,0,False,1,9,479.2174413390531,3.25,1557.4566843519226,86.52537135288459,0.1597391471130177
./models/01_CTSM/src/biogeochem/CropType.F90,latbaset,FUNCTION,996,0,False,1,7,221.00602507644254,8.269230769230768,1827.5498227475055,101.53054570819475,0.07366867502548084
./models/01_CTSM/src/biogeochem/DryDepVelocity.F90,depvel_compute,SUBROUTINE,186,4,False,84,308,15246.754453493002,74.75308641975307,1139741.9532827174,63318.99740459541,5.082251484497667
./models/01_CTSM/src/biogeochem/DryDepVelocity.F90,InitHistory,SUBROUTINE,144,1,False,4,21,675.0186156946079,11.962499999999999,8074.9101902467455,448.60612168037477,0.22500620523153597
./models/01_CTSM/src/biogeochem/DryDepVelocity.F90,Init,SUBROUTINE,103,0,False,2,10,235.0,6.456521739130435,1517.282608695652,84.29347826086956,0.07833333333333334
./models/01_CTSM/src/biogeochem/DryDepVelocity.F90,InitAllocate,SUBROUTINE,119,0,False,2,15,317.06856386476,6.24,1978.5078385161025,109.91710213978348,0.10568952128825333
./models/01_CTSM/src/biogeochem/DustEmisBase.F90,InitDustVars,SUBROUTINE,504,12,False,22,168,8070.832698561565,50.79069767441861,409923.22357345256,22773.512420747364,2.6902775661871883
./models/01_CTSM/src/biogeochem/DustEmisBase.F90,DustDryDep,SUBROUTINE,365,7,False,12,67,3408.2982253544337,22.49438202247191,76667.5623276357,4259.309018201983,1.136099408451478
./models/01_CTSM/src/biogeochem/DustEmisBase.F90,GetPatchVars,SUBROUTINE,278,0,False,8,18,691.0819943521082,5.75,3973.721467524622,220.76230375136788,0.23036066478403605
./models/01_CTSM/src/biogeochem/DustEmisBase.F90,CheckDustEmisIsValid,SUBROUTINE,305,0,False,6,34,798.2892142331044,17.82758620689655,14231.569784776379,790.64276582091,0.26609640474436813
./models/01_CTSM/src/biogeochem/DustEmisBase.F90,InitBase,SUBROUTINE,128,0,False,1,8,151.26748332105768,3.625,548.3446270388341,30.46359039104634,0.05042249444035256
./models/01_CTSM/src/biogeochem/DustEmisBase.F90,CleanBase,SUBROUTINE,143,0,False,1,13,159.41105080876324,1.1875,189.30062283540633,10.516701268633685,0.05313701693625441
./models/01_CTSM/src/biogeochem/DustEmisBase.F90,InitAllocateBase,SUBROUTINE,168,0,False,1,30,665.0,3.933333333333333,2615.6666666666665,145.3148148148148,0.22166666666666668
./models/01_CTSM/src/biogeochem/DustEmisBase.F90,InitHistoryBase,SUBROUTINE,197,0,False,1,21,823.9246196106428,4.757142857142857,3919.527119004915,217.75150661138417,0.2746415398702143
./models/01_CTSM/src/biogeochem/DustEmisBase.F90,SetDragPartitionBase,SUBROUTINE,244,0,False,1,6,114.6940428629768,2.15625,247.30902992329374,13.739390551294097,0.03823134762099227
./models/01_CTSM/src/biogeochem/DustEmisBase.F90,WritePatchToLog,SUBROUTINE,261,0,False,1,9,191.81655006634637,3.5,671.3579252322123,37.297662512900686,0.06393885002211545
./models/01_CTSM/src/biogeochem/DustEmisBase.F90,GetConstVars,SUBROUTINE,352,0,False,1,5,89.85848369899593,1.5384615384615385,138.24382107537835,7.6802122819654635,0.02995282789966531
./models/01_CTSM/src/biogeochem/DustEmisFactory.F90,create_dust_emissions,FUNCTION,24,0,False,3,20,434.1011803761678,7.2,3125.5284987084083,173.64047215046713,0.1447003934587226
./models/01_CTSM/src/biogeochem/DustEmisLeung2023.F90,DustEmission,SUBROUTINE,330,14,False,38,259,13023.092255547488,64.07655502392345,834474.8874942199,46359.71597190111,4.341030751849162
./models/01_CTSM/src/biogeochem/DustEmisLeung2023.F90,CalcDragPartition,SUBROUTINE,795,1,False,4,27,900.9445005050502,14.716981132075471,13259.183214979983,736.6212897211102,0.3003148335016834
./models/01_CTSM/src/biogeochem/DustEmisLeung2023.F90,InitCold,SUBROUTINE,308,0,False,2,9,123.18989788986397,3.75,461.9621170869899,25.664562060388327,0.04106329929662132
./models/01_CTSM/src/biogeochem/DustEmisLeung2023.F90,SetDragPartition,SUBROUTINE,860,1,False,2,10,187.9834625295674,2.428571428571429,456.53126614323514,25.36284811906862,0.06266115417652246
./models/01_CTSM/src/biogeochem/DustEmisLeung2023.F90,constructor,FUNCTION,97,0,False,1,2,16.253496664211536,0.75,12.190122498158651,0.6772290276754807,0.005417832221403845
./models/01_CTSM/src/biogeochem/DustEmisLeung2023.F90,InitLeung2023,SUBROUTINE,107,0,False,1,10,208.0838499786226,4.0,832.3353999144904,46.24085555080502,0.06936128332620753
./models/01_CTSM/src/biogeochem/DustEmisLeung2023.F90,InitAllocate,SUBROUTINE,124,0,False,1,51,1183.9300970251438,5.378378378378378,6367.624035351449,353.75689085285825,0.39464336567504793
./models/01_CTSM/src/biogeochem/DustEmisLeung2023.F90,CleanLeung2023,SUBROUTINE,162,0,False,1,27,413.6403177873932,2.5483870967741935,1054.1156485549698,58.5619804752761,0.13788010592913108
./models/01_CTSM/src/biogeochem/DustEmisLeung2023.F90,InitHistory,SUBROUTINE,200,0,False,1,52,3380.765503815011,12.40625,41942.62203170498,2330.1456684280547,1.1269218346050036
./models/01_CTSM/src/biogeochem/DustEmisZender2003.F90,DustEmission,SUBROUTINE,182,14,False,29,157,6942.599307161026,52.52054794520548,364629.119776101,20257.1733208945,2.3141997690536753
./models/01_CTSM/src/biogeochem/DustEmisZender2003.F90,InitHistory,SUBROUTINE,133,0,False,2,12,295.0,4.0740740740740735,1201.8518518518517,66.76954732510288,0.09833333333333333
./models/01_CTSM/src/biogeochem/DustEmisZender2003.F90,InitCold,SUBROUTINE,160,0,False,2,10,192.71802844378476,4.949999999999999,953.9542407967344,52.9974578220408,0.06423934281459492
./models/01_CTSM/src/biogeochem/DustEmisZender2003.F90,constructor,FUNCTION,72,0,False,1,2,16.253496664211536,0.75,12.190122498158651,0.6772290276754807,0.005417832221403845
./models/01_CTSM/src/biogeochem/DustEmisZender2003.F90,InitZender2003,SUBROUTINE,82,0,False,1,10,208.0838499786226,4.0,832.3353999144904,46.24085555080502,0.06936128332620753
./models/01_CTSM/src/biogeochem/DustEmisZender2003.F90,InitAllocate,SUBROUTINE,99,0,False,1,9,145.94737505048093,1.9375,282.7730391603068,15.70961328668371,0.04864912501682698
./models/01_CTSM/src/biogeochem/DustEmisZender2003.F90,CleanZender2003,SUBROUTINE,117,0,False,1,5,49.82892142331043,1.625,80.97199731287945,4.4984442951599695,0.01660964047443681
./models/01_CTSM/src/biogeochem/dynCNDVMod.F90,dynCNDV_interp,SUBROUTINE,55,1,False,4,31,1028.7812201713073,13.607142857142858,13998.773031616718,777.7096128675954,0.34292707339043577
./models/01_CTSM/src/biogeochem/dynCNDVMod.F90,dynCNDV_init,SUBROUTINE,26,1,False,3,13,310.33523331627066,5.035714285714286,1562.75956777122,86.81997598729,0.10344507777209022
./models/01_CTSM/src/biogeochem/dynConsBiogeochemMod.F90,dyn_cnbal_patch,SUBROUTINE,45,15,False,70,490,23136.60610719365,70.36492890995261,1628005.6439502565,90444.75799723648,7.712202035731217
./models/01_CTSM/src/biogeochem/dynConsBiogeochemMod.F90,dyn_cnbal_col,SUBROUTINE,815,0,False,4,23,562.6209634879266,8.419354838709678,4736.905531301576,263.16141840564313,0.1875403211626422
./models/01_CTSM/src/biogeochem/FATESFireBase.F90,CNFireFluxes,SUBROUTINE,142,0,False,1,32,1194.176539020454,5.169642857142858,6173.466215114669,342.97034528414827,0.3980588463401513
./models/01_CTSM/src/biogeochem/FATESFireBase.F90,CNFireReadParams,SUBROUTINE,189,0,False,1,7,95.90827503317318,1.3125,125.8796109810398,6.993311721168878,0.03196942501105773
./models/01_CTSM/src/biogeochem/FATESFireBase.F90,CNFireArea,SUBROUTINE,204,0,False,1,36,1150.2722522884349,4.5,5176.2251352979565,287.5680630721087,0.383424084096145
./models/01_CTSM/src/biogeochem/FATESFireDataMod.F90,InitAccBuffer,SUBROUTINE,83,0,False,2,16,469.5027662648461,6.526315789473684,3064.123316675838,170.22907314865768,0.15650092208828204
./models/01_CTSM/src/biogeochem/FATESFireDataMod.F90,InitAccVars,SUBROUTINE,118,0,False,2,20,442.1700286678584,6.6,2918.322189207865,162.12901051154805,0.1473900095559528
./models/01_CTSM/src/biogeochem/FATESFireDataMod.F90,UpdateAccVars,SUBROUTINE,161,0,False,2,24,536.156400069231,7.8,4182.019920540002,232.3344400300001,0.17871880002307702
./models/01_CTSM/src/biogeochem/FATESFireDataMod.F90,need_lightning_and_popdens,FUNCTION,41,0,False,1,6,92.0,2.0769230769230766,191.07692307692304,10.615384615384613,0.030666666666666665
./models/01_CTSM/src/biogeochem/FATESFireDataMod.F90,GetLight24,FUNCTION,55,0,False,1,5,76.14709844115208,2.3181818181818183,176.52281911357983,9.806823284087768,0.025382366147050694
./models/01_CTSM/src/biogeochem/FATESFireDataMod.F90,GetGDP,FUNCTION,69,0,False,1,5,82.0447025077789,2.25,184.6005806425025,10.255587813472362,0.02734823416925963
./models/01_CTSM/src/biogeochem/FATESFireFactoryMod.F90,create_fates_fire_data_method,SUBROUTINE,38,0,False,12,44,836.591766773166,18.599999999999998,15560.606861980887,864.4781589989382,0.278863922257722
./models/01_CTSM/src/biogeochem/FATESFireNoDataMod.F90,FATESNoFireInit,SUBROUTINE,45,0,False,2,13,281.3104817439633,9.36,2633.066109123496,146.2814505068609,0.0937701605813211
./models/01_CTSM/src/biogeochem/FATESFireNoDataMod.F90,need_lightning_and_popdens,FUNCTION,67,0,False,1,6,92.0,2.0769230769230766,191.07692307692304,10.615384615384613,0.030666666666666665
./models/01_CTSM/src/biogeochem/FATESFireNoDataMod.F90,GetLight24,FUNCTION,81,0,False,1,5,70.32403072095333,1.875,131.8575576017875,7.325419866765973,0.02344134357365111
./models/01_CTSM/src/biogeochem/FATESFireNoDataMod.F90,GetGDP,FUNCTION,95,0,False,1,5,70.32403072095333,1.875,131.8575576017875,7.325419866765973,0.02344134357365111
./models/01_CTSM/src/biogeochem/FATESFireNoDataMod.F90,InitAccBuffer,SUBROUTINE,109,0,False,1,4,51.89147427955946,0.7,36.32403199569162,2.0180017775384234,0.017297158093186486
./models/01_CTSM/src/biogeochem/FATESFireNoDataMod.F90,InitAccVars,SUBROUTINE,130,0,False,1,4,51.89147427955946,0.7,36.32403199569162,2.0180017775384234,0.017297158093186486
./models/01_CTSM/src/biogeochem/FATESFireNoDataMod.F90,UpdateAccVars,SUBROUTINE,152,0,False,1,4,51.89147427955946,0.7,36.32403199569162,2.0180017775384234,0.017297158093186486
./models/01_CTSM/src/biogeochem/FireEmisFactorsMod.F90,gen_hashkey,FUNCTION,222,3,False,5,26,863.2677220963817,14.0,12085.748109349344,671.430450519408,0.2877559073654606
./models/01_CTSM/src/biogeochem/FireEmisFactorsMod.F90,fire_emis_factors_init,SUBROUTINE,92,1,False,4,47,1389.0265679805814,16.476190476190474,22885.866310537196,1271.4370172520664,0.46300885599352715
./models/01_CTSM/src/biogeochem/FireEmisFactorsMod.F90,fire_emis_factors_get,SUBROUTINE,50,0,False,3,19,508.967440438718,12.283333333333333,6251.8167267222525,347.32315148456956,0.16965581347957265
./models/01_CTSM/src/biogeochem/FireEmisFactorsMod.F90,bld_hash_table_indices,SUBROUTINE,173,1,False,2,10,172.8771237954945,3.625,626.6795737586675,34.815531875481526,0.0576257079318315
./models/01_CTSM/src/biogeochem/FireEmisFactorsMod.F90,enter_hash_data,SUBROUTINE,190,0,False,2,16,363.1963765938086,8.8,3196.128114025516,177.56267300141755,0.12106545886460288
./models/01_CTSM/src/biogeochem/MEGANFactorsMod.F90,gen_hashkey,FUNCTION,263,3,False,5,24,842.0664636983525,14.045454545454545,11827.206240126861,657.0670133403812,0.28068882123278416
./models/01_CTSM/src/biogeochem/MEGANFactorsMod.F90,megan_factors_init,SUBROUTINE,86,1,False,3,85,2654.826395259929,21.666666666666664,57521.238563965126,3195.624364664729,0.8849421317533097
./models/01_CTSM/src/biogeochem/MEGANFactorsMod.F90,megan_factors_get,SUBROUTINE,54,0,False,2,18,485.30856805008847,9.136363636363637,4433.955553548536,246.33086408602978,0.1617695226833628
./models/01_CTSM/src/biogeochem/MEGANFactorsMod.F90,bld_hash_table_indices,SUBROUTINE,215,1,False,2,10,172.8771237954945,3.625,626.6795737586675,34.815531875481526,0.0576257079318315
./models/01_CTSM/src/biogeochem/MEGANFactorsMod.F90,enter_hash_data,SUBROUTINE,232,0,False,1,15,341.32219946608984,3.5999999999999996,1228.7599180779232,68.26443989321795,0.11377406648869662
./models/01_CTSM/src/biogeochem/NutrientCompetitionCLM45defaultMod.F90,calc_plant_cn_alloc,SUBROUTINE,121,6,False,21,170,12337.994441276878,41.10909090909091,507203.7351223095,28177.985284572747,4.112664813758959
./models/01_CTSM/src/biogeochem/NutrientCompetitionCLM45defaultMod.F90,calc_plant_nitrogen_demand,SUBROUTINE,492,5,False,21,104,4802.802805331852,32.9765625,158379.92688520116,8798.88482695562,1.6009342684439507
./models/01_CTSM/src/biogeochem/NutrientCompetitionCLM45defaultMod.F90,constructor,FUNCTION,58,0,False,1,2,16.253496664211536,0.75,12.190122498158651,0.6772290276754807,0.005417832221403845
./models/01_CTSM/src/biogeochem/NutrientCompetitionCLM45defaultMod.F90,Init,SUBROUTINE,67,0,False,1,4,51.89147427955946,0.7,36.32403199569162,2.0180017775384234,0.017297158093186486
./models/01_CTSM/src/biogeochem/NutrientCompetitionCLM45defaultMod.F90,calc_plant_nutrient_competition,SUBROUTINE,78,0,False,1,25,833.8465252698098,4.46875,3726.2516597994627,207.01398109997015,0.2779488417566033
./models/01_CTSM/src/biogeochem/NutrientCompetitionCLM45defaultMod.F90,calc_plant_nutrient_demand,SUBROUTINE,437,0,False,1,27,795.7837227582361,2.8958333333333335,2304.457030487392,128.0253905826329,0.265261240919412
./models/01_CTSM/src/biogeochem/NutrientCompetitionFactoryMod.F90,create_nutrient_competition_method,FUNCTION,26,0,False,5,26,550.2415647232904,9.230769230769232,5079.152905138066,282.1751613965592,0.18341385490776346
./models/01_CTSM/src/biogeochem/NutrientCompetitionFlexibleCNMod.F90,calc_plant_cn_alloc,SUBROUTINE,192,7,False,59,370,26032.23822200195,52.70360110803324,1371992.6992016872,76221.81662231596,8.677412740667316
./models/01_CTSM/src/biogeochem/NutrientCompetitionFlexibleCNMod.F90,calc_plant_nitrogen_demand,SUBROUTINE,1362,6,False,27,165,8655.142068199302,41.37850467289719,358136.8365135739,19896.49091742077,2.8850473560664343
./models/01_CTSM/src/biogeochem/NutrientCompetitionFlexibleCNMod.F90,calc_npool_to_components_flexiblecn,SUBROUTINE,932,5,False,17,201,8694.94794537763,64.84615384615385,563833.932150257,31324.10734168095,2.898315981792543
./models/01_CTSM/src/biogeochem/NutrientCompetitionFlexibleCNMod.F90,calc_npool_to_components_agsys,SUBROUTINE,1216,1,False,2,46,2035.0569793763698,24.09090909090909,49026.37268497618,2723.6873713875657,0.67835232645879
./models/01_CTSM/src/biogeochem/NutrientCompetitionFlexibleCNMod.F90,constructor,FUNCTION,77,0,False,1,2,16.253496664211536,0.75,12.190122498158651,0.6772290276754807,0.005417832221403845
./models/01_CTSM/src/biogeochem/NutrientCompetitionFlexibleCNMod.F90,Init,SUBROUTINE,85,0,False,1,6,87.56916320732489,1.6666666666666667,145.9486053455415,8.108255852530084,0.029189721069108297
./models/01_CTSM/src/biogeochem/NutrientCompetitionFlexibleCNMod.F90,InitAllocate,SUBROUTINE,99,0,False,1,9,206.32331253245204,2.8571428571428568,589.4951786641486,32.749732148008256,0.06877443751081734
./models/01_CTSM/src/biogeochem/NutrientCompetitionFlexibleCNMod.F90,InitHistory,SUBROUTINE,116,0,False,1,13,382.73746645746445,3.3333333333333335,1275.7915548582148,70.87730860323416,0.1275791554858215
./models/01_CTSM/src/biogeochem/NutrientCompetitionFlexibleCNMod.F90,calc_plant_nutrient_competition,SUBROUTINE,147,0,False,1,26,866.466837157446,4.530612244897959,3925.625262223531,218.09029234575172,0.288822279052482
./models/01_CTSM/src/biogeochem/NutrientCompetitionFlexibleCNMod.F90,calc_plant_nutrient_demand,SUBROUTINE,1305,0,False,1,28,845.1913759537528,3.0,2535.574127861258,140.86522932562545,0.2817304586512509
./models/01_CTSM/src/biogeochem/SatellitePhenologyMod.F90,readMonthlyVegetation,SUBROUTINE,415,6,False,17,94,3829.7992083511467,26.78571428571429,102583.90736654858,5699.105964808255,1.276599736117049
./models/01_CTSM/src/biogeochem/SatellitePhenologyMod.F90,readAnnualVegetation,SUBROUTINE,321,3,False,9,63,2046.730913155531,17.822580645161292,36478.02675865906,2026.5570421477257,0.6822436377185104
./models/01_CTSM/src/biogeochem/SatellitePhenologyMod.F90,UpdateSatellitePhenologyCanopy,SUBROUTINE,171,1,False,7,43,2138.304931232326,29.04,62096.37520298675,3449.7986223881526,0.7127683104107754
./models/01_CTSM/src/biogeochem/SatellitePhenologyMod.F90,SatellitePhenologyInit,SUBROUTINE,52,0,False,5,29,871.1032383086406,19.390243902439025,16890.904255009005,938.3835697227225,0.2903677461028802
./models/01_CTSM/src/biogeochem/SatellitePhenologyMod.F90,interpMonthlyVeg,SUBROUTINE,266,0,False,5,37,1177.5241449294836,19.11,22502.48640960243,1250.1381338668016,0.39250804830982783
./models/01_CTSM/src/biogeochem/SatellitePhenologyMod.F90,CalcSatellitePhenologyTimeInterp,SUBROUTINE,102,1,False,4,26,989.9987881765596,15.095744680851064,14944.768940665299,830.2649411480721,0.3299995960588532
./models/01_CTSM/src/biogeochem/SpeciesIsotopeType.F90,constructor,FUNCTION,54,0,False,3,17,421.99259122233263,11.357142857142858,4792.630143167921,266.25723017599563,0.14066419707411087
./models/01_CTSM/src/biogeochem/SpeciesIsotopeType.F90,hist_fname,FUNCTION,79,0,False,2,10,310.22902139731207,7.3500000000000005,2280.183307270244,126.67685040390244,0.10340967379910403
./models/01_CTSM/src/biogeochem/SpeciesIsotopeType.F90,rest_fname,FUNCTION,101,0,False,2,13,363.1099040750304,7.0,2541.7693285252126,141.20940714028958,0.12103663469167679
./models/01_CTSM/src/biogeochem/SpeciesIsotopeType.F90,get_species,FUNCTION,126,0,False,1,5,116.75790004038474,2.4000000000000004,280.2189600969234,15.567720005384635,0.03891930001346158
./models/01_CTSM/src/biogeochem/SpeciesIsotopeType.F90,is_isotope,FUNCTION,137,0,False,1,5,60.94436251225965,1.5,91.41654376838947,5.078696876021637,0.02031478750408655
./models/01_CTSM/src/biogeochem/SpeciesNonIsotopeType.F90,constructor,FUNCTION,52,0,False,2,10,230.75303625876498,7.342105263157895,1694.213082005143,94.12294900028571,0.07691767875292166
./models/01_CTSM/src/biogeochem/SpeciesNonIsotopeType.F90,hist_fname,FUNCTION,69,0,False,2,10,264.6998028171593,6.789473684210526,1797.1723454428184,99.84290808015658,0.08823326760571977
./models/01_CTSM/src/biogeochem/SpeciesNonIsotopeType.F90,rest_fname,FUNCTION,90,0,False,2,13,340.05866965893006,7.043478260869566,2395.195847162899,133.0664359534944,0.11335288988631002
./models/01_CTSM/src/biogeochem/SpeciesNonIsotopeType.F90,get_species,FUNCTION,115,0,False,1,5,96.0,1.5,144.0,8.0,0.032
./models/01_CTSM/src/biogeochem/SpeciesNonIsotopeType.F90,is_isotope,FUNCTION,126,0,False,1,5,60.94436251225965,1.5,91.41654376838947,5.078696876021637,0.02031478750408655
./models/01_CTSM/src/biogeochem/VOCEmissionMod.F90,VOCEmission,SUBROUTINE,439,5,False,17,131,7157.0824520807255,35.7525,255883.59036801613,14215.75502044534,2.3856941506935754
./models/01_CTSM/src/biogeochem/VOCEmissionMod.F90,get_gamma_C,FUNCTION,1064,0,False,8,53,2572.7050725184736,47.46341463414634,122109.36758831584,6783.853754906436,0.8575683575061579
./models/01_CTSM/src/biogeochem/VOCEmissionMod.F90,InitCold,SUBROUTINE,366,0,False,7,48,1820.7363626318063,13.157407407407407,23956.170104627745,1330.8983391459858,0.6069121208772688
./models/01_CTSM/src/biogeochem/VOCEmissionMod.F90,get_map_EF,FUNCTION,744,0,False,7,20,641.6857733106725,12.03125,7720.281960144029,428.9045533413349,0.21389525777022417
./models/01_CTSM/src/biogeochem/VOCEmissionMod.F90,get_gamma_A,FUNCTION,1007,0,False,6,36,999.5172635320008,28.5,28486.242010662023,1582.5690005923345,0.3331724211773336
./models/01_CTSM/src/biogeochem/VOCEmissionMod.F90,VOCReadNML,SUBROUTINE,88,0,False,5,34,849.3655180030227,13.799999999999999,11721.244148441712,651.1802304689841,0.2831218393343409
./models/01_CTSM/src/biogeochem/VOCEmissionMod.F90,get_gamma_T,FUNCTION,915,0,False,5,59,2754.752186953394,30.13636363636364,83018.21363409547,4612.122979671971,0.9182507289844646
./models/01_CTSM/src/biogeochem/VOCEmissionMod.F90,Init,SUBROUTINE,141,0,False,3,15,341.11528837383304,7.857142857142857,2680.191551508688,148.89953063937156,0.11370509612461101
./models/01_CTSM/src/biogeochem/VOCEmissionMod.F90,InitAllocate,SUBROUTINE,165,2,False,3,76,2173.3879237447786,11.307692307692307,24576.001906960188,1365.333439275566,0.7244626412482595
./models/01_CTSM/src/biogeochem/VOCEmissionMod.F90,InitHistory,SUBROUTINE,236,1,False,3,55,3468.4573754006406,27.43548387096774,95158.80637994337,5286.600354441299,1.15615245846688
./models/01_CTSM/src/biogeochem/VOCEmissionMod.F90,get_gamma_P,FUNCTION,785,0,False,2,39,2070.435249819596,38.61538461538461,79950.65349303362,4441.702971835201,0.6901450832731986
./models/01_CTSM/src/biogeochem/VOCEmissionMod.F90,get_gamma_L,FUNCTION,857,0,False,2,15,375.0,10.76086956521739,4035.3260869565215,224.18478260869563,0.125
./models/01_CTSM/src/biogeochem/VOCEmissionMod.F90,get_gamma_SM,FUNCTION,885,0,False,2,14,395.0,12.5,4937.5,274.30555555555554,0.13166666666666665
./models/01_CTSM/src/biogeophys/ActiveLayerMod.F90,alt_calc,SUBROUTINE,59,4,False,13,80,2486.681637491097,31.04861111111111,77208.01111960204,4289.333951089003,0.8288938791636989
./models/01_CTSM/src/biogeophys/ActiveLayerMod.F90,InitCold,SUBROUTINE,284,1,False,3,17,474.5239332045309,7.764705882352941,3684.5387754704752,204.69659863724863,0.1581746444015103
./models/01_CTSM/src/biogeophys/ActiveLayerMod.F90,InitHistory,SUBROUTINE,238,0,False,2,20,662.0043000736559,9.485714285714286,6279.583646412965,348.86575813405364,0.22066810002455198
./models/01_CTSM/src/biogeophys/ActiveLayerMod.F90,Init,SUBROUTINE,192,0,False,1,8,160.5395382709427,3.2222222222222223,517.2940677619265,28.73855932010703,0.05351317942364757
./models/01_CTSM/src/biogeophys/ActiveLayerMod.F90,InitAllocate,SUBROUTINE,210,0,False,1,19,460.0,5.642857142857143,2595.714285714286,144.20634920634922,0.15333333333333332
./models/01_CTSM/src/biogeophys/ActiveLayerMod.F90,Restart,SUBROUTINE,312,0,False,1,14,862.7707876446017,5.7894736842105265,4994.98877057401,277.4993761430006,0.2875902625482006
./models/01_CTSM/src/biogeophys/AerosolMod.F90,Restart,SUBROUTINE,291,2,False,13,76,5834.031780197882,55.59375,324335.70428037597,18018.650237798665,1.9446772600659605
./models/01_CTSM/src/biogeophys/AerosolMod.F90,AerosolMasses,SUBROUTINE,493,3,False,5,96,4717.424474369517,30.75510204081633,145084.87107907885,8060.270615504381,1.572474824789839
./models/01_CTSM/src/biogeophys/AerosolMod.F90,AerosolFluxes,SUBROUTINE,667,3,False,5,68,4288.633600896291,21.014563106796118,90123.76144796138,5006.875635997854,1.4295445336320969
./models/01_CTSM/src/biogeophys/AerosolMod.F90,InitCold,SUBROUTINE,251,1,False,2,26,734.7098518821019,4.9714285714285715,3652.5575493567353,202.91986385315195,0.24490328396070063
./models/01_CTSM/src/biogeophys/AerosolMod.F90,ResetFilter,SUBROUTINE,435,1,False,2,11,210.90827503317317,4.7368421052631575,999.039197525557,55.50217764030872,0.07030275834439105
./models/01_CTSM/src/biogeophys/AerosolMod.F90,Init,SUBROUTINE,102,0,False,1,8,151.26748332105768,3.625,548.3446270388341,30.46359039104634,0.05042249444035256
./models/01_CTSM/src/biogeophys/AerosolMod.F90,InitAllocate,SUBROUTINE,115,0,False,1,95,3124.9517597083204,13.935483870967742,43547.71484496756,2419.3174913870866,1.04165058656944
./models/01_CTSM/src/biogeophys/AerosolMod.F90,InitHistory,SUBROUTINE,181,0,False,1,31,1510.6165253073893,7.791666666666667,11770.22042635341,653.9011347974116,0.5035388417691298
./models/01_CTSM/src/biogeophys/AerosolMod.F90,Reset,SUBROUTINE,460,0,False,1,21,584.5951646256513,3.4482758620689653,2015.8453952608663,111.9914108478259,0.19486505487521708
./models/01_CTSM/src/biogeophys/BalanceCheckMod.F90,BalanceCheck,SUBROUTINE,441,6,False,33,307,21015.719304254257,60.91549295774648,1280182.901280277,71121.27229334872,7.005239768084752
./models/01_CTSM/src/biogeophys/BalanceCheckMod.F90,WaterGridcellBalanceSingle,SUBROUTINE,208,4,False,11,69,2626.0398081137378,24.833333333333332,65213.32190149115,3622.9623278606196,0.8753466027045792
./models/01_CTSM/src/biogeophys/BalanceCheckMod.F90,BeginWaterColumnBalanceSingle,SUBROUTINE,349,1,False,5,33,1302.7170480275727,14.655172413793103,19091.542945231668,1060.6412747350926,0.4342390160091909
./models/01_CTSM/src/biogeophys/BalanceCheckMod.F90,BalanceCheckInit,SUBROUTINE,70,0,False,2,8,173.9162695712204,5.157894736842105,897.0418114726104,49.835656192922805,0.057972089857073465
./models/01_CTSM/src/biogeophys/BalanceCheckMod.F90,GetBalanceCheckSkipSteps,FUNCTION,109,0,False,2,9,106.27403387250882,6.666666666666667,708.4935591500589,39.36075328611438,0.03542467795750294
./models/01_CTSM/src/biogeophys/BalanceCheckMod.F90,WaterGridcellBalance,SUBROUTINE,128,1,False,2,16,549.6818307616738,6.764705882352942,3718.4359139760295,206.57977299866832,0.18322727692055796
./models/01_CTSM/src/biogeophys/BalanceCheckMod.F90,BeginWaterColumnBalance,SUBROUTINE,167,1,False,2,16,503.8010412905842,6.515151515151515,3282.3401174992605,182.35222874995893,0.16793368043019472
./models/01_CTSM/src/biogeophys/BalanceCheckMod.F90,BalanceCheckClean,SUBROUTINE,94,0,False,1,3,25.26619429851844,2.25,56.848937171666485,3.158274287314805,0.008422064766172813
./models/01_CTSM/src/biogeophys/BandDiagonalMod.F90,BandDiagonal,SUBROUTINE,28,2,False,4,60,2414.3034978021933,36.9537037037037,89217.45610859772,4956.52533936654,0.8047678326007311
./models/01_CTSM/src/biogeophys/BareGroundFluxesMod.F90,BareGroundFluxes,SUBROUTINE,71,6,False,19,216,16969.353049616933,39.71527777777778,673942.5700747169,37441.25389303983,5.656451016538978
./models/01_CTSM/src/biogeophys/BareGroundFluxesMod.F90,readParams,SUBROUTINE,47,0,False,1,10,216.22022703449022,3.5454545454545454,766.5989867586471,42.58883259770262,0.07207340901149674
./models/01_CTSM/src/biogeophys/BiogeophysPreFluxCalcsMod.F90,CalcInitialTemperatureAndEnergyVars,SUBROUTINE,225,6,False,18,94,4896.8317247495615,33.18014705882353,162477.5967495029,9026.533152750162,1.6322772415831872
./models/01_CTSM/src/biogeophys/BiogeophysPreFluxCalcsMod.F90,SetZ0mDisp,SUBROUTINE,122,1,False,10,52,2387.9102537255903,37.48684210526316,89515.21464295009,4973.067480163893,0.7959700845751968
./models/01_CTSM/src/biogeophys/BiogeophysPreFluxCalcsMod.F90,BiogeophysPreFluxCalcs,SUBROUTINE,58,0,False,1,26,924.6053307413537,6.595744680851064,6098.460692123823,338.8033717846568,0.30820177691378453
./models/01_CTSM/src/biogeophys/CanopyFluxesMod.F90,CanopyFluxes,SUBROUTINE,190,18,False,80,757,66688.34520351618,91.35164051355207,6092089.737475274,338449.42985973746,22.229448401172057
./models/01_CTSM/src/biogeophys/CanopyFluxesMod.F90,CanopyFluxesReadNML,SUBROUTINE,91,0,False,6,42,1085.9753704247719,18.5,20090.54435285828,1116.1413529365711,0.3619917901415906
./models/01_CTSM/src/biogeophys/CanopyFluxesMod.F90,readParams,SUBROUTINE,158,0,False,1,14,343.4823416925963,4.538461538461538,1558.8813969125524,86.60452205069735,0.11449411389753211
./models/01_CTSM/src/biogeophys/CanopyHydrologyMod.F90,CanopyInterceptionAndThroughfall,SUBROUTINE,167,7,False,8,66,6703.756468231405,14.860927152317881,99624.03652126671,5534.668695625928,2.234585489410468
./models/01_CTSM/src/biogeophys/CanopyHydrologyMod.F90,CanopyHydrology_readnl,SUBROUTINE,82,0,False,5,32,701.838730514401,13.902777777777777,9757.50790617938,542.0837725655211,0.23394624350480034
./models/01_CTSM/src/biogeophys/CanopyHydrologyMod.F90,BulkFlux_CanopyInterceptionAndThroughfall,SUBROUTINE,479,1,False,5,58,2467.8438805383803,39.58181818181818,97681.7477805828,5426.763765587933,0.8226146268461267
./models/01_CTSM/src/biogeophys/CanopyHydrologyMod.F90,BulkDiag_FracWet,SUBROUTINE,1120,1,False,5,49,1884.0234745752114,40.53488372093023,76368.67246940915,4242.704026078286,0.6280078248584038
./models/01_CTSM/src/biogeophys/CanopyHydrologyMod.F90,BulkFlux_CanopyExcess,SUBROUTINE,709,1,False,3,35,1438.7218755408671,25.581395348837212,36804.51309523149,2044.6951719573049,0.4795739585136224
./models/01_CTSM/src/biogeophys/CanopyHydrologyMod.F90,BulkFlux_SnowUnloading,SUBROUTINE,873,1,False,3,37,1631.9864122267825,29.07692307692308,47453.14337090183,2636.2857428278794,0.5439954707422608
./models/01_CTSM/src/biogeophys/CanopyHydrologyMod.F90,UpdateState_RemoveSnowUnloading,SUBROUTINE,978,1,False,3,20,620.1165036195575,15.612903225806452,9681.818959737608,537.8788310965338,0.20670550120651918
./models/01_CTSM/src/biogeophys/CanopyHydrologyMod.F90,SumFlux_FluxesOntoGround,SUBROUTINE,1023,2,False,3,43,1867.3791874684653,22.638297872340427,42274.28628652015,2348.571460362231,0.6224597291561551
./models/01_CTSM/src/biogeophys/CanopyHydrologyMod.F90,SumFlux_TopOfCanopyInputs,SUBROUTINE,438,1,False,2,24,884.4279222192422,12.675675675675675,11210.721500562826,622.8178611423792,0.2948093074064141
./models/01_CTSM/src/biogeophys/CanopyHydrologyMod.F90,UpdateState_AddInterceptionToCanopy,SUBROUTINE,670,1,False,2,21,814.3479047019488,12.76470588235294,10394.911489430757,577.4950827461531,0.2714493015673163
./models/01_CTSM/src/biogeophys/CanopyHydrologyMod.F90,UpdateState_RemoveCanfallFromCanopy,SUBROUTINE,835,1,False,2,21,766.1974169627634,13.322580645161292,10207.726877600688,567.0959376444827,0.2553991389875878
./models/01_CTSM/src/biogeophys/CanopyHydrologyMod.F90,readParams,SUBROUTINE,137,0,False,1,13,310.9107836881646,4.32,1343.1345855328711,74.6185880851595,0.10363692789605487
./models/01_CTSM/src/biogeophys/CanopyHydrologyMod.F90,TracerFlux_CanopyInterceptionAndThroughfall,SUBROUTINE,569,0,False,1,36,2308.351943188969,20.680851063829785,47738.68273999314,2652.14904111073,0.7694506477296563
./models/01_CTSM/src/biogeophys/CanopyHydrologyMod.F90,TracerFlux_CanopyExcess,SUBROUTINE,765,0,False,1,26,1454.209849625839,14.651162790697674,21305.86523870415,1183.6591799280084,0.48473661654194633
./models/01_CTSM/src/biogeophys/CanopyHydrologyMod.F90,TracerFlux_SnowUnloading,SUBROUTINE,930,0,False,1,17,818.2861113531216,9.307692307692308,7616.355344132901,423.1308524518279,0.2727620371177072
./models/01_CTSM/src/biogeophys/CanopyStateType.F90,InitHistory,SUBROUTINE,157,0,False,6,70,3627.23719150369,19.93939393939394,72324.91127301299,4018.0506262784993,1.2090790638345634
./models/01_CTSM/src/biogeophys/CanopyStateType.F90,Restart,SUBROUTINE,559,1,False,5,40,3812.931928270091,23.753846153846155,90571.7984192157,5031.766578845317,1.2709773094233636
./models/01_CTSM/src/biogeophys/CanopyStateType.F90,ReadNML,SUBROUTINE,395,0,False,4,35,851.4500723853231,14.875,12665.31982673168,703.6288792628711,0.2838166907951077
./models/01_CTSM/src/biogeophys/CanopyStateType.F90,UpdateAccVars,SUBROUTINE,465,2,False,4,34,776.9098127920682,10.399999999999999,8079.862053037508,448.88122516875046,0.2589699375973561
./models/01_CTSM/src/biogeophys/CanopyStateType.F90,InitCold,SUBROUTINE,518,1,False,3,26,816.8292492438953,10.604651162790697,8662.189247795726,481.2327359886515,0.2722764164146318
./models/01_CTSM/src/biogeophys/CanopyStateType.F90,Init,SUBROUTINE,87,0,False,2,10,197.41846816192586,5.526315789473684,1090.9967977369586,60.61093320760881,0.06580615605397529
./models/01_CTSM/src/biogeophys/CanopyStateType.F90,InitAccVars,SUBROUTINE,342,0,False,2,27,672.1052510529942,11.48684210526316,7720.366896963999,428.9092720535555,0.2240350836843314
./models/01_CTSM/src/biogeophys/CanopyStateType.F90,InitAllocate,SUBROUTINE,103,0,False,1,75,1985.855557348247,5.375,10673.973620746827,592.9985344859348,0.6619518524494157
./models/01_CTSM/src/biogeophys/CanopyStateType.F90,InitAccBuffer,SUBROUTINE,309,0,False,1,11,579.031600161539,4.875,2822.779050787503,156.8210583770835,0.19301053338717966
./models/01_CTSM/src/biogeophys/CanopyStateType.F90,SetNMLForTesting,SUBROUTINE,451,0,False,1,4,41.209025018750054,1.5714285714285714,64.75703931517866,3.597613295287703,0.013736341672916685
./models/01_CTSM/src/biogeophys/DaylengthMod.F90,daylength,FUNCTION,37,0,False,3,22,871.2541501125004,16.5,14375.693476856257,798.6496376031254,0.29041805003750015
./models/01_CTSM/src/biogeophys/DaylengthMod.F90,ComputeMaxDaylength,SUBROUTINE,93,1,False,3,16,539.1110263239493,13.103448275862068,7064.213448382783,392.4563026879324,0.17970367544131644
./models/01_CTSM/src/biogeophys/DaylengthMod.F90,UpdateDaylength,SUBROUTINE,163,0,False,2,14,508.7462841250339,10.24074074074074,5209.938798539699,289.4410443633166,0.16958209470834465
./models/01_CTSM/src/biogeophys/DaylengthMod.F90,InitDaylength,SUBROUTINE,123,0,False,1,11,480.73549220576035,6.916666666666667,3325.087154423176,184.7270641346209,0.16024516406858677
./models/01_CTSM/src/biogeophys/EnergyFluxType.F90,InitCold,SUBROUTINE,695,5,False,13,69,2172.077487089309,22.082191780821915,47964.23163271186,2664.679535150659,0.7240258290297698
./models/01_CTSM/src/biogeophys/EnergyFluxType.F90,InitHistory,SUBROUTINE,282,0,False,12,182,12854.097279551774,34.63636363636363,445219.18759174773,24734.39931065265,4.284699093183924
./models/01_CTSM/src/biogeophys/EnergyFluxType.F90,Restart,SUBROUTINE,793,0,False,12,63,2776.146374031306,24.575342465753426,68224.74787687894,3790.263770937719,0.925382124677102
./models/01_CTSM/src/biogeophys/EnergyFluxType.F90,UpdateAccVars,SUBROUTINE,986,1,False,6,43,1037.301251568279,12.767857142857144,13244.114194130707,735.7841218961504,0.345767083856093
./models/01_CTSM/src/biogeophys/EnergyFluxType.F90,InitAccVars,SUBROUTINE,951,0,False,2,16,310.0,4.814814814814815,1492.5925925925926,82.92181069958848,0.10333333333333333
./models/01_CTSM/src/biogeophys/EnergyFluxType.F90,Init,SUBROUTINE,143,0,False,1,12,320.0,5.0925925925925934,1629.62962962963,90.53497942386834,0.10666666666666667
./models/01_CTSM/src/biogeophys/EnergyFluxType.F90,InitAllocate,SUBROUTINE,165,0,False,1,172,5274.99109093518,9.202702702702702,48544.17476928185,2696.8985982934364,1.75833036364506
./models/01_CTSM/src/biogeophys/EnergyFluxType.F90,InitAccBuffer,SUBROUTINE,908,0,False,1,10,337.5257762909393,2.6486486486486487,893.9871912570825,49.66595506983791,0.11250859209697976
./models/01_CTSM/src/biogeophys/FrictionVelocityMod.F90,FrictionVelocity,SUBROUTINE,743,4,False,48,236,16098.28887337213,134.68556701030928,2168207.1648058784,120455.95360032658,5.366096291124044
./models/01_CTSM/src/biogeophys/FrictionVelocityMod.F90,SetRoughnessLengthsAndForcHeightsNonLake,SUBROUTINE,532,3,False,15,84,3990.0,30.707207207207208,122521.75675675676,6806.764264264264,1.33
./models/01_CTSM/src/biogeophys/FrictionVelocityMod.F90,InitCold,SUBROUTINE,372,2,False,5,16,327.8856177582995,4.017857142857143,1317.3975713503105,73.18875396390614,0.10929520591943316
./models/01_CTSM/src/biogeophys/FrictionVelocityMod.F90,ReadNamelist,SUBROUTINE,470,0,False,5,40,1049.7405087486309,16.53191489361702,17354.2207510146,964.1233750563666,0.3499135029162103
./models/01_CTSM/src/biogeophys/FrictionVelocityMod.F90,SetActualRoughnessLengths,SUBROUTINE,677,4,False,5,35,922.4348466615212,7.987804878048781,7368.229567845078,409.3460871025043,0.30747828222050705
./models/01_CTSM/src/biogeophys/FrictionVelocityMod.F90,InitHistory,SUBROUTINE,204,0,False,4,77,4544.66312131396,21.692307692307693,98584.2307854259,5476.9017103014385,1.5148877071046534
./models/01_CTSM/src/biogeophys/FrictionVelocityMod.F90,MoninObukIni,SUBROUTINE,1147,0,False,3,31,1060.5238955629466,19.444444444444443,20621.297969279516,1145.6276649599731,0.3535079651876489
./models/01_CTSM/src/biogeophys/FrictionVelocityMod.F90,ReadParams,SUBROUTINE,407,0,False,2,10,225.62110647077242,6.63157894736842,1496.2241797535432,83.12356554186351,0.07520703549025748
./models/01_CTSM/src/biogeophys/FrictionVelocityMod.F90,Restart,SUBROUTINE,430,0,False,2,16,778.852154188912,6.681818181818182,5204.14848480773,289.1193602670961,0.2596173847296373
./models/01_CTSM/src/biogeophys/FrictionVelocityMod.F90,Init,SUBROUTINE,112,0,False,1,11,227.5489532989615,3.9047619047619047,888.5244843102306,49.36247135056837,0.07584965109965383
./models/01_CTSM/src/biogeophys/FrictionVelocityMod.F90,InitForTesting,SUBROUTINE,128,0,False,1,11,188.86964917948671,2.9166666666666665,550.8698101068362,30.60387833926868,0.06295654972649557
./models/01_CTSM/src/biogeophys/FrictionVelocityMod.F90,InitAllocate,SUBROUTINE,144,0,False,1,83,2197.098438532757,8.288135593220339,18209.84977021217,1011.6583205673428,0.7323661461775857
./models/01_CTSM/src/biogeophys/FrictionVelocityMod.F90,StabilityFunc1,FUNCTION,1109,0,False,1,7,307.19248754831744,6.315789473684211,1940.1630792525314,107.78683773625174,0.10239749584943915
./models/01_CTSM/src/biogeophys/FrictionVelocityMod.F90,StabilityFunc2,FUNCTION,1129,0,False,1,6,193.26196660226546,5.15625,996.5070152929313,55.361500849607296,0.06442065553408849
./models/01_CTSM/src/biogeophys/GlacierSurfaceMassBalanceMod.F90,HandleIceMelt,SUBROUTINE,69,3,False,6,32,943.134940215539,13.925531914893616,13133.655710022771,729.6475394457095,0.3143783134051797
./models/01_CTSM/src/biogeophys/GlacierSurfaceMassBalanceMod.F90,ComputeSurfaceMassBalance,SUBROUTINE,147,2,False,4,31,1121.6587921009288,14.689655172413792,16476.780877068817,915.3767153927121,0.37388626403364295
./models/01_CTSM/src/biogeophys/GlacierSurfaceMassBalanceMod.F90,AdjustRunoffTerms,SUBROUTINE,248,1,False,2,23,884.548036169273,13.333333333333332,11793.973815590305,655.2207675327948,0.29484934538975766
./models/01_CTSM/src/biogeophys/GlacierSurfaceMassBalanceMod.F90,Init,SUBROUTINE,56,0,False,1,4,60.94436251225965,0.7272727272727273,44.32317273618884,2.462398485343824,0.02031478750408655
./models/01_CTSM/src/biogeophys/HillslopeHydrologyMod.F90,InitHillslope,SUBROUTINE,171,24,False,57,267,11773.694566061491,74.22302158273382,873879.185885298,48548.84366029433,3.92456485535383
./models/01_CTSM/src/biogeophys/HillslopeHydrologyMod.F90,HillslopeSoilThicknessProfile,SUBROUTINE,659,3,False,15,61,1820.2670258631074,21.681159420289855,39465.499575234906,2192.527754179717,0.6067556752877025
./models/01_CTSM/src/biogeophys/HillslopeHydrologyMod.F90,hillslope_properties_init,SUBROUTINE,61,0,False,14,64,1690.5594503951936,20.13157894736842,34033.63104085061,1890.7572800472562,0.5635198167983979
./models/01_CTSM/src/biogeophys/HillslopeHydrologyMod.F90,SetHillslopeSoilThickness,SUBROUTINE,562,3,False,13,67,2352.9617420332397,24.0531914893617,56596.239348267605,3144.2355193482003,0.7843205806777466
./models/01_CTSM/src/biogeophys/HillslopeHydrologyMod.F90,HillslopeStreamOutflow,SUBROUTINE,939,1,False,10,69,2596.9772954613945,27.920454545454543,72508.78653350734,4028.265918528186,0.8656590984871315
./models/01_CTSM/src/biogeophys/HillslopeHydrologyMod.F90,HillslopeDominantLowlandPft,SUBROUTINE,793,1,False,9,63,2410.5528332219055,31.766129032258064,76573.9323392023,4254.107352177906,0.8035176110739685
./models/01_CTSM/src/biogeophys/HillslopeHydrologyMod.F90,HillslopeUpdateStreamWater,SUBROUTINE,1053,2,False,7,49,2172.540974056335,19.77906976744186,42970.83949848635,2387.2688610270193,0.724180324685445
./models/01_CTSM/src/biogeophys/HillslopeHydrologyMod.F90,HillslopeSetLowlandUplandPfts,SUBROUTINE,741,2,False,6,29,718.2554044857776,15.166666666666668,10893.540301367628,605.1966834093126,0.23941846816192586
./models/01_CTSM/src/biogeophys/HillslopeHydrologyMod.F90,HillslopePftFromFile,SUBROUTINE,896,2,False,5,22,540.4837302450925,11.833333333333332,6395.724141233593,355.31800784631076,0.18016124341503084
./models/01_CTSM/src/biogeophys/HillslopeHydrologyMod.F90,check_aquifer_layer,SUBROUTINE,151,0,False,2,8,133.78294855911892,6.576923076923077,879.8801616772821,48.88223120429345,0.044594316186372975
./models/01_CTSM/src/biogeophys/HillslopeHydrologyUtilsMod.F90,HillslopeSoilThicknessProfile_linear,SUBROUTINE,30,3,False,8,40,1228.5630338578046,21.599999999999998,26536.961531328576,1474.2756406293654,0.4095210112859349
./models/01_CTSM/src/biogeophys/HumanIndexMod.F90,Wet_Bulb,SUBROUTINE,770,1,False,8,107,4587.989285740346,51.17368421052631,234784.3148697546,13043.5730483197,1.5293297619134485
./models/01_CTSM/src/biogeophys/HumanIndexMod.F90,Init,SUBROUTINE,152,0,False,5,24,452.7841928712802,7.518518518518519,3404.266338995181,189.1259077219545,0.15092806429042674
./models/01_CTSM/src/biogeophys/HumanIndexMod.F90,HumanIndexReadNML,SUBROUTINE,500,0,False,4,29,658.0013396686934,13.342105263157896,8779.12313715862,487.72906317547887,0.21933377988956446
./models/01_CTSM/src/biogeophys/HumanIndexMod.F90,Wet_BulbS,SUBROUTINE,987,0,False,3,15,632.1118932547691,17.176470588235293,10857.45134296427,603.1917412757928,0.21070396441825637
./models/01_CTSM/src/biogeophys/HumanIndexMod.F90,InitHistory,SUBROUTINE,259,0,False,2,95,5979.703591100679,22.971014492753625,137359.85785354458,7631.103214085811,1.993234530366893
./models/01_CTSM/src/biogeophys/HumanIndexMod.F90,dis_coiS,SUBROUTINE,715,0,False,2,20,603.9395513512212,14.548387096774192,8786.346376109701,488.1303542283167,0.2013131837837404
./models/01_CTSM/src/biogeophys/HumanIndexMod.F90,HeatIndex,SUBROUTINE,1039,0,False,2,15,803.4552959940354,18.2,14622.886387091443,812.3825770606358,0.2678184319980118
./models/01_CTSM/src/biogeophys/HumanIndexMod.F90,InitAllocate,SUBROUTINE,191,0,False,1,96,2608.418351896842,8.9296875,23292.360751703833,1294.0200417613241,0.869472783965614
./models/01_CTSM/src/biogeophys/HumanIndexMod.F90,AppTemp,SUBROUTINE,555,0,False,1,9,299.32032633211963,7.304347826086956,2186.339774947656,121.46332083042535,0.09977344211070655
./models/01_CTSM/src/biogeophys/HumanIndexMod.F90,swbgt,SUBROUTINE,596,0,False,1,8,242.49926261033687,5.7142857142857135,1385.7100720590677,76.98389289217043,0.08083308753677895
./models/01_CTSM/src/biogeophys/HumanIndexMod.F90,hmdex,SUBROUTINE,637,0,False,1,8,262.3309737368889,6.840909090909091,1794.5823430637172,99.6990190590954,0.0874436579122963
./models/01_CTSM/src/biogeophys/HumanIndexMod.F90,dis_coi,SUBROUTINE,677,0,False,1,8,208.0838499786226,5.138888888888888,1069.319784612366,59.406654700687,0.06936128332620753
./models/01_CTSM/src/biogeophys/HumanIndexMod.F90,THIndex,SUBROUTINE,1104,0,False,1,10,326.90013469991703,5.652173913043478,1847.69641352127,102.64980075118166,0.10896671156663901
./models/01_CTSM/src/biogeophys/HumanIndexMod.F90,SwampCoolEff,SUBROUTINE,1154,0,False,1,12,361.93385829686406,7.023809523809524,2542.1544808946405,141.2308044941467,0.12064461943228802
./models/01_CTSM/src/biogeophys/HumanIndexMod.F90,KtoC,SUBROUTINE,1205,0,False,1,8,169.4584015082173,3.5555555555555554,602.5187609181058,33.47326449545032,0.05648613383607243
./models/01_CTSM/src/biogeophys/HumanIndexMod.F90,VaporPres,SUBROUTINE,1243,0,False,1,8,206.32331253245204,4.868421052631579,1004.4687583816743,55.80381991009302,0.06877443751081734
./models/01_CTSM/src/biogeophys/HumanIndexMod.F90,QSat_2,SUBROUTINE,1279,0,False,1,62,3156.580753726658,22.322580645161292,70463.02843802734,3914.6126910015187,1.0521935845755526
./models/01_CTSM/src/biogeophys/HydrologyDrainageMod.F90,HydrologyDrainage,SUBROUTINE,38,6,False,16,94,5125.652404786112,28.373333333333335,145431.84423179796,8079.546901766554,1.7085508015953708
./models/01_CTSM/src/biogeophys/HydrologyNoDrainageMod.F90,HydrologyNoDrainage,SUBROUTINE,134,30,False,58,312,16459.564073142614,69.04255319148936,1136410.328028676,63133.907112704226,5.486521357714205
./models/01_CTSM/src/biogeophys/HydrologyNoDrainageMod.F90,CalcAndWithdrawIrrigationFluxes,SUBROUTINE,50,1,False,3,20,584.1591831941909,8.797297297297298,5139.022003505653,285.5012224169807,0.19471972773139695
./models/01_CTSM/src/biogeophys/HydrologyNoDrainageMod.F90,HandleNewSnow,SUBROUTINE,98,0,False,1,14,413.6403177873932,5.172413793103448,2139.518885107206,118.86216028373367,0.13788010592913108
./models/01_CTSM/src/biogeophys/InfiltrationExcessRunoffMod.F90,InfiltrationExcessRunoff,SUBROUTINE,196,2,False,6,33,1160.6196467878522,13.939655172413792,16178.637662551351,898.813203475075,0.3868732155959507
./models/01_CTSM/src/biogeophys/InfiltrationExcessRunoffMod.F90,InitCold,SUBROUTINE,168,0,False,2,10,176.46653521143952,4.2631578947368425,752.3047027435053,41.79470570797252,0.05882217840381317
./models/01_CTSM/src/biogeophys/InfiltrationExcessRunoffMod.F90,ComputeQinmaxHksat,SUBROUTINE,266,1,False,2,17,598.5461704048147,9.880952380952381,5914.206207571384,328.56701153174356,0.19951539013493824
./models/01_CTSM/src/biogeophys/InfiltrationExcessRunoffMod.F90,readParams,SUBROUTINE,81,0,False,1,8,155.88872502451932,2.9,452.07730257110603,25.11540569839478,0.051962908341506436
./models/01_CTSM/src/biogeophys/InfiltrationExcessRunoffMod.F90,Init,SUBROUTINE,101,0,False,1,8,160.5395382709427,3.2222222222222223,517.2940677619265,28.73855932010703,0.05351317942364757
./models/01_CTSM/src/biogeophys/InfiltrationExcessRunoffMod.F90,InitAllocate,SUBROUTINE,122,0,False,1,11,255.15831097164298,3.3076923076923075,843.9851824446652,46.88806569137029,0.08505277032388099
./models/01_CTSM/src/biogeophys/InfiltrationExcessRunoffMod.F90,InitHistory,SUBROUTINE,146,0,False,1,6,124.86408532184433,1.894736842105263,236.58458271507345,13.143587928615192,0.04162136177394811
./models/01_CTSM/src/biogeophys/IrrigationMod.F90,CalcIrrigationNeeded,SUBROUTINE,1370,6,False,16,106,4637.599689566612,45.125,209271.68599169338,11626.2047773163,1.5458665631888706
./models/01_CTSM/src/biogeophys/IrrigationMod.F90,CheckNamelistValidity,SUBROUTINE,489,0,False,12,59,1755.2392750199392,38.588235294117645,67731.58614194588,3762.865896774771,0.5850797583399797
./models/01_CTSM/src/biogeophys/IrrigationMod.F90,CalcApplicationFluxes,SUBROUTINE,1189,2,False,10,71,2600.2387698887965,32.12686567164179,83537.52167441245,4640.973426356247,0.8667462566295988
./models/01_CTSM/src/biogeophys/IrrigationMod.F90,Restart,SUBROUTINE,776,0,False,9,44,1388.3037596493946,14.591836734693878,20257.901798965657,1125.4389888314254,0.46276791988313154
./models/01_CTSM/src/biogeophys/IrrigationMod.F90,ReadNamelist,SUBROUTINE,353,0,False,6,93,2532.0971945058204,28.333333333333332,71742.75384433157,3985.7085469073095,0.8440323981686068
./models/01_CTSM/src/biogeophys/IrrigationMod.F90,SetIrrigMethod,SUBROUTINE,736,1,False,5,23,794.7188032334268,15.0,11920.782048501402,662.265669361189,0.2649062677444756
./models/01_CTSM/src/biogeophys/IrrigationMod.F90,CalcIrrigationFluxes,SUBROUTINE,891,3,False,5,36,1638.1793156004167,14.727272727272728,24125.91355702432,1340.3285309457956,0.5460597718668055
./models/01_CTSM/src/biogeophys/IrrigationMod.F90,CalcDeficitVolrLimited,SUBROUTINE,1643,2,False,5,39,1474.0596732812387,19.636363636363637,28945.17176624978,1608.0650981249878,0.49135322442707957
./models/01_CTSM/src/biogeophys/IrrigationMod.F90,translate_irrig_method_default,SUBROUTINE,474,0,False,4,11,110.36149671375915,4.8999999999999995,540.7713338974198,30.04285188318999,0.03678716557125305
./models/01_CTSM/src/biogeophys/IrrigationMod.F90,CalcBulkWithdrawals,SUBROUTINE,988,1,False,4,39,1720.771227368645,21.934426229508198,37744.12954457782,2096.896085809879,0.5735904091228816
./models/01_CTSM/src/biogeophys/IrrigationMod.F90,CalcTotalGWUnconIrrig,SUBROUTINE,1150,3,False,4,19,426.06088269327125,6.25,2662.8805168329454,147.9378064907192,0.14202029423109042
./models/01_CTSM/src/biogeophys/IrrigationMod.F90,IrrigationInitCold,SUBROUTINE,652,2,False,3,24,1012.8602003807704,7.346938775510204,7441.421880348517,413.41232668602873,0.33762006679359013
./models/01_CTSM/src/biogeophys/IrrigationMod.F90,CalcOneTracerWithdrawals,SUBROUTINE,1080,1,False,3,21,1099.8195059239847,10.690909090909091,11758.070354241874,653.2261307912153,0.36660650197466155
./models/01_CTSM/src/biogeophys/IrrigationMod.F90,PointNeedsCheckForIrrig,FUNCTION,1603,0,False,3,21,575.6733313570219,10.576923076923077,6088.852543199269,338.26958573329273,0.1918911104523406
./models/01_CTSM/src/biogeophys/IrrigationMod.F90,irrigation_params_constructor,FUNCTION,248,0,False,1,24,598.6406526642393,5.722222222222222,3425.554845800925,190.3086025444958,0.1995468842214131
./models/01_CTSM/src/biogeophys/IrrigationMod.F90,IrrigationInit,SUBROUTINE,298,0,False,1,13,322.02276017514686,4.296296296296297,1383.505191863594,76.86139954797744,0.10734092005838229
./models/01_CTSM/src/biogeophys/IrrigationMod.F90,InitForTesting,SUBROUTINE,317,0,False,1,18,591.4628582625287,7.135135135135135,4220.167421116421,234.45374561757893,0.19715428608750957
./models/01_CTSM/src/biogeophys/IrrigationMod.F90,IrrigationInitAllocate,SUBROUTINE,591,0,False,1,26,637.548688549552,5.513513513513513,3515.133309840773,195.28518388004295,0.21251622951651733
./models/01_CTSM/src/biogeophys/IrrigationMod.F90,IrrigationInitHistory,SUBROUTINE,624,0,False,1,11,310.33523331627066,3.1333333333333333,972.3837310576481,54.02131839209156,0.10344507777209022
./models/01_CTSM/src/biogeophys/IrrigationMod.F90,CalcIrrigNstepsPerDay,FUNCTION,714,0,False,1,7,181.11039140121426,4.894736842105263,886.4877052796277,49.24931695997932,0.06037013046707142
./models/01_CTSM/src/biogeophys/IrrigationMod.F90,IrrigationClean,SUBROUTINE,862,0,False,1,11,173.9178331268546,2.763157894736842,480.56243363999295,26.697912979999607,0.05797261104228486
./models/01_CTSM/src/biogeophys/IrrigationMod.F90,WrapCalcIrrigWithdrawals,SUBROUTINE,1329,0,False,1,13,594.5413751658659,6.1875,3678.7247588387954,204.3735977132664,0.19818045838862197
./models/01_CTSM/src/biogeophys/IrrigationMod.F90,RelsatToH2osoi,FUNCTION,1744,0,False,1,11,311.1383647149065,3.6136363636363638,1124.3409088561395,62.46338382534108,0.10371278823830217
./models/01_CTSM/src/biogeophys/IrrigationMod.F90,UseGroundwaterIrrigation,FUNCTION,1770,0,False,1,6,76.14709844115208,1.5,114.22064766172812,6.345591536762673,0.025382366147050694
./models/01_CTSM/src/biogeophys/LakeCon.F90,LakeConInit,SUBROUTINE,134,0,False,5,16,252.0090376146638,5.894736842105263,1485.5269585706496,82.5292754761472,0.08400301253822128
./models/01_CTSM/src/biogeophys/LakeFluxesMod.F90,LakeFluxes,SUBROUTINE,86,7,False,46,387,28602.520131964568,72.99602122015915,2087870.1665029149,115992.78702793972,9.534173377321522
./models/01_CTSM/src/biogeophys/LakeFluxesMod.F90,readParams,SUBROUTINE,54,0,False,2,15,343.01880011637485,7.26923076923077,2493.482816230571,138.52682312392062,0.11433960003879162
./models/01_CTSM/src/biogeophys/LakeHydrologyMod.F90,LakeHydrology,SUBROUTINE,55,22,False,53,308,18183.26770165201,53.16607142857143,966732.9094308666,53707.38385727037,6.061089233884004
./models/01_CTSM/src/biogeophys/LakeHydrologyMod.F90,SumFlux_FluxesOntoGround,SUBROUTINE,718,1,False,2,20,661.750400184616,10.5,6948.379201938467,386.02106677435927,0.2205834667282053
./models/01_CTSM/src/biogeophys/LakeStateType.F90,InitCold,SUBROUTINE,162,3,False,9,55,1735.4965594989947,12.40506329113924,21528.944662139424,1196.052481229968,0.5784988531663315
./models/01_CTSM/src/biogeophys/LakeStateType.F90,Init,SUBROUTINE,54,0,False,1,7,105.48604608143,1.7692307692307692,186.62915845176076,10.368286580653375,0.03516201536047667
./models/01_CTSM/src/biogeophys/LakeStateType.F90,InitAllocate,SUBROUTINE,66,0,False,1,38,917.0387435446545,5.5875,5123.9539795557575,284.6641099753199,0.3056795811815515
./models/01_CTSM/src/biogeophys/LakeStateType.F90,InitHistory,SUBROUTINE,109,0,False,1,24,1037.2920075410864,6.65,6897.991850148224,383.22176945267915,0.34576400251369543
./models/01_CTSM/src/biogeophys/LakeStateType.F90,Restart,SUBROUTINE,258,0,False,1,13,773.2082979991372,4.260869565217392,3294.5397045180634,183.02998358433686,0.25773609933304575
./models/01_CTSM/src/biogeophys/LakeTemperatureMod.F90,LakeTemperature,SUBROUTINE,46,59,False,134,581,37320.05506620837,146.55882352941177,5469583.364556362,303865.7424753534,12.44001835540279
./models/01_CTSM/src/biogeophys/LakeTemperatureMod.F90,PhaseChange_Lake,SUBROUTINE,1268,9,False,26,130,6674.30005607306,58.58653846153847,391024.1369389727,21723.56316327626,2.2247666853576864
./models/01_CTSM/src/biogeophys/LakeTemperatureMod.F90,SoilThermProp_Lake,SUBROUTINE,1067,8,False,24,99,5382.22686460096,62.584210526315786,336842.419194579,18713.46773303217,1.7940756215336533
./models/01_CTSM/src/biogeophys/LunaMod.F90,Update_Photosynthesis_Capacity,SUBROUTINE,195,5,False,20,190,9953.075358641423,41.607142857142854,414119.02831490204,23006.612684161224,3.317691786213808
./models/01_CTSM/src/biogeophys/LunaMod.F90,Acc240_Climate_LUNA,SUBROUTINE,504,1,False,11,75,2976.2205327900524,23.78409090909091,70786.69971738159,3932.5944287434218,0.9920735109300175
./models/01_CTSM/src/biogeophys/LunaMod.F90,NitrogenAllocation,SUBROUTINE,804,1,False,11,155,7300.086726487849,58.80508474576271,429282.21860253543,23849.0121445853,2.4333622421626164
./models/01_CTSM/src/biogeophys/LunaMod.F90,Acc24_Climate_LUNA,SUBROUTINE,631,2,False,7,48,2002.733520509503,17.25,34547.15322878893,1919.2862904882738,0.6675778401698343
./models/01_CTSM/src/biogeophys/LunaMod.F90,Photosynthesis_luna,SUBROUTINE,1092,2,False,6,104,4765.020172705981,41.616883116883116,198305.287577095,11016.960420949723,1.5883400575686604
./models/01_CTSM/src/biogeophys/LunaMod.F90,readParams,SUBROUTINE,117,0,False,4,34,1370.3986181811763,11.09433962264151,15203.667688500598,844.6482049166999,0.4567995393937254
./models/01_CTSM/src/biogeophys/LunaMod.F90,Quadratic,SUBROUTINE,1377,0,False,4,23,635.5936590391651,26.325,16732.003074206023,929.555726344779,0.21186455301305504
./models/01_CTSM/src/biogeophys/LunaMod.F90,is_time_to_run_LUNA,FUNCTION,171,0,False,2,9,100.0,3.8636363636363633,386.3636363636363,21.464646464646464,0.03333333333333333
./models/01_CTSM/src/biogeophys/LunaMod.F90,Clear24_Climate_LUNA,SUBROUTINE,730,1,False,2,32,972.0,4.533333333333333,4406.4,244.79999999999998,0.324
./models/01_CTSM/src/biogeophys/LunaMod.F90,Nitrogen_investments,SUBROUTINE,996,0,False,2,73,3489.4617618032394,34.21621621621622,119396.17812007842,6633.121006671023,1.1631539206010797
./models/01_CTSM/src/biogeophys/LunaMod.F90,allocParams,SUBROUTINE,97,0,False,1,11,190.16483617504394,2.111111111111111,401.45909859175947,22.30328325509775,0.06338827872501465
./models/01_CTSM/src/biogeophys/LunaMod.F90,NUEref,SUBROUTINE,1207,0,False,1,35,1549.4044032246088,10.959183673469386,16980.207439420712,943.3448577455952,0.5164681344082029
./models/01_CTSM/src/biogeophys/LunaMod.F90,NUE,SUBROUTINE,1251,0,False,1,29,1413.7090500989907,11.217391304347826,15858.127605458243,881.0070891921246,0.4712363500329969
./models/01_CTSM/src/biogeophys/LunaMod.F90,VcmxTKattge,FUNCTION,1287,0,False,1,14,676.6325578862951,9.428571428571429,6379.678402927925,354.42657794044027,0.22554418596209838
./models/01_CTSM/src/biogeophys/LunaMod.F90,JmxTKattge,FUNCTION,1307,0,False,1,14,692.7699501932698,8.9,6165.6525567201015,342.53625315111674,0.23092331673108993
./models/01_CTSM/src/biogeophys/LunaMod.F90,VcmxTLeuning,FUNCTION,1327,0,False,1,14,624.2287351087463,9.959999999999999,6217.318201683112,345.4065667601729,0.20807624503624875
./models/01_CTSM/src/biogeophys/LunaMod.F90,JmxTLeuning,FUNCTION,1346,0,False,1,14,624.2287351087463,9.959999999999999,6217.318201683112,345.4065667601729,0.20807624503624875
./models/01_CTSM/src/biogeophys/LunaMod.F90,RespTBernacchi,FUNCTION,1366,0,False,1,5,158.32466846199546,4.411764705882353,698.4911843911565,38.8050657995087,0.05277488948733182
./models/01_CTSM/src/biogeophys/OzoneBaseMod.F90,InitAllocateBase,SUBROUTINE,104,0,False,1,21,497.54045264366175,5.354838709677419,2664.248875446705,148.01382641370583,0.16584681754788724
./models/01_CTSM/src/biogeophys/OzoneBaseMod.F90,InitColdBase,SUBROUTINE,137,0,False,1,14,374.064536624823,3.75,1402.7420123430863,77.93011179683813,0.124688178874941
./models/01_CTSM/src/biogeophys/OzoneFactoryMod.F90,create_and_init_ozone_type,FUNCTION,22,0,False,2,15,297.4984149828081,6.962962962962963,2071.4704450654785,115.08169139252658,0.0991661383276027
./models/01_CTSM/src/biogeophys/OzoneMod.F90,CalcOzoneUptakeOnePoint,SUBROUTINE,429,0,False,5,50,1692.0,22.846153846153847,38655.69230769231,2147.538461538462,0.564
./models/01_CTSM/src/biogeophys/OzoneMod.F90,Init,SUBROUTINE,136,0,False,4,17,345.9474732050231,8.280000000000001,2864.4450781375913,159.13583767431064,0.11531582440167436
./models/01_CTSM/src/biogeophys/OzoneMod.F90,CalcOzoneStress,SUBROUTINE,514,0,False,4,18,405.21335833865237,7.875,3191.0551969168873,177.2808442731604,0.13507111944621747
./models/01_CTSM/src/biogeophys/OzoneMod.F90,CalcOzoneStressLombardozzi2015OnePoint,SUBROUTINE,614,0,False,4,36,891.7292779844064,11.963414634146343,10668.1270939354,592.6737274408556,0.2972430926614688
./models/01_CTSM/src/biogeophys/OzoneMod.F90,CalcOzoneStressFalk,SUBROUTINE,675,2,False,4,26,782.7946971920663,9.767441860465116,7645.9016935039035,424.7723163057724,0.26093156573068876
./models/01_CTSM/src/biogeophys/OzoneMod.F90,CalcOzoneStressFalkOnePoint,SUBROUTINE,742,0,False,4,25,562.5429604848988,9.703125,5458.424663455034,303.2458146363908,0.18751432016163294
./models/01_CTSM/src/biogeophys/OzoneMod.F90,InitHistory,SUBROUTINE,195,0,False,3,30,1285.7685543023827,14.634146341463415,18816.12518491292,1045.3402880507176,0.4285895181007942
./models/01_CTSM/src/biogeophys/OzoneMod.F90,CalcOzoneStressLombardozzi2015,SUBROUTINE,551,2,False,3,25,874.7977094150823,8.181818181818182,7157.435804305219,397.6353224614011,0.2915992364716941
./models/01_CTSM/src/biogeophys/OzoneMod.F90,CalcOzoneUptake,SUBROUTINE,356,1,False,2,37,1995.743343660607,17.016949152542374,33961.46300059745,1886.7479444776359,0.6652477812202023
./models/01_CTSM/src/biogeophys/OzoneMod.F90,InitAllocate,SUBROUTINE,167,0,False,1,15,325.4847266735473,4.64,1510.2491317652593,83.90272954251441,0.10849490889118243
./models/01_CTSM/src/biogeophys/OzoneMod.F90,InitCold,SUBROUTINE,286,0,False,1,12,288.44129532345625,4.166666666666667,1201.838730514401,66.76881836191117,0.09614709844115209
./models/01_CTSM/src/biogeophys/OzoneMod.F90,Restart,SUBROUTINE,313,0,False,1,13,696.4817606003509,4.918918918918919,3425.9373088990233,190.32985049439017,0.23216058686678362
./models/01_CTSM/src/biogeophys/OzoneOffMod.F90,Init,SUBROUTINE,63,0,False,2,9,197.41846816192586,5.1,1006.8341876258218,55.93523264587898,0.06580615605397529
./models/01_CTSM/src/biogeophys/OzoneOffMod.F90,constructor,FUNCTION,39,0,False,1,4,62.907475208398566,1.9500000000000002,122.66957665637722,6.814976480909845,0.02096915840279952
./models/01_CTSM/src/biogeophys/OzoneOffMod.F90,Restart,SUBROUTINE,84,0,False,1,7,147.1612434150308,2.3684210526315788,348.53978703559926,19.363321501977737,0.04905374780501027
./models/01_CTSM/src/biogeophys/OzoneOffMod.F90,CalcOzoneUptake,SUBROUTINE,96,0,False,1,22,988.3702149272405,10.735294117647058,10610.444954365963,589.4691641314424,0.3294567383090802
./models/01_CTSM/src/biogeophys/OzoneOffMod.F90,CalcOzoneStress,SUBROUTINE,127,0,False,1,8,151.23612512626255,1.125,170.14064076704537,9.45225782039141,0.050412041708754185
./models/01_CTSM/src/biogeophys/PhotosynthesisMod.F90,PhotosynthesisHydraulicStress,SUBROUTINE,2706,11,False,80,708,47410.85233280293,98.58422174840085,4673961.979657732,259664.55442542955,15.803617444267644
./models/01_CTSM/src/biogeophys/PhotosynthesisMod.F90,Photosynthesis,SUBROUTINE,1220,8,False,76,494,29056.090318414866,72.40389972144847,2103774.2497118595,116876.34720621441,9.685363439471622
./models/01_CTSM/src/biogeophys/PhotosynthesisMod.F90,calcstress,SUBROUTINE,4492,1,False,23,136,5806.655654127274,39.93650793650794,231897.54961562256,12883.19720086792,1.9355518847090913
./models/01_CTSM/src/biogeophys/PhotosynthesisMod.F90,ci_func_PHS,SUBROUTINE,4229,0,False,21,158,10422.519764331875,69.44776119402985,723820.6636333764,40212.25909074313,3.4741732547772917
./models/01_CTSM/src/biogeophys/PhotosynthesisMod.F90,hybrid_PHS,SUBROUTINE,3817,2,False,19,174,7172.485482297989,61.7027027027027,442561.739353684,24586.76329742689,2.3908284940993294
./models/01_CTSM/src/biogeophys/PhotosynthesisMod.F90,brent_PHS,SUBROUTINE,4070,4,False,18,125,6262.240071911217,67.7451923076923,424236.65794856224,23568.70321936457,2.087413357303739
./models/01_CTSM/src/biogeophys/PhotosynthesisMod.F90,brent,SUBROUTINE,2373,1,False,14,91,3496.8960527218546,55.588235294117645,194386.28057777366,10799.237809876315,1.1656320175739516
./models/01_CTSM/src/biogeophys/PhotosynthesisMod.F90,PhotosynthesisTotal,SUBROUTINE,2042,1,False,13,58,2654.8684196024656,18.785714285714285,49873.599596817745,2770.7555331565413,0.8849561398674886
./models/01_CTSM/src/biogeophys/PhotosynthesisMod.F90,InitHistory,SUBROUTINE,476,0,False,11,105,6174.978630404283,36.06,222669.72941237845,12370.540522909914,2.058326210134761
./models/01_CTSM/src/biogeophys/PhotosynthesisMod.F90,hybrid,SUBROUTINE,2253,1,False,10,70,2421.0667916932616,43.407407407407405,105092.23258757417,5838.457365976343,0.8070222638977539
./models/01_CTSM/src/biogeophys/PhotosynthesisMod.F90,Fractionation,SUBROUTINE,2156,2,False,8,58,2177.539884098974,21.620253164556964,47078.96357013985,2615.4979761188806,0.7258466280329914
./models/01_CTSM/src/biogeophys/PhotosynthesisMod.F90,readParams,SUBROUTINE,798,0,False,7,64,2857.365887982106,12.615384615384617,36046.76966377426,2002.5983146541257,0.9524552959940353
./models/01_CTSM/src/biogeophys/PhotosynthesisMod.F90,ReadNML,SUBROUTINE,928,0,False,7,56,1540.786654376274,19.37962962962963,29859.87470008835,1658.881927782686,0.513595551458758
./models/01_CTSM/src/biogeophys/PhotosynthesisMod.F90,TimeStepInit,SUBROUTINE,1127,1,False,7,40,1269.9814780558315,12.307692307692308,15630.541268379466,868.3634037988592,0.4233271593519438
./models/01_CTSM/src/biogeophys/PhotosynthesisMod.F90,getqflx,SUBROUTINE,5082,0,False,7,58,2421.6868125952906,26.129032258064512,63276.33284523178,3515.351824735099,0.8072289375317635
./models/01_CTSM/src/biogeophys/PhotosynthesisMod.F90,spacA,SUBROUTINE,4717,0,False,6,110,8768.298109587386,88.56451612903226,776560.079350715,43142.22663059528,2.9227660365291284
./models/01_CTSM/src/biogeophys/PhotosynthesisMod.F90,getvegwp,SUBROUTINE,4981,1,False,6,59,3074.659647735382,28.846153846153847,88692.10522313602,4927.339179063112,1.0248865492451273
./models/01_CTSM/src/biogeophys/PhotosynthesisMod.F90,InitCold,SUBROUTINE,715,1,False,5,22,494.89806973475027,5.390625,2667.809907163888,148.21166150910489,0.16496602324491674
./models/01_CTSM/src/biogeophys/PhotosynthesisMod.F90,ci_func,SUBROUTINE,2566,0,False,5,63,4291.028861908571,37.101063829787236,159201.7357011292,8844.540872284955,1.4303429539695238
./models/01_CTSM/src/biogeophys/PhotosynthesisMod.F90,NewPatchInit,SUBROUTINE,1185,0,False,4,21,456.6987175954724,5.916666666666667,2702.134079106545,150.11855995036362,0.15223290586515745
./models/01_CTSM/src/biogeophys/PhotosynthesisMod.F90,plc,FUNCTION,5169,0,False,4,17,421.96572261594497,12.692307692307692,5355.718787048532,297.53993261380737,0.14065524087198167
./models/01_CTSM/src/biogeophys/PhotosynthesisMod.F90,Restart,SUBROUTINE,1006,0,False,3,33,4088.2317723022925,19.546875,79912.15542422138,4439.5641902345205,1.3627439241007642
./models/01_CTSM/src/biogeophys/PhotosynthesisMod.F90,d1plc,FUNCTION,5201,0,False,3,16,516.9925001442313,14.423076923076923,7456.622598234105,414.2568110130058,0.17233083338141042
./models/01_CTSM/src/biogeophys/PhotosynthesisMod.F90,InitAllocate,SUBROUTINE,270,0,False,2,164,5449.615568196191,14.215686274509803,77470.02523416153,4303.890290786751,1.8165385227320636
./models/01_CTSM/src/biogeophys/PhotosynthesisMod.F90,Clean,SUBROUTINE,378,0,False,2,82,1586.5546905867675,5.623529411764705,8922.036965887939,495.66872032710774,0.5288515635289225
./models/01_CTSM/src/biogeophys/PhotosynthesisMod.F90,allocParams,SUBROUTINE,748,0,False,2,18,406.9970273000271,9.692307692307692,3944.7404184464167,219.15224546924537,0.1356656757666757
./models/01_CTSM/src/biogeophys/PhotosynthesisMod.F90,spacF,SUBROUTINE,4900,0,False,2,43,2557.346983518943,21.066666666666663,53874.77645279906,2993.0431362666145,0.8524489945063144
./models/01_CTSM/src/biogeophys/PhotosynthesisMod.F90,Init,SUBROUTINE,258,0,False,1,7,105.48604608143,1.7692307692307692,186.62915845176076,10.368286580653375,0.03516201536047667
./models/01_CTSM/src/biogeophys/PhotosynthesisMod.F90,cleanParams,SUBROUTINE,776,0,False,1,10,135.93368043019473,1.7058823529411764,231.88686661621452,12.882603700900807,0.04531122681006491
./models/01_CTSM/src/biogeophys/PhotosynthesisMod.F90,setParamsForTesting,SUBROUTINE,906,0,False,1,11,257.4729927417613,3.2,823.9135767736361,45.77297648742423,0.08582433091392043
./models/01_CTSM/src/biogeophys/PhotosynthesisMod.F90,ft,FUNCTION,2490,0,False,1,8,283.6339404013986,7.333333333333334,2079.9822296102566,115.55456831168092,0.0945446468004662
./models/01_CTSM/src/biogeophys/PhotosynthesisMod.F90,fth,FUNCTION,2515,0,False,1,10,349.77463164918515,8.75,3060.5280269303703,170.02933482946503,0.11659154388306171
./models/01_CTSM/src/biogeophys/PhotosynthesisMod.F90,fth25,FUNCTION,2541,0,False,1,8,288.44129532345625,7.333333333333334,2115.236165705346,117.51312031696368,0.09614709844115209
./models/01_CTSM/src/biogeophys/QSatMod.F90,QSat,SUBROUTINE,61,0,False,7,42,2102.280227053166,16.273972602739725,34212.450818344674,1900.6917121302597,0.7007600756843887
./models/01_CTSM/src/biogeophys/RootBiophysMod.F90,init_vegrootfr,SUBROUTINE,109,1,False,8,43,1488.6876670285155,23.0,34239.81634165586,1902.212018980881,0.4962292223428385
./models/01_CTSM/src/biogeophys/RootBiophysMod.F90,init_rootprof,SUBROUTINE,33,0,False,7,49,1155.1140842150537,18.98936170212766,21934.879152381603,1218.6043973545336,0.3850380280716846
./models/01_CTSM/src/biogeophys/RootBiophysMod.F90,zeng2001_rootfr,FUNCTION,173,2,False,4,24,1127.3651441373088,20.790697674418603,23438.707880436137,1302.1504378020077,0.3757883813791029
./models/01_CTSM/src/biogeophys/RootBiophysMod.F90,jackson1996_rootfr,FUNCTION,228,2,False,4,29,966.7101860227506,15.673469387755102,15151.702507458622,841.7612504143679,0.3222367286742502
./models/01_CTSM/src/biogeophys/RootBiophysMod.F90,exponential_rootfr,FUNCTION,280,2,False,4,28,933.2624022663585,16.266666666666666,15181.068410199432,843.392689455524,0.3110874674221195
./models/01_CTSM/src/biogeophys/SaturatedExcessRunoffMod.F90,SaturatedExcessRunoff,SUBROUTINE,203,4,False,14,50,1697.4663852330284,23.151515151515152,39298.91873691011,2183.2732631616727,0.5658221284110094
./models/01_CTSM/src/biogeophys/SaturatedExcessRunoffMod.F90,ComputeFsatTopmodel,SUBROUTINE,315,1,False,3,22,847.1005991081051,18.06818181818182,15305.567642975991,850.3093134986661,0.28236686636936836
./models/01_CTSM/src/biogeophys/SaturatedExcessRunoffMod.F90,InitCold,SUBROUTINE,155,0,False,2,10,176.46653521143952,4.2631578947368425,752.3047027435053,41.79470570797252,0.05882217840381317
./models/01_CTSM/src/biogeophys/SaturatedExcessRunoffMod.F90,ComputeFsatVic,SUBROUTINE,363,1,False,2,18,673.765181293825,13.460526315789473,9069.233953468196,503.84633074823313,0.22458839376460832
./models/01_CTSM/src/biogeophys/SaturatedExcessRunoffMod.F90,Init,SUBROUTINE,75,0,False,1,8,160.5395382709427,3.2222222222222223,517.2940677619265,28.73855932010703,0.05351317942364757
./models/01_CTSM/src/biogeophys/SaturatedExcessRunoffMod.F90,InitAllocate,SUBROUTINE,96,0,False,1,13,302.20597493359935,3.7777777777777777,1141.6670164158197,63.425945356434426,0.10073532497786646
./models/01_CTSM/src/biogeophys/SaturatedExcessRunoffMod.F90,InitHistory,SUBROUTINE,122,0,False,1,13,425.7304904064322,3.935483870967742,1675.4554783737008,93.08085990965004,0.14191016346881072
./models/01_CTSM/src/biogeophys/SaturatedExcessRunoffMod.F90,readParams,SUBROUTINE,179,0,False,1,8,155.88872502451932,2.9,452.07730257110603,25.11540569839478,0.051962908341506436
./models/01_CTSM/src/biogeophys/SnowCoverFractionBaseMod.F90,CalcFracSnoEff,SUBROUTINE,110,1,False,5,34,985.2023181848701,18.731707317073173,18454.521472340984,1025.2511929078325,0.32840077272829005
./models/01_CTSM/src/biogeophys/SnowCoverFractionFactoryMod.F90,CreateAndInitSnowCoverFraction,FUNCTION,31,0,False,4,31,834.0578553646089,11.368421052631579,9481.920882039765,526.7733823355425,0.2780192851215363
./models/01_CTSM/src/biogeophys/SnowCoverFractionNiuYang2007Mod.F90,UpdateSnowDepthAndFrac,SUBROUTINE,51,1,False,5,46,2157.848700610968,44.8,96671.62178737136,5370.6456548539645,0.719282900203656
./models/01_CTSM/src/biogeophys/SnowCoverFractionNiuYang2007Mod.F90,AddNewsnowToIntsnow,SUBROUTINE,135,1,False,2,20,702.4945085251319,11.56060606060606,8121.262272798115,451.1812373776731,0.23416483617504397
./models/01_CTSM/src/biogeophys/SnowCoverFractionNiuYang2007Mod.F90,Init,SUBROUTINE,210,0,False,2,11,199.68581616031315,5.444444444444445,1087.1783324283717,60.39879624602065,0.06656193872010438
./models/01_CTSM/src/biogeophys/SnowCoverFractionNiuYang2007Mod.F90,FracSnowDuringMelt,FUNCTION,174,0,False,1,9,232.19280948873623,2.8636363636363638,664.9157726268356,36.93976514593531,0.07739760316291208
./models/01_CTSM/src/biogeophys/SnowCoverFractionNiuYang2007Mod.F90,Constructor,FUNCTION,204,0,False,1,3,18.575424759098897,0.875,16.253496664211536,0.9029720369006409,0.006191808253032966
./models/01_CTSM/src/biogeophys/SnowCoverFractionNiuYang2007Mod.F90,ReadParams,SUBROUTINE,236,0,False,1,6,129.65784284662087,3.125,405.1807588956902,22.510042160871677,0.043219280948873624
./models/01_CTSM/src/biogeophys/SnowCoverFractionSwensonLawrence2012Mod.F90,UpdateSnowDepthAndFrac,SUBROUTINE,65,2,False,10,66,2607.9379839494513,47.39583333333333,123605.39403093753,6866.966335052085,0.8693126613164838
./models/01_CTSM/src/biogeophys/SnowCoverFractionSwensonLawrence2012Mod.F90,ReadNamelist,SUBROUTINE,323,0,False,5,37,959.7057124450936,15.166666666666668,14555.536638750587,808.6409243750327,0.3199019041483645
./models/01_CTSM/src/biogeophys/SnowCoverFractionSwensonLawrence2012Mod.F90,AddNewsnowToIntsnow,SUBROUTINE,190,1,False,3,25,1052.207467861488,21.976190476190474,23123.51173419413,1284.6395407885627,0.350735822620496
./models/01_CTSM/src/biogeophys/SnowCoverFractionSwensonLawrence2012Mod.F90,CheckValidInputs,SUBROUTINE,404,0,False,3,13,317.06856386476,7.9772727272727275,2529.3424071938807,140.51902262188227,0.10568952128825333
./models/01_CTSM/src/biogeophys/SnowCoverFractionSwensonLawrence2012Mod.F90,SetDerivedParameters,SUBROUTINE,433,1,False,3,19,600.7739533203273,11.025641025641026,6623.917946865147,367.9954414925082,0.20025798444010912
./models/01_CTSM/src/biogeophys/SnowCoverFractionSwensonLawrence2012Mod.F90,Init,SUBROUTINE,280,0,False,2,17,561.5282439384637,7.59375,4264.105102407709,236.89472791153938,0.18717608131282124
./models/01_CTSM/src/biogeophys/SnowCoverFractionSwensonLawrence2012Mod.F90,FracSnowDuringMelt,FUNCTION,244,0,False,1,13,474.0602562722345,7.064516129032258,3349.006326568366,186.05590703157588,0.15802008542407817
./models/01_CTSM/src/biogeophys/SnowCoverFractionSwensonLawrence2012Mod.F90,Constructor,FUNCTION,274,0,False,1,3,18.575424759098897,0.875,16.253496664211536,0.9029720369006409,0.006191808253032966
./models/01_CTSM/src/biogeophys/SnowCoverFractionSwensonLawrence2012Mod.F90,ReadParams,SUBROUTINE,380,0,False,1,8,199.68581616031315,3.4285714285714284,684.6370839782165,38.03539355434536,0.06656193872010438
./models/01_CTSM/src/biogeophys/SnowHydrologyMod.F90,CombineSnowLayers,SUBROUTINE,2082,22,False,45,233,12080.344561094267,118.80555555555556,1435212.0468833384,79734.0026046299,4.0267815203647555
./models/01_CTSM/src/biogeophys/SnowHydrologyMod.F90,DivideSnowLayers,SUBROUTINE,2509,22,False,44,269,14397.209402896162,117.1774193548387,1687027.8437425904,93723.76909681057,4.799069800965388
./models/01_CTSM/src/biogeophys/SnowHydrologyMod.F90,InitSnowLayers,SUBROUTINE,2954,8,False,20,108,4285.738601950006,76.125,326251.85107344424,18125.102837413568,1.4285795339833354
./models/01_CTSM/src/biogeophys/SnowHydrologyMod.F90,SnowCompaction,SUBROUTINE,1869,3,False,16,97,5030.4163765123485,41.5,208762.27962526245,11597.904423625692,1.6768054588374495
./models/01_CTSM/src/biogeophys/SnowHydrologyMod.F90,CalcAndApplyAerosolFluxes,SUBROUTINE,1498,3,False,14,129,6479.603100709617,67.31481481481481,436173.2827977677,24231.84904432043,2.159867700236539
./models/01_CTSM/src/biogeophys/SnowHydrologyMod.F90,SnowHydrology_readnl,SUBROUTINE,187,0,False,9,70,1786.0341640980469,20.0,35720.68328196094,1984.4824045533855,0.5953447213660156
./models/01_CTSM/src/biogeophys/SnowHydrologyMod.F90,BulkFlux_SnowPercolation,SUBROUTINE,1292,4,False,9,52,2682.0,54.333333333333336,145722.0,8095.666666666667,0.894
./models/01_CTSM/src/biogeophys/SnowHydrologyMod.F90,SnowCappingExcess,SUBROUTINE,3396,2,False,9,45,1528.6544759953586,26.352941176470587,40284.54148505416,2238.0300825030085,0.5095514919984528
./models/01_CTSM/src/biogeophys/SnowHydrologyMod.F90,BulkDiag_NewSnowDiagnostics,SUBROUTINE,421,5,False,8,78,4098.478397614465,61.935483870967744,253841.24269096044,14102.291260608914,1.3661594658714884
./models/01_CTSM/src/biogeophys/SnowHydrologyMod.F90,NewSnowBulkDensity,SUBROUTINE,3696,1,False,8,34,1408.2920903665722,21.381818181818183,30111.84542311071,1672.8803012839282,0.4694306967888574
./models/01_CTSM/src/biogeophys/SnowHydrologyMod.F90,SnowHydrologySetControlForTesting,SUBROUTINE,4011,0,False,6,29,538.5747167792215,4.580645161290323,2467.019670408047,137.05664835600263,0.17952490559307382
./models/01_CTSM/src/biogeophys/SnowHydrologyMod.F90,SnowWater,SUBROUTINE,1014,4,False,5,41,3436.861270972174,10.714285714285714,36823.51361755901,2045.7507565310561,1.1456204236573915
./models/01_CTSM/src/biogeophys/SnowHydrologyMod.F90,UpdateState_TopLayerFluxes,SUBROUTINE,1167,2,False,5,66,3492.1775508163487,41.9,146322.239379205,8129.013298844723,1.1640591836054495
./models/01_CTSM/src/biogeophys/SnowHydrologyMod.F90,UpdateState_SnowPercolation,SUBROUTINE,1452,2,False,5,26,944.598732568704,20.220588235294116,19100.34201885247,1061.1301121584704,0.314866244189568
./models/01_CTSM/src/biogeophys/SnowHydrologyMod.F90,ZeroEmptySnowLayers,SUBROUTINE,2897,3,False,5,31,982.8311512991922,17.86046511627907,17553.82149297162,975.21230516509,0.3276103837663974
./models/01_CTSM/src/biogeophys/SnowHydrologyMod.F90,BulkFlux_SnowCappingFluxes,SUBROUTINE,3287,2,False,5,67,3042.1346739293285,38.099999999999994,115905.3310767074,6439.185059817078,1.0140448913097762
./models/01_CTSM/src/biogeophys/SnowHydrologyMod.F90,TracerFlux_SnowPercolation,SUBROUTINE,1384,2,False,4,32,1440.52446156348,23.66,34082.808760591935,1893.489375588441,0.48017482052115995
./models/01_CTSM/src/biogeophys/SnowHydrologyMod.F90,PostPercolation_AdjustLayerThicknesses,SUBROUTINE,1710,2,False,4,20,711.7858998067965,15.3125,10899.22159079157,605.5123105995317,0.23726196660226548
./models/01_CTSM/src/biogeophys/SnowHydrologyMod.F90,BulkDiag_SnowWaterAccumulatedSnow,SUBROUTINE,1752,2,False,4,38,1493.5128185346455,27.307692307692307,40784.38850613839,2265.799361452133,0.49783760617821515
./models/01_CTSM/src/biogeophys/SnowHydrologyMod.F90,SnowCapping,SUBROUTINE,3120,3,False,4,37,3370.321178224969,10.555555555555555,35575.612436819116,1976.4229131566176,1.1234403927416563
./models/01_CTSM/src/biogeophys/SnowHydrologyMod.F90,UpdateState_AddNewSnow,SUBROUTINE,564,1,False,3,24,895.3467854565167,21.166666666666668,18951.506958829606,1052.8614977127559,0.2984489284855056
./models/01_CTSM/src/biogeophys/SnowHydrologyMod.F90,BuildFilter_ThawedWetlandThinSnowpack,SUBROUTINE,668,1,False,3,23,855.0659577211637,14.047619047619047,12011.640834654443,667.3133797030246,0.2850219859070546
./models/01_CTSM/src/biogeophys/SnowHydrologyMod.F90,BuildFilter_SnowpackInitialized,SUBROUTINE,856,1,False,3,28,1219.5445336320968,24.790697674418606,30233.359833763145,1679.6311018757303,0.40651484454403225
./models/01_CTSM/src/biogeophys/SnowHydrologyMod.F90,SumFlux_AddSnowPercolation,SUBROUTINE,1815,2,False,3,31,1137.7789762063185,20.0,22755.57952412637,1264.198862451465,0.3792596587354395
./models/01_CTSM/src/biogeophys/SnowHydrologyMod.F90,UpdateState_RemoveSnowCappingFluxes,SUBROUTINE,3574,1,False,3,27,1213.2411229462662,23.78409090909091,28855.837162801537,1603.1020646000854,0.4044137076487554
./models/01_CTSM/src/biogeophys/SnowHydrologyMod.F90,SnowCappingUpdateDzAndAerosols,SUBROUTINE,3622,1,False,3,44,1964.0619540416042,35.0,68742.16839145614,3819.009355080897,0.654687318013868
./models/01_CTSM/src/biogeophys/SnowHydrologyMod.F90,WindDriftCompaction,SUBROUTINE,3834,0,False,3,34,1259.278425917672,18.170731707317074,22882.010422162577,1271.2228012312544,0.41975947530589064
./models/01_CTSM/src/biogeophys/SnowHydrologyMod.F90,MassWeightedSnowRadius,FUNCTION,3948,0,False,3,16,471.89403755893693,15.125,7137.397318078921,396.5220732266067,0.15729801251964565
./models/01_CTSM/src/biogeophys/SnowHydrologyMod.F90,BuildSnowFilter,SUBROUTINE,3974,1,False,3,22,432.3603085663539,13.142857142857142,5682.449769729223,315.6916538738457,0.14412010285545132
./models/01_CTSM/src/biogeophys/SnowHydrologyMod.F90,UpdateQuantitiesForNewSnow,SUBROUTINE,339,1,False,2,24,1789.848878378053,8.884615384615385,15902.118880974242,883.4510489430135,0.5966162927926844
./models/01_CTSM/src/biogeophys/SnowHydrologyMod.F90,RemoveSnowFromThawedWetlands,SUBROUTINE,608,1,False,2,19,703.3807424044654,6.733333333333333,4736.096998856734,263.11649993648524,0.23446024746815514
./models/01_CTSM/src/biogeophys/SnowHydrologyMod.F90,UpdateState_RemoveSnowFromThawedWetlands,SUBROUTINE,713,1,False,2,12,333.4050154002528,4.935483870967742,1645.5150760076995,91.41750422264997,0.1111350051334176
./models/01_CTSM/src/biogeophys/SnowHydrologyMod.F90,Bulk_RemoveSnowFromThawedWetlands,SUBROUTINE,745,1,False,2,12,333.4050154002528,4.935483870967742,1645.5150760076995,91.41750422264997,0.1111350051334176
./models/01_CTSM/src/biogeophys/SnowHydrologyMod.F90,InitializeExplicitSnowPack,SUBROUTINE,778,1,False,2,23,1483.3549236514907,8.083333333333334,11990.452299516217,666.1362388620121,0.49445164121716356
./models/01_CTSM/src/biogeophys/SnowHydrologyMod.F90,UpdateState_InitializeSnowPack,SUBROUTINE,918,1,False,2,18,657.8627255790088,11.411764705882353,7507.374633078101,417.076368504339,0.21928757519300296
./models/01_CTSM/src/biogeophys/SnowHydrologyMod.F90,Bulk_InitializeSnowPack,SUBROUTINE,954,1,False,2,34,1586.633965914006,19.555555555555557,31027.508666762787,1723.7504814868216,0.528877988638002
./models/01_CTSM/src/biogeophys/SnowHydrologyMod.F90,InitFlux_SnowCapping,SUBROUTINE,3249,1,False,2,22,698.0667509942793,10.548387096774194,7363.47830887514,409.0821282708411,0.2326889169980931
./models/01_CTSM/src/biogeophys/SnowHydrologyMod.F90,readParams,SUBROUTINE,285,0,False,1,25,728.6270726280594,6.162162162162162,4489.918177275609,249.43989873753384,0.2428756908760198
./models/01_CTSM/src/biogeophys/SnowHydrologyMod.F90,TracerFlux_SnowCappingFluxes,SUBROUTINE,3476,0,False,1,35,2342.2392133805315,20.5,48015.90387430089,2667.5502152389386,0.7807464044601772
./models/01_CTSM/src/biogeophys/SnowHydrologyMod.F90,OverburdenCompactionAnderson1976,FUNCTION,3765,0,False,1,10,423.72910602611006,6.888888888888889,2919.022730402092,162.16792946678288,0.1412430353420367
./models/01_CTSM/src/biogeophys/SnowHydrologyMod.F90,OverburdenCompactionVionnet2012,FUNCTION,3793,0,False,1,18,782.2025926742402,9.257142857142858,7240.961143612967,402.2756190896093,0.2607341975580801
./models/01_CTSM/src/biogeophys/SnowHydrologyMod.F90,Combo,SUBROUTINE,3901,0,False,1,29,969.4344902025987,14.172413793103448,13739.22674045752,763.2903744698622,0.3231448300675329
./models/01_CTSM/src/biogeophys/SnowHydrologyMod.F90,SnowHydrologyClean,SUBROUTINE,4054,0,False,1,6,66.60791492653966,2.0999999999999996,139.87662134573327,7.770923408096293,0.022202638308846556
./models/01_CTSM/src/biogeophys/SnowSnicarMod.F90,SnowOptics_init,SUBROUTINE,1782,0,False,84,301,15340.663942189838,105.95454545454547,1625413.0749656598,90300.7263869811,5.1135546473966125
./models/01_CTSM/src/biogeophys/SnowSnicarMod.F90,SNICAR_RT,SUBROUTINE,189,34,False,83,772,47318.35316092705,115.31645569620252,5456584.775899309,303143.5986610727,15.772784386975683
./models/01_CTSM/src/biogeophys/SnowSnicarMod.F90,SnowAge_grain,SUBROUTINE,1460,3,False,9,116,5775.897044090624,33.125984251968504,191332.27452353743,10629.57080686319,1.9252990146968747
./models/01_CTSM/src/biogeophys/SnowSnicarMod.F90,SnowAge_init,SUBROUTINE,2163,0,False,7,37,1211.8244681685394,13.59,16468.69452241045,914.9274734672472,0.40394148938951313
./models/01_CTSM/src/biogeophys/SnowSnicarMod.F90,piecewise_linear_interp1d,SUBROUTINE,2214,1,False,6,31,1075.0294751672473,48.413043478260875,52045.44872168391,2891.4138178713283,0.35834315838908243
./models/01_CTSM/src/biogeophys/SnowSnicarMod.F90,FreshSnowRadius,FUNCTION,1730,0,False,4,23,670.5629399558077,19.98148148148148,13398.84096689475,744.380053716375,0.22352097998526924
./models/01_CTSM/src/biogeophys/SnowSnicarMod.F90,readParams,SUBROUTINE,161,0,False,1,12,278.826585479341,4.083333333333333,1138.541890707309,63.252327261517166,0.09294219515978033
./models/01_CTSM/src/biogeophys/SoilFluxesMod.F90,SoilFluxes,SUBROUTINE,38,12,False,43,236,15722.479757164094,68.3677130044843,1074909.9837566088,59717.2213198116,5.240826585721365
./models/01_CTSM/src/biogeophys/SoilHydrologyInitTimeConstMod.F90,SoilHydrologyInitTimeConst,SUBROUTINE,64,9,False,21,144,6676.296148417779,45.03947368421053,300696.86468465865,16705.381371369924,2.2254320494725928
./models/01_CTSM/src/biogeophys/SoilHydrologyInitTimeConstMod.F90,initCLMVICMap,SUBROUTINE,370,3,False,9,45,1884.4858295512925,42.53846153846153,80163.12798014343,4453.507110007969,0.6281619431837642
./models/01_CTSM/src/biogeophys/SoilHydrologyInitTimeConstMod.F90,initSoilParVIC,SUBROUTINE,247,2,False,5,71,3567.9399034682406,40.871212121212125,145826.02863038756,8101.446035021531,1.1893133011560801
./models/01_CTSM/src/biogeophys/SoilHydrologyInitTimeConstMod.F90,readParams,SUBROUTINE,42,0,False,1,9,185.75424759098897,3.238095238095238,601.4899445803452,33.4161080322414,0.061918082530329654
./models/01_CTSM/src/biogeophys/SoilHydrologyInitTimeConstMod.F90,linear_interp,SUBROUTINE,447,0,False,1,5,190.16483617504394,7.285714285714285,1385.4866635610342,76.97148130894635,0.06338827872501465
./models/01_CTSM/src/biogeophys/SoilHydrologyMod.F90,SubsurfaceLateralFlow,SUBROUTINE,2087,23,False,63,334,17436.85982818808,79.88095238095238,1392872.9696088335,77381.8316449352,5.812286609396026
./models/01_CTSM/src/biogeophys/SoilHydrologyMod.F90,Drainage,SUBROUTINE,922,27,False,55,339,18467.313745410567,85.15789473684211,1572637.5600039104,87368.75333355059,6.155771248470189
./models/01_CTSM/src/biogeophys/SoilHydrologyMod.F90,PerchedLateralFlow,SUBROUTINE,1703,10,False,37,172,8051.815453164433,57.67142857142857,464359.6997774974,25797.761098749856,2.683938484388144
./models/01_CTSM/src/biogeophys/SoilHydrologyMod.F90,WaterTable,SUBROUTINE,665,12,False,27,150,7315.564514781831,50.61832061068702,370301.5900573918,20572.31055874399,2.438521504927277
./models/01_CTSM/src/biogeophys/SoilHydrologyMod.F90,PerchedWaterTable,SUBROUTINE,1583,3,False,12,60,2733.3724595878884,30.94736842105263,84590.68453882518,4699.482474379177,0.9111241531959628
./models/01_CTSM/src/biogeophys/SoilHydrologyMod.F90,CalcIrrigWithdrawals,SUBROUTINE,2739,5,False,11,65,2570.773826146551,36.929577464788736,94937.59115713039,5274.310619840577,0.856924608715517
./models/01_CTSM/src/biogeophys/SoilHydrologyMod.F90,hillslope_hydrology_ReadNML,SUBROUTINE,90,0,False,9,56,1425.5309597575765,19.759615384615383,28167.94348367134,1564.8857490928522,0.47517698658585883
./models/01_CTSM/src/biogeophys/SoilHydrologyMod.F90,CLMVICMap,SUBROUTINE,1471,7,False,8,55,2783.19415126635,18.684931506849313,52003.79208667536,2889.0995603708534,0.9277313837554501
./models/01_CTSM/src/biogeophys/SoilHydrologyMod.F90,RenewCondensation,SUBROUTINE,2627,3,False,8,59,2680.826840336154,28.29113924050633,75843.64541963676,4213.5358566464865,0.8936089467787179
./models/01_CTSM/src/biogeophys/SoilHydrologyMod.F90,ThetaBasedWaterTable,SUBROUTINE,1991,2,False,7,47,2143.133624166816,28.961538461538463,62068.44688452356,3448.2470491401978,0.714377874722272
./models/01_CTSM/src/biogeophys/SoilHydrologyMod.F90,TotalSurfaceRunoff,SUBROUTINE,518,2,False,6,34,1420.1706614330608,19.278688524590162,27379.02783352917,1521.0571018627315,0.4733902204776869
./models/01_CTSM/src/biogeophys/SoilHydrologyMod.F90,soilHydReadNML,SUBROUTINE,201,0,False,5,36,930.7989138774702,16.73170731707317,15573.854998047427,865.2141665581904,0.3102663046258234
./models/01_CTSM/src/biogeophys/SoilHydrologyMod.F90,UpdateUrbanPonding,SUBROUTINE,611,1,False,5,26,865.8876512841814,15.787234042553191,13669.971005380055,759.4428336322253,0.2886292170947271
./models/01_CTSM/src/biogeophys/SoilHydrologyMod.F90,RouteInfiltrationExcess,SUBROUTINE,427,1,False,4,28,927.4295122521938,17.43181818181818,16166.78263403256,898.1545907795867,0.3091431707507313
./models/01_CTSM/src/biogeophys/SoilHydrologyMod.F90,WithdrawGroundwaterIrrigation,SUBROUTINE,2858,3,False,4,23,675.49793084855,7.076923076923077,4780.446895235892,265.5803830686607,0.22516597694951668
./models/01_CTSM/src/biogeophys/SoilHydrologyMod.F90,SetSoilWaterFractions,SUBROUTINE,260,2,False,3,25,1150.2722522884349,10.947368421052632,12592.454130315498,699.5807850175277,0.383424084096145
./models/01_CTSM/src/biogeophys/SoilHydrologyMod.F90,SetFloodc,SUBROUTINE,317,1,False,3,20,529.5648670078178,10.88235294117647,5762.911788026252,320.16176600145843,0.1765216223359393
./models/01_CTSM/src/biogeophys/SoilHydrologyMod.F90,SetQflxInputs,SUBROUTINE,356,1,False,3,28,1243.5482840438433,14.928571428571429,18564.399383225948,1031.3555212903304,0.4145160946812811
./models/01_CTSM/src/biogeophys/SoilHydrologyMod.F90,Infiltration,SUBROUTINE,484,1,False,2,14,358.15198247445016,6.222222222222221,2228.5012242854673,123.80562357141486,0.11938399415815006
./models/01_CTSM/src/biogeophys/SoilHydrologyMod.F90,readParams,SUBROUTINE,175,0,False,1,11,247.25415011250035,3.8260869565217392,946.0158786913057,52.55643770507254,0.08241805003750012
./models/01_CTSM/src/biogeophys/SoilHydrologyType.F90,InitCold,SUBROUTINE,198,2,False,8,37,1106.1229416844415,19.25,21292.866627425497,1182.937034856972,0.36870764722814714
./models/01_CTSM/src/biogeophys/SoilHydrologyType.F90,ReadNL,SUBROUTINE,318,0,False,4,34,814.2593583227325,15.431818181818182,12565.50237048035,698.0834650266861,0.2714197861075775
./models/01_CTSM/src/biogeophys/SoilHydrologyType.F90,Restart,SUBROUTINE,277,0,False,3,19,980.4756315202678,12.558139534883722,12312.94979118476,684.0527661769311,0.32682521050675595
./models/01_CTSM/src/biogeophys/SoilHydrologyType.F90,InitHistory,SUBROUTINE,149,0,False,2,24,872.0913661122711,8.382352941176471,7310.1776277058025,406.120979316989,0.2906971220374237
./models/01_CTSM/src/biogeophys/SoilHydrologyType.F90,Init,SUBROUTINE,76,0,False,1,11,249.12330506147785,4.181818181818182,1041.7883666207256,57.8771314789292,0.08304110168715928
./models/01_CTSM/src/biogeophys/SoilHydrologyType.F90,InitAllocate,SUBROUTINE,92,0,False,1,72,1943.3670059552026,7.657894736842106,14882.099966656948,826.7833314809416,0.6477890019850675
./models/01_CTSM/src/biogeophys/SoilMoistStressMod.F90,normalize_unfrozen_rootfr,SUBROUTINE,219,4,False,9,51,1528.8866660433644,17.032258064516128,26040.392247448268,1446.6884581915704,0.5096288886811214
./models/01_CTSM/src/biogeophys/SoilMoistStressMod.F90,calc_root_moist_stress_clm45default,SUBROUTINE,311,4,False,8,62,2775.6273467116957,27.115,75261.13550608762,4181.174194782646,0.9252091155705653
./models/01_CTSM/src/biogeophys/SoilMoistStressMod.F90,calc_effective_snowporosity,SUBROUTINE,116,2,False,4,30,1005.9565901532908,18.97674418604651,19089.780873606633,1060.5433818670351,0.3353188633844303
./models/01_CTSM/src/biogeophys/SoilMoistStressMod.F90,calc_volumetric_h2oliq,SUBROUTINE,170,2,False,4,28,1043.1804684198198,19.317073170731707,20151.193438743834,1119.5107465968797,0.3477268228066066
./models/01_CTSM/src/biogeophys/SoilMoistStressMod.F90,calc_effective_soilporosity,SUBROUTINE,69,2,False,3,26,943.271253811355,15.1875,14325.932167259954,795.8851204033308,0.3144237512704517
./models/01_CTSM/src/biogeophys/SoilMoistStressMod.F90,calc_root_moist_stress,SUBROUTINE,437,0,False,3,37,1489.6403258703529,10.007042253521128,14906.893683533603,828.1607601963112,0.4965467752901176
./models/01_CTSM/src/biogeophys/SoilMoistStressMod.F90,init_root_moist_stress,SUBROUTINE,40,0,False,1,4,30.0,1.3333333333333333,40.0,2.2222222222222223,0.01
./models/01_CTSM/src/biogeophys/SoilMoistStressMod.F90,set_perchroot_opt,SUBROUTINE,51,0,False,1,7,85.11011351724513,1.8181818181818181,154.74566094044567,8.596981163358093,0.028370037839081708
./models/01_CTSM/src/biogeophys/SoilStateInitTimeConstMod.F90,SoilStateInitTimeConst,SUBROUTINE,167,19,False,56,354,20196.303910922023,93.40128755364807,1886360.789104895,104797.82161693861,6.7321013036406745
./models/01_CTSM/src/biogeophys/SoilStateInitTimeConstMod.F90,ReadNL,SUBROUTINE,65,0,False,4,32,835.3353130093815,14.777777777777779,12344.399625583083,685.7999791990601,0.27844510433646047
./models/01_CTSM/src/biogeophys/SoilStateInitTimeConstMod.F90,ThresholdSoilMoistZender2003,FUNCTION,744,0,False,2,9,194.51316411045156,11.916666666666666,2317.948538982881,128.77491883238227,0.06483772137015052
./models/01_CTSM/src/biogeophys/SoilStateInitTimeConstMod.F90,readParams,SUBROUTINE,119,0,False,1,22,619.255446586343,5.823529411764706,3606.2523065910564,200.3473503661698,0.20641848219544767
./models/01_CTSM/src/biogeophys/SoilStateInitTimeConstMod.F90,ThresholdSoilMoistKok2014,FUNCTION,788,0,False,1,4,111.01319154423277,4.666666666666667,518.0615605397529,28.781197807764052,0.03700439718141092
./models/01_CTSM/src/biogeophys/SoilStateInitTimeConstMod.F90,MassFracClay,FUNCTION,813,0,False,1,4,88.81055323538621,2.8499999999999996,253.11007672085066,14.061670928936147,0.029603517745128736
./models/01_CTSM/src/biogeophys/SoilStateInitTimeConstMod.F90,MassFracClayLeung2023,FUNCTION,822,0,False,1,4,105.48604608143,5.0,527.43023040715,29.30167946706389,0.03516201536047667
./models/01_CTSM/src/biogeophys/SoilStateType.F90,InitHistory,SUBROUTINE,181,0,False,10,69,3391.819751543274,28.173913043478265,95560.83473913226,5308.935263285126,1.130606583847758
./models/01_CTSM/src/biogeophys/SoilStateType.F90,Restart,SUBROUTINE,339,0,False,3,26,1390.2106474524444,14.107142857142858,19611.900205132697,1089.550011396261,0.4634035491508148
./models/01_CTSM/src/biogeophys/SoilStateType.F90,Init,SUBROUTINE,95,0,False,1,7,105.48604608143,1.7692307692307692,186.62915845176076,10.368286580653375,0.03516201536047667
./models/01_CTSM/src/biogeophys/SoilStateType.F90,InitAllocate,SUBROUTINE,107,0,False,1,109,3350.1193826535787,12.864864864864865,43098.833139002796,2394.3796188334886,1.1167064608845263
./models/01_CTSM/src/biogeophys/SoilStateType.F90,InitCold,SUBROUTINE,319,0,False,1,7,195.04195997053841,2.590909090909091,505.33598719639497,28.07422151091083,0.06501398665684614
./models/01_CTSM/src/biogeophys/SoilTemperatureMod.F90,Phasechange_beta,SUBROUTINE,1132,10,False,58,254,14939.96433755178,102.70774647887323,1534450.0695846756,85247.22608803754,4.97998811251726
./models/01_CTSM/src/biogeophys/SoilTemperatureMod.F90,SoilThermProp,SUBROUTINE,601,14,False,55,184,11728.570134152798,90.90647482014388,1066202.965576653,59233.498087591826,3.909523378050933
./models/01_CTSM/src/biogeophys/SoilTemperatureMod.F90,SoilTemperature,SUBROUTINE,91,17,False,50,247,17432.527913336267,65.86776859504133,1148241.714622232,63791.206367901774,5.810842637778756
./models/01_CTSM/src/biogeophys/SoilTemperatureMod.F90,SetMatrix_Soil,SUBROUTINE,2687,5,False,19,112,7255.430539707879,98.375,713752.9793437626,39652.9432968757,2.418476846569293
./models/01_CTSM/src/biogeophys/SoilTemperatureMod.F90,PhaseChangeH2osfc,SUBROUTINE,903,2,False,17,132,6119.841069068029,56.077669902912625,343186.42732948484,19065.912629415823,2.0399470230226764
./models/01_CTSM/src/biogeophys/SoilTemperatureMod.F90,ComputeHeatDiffFluxAndFactor,SUBROUTINE,1799,2,False,17,71,4631.728988800479,60.08108108108108,278279.28492171527,15459.960273428625,1.543909662933493
./models/01_CTSM/src/biogeophys/SoilTemperatureMod.F90,SetRHSVec_Soil,SUBROUTINE,2217,5,False,17,82,4888.024352224045,71.984375,351861.37797962775,19547.854332201543,1.6293414507413484
./models/01_CTSM/src/biogeophys/SoilTemperatureMod.F90,ComputeGroundHeatFluxAndDeriv,SUBROUTINE,1543,4,False,11,122,8978.355850590644,43.851851851851855,393717.5306333083,21873.196146294904,2.9927852835302144
./models/01_CTSM/src/biogeophys/SoilTemperatureMod.F90,SetMatrix_Snow,SUBROUTINE,2591,4,False,9,62,3139.6600568881454,46.295081967213115,145350.8196828217,8075.0455379345385,1.0465533522960484
./models/01_CTSM/src/biogeophys/SoilTemperatureMod.F90,SetRHSVec_Snow,SUBROUTINE,2055,4,False,8,58,3008.2547356156883,45.258620689655174,136149.46001708935,7563.858889838298,1.0027515785385628
./models/01_CTSM/src/biogeophys/SoilTemperatureMod.F90,BuildingHAC,SUBROUTINE,2934,1,False,5,32,940.5725534932801,18.75,17635.735377999,979.7630765555,0.31352418449776004
./models/01_CTSM/src/biogeophys/SoilTemperatureMod.F90,SetMatrix_StandingSurfaceWater,SUBROUTINE,2854,1,False,3,46,2456.766122135398,33.599999999999994,82547.34170374935,4585.963427986075,0.8189220407117993
./models/01_CTSM/src/biogeophys/SoilTemperatureMod.F90,SetRHSVec,SUBROUTINE,1913,1,False,2,57,3990.774684023175,30.344594594594593,121098.43990505458,6727.691105836366,1.3302582280077249
./models/01_CTSM/src/biogeophys/SoilTemperatureMod.F90,SetRHSVec_StandingSurfaceWater,SUBROUTINE,2151,1,False,2,38,1837.0429752342493,21.176470588235293,38902.086534372334,2161.227029687352,0.6123476584114165
./models/01_CTSM/src/biogeophys/SoilTemperatureMod.F90,AssembleMatrixFromSubmatrices,SUBROUTINE,2474,1,False,2,43,2319.7604740705183,25.52,59200.287298279625,3288.904849904424,0.7732534913568394
./models/01_CTSM/src/biogeophys/SoilTemperatureMod.F90,SetMatrix,SUBROUTINE,2356,0,False,1,43,3255.170234504108,25.823529411764707,84059.98429101786,4669.99912727877,1.0850567448347026
./models/01_CTSM/src/biogeophys/SoilWaterMovementMod.F90,soilwater_zengdecker2009,SUBROUTINE,413,20,False,32,317,23791.99485663752,122.17692307692307,2906832.725445952,161490.70696921955,7.930664952212507
./models/01_CTSM/src/biogeophys/SoilWaterMovementMod.F90,soilwater_moisture_form,SUBROUTINE,968,6,False,21,176,10309.272523049096,68.125,702319.1906327197,39017.73281292887,3.436424174349699
./models/01_CTSM/src/biogeophys/SoilWaterMovementMod.F90,compute_moisture_fluxes_and_derivs,SUBROUTINE,1545,2,False,16,148,6813.967569602862,62.45370370370371,425557.5116386232,23642.08397992351,2.2713225232009537
./models/01_CTSM/src/biogeophys/SoilWaterMovementMod.F90,SoilWater,SUBROUTINE,239,5,False,14,79,2779.6976443137746,29.213483146067414,81204.65028332375,4511.369460184653,0.9265658814379248
./models/01_CTSM/src/biogeophys/SoilWaterMovementMod.F90,init_soilwater_movement,SUBROUTINE,109,0,False,7,70,1793.8997828628135,26.232758620689655,47058.93999354777,2614.3855551970983,0.5979665942876045
./models/01_CTSM/src/biogeophys/SoilWaterMovementMod.F90,compute_qcharge,SUBROUTINE,2001,2,False,6,65,2924.4769260625094,27.346938775510203,79975.49144742373,4443.082858190207,0.9748256420208364
./models/01_CTSM/src/biogeophys/SoilWaterMovementMod.F90,TridiagonalCol,SUBROUTINE,2149,2,False,6,42,1505.501115747786,29.113636363636363,43830.612028929856,2435.034001607214,0.501833705249262
./models/01_CTSM/src/biogeophys/SoilWaterMovementMod.F90,compute_RHS_moisture_form,SUBROUTINE,1856,1,False,5,37,1113.4347100423456,14.326923076923077,15952.093441952837,886.2274134418243,0.37114490334744854
./models/01_CTSM/src/biogeophys/SoilWaterMovementMod.F90,compute_hydraulic_properties,SUBROUTINE,1429,2,False,4,58,2230.9187805497877,23.833333333333336,53170.230936436616,2953.901718690923,0.7436395935165959
./models/01_CTSM/src/biogeophys/SoilWaterMovementMod.F90,use_aquifer_layer,FUNCTION,220,0,False,2,10,129.65784284662087,6.0,777.9470570797253,43.219280948873624,0.043219280948873624
./models/01_CTSM/src/biogeophys/SoilWaterMovementMod.F90,compute_LHS_moisture_form,SUBROUTINE,1926,1,False,2,42,1637.4039853563906,14.0,22923.65579498947,1273.5364330549705,0.5458013284521303
./models/01_CTSM/src/biogeophys/SoilWaterMovementMod.F90,readParams,SUBROUTINE,88,0,False,1,8,155.88872502451932,2.9,452.07730257110603,25.11540569839478,0.051962908341506436
./models/01_CTSM/src/biogeophys/SoilWaterMovementMod.F90,BaseflowSink,SUBROUTINE,373,0,False,1,20,592.8457306866735,6.195652173913043,3673.065940123955,204.05921889577527,0.1976152435622245
./models/01_CTSM/src/biogeophys/SoilWaterMovementMod.F90,IceImpedance,SUBROUTINE,2124,0,False,1,9,245.0,4.5,1102.5,61.25,0.08166666666666667
./models/01_CTSM/src/biogeophys/SoilWaterPlantSinkMod.F90,Compute_EffecRootFrac_And_VertTranSink_HydStress_Roads,SUBROUTINE,146,9,False,13,55,1672.4679291927341,24.85714285714286,41572.774239933686,2309.5985688852047,0.5574893097309114
./models/01_CTSM/src/biogeophys/SoilWaterPlantSinkMod.F90,Compute_EffecRootFrac_And_VertTranSink_Default,SUBROUTINE,332,9,False,13,56,1814.063926692601,23.357142857142858,42371.35028774861,2353.9639048749227,0.6046879755642003
./models/01_CTSM/src/biogeophys/SoilWaterPlantSinkMod.F90,Compute_EffecRootFrac_And_VertTranSink,SUBROUTINE,18,3,False,11,73,1856.2232922800783,31.009615384615387,57560.77036156974,3197.8205756427633,0.6187410974266928
./models/01_CTSM/src/biogeophys/SoilWaterPlantSinkMod.F90,Compute_EffecRootFrac_And_VertTranSink_HydStress,SUBROUTINE,236,3,False,9,54,2113.772962731491,21.085365853658537,44569.676250765224,2476.0931250425124,0.7045909875771638
./models/01_CTSM/src/biogeophys/SoilWaterRetentionCurveClappHornberg1978Mod.F90,soil_hk,SUBROUTINE,45,0,False,2,18,666.5506622013165,11.131578947368421,7419.761318714655,412.20896215081416,0.22218355406710552
./models/01_CTSM/src/biogeophys/SoilWaterRetentionCurveClappHornberg1978Mod.F90,soil_suction,SUBROUTINE,87,0,False,2,17,548.0527402249119,10.323529411764705,5657.838582910119,314.32436571722883,0.1826842467416373
./models/01_CTSM/src/biogeophys/SoilWaterRetentionCurveClappHornberg1978Mod.F90,constructor,FUNCTION,35,0,False,1,2,16.253496664211536,0.75,12.190122498158651,0.6772290276754807,0.005417832221403845
./models/01_CTSM/src/biogeophys/SoilWaterRetentionCurveClappHornberg1978Mod.F90,soil_suction_inverse,SUBROUTINE,127,0,False,1,13,431.07617568587636,7.0,3017.5332298011344,167.64073498895192,0.1436920585619588
./models/01_CTSM/src/biogeophys/SoilWaterRetentionCurveFactoryMod.F90,create_soil_water_retention_curve,FUNCTION,25,0,False,4,18,359.45228222839756,6.758620689655173,2429.401631612618,134.9667573118121,0.11981742740946585
./models/01_CTSM/src/biogeophys/SoilWaterRetentionCurveVanGenuchten1980Mod.F90,soil_hk,SUBROUTINE,45,0,False,2,18,666.5506622013165,11.131578947368421,7419.761318714655,412.20896215081416,0.22218355406710552
./models/01_CTSM/src/biogeophys/SoilWaterRetentionCurveVanGenuchten1980Mod.F90,soil_suction,SUBROUTINE,87,0,False,2,17,548.0527402249119,10.323529411764705,5657.838582910119,314.32436571722883,0.1826842467416373
./models/01_CTSM/src/biogeophys/SoilWaterRetentionCurveVanGenuchten1980Mod.F90,constructor,FUNCTION,35,0,False,1,2,16.253496664211536,0.75,12.190122498158651,0.6772290276754807,0.005417832221403845
./models/01_CTSM/src/biogeophys/SoilWaterRetentionCurveVanGenuchten1980Mod.F90,soil_suction_inverse,SUBROUTINE,127,0,False,1,13,431.07617568587636,7.0,3017.5332298011344,167.64073498895192,0.1436920585619588
./models/01_CTSM/src/biogeophys/SolarAbsorbedType.F90,InitHistory,SUBROUTINE,165,0,False,3,76,4723.304594706042,24.307692307692307,114812.63476362378,6378.47970909021,1.574434864902014
./models/01_CTSM/src/biogeophys/SolarAbsorbedType.F90,InitAllocate,SUBROUTINE,95,0,False,2,101,3053.491269830596,20.424657534246577,62366.513470101636,3464.806303894535,1.0178304232768653
./models/01_CTSM/src/biogeophys/SolarAbsorbedType.F90,Restart,SUBROUTINE,371,0,False,2,31,3917.3889151244825,18.73846153846154,73405.84151725569,4078.102306514205,1.3057963050414942
./models/01_CTSM/src/biogeophys/SolarAbsorbedType.F90,Init,SUBROUTINE,83,0,False,1,7,105.48604608143,1.7692307692307692,186.62915845176076,10.368286580653375,0.03516201536047667
./models/01_CTSM/src/biogeophys/SolarAbsorbedType.F90,InitCold,SUBROUTINE,341,0,False,1,18,505.0,2.933333333333333,1481.3333333333333,82.29629629629629,0.16833333333333333
./models/01_CTSM/src/biogeophys/SurfaceAlbedoMod.F90,SurfaceAlbedo,SUBROUTINE,279,32,False,72,465,33015.236035118454,101.95700636942675,3366134.6307206997,187007.4794844833,11.005078678372819
./models/01_CTSM/src/biogeophys/SurfaceAlbedoMod.F90,TwoStream,SUBROUTINE,1301,4,False,19,278,22688.025583831393,81.6651376146789,1852820.7315089463,102934.48508383035,7.562675194610464
./models/01_CTSM/src/biogeophys/SurfaceAlbedoMod.F90,SoilAlbedo,SUBROUTINE,1170,2,False,9,61,2995.096554009068,34.43023255813954,103121.87088861453,5728.992827145252,0.9983655180030226
./models/01_CTSM/src/biogeophys/SurfaceAlbedoMod.F90,SurfaceAlbedoInitTimeConst,SUBROUTINE,139,1,False,8,56,2485.8028338056706,33.02238805970149,82087.14581783651,4560.396989879806,0.8286009446018902
./models/01_CTSM/src/biogeophys/SurfaceAlbedoMod.F90,SurfaceAlbedo_readnl,SUBROUTINE,86,0,False,5,34,850.8638012957243,15.223684210526315,12953.28181709412,719.62676761634,0.28362126709857477
./models/01_CTSM/src/biogeophys/SurfaceAlbedoMod.F90,UpdateZenithAngles,SUBROUTINE,230,2,False,5,25,909.9308422096997,14.826086956521738,13490.713791022068,749.484099501226,0.3033102807365666
./models/01_CTSM/src/biogeophys/SurfaceAlbedoType.F90,Restart,SUBROUTINE,403,7,False,77,219,21072.409579238956,93.47692307692309,1969784.009283937,109432.44496021872,7.024136526412986
./models/01_CTSM/src/biogeophys/SurfaceAlbedoType.F90,InitHistory,SUBROUTINE,201,0,False,3,71,4092.21161107377,21.05,86141.05441310287,4785.61413406127,1.36407053702459
./models/01_CTSM/src/biogeophys/SurfaceAlbedoType.F90,InitCold,SUBROUTINE,353,0,False,2,39,1145.4008081995025,7.466666666666667,8552.326034556285,475.1292241420158,0.3818002693998342
./models/01_CTSM/src/biogeophys/SurfaceAlbedoType.F90,Init,SUBROUTINE,99,0,False,1,7,105.48604608143,1.7692307692307692,186.62915845176076,10.368286580653375,0.03516201536047667
./models/01_CTSM/src/biogeophys/SurfaceAlbedoType.F90,InitAllocate,SUBROUTINE,111,0,False,1,134,4448.2982920734175,15.824468085106382,70391.95435594903,3910.664130886057,1.4827660973578058
./models/01_CTSM/src/biogeophys/SurfaceHumidityMod.F90,CalculateSurfaceHumidity,SUBROUTINE,41,3,False,17,115,5981.934032988174,46.74603174603175,279631.6782087329,15535.093233818496,1.993978010996058
./models/01_CTSM/src/biogeophys/SurfaceRadiationMod.F90,SurfaceRadiation,SUBROUTINE,457,8,False,42,334,21604.74419696943,63.33870967741935,1368416.6203467571,76023.14557481984,7.20158139898981
./models/01_CTSM/src/biogeophys/SurfaceRadiationMod.F90,CanopySunShadeFracs,SUBROUTINE,347,4,False,6,46,1978.0332009000028,22.941176470588236,45378.40872652948,2521.0227070294154,0.659344400300001
./models/01_CTSM/src/biogeophys/SurfaceRadiationMod.F90,InitHistory,SUBROUTINE,153,0,False,4,81,4582.05821755058,19.916666666666668,91259.32616621572,5069.962564789762,1.5273527391835267
./models/01_CTSM/src/biogeophys/SurfaceRadiationMod.F90,Init,SUBROUTINE,89,0,False,1,7,105.48604608143,1.7692307692307692,186.62915845176076,10.368286580653375,0.03516201536047667
./models/01_CTSM/src/biogeophys/SurfaceRadiationMod.F90,InitAllocate,SUBROUTINE,101,0,False,1,68,1741.2878181872125,8.07,14052.192692770805,780.6773718206002,0.5804292727290709
./models/01_CTSM/src/biogeophys/SurfaceRadiationMod.F90,InitCold,SUBROUTINE,330,0,False,1,5,68.53238859703687,0.6538461538461539,44.80963869806257,2.4894243721145872,0.022844129532345624
./models/01_CTSM/src/biogeophys/SurfaceResistanceMod.F90,calc_beta_leepielke1992,SUBROUTINE,240,1,False,8,51,2345.153901349382,27.627906976744185,64791.69383262944,3599.5385462571912,0.7817179671164607
./models/01_CTSM/src/biogeophys/SurfaceResistanceMod.F90,calc_soil_resistance_sl14,SUBROUTINE,337,1,False,7,55,3077.923394373365,29.07,89475.23307443372,4970.8462819129845,1.0259744647911218
./models/01_CTSM/src/biogeophys/SurfaceResistanceMod.F90,soil_resistance_readNL,SUBROUTINE,110,0,False,5,36,836.259108776295,16.646341463414636,13920.654676581009,773.3697042545004,0.27875303625876496
./models/01_CTSM/src/biogeophys/SurfaceResistanceMod.F90,calc_soilevap_resis,SUBROUTINE,191,0,False,4,27,830.3032272588041,7.8425925925925934,6511.729939705622,361.7627744280901,0.2767677424196014
./models/01_CTSM/src/biogeophys/SurfaceResistanceMod.F90,do_soilevap_beta,FUNCTION,319,0,False,2,10,108.41805003750011,5.090909090909091,551.946436554546,30.663690919697004,0.036139350012500036
./models/01_CTSM/src/biogeophys/SurfaceResistanceMod.F90,do_soil_resistance_sl14,FUNCTION,428,0,False,2,10,108.41805003750011,5.090909090909091,551.946436554546,30.663690919697004,0.036139350012500036
./models/01_CTSM/src/biogeophys/SurfaceResistanceMod.F90,readParams,SUBROUTINE,169,0,False,1,9,185.75424759098897,3.238095238095238,601.4899445803452,33.4161080322414,0.061918082530329654
./models/01_CTSM/src/biogeophys/SurfaceWaterMod.F90,QflxH2osfcSurf,SUBROUTINE,436,1,False,7,46,1771.4516868038486,33.33333333333333,59048.38956012828,3280.466086673793,0.5904838956012829
./models/01_CTSM/src/biogeophys/SurfaceWaterMod.F90,BulkDiag_FracH2oSfc,SUBROUTINE,181,2,False,6,54,2337.1164500884674,44.84375,104805.06580865472,5822.503656036373,0.7790388166961558
./models/01_CTSM/src/biogeophys/SurfaceWaterMod.F90,QflxH2osfcDrain,SUBROUTINE,508,1,False,4,29,1010.8782126305292,19.62162162162162,19835.06979377741,1101.9483218765226,0.3369594042101764
./models/01_CTSM/src/biogeophys/SurfaceWaterMod.F90,UpdateFracH2oSfc,SUBROUTINE,75,2,False,3,25,1560.4298486330304,8.32394366197183,12988.930148480575,721.607230471143,0.5201432828776767
./models/01_CTSM/src/biogeophys/SurfaceWaterMod.F90,UpdateH2osfc,SUBROUTINE,345,2,False,3,29,1863.3173504355782,15.25,28415.589594142566,1578.6438663412537,0.6211057834785261
./models/01_CTSM/src/biogeophys/SurfaceWaterMod.F90,UpdateState_TooSmallH2osfcToSoil,SUBROUTINE,298,1,False,2,22,993.8036424083919,13.75609756097561,13670.859861422756,759.4922145234864,0.3312678808027973
./models/01_CTSM/src/biogeophys/SurfaceWaterMod.F90,readParams,SUBROUTINE,53,0,False,1,9,185.75424759098897,3.238095238095238,601.4899445803452,33.4161080322414,0.061918082530329654
./models/01_CTSM/src/biogeophys/TemperatureType.F90,InitCold,SUBROUTINE,670,11,False,53,185,7520.556488588499,58.967999999999996,443472.1750190866,24637.343056615922,2.506852162862833
./models/01_CTSM/src/biogeophys/TemperatureType.F90,UpdateAccVars,SUBROUTINE,1520,7,False,26,146,4851.516136294021,32.99074074074074,160055.11105199627,8891.950613999792,1.6171720454313403
./models/01_CTSM/src/biogeophys/TemperatureType.F90,Restart,SUBROUTINE,924,0,False,21,91,9566.537539820949,47.41,453549.54476291116,25197.196931272843,3.188845846606983
./models/01_CTSM/src/biogeophys/TemperatureType.F90,InitHistory,SUBROUTINE,306,0,False,13,164,10796.304307359986,48.403361344537814,522577.4185747354,29032.078809707524,3.5987681024533287
./models/01_CTSM/src/biogeophys/TemperatureType.F90,UpdateAccVars_CropGDDs,SUBROUTINE,1410,1,False,11,71,2525.528676083371,29.53846153846154,74600.23166277035,4144.457314598353,0.8418428920277904
./models/01_CTSM/src/biogeophys/TemperatureType.F90,InitAccVars,SUBROUTINE,1293,0,False,6,73,2288.5379703492254,22.318840579710148,51077.51412083779,2837.6396733798774,0.7628459901164084
./models/01_CTSM/src/biogeophys/TemperatureType.F90,ReadNL,SUBROUTINE,1756,0,False,6,42,1105.7967858474847,17.42857142857143,19272.458267627593,1070.6921259793107,0.3685989286158282
./models/01_CTSM/src/biogeophys/TemperatureType.F90,InitAccBuffer,SUBROUTINE,1176,0,False,4,34,2680.693276578425,23.625,63331.37865916529,3518.409925509183,0.8935644255261417
./models/01_CTSM/src/biogeophys/TemperatureType.F90,Init,SUBROUTINE,149,0,False,2,21,800.9164836282669,13.157894736842104,10538.374784582458,585.4652658101365,0.2669721612094223
./models/01_CTSM/src/biogeophys/TemperatureType.F90,InitAllocate,SUBROUTINE,189,0,False,2,167,5199.829300779368,21.7196261682243,112938.34855150702,6274.352697305945,1.7332764335931228
./models/01_CTSM/src/biogeophys/TemperatureType.F90,Clean,SUBROUTINE,1734,0,False,1,7,112.58797503894243,2.3000000000000003,258.95234258956765,14.38624125497598,0.03752932501298081
./models/01_CTSM/src/biogeophys/TotalWaterAndHeatMod.F90,AccumulateSoilHeatNonLake,SUBROUTINE,775,4,False,13,71,3402.346067686167,34.63529411764706,117841.25674433028,6546.7364857961265,1.134115355895389
./models/01_CTSM/src/biogeophys/TotalWaterAndHeatMod.F90,ComputeLiqIceMassNonLake,SUBROUTINE,200,4,False,8,50,2441.980606786797,27.611111111111114,67425.79786516879,3745.877659176044,0.8139935355955991
./models/01_CTSM/src/biogeophys/TotalWaterAndHeatMod.F90,AccumulateSoilLiqIceMassNonLake,SUBROUTINE,329,2,False,8,39,1146.0,16.56862745098039,18987.647058823528,1054.8692810457514,0.382
./models/01_CTSM/src/biogeophys/TotalWaterAndHeatMod.F90,ComputeLiqIceMassLake,SUBROUTINE,397,6,False,8,44,1686.2272070263439,21.75,36675.44175282298,2037.524541823499,0.562075735675448
./models/01_CTSM/src/biogeophys/TotalWaterAndHeatMod.F90,ComputeHeatNonLake,SUBROUTINE,565,5,False,8,64,3883.084984167061,32.59139784946237,126555.16760226196,7030.842644570109,1.2943616613890203
./models/01_CTSM/src/biogeophys/TotalWaterAndHeatMod.F90,ComputeHeatLake,SUBROUTINE,905,7,False,8,55,2632.0503470918584,23.358208955223883,61479.981988041174,3415.5545548911764,0.8773501156972862
./models/01_CTSM/src/biogeophys/TotalWaterAndHeatMod.F90,AccumulateHeatLake,SUBROUTINE,1055,4,False,5,38,1492.257940852612,16.228070175438596,24216.466584011683,1345.3592546673158,0.49741931361753733
./models/01_CTSM/src/biogeophys/TotalWaterAndHeatMod.F90,AdjustDeltaHeatForDeltaLiq,SUBROUTINE,1155,1,False,4,31,1076.8490454578814,21.9375,23623.375934732274,1312.409774151793,0.3589496818192938
./models/01_CTSM/src/biogeophys/TotalWaterAndHeatMod.F90,AccumulateLiqIceMassLake,SUBROUTINE,505,2,False,3,26,947.2950321092397,15.24390243902439,14440.473050445727,802.2485028025404,0.31576501070307994
./models/01_CTSM/src/biogeophys/TotalWaterAndHeatMod.F90,ComputeWaterMassNonLake,SUBROUTINE,92,1,False,2,19,763.3675803898248,12.108108108108109,9242.937189584905,513.4965105324948,0.2544558601299416
./models/01_CTSM/src/biogeophys/TotalWaterAndHeatMod.F90,ComputeWaterMassLake,SUBROUTINE,144,1,False,2,19,763.3675803898248,12.108108108108109,9242.937189584905,513.4965105324948,0.2544558601299416
./models/01_CTSM/src/biogeophys/TotalWaterAndHeatMod.F90,AccumulateLiquidWaterHeat,SUBROUTINE,1289,0,False,2,15,446.9342515517366,8.73913043478261,3905.8167200825683,216.9898177823649,0.14897808385057887
./models/01_CTSM/src/biogeophys/TotalWaterAndHeatMod.F90,LiquidWaterHeat,FUNCTION,1258,0,False,1,12,334.35764566378015,6.75,2256.914108230516,125.38411712391755,0.11145254855459338
./models/01_CTSM/src/biogeophys/TotalWaterAndHeatMod.F90,TempToHeat,FUNCTION,1319,0,False,1,6,147.14866228501222,4.461538461538462,656.5094163485161,36.47274535269534,0.049049554095004076
./models/01_CTSM/src/biogeophys/TridiagonalMod.F90,Tridiagonal,SUBROUTINE,22,5,False,9,52,2091.299215260543,42.0,87834.5670409428,4879.698168941267,0.697099738420181
./models/01_CTSM/src/biogeophys/UrbanAlbedoMod.F90,UrbanAlbedo,SUBROUTINE,47,15,False,38,235,13313.227302038918,51.81521739130435,689827.7668349949,38323.764824166385,4.437742434012973
./models/01_CTSM/src/biogeophys/UrbanAlbedoMod.F90,incident_direct,SUBROUTINE,562,8,False,14,97,4368.315690185437,49.895833333333336,217960.75162487756,12108.930645826531,1.4561052300618125
./models/01_CTSM/src/biogeophys/UrbanAlbedoMod.F90,net_solar,SUBROUTINE,793,7,False,13,358,23739.646652308278,126.16060606060606,2995008.20931985,166389.3449622139,7.913215550769426
./models/01_CTSM/src/biogeophys/UrbanAlbedoMod.F90,SnowAlbedo,SUBROUTINE,485,1,False,9,49,1821.9840709783837,22.115384615384617,40293.87849279118,2238.5488051550656,0.6073280236594613
./models/01_CTSM/src/biogeophys/UrbanAlbedoMod.F90,incident_diffuse,SUBROUTINE,721,3,False,5,39,1623.6094816238683,32.044444444444444,52027.66383336929,2890.425768520516,0.5412031605412895
./models/01_CTSM/src/biogeophys/UrbanFluxesMod.F90,UrbanFluxes,SUBROUTINE,79,16,False,62,494,35964.295057712494,79.88782816229117,2873109.4235484735,159617.19019713742,11.988098352570832
./models/01_CTSM/src/biogeophys/UrbanFluxesMod.F90,wasteheat,SUBROUTINE,947,1,False,8,42,1782.1131159355086,20.903225806451612,37251.912875039015,2069.5507152799455,0.5940377053118362
./models/01_CTSM/src/biogeophys/UrbanFluxesMod.F90,calc_simple_internal_building_temp,SUBROUTINE,1073,2,False,6,37,1415.8643769142873,18.620689655172413,26364.371156335004,1464.687286463056,0.47195479230476245
./models/01_CTSM/src/biogeophys/UrbanFluxesMod.F90,simple_wasteheatfromac,SUBROUTINE,1033,0,False,3,18,451.37690549115706,10.73076923076923,4843.6214089243385,269.09007827357436,0.15045896849705234
./models/01_CTSM/src/biogeophys/UrbanFluxesMod.F90,readParams,SUBROUTINE,59,0,False,1,8,155.88872502451932,2.9,452.07730257110603,25.11540569839478,0.051962908341506436
./models/01_CTSM/src/biogeophys/UrbanParamsType.F90,UrbanInput,SUBROUTINE,367,0,False,44,193,10105.015038166688,64.06542056074767,647382.0381928285,35965.668788490475,3.3683383460555625
./models/01_CTSM/src/biogeophys/UrbanParamsType.F90,Init,SUBROUTINE,120,2,False,14,184,7897.8999990164275,57.2421875,452093.07259994815,25116.28181110823,2.632633333005476
./models/01_CTSM/src/biogeophys/UrbanParamsType.F90,CheckUrban,SUBROUTINE,705,2,False,10,71,3759.3648815007273,40.638888888888886,152776.41171209898,8487.578428449944,1.253121627166909
./models/01_CTSM/src/biogeophys/UrbanParamsType.F90,UrbanReadNML,SUBROUTINE,828,0,False,6,43,985.7584123938412,16.102272727272727,15872.950799569011,881.8305999760562,0.32858613746461374
./models/01_CTSM/src/biogeophys/UrbanParamsType.F90,IsSimpleBuildTemp,FUNCTION,908,0,False,2,8,124.86408532184433,5.538461538461538,691.5549340902147,38.41971856056748,0.04162136177394811
./models/01_CTSM/src/biogeophys/UrbanParamsType.F90,IsProgBuildTemp,FUNCTION,936,0,False,2,8,124.86408532184433,5.538461538461538,691.5549340902147,38.41971856056748,0.04162136177394811
./models/01_CTSM/src/biogeophys/UrbanRadiationMod.F90,UrbanRadiation,SUBROUTINE,46,4,False,16,130,8424.477494388568,37.095541401273884,312510.5536771912,17361.697426510622,2.8081591647961894
./models/01_CTSM/src/biogeophys/UrbanRadiationMod.F90,net_longwave,SUBROUTINE,319,6,False,11,271,16103.651553239433,121.64285714285714,1958894.1853690539,108827.45474272521,5.367883851079811
./models/01_CTSM/src/biogeophys/UrbBuildTempOleson2015Mod.F90,BuildingTemperature,SUBROUTINE,43,7,False,34,325,61830.65803053525,259.3107476635514,16033354.162427465,890741.8979126369,20.610219343511748
./models/01_CTSM/src/biogeophys/Wateratm2lndBulkType.F90,UpdateAccVars,SUBROUTINE,364,3,False,10,65,1667.9648185025928,16.810344827586206,28039.063759310826,1557.725764406157,0.5559882728341976
./models/01_CTSM/src/biogeophys/Wateratm2lndBulkType.F90,InitAccVars,SUBROUTINE,286,0,False,6,49,1265.737133073749,15.09375,19104.7198523319,1061.3733251295498,0.4219123776912497
./models/01_CTSM/src/biogeophys/Wateratm2lndBulkType.F90,InitAccBuffer,SUBROUTINE,230,0,False,4,19,1076.867952928235,10.114285714285714,10891.750152474147,605.0972306930082,0.3589559843094116
./models/01_CTSM/src/biogeophys/Wateratm2lndBulkType.F90,InitBulkAllocate,SUBROUTINE,99,0,False,2,41,994.1233251283658,8.779069767441861,8727.478028743211,484.85989048573396,0.33137444170945524
./models/01_CTSM/src/biogeophys/Wateratm2lndBulkType.F90,InitBulkHistory,SUBROUTINE,141,0,False,2,32,1656.3481998556765,14.066666666666666,23299.29801130318,1294.4054450723988,0.5521160666185588
./models/01_CTSM/src/biogeophys/Wateratm2lndBulkType.F90,Clean,SUBROUTINE,466,0,False,2,24,398.08422511105806,5.564516129032258,2215.146091343791,123.06367174132171,0.13269474170368603
./models/01_CTSM/src/biogeophys/Wateratm2lndBulkType.F90,InitBulk,SUBROUTINE,65,0,False,1,10,214.05271769459029,2.15,460.2133430433691,25.567407946853837,0.07135090589819676
./models/01_CTSM/src/biogeophys/Wateratm2lndBulkType.F90,InitForTesting,SUBROUTINE,84,0,False,1,8,155.58941141594505,1.8333333333333333,285.2472542625659,15.847069681253661,0.05186313713864835
./models/01_CTSM/src/biogeophys/Wateratm2lndBulkType.F90,InitBulkCold,SUBROUTINE,213,0,False,1,4,60.94436251225965,0.7272727272727273,44.32317273618884,2.462398485343824,0.02031478750408655
./models/01_CTSM/src/biogeophys/Wateratm2lndType.F90,AdjustPrecipTracer,FUNCTION,406,0,False,3,13,369.20655562969546,11.924999999999999,4402.788175884118,244.5993431046732,0.12306885187656515
./models/01_CTSM/src/biogeophys/Wateratm2lndType.F90,SetDownscaledTracers,SUBROUTINE,300,1,False,2,56,2875.2256433490807,32.48,93387.32889597813,5188.184938665452,0.9584085477830269
./models/01_CTSM/src/biogeophys/Wateratm2lndType.F90,SetOneDownscaledTracer,SUBROUTINE,360,1,False,2,22,949.4436251225966,9.642857142857142,9155.34924225361,508.63051345853387,0.31648120837419885
./models/01_CTSM/src/biogeophys/Wateratm2lndType.F90,Init,SUBROUTINE,60,0,False,1,10,209.59328607595296,3.3157894736842106,694.9672117255283,38.609289540307124,0.06986442869198432
./models/01_CTSM/src/biogeophys/Wateratm2lndType.F90,InitAllocate,SUBROUTINE,78,0,False,1,16,1157.399503151107,7.3,8449.01637300308,469.3897985001711,0.3857998343837023
./models/01_CTSM/src/biogeophys/Wateratm2lndType.F90,InitHistory,SUBROUTINE,133,0,False,1,30,1806.2047596306434,11.428571428571429,20642.340110064495,1146.796672781361,0.6020682532102145
./models/01_CTSM/src/biogeophys/Wateratm2lndType.F90,InitCold,SUBROUTINE,212,0,False,1,4,60.94436251225965,0.7272727272727273,44.32317273618884,2.462398485343824,0.02031478750408655
./models/01_CTSM/src/biogeophys/Wateratm2lndType.F90,IsCommunicatedWithCoupler,FUNCTION,229,0,False,1,5,82.0447025077789,1.4615384615384615,119.91148828059991,6.661749348922218,0.02734823416925963
./models/01_CTSM/src/biogeophys/Wateratm2lndType.F90,SetNondownscaledTracers,SUBROUTINE,247,0,False,1,14,615.2210751716351,7.580645161290322,4663.772666623685,259.0984814790936,0.20507369172387838
./models/01_CTSM/src/biogeophys/Wateratm2lndType.F90,Clean,SUBROUTINE,428,0,False,1,13,206.32331253245204,2.9285714285714284,604.2325581307523,33.56847545170846,0.06877443751081734
./models/01_CTSM/src/biogeophys/WaterBalanceType.F90,Init,SUBROUTINE,64,0,False,1,10,209.59328607595296,3.3157894736842106,694.9672117255283,38.609289540307124,0.06986442869198432
./models/01_CTSM/src/biogeophys/WaterBalanceType.F90,InitAllocate,SUBROUTINE,80,0,False,1,20,1469.3418168437051,7.791666666666667,11448.621656240537,636.0345364578076,0.4897806056145684
./models/01_CTSM/src/biogeophys/WaterBalanceType.F90,InitHistory,SUBROUTINE,146,0,False,1,30,1475.9440132789707,7.6499999999999995,11290.971701584125,627.2762056435625,0.4919813377596569
./models/01_CTSM/src/biogeophys/WaterBalanceType.F90,InitCold,SUBROUTINE,241,0,False,1,5,100.0,1.6428571428571428,164.28571428571428,9.126984126984127,0.03333333333333333
./models/01_CTSM/src/biogeophys/WaterDiagnosticBulkType.F90,Summary,SUBROUTINE,1085,7,False,15,80,3417.550968492056,40.2093023255814,137417.3401051806,7634.296672510033,1.1391836561640187
./models/01_CTSM/src/biogeophys/WaterDiagnosticBulkType.F90,RestartBulk,SUBROUTINE,787,0,False,13,75,5769.871402203249,43.69897959183674,252137.4926524022,14007.638480689011,1.9232904674010831
./models/01_CTSM/src/biogeophys/WaterDiagnosticBulkType.F90,InitBulkHistory,SUBROUTINE,241,0,False,9,108,8379.37840604732,35.83505154639175,300275.4571074277,16681.96983930154,2.793126135349107
./models/01_CTSM/src/biogeophys/WaterDiagnosticBulkType.F90,InitBulkCold,SUBROUTINE,693,4,False,9,55,2142.7136295305827,34.57627118644068,74087.047529532,4115.947084974,0.7142378765101942
./models/01_CTSM/src/biogeophys/WaterDiagnosticBulkType.F90,RestartBackcompatIssue783,SUBROUTINE,994,1,False,7,39,1335.0324736102243,14.806451612903226,19767.09372216429,1098.1718734535716,0.44501082453674146
./models/01_CTSM/src/biogeophys/WaterDiagnosticBulkType.F90,ResetBulkFilter,SUBROUTINE,1217,1,False,2,11,210.90827503317317,4.7368421052631575,999.039197525557,55.50217764030872,0.07030275834439105
./models/01_CTSM/src/biogeophys/WaterDiagnosticBulkType.F90,readParams,SUBROUTINE,123,0,False,1,9,185.75424759098897,3.238095238095238,601.4899445803452,33.4161080322414,0.061918082530329654
./models/01_CTSM/src/biogeophys/WaterDiagnosticBulkType.F90,InitBulk,SUBROUTINE,145,0,False,1,12,340.05866965893006,3.634615384615384,1235.982472414188,68.66569291189933,0.11335288988631002
./models/01_CTSM/src/biogeophys/WaterDiagnosticBulkType.F90,InitBulkAllocate,SUBROUTINE,168,0,False,1,100,3030.4483013788504,13.618421052631579,41269.920946409344,2292.77338591163,1.0101494337929502
./models/01_CTSM/src/biogeophys/WaterDiagnosticBulkType.F90,InitAccBuffer,SUBROUTINE,600,0,False,1,8,276.9812829150282,2.7096774193548385,750.529927898786,41.69610710548811,0.0923270943050094
./models/01_CTSM/src/biogeophys/WaterDiagnosticBulkType.F90,InitAccVars,SUBROUTINE,625,0,False,1,17,343.01880011637485,3.0,1029.0564003491245,57.16980001939581,0.11433960003879162
./models/01_CTSM/src/biogeophys/WaterDiagnosticBulkType.F90,UpdateAccVars,SUBROUTINE,662,0,False,1,13,213.96993759735608,2.5625,548.297965093225,30.460998060734724,0.07132331253245203
./models/01_CTSM/src/biogeophys/WaterDiagnosticBulkType.F90,ResetBulk,SUBROUTINE,1242,0,False,1,5,92.0,1.5,138.0,7.666666666666667,0.030666666666666665
./models/01_CTSM/src/biogeophys/WaterDiagnosticType.F90,InitCold,SUBROUTINE,248,1,False,5,21,549.9042963160862,7.282051282051282,4004.4312859940633,222.46840477744797,0.18330143210536207
./models/01_CTSM/src/biogeophys/WaterDiagnosticType.F90,Restart,SUBROUTINE,291,0,False,2,17,923.4712343388569,7.956521739130434,7347.61895147873,408.20105285992946,0.307823744779619
./models/01_CTSM/src/biogeophys/WaterDiagnosticType.F90,Summary,SUBROUTINE,345,1,False,2,18,474.0602562722345,6.25,2962.8766017014655,164.60425565008143,0.15802008542407817
./models/01_CTSM/src/biogeophys/WaterDiagnosticType.F90,Init,SUBROUTINE,71,0,False,1,10,209.59328607595296,3.3157894736842106,694.9672117255283,38.609289540307124,0.06986442869198432
./models/01_CTSM/src/biogeophys/WaterDiagnosticType.F90,InitAllocate,SUBROUTINE,89,0,False,1,17,1182.5459139977718,6.794117647058823,8034.356062749567,446.35311459719816,0.3941819713325906
./models/01_CTSM/src/biogeophys/WaterDiagnosticType.F90,InitHistory,SUBROUTINE,144,0,False,1,28,1454.2389542601622,7.425000000000001,10797.724235381706,599.873568632317,0.48474631808672075
./models/01_CTSM/src/biogeophys/WaterFluxBulkType.F90,UpdateAccVars,SUBROUTINE,340,1,False,3,24,499.216357432593,6.081081081081082,3035.775146549552,168.65417480830845,0.166405452477531
./models/01_CTSM/src/biogeophys/WaterFluxBulkType.F90,InitAccBuffer,SUBROUTINE,273,0,False,2,8,247.1753118485642,3.7777777777777777,933.7734003167981,51.876300017599895,0.08239177061618806
./models/01_CTSM/src/biogeophys/WaterFluxBulkType.F90,InitAccVars,SUBROUTINE,300,0,False,2,19,387.7443751081734,5.080645161290322,1969.991583210881,109.44397684504894,0.12924812503605781
./models/01_CTSM/src/biogeophys/WaterFluxBulkType.F90,InitBulk,SUBROUTINE,79,0,False,1,10,214.05271769459029,2.15,460.2133430433691,25.567407946853837,0.07135090589819676
./models/01_CTSM/src/biogeophys/WaterFluxBulkType.F90,InitBulkAllocate,SUBROUTINE,94,0,False,1,63,1638.1852500050747,10.285714285714286,16849.905428623628,936.1058571457571,0.5460617500016915
./models/01_CTSM/src/biogeophys/WaterFluxBulkType.F90,InitBulkHistory,SUBROUTINE,146,0,False,1,34,2286.0,14.275862068965518,32634.620689655174,1813.0344827586207,0.762
./models/01_CTSM/src/biogeophys/WaterFluxBulkType.F90,InitBulkCold,SUBROUTINE,255,0,False,1,8,222.97158093186488,2.25,501.686057096696,27.87144761648311,0.07432386031062163
./models/01_CTSM/src/biogeophys/WaterFluxBulkType.F90,RestartBulk,SUBROUTINE,382,0,False,1,9,216.22022703449022,3.727272727272727,805.9117553103727,44.772875295020704,0.07207340901149674
./models/01_CTSM/src/biogeophys/WaterFluxType.F90,InitCold,SUBROUTINE,860,2,False,6,44,1734.4419301521948,14.120689655172413,24491.51622059737,1360.6397900331872,0.5781473100507316
./models/01_CTSM/src/biogeophys/WaterFluxType.F90,InitHistory,SUBROUTINE,401,0,False,3,123,10912.189940058339,49.6747572815534,542060.3866826067,30114.46592681148,3.637396646686113
./models/01_CTSM/src/biogeophys/WaterFluxType.F90,Restart,SUBROUTINE,933,0,False,2,15,629.639212958836,10.365853658536587,6526.7479392074465,362.597107733747,0.20987973765294532
./models/01_CTSM/src/biogeophys/WaterFluxType.F90,Init,SUBROUTINE,130,0,False,1,10,209.59328607595296,3.3157894736842106,694.9672117255283,38.609289540307124,0.06986442869198432
./models/01_CTSM/src/biogeophys/WaterFluxType.F90,InitAllocate,SUBROUTINE,146,0,False,1,77,8635.702566130985,19.57547169811321,169047.9511766207,9391.552843145595,2.878567522043662
./models/01_CTSM/src/biogeophys/WaterInfoBaseType.F90,set_metadata,SUBROUTINE,90,0,False,1,5,83.76180828526729,1.5833333333333333,132.62286311833986,7.36793683990777,0.027920602761755765
./models/01_CTSM/src/biogeophys/WaterInfoBaseType.F90,get_ratio,FUNCTION,98,0,False,1,5,79.9544533632097,1.5,119.93168004481454,6.662871113600808,0.02665148445440323
./models/01_CTSM/src/biogeophys/WaterInfoBulkType.F90,constructor,FUNCTION,37,0,False,1,4,62.907475208398566,2.0999999999999996,132.10569793763696,7.339205440979831,0.02096915840279952
./models/01_CTSM/src/biogeophys/WaterInfoBulkType.F90,get_name,FUNCTION,46,0,False,1,6,116.75790004038474,2.1999999999999997,256.8673800888464,14.270410004935911,0.03891930001346158
./models/01_CTSM/src/biogeophys/WaterInfoBulkType.F90,fname,FUNCTION,65,0,False,1,7,150.11730005192322,2.8,420.328440145385,23.351580008076944,0.05003910001730774
./models/01_CTSM/src/biogeophys/WaterInfoBulkType.F90,lname,FUNCTION,87,0,False,1,7,150.11730005192322,2.8,420.328440145385,23.351580008076944,0.05003910001730774
./models/01_CTSM/src/biogeophys/WaterInfoBulkType.F90,is_communicated_with_coupler,FUNCTION,109,0,False,1,5,72.33974351909448,1.4166666666666667,102.4813033187172,5.693405739928733,0.024113247839698163
./models/01_CTSM/src/biogeophys/WaterInfoBulkType.F90,is_included_in_consistency_check,FUNCTION,116,0,False,1,5,72.33974351909448,1.4166666666666667,102.4813033187172,5.693405739928733,0.024113247839698163
./models/01_CTSM/src/biogeophys/WaterInfoIsotopeType.F90,constructor,FUNCTION,41,0,False,1,8,231.89044416913947,3.394736842105263,787.2070341531313,43.73372411961841,0.07729681472304649
./models/01_CTSM/src/biogeophys/WaterInfoTracerType.F90,constructor,FUNCTION,44,0,False,1,11,252.1729375396636,4.6,1159.9955126824525,64.44419514902513,0.08405764584655454
./models/01_CTSM/src/biogeophys/WaterInfoTracerType.F90,get_name,FUNCTION,64,0,False,1,6,127.43782540330756,2.25,286.73510715744203,15.929728175413446,0.042479275134435855
./models/01_CTSM/src/biogeophys/WaterInfoTracerType.F90,fname,FUNCTION,83,0,False,1,7,172.8771237954945,3.75,648.2892142331044,36.01606745739469,0.0576257079318315
./models/01_CTSM/src/biogeophys/WaterInfoTracerType.F90,lname,FUNCTION,105,0,False,1,7,172.8771237954945,3.75,648.2892142331044,36.01606745739469,0.0576257079318315
./models/01_CTSM/src/biogeophys/WaterInfoTracerType.F90,is_communicated_with_coupler,FUNCTION,127,0,False,1,6,114.6940428629768,2.0625,236.55646340488966,13.142025744716092,0.03823134762099227
./models/01_CTSM/src/biogeophys/WaterInfoTracerType.F90,is_included_in_consistency_check,FUNCTION,147,0,False,1,5,76.14709844115208,1.5,114.22064766172812,6.345591536762673,0.025382366147050694
./models/01_CTSM/src/biogeophys/Waterlnd2atmBulkType.F90,InitBulk,SUBROUTINE,43,0,False,1,10,214.05271769459029,2.15,460.2133430433691,25.567407946853837,0.07135090589819676
./models/01_CTSM/src/biogeophys/Waterlnd2atmBulkType.F90,InitBulkAllocate,SUBROUTINE,62,0,False,1,10,213.6173847296373,1.7391304347826086,371.50849518197793,20.639360843443217,0.0712057949098791
./models/01_CTSM/src/biogeophys/Waterlnd2atmBulkType.F90,InitBulkHistory,SUBROUTINE,85,0,False,1,4,60.94436251225965,0.7272727272727273,44.32317273618884,2.462398485343824,0.02031478750408655
./models/01_CTSM/src/biogeophys/Waterlnd2atmBulkType.F90,InitBulkCold,SUBROUTINE,102,0,False,1,4,60.94436251225965,0.7272727272727273,44.32317273618884,2.462398485343824,0.02031478750408655
./models/01_CTSM/src/biogeophys/Waterlnd2atmType.F90,Init,SUBROUTINE,57,0,False,1,10,209.59328607595296,3.3157894736842106,694.9672117255283,38.609289540307124,0.06986442869198432
./models/01_CTSM/src/biogeophys/Waterlnd2atmType.F90,InitAllocate,SUBROUTINE,75,0,False,1,19,1553.6900813392442,7.7368421052631575,12020.654839835204,667.8141577686224,0.5178966937797481
./models/01_CTSM/src/biogeophys/Waterlnd2atmType.F90,InitHistory,SUBROUTINE,147,0,False,1,17,656.3911240692477,4.367647058823529,2866.8847624789196,159.2713756932733,0.2187970413564159
./models/01_CTSM/src/biogeophys/Waterlnd2atmType.F90,InitCold,SUBROUTINE,189,0,False,1,4,60.94436251225965,0.7272727272727273,44.32317273618884,2.462398485343824,0.02031478750408655
./models/01_CTSM/src/biogeophys/WaterStateBulkType.F90,RestartBulk,SUBROUTINE,190,0,False,3,23,1278.3671966625711,16.5,21093.058744932423,1171.8365969406902,0.42612239888752373
./models/01_CTSM/src/biogeophys/WaterStateBulkType.F90,InitBulkCold,SUBROUTINE,165,1,False,2,11,297.2517786232125,5.76,1712.1702448697038,95.12056915942799,0.0990839262077375
./models/01_CTSM/src/biogeophys/WaterStateBulkType.F90,InitBulk,SUBROUTINE,48,0,False,1,16,718.4602928097939,8.142857142857142,5850.319527165465,325.0177515091925,0.23948676426993132
./models/01_CTSM/src/biogeophys/WaterStateBulkType.F90,InitBulkAllocate,SUBROUTINE,81,0,False,1,21,435.0,3.827586206896552,1665.0000000000002,92.50000000000001,0.145
./models/01_CTSM/src/biogeophys/WaterStateBulkType.F90,InitBulkHistory,SUBROUTINE,111,0,False,1,19,703.1098001961544,4.727272727272727,3323.7917827454567,184.65509904141425,0.23436993339871814
./models/01_CTSM/src/biogeophys/WaterStateType.F90,InitCold,SUBROUTINE,323,17,False,50,209,8138.3379366084555,74.46902654867257,606054.1038633642,33669.672436853565,2.7127793122028185
./models/01_CTSM/src/biogeophys/WaterStateType.F90,Restart,SUBROUTINE,592,7,False,32,142,8756.52264487997,69.62704918032787,609690.8328437123,33871.712935761796,2.9188408816266564
./models/01_CTSM/src/biogeophys/WaterStateType.F90,CheckSnowConsistency,SUBROUTINE,900,2,False,6,32,1122.672409094387,26.05263157894737,29248.570657985347,1624.920592110297,0.3742241363647956
./models/01_CTSM/src/biogeophys/WaterStateType.F90,InitHistory,SUBROUTINE,177,0,False,5,52,2947.8536406463945,19.02857142857143,56093.44356201425,3116.3024201119024,0.9826178802154648
./models/01_CTSM/src/biogeophys/WaterStateType.F90,CalculateTotalH2osno,SUBROUTINE,855,2,False,3,20,635.2096249465565,8.166666666666668,5187.545270396879,288.19695946649324,0.21173654164885217
./models/01_CTSM/src/biogeophys/WaterStateType.F90,Init,SUBROUTINE,81,0,False,1,16,676.5314840143678,9.90909090909091,6703.811977960555,372.43399877558636,0.22551049467145595
./models/01_CTSM/src/biogeophys/WaterStateType.F90,InitAllocate,SUBROUTINE,110,0,False,1,19,1675.4887502163467,11.569767441860465,19385.01519145657,1076.9452884142538,0.5584962500721156
./models/01_CTSM/src/biogeophys/WaterTracerContainerType.F90,add_var,SUBROUTINE,122,0,False,2,17,531.7739459608056,7.885714285714286,4193.417402433782,232.96763346854343,0.17725798198693518
./models/01_CTSM/src/biogeophys/WaterTracerContainerType.F90,get_num_vars,FUNCTION,179,0,False,2,11,270.0,6.652173913043478,1796.086956521739,99.78260869565217,0.09
./models/01_CTSM/src/biogeophys/WaterTracerContainerType.F90,new_water_tracer_type,FUNCTION,80,0,False,1,11,264.6998028171593,4.476190476190476,1184.8467364196656,65.82481868998143,0.08823326760571977
./models/01_CTSM/src/biogeophys/WaterTracerContainerType.F90,init,SUBROUTINE,104,0,False,1,5,88.0,1.9615384615384617,172.61538461538464,9.589743589743591,0.029333333333333333
./models/01_CTSM/src/biogeophys/WaterTracerContainerType.F90,complete_setup,SUBROUTINE,159,0,False,1,5,100.07820003461549,2.7142857142857144,271.6408286653849,15.091157148076938,0.0333594000115385
./models/01_CTSM/src/biogeophys/WaterTracerContainerType.F90,get_description,FUNCTION,210,0,False,1,7,155.58941141594505,2.6470588235294117,411.85432433632513,22.880795796462507,0.05186313713864835
./models/01_CTSM/src/biogeophys/WaterTracerContainerType.F90,get_subgrid_level,FUNCTION,230,0,False,1,7,140.1816079436383,2.625,367.97672085205056,20.443151158447254,0.04672720264787944
./models/01_CTSM/src/biogeophys/WaterTracerContainerType.F90,get_bounds,SUBROUTINE,252,0,False,1,10,258.52418449776,3.195652173913044,826.1533721993636,45.89740956663131,0.08617472816592
./models/01_CTSM/src/biogeophys/WaterTracerContainerType.F90,get_data,SUBROUTINE,275,0,False,1,7,174.22857502740393,3.2,557.5314400876927,30.973968893760702,0.05807619167580131
./models/01_CTSM/src/biogeophys/WaterTracerUtils.F90,CompareBulkToTracer,SUBROUTINE,327,1,False,9,54,1542.1368443902006,34.56818181818182,53308.86682539762,2961.60371252209,0.5140456147967335
./models/01_CTSM/src/biogeophys/WaterTracerUtils.F90,CalcTracerFromBulk1Pt,SUBROUTINE,236,0,False,5,35,1143.1712936290974,28.913793103448274,33053.418265793036,1836.3010147662799,0.38105709787636577
./models/01_CTSM/src/biogeophys/WaterTracerUtils.F90,SetTracerToBulkTimesRatio,SUBROUTINE,407,1,False,4,20,503.6588212837836,14.583333333333332,7345.024477055177,408.0569153919543,0.1678862737612612
./models/01_CTSM/src/biogeophys/WaterTracerUtils.F90,AllocateVar2d,SUBROUTINE,83,1,False,3,28,805.4843985599523,13.414634146341465,10805.278517267654,600.2932509593142,0.2684947995199841
./models/01_CTSM/src/biogeophys/WaterTracerUtils.F90,CalcTracerFromBulkMasked,SUBROUTINE,185,1,False,3,25,824.8988547075412,15.125,12476.595177451562,693.1441765250868,0.27496628490251374
./models/01_CTSM/src/biogeophys/WaterTracerUtils.F90,AllocateVar1d,SUBROUTINE,44,0,False,2,19,535.7552004618084,8.029411764705882,4301.799109590403,238.98883942168902,0.1785850668206028
./models/01_CTSM/src/biogeophys/WaterTracerUtils.F90,CalcTracerFromBulk,SUBROUTINE,133,1,False,2,21,703.1098001961544,10.8,7593.5858421184685,421.8658801176927,0.23436993339871814
./models/01_CTSM/src/biogeophys/WaterTracerUtils.F90,CalcTracerFromBulkFixedRatio,SUBROUTINE,299,1,False,2,13,312.4780699337442,6.681818181818182,2087.9216491027455,115.99564717237475,0.10415935664458141
./models/01_CTSM/src/biogeophys/WaterType.F90,SetupTracerInfo,SUBROUTINE,492,0,False,9,62,2143.510671739275,31.96938775510204,68526.72382203213,3807.040212335118,0.714503557246425
./models/01_CTSM/src/biogeophys/WaterType.F90,ReadNamelist,SUBROUTINE,423,0,False,5,41,1077.7095321800243,15.122448979591836,16297.607415212204,905.4226341784557,0.3592365107266748
./models/01_CTSM/src/biogeophys/WaterType.F90,TracerConsistencyCheck,SUBROUTINE,917,2,False,4,29,1052.0012665359855,11.083333333333332,11659.680704107172,647.760039117065,0.3506670888453285
./models/01_CTSM/src/biogeophys/WaterType.F90,ResetCheckedTracers,SUBROUTINE,981,2,False,4,26,845.7690520538874,10.40625,8801.284197935765,488.9602332186536,0.2819230173512958
./models/01_CTSM/src/biogeophys/WaterType.F90,InitForTesting,SUBROUTINE,251,0,False,2,20,786.1581530837708,12.88888888888889,10132.705084190824,562.9280602328236,0.26205271769459026
./models/01_CTSM/src/biogeophys/WaterType.F90,DoInit,SUBROUTINE,296,1,False,2,44,2457.360349875367,23.1328125,56845.65621860126,3158.0920121445142,0.8191201166251223
./models/01_CTSM/src/biogeophys/WaterType.F90,Restart,SUBROUTINE,735,1,False,2,21,1168.4957727308924,14.577777777777778,17034.071709143675,946.3373171746485,0.3894985909102975
./models/01_CTSM/src/biogeophys/WaterType.F90,Summary,SUBROUTINE,1040,1,False,2,17,552.2020567566688,8.322580645161292,4595.746149781308,255.319230543406,0.18406735225222293
./models/01_CTSM/src/biogeophys/WaterType.F90,water_params_constructor,FUNCTION,192,0,False,1,8,145.94737505048093,2.9,423.24738764639466,23.513743758133035,0.04864912501682698
./models/01_CTSM/src/biogeophys/WaterType.F90,Init,SUBROUTINE,215,0,False,1,15,687.4785042611097,10.03125,6896.268745869257,383.12604143718096,0.2291595014203699
./models/01_CTSM/src/biogeophys/WaterType.F90,AllocateBulk,SUBROUTINE,605,0,False,1,18,421.1066863828844,5.407407407407407,2277.095415255597,126.50530084753316,0.14036889546096146
./models/01_CTSM/src/biogeophys/WaterType.F90,AllocateTracer,SUBROUTINE,645,0,False,1,11,292.2975823128256,2.946428571428571,861.233947886004,47.84633043811133,0.09743252743760854
./models/01_CTSM/src/biogeophys/WaterType.F90,InitAccBuffer,SUBROUTINE,669,0,False,1,8,173.9178331268546,3.5555555555555554,618.3745177843718,34.35413987690955,0.05797261104228486
./models/01_CTSM/src/biogeophys/WaterType.F90,InitAccVars,SUBROUTINE,690,0,False,1,8,173.9178331268546,3.5555555555555554,618.3745177843718,34.35413987690955,0.05797261104228486
./models/01_CTSM/src/biogeophys/WaterType.F90,UpdateAccVars,SUBROUTINE,711,0,False,1,8,173.9178331268546,3.5555555555555554,618.3745177843718,34.35413987690955,0.05797261104228486
./models/01_CTSM/src/biogeophys/WaterType.F90,GetBulkOrTracerName,FUNCTION,786,0,False,1,9,247.75703075150616,5.3478260869565215,1324.9615122797939,73.60897290443299,0.08258567691716873
./models/01_CTSM/src/biogeophys/WaterType.F90,IsIsotope,FUNCTION,812,0,False,1,9,211.51978731634912,5.4,1142.2068515082854,63.455936194904744,0.07050659577211638
./models/01_CTSM/src/biogeophys/WaterType.F90,GetIsotopeInfo,SUBROUTINE,837,0,False,1,15,372.60285345449455,9.642857142857142,3592.9560868826256,199.6086714934792,0.12420095115149818
./models/01_CTSM/src/biogeophys/WaterType.F90,GetBulkTracerIndex,FUNCTION,876,0,False,1,6,108.41805003750011,2.0999999999999996,227.6779050787502,12.64877250437501,0.036139350012500036
./models/01_CTSM/src/biogeophys/WaterType.F90,DoConsistencyCheck,FUNCTION,897,0,False,1,6,114.6940428629768,2.0625,236.55646340488966,13.142025744716092,0.03823134762099227
./models/01_CTSM/src/cpl/lilac/lnd_comp_esmf.F90,lnd_init,SUBROUTINE,105,2,False,51,232,9655.369733160933,38.81565656565656,374779.5155768098,20821.08419871166,3.218456577720311
./models/01_CTSM/src/cpl/lilac/lnd_comp_esmf.F90,lnd_run,SUBROUTINE,527,0,False,25,154,4592.944965821712,29.379310344827587,134937.5555475896,7496.530863754979,1.530981655273904
./models/01_CTSM/src/cpl/lilac/lnd_comp_esmf.F90,lnd_register,SUBROUTINE,75,0,False,4,15,506.6526501413466,5.564516129032258,2819.276843528461,156.62649130713672,0.1688842167137822
./models/01_CTSM/src/cpl/lilac/lnd_comp_esmf.F90,fldbundle_add,SUBROUTINE,504,0,False,3,11,325.5976218400217,6.222222222222221,2025.9407581156904,112.55226433976058,0.10853254061334057
./models/01_CTSM/src/cpl/lilac/lnd_comp_esmf.F90,log_clock_advance,SUBROUTINE,839,0,False,3,15,418.68471190675166,8.076923076923077,3381.6842115545323,187.8713450863629,0.1395615706355839
./models/01_CTSM/src/cpl/lilac/lnd_comp_esmf.F90,memcheck,SUBROUTINE,868,0,False,2,10,218.26124091941205,9.5625,2087.1231162918775,115.95128423843764,0.07275374697313734
./models/01_CTSM/src/cpl/lilac/lnd_comp_esmf.F90,lnd_final,SUBROUTINE,818,0,False,1,8,118.53642239625984,1.8,213.3655603132677,11.853642239625984,0.03951214079875328
./models/01_CTSM/src/cpl/lilac/lnd_import_export.F90,import_fields,SUBROUTINE,50,2,False,36,98,4584.819269124209,28.85625,132300.69103466545,7350.038390814747,1.5282730897080699
./models/01_CTSM/src/cpl/lilac/lnd_import_export.F90,export_fields,SUBROUTINE,310,1,False,30,68,3486.906616759155,25.650793650793652,89441.9221060761,4968.995672559784,1.162302205586385
./models/01_CTSM/src/cpl/lilac/lnd_import_export.F90,state_getimport,SUBROUTINE,501,3,False,14,55,1954.7278261690142,31.547169811320753,61666.130667067766,3425.8961481704314,0.6515759420563381
./models/01_CTSM/src/cpl/lilac/lnd_import_export.F90,state_setexport,SUBROUTINE,580,3,False,14,62,1968.3642097238455,29.473684210526315,58014.94512870281,3223.052507150156,0.6561214032412819
./models/01_CTSM/src/cpl/lilac/lnd_import_export.F90,state_getfldptr,SUBROUTINE,666,0,False,10,41,1370.9361570434564,18.77777777777778,25743.13450448268,1430.1741391379267,0.4569787190144855
./models/01_CTSM/src/cpl/lilac/lnd_import_export.F90,check_atm_landfrac,SUBROUTINE,261,1,False,4,19,519.4015125670675,11.885714285714286,6173.457977940002,342.96988766333345,0.1731338375223558
./models/01_CTSM/src/cpl/lilac/lnd_shr_methods.F90,field_getfldptr,SUBROUTINE,92,0,False,21,82,2526.731691982624,27.890625,70472.12609670286,3915.1181164834925,0.8422438973275413
./models/01_CTSM/src/cpl/lilac/lnd_shr_methods.F90,state_diagnose,SUBROUTINE,27,1,False,11,43,1478.2629185403168,18.919642857142858,27968.20646774046,1553.7892482078032,0.49275430618010563
./models/01_CTSM/src/cpl/lilac/lnd_shr_methods.F90,chkerr,FUNCTION,203,0,False,2,11,235.22522171496468,5.277777777777778,1241.4664479400913,68.97035821889396,0.07840840723832156
./models/01_CTSM/src/cpl/nuopc/lnd_comp_nuopc.F90,InitializeRealize,SUBROUTINE,343,1,False,61,242,10292.41747861247,41.82692307692307,430500.1541535023,23916.67523075013,3.4308058262041565
./models/01_CTSM/src/cpl/nuopc/lnd_comp_nuopc.F90,ModelAdvance,SUBROUTINE,709,0,False,28,150,5004.598895221221,31.14864864864865,155886.49261466102,8660.3607008145,1.668199631740407
./models/01_CTSM/src/cpl/nuopc/lnd_comp_nuopc.F90,InitializeAdvertise,SUBROUTINE,186,0,False,24,107,3311.6729568662463,33.4375,110734.0644952151,6151.892471956395,1.103890985622082
./models/01_CTSM/src/cpl/nuopc/lnd_comp_nuopc.F90,ModelSetRunClock,SUBROUTINE,977,0,False,21,68,2737.394865086228,25.5,69803.56905969881,3877.9760588721565,0.9124649550287427
./models/01_CTSM/src/cpl/nuopc/lnd_comp_nuopc.F90,clm_orbital_init,SUBROUTINE,1132,0,False,16,74,2372.4823030266666,34.52222222222222,81903.36128337614,4550.186737965341,0.7908274343422222
./models/01_CTSM/src/cpl/nuopc/lnd_comp_nuopc.F90,SetServices,SUBROUTINE,115,0,False,10,26,1071.1211250033182,10.844444444444445,11615.713533369319,645.3174185205177,0.3570403750011061
./models/01_CTSM/src/cpl/nuopc/lnd_comp_nuopc.F90,CheckImport,SUBROUTINE,1286,1,False,10,39,1251.1895827071999,13.6,17016.178324817916,945.343240267662,0.4170631942357333
./models/01_CTSM/src/cpl/nuopc/lnd_comp_nuopc.F90,clm_orbital_update,SUBROUTINE,1231,0,False,6,40,1225.8566033889933,17.375,21299.258483883757,1183.2921379935422,0.4086188677963311
./models/01_CTSM/src/cpl/nuopc/lnd_comp_nuopc.F90,InitializeP0,SUBROUTINE,167,0,False,2,9,202.11890788006696,5.1,1030.8064301883414,57.2670238993523,0.06737296929335565
./models/01_CTSM/src/cpl/nuopc/lnd_comp_nuopc.F90,ModelFinalize,SUBROUTINE,1104,0,False,2,15,318.9478887145537,7.636363636363637,2435.6020592747736,135.3112255152652,0.10631596290485124
./models/01_CTSM/src/cpl/nuopc/lnd_import_export.F90,import_fields,SUBROUTINE,463,9,False,65,202,9180.754000369385,38.602941176470594,354404.10663190647,19689.117035105915,3.0602513334564616
./models/01_CTSM/src/cpl/nuopc/lnd_import_export.F90,export_fields,SUBROUTINE,730,1,False,55,132,6794.384208141617,21.875912408759124,148633.35380876224,8257.408544931235,2.2647947360472056
./models/01_CTSM/src/cpl/nuopc/lnd_import_export.F90,advertise_fields,SUBROUTINE,159,2,False,33,179,6870.142883528587,37.05,254538.79383473413,14141.044101929674,2.2900476278428625
./models/01_CTSM/src/cpl/nuopc/lnd_import_export.F90,fldlist_realize,SUBROUTINE,980,1,False,11,67,2951.960249717245,32.56849315068493,96140.89717401027,5341.160954111681,0.9839867499057483
./models/01_CTSM/src/cpl/nuopc/lnd_import_export.F90,state_setexport_2d,SUBROUTINE,1202,3,False,8,42,1156.2946201014634,15.50943396226415,17933.47505138496,996.3041695213867,0.38543154003382113
./models/01_CTSM/src/cpl/nuopc/lnd_import_export.F90,state_setexport_1d,SUBROUTINE,1150,2,False,7,38,925.5609972301563,11.770833333333332,10894.624238229964,605.2569021238869,0.3085203324100521
./models/01_CTSM/src/cpl/nuopc/lnd_import_export.F90,ReadCapNamelist,SUBROUTINE,1319,0,False,7,34,1008.0,17.29591836734694,17434.285714285714,968.5714285714286,0.336
./models/01_CTSM/src/cpl/nuopc/lnd_import_export.F90,state_getfldptr,SUBROUTINE,1258,0,False,6,25,786.6606811034707,9.454545454545455,7437.51916679645,413.19550926646946,0.2622202270344902
./models/01_CTSM/src/cpl/nuopc/lnd_import_export.F90,SetScalarField,SUBROUTINE,1047,0,False,4,19,907.5880547154393,7.4,6716.151604894251,373.1195336052362,0.3025293515718131
./models/01_CTSM/src/cpl/nuopc/lnd_import_export.F90,state_getimport_2d,SUBROUTINE,1115,2,False,4,22,706.8545250494954,9.941860465116278,7027.449057178122,390.41383650989565,0.23561817501649845
./models/01_CTSM/src/cpl/nuopc/lnd_import_export.F90,realize_fields,SUBROUTINE,424,0,False,3,14,612.0217309120467,8.909090909090908,5452.557239034597,302.91984661303314,0.2040072436373489
./models/01_CTSM/src/cpl/nuopc/lnd_import_export.F90,fldlist_add,SUBROUTINE,948,0,False,3,19,524.7927513443585,12.857142857142858,6747.335374427467,374.8519652459704,0.17493091711478617
./models/01_CTSM/src/cpl/nuopc/lnd_import_export.F90,state_getimport_1d,SUBROUTINE,1084,1,False,3,18,521.7260441513191,6.907894736842105,3604.028594466349,200.22381080368606,0.17390868138377305
./models/01_CTSM/src/cpl/nuopc/lnd_import_export.F90,fldchk,FUNCTION,1298,0,False,2,11,202.11890788006696,6.888888888888889,1392.3746987293503,77.35414992940835,0.06737296929335565
./models/01_CTSM/src/cpl/share_esmf/ch4FInundatedStreamType.F90,Init,SUBROUTINE,59,6,False,20,92,3501.0638773211513,18.805084745762713,65837.80291335283,3657.6557174084905,1.1670212924403838
./models/01_CTSM/src/cpl/share_esmf/ch4FInundatedStreamType.F90,CalcFinundated,SUBROUTINE,252,1,False,7,45,1679.4522208456974,25.45714285714286,42754.055107814755,2375.2252837674864,0.5598174069485659
./models/01_CTSM/src/cpl/share_esmf/ch4FInundatedStreamType.F90,ReadNML,SUBROUTINE,321,0,False,5,44,1268.761584507608,19.555555555555557,24811.337652593225,1378.4076473662903,0.42292052816920267
./models/01_CTSM/src/cpl/share_esmf/ch4FInundatedStreamType.F90,InitAllocate,SUBROUTINE,218,0,False,3,26,585.4120904376099,9.43939393939394,5525.935338524711,306.9964076958173,0.1951373634792033
./models/01_CTSM/src/cpl/share_esmf/ch4FInundatedStreamType.F90,UseStreams,FUNCTION,198,0,False,2,9,114.6940428629768,4.153846153846153,476.421408815442,26.467856045302334,0.03823134762099227
./models/01_CTSM/src/cpl/share_esmf/cropcalStreamMod.F90,cropcal_interp,SUBROUTINE,490,16,False,49,234,9449.961151900967,76.72950819672131,725090.8716634832,40282.82620352684,3.149987050633656
./models/01_CTSM/src/cpl/share_esmf/cropcalStreamMod.F90,cropcal_init,SUBROUTINE,68,2,False,18,157,6977.740178692119,48.0,334931.52857722173,18607.307143178987,2.325913392897373
./models/01_CTSM/src/cpl/share_esmf/cropcalStreamMod.F90,cropcal_advance,SUBROUTINE,412,1,False,13,57,2004.0,16.363636363636363,32792.72727272727,1821.8181818181818,0.668
./models/01_CTSM/src/cpl/share_esmf/ExcessIceStreamType.F90,Init,SUBROUTINE,64,2,False,9,58,2293.2391670663656,11.740384615384615,26923.509836423385,1495.750546467966,0.7644130556887885
./models/01_CTSM/src/cpl/share_esmf/ExcessIceStreamType.F90,ReadNML,SUBROUTINE,247,0,False,8,57,1567.1609503663474,21.571428571428573,33805.90050075978,1878.1055833755433,0.5223869834554491
./models/01_CTSM/src/cpl/share_esmf/ExcessIceStreamType.F90,CalcExcessIce,SUBROUTINE,188,1,False,4,30,919.2642873222475,11.862745098039216,10904.997918234505,605.8332176796947,0.3064214291074158
./models/01_CTSM/src/cpl/share_esmf/ExcessIceStreamType.F90,UseExcessIceStreams,FUNCTION,226,0,False,3,11,165.0586500259616,5.699999999999999,940.834305147981,52.26857250822117,0.05501955000865387
./models/01_CTSM/src/cpl/share_esmf/ExcessIceStreamType.F90,InitAllocate,SUBROUTINE,162,0,False,1,14,269.2118756352258,2.88,775.3302018294503,43.07390010163613,0.08973729187840859
./models/01_CTSM/src/cpl/share_esmf/FireDataBaseType.F90,surfdataread,SUBROUTINE,514,3,False,8,54,1674.4445736028808,14.393939393939394,24101.85371095056,1338.9918728305865,0.5581481912009603
./models/01_CTSM/src/cpl/share_esmf/FireDataBaseType.F90,hdm_init,SUBROUTINE,179,0,False,6,66,2294.414486099378,16.57894736842105,38038.97700638442,2113.27650035469,0.7648048286997926
./models/01_CTSM/src/cpl/share_esmf/FireDataBaseType.F90,lnfm_init,SUBROUTINE,346,0,False,6,66,2294.414486099378,16.57894736842105,38038.97700638442,2113.27650035469,0.7648048286997926
./models/01_CTSM/src/cpl/share_esmf/FireDataBaseType.F90,hdm_interp,SUBROUTINE,298,1,False,4,30,957.5564822715243,8.0,7660.451858172194,425.58065878734413,0.31918549409050806
./models/01_CTSM/src/cpl/share_esmf/FireDataBaseType.F90,lnfm_interp,SUBROUTINE,466,1,False,4,30,957.5564822715243,8.0,7660.451858172194,425.58065878734413,0.31918549409050806
./models/01_CTSM/src/cpl/share_esmf/FireDataBaseType.F90,BaseFireReadNML,SUBROUTINE,82,0,False,2,12,236.83666567851094,6.157894736842106,1458.415257072936,81.02306983738532,0.07894555522617032
./models/01_CTSM/src/cpl/share_esmf/FireDataBaseType.F90,BaseFireInit,SUBROUTINE,105,0,False,2,14,380.0,6.203703703703703,2357.4074074074074,130.96707818930042,0.12666666666666668
./models/01_CTSM/src/cpl/share_esmf/FireDataBaseType.F90,BaseFireClean,SUBROUTINE,135,0,False,2,15,204.37314206251696,6.153846153846154,1257.6808742308738,69.87115967949299,0.06812438068750565
./models/01_CTSM/src/cpl/share_esmf/FireDataBaseType.F90,FireInterp,SUBROUTINE,161,0,False,2,8,118.53642239625984,3.3846153846153846,401.20019887964867,22.28889993775826,0.03951214079875328
./models/01_CTSM/src/cpl/share_esmf/laiStreamMod.F90,lai_init,SUBROUTINE,41,3,False,10,80,2656.0501397664175,23.75257731958763,63088.03630950336,3504.89090608352,0.8853500465888058
./models/01_CTSM/src/cpl/share_esmf/laiStreamMod.F90,lai_interp,SUBROUTINE,213,3,False,6,36,1166.199438412764,12.447761194029852,14516.57211397381,806.4762285541005,0.388733146137588
./models/01_CTSM/src/cpl/share_esmf/laiStreamMod.F90,lai_advance,SUBROUTINE,173,1,False,4,26,705.3258850500085,8.41304347826087,5933.9373372685495,329.6631854038083,0.23510862835000285
./models/01_CTSM/src/cpl/share_esmf/lnd_set_decomp_and_domain.F90,lnd_set_decomp_and_domain_from_readmesh,SUBROUTINE,50,7,False,29,134,4707.9909021319145,34.370370370370374,161815.39100660803,8989.743944811557,1.569330300710638
./models/01_CTSM/src/cpl/share_esmf/lnd_set_decomp_and_domain.F90,lnd_set_lndmask_from_maskmesh,SUBROUTINE,413,2,False,21,104,3883.3694006047353,27.50877192982456,106826.72316049518,5934.817953360844,1.2944564668682452
./models/01_CTSM/src/cpl/share_esmf/lnd_set_decomp_and_domain.F90,lnd_set_ldomain_gridinfo_from_mesh,SUBROUTINE,709,6,False,15,78,2779.142494720913,23.11111111111111,64229.070989105545,3568.2817216169747,0.9263808315736377
./models/01_CTSM/src/cpl/share_esmf/lnd_set_decomp_and_domain.F90,lnd_get_global_dims,SUBROUTINE,336,0,False,11,59,1184.7004040997513,14.021739130434783,16611.560014007384,922.8644452226324,0.3949001346999171
./models/01_CTSM/src/cpl/share_esmf/lnd_set_decomp_and_domain.F90,lnd_set_lndmask_from_fatmlndfrc,SUBROUTINE,620,4,False,11,68,1980.76434357769,22.016129032258064,43608.76337070236,2422.7090761501313,0.6602547811925633
./models/01_CTSM/src/cpl/share_esmf/lnd_set_decomp_and_domain.F90,lnd_set_read_write_landmask,SUBROUTINE,835,0,False,11,71,2162.1783632886136,23.1875,50135.51079875473,2785.306155486374,0.7207261210962045
./models/01_CTSM/src/cpl/share_esmf/lnd_set_decomp_and_domain.F90,lnd_set_lndmask_from_lndmesh,SUBROUTINE,563,1,False,7,38,1032.3814122388121,9.466666666666667,9773.210702527422,542.9561501404123,0.3441271374129374
./models/01_CTSM/src/cpl/share_esmf/lnd_set_decomp_and_domain.F90,decompInit_ocn,SUBROUTINE,929,2,False,7,36,889.6802016054073,26.25,23354.105292141943,1297.4502940078858,0.29656006720180245
./models/01_CTSM/src/cpl/share_esmf/lnd_set_decomp_and_domain.F90,lnd_set_mesh_for_single_column,SUBROUTINE,257,0,False,3,23,718.0630542874117,10.210526315789474,7331.801712197783,407.3223173443213,0.23935435142913722
./models/01_CTSM/src/cpl/share_esmf/lnd_set_decomp_and_domain.F90,pio_check_err,SUBROUTINE,810,0,False,2,9,158.32466846199546,6.4,1013.277878156771,56.29321545315394,0.05277488948733182
./models/01_CTSM/src/cpl/share_esmf/lnd_set_decomp_and_domain.F90,chkerr,FUNCTION,821,0,False,2,11,235.22522171496468,5.277777777777778,1241.4664479400913,68.97035821889396,0.07840840723832156
./models/01_CTSM/src/cpl/share_esmf/lnd_set_decomp_and_domain.F90,lnd_set_decomp_and_domain_for_single_column,SUBROUTINE,298,0,False,1,21,699.8381675320658,4.391304347826087,3073.2023878582017,170.73346599212232,0.23327938917735525
./models/01_CTSM/src/cpl/share_esmf/ndepStreamMod.F90,ndep_init,SUBROUTINE,41,0,False,7,77,2680.330332229169,21.855670103092784,58580.4155085138,3254.4675282507665,0.8934434440763896
./models/01_CTSM/src/cpl/share_esmf/ndepStreamMod.F90,ndep_interp,SUBROUTINE,214,2,False,6,42,1291.5663000508216,11.484375,14832.831727146155,824.0462070636753,0.4305221000169405
./models/01_CTSM/src/cpl/share_esmf/ndepStreamMod.F90,check_units,SUBROUTINE,171,0,False,4,26,686.9503875887021,11.18421052631579,7682.997755926274,426.83320866257077,0.2289834625295674
./models/01_CTSM/src/cpl/share_esmf/PrigentRoughnessStreamType.F90,ReadNML,SUBROUTINE,264,0,False,11,64,1813.618595751845,25.955357142857142,47073.11837366619,2615.173242981455,0.6045395319172817
./models/01_CTSM/src/cpl/share_esmf/PrigentRoughnessStreamType.F90,Init,SUBROUTINE,57,2,False,9,60,2378.7121283412407,11.712962962962964,27861.767058811758,1547.8759477117644,0.7929040427804136
./models/01_CTSM/src/cpl/share_esmf/PrigentRoughnessStreamType.F90,UseStreams,FUNCTION,167,0,False,3,14,204.32967235008786,5.055555555555555,1033.000010214333,57.38888945635184,0.06810989078336262
./models/01_CTSM/src/cpl/share_esmf/PrigentRoughnessStreamType.F90,IsStreamInit,FUNCTION,192,0,False,3,13,204.46016259302914,6.0,1226.7609755581748,68.15338753100971,0.06815338753100972
./models/01_CTSM/src/cpl/share_esmf/PrigentRoughnessStreamType.F90,InitAllocate,SUBROUTINE,235,0,False,2,15,277.434993381665,5.4,1498.148964260991,83.2304980144995,0.09247833112722166
./models/01_CTSM/src/cpl/share_esmf/PrigentRoughnessStreamType.F90,Clean,SUBROUTINE,216,0,False,1,7,82.0447025077789,2.25,184.6005806425025,10.255587813472362,0.02734823416925963
./models/01_CTSM/src/cpl/share_esmf/SoilMoistureStreamMod.F90,PrescribedSoilMoistureInterp,SUBROUTINE,232,4,False,13,89,4415.439225395757,48.68316831683169,214957.57100268255,11942.087277926808,1.471813075131919
./models/01_CTSM/src/cpl/share_esmf/SoilMoistureStreamMod.F90,PrescribedSoilMoistureInit,SUBROUTINE,61,0,False,8,68,2243.817269687355,17.877906976744185,40114.75642028265,2228.5975789045915,0.747939089895785
./models/01_CTSM/src/cpl/share_esmf/SoilMoistureStreamMod.F90,PrescribedSoilMoistureAdvance,SUBROUTINE,182,1,False,5,31,829.4526699600196,10.65625,8838.855014261459,491.04750079230325,0.27648422332000655
./models/01_CTSM/src/cpl/share_esmf/UrbanTimeVarType.F90,urbantv_interp,SUBROUTINE,226,6,False,18,86,2950.9820026958,28.686868686868685,84654.43320864718,4703.024067147066,0.9836606675652667
./models/01_CTSM/src/cpl/share_esmf/UrbanTimeVarType.F90,urbantv_init,SUBROUTINE,102,1,False,8,75,2507.6831226479426,18.16176470588235,45543.95083044425,2530.219490580236,0.8358943742159809
./models/01_CTSM/src/cpl/share_esmf/UrbanTimeVarType.F90,Init,SUBROUTINE,47,0,False,3,28,822.948912809376,8.869565217391305,7299.199052744031,405.51105848577953,0.274316304269792
./models/01_CTSM/src/cpl/share_esmf/ZenderSoilErodStreamType.F90,ReadNML,SUBROUTINE,282,2,False,10,63,1876.5956008538487,27.887096774193548,52332.803127037165,2907.3779515020647,0.6255318669512829
./models/01_CTSM/src/cpl/share_esmf/ZenderSoilErodStreamType.F90,Init,SUBROUTINE,62,2,False,9,61,2306.9301471682543,11.740384615384615,27084.24720858114,1504.68040047673,0.7689767157227514
./models/01_CTSM/src/cpl/share_esmf/ZenderSoilErodStreamType.F90,CalcDustSource,SUBROUTINE,228,1,False,4,23,647.5122879147619,10.625,6879.818059094346,382.2121143941303,0.21583742930492064
./models/01_CTSM/src/cpl/share_esmf/ZenderSoilErodStreamType.F90,UseStreams,FUNCTION,174,0,False,3,13,220.81007680238335,6.0,1324.8604608143,73.60335893412778,0.07360335893412778
./models/01_CTSM/src/cpl/share_esmf/ZenderSoilErodStreamType.F90,InitAllocate,SUBROUTINE,199,0,False,2,15,277.434993381665,5.4,1498.148964260991,83.2304980144995,0.09247833112722166
./models/01_CTSM/src/cpl/utils/lnd_import_export_utils.F90,check_for_errors,SUBROUTINE,97,1,False,5,21,591.9650485125719,14.535714285714285,8604.63481230774,478.03526735043005,0.19732168283752397
./models/01_CTSM/src/cpl/utils/lnd_import_export_utils.F90,check_for_nans,SUBROUTINE,146,1,False,4,18,542.8366656785109,13.086206896551724,7103.672918103272,394.6484954501818,0.1809455552261703
./models/01_CTSM/src/cpl/utils/lnd_import_export_utils.F90,derive_quantities,SUBROUTINE,24,1,False,2,37,1654.2819751467596,15.75,26054.941108561463,1447.4967282534146,0.5514273250489199
./models/01_CTSM/src/dyn_subgrid/dynColumnStateUpdaterMod.F90,update_column_state,SUBROUTINE,775,3,False,14,81,3227.914691420213,51.7910447761194,167177.07431683788,9287.615239824327,1.0759715638067375
./models/01_CTSM/src/dyn_subgrid/dynColumnStateUpdaterMod.F90,update_column_state_fill_special_using_natveg,SUBROUTINE,356,1,False,6,43,1553.7708957613413,17.454545454545453,27120.364726016138,1506.6869292231188,0.5179236319204471
./models/01_CTSM/src/dyn_subgrid/dynColumnStateUpdaterMod.F90,update_column_state_fill_using_fixed_values,SUBROUTINE,467,1,False,5,44,1685.030710744283,18.975,31973.45773637277,1776.3032075762649,0.5616769035814276
./models/01_CTSM/src/dyn_subgrid/dynColumnStateUpdaterMod.F90,update_column_state_with_optional_fractions,SUBROUTINE,680,0,False,5,34,1594.1038380992807,31.0,49417.2189810777,2745.4010545043166,0.5313679460330936
./models/01_CTSM/src/dyn_subgrid/dynColumnStateUpdaterMod.F90,set_new_weights,SUBROUTINE,237,1,False,3,15,409.33834604859965,8.0,3274.706768388797,181.9281537993776,0.13644611534953321
./models/01_CTSM/src/dyn_subgrid/dynColumnStateUpdaterMod.F90,update_column_state_no_special_handling,SUBROUTINE,271,0,False,3,30,1405.1903292513025,20.166666666666664,28338.004973234598,1574.3336096241444,0.4683967764171008
./models/01_CTSM/src/dyn_subgrid/dynColumnStateUpdaterMod.F90,update_column_state_fill_special_using_fixed_value,SUBROUTINE,596,1,False,3,22,807.3024051604622,12.54054054054054,10124.008540390661,562.4449189105923,0.26910080172015405
./models/01_CTSM/src/dyn_subgrid/dynColumnStateUpdaterMod.F90,set_old_weights,SUBROUTINE,210,1,False,2,10,279.69276394968557,4.699999999999999,1314.555990563522,73.03088836464012,0.09323092131656185
./models/01_CTSM/src/dyn_subgrid/dynColumnStateUpdaterMod.F90,constructor,FUNCTION,171,0,False,1,18,494.93931282452473,7.0588235294117645,3493.689266996645,194.09384816648029,0.16497977094150826
./models/01_CTSM/src/dyn_subgrid/dynColumnTemplateMod.F90,template_col_from_landunit,FUNCTION,58,1,False,5,29,693.7631656229591,15.374999999999998,10666.608671452996,592.5893706362775,0.23125438854098637
./models/01_CTSM/src/dyn_subgrid/dynColumnTemplateMod.F90,template_col_from_natveg_array,SUBROUTINE,124,1,False,2,13,401.9095644587768,8.037037037037036,3230.162055094613,179.4534475052563,0.13396985481959225
./models/01_CTSM/src/dyn_subgrid/dynConsBiogeophysMod.F90,dyn_hwcontent_final,SUBROUTINE,480,3,False,6,41,1661.9487185759936,16.590909090909093,27573.24010364717,1531.8466724248428,0.5539829061919979
./models/01_CTSM/src/dyn_subgrid/dynConsBiogeophysMod.F90,dyn_water_content_set_baselines,SUBROUTINE,162,1,False,4,37,1613.5797246617674,17.224137931034484,27792.519740294927,1544.0288744608292,0.5378599082205892
./models/01_CTSM/src/dyn_subgrid/dynConsBiogeophysMod.F90,dyn_heat_content_set_baselines,SUBROUTINE,252,1,False,4,38,1527.9531731538352,16.24576271186441,24822.764685897477,1379.0424825498599,0.5093177243846118
./models/01_CTSM/src/dyn_subgrid/dynConsBiogeophysMod.F90,dyn_water_content_final,SUBROUTINE,571,2,False,4,35,1327.066899392574,17.464912280701753,23177.106988514162,1287.6170549174535,0.442355633130858
./models/01_CTSM/src/dyn_subgrid/dynConsBiogeophysMod.F90,set_glacier_baselines,SUBROUTINE,346,1,False,3,23,847.8738186204101,12.391304347826086,10506.262535078995,583.681251948833,0.28262460620680335
./models/01_CTSM/src/dyn_subgrid/dynConsBiogeophysMod.F90,dyn_heat_content,SUBROUTINE,702,1,False,3,35,1893.2009436288554,24.894736842105264,47130.73928086572,2618.3744044925397,0.6310669812096185
./models/01_CTSM/src/dyn_subgrid/dynConsBiogeophysMod.F90,dyn_hwcontent_set_baselines,SUBROUTINE,66,1,False,2,24,863.2331253245202,8.125,7013.769143261727,389.65384129231813,0.2877443751081734
./models/01_CTSM/src/dyn_subgrid/dynConsBiogeophysMod.F90,dyn_hwcontent_init,SUBROUTINE,418,1,False,2,21,816.8292492438953,6.956521739130435,5682.29042952275,315.6828016401528,0.2722764164146318
./models/01_CTSM/src/dyn_subgrid/dynConsBiogeophysMod.F90,dyn_water_content,SUBROUTINE,642,0,False,1,21,1173.9970504413475,10.625,12473.718660939317,692.9843700521843,0.3913323501471158
./models/01_CTSM/src/dyn_subgrid/dyncropFileMod.F90,dyncrop_interp,SUBROUTINE,112,2,False,6,54,1763.1844011012845,12.678571428571427,22354.65937110557,1241.925520616976,0.5877281337004282
./models/01_CTSM/src/dyn_subgrid/dyncropFileMod.F90,dyncrop_init,SUBROUTINE,48,0,False,2,23,945.5117466454674,11.50925925925926,10882.139824817741,604.5633236009857,0.3151705822151558
./models/01_CTSM/src/dyn_subgrid/dynEDMod.F90,dyn_ED,SUBROUTINE,21,1,False,4,14,299.32032633211963,7.636363636363637,2285.7188556270953,126.98438086817197,0.09977344211070655
./models/01_CTSM/src/dyn_subgrid/dynFATESLandUseChangeMod.F90,dynFatesLandUseInit,SUBROUTINE,103,3,False,13,60,2174.4289713861117,23.666666666666668,51461.48565613798,2858.971425340999,0.7248096571287039
./models/01_CTSM/src/dyn_subgrid/dynFATESLandUseChangeMod.F90,dynFatesLandUseInterp,SUBROUTINE,209,3,False,7,38,1240.1549252899047,18.224137931034484,22600.754414334988,1255.597467463055,0.4133849750966349
./models/01_CTSM/src/dyn_subgrid/dynFileMod.F90,constructor,FUNCTION,39,0,False,2,22,595.604660907007,7.348837209302325,4377.001694107307,243.16676078373928,0.19853488696900232
./models/01_CTSM/src/dyn_subgrid/dynGrossUnrepMod.F90,CNGrossUnrep,SUBROUTINE,149,1,False,6,128,12840.153840750005,32.705357142857146,419941.8171309578,23330.100951719876,4.280051280250001
./models/01_CTSM/src/dyn_subgrid/dynGrossUnrepMod.F90,CNGrossUnrepPftToColumn,SUBROUTINE,502,4,False,5,32,2480.4217415567223,10.682926829268293,26498.16397077669,1472.1202205987051,0.8268072471855741
./models/01_CTSM/src/dyn_subgrid/dynGrossUnrepMod.F90,dynGrossUnrep_init,SUBROUTINE,60,0,False,2,17,664.2425818070433,8.91,5918.401403900756,328.80007799448646,0.2214141939356811
./models/01_CTSM/src/dyn_subgrid/dynGrossUnrepMod.F90,dynGrossUnrep_interp,SUBROUTINE,105,0,False,2,14,349.403623592787,6.764705882352942,2363.6127478335598,131.31181932408666,0.11646787453092901
./models/01_CTSM/src/dyn_subgrid/dynHarvestMod.F90,dynHarvest_init,SUBROUTINE,67,1,False,8,35,1223.2623130289032,17.24137931034483,21090.729534981092,1171.7071963878384,0.40775410434296777
./models/01_CTSM/src/dyn_subgrid/dynHarvestMod.F90,CNHarvest,SUBROUTINE,236,1,False,8,134,12416.455895191866,34.123636363636365,423694.6258926563,23538.59032736979,4.138818631730622
./models/01_CTSM/src/dyn_subgrid/dynHarvestMod.F90,CNHarvestPftToColumn,SUBROUTINE,591,5,False,6,38,5819.894155276811,13.301470588235293,77413.150933057,4300.730607392055,1.9399647184256037
./models/01_CTSM/src/dyn_subgrid/dynHarvestMod.F90,dynHarvest_interp,SUBROUTINE,132,1,False,3,21,581.2436377185103,9.848837209302326,5724.573966832305,318.03188704623915,0.19374787923950343
./models/01_CTSM/src/dyn_subgrid/dynHarvestMod.F90,dynHarvest_interp_resolve_harvesttypes,SUBROUTINE,184,1,False,3,22,598.2487561161208,8.095238095238095,4842.966120940026,269.053673385557,0.19941625203870694
./models/01_CTSM/src/dyn_subgrid/dynInitColumnsMod.F90,initial_template_col_dispatcher,FUNCTION,87,0,False,8,35,1118.8743700693663,13.645833333333332,15267.973174904891,848.2207319391606,0.3729581233564554
./models/01_CTSM/src/dyn_subgrid/dynInitColumnsMod.F90,initialize_new_columns,SUBROUTINE,47,1,False,4,22,629.639212958836,16.041666666666668,10100.462374547995,561.1367985859997,0.20987973765294532
./models/01_CTSM/src/dyn_subgrid/dynInitColumnsMod.F90,initial_template_col_soil,FUNCTION,142,0,False,2,10,259.4606049037673,6.12,1587.898902011056,88.21660566728089,0.08648686830125578
./models/01_CTSM/src/dyn_subgrid/dynInitColumnsMod.F90,initial_template_col_crop,FUNCTION,174,0,False,2,13,406.3373625190581,8.689655172413794,3530.931563958712,196.1628646643729,0.1354457875063527
./models/01_CTSM/src/dyn_subgrid/dynInitColumnsMod.F90,copy_state,SUBROUTINE,209,1,False,2,17,493.4838956012829,7.068965517241379,3488.4206413194133,193.8011467399674,0.1644946318670943
./models/01_CTSM/src/dyn_subgrid/dynlakeFileMod.F90,dynlake_init,SUBROUTINE,40,0,False,2,14,478.8369363238517,7.780487804878049,3725.584943592895,206.97694131071637,0.15961231210795057
./models/01_CTSM/src/dyn_subgrid/dynlakeFileMod.F90,dynlake_interp,SUBROUTINE,89,1,False,2,16,396.11732709325315,5.638888888888889,2233.661594442511,124.09231080236174,0.13203910903108437
./models/01_CTSM/src/dyn_subgrid/dynLandunitAreaMod.F90,update_landunit_weights_one_gcell,SUBROUTINE,84,1,False,6,36,1150.5630434872,26.162790697674417,30101.940091234883,1672.3300050686046,0.38352101449573334
./models/01_CTSM/src/dyn_subgrid/dynLandunitAreaMod.F90,update_landunit_weights,SUBROUTINE,38,3,False,4,17,358.15198247445016,4.553571428571429,1630.8706344818713,90.60392413788173,0.11938399415815006
./models/01_CTSM/src/dyn_subgrid/dynPatchStateUpdaterMod.F90,update_patch_state,SUBROUTINE,202,1,False,13,49,1761.4289892561774,32.44565217391305,57150.71231445315,3175.039573025175,0.5871429964187258
./models/01_CTSM/src/dyn_subgrid/dynPatchStateUpdaterMod.F90,set_new_weights,SUBROUTINE,167,1,False,3,17,517.9694174485004,12.931034482758621,6697.880398040954,372.1044665578308,0.17265647248283347
./models/01_CTSM/src/dyn_subgrid/dynPatchStateUpdaterMod.F90,set_old_weights,SUBROUTINE,140,1,False,2,12,274.78587335407707,3.4615384615384617,951.1818693025745,52.84343718347636,0.0915952911180257
./models/01_CTSM/src/dyn_subgrid/dynPatchStateUpdaterMod.F90,update_patch_state_partition_flux_by_type,SUBROUTINE,309,1,False,2,25,1064.6541879002416,15.1,16076.278237293647,893.126568738536,0.3548847293000805
./models/01_CTSM/src/dyn_subgrid/dynPatchStateUpdaterMod.F90,old_weight_was_zero,FUNCTION,374,1,False,2,10,237.74437510817341,4.545454545454545,1080.6562504916972,60.036458360649846,0.0792481250360578
./models/01_CTSM/src/dyn_subgrid/dynPatchStateUpdaterMod.F90,patch_grew,FUNCTION,400,1,False,2,10,237.74437510817341,4.545454545454545,1080.6562504916972,60.036458360649846,0.0792481250360578
./models/01_CTSM/src/dyn_subgrid/dynPatchStateUpdaterMod.F90,patch_initiating,FUNCTION,426,1,False,2,10,279.69276394968557,6.8478260869565215,1915.2874053076293,106.40485585042386,0.09323092131656185
./models/01_CTSM/src/dyn_subgrid/dynPatchStateUpdaterMod.F90,constructor,FUNCTION,95,0,False,1,24,548.0120501528851,7.258064516129032,3977.5068156257785,220.9726008680988,0.18267068338429504
./models/01_CTSM/src/dyn_subgrid/dynpftFileMod.F90,dynpft_check_consistency,SUBROUTINE,100,1,False,5,42,1260.6981594984597,14.232758620689655,17943.212597689286,996.8451443160715,0.4202327198328199
./models/01_CTSM/src/dyn_subgrid/dynpftFileMod.F90,dynpft_read_consistency_nl,SUBROUTINE,172,0,False,5,34,813.0296890880645,15.548780487804878,12641.620165698565,702.3122314276981,0.2710098963626882
./models/01_CTSM/src/dyn_subgrid/dynpftFileMod.F90,dynpft_interp,SUBROUTINE,230,1,False,3,21,598.1575569719332,6.75,4037.5635095605494,224.30908386447496,0.19938585232397774
./models/01_CTSM/src/dyn_subgrid/dynpftFileMod.F90,dynpft_init,SUBROUTINE,47,0,False,2,18,579.9401185176296,8.425531914893616,4886.303977297474,271.4613320720819,0.19331337283920985
./models/01_CTSM/src/dyn_subgrid/dynPriorWeightsMod.F90,set_prior_weights,SUBROUTINE,72,2,False,3,11,247.25415011250035,2.5625,633.5887596632822,35.19937553684901,0.08241805003750012
./models/01_CTSM/src/dyn_subgrid/dynPriorWeightsMod.F90,constructor,FUNCTION,47,0,False,1,7,201.90890672641936,4.7727272727272725,963.6561457397287,53.53645254109604,0.06730296890880645
./models/01_CTSM/src/dyn_subgrid/dynSubgridControlMod.F90,check_namelist_consistency,SUBROUTINE,219,0,False,21,79,1943.8499438861122,24.900000000000002,48401.8636027642,2688.992422375789,0.6479499812953707
./models/01_CTSM/src/dyn_subgrid/dynSubgridControlMod.F90,read_namelist,SUBROUTINE,107,0,False,5,67,1765.2335088801503,27.0,47661.30473976406,2647.8502633202256,0.5884111696267168
./models/01_CTSM/src/dyn_subgrid/dynSubgridControlMod.F90,dynSubgridControl_init,SUBROUTINE,81,0,False,2,10,174.22857502740393,4.166666666666666,725.9523959475163,40.330688663750905,0.05807619167580131
./models/01_CTSM/src/dyn_subgrid/dynSubgridControlMod.F90,get_flanduse_timeseries,FUNCTION,346,0,False,1,5,100.0,3.0,300.0,16.666666666666668,0.03333333333333333
./models/01_CTSM/src/dyn_subgrid/dynSubgridControlMod.F90,get_do_transient_pfts,FUNCTION,360,0,False,1,4,51.89147427955946,2.25,116.75581712900879,6.486434284944933,0.017297158093186486
./models/01_CTSM/src/dyn_subgrid/dynSubgridControlMod.F90,get_do_transient_crops,FUNCTION,372,0,False,1,4,51.89147427955946,2.25,116.75581712900879,6.486434284944933,0.017297158093186486
./models/01_CTSM/src/dyn_subgrid/dynSubgridControlMod.F90,get_do_transient_lakes,FUNCTION,384,0,False,1,4,51.89147427955946,2.25,116.75581712900879,6.486434284944933,0.017297158093186486
./models/01_CTSM/src/dyn_subgrid/dynSubgridControlMod.F90,get_do_transient_urban,FUNCTION,396,0,False,1,4,51.89147427955946,2.25,116.75581712900879,6.486434284944933,0.017297158093186486
./models/01_CTSM/src/dyn_subgrid/dynSubgridControlMod.F90,get_vars_1dwt_w_time,FUNCTION,408,0,False,1,4,51.89147427955946,2.25,116.75581712900879,6.486434284944933,0.017297158093186486
./models/01_CTSM/src/dyn_subgrid/dynSubgridControlMod.F90,run_has_transient_landcover,FUNCTION,420,0,False,1,3,49.82892142331043,2.142857142857143,106.77626019280807,5.932014455156004,0.01660964047443681
./models/01_CTSM/src/dyn_subgrid/dynSubgridControlMod.F90,get_do_harvest,FUNCTION,433,0,False,1,4,51.89147427955946,2.25,116.75581712900879,6.486434284944933,0.017297158093186486
./models/01_CTSM/src/dyn_subgrid/dynSubgridControlMod.F90,get_do_grossunrep,FUNCTION,445,0,False,1,4,57.3594000115385,2.1666666666666665,124.27870002500006,6.904372223611115,0.019119800003846166
./models/01_CTSM/src/dyn_subgrid/dynSubgridControlMod.F90,get_reset_dynbal_baselines,FUNCTION,457,0,False,1,4,51.89147427955946,2.25,116.75581712900879,6.486434284944933,0.017297158093186486
./models/01_CTSM/src/dyn_subgrid/dynSubgridControlMod.F90,get_for_testing_allow_non_annual_changes,FUNCTION,469,0,False,1,4,51.89147427955946,2.25,116.75581712900879,6.486434284944933,0.017297158093186486
./models/01_CTSM/src/dyn_subgrid/dynSubgridControlMod.F90,get_for_testing_zero_dynbal_fluxes,FUNCTION,484,0,False,1,4,51.89147427955946,2.25,116.75581712900879,6.486434284944933,0.017297158093186486
./models/01_CTSM/src/dyn_subgrid/dynSubgridDriverMod.F90,dynSubgrid_init,SUBROUTINE,75,1,False,12,50,1163.6870170694433,8.968253968253968,10436.240708638657,579.7911504799254,0.3878956723564811
./models/01_CTSM/src/dyn_subgrid/dynSubgridDriverMod.F90,dynSubgrid_driver,SUBROUTINE,188,2,False,12,79,2767.7701315339764,15.47787610619469,42839.20318630907,2379.955732572726,0.9225900438446588
./models/01_CTSM/src/dyn_subgrid/dynSubgridDriverMod.F90,dynSubgrid_wrapup_weight_changes,SUBROUTINE,368,0,False,1,9,195.04195997053841,5.052631578947368,985.4751661669309,54.74862034260727,0.06501398665684614
./models/01_CTSM/src/dyn_subgrid/dynTimeInfoMod.F90,set_info_from_year,SUBROUTINE,302,1,False,7,35,805.4843985599523,24.640625,19847.639008266324,1102.6466115703513,0.2684947995199841
./models/01_CTSM/src/dyn_subgrid/dynTimeInfoMod.F90,set_current_year,SUBROUTINE,110,0,False,4,19,396.40516641466866,6.234375,2471.33845936645,137.29658107591388,0.1321350554715562
./models/01_CTSM/src/dyn_subgrid/dynTimeInfoMod.F90,get_yearfrac,FUNCTION,175,0,False,4,14,302.627697999753,5.25,1588.7954144987034,88.26641191659463,0.10087589933325102
./models/01_CTSM/src/dyn_subgrid/dynTimeInfoMod.F90,year_in_current_interval,FUNCTION,277,0,False,4,13,358.2030134794219,12.25,4387.986915122918,243.7770508401621,0.11940100449314063
./models/01_CTSM/src/dyn_subgrid/dynTimeInfoMod.F90,is_before_time_series,FUNCTION,240,0,False,2,8,118.94197037642039,4.384615384615384,521.5147931889201,28.973044066051116,0.039647323458806796
./models/01_CTSM/src/dyn_subgrid/dynTimeInfoMod.F90,is_after_time_series,FUNCTION,255,0,False,2,8,123.18989788986397,4.615384615384616,568.5687594916799,31.587153305093327,0.04106329929662132
./models/01_CTSM/src/dyn_subgrid/dynTimeInfoMod.F90,constructor,FUNCTION,74,0,False,1,11,206.43891887060175,3.3333333333333335,688.1297295686726,38.22942942048181,0.06881297295686725
./models/01_CTSM/src/dyn_subgrid/dynTimeInfoMod.F90,get_time_index_lower,FUNCTION,153,0,False,1,4,60.94436251225965,1.5,91.41654376838947,5.078696876021637,0.02031478750408655
./models/01_CTSM/src/dyn_subgrid/dynTimeInfoMod.F90,get_time_index_upper,FUNCTION,164,0,False,1,4,60.94436251225965,1.5,91.41654376838947,5.078696876021637,0.02031478750408655
./models/01_CTSM/src/dyn_subgrid/dynTimeInfoMod.F90,get_year,FUNCTION,210,0,False,1,7,187.9834625295674,6.38235294117647,1199.7768049681213,66.6542669426734,0.06266115417652246
./models/01_CTSM/src/dyn_subgrid/dynTimeInfoMod.F90,is_within_bounds,FUNCTION,227,0,False,1,4,85.95159310338741,3.090909090909091,265.66856050137926,14.759364472298849,0.02865053103446247
./models/01_CTSM/src/dyn_subgrid/dynurbanFileMod.F90,dynurban_init,SUBROUTINE,42,0,False,2,18,577.4561114023094,8.48913043478261,4902.100250056562,272.3389027809201,0.19248537046743647
./models/01_CTSM/src/dyn_subgrid/dynurbanFileMod.F90,dynurban_interp,SUBROUTINE,96,1,False,2,19,581.3171875467966,6.9186046511627906,4021.9037975621395,223.4390998645633,0.19377239584893222
./models/01_CTSM/src/dyn_subgrid/test/dynVar_test/test_dynVarShared.F90,create_dyn_file,FUNCTION,16,0,False,1,10,664.3364485726424,4.578947368421053,3041.9616329378896,168.99786849654942,0.22144548285754748
./models/01_CTSM/src/init_interp/initInterp.F90,initInterp,SUBROUTINE,175,1,False,48,307,11939.965181217358,42.01005025125628,501598.5372611915,27866.585403399527,3.979988393739119
./models/01_CTSM/src/init_interp/initInterp.F90,set_subgrid_info,SUBROUTINE,908,1,False,14,106,4907.498201364737,52.37288135593221,257019.82105452608,14278.878947473671,1.6358327337882457
./models/01_CTSM/src/init_interp/initInterp.F90,check_interp_non_ciso_to_ciso,SUBROUTINE,1412,0,False,11,54,1022.0443487086853,10.657894736842104,10892.841084921514,605.1578380511952,0.34068144956956176
./models/01_CTSM/src/init_interp/initInterp.F90,findMinDist,SUBROUTINE,838,0,False,8,38,1656.1639887042163,16.875,27947.76730938365,1552.6537394102027,0.5520546629014055
./models/01_CTSM/src/init_interp/initInterp.F90,skip_var,FUNCTION,803,0,False,6,19,320.5101589987714,8.369565217391305,2682.5306785766734,149.02948214314853,0.10683671966625713
./models/01_CTSM/src/init_interp/initInterp.F90,interp_2d_double,SUBROUTINE,1176,2,False,6,53,1915.973531654653,19.670886075949365,37688.89706571304,2093.827614761836,0.6386578438848843
./models/01_CTSM/src/init_interp/initInterp.F90,initInterp_readnl,SUBROUTINE,88,0,False,5,59,1276.7419763620323,21.06122448979592,26889.749379706478,1493.8749655392487,0.42558065878734413
./models/01_CTSM/src/init_interp/initInterp.F90,interp_0d_copy,SUBROUTINE,1056,0,False,5,24,771.1013914573628,12.681818181818183,9778.967646209283,543.2759803449602,0.2570337971524542
./models/01_CTSM/src/init_interp/initInterp.F90,translate_options,SUBROUTINE,150,0,False,4,12,153.73110979725664,5.0,768.6555489862832,42.70308605479351,0.05124370326575221
./models/01_CTSM/src/init_interp/initInterp.F90,check_dim_level,SUBROUTINE,1311,0,False,4,26,562.6209634879266,12.053571428571427,6781.5919706134,376.75510947852223,0.1875403211626422
./models/01_CTSM/src/init_interp/initInterp.F90,read_var_double,SUBROUTINE,992,0,False,3,19,500.0,9.799999999999999,4899.999999999999,272.2222222222222,0.16666666666666666
./models/01_CTSM/src/init_interp/initInterp.F90,read_var_int,SUBROUTINE,1022,0,False,3,19,475.9683877740263,10.347826086956522,4925.238099574707,273.6243388652615,0.1586561292580088
./models/01_CTSM/src/init_interp/initInterp.F90,limit_snlsno,SUBROUTINE,1350,1,False,3,29,994.1666753421513,12.142857142857142,12072.02391486898,670.6679952704989,0.3313888917807171
./models/01_CTSM/src/init_interp/initInterp.F90,check_nl_consistency,SUBROUTINE,165,0,False,2,5,68.53238859703687,4.5,308.3957486866659,17.133097149259218,0.022844129532345624
./models/01_CTSM/src/init_interp/initInterp.F90,interp_1d_double,SUBROUTINE,1092,0,False,2,21,949.4436251225966,11.012195121951219,10455.45845714274,580.8588031745967,0.31648120837419885
./models/01_CTSM/src/init_interp/initInterp.F90,interp_1d_int,SUBROUTINE,1133,0,False,2,21,900.6639077980667,11.51315789473684,10369.485780569845,576.0825433649914,0.3002213025993556
./models/01_CTSM/src/init_interp/initInterp.F90,copy_and_add_metadata,SUBROUTINE,780,0,False,1,10,220.0782000346155,3.8,836.2971601315388,46.46095334064105,0.0733594000115385
./models/01_CTSM/src/init_interp/initInterp.F90,check_dim_subgrid,SUBROUTINE,1287,0,False,1,13,284.98440323159184,4.199999999999999,1196.9344935726856,66.4963607540381,0.09499480107719728
./models/01_CTSM/src/init_interp/initInterp1dData.F90,interp_1d_data_double,SUBROUTINE,31,1,False,5,28,738.7474869206902,19.200000000000003,14183.951748877254,787.9973193820697,0.24624916230689675
./models/01_CTSM/src/init_interp/initInterp1dData.F90,interp_1d_data_int,SUBROUTINE,80,1,False,4,24,619.9249505098451,18.19230769230769,11277.865445813719,626.5480803229843,0.20664165016994837
./models/01_CTSM/src/init_interp/initInterpBounds.F90,get_beg,FUNCTION,131,0,False,6,18,345.0,6.3,2173.5,120.75,0.115
./models/01_CTSM/src/init_interp/initInterpBounds.F90,get_end,FUNCTION,165,0,False,6,18,345.0,6.3,2173.5,120.75,0.115
./models/01_CTSM/src/init_interp/initInterpBounds.F90,constructor,FUNCTION,56,0,False,1,16,353.042112555529,4.642857142857143,1639.1240940078133,91.06244966710074,0.11768070418517633
./models/01_CTSM/src/init_interp/initInterpBounds.F90,get_begp,FUNCTION,90,0,False,1,4,55.35090589819676,1.5555555555555556,86.10140917497273,4.783411620831818,0.018450301966065584
./models/01_CTSM/src/init_interp/initInterpBounds.F90,get_endp,FUNCTION,95,0,False,1,4,55.35090589819676,1.5555555555555556,86.10140917497273,4.783411620831818,0.018450301966065584
./models/01_CTSM/src/init_interp/initInterpBounds.F90,get_begc,FUNCTION,100,0,False,1,4,55.35090589819676,1.5555555555555556,86.10140917497273,4.783411620831818,0.018450301966065584
./models/01_CTSM/src/init_interp/initInterpBounds.F90,get_endc,FUNCTION,105,0,False,1,4,55.35090589819676,1.5555555555555556,86.10140917497273,4.783411620831818,0.018450301966065584
./models/01_CTSM/src/init_interp/initInterpBounds.F90,get_begl,FUNCTION,110,0,False,1,4,55.35090589819676,1.5555555555555556,86.10140917497273,4.783411620831818,0.018450301966065584
./models/01_CTSM/src/init_interp/initInterpBounds.F90,get_endl,FUNCTION,115,0,False,1,4,55.35090589819676,1.5555555555555556,86.10140917497273,4.783411620831818,0.018450301966065584
./models/01_CTSM/src/init_interp/initInterpBounds.F90,get_begg,FUNCTION,120,0,False,1,4,55.35090589819676,1.5555555555555556,86.10140917497273,4.783411620831818,0.018450301966065584
./models/01_CTSM/src/init_interp/initInterpBounds.F90,get_endg,FUNCTION,125,0,False,1,4,55.35090589819676,1.5555555555555556,86.10140917497273,4.783411620831818,0.018450301966065584
./models/01_CTSM/src/init_interp/initInterpMindist.F90,set_mindist,SUBROUTINE,158,4,False,28,136,4826.777513028607,49.38607594936709,238375.600849128,13243.088936062668,1.6089258376762023
./models/01_CTSM/src/init_interp/initInterpMindist.F90,is_sametype,FUNCTION,714,0,False,15,45,1676.7158092029483,34.546875,57925.2914710581,3218.0717483921167,0.5589052697343161
./models/01_CTSM/src/init_interp/initInterpMindist.F90,set_single_match,SUBROUTINE,390,2,False,9,69,2010.967308078031,25.17543859649123,50626.98398406973,2812.6102213372073,0.6703224360260104
./models/01_CTSM/src/init_interp/initInterpMindist.F90,destroy_subgrid_type,SUBROUTINE,113,0,False,8,25,389.0263282209031,7.5,2917.697461656773,162.0943034253763,0.12967544274030104
./models/01_CTSM/src/init_interp/initInterpMindist.F90,is_baresoil,FUNCTION,811,0,False,8,24,635.5533106067319,13.703703703703704,8709.434256462622,483.8574586923679,0.2118511035355773
./models/01_CTSM/src/init_interp/initInterpMindist.F90,set_ice_adjustable_type,SUBROUTINE,587,0,False,5,18,449.7834751254812,10.5,4722.726488817552,262.37369382319736,0.14992782504182706
./models/01_CTSM/src/init_interp/initInterpMindist.F90,print_point,SUBROUTINE,80,0,False,4,17,389.9007751774044,8.0,3119.206201419235,173.28923341217973,0.1299669250591348
./models/01_CTSM/src/init_interp/initInterpMindist.F90,set_glc_must_be_same_type,SUBROUTINE,512,1,False,4,24,593.0158090191251,16.09259259259259,9543.161815511476,530.1756564173043,0.19767193633970837
./models/01_CTSM/src/init_interp/initInterpMindist.F90,do_fill_missing_with_natveg,FUNCTION,637,0,False,4,17,375.0,10.369565217391305,3888.5869565217395,216.0326086956522,0.125
./models/01_CTSM/src/init_interp/initInterpMindist.F90,is_urban_HD,FUNCTION,847,0,False,4,16,358.15198247445016,9.782608695652174,3503.660698119621,194.64781656220117,0.11938399415815006
./models/01_CTSM/src/init_interp/initInterpMindist.F90,do_fill_missing_urban_with_HD,FUNCTION,678,0,False,3,15,271.02858762331766,7.174999999999999,1944.630116197304,108.03500645540578,0.09034286254110589
./models/01_CTSM/src/init_interp/initInterpMindist.F90,is_vegetated_landunit,FUNCTION,872,0,False,2,11,211.51978731634912,6.888888888888889,1457.1363126237386,80.95201736798548,0.07050659577211638
./models/01_CTSM/src/init_interp/initInterpMindist.F90,is_urban_landunit,FUNCTION,898,0,False,2,11,237.74437510817341,7.157894736842105,1701.7492113006097,94.54162285003387,0.0792481250360578
./models/01_CTSM/src/init_interp/initInterpMultilevelContainer.F90,find_interpolator,FUNCTION,164,0,False,14,48,933.3175378087608,14.294117647058822,13340.950687501698,741.1639270834277,0.3111058459362536
./models/01_CTSM/src/init_interp/initInterpMultilevelContainer.F90,get_levmaxurbgrnd_metadata,SUBROUTINE,361,7,False,12,129,5401.0916501951115,33.262135922330096,179651.84459775194,9980.658033208441,1.8003638833983704
./models/01_CTSM/src/init_interp/initInterpMultilevelContainer.F90,interp_levgrnd_check_source_file,SUBROUTINE,654,0,False,4,30,549.9157904529432,13.095238095238095,7201.27820831235,400.07101157290833,0.1833052634843144
./models/01_CTSM/src/init_interp/initInterpMultilevelContainer.F90,init,SUBROUTINE,78,0,False,1,27,1145.7883833463595,6.708333333333333,7686.330404948495,427.01835583047193,0.3819294611154532
./models/01_CTSM/src/init_interp/initInterpMultilevelContainer.F90,error_not_found,SUBROUTINE,220,0,False,1,9,224.0081885617168,6.8,1523.255682219674,84.62531567887078,0.07466939618723893
./models/01_CTSM/src/init_interp/initInterpMultilevelContainer.F90,create_levgrnd_col_interpolators,SUBROUTINE,239,0,False,1,21,1065.419500687957,7.560975609756097,8055.610858860162,447.53393660334234,0.35513983356265233
./models/01_CTSM/src/init_interp/initInterpMultilevelContainer.F90,create_levgrnd_pft_interpolator,SUBROUTINE,305,0,False,1,19,900.8062170751541,6.7,6035.401654403533,335.3000919113074,0.30026873902505136
./models/01_CTSM/src/init_interp/initInterpMultilevelContainer.F90,create_snow_interpolators,SUBROUTINE,708,0,False,1,24,845.9684628180298,6.122448979591837,5179.398751947122,287.7443751081735,0.28198948760600995
./models/01_CTSM/src/init_interp/initInterpMultilevelContainer.F90,destroy_interp_multilevel_container_type,SUBROUTINE,775,0,False,1,11,159.91133951083242,2.911764705882353,465.624194458012,25.86801080322289,0.05330377983694414
./models/01_CTSM/src/init_interp/initInterpMultilevelCopy.F90,constructor,FUNCTION,47,0,False,1,2,16.253496664211536,0.75,12.190122498158651,0.6772290276754807,0.005417832221403845
./models/01_CTSM/src/init_interp/initInterpMultilevelCopy.F90,check_npts,SUBROUTINE,62,0,False,1,7,133.437600046154,3.5714285714285716,476.56285730769287,26.475714294871825,0.04447920001538466
./models/01_CTSM/src/init_interp/initInterpMultilevelCopy.F90,interp_multilevel,SUBROUTINE,88,0,False,1,11,294.41343573651113,6.125,1803.2822938861307,100.18234966034059,0.09813781191217037
./models/01_CTSM/src/init_interp/initInterpMultilevelCopy.F90,get_description,FUNCTION,120,0,False,1,6,116.75790004038474,2.1999999999999997,256.8673800888464,14.270410004935911,0.03891930001346158
./models/01_CTSM/src/init_interp/initInterpMultilevelInterp.F90,interp_onelevel,SUBROUTINE,497,2,False,15,74,2052.035118796759,50.0,102601.75593983795,5700.097552213219,0.6840117062655863
./models/01_CTSM/src/init_interp/initInterpMultilevelInterp.F90,interp_multilevel,SUBROUTINE,295,2,False,7,44,1480.876559242821,24.230769230769234,35882.77816626836,1993.487675903798,0.493625519747607
./models/01_CTSM/src/init_interp/initInterpMultilevelInterp.F90,constructor_with_levclasses,FUNCTION,186,2,False,3,33,1051.5018974418583,12.916666666666666,13581.899508624003,754.5499727013334,0.3505006324806194
./models/01_CTSM/src/init_interp/initInterpMultilevelInterp.F90,confirm_monotonically_increasing,SUBROUTINE,469,1,False,3,12,322.841223638941,9.75,3147.701930479675,174.87232947109305,0.10761374121298034
./models/01_CTSM/src/init_interp/initInterpMultilevelInterp.F90,is_missing,FUNCTION,628,0,False,3,12,245.34452978042594,5.818181818181818,1427.459082358842,79.303282353269,0.08178150992680865
./models/01_CTSM/src/init_interp/initInterpMultilevelInterp.F90,check_npts,SUBROUTINE,265,0,False,2,12,330.3427076686749,9.9,3270.3928059198815,181.6884892177712,0.1101142358895583
./models/01_CTSM/src/init_interp/initInterpMultilevelInterp.F90,check_coordinate_array,SUBROUTINE,428,0,False,2,15,404.4665352114396,8.129032258064516,3287.9215120413796,182.6623062245211,0.1348221784038132
./models/01_CTSM/src/init_interp/initInterpMultilevelInterp.F90,constructor_no_levclasses,FUNCTION,128,0,False,1,22,766.383321735026,8.529411764705882,6536.798920681104,363.1554955933947,0.25546110724500865
./models/01_CTSM/src/init_interp/initInterpMultilevelInterp.F90,get_description,FUNCTION,386,0,False,1,6,133.97977094150824,3.0,401.9393128245247,22.329961823584703,0.04465992364716941
./models/01_CTSM/src/init_interp/initInterpMultilevelInterp.F90,get_nlev_source,FUNCTION,407,0,False,1,4,60.94436251225965,1.5,91.41654376838947,5.078696876021637,0.02031478750408655
./models/01_CTSM/src/init_interp/initInterpMultilevelInterp.F90,get_nlev_dest,FUNCTION,415,0,False,1,4,60.94436251225965,1.5,91.41654376838947,5.078696876021637,0.02031478750408655
./models/01_CTSM/src/init_interp/initInterpMultilevelSnow.F90,interp_multilevel,SUBROUTINE,125,2,False,5,38,889.2934749251791,19.764705882352942,17576.623974991777,976.4791097217653,0.29643115830839306
./models/01_CTSM/src/init_interp/initInterpMultilevelSnow.F90,check_npts,SUBROUTINE,94,0,False,2,12,346.7937417270812,9.409090909090908,3263.0138426139,181.27854681188333,0.11559791390902707
./models/01_CTSM/src/init_interp/initInterpMultilevelSnow.F90,constructor,FUNCTION,53,0,False,1,8,174.165028051187,3.09375,538.8230555333597,29.934614196297762,0.05805500935039566
./models/01_CTSM/src/init_interp/initInterpMultilevelSnow.F90,get_description,FUNCTION,209,0,False,1,6,133.97977094150824,3.0,401.9393128245247,22.329961823584703,0.04465992364716941
./models/01_CTSM/src/init_interp/initInterpMultilevelSplit.F90,create_interp_multilevel_split_type,FUNCTION,56,0,False,3,22,511.8225751427889,12.884615384615385,6594.637025878242,366.36872365990234,0.1706075250475963
./models/01_CTSM/src/init_interp/initInterpMultilevelSplit.F90,interp_multilevel,SUBROUTINE,162,0,False,3,24,828.534293408552,16.34285714285714,13540.617595134048,752.2565330630027,0.2761780978028507
./models/01_CTSM/src/init_interp/initInterpMultilevelSplit.F90,check_npts,SUBROUTINE,115,0,False,1,8,185.8429080801566,4.375,813.0627228506852,45.17015126948251,0.06194763602671887
./models/01_CTSM/src/init_interp/initInterpMultilevelSplit.F90,get_description,FUNCTION,138,0,False,1,6,173.9178331268546,3.3333333333333335,579.7261104228487,32.20700613460271,0.05797261104228486
./models/01_CTSM/src/init_interp/initInterpUtils.F90,glc_elevclasses_are_same,FUNCTION,28,1,False,8,47,1369.7233503201933,17.862068965517242,24466.092947098627,1359.2273859499237,0.4565744501067311
./models/01_CTSM/src/init_interp/test/initInterpMultilevel_test/multilevel_interp_factory.F90,create_coordinate_arrays,SUBROUTINE,135,4,False,5,27,608.4544338554563,7.3076923076923075,4446.397785866796,247.022099214822,0.20281814461848544
./models/01_CTSM/src/init_interp/test/initInterpMultilevel_test/multilevel_interp_factory.F90,create_multilevel_interp_no_levclasses,FUNCTION,20,0,False,1,17,705.0,7.785714285714286,5488.928571428572,304.9404761904762,0.235
./models/01_CTSM/src/init_interp/test/initInterpMultilevel_test/multilevel_interp_factory.F90,create_multilevel_interp_with_levclasses,FUNCTION,68,0,False,1,22,953.3299659100978,8.606060606060606,8204.415464195992,455.80085912199957,0.31777665530336596
./models/01_CTSM/src/init_interp/test/initInterpMultilevel_test/multilevel_interp_factory.F90,create_class_arrays,SUBROUTINE,179,0,False,1,17,343.790708660333,3.238095238095238,1113.2270566144116,61.84594758968953,0.11459690288677767
./models/01_CTSM/src/main/abortutils.F90,write_point_context,SUBROUTINE,103,0,False,5,62,2000.3504608795324,32.875,65761.52140141463,3653.4178556341462,0.6667834869598441
./models/01_CTSM/src/main/abortutils.F90,endrun_write_point_context,SUBROUTINE,60,0,False,3,19,391.7346387762761,10.080000000000002,3948.6851588648638,219.37139771471465,0.13057821292542537
./models/01_CTSM/src/main/abortutils.F90,endrun_vanilla,SUBROUTINE,30,0,False,2,12,227.5489532989615,8.0,1820.391626391692,101.13286813287178,0.07584965109965383
./models/01_CTSM/src/main/accumulMod.F90,init_accum_field,SUBROUTINE,136,0,False,19,129,3837.560512148517,45.73033707865169,175492.9357802749,9749.607543348604,1.279186837382839
./models/01_CTSM/src/main/accumulMod.F90,update_accum_field_timeavg,SUBROUTINE,569,3,False,8,40,1446.0313755923432,32.743902439024396,47348.71028616393,2630.483904786885,0.48201045853078106
./models/01_CTSM/src/main/accumulMod.F90,accumulRest,SUBROUTINE,801,1,False,6,33,1844.4593119820577,23.43,43215.68167973961,2400.871204429978,0.6148197706606859
./models/01_CTSM/src/main/accumulMod.F90,clean_accum_fields,SUBROUTINE,875,1,False,6,19,330.1173000519232,7.833333333333334,2585.918850406732,143.66215835592956,0.11003910001730774
./models/01_CTSM/src/main/accumulMod.F90,acctype_to_string,FUNCTION,943,0,False,5,15,208.0838499786226,4.027777777777778,838.115506858341,46.561972603241166,0.06936128332620753
./models/01_CTSM/src/main/accumulMod.F90,print_accum_fields,SUBROUTINE,313,1,False,4,28,781.3821246771021,15.606060606060606,12194.29679420326,677.4609330112921,0.26046070822570067
./models/01_CTSM/src/main/accumulMod.F90,update_accum_field_runmean,SUBROUTINE,630,1,False,4,27,887.124155370203,17.36842105263158,15407.94585642984,855.99699202388,0.29570805179006765
./models/01_CTSM/src/main/accumulMod.F90,update_accum_field_runaccum,SUBROUTINE,680,1,False,4,26,829.6468598968845,15.794871794871796,13104.165787089254,728.0092103938474,0.2765489532989615
./models/01_CTSM/src/main/accumulMod.F90,markreset_accum_field,SUBROUTINE,728,0,False,4,27,732.5457418847832,18.967741935483872,13894.738588008146,771.9299215560081,0.2441819139615944
./models/01_CTSM/src/main/accumulMod.F90,find_field,SUBROUTINE,909,1,False,4,18,370.0,10.454545454545453,3868.1818181818176,214.89898989898987,0.12333333333333334
./models/01_CTSM/src/main/accumulMod.F90,extract_accum_field_timeavg,SUBROUTINE,463,1,False,3,22,594.3410071295073,12.069444444444446,7173.365766604748,398.5203203669305,0.1981136690431691
./models/01_CTSM/src/main/accumulMod.F90,extract_accum_field_ml,SUBROUTINE,397,1,False,2,15,452.36388806542584,5.5588235294117645,2514.611024834279,139.70061249079328,0.15078796268847527
./models/01_CTSM/src/main/accumulMod.F90,extract_accum_field_basic,SUBROUTINE,434,1,False,2,16,430.330056102374,8.4,3614.7724712599415,200.82069284777452,0.14344335203412467
./models/01_CTSM/src/main/accumulMod.F90,update_accum_field_ml,SUBROUTINE,533,1,False,2,15,452.36388806542584,5.5588235294117645,2514.611024834279,139.70061249079328,0.15078796268847527
./models/01_CTSM/src/main/accumulMod.F90,extract_accum_field_sl,SUBROUTINE,360,0,False,1,13,382.5744501067311,4.516129032258064,1727.7555811271725,95.9864211737318,0.1275248167022437
./models/01_CTSM/src/main/accumulMod.F90,update_accum_field_sl,SUBROUTINE,498,0,False,1,13,382.5744501067311,4.516129032258064,1727.7555811271725,95.9864211737318,0.1275248167022437
./models/01_CTSM/src/main/accumulMod.F90,get_accum_reset,FUNCTION,775,0,False,1,9,286.62087871252675,3.68,1054.7648336620985,58.598046314561024,0.09554029290417558
./models/01_CTSM/src/main/atm2lndMod.F90,downscale_hillslope_solar,SUBROUTINE,740,8,False,18,72,3161.722259313432,40.114285714285714,126830.23005931596,7046.12389218422,1.053907419771144
./models/01_CTSM/src/main/atm2lndMod.F90,downscale_hillslope_precipitation,SUBROUTINE,855,6,False,17,82,3562.9477532043466,37.397260273972606,133244.48446914885,7402.471359397158,1.1876492510681156
./models/01_CTSM/src/main/atm2lndMod.F90,downscale_longwave,SUBROUTINE,457,5,False,10,57,2589.854096554634,26.384615384615383,68332.30423986458,3796.239124436921,0.8632846988515447
./models/01_CTSM/src/main/atm2lndMod.F90,partition_precip,SUBROUTINE,312,2,False,9,47,1662.6670889553764,17.753731343283583,29518.54481063314,1639.9191561462856,0.5542223629851255
./models/01_CTSM/src/main/atm2lndMod.F90,downscale_forcings,SUBROUTINE,97,2,False,5,73,3587.7224548811287,18.424812030075188,66103.1118472647,3672.395102625817,1.1959074849603761
./models/01_CTSM/src/main/atm2lndMod.F90,check_downscale_consistency,SUBROUTINE,657,1,False,5,29,1519.454929103722,14.399999999999999,21880.150979093592,1215.5639432829773,0.5064849763679073
./models/01_CTSM/src/main/atm2lndMod.F90,set_atm2lnd_water_tracers,SUBROUTINE,60,1,False,3,16,384.6962262708725,10.038461538461538,3861.758271411451,214.54212618952505,0.12823207542362416
./models/01_CTSM/src/main/atm2lndMod.F90,build_normalization,SUBROUTINE,591,0,False,2,16,404.01548851040104,10.421052631578949,4210.266669739969,233.90370387444273,0.134671829503467
./models/01_CTSM/src/main/atm2lndMod.F90,rhos,FUNCTION,286,0,False,1,10,352.53297886058186,8.100000000000001,2855.5171287707135,158.63984048726186,0.1175109929535273
./models/01_CTSM/src/main/atm2lndMod.F90,repartition_rain_snow_one_col,SUBROUTINE,396,0,False,1,15,437.4692979072419,7.608695652173914,3328.570744946406,184.920596941467,0.14582309930241397
./models/01_CTSM/src/main/atm2lndMod.F90,sens_heat_from_precip_conversion,SUBROUTINE,430,0,False,1,9,311.1383647149065,4.666666666666667,1451.9790353362305,80.66550196312392,0.10371278823830217
./models/01_CTSM/src/main/atm2lndType.F90,UpdateAccVars,SUBROUTINE,929,8,False,14,87,2350.044952760588,17.801470588235293,41834.256107598405,2324.1253393110223,0.7833483175868626
./models/01_CTSM/src/main/atm2lndType.F90,atm2lnd_params_constructor,FUNCTION,145,0,False,12,68,1958.9201354374932,40.18604651162791,78721.25567525554,4373.403093069752,0.6529733784791644
./models/01_CTSM/src/main/atm2lndType.F90,ReadNamelist,SUBROUTINE,336,0,False,7,73,2023.2668023170404,23.870689655172413,48296.773927723145,2683.15410709573,0.6744222674390135
./models/01_CTSM/src/main/atm2lndType.F90,InitAccVars,SUBROUTINE,843,0,False,6,53,1405.95168879748,16.11,22649.8817065274,1258.3267614737445,0.46865056293249335
./models/01_CTSM/src/main/atm2lndType.F90,InitHistory,SUBROUTINE,523,0,False,4,110,6775.9437679505245,24.475609756097562,165845.35539361835,9213.63085520102,2.2586479226501748
./models/01_CTSM/src/main/atm2lndType.F90,InitAllocate,SUBROUTINE,448,0,False,3,100,2719.74057414548,10.857142857142858,29528.61194786521,1640.4784415480672,0.9065801913818267
./models/01_CTSM/src/main/atm2lndType.F90,InitAccBuffer,SUBROUTINE,780,0,False,3,25,1524.6947626968756,12.642857142857142,19276.498071239068,1070.9165595132815,0.5082315875656253
./models/01_CTSM/src/main/atm2lndType.F90,Restart,SUBROUTINE,1047,0,False,3,17,846.5938353762655,8.5,7196.047600698256,399.7804222610142,0.28219794512542185
./models/01_CTSM/src/main/atm2lndType.F90,InitForTesting,SUBROUTINE,298,0,False,2,14,310.0,6.44,1996.4,110.91111111111111,0.10333333333333333
./models/01_CTSM/src/main/atm2lndType.F90,Clean,SUBROUTINE,1084,0,False,2,44,795.6076243218918,6.323529411764706,5031.0482126237275,279.50267847909595,0.2652025414406306
./models/01_CTSM/src/main/atm2lndType.F90,compute_ramp_params,SUBROUTINE,270,0,False,1,8,216.09640474436813,6.666666666666666,1440.6426982957873,80.03570546087707,0.07203213491478938
./models/01_CTSM/src/main/atm2lndType.F90,Init,SUBROUTINE,285,0,False,1,8,151.26748332105768,3.625,548.3446270388341,30.46359039104634,0.05042249444035256
./models/01_CTSM/src/main/clm_driver.F90,clm_drv,SUBROUTINE,107,13,False,66,431,25766.596199419393,45.30978260869565,1167478.8723617361,64859.937353429785,8.588865399806464
./models/01_CTSM/src/main/clm_driver.F90,clm_drv_init,SUBROUTINE,1540,5,False,8,48,1765.5728789991683,14.085365853658537,24868.73994200048,1381.5966634444712,0.5885242929997228
./models/01_CTSM/src/main/clm_driver.F90,write_diagnostic,SUBROUTINE,1721,0,False,2,24,547.4540504081483,7.904761904761905,4327.493922273934,240.41632901521857,0.18248468346938276
./models/01_CTSM/src/main/clm_driver.F90,clm_drv_patch2col,SUBROUTINE,1634,0,False,1,25,1475.7211735836795,9.018867924528301,13309.334357981108,739.4074643322838,0.4919070578612265
./models/01_CTSM/src/main/clm_initializeMod.F90,initialize2,SUBROUTINE,128,8,False,64,391,14485.432820842625,36.926253687315636,534892.767113003,29716.264839611275,4.8284776069475415
./models/01_CTSM/src/main/clm_initializeMod.F90,initialize1,SUBROUTINE,51,0,False,4,53,1195.3633580596284,6.818181818181818,8150.20471404292,452.78915078016223,0.3984544526865428
./models/01_CTSM/src/main/clm_instMod.F90,clm_instInit,SUBROUTINE,187,1,False,18,163,6669.76941443186,23.29326923076923,155360.73467751135,8631.151926528408,2.2232564714772867
./models/01_CTSM/src/main/clm_instMod.F90,clm_instRest,SUBROUTINE,515,0,False,7,51,2916.652867311104,18.11111111111111,52823.82415241221,2934.656897356234,0.9722176224370346
./models/01_CTSM/src/main/clm_instMod.F90,clm_instReadNML,SUBROUTINE,172,0,False,2,9,151.6206750336681,5.366666666666667,813.6976226806855,45.20542348226031,0.050540225011222704
./models/01_CTSM/src/main/clm_varcon.F90,clm_varcon_init,SUBROUTINE,274,0,False,2,17,310.0,3.9285714285714284,1217.857142857143,67.65873015873017,0.10333333333333333
./models/01_CTSM/src/main/clm_varcon.F90,clm_varcon_clean,SUBROUTINE,309,0,False,1,11,116.75790004038474,2.4000000000000004,280.2189600969234,15.567720005384635,0.03891930001346158
./models/01_CTSM/src/main/clm_varctl.F90,clm_varctl_set,SUBROUTINE,548,0,False,12,25,819.7054567065668,8.333333333333334,6830.878805888057,379.49326699378094,0.27323515223552225
./models/01_CTSM/src/main/clm_varctl.F90,cnallocate_carbon_only_set,SUBROUTINE,587,0,False,1,4,41.209025018750054,1.5714285714285714,64.75703931517866,3.597613295287703,0.013736341672916685
./models/01_CTSM/src/main/clm_varctl.F90,CNAllocate_Carbon_only,FUNCTION,593,0,False,1,3,23.264662506490403,1.75,40.71315938635821,2.2618421881310113,0.007754887502163467
./models/01_CTSM/src/main/clm_varpar.F90,clm_varpar_init,SUBROUTINE,171,1,False,22,134,3315.181847042053,28.369565217391305,94050.2676171713,5225.014867620627,1.1050606156806844
./models/01_CTSM/src/main/ColumnType.F90,update_itype,SUBROUTINE,214,0,False,2,14,355.0,9.978260869565219,3542.2826086956525,196.7934782608696,0.11833333333333333
./models/01_CTSM/src/main/ColumnType.F90,Init,SUBROUTINE,114,0,False,1,80,2238.777812705465,11.413793103448276,25552.94675881065,1419.6081532672583,0.7462592709018216
./models/01_CTSM/src/main/ColumnType.F90,Clean,SUBROUTINE,167,0,False,1,41,675.49793084855,1.3863636363636365,936.4857677673081,52.02698709818378,0.22516597694951668
./models/01_CTSM/src/main/column_varcon.F90,is_hydrologically_active,FUNCTION,41,0,False,3,14,284.5996545452941,7.090909090909091,2018.0702776848125,112.11501542693402,0.09486655151509803
./models/01_CTSM/src/main/column_varcon.F90,ice_class_to_col_itype,FUNCTION,80,0,False,1,9,223.4671257758683,5.568181818181818,1244.3055867065395,69.12808815036331,0.07448904192528943
./models/01_CTSM/src/main/column_varcon.F90,col_itype_to_ice_class,FUNCTION,105,0,False,1,9,223.4671257758683,5.568181818181818,1244.3055867065395,69.12808815036331,0.07448904192528943
./models/01_CTSM/src/main/column_varcon.F90,write_coltype_metadata,SUBROUTINE,132,0,False,1,18,575.0609296068637,7.5,4312.956972051478,239.60872066952658,0.19168697653562125
./models/01_CTSM/src/main/controlMod.F90,control_init,SUBROUTINE,114,1,False,58,271,11382.018317090176,32.04166666666667,364698.8369100978,20261.046495005434,3.7940061056967256
./models/01_CTSM/src/main/controlMod.F90,control_print,SUBROUTINE,1004,0,False,26,221,5885.281466214846,19.30666666666667,113625.1675077213,6312.509305984517,1.961760488738282
./models/01_CTSM/src/main/controlMod.F90,apply_use_init_interp,SUBROUTINE,1297,0,False,9,59,1316.0026793373868,18.8375,24790.200472018023,1377.233359556557,0.4386675597791289
./models/01_CTSM/src/main/controlMod.F90,control_spmd,SUBROUTINE,704,0,False,7,212,13702.583093043486,28.037383177570092,384184.5727021538,21343.587372341877,4.567527697681162
./models/01_CTSM/src/main/controlMod.F90,control_setNL,SUBROUTINE,82,0,False,4,17,413.6403177873932,10.434782608695652,4316.246794303233,239.79148857240185,0.13788010592913108
./models/01_CTSM/src/main/controlMod.F90,check_missing_initdata_status,SUBROUTINE,1265,0,False,3,18,410.3426413555973,9.8,4021.357885284854,223.40877140471412,0.13678088045186576
./models/01_CTSM/src/main/controlMod.F90,handle_err,SUBROUTINE,1375,0,False,3,9,120.92782504182705,4.25,513.9432564277649,28.55240313487583,0.04030927501394235
./models/01_CTSM/src/main/decompInitMod.F90,decompInit_lnd,SUBROUTINE,43,9,False,34,201,6116.677666593838,62.96511627906977,385137.32051867014,21396.517806592787,2.0388925555312793
./models/01_CTSM/src/main/decompInitMod.F90,decompInit_glcp,SUBROUTINE,572,12,False,25,202,5989.302776563746,33.913043478260875,203115.4854660749,11284.19363700416,1.996434258854582
./models/01_CTSM/src/main/decompInitMod.F90,decompInit_clumps,SUBROUTINE,311,6,False,23,176,7298.234799980913,62.833333333333336,458572.41993213404,25476.245551785225,2.432744933326971
./models/01_CTSM/src/main/decompMod.F90,get_subgrid_level_from_name,FUNCTION,443,0,False,8,23,417.54677529011764,6.709677419354839,2801.6041696885313,155.6446760938073,0.1391822584300392
./models/01_CTSM/src/main/decompMod.F90,get_subgrid_level_gsize,FUNCTION,482,0,False,8,21,295.0,5.32,1569.4,87.1888888888889,0.09833333333333333
./models/01_CTSM/src/main/decompMod.F90,get_subgrid_level_gindex,SUBROUTINE,515,0,False,8,21,279.69276394968557,5.478260869565218,1532.2299242461036,85.12388468033909,0.09323092131656185
./models/01_CTSM/src/main/decompMod.F90,get_beg,FUNCTION,124,0,False,7,20,351.0349360462734,5.142857142857142,1805.3225282379774,100.29569601322096,0.1170116453487578
./models/01_CTSM/src/main/decompMod.F90,get_end,FUNCTION,165,0,False,7,20,351.0349360462734,5.142857142857142,1805.3225282379774,100.29569601322096,0.1170116453487578
./models/01_CTSM/src/main/decompMod.F90,get_proc_global,SUBROUTINE,331,0,False,6,12,280.9253261676786,4.764705882352941,1338.5265540930568,74.36258633850315,0.09364177538922619
./models/01_CTSM/src/main/decompMod.F90,get_proc_bounds,SUBROUTINE,247,0,False,3,27,771.4498465081233,14.46153846153846,11156.351626425167,619.7973125791759,0.2571499488360411
./models/01_CTSM/src/main/decompMod.F90,get_proc_total,SUBROUTINE,297,1,False,3,23,478.3171875467966,15.166666666666666,7254.477344459749,403.0265191366527,0.15943906251559886
./models/01_CTSM/src/main/decompMod.F90,get_global_index_array,FUNCTION,397,1,False,3,23,596.5446912541574,17.28125,10309.037945735909,572.7243303186616,0.19884823041805247
./models/01_CTSM/src/main/decompMod.F90,get_clump_bounds,SUBROUTINE,205,0,False,2,24,949.4436251225966,18.58108108108108,17641.68898031852,980.0938322399177,0.31648120837419885
./models/01_CTSM/src/main/decompMod.F90,get_global_index,FUNCTION,364,0,False,2,16,391.1197641958064,11.777777777777779,4606.521667195054,255.91787039972522,0.13037325473193548
./models/01_CTSM/src/main/decompMod.F90,get_proc_clumps,FUNCTION,353,0,False,1,3,28.07354922057604,1.6,44.91767875292167,2.495426597384537,0.009357849740192013
./models/01_CTSM/src/main/filterColMod.F90,col_filter_from_grcflags_ltypes,FUNCTION,275,3,False,7,32,775.2598016671885,12.878048780487804,9983.833543421353,554.657419078964,0.25841993388906287
./models/01_CTSM/src/main/filterColMod.F90,col_filter_from_logical_array_active_only,FUNCTION,163,1,False,4,17,428.11757972784216,9.827586206896552,4207.362421463276,233.7423567479598,0.14270585990928072
./models/01_CTSM/src/main/filterColMod.F90,col_filter_from_ltypes,FUNCTION,200,1,False,4,19,452.36388806542584,7.875,3562.3656185152286,197.9092010286238,0.15078796268847527
./models/01_CTSM/src/main/filterColMod.F90,col_filter_from_lunflags,FUNCTION,236,1,False,4,20,507.72714053326865,10.0,5077.271405332686,282.07063362959366,0.16924238017775622
./models/01_CTSM/src/main/filterColMod.F90,equals_filter,FUNCTION,400,1,False,4,22,453.9954707422608,13.26086956521739,6020.374720712589,334.4652622618105,0.15133182358075362
./models/01_CTSM/src/main/filterColMod.F90,col_filter_from_logical_array,FUNCTION,130,1,False,3,15,385.4995490565423,10.0,3854.995490565423,214.1664161425235,0.12849984968551412
./models/01_CTSM/src/main/filterColMod.F90,col_filter_from_filter_and_logical_array,FUNCTION,330,1,False,3,18,463.0077442552005,11.0,5093.085186807206,282.94917704484476,0.1543359147517335
./models/01_CTSM/src/main/filterColMod.F90,include_based_on_active,FUNCTION,369,0,False,3,13,222.90509710918678,5.210526315789474,1161.452874411026,64.52515968950144,0.0743016990363956
./models/01_CTSM/src/main/filterColMod.F90,col_filter_empty,FUNCTION,81,0,False,1,7,173.9162695712204,3.5714285714285716,621.12953418293,34.50719634349611,0.057972089857073465
./models/01_CTSM/src/main/filterColMod.F90,col_filter_from_index_array,FUNCTION,101,0,False,1,11,287.34338600243876,5.64,1620.6166970537545,90.03426094743081,0.09578112866747959
./models/01_CTSM/src/main/filterMod.F90,setFiltersOneGroup,SUBROUTINE,302,14,False,47,212,6650.513048556736,38.6875,257291.72356603874,14293.984642557707,2.2168376828522454
./models/01_CTSM/src/main/filterMod.F90,allocFiltersOneGroup,SUBROUTINE,174,1,False,4,52,2597.1576682489663,29.283582089552237,76054.07977767868,4225.226654315482,0.8657192227496554
./models/01_CTSM/src/main/filterMod.F90,setExposedvegpFilter,SUBROUTINE,594,1,False,3,27,686.3634663785509,13.692307692307692,9397.899770414004,522.105542800778,0.22878782212618365
./models/01_CTSM/src/main/filterMod.F90,allocFilters,SUBROUTINE,159,0,False,1,4,30.880904142633646,1.6,49.409446628213836,2.7449692571229907,0.010293634714211216
./models/01_CTSM/src/main/filterMod.F90,setFilters,SUBROUTINE,266,0,False,1,8,225.62110647077242,3.5454545454545454,799.929377487284,44.44052097151578,0.07520703549025748
./models/01_CTSM/src/main/FuncPedotransferMod.F90,pedotransf,SUBROUTINE,31,0,False,5,23,630.901138465115,9.399999999999999,5930.47070157208,329.4705945317822,0.21030037948837166
./models/01_CTSM/src/main/FuncPedotransferMod.F90,get_ipedof,FUNCTION,127,0,False,2,8,106.27403387250882,3.958333333333333,420.6680507453474,23.37044726363041,0.03542467795750294
./models/01_CTSM/src/main/FuncPedotransferMod.F90,init_pedof,SUBROUTINE,21,0,False,1,4,30.0,1.3333333333333333,40.0,2.2222222222222223,0.01
./models/01_CTSM/src/main/FuncPedotransferMod.F90,pedotransf_cosby1984_table4,SUBROUTINE,61,0,False,1,14,615.4160825617313,11.711538461538462,7207.469120771046,400.41495115394696,0.20513869418724376
./models/01_CTSM/src/main/FuncPedotransferMod.F90,pedotransf_cosby1984_table5,SUBROUTINE,83,0,False,1,14,505.0,10.64,5373.200000000001,298.5111111111112,0.16833333333333333
./models/01_CTSM/src/main/FuncPedotransferMod.F90,pedotransf_noilhan_lacarrere1995,SUBROUTINE,106,0,False,1,14,585.1497178455805,11.173076923076923,6537.9228090054285,363.2179338336349,0.19504990594852684
./models/01_CTSM/src/main/glc2lndMod.F90,update_glc2lnd_fracs,SUBROUTINE,556,3,False,10,47,1453.894477441217,17.111111111111114,24877.7499473275,1382.097219295972,0.4846314924804057
./models/01_CTSM/src/main/glc2lndMod.F90,update_glc2lnd_topo,SUBROUTINE,645,1,False,6,30,912.0,13.764705882352942,12553.411764705883,697.4117647058824,0.304
./models/01_CTSM/src/main/glc2lndMod.F90,set_glc2lnd_fields_nuopc,SUBROUTINE,245,2,False,5,34,1145.7028065242691,19.875,22770.84327966985,1265.0468488705474,0.38190093550808973
./models/01_CTSM/src/main/glc2lndMod.F90,check_glc2lnd_icemask,SUBROUTINE,364,1,False,4,23,530.5714375685099,10.333333333333334,5482.571521541268,304.5873067522927,0.17685714585616996
./models/01_CTSM/src/main/glc2lndMod.F90,update_glc2lnd_dyn_runoff_routing,SUBROUTINE,456,1,False,4,18,463.0077442552005,9.29032258064516,4301.491301467669,238.97173897042603,0.1543359147517335
./models/01_CTSM/src/main/glc2lndMod.F90,for_test_set_glc2lnd_fields_directly,SUBROUTINE,299,0,False,3,15,570.8234396371229,10.838709677419354,6186.9895392926865,343.7216410718159,0.19027447987904095
./models/01_CTSM/src/main/glc2lndMod.F90,check_glc2lnd_icemask_coupled_fluxes,SUBROUTINE,421,1,False,3,12,372.0699021717345,9.4,3497.4570804143045,194.30317113412804,0.1240233007239115
./models/01_CTSM/src/main/glc2lndMod.F90,Init,SUBROUTINE,118,0,False,1,8,145.94737505048093,1.9375,282.7730391603068,15.70961328668371,0.04864912501682698
./models/01_CTSM/src/main/glc2lndMod.F90,InitAllocate,SUBROUTINE,131,0,False,1,19,399.3716323206263,3.347826086956522,1337.0267690734013,74.2792649485223,0.13312387744020876
./models/01_CTSM/src/main/glc2lndMod.F90,InitHistory,SUBROUTINE,156,0,False,1,11,297.6192530421487,3.103448275862069,923.6459577170133,51.31366431761185,0.09920641768071624
./models/01_CTSM/src/main/glc2lndMod.F90,InitCold,SUBROUTINE,182,0,False,1,17,423.9338501182696,5.564516129032258,2358.986746625855,131.05481925699195,0.14131128337275653
./models/01_CTSM/src/main/glc2lndMod.F90,Clean,SUBROUTINE,222,0,False,1,10,158.12342722003538,2.6666666666666665,421.662472586761,23.42569292148672,0.05270780907334513
./models/01_CTSM/src/main/glc2lndMod.F90,set_glc2lnd_fields_wrapup,SUBROUTINE,343,0,False,1,8,160.5395382709427,3.2222222222222223,517.2940677619265,28.73855932010703,0.05351317942364757
./models/01_CTSM/src/main/glcBehaviorMod.F90,translate_glacier_region_behavior,SUBROUTINE,392,1,False,8,26,466.7647545419919,14.477272727272727,6757.480650982928,375.41559172127376,0.1555882515139973
./models/01_CTSM/src/main/glcBehaviorMod.F90,translate_glacier_region_melt_behavior,SUBROUTINE,425,1,False,7,24,437.52180434752916,14.238095238095239,6229.477119043392,346.08206216907735,0.14584060144917638
./models/01_CTSM/src/main/glcBehaviorMod.F90,translate_glacier_region_ice_runoff_behavior,SUBROUTINE,456,1,False,7,24,437.52180434752916,14.238095238095239,6229.477119043392,346.08206216907735,0.14584060144917638
./models/01_CTSM/src/main/glcBehaviorMod.F90,glc_col_exists,SUBROUTINE,737,0,False,7,40,1091.2556701115711,16.791666666666668,18324.001460623465,1018.000081145748,0.3637518900371904
./models/01_CTSM/src/main/glcBehaviorMod.F90,InitFromInputs,SUBROUTINE,221,1,False,6,179,4466.394930274816,60.0,267983.69581648894,14887.983100916052,1.4887983100916053
./models/01_CTSM/src/main/glcBehaviorMod.F90,read_namelist,SUBROUTINE,615,0,False,5,41,1070.6410349838552,17.52173913043478,18759.49291732581,1042.194050962545,0.3568803449946184
./models/01_CTSM/src/main/glcBehaviorMod.F90,get_num_glc_subgrid,SUBROUTINE,685,1,False,5,30,771.4498465081233,14.615384615384613,11275.036218195646,626.3909010108692,0.2571499488360411
./models/01_CTSM/src/main/glcBehaviorMod.F90,update_collapsed_columns_classes,SUBROUTINE,980,1,False,4,31,958.442092092328,15.18867924528302,14557.469511968378,808.7483062204655,0.31948069736410933
./models/01_CTSM/src/main/glcBehaviorMod.F90,check_glacier_region_map,SUBROUTINE,363,0,False,3,13,275.9372793194778,12.307692307692308,3396.1511300858806,188.67506278254893,0.0919790931064926
./models/01_CTSM/src/main/glcBehaviorMod.F90,check_behaviors,SUBROUTINE,486,1,False,3,16,277.3259433703244,10.266666666666667,2847.2130186019976,158.17850103344432,0.09244198112344147
./models/01_CTSM/src/main/glcBehaviorMod.F90,read_surface_dataset,SUBROUTINE,569,0,False,3,29,818.4417525836784,11.440000000000001,9362.973649557282,520.1652027531823,0.2728139175278928
./models/01_CTSM/src/main/glcBehaviorMod.F90,ice_cols_need_downscaling,SUBROUTINE,838,1,False,3,21,485.88941405871947,10.0,4858.894140587195,269.93856336595525,0.16196313801957316
./models/01_CTSM/src/main/glcBehaviorMod.F90,cols_have_dynamic_type_array,SUBROUTINE,880,1,False,3,18,390.70900242217124,10.185185185185187,3979.443543188782,221.08019684382123,0.13023633414072375
./models/01_CTSM/src/main/glcBehaviorMod.F90,patches_have_dynamic_type_array,SUBROUTINE,917,1,False,3,18,390.70900242217124,10.185185185185187,3979.443543188782,221.08019684382123,0.13023633414072375
./models/01_CTSM/src/main/glcBehaviorMod.F90,determine_region_presence,SUBROUTINE,381,1,False,2,9,102.79858289555531,2.590909090909091,266.341782956666,14.796765719814779,0.03426619429851844
./models/01_CTSM/src/main/glcBehaviorMod.F90,cols_have_dynamic_type,FUNCTION,811,0,False,2,11,176.41891628622352,4.9411764705882355,871.7169981201633,48.428722117786855,0.05880630542874117
./models/01_CTSM/src/main/glcBehaviorMod.F90,Init,SUBROUTINE,184,0,False,1,15,450.0,5.571428571428571,2507.142857142857,139.28571428571428,0.15
./models/01_CTSM/src/main/glcBehaviorMod.F90,InitSetDirectly,SUBROUTINE,511,0,False,1,13,348.3892322882048,7.0,2438.724626017434,135.48470144541298,0.11612974409606827
./models/01_CTSM/src/main/glcBehaviorMod.F90,InitAllocate,SUBROUTINE,545,0,False,1,16,339.0015018535549,4.363636363636363,1479.279280815512,82.18218226752845,0.11300050061785163
./models/01_CTSM/src/main/glcBehaviorMod.F90,update_glc_classes,SUBROUTINE,954,0,False,1,9,228.23460010384647,3.5652173913043477,813.7059655876266,45.205886977090366,0.07607820003461549
./models/01_CTSM/src/main/glcBehaviorMod.F90,collapse_to_atm_topo_ice_filterc,FUNCTION,1041,0,False,1,8,270.0,2.3275862068965516,628.448275862069,34.91379310344828,0.09
./models/01_CTSM/src/main/glcBehaviorMod.F90,get_collapse_to_atm_topo,FUNCTION,1078,0,False,1,7,138.3016990363956,2.3823529411764706,329.4834594690601,18.304636637170006,0.0461005663454652
./models/01_CTSM/src/main/GridcellType.F90,Init,SUBROUTINE,57,0,False,1,26,568.3837764299259,3.888888888888889,2210.3813527830453,122.79896404350251,0.1894612588099753
./models/01_CTSM/src/main/GridcellType.F90,Clean,SUBROUTINE,83,0,False,1,14,175.1368500605771,1.2058823529411764,211.19443683775472,11.73302426876415,0.05837895002019237
./models/01_CTSM/src/main/histFileMod.F90,hist_addfld2d,SUBROUTINE,5657,15,False,105,275,8324.282926674525,58.14516129032258,484016.77339776873,26889.820744320485,2.774760975558175
./models/01_CTSM/src/main/histFileMod.F90,hist_update_hbuf_field_2d,SUBROUTINE,1767,20,False,93,320,11650.476638856384,99.54400000000001,1159735.04653832,64429.72480768444,3.883492212952128
./models/01_CTSM/src/main/histFileMod.F90,hist_update_hbuf_field_1d,SUBROUTINE,1403,10,False,83,296,10260.095625603431,95.69747899159664,981865.285582957,54548.07142127539,3.420031875201144
./models/01_CTSM/src/main/histFileMod.F90,hist_restart_ncd,SUBROUTINE,4411,26,False,79,575,31454.757927808696,115.33454545454546,3627820.2079865765,201545.56711036537,10.484919309269566
./models/01_CTSM/src/main/histFileMod.F90,htape_timeconst3D,SUBROUTINE,2717,12,False,64,239,11203.94115416636,58.219827586206904,652291.5222815734,36238.41790453185,3.7346470513887864
./models/01_CTSM/src/main/histFileMod.F90,hist_addfld1d,SUBROUTINE,5439,17,False,63,173,5975.678510722849,41.04891304347826,245295.10756244388,13627.505975691327,1.9918928369076163
./models/01_CTSM/src/main/histFileMod.F90,htapes_fieldlist,SUBROUTINE,823,17,False,44,163,5325.37773132039,45.56603773584906,242656.36266299515,13480.909036833064,1.77512591044013
./models/01_CTSM/src/main/histFileMod.F90,htape_timeconst,SUBROUTINE,3086,2,False,38,365,25779.55024196386,95.6140350877193,2464886.8213807554,136938.1567433753,8.593183413987953
./models/01_CTSM/src/main/histFileMod.F90,hist_htapes_wrapup,SUBROUTINE,4169,7,False,26,135,4939.914185837941,35.49090909090909,175322.04528646657,9740.113627025921,1.6466380619459802
./models/01_CTSM/src/main/histFileMod.F90,hfields_write,SUBROUTINE,3632,1,False,24,123,4774.077238321361,40.851063829787236,195026.13399100027,10834.785221722237,1.5913590794404535
./models/01_CTSM/src/main/histFileMod.F90,hfields_1dinfo,SUBROUTINE,3813,17,False,24,197,15691.902547951313,106.54545454545455,1671900.889654449,92883.3827585805,5.230634182650437
./models/01_CTSM/src/main/histFileMod.F90,htape_addfld,SUBROUTINE,1191,0,False,21,110,3803.946397223619,39.28125,149423.76941594027,8301.320523107794,1.267982132407873
./models/01_CTSM/src/main/histFileMod.F90,htape_create,SUBROUTINE,2385,0,False,15,172,5812.837865781756,30.130434782608692,175143.3322168155,9730.185123156416,1.9376126219272518
./models/01_CTSM/src/main/histFileMod.F90,allhistfldlist_addfld,SUBROUTINE,511,1,False,14,95,3230.3444526873673,34.71153846153847,112130.22571347498,6229.456984081943,1.0767814842291223
./models/01_CTSM/src/main/histFileMod.F90,hist_printflds,SUBROUTINE,364,6,False,10,85,2697.557952412637,31.294117647058822,84417.69592256016,4689.871995697787,0.8991859841375457
./models/01_CTSM/src/main/histFileMod.F90,allhistfldlist_make_active,SUBROUTINE,737,1,False,10,37,943.271253811355,20.2,19054.07932698937,1058.5599626105204,0.3144237512704517
./models/01_CTSM/src/main/histFileMod.F90,is_mapping_upto_subgrid,FUNCTION,1156,0,False,10,25,524.0016865042788,9.5,4978.016021790649,276.55644565503604,0.1746672288347596
./models/01_CTSM/src/main/histFileMod.F90,hist_set_snow_field_2d,SUBROUTINE,2210,3,False,9,50,1344.8879827874812,24.21875,32571.50583313431,1809.528101840795,0.4482959942624937
./models/01_CTSM/src/main/histFileMod.F90,hist_addfld_decomp,SUBROUTINE,5997,0,False,9,53,2144.81916045201,31.666666666666664,67919.27341431363,3773.2929674618686,0.71493972015067
./models/01_CTSM/src/main/histFileMod.F90,hist_htapes_build,SUBROUTINE,656,3,False,8,41,978.3308753677896,16.0,15653.294005884634,869.6274447713686,0.3261102917892632
./models/01_CTSM/src/main/histFileMod.F90,hfields_normalize,SUBROUTINE,2303,3,False,8,41,1277.68049668895,25.535714285714285,32626.48411187854,1812.582450659919,0.4258934988963166
./models/01_CTSM/src/main/histFileMod.F90,hist_do_disp,SUBROUTINE,6122,2,False,8,31,565.8316127574527,15.049999999999999,8515.765771999662,473.09809844442566,0.18861053758581758
./models/01_CTSM/src/main/histFileMod.F90,avgflag_valid,FUNCTION,6178,0,False,8,34,827.633738899968,21.161290322580644,17513.797829625128,972.9887683125071,0.275877912966656
./models/01_CTSM/src/main/histFileMod.F90,sort_hist_list,SUBROUTINE,1110,2,False,5,21,702.9571963301984,24.275862068965516,17064.891938498607,948.0495521388116,0.23431906544339945
./models/01_CTSM/src/main/histFileMod.F90,hist_update_hbuf,SUBROUTINE,1363,3,False,5,23,528.5402218862249,10.95,5787.515429654162,321.5286349807868,0.17618007396207497
./models/01_CTSM/src/main/histFileMod.F90,set_hist_filename,FUNCTION,5375,0,False,5,38,1084.917542634642,19.05681818181818,20675.076352253345,1148.6153529029637,0.36163918087821395
./models/01_CTSM/src/main/histFileMod.F90,calc_weight_local_time,FUNCTION,2173,0,False,4,19,503.6588212837836,16.90909090909091,8516.41279625307,473.1340442362816,0.1678862737612612
./models/01_CTSM/src/main/histFileMod.F90,getname,FUNCTION,5282,1,False,4,16,405.21335833865237,16.666666666666668,6753.555972310874,375.19755401727076,0.13507111944621747
./models/01_CTSM/src/main/histFileMod.F90,getflag,FUNCTION,5313,1,False,4,18,412.08449014127746,16.8,6923.019434373462,384.61219079852566,0.13736149671375916
./models/01_CTSM/src/main/histFileMod.F90,list_index,SUBROUTINE,5346,1,False,4,17,341.32219946608984,9.4,3208.4286749812445,178.24603749895803,0.11377406648869662
./models/01_CTSM/src/main/histFileMod.F90,allhistfldlist_change_timeavg,SUBROUTINE,795,1,False,3,14,323.1448300675329,7.269230769230769,2349.014341644758,130.50079675804213,0.10771494335584429
./models/01_CTSM/src/main/histFileMod.F90,max_nFields,FUNCTION,5260,2,False,3,11,184.47733175670794,4.21875,778.2637433486116,43.23687463047842,0.06149244391890265
./models/01_CTSM/src/main/histFileMod.F90,strip_null,SUBROUTINE,6113,1,False,3,7,141.7774500490386,6.0,850.6647002942316,47.2591500163462,0.0472591500163462
./models/01_CTSM/src/main/histFileMod.F90,hfields_zero,SUBROUTINE,2362,1,False,2,10,233.83308753677895,4.1,958.7156589007936,53.26198105004409,0.07794436251225965
./models/01_CTSM/src/main/histFileMod.F90,htape_add_ltype_metadata,SUBROUTINE,2608,1,False,2,12,297.2517786232125,6.416666666666666,1907.3655794989465,105.96475441660814,0.0990839262077375
./models/01_CTSM/src/main/histFileMod.F90,htape_add_natpft_metadata,SUBROUTINE,2657,1,False,2,15,374.43766023698254,8.0,2995.5012818958603,166.41673788310334,0.12481255341232751
./models/01_CTSM/src/main/histFileMod.F90,htape_add_cft_metadata,SUBROUTINE,2687,1,False,2,15,374.43766023698254,8.0,2995.5012818958603,166.41673788310334,0.12481255341232751
./models/01_CTSM/src/main/histFileMod.F90,next_history_pointer_index,FUNCTION,6089,0,False,2,10,216.22022703449022,7.6764705882352935,1659.808213411822,92.21156741176789,0.07207340901149674
./models/01_CTSM/src/main/histFileMod.F90,add_landunit_mask_metadata,SUBROUTINE,6233,0,False,2,13,249.12330506147785,8.222222222222221,2048.347174949929,113.79706527499606,0.08304110168715928
./models/01_CTSM/src/main/histFileMod.F90,copy_allhistfldlist_entry,SUBROUTINE,1072,0,False,1,15,183.47670006346175,4.857142857142857,891.1725431653856,49.50958573141031,0.061158900021153914
./models/01_CTSM/src/main/histFileMod.F90,copy_history_entry,SUBROUTINE,1091,0,False,1,15,183.47670006346175,4.857142857142857,891.1725431653856,49.50958573141031,0.061158900021153914
./models/01_CTSM/src/main/histFileMod.F90,htape_add_ctype_metadata,SUBROUTINE,2635,0,False,1,7,142.62362713128297,3.125,445.6988347852593,24.76104637695885,0.04754120904376099
./models/01_CTSM/src/main/initGridCellsMod.F90,set_landunit_urban,SUBROUTINE,510,1,False,12,65,2108.6896179893038,26.434782608695652,55742.751640760725,3096.8195355978182,0.7028965393297679
./models/01_CTSM/src/main/initGridCellsMod.F90,initGridcells,SUBROUTINE,51,9,False,10,51,2258.1925505278864,16.0,36131.08080844618,2007.282267135899,0.7527308501759621
./models/01_CTSM/src/main/initGridCellsMod.F90,set_landunit_veg_compete,SUBROUTINE,201,2,False,6,48,1398.0,21.029411764705884,29399.117647058825,1633.2843137254904,0.466
./models/01_CTSM/src/main/initGridCellsMod.F90,set_landunit_crop_noncompete,SUBROUTINE,425,1,False,6,50,1417.1776739725353,19.035714285714285,26976.989293834333,1498.7216274352406,0.4723925579908451
./models/01_CTSM/src/main/initGridCellsMod.F90,set_landunit_wet_lake,SUBROUTINE,285,0,False,5,35,1079.084652620477,16.799999999999997,18128.62216402401,1007.1456757791117,0.3596948842068257
./models/01_CTSM/src/main/initGridCellsMod.F90,set_landunit_ice,SUBROUTINE,348,1,False,5,40,1403.7601851156578,13.833333333333334,19418.6825607666,1078.8156978203667,0.46792006170521927
./models/01_CTSM/src/main/initSubgridMod.F90,clm_ptrs_check,SUBROUTINE,150,9,False,54,116,5479.432429290025,70.08196721311475,384009.40385598125,21333.855769776736,1.8264774764300082
./models/01_CTSM/src/main/initSubgridMod.F90,clm_ptrs_compdown,SUBROUTINE,41,3,False,12,61,2271.6656131089667,34.80701754385965,79069.90484926649,4392.772491625916,0.7572218710363222
./models/01_CTSM/src/main/initSubgridMod.F90,add_landunit,SUBROUTINE,329,0,False,4,28,701.4923684192406,14.142857142857144,9921.106353357833,551.1725751865463,0.2338307894730802
./models/01_CTSM/src/main/initSubgridMod.F90,add_column,SUBROUTINE,379,0,False,2,22,606.6998028171594,8.029411764705882,4871.442534384838,270.6356963547132,0.2022332676057198
./models/01_CTSM/src/main/initSubgridMod.F90,add_patch,SUBROUTINE,422,0,False,2,25,677.6598399046718,12.972972972972974,8791.262787952499,488.40348821958327,0.22588661330155727
./models/01_CTSM/src/main/initVerticalMod.F90,initVertical,SUBROUTINE,154,36,False,84,393,17541.74773690276,103.97916666666666,1823976.3115600345,101332.0173088908,5.847249245634253
./models/01_CTSM/src/main/initVerticalMod.F90,setSoilLayerClass,SUBROUTINE,89,3,False,7,27,799.8607946415798,13.513513513513512,10808.929657318644,600.496092073258,0.2666202648805266
./models/01_CTSM/src/main/initVerticalMod.F90,find_soil_layer_containing_depth,SUBROUTINE,674,1,False,5,27,549.6818307616738,12.88888888888889,7084.788040928241,393.5993356071245,0.18322727692055796
./models/01_CTSM/src/main/initVerticalMod.F90,hasBedrock,FUNCTION,722,0,False,5,21,435.98905644032214,11.916666666666666,5195.536255913838,288.64090310632434,0.14532968548010738
./models/01_CTSM/src/main/initVerticalMod.F90,readParams,SUBROUTINE,64,0,False,1,11,247.25415011250035,3.8260869565217392,946.0158786913057,52.55643770507254,0.08241805003750012
./models/01_CTSM/src/main/init_hydrology.F90,init_hydrology,SUBROUTINE,1,0,False,1,16,300.16030763377,3.466666666666667,1040.5557331304028,57.80865184057794,0.10005343587792334
./models/01_CTSM/src/main/LandunitType.F90,Init,SUBROUTINE,76,0,False,1,55,1326.5100860035752,5.5,7295.805473019664,405.3225262788702,0.44217002866785843
./models/01_CTSM/src/main/LandunitType.F90,Clean,SUBROUTINE,124,0,False,1,29,438.86228838418543,1.34375,589.7212000162492,32.76228888979162,0.14628742946139514
./models/01_CTSM/src/main/landunit_varcon.F90,landunit_is_special,FUNCTION,74,0,False,2,11,237.80142289857,10.472222222222223,2490.3093453544693,138.3505191863594,0.07926714096619
./models/01_CTSM/src/main/landunit_varcon.F90,set_landunit_names,SUBROUTINE,102,0,False,2,19,365.0,7.666666666666667,2798.3333333333335,155.46296296296296,0.12166666666666667
./models/01_CTSM/src/main/landunit_varcon.F90,landunit_varcon_init,SUBROUTINE,55,0,False,1,4,48.432042660922164,2.5714285714285716,124.53953827094271,6.9188632372745955,0.01614401422030739
./models/01_CTSM/src/main/lnd2atmMod.F90,lnd2atm,SUBROUTINE,149,10,False,20,122,9539.876560280292,44.73372781065089,426754.2413947871,23708.56896637706,3.179958853426764
./models/01_CTSM/src/main/lnd2atmMod.F90,handle_ice_runoff,SUBROUTINE,488,2,False,9,45,1315.8773845954993,20.163265306122447,26532.384815925576,1474.021378662532,0.43862579486516645
./models/01_CTSM/src/main/lnd2atmMod.F90,lnd2atm_minimal,SUBROUTINE,60,3,False,4,32,1893.7682402978207,14.506172839506172,27471.329411727645,1526.1849673182026,0.6312560800992736
./models/01_CTSM/src/main/lnd2atmType.F90,ReadNamelist,SUBROUTINE,173,0,False,5,38,988.2840322927893,14.695652173913043,14523.478387607078,806.8599104226155,0.3294280107642631
./models/01_CTSM/src/main/lnd2atmType.F90,InitAllocate,SUBROUTINE,118,0,False,4,65,1701.5549921628779,12.107843137254902,20602.160934521118,1144.5644963622844,0.567184997387626
./models/01_CTSM/src/main/lnd2atmType.F90,InitHistory,SUBROUTINE,236,0,False,2,24,894.71118477122,7.986111111111112,7145.262933936827,396.95905188537927,0.2982370615904067
./models/01_CTSM/src/main/lnd2atmType.F90,lnd2atm_params_constructor,FUNCTION,84,0,False,1,6,106.27403387250882,2.25,239.11657621314487,13.284254234063603,0.03542467795750294
./models/01_CTSM/src/main/lnd2atmType.F90,Init,SUBROUTINE,105,0,False,1,8,151.26748332105768,3.625,548.3446270388341,30.46359039104634,0.05042249444035256
./models/01_CTSM/src/main/lnd2glcMod.F90,update_lnd2glc,SUBROUTINE,148,1,False,7,50,1692.371084082972,20.034246575342465,33905.37959549789,1883.6321997498828,0.564123694694324
./models/01_CTSM/src/main/lnd2glcMod.F90,bareland_normalization,FUNCTION,266,0,False,2,17,432.38462934720286,9.482142857142858,4099.932824702942,227.7740458168301,0.14412820978240096
./models/01_CTSM/src/main/lnd2glcMod.F90,Init,SUBROUTINE,70,0,False,1,6,87.56916320732489,1.6666666666666667,145.9486053455415,8.108255852530084,0.029189721069108297
./models/01_CTSM/src/main/lnd2glcMod.F90,InitAllocate,SUBROUTINE,81,0,False,1,15,318.5774626449524,2.44,777.3290088536838,43.184944936315766,0.10619248754831746
./models/01_CTSM/src/main/lnd2glcMod.F90,InitHistory,SUBROUTINE,107,0,False,1,18,691.8506523353572,5.333333333333333,3689.8701457885713,204.99278587714286,0.2306168841117857
./models/01_CTSM/src/main/ncdio_utils.F90,find_var_on_file,SUBROUTINE,20,1,False,3,26,615.0875467889235,14.727272727272727,9058.5620527096,503.25344737275555,0.2050291822629745
./models/01_CTSM/src/main/organicFileMod.F90,organicrd,SUBROUTINE,43,0,False,6,38,1079.3941954364454,13.42,14485.470102757097,804.7483390420609,0.3597980651454818
./models/01_CTSM/src/main/paramUtilMod.F90,checkDimensions,SUBROUTINE,242,1,False,5,33,1047.3895253937512,14.545454545454547,15234.756733000018,846.3753740555566,0.34912984179791706
./models/01_CTSM/src/main/paramUtilMod.F90,readNcdioScalar,SUBROUTINE,34,0,False,2,16,517.662472586761,8.352941176470589,4324.004182783534,240.2224545990852,0.17255415752892037
./models/01_CTSM/src/main/paramUtilMod.F90,readNcdioArray1d,SUBROUTINE,70,0,False,2,16,526.3476812061035,8.228571428571428,4331.089491067366,240.61608283707588,0.17544922706870117
./models/01_CTSM/src/main/paramUtilMod.F90,readNcdioArray2d,SUBROUTINE,106,0,False,2,16,526.3476812061035,8.228571428571428,4331.089491067366,240.61608283707588,0.17544922706870117
./models/01_CTSM/src/main/paramUtilMod.F90,readNcdioScalarCheckDimensions,SUBROUTINE,142,0,False,1,15,429.1037751197119,4.3125,1850.5100302037574,102.80611278909764,0.14303459170657062
./models/01_CTSM/src/main/paramUtilMod.F90,readNcdioArray1dCheckDimensions,SUBROUTINE,176,0,False,1,15,437.59408271283183,4.242424242424242,1856.4597448423167,103.13665249123981,0.14586469423761061
./models/01_CTSM/src/main/paramUtilMod.F90,readNcdioArray2dCheckDimensions,SUBROUTINE,209,0,False,1,15,437.59408271283183,4.242424242424242,1856.4597448423167,103.13665249123981,0.14586469423761061
./models/01_CTSM/src/main/PatchType.F90,Init,SUBROUTINE,141,0,False,2,34,741.5259355456926,8.827586206896552,6545.884120679218,363.6602289266232,0.2471753118485642
./models/01_CTSM/src/main/PatchType.F90,Clean,SUBROUTINE,183,0,False,2,19,256.75790004038475,3.6428571428571423,935.3323501471158,51.962908341506434,0.08558596668012824
./models/01_CTSM/src/main/pftconMod.F90,InitRead,SUBROUTINE,517,10,False,260,608,39970.13405076264,88.36363636363636,3531906.390667389,196217.02170374384,13.323378016920879
./models/01_CTSM/src/main/pftconMod.F90,set_num_cfts_known_to_model,SUBROUTINE,1416,1,False,3,11,197.41846816192586,4.973684210526316,981.8971179632629,54.549839886847934,0.06580615605397529
./models/01_CTSM/src/main/pftconMod.F90,set_is_pft_known_to_model,SUBROUTINE,1382,1,False,2,11,218.26124091941205,3.3333333333333335,727.5374697313736,40.41874831840964,0.07275374697313734
./models/01_CTSM/src/main/pftconMod.F90,Init,SUBROUTINE,323,0,False,1,5,47.548875021634686,1.7142857142857142,81.51235717994517,4.528464287774732,0.01584962500721156
./models/01_CTSM/src/main/pftconMod.F90,InitForTesting,SUBROUTINE,333,0,False,1,4,36.0,1.6666666666666667,60.0,3.3333333333333335,0.012
./models/01_CTSM/src/main/pftconMod.F90,InitAllocate,SUBROUTINE,347,0,False,1,158,5851.052415150102,4.573099415204679,26757.444378054854,1486.524687669714,1.950350805050034
./models/01_CTSM/src/main/pftconMod.F90,Clean,SUBROUTINE,1442,0,False,1,153,3421.261682147409,4.295031055900621,14694.42517518592,816.3569541769955,1.140420560715803
./models/01_CTSM/src/main/readParamsMod.F90,readParameters,SUBROUTINE,27,0,False,6,94,2813.085647429641,17.046728971962615,47953.90860665107,2664.1060337028375,0.9376952158098804
./models/01_CTSM/src/main/restFileMod.F90,restFile_getfile,SUBROUTINE,245,0,False,6,33,877.8677165937281,18.42105263157895,16171.247410937098,898.4026339409498,0.2926225721979094
./models/01_CTSM/src/main/restFileMod.F90,restFile_check_year,SUBROUTINE,970,0,False,6,52,966.19851262476,12.368421052631579,11950.3500245694,663.9083346983,0.32206617087492
./models/01_CTSM/src/main/restFileMod.F90,restFile_write,SUBROUTINE,74,0,False,5,38,999.4183522525071,13.387500000000001,13379.71319078044,743.3173994878022,0.33313945075083573
./models/01_CTSM/src/main/restFileMod.F90,restFile_open,SUBROUTINE,456,0,False,5,21,460.12332512836576,10.384615384615385,4778.203760948414,265.4557644971341,0.15337444170945524
./models/01_CTSM/src/main/restFileMod.F90,restFile_read_consistency_nl,SUBROUTINE,907,0,False,5,37,892.4321721672054,17.142857142857142,15298.837237152093,849.9354020640052,0.2974773907224018
./models/01_CTSM/src/main/restFileMod.F90,restFile_read_pfile,SUBROUTINE,335,0,False,4,32,865.295883386583,11.630434782608695,10063.767339387432,559.098185521524,0.288431961128861
./models/01_CTSM/src/main/restFileMod.F90,restFile_read,SUBROUTINE,156,1,False,3,34,866.9811872788806,10.729166666666668,9301.985655179658,516.7769808433144,0.2889937290929602
./models/01_CTSM/src/main/restFileMod.F90,restFile_dimcheck,SUBROUTINE,783,0,False,3,29,1021.8920730402738,10.852941176470587,11090.534557407676,616.1408087448709,0.3406306910134246
./models/01_CTSM/src/main/restFileMod.F90,restFile_check_consistency,SUBROUTINE,873,0,False,3,15,252.61501174663374,4.826086956521739,1219.142013212015,67.73011184511194,0.08420500391554459
./models/01_CTSM/src/main/restFileMod.F90,restFile_closeRestart,SUBROUTINE,390,0,False,2,9,142.62362713128297,4.5,641.8063220907734,35.65590678282074,0.04754120904376099
./models/01_CTSM/src/main/restFileMod.F90,restFile_write_pfile,SUBROUTINE,420,0,False,2,21,489.61738472963737,8.875,4345.354289475532,241.40857163752955,0.16320579490987913
./models/01_CTSM/src/main/restFileMod.F90,restFile_filename,FUNCTION,493,0,False,2,8,229.24812503605781,6.588235294117647,1510.3405884728513,83.90781047071397,0.07641604167868594
./models/01_CTSM/src/main/restFileMod.F90,restFile_dimset,SUBROUTINE,513,0,False,2,67,2115.0990089254415,12.025641025641026,25435.421415026463,1413.0789675014703,0.7050330029751471
./models/01_CTSM/src/main/restFileMod.F90,restFile_write_issues_fixed,SUBROUTINE,608,0,False,2,10,259.5971657911106,5.181818181818182,1345.185313644846,74.73251742471366,0.08653238859703688
./models/01_CTSM/src/main/restFileMod.F90,restFile_read_issues_fixed,SUBROUTINE,642,0,False,2,12,245.34452978042594,6.181818181818182,1516.6752750062694,84.25973750034831,0.08178150992680865
./models/01_CTSM/src/main/restFileMod.F90,restFile_add_flag_metadata,SUBROUTINE,676,0,False,2,11,215.49323753389433,7.0,1508.4526627372602,83.80292570762556,0.07183107917796477
./models/01_CTSM/src/main/restFileMod.F90,restFile_add_ilun_metadata,SUBROUTINE,703,1,False,2,12,297.2517786232125,6.416666666666666,1907.3655794989465,105.96475441660814,0.0990839262077375
./models/01_CTSM/src/main/restFileMod.F90,restFile_add_ipft_metadata,SUBROUTINE,752,1,False,2,15,386.64717593502576,7.518518518518519,2907.013952400379,161.50077513335438,0.12888239197834192
./models/01_CTSM/src/main/restFileMod.F90,restFile_set_derived,SUBROUTINE,307,0,False,1,7,176.46653521143952,3.142857142857143,554.6091106645242,30.811617259140235,0.05882217840381317
./models/01_CTSM/src/main/restFileMod.F90,restFile_add_icol_metadata,SUBROUTINE,730,0,False,1,7,142.62362713128297,3.125,445.6988347852593,24.76104637695885,0.04754120904376099
./models/01_CTSM/src/main/restFileMod.F90,restFile_enddef,SUBROUTINE,843,0,False,1,4,46.50699332842307,1.5,69.7604899926346,3.875582777368589,0.015502331109474358
./models/01_CTSM/src/main/restFileMod.F90,restFile_close,SUBROUTINE,856,0,False,1,5,78.13781191217038,2.0,156.27562382434076,8.681979101352264,0.026045937304056792
./models/01_CTSM/src/main/reweightMod.F90,reweight_wrapup,SUBROUTINE,31,0,False,1,13,301.19482169790945,4.24,1277.0660439991361,70.94811355550756,0.10039827389930314
./models/01_CTSM/src/main/subgridAveMod.F90,set_c2l_scale,SUBROUTINE,103,3,False,17,49,1645.897825618752,27.585365853658537,45402.693677434356,2522.3718709685754,0.548632608539584
./models/01_CTSM/src/main/subgridAveMod.F90,p2c_2d,SUBROUTINE,228,4,False,12,48,1765.2319544232116,31.372549019607842,55379.82602112036,3076.6570011733534,0.5884106514744039
./models/01_CTSM/src/main/subgridAveMod.F90,p2l_2d,SUBROUTINE,417,4,False,12,52,2030.4912505606667,31.448275862068964,63855.44898314924,3547.524943508291,0.6768304168535556
./models/01_CTSM/src/main/subgridAveMod.F90,p2g_2d,SUBROUTINE,558,4,False,12,56,2333.064801061542,32.12307692307692,74945.22007102307,4163.623337279059,0.777688267020514
./models/01_CTSM/src/main/subgridAveMod.F90,p2c_1d,SUBROUTINE,167,3,False,11,45,1595.9274704525403,29.06122448979592,46379.60648825342,2576.6448049029677,0.5319758234841802
./models/01_CTSM/src/main/subgridAveMod.F90,p2l_1d,SUBROUTINE,351,3,False,11,49,1863.3173504355782,29.571428571428573,55100.95593430924,3061.1642185727355,0.6211057834785261
./models/01_CTSM/src/main/subgridAveMod.F90,p2g_1d,SUBROUTINE,486,3,False,11,53,2155.8930158765693,30.349206349206348,65429.6420056508,3634.9801114250445,0.7186310052921897
./models/01_CTSM/src/main/subgridAveMod.F90,c2l_1d,SUBROUTINE,635,2,False,10,45,1654.2819751467596,29.27777777777778,48433.70005013013,2690.7611138961183,0.5514273250489199
./models/01_CTSM/src/main/subgridAveMod.F90,c2l_2d,SUBROUTINE,703,3,False,10,41,1649.7024299788418,29.53846153846154,48729.671777836564,2707.203987657587,0.5499008099929472
./models/01_CTSM/src/main/subgridAveMod.F90,c2g_2d,SUBROUTINE,820,3,False,10,45,1930.933794053723,30.23728813559322,58386.20150155664,3243.6778611975915,0.6436445980179076
./models/01_CTSM/src/main/subgridAveMod.F90,l2g_2d,SUBROUTINE,938,3,False,10,42,1692.0612745275528,29.88679245283019,50570.2841292763,2809.460229404239,0.5640204248425176
./models/01_CTSM/src/main/subgridAveMod.F90,c2g_1d,SUBROUTINE,760,2,False,9,42,1770.2898238396851,28.49122807017544,50437.73112132717,2802.0961734070647,0.5900966079465617
./models/01_CTSM/src/main/subgridAveMod.F90,l2g_1d,SUBROUTINE,883,2,False,9,38,1511.0985298396133,28.0,42310.75883550917,2350.597713083843,0.5036995099465378
./models/01_CTSM/src/main/subgridAveMod.F90,create_scale_l2g_lookup,SUBROUTINE,1032,0,False,8,29,671.7347217207789,12.10344827586207,8130.306459448048,451.68369219155824,0.22391157390692631
./models/01_CTSM/src/main/subgridAveMod.F90,p2c_2d_filter,SUBROUTINE,322,3,False,5,17,474.17304721969464,8.11111111111111,3846.0702718930784,213.67057066072658,0.15805768240656487
./models/01_CTSM/src/main/subgridAveMod.F90,p2c_1d_filter,SUBROUTINE,291,2,False,4,17,595.0780464314654,10.799999999999999,6426.842901459826,357.0468278588792,0.19835934881048847
./models/01_CTSM/src/main/subgridAveMod.F90,build_scale_l2g,SUBROUTINE,997,1,False,2,13,369.87118895965546,6.533333333333333,2416.491767869749,134.2495426594305,0.12329039631988516
./models/01_CTSM/src/main/subgridMod.F90,subgrid_get_info_natveg,SUBROUTINE,132,1,False,5,30,598.5472339284424,14.8,8858.499062140949,492.13883678560825,0.19951574464281416
./models/01_CTSM/src/main/subgridMod.F90,subgrid_get_info_urban,SUBROUTINE,334,0,False,5,33,533.4454337622765,7.241379310344827,3862.880727244071,214.60448484689283,0.1778151445874255
./models/01_CTSM/src/main/subgridMod.F90,crop_patch_exists,FUNCTION,525,0,False,5,29,582.1364282109455,11.323529411764705,6591.838966506294,366.21327591701635,0.19404547607031516
./models/01_CTSM/src/main/subgridMod.F90,subgrid_get_info_crop,SUBROUTINE,487,1,False,4,22,405.0,10.956521739130435,4437.391304347826,246.52173913043478,0.135
./models/01_CTSM/src/main/subgridMod.F90,lake_landunit_exists,FUNCTION,582,0,False,4,20,335.0,5.88,1969.8,109.43333333333334,0.11166666666666666
./models/01_CTSM/src/main/subgridMod.F90,urban_landunit_exists,FUNCTION,623,0,False,4,24,442.80353607846075,9.160714285714285,4056.396678718756,225.3553710399309,0.14760117869282025
./models/01_CTSM/src/main/subgridMod.F90,natveg_patch_exists,FUNCTION,186,0,False,3,20,433.9617123740648,10.45,4534.899894308977,251.9388830171654,0.14465390412468826
./models/01_CTSM/src/main/subgridMod.F90,subgrid_get_info_lake,SUBROUTINE,400,0,False,2,16,257.84303149524976,7.411764705882353,1911.0718804942042,106.17066002745578,0.08594767716508325
./models/01_CTSM/src/main/subgridMod.F90,subgrid_get_info_wetland,SUBROUTINE,432,0,False,2,16,278.63137138648347,8.555555555555557,2383.846177417692,132.43589874542735,0.09287712379549448
./models/01_CTSM/src/main/subgridMod.F90,subgrid_get_gcellinfo,SUBROUTINE,54,0,False,1,40,835.5427108973159,7.0,5848.798976281211,324.9332764600673,0.278514236965772
./models/01_CTSM/src/main/subgridMod.F90,accumulate_counters,SUBROUTINE,118,0,False,1,5,69.18863237274594,2.4375,168.64729140856824,9.36929396714268,0.02306287745758198
./models/01_CTSM/src/main/subgridMod.F90,subgrid_get_info_cohort,SUBROUTINE,237,0,False,1,8,158.12342722003538,2.5,395.30856805008847,21.961587113893803,0.05270780907334513
./models/01_CTSM/src/main/subgridMod.F90,subgrid_get_info_urban_tbd,SUBROUTINE,271,0,False,1,8,168.55519570060713,4.25,716.3595817275803,39.79775454042113,0.05618506523353571
./models/01_CTSM/src/main/subgridMod.F90,subgrid_get_info_urban_hd,SUBROUTINE,292,0,False,1,8,168.55519570060713,4.25,716.3595817275803,39.79775454042113,0.05618506523353571
./models/01_CTSM/src/main/subgridMod.F90,subgrid_get_info_urban_md,SUBROUTINE,313,0,False,1,8,168.55519570060713,4.25,716.3595817275803,39.79775454042113,0.05618506523353571
./models/01_CTSM/src/main/subgridMod.F90,subgrid_get_info_glacier_mec,SUBROUTINE,464,0,False,1,10,253.82374477961895,4.363636363636363,1107.5945226747008,61.533029037483374,0.08460791492653964
./models/01_CTSM/src/main/subgridRestMod.F90,subgridRest_write_only,SUBROUTINE,89,23,False,27,179,13005.553492911858,77.35483870967742,1006042.4927742786,55891.249598571034,4.335184497637286
./models/01_CTSM/src/main/subgridRestMod.F90,subgridRest_write_and_read,SUBROUTINE,481,0,False,8,45,3481.571012750469,28.973684210526315,100873.93907995438,5604.107726664132,1.160523670916823
./models/01_CTSM/src/main/subgridRestMod.F90,do_check_weights,FUNCTION,634,0,False,5,16,273.9875151967087,6.805555555555555,1864.6372561998232,103.59095867776796,0.09132917173223624
./models/01_CTSM/src/main/subgridRestMod.F90,check_weights,SUBROUTINE,676,1,False,4,37,995.8567691716872,13.043478260869565,12989.436119630702,721.6353399794834,0.3319522563905624
./models/01_CTSM/src/main/subgridRestMod.F90,subgridRest_check_consistency,SUBROUTINE,610,0,False,2,61,1579.500800369232,16.85593220338983,26623.958406223748,1479.1088003457637,0.5265002667897439
./models/01_CTSM/src/main/subgridRestMod.F90,subgridRestWrite,SUBROUTINE,49,0,False,1,8,184.47733175670794,4.0,737.9093270268318,40.99496261260177,0.06149244391890265
./models/01_CTSM/src/main/subgridRestMod.F90,subgridRestRead,SUBROUTINE,71,0,False,1,6,112.58797503894243,2.3000000000000003,258.95234258956765,14.38624125497598,0.03752932501298081
./models/01_CTSM/src/main/subgridRestMod.F90,save_old_weights,SUBROUTINE,586,0,False,1,7,206.81934759820803,5.4,1116.8244770303234,62.04580427946241,0.06893978253273601
./models/01_CTSM/src/main/subgridRestMod.F90,subgridRest_read_cleanup,SUBROUTINE,739,0,False,1,4,48.432042660922164,1.875,90.81007998922905,5.045004443846058,0.01614401422030739
./models/01_CTSM/src/main/subgridWeightsMod.F90,check_weights,SUBROUTINE,565,9,False,20,95,3115.812125728368,33.699999999999996,105002.86863704598,5833.49270205811,1.038604041909456
./models/01_CTSM/src/main/subgridWeightsMod.F90,is_active_l,FUNCTION,296,0,False,7,28,645.7255058095496,12.121212121212121,7826.975827994541,434.8319904441412,0.21524183526984988
./models/01_CTSM/src/main/subgridWeightsMod.F90,set_active,SUBROUTINE,244,3,False,6,26,857.4782378223567,11.818181818181818,10133.833719718761,562.9907622065979,0.2858260792741189
./models/01_CTSM/src/main/subgridWeightsMod.F90,is_active_c,FUNCTION,384,0,False,5,22,558.9052697343161,11.060606060606059,6181.8310137280405,343.4350563182245,0.18630175657810538
./models/01_CTSM/src/main/subgridWeightsMod.F90,set_pct_pft_diagnostics,SUBROUTINE,844,1,False,4,23,793.2730419264049,14.920454545454545,11835.99436419738,657.55524245541,0.2644243473088016
./models/01_CTSM/src/main/subgridWeightsMod.F90,init_subgrid_weights_mod,SUBROUTINE,149,0,False,3,26,1049.9202025496534,13.829787234042554,14520.173013984568,806.6762785546982,0.34997340084988443
./models/01_CTSM/src/main/subgridWeightsMod.F90,compute_higher_order_weights,SUBROUTINE,215,2,False,3,14,378.9225176199506,4.88,1849.1418859853588,102.73010477696438,0.12630750587331688
./models/01_CTSM/src/main/subgridWeightsMod.F90,is_active_p,FUNCTION,440,0,False,3,12,218.72482509951953,5.7749999999999995,1263.1358649497251,70.17421471942917,0.07290827503317318
./models/01_CTSM/src/main/subgridWeightsMod.F90,set_landunit_weight,SUBROUTINE,503,0,False,3,16,466.80751318802237,9.705882352941176,4530.778804471982,251.70993358177677,0.15560250439600745
./models/01_CTSM/src/main/subgridWeightsMod.F90,weights_okay,FUNCTION,710,0,False,3,18,358.2030134794219,10.714285714285714,3837.8894301366627,213.2160794520368,0.11940100449314063
./models/01_CTSM/src/main/subgridWeightsMod.F90,set_pct_glc_mec_diagnostics,SUBROUTINE,807,1,False,3,17,469.51111920280755,6.337837837837838,2975.685336569145,165.31585203161916,0.15650370640093586
./models/01_CTSM/src/main/subgridWeightsMod.F90,get_landunit_weight,FUNCTION,474,0,False,2,14,295.0728447925197,5.703703703703703,1683.0080777054825,93.5004487614157,0.09835761493083989
./models/01_CTSM/src/main/subgridWeightsMod.F90,is_gcell_all_ltypeX,FUNCTION,535,0,False,2,15,333.4033961014228,6.962962962962963,2321.475498780277,128.97086104334872,0.11113446536714093
./models/01_CTSM/src/main/subgridWeightsMod.F90,set_subgrid_diagnostic_fields,SUBROUTINE,750,0,False,2,7,131.76952268336282,4.199999999999999,553.4319952701237,30.74622195945132,0.04392317422778761
./models/01_CTSM/src/main/subgridWeightsMod.F90,set_pct_landunit_diagnostics,SUBROUTINE,779,1,False,2,12,310.0,3.5,1085.0,60.27777777777778,0.10333333333333333
./models/01_CTSM/src/main/surfrdMod.F90,surfrd_special,SUBROUTINE,470,5,False,21,106,4385.7834424554485,43.318681318681314,189986.35527647665,10554.797515359814,1.4619278141518162
./models/01_CTSM/src/main/surfrdMod.F90,surfrd_veg_all,SUBROUTINE,874,0,False,14,75,3015.6117377596315,30.06896551724138,90676.32535608271,5037.573630893484,1.0052039125865437
./models/01_CTSM/src/main/surfrdMod.F90,surfrd_hillslope,SUBROUTINE,1048,2,False,13,71,2089.0020795037817,18.25,38124.28795094402,2118.015997274668,0.6963340265012605
./models/01_CTSM/src/main/surfrdMod.F90,surfrd_get_data,SUBROUTINE,192,0,False,12,69,2028.2615282521112,14.294871794871796,28993.73851283467,1610.7632507130372,0.6760871760840371
./models/01_CTSM/src/main/surfrdMod.F90,check_domain_attributes,SUBROUTINE,50,1,False,11,60,2250.5734096348015,28.242424242424242,63561.6490236253,3531.202723534739,0.7501911365449339
./models/01_CTSM/src/main/surfrdMod.F90,surfrd_wtfates,SUBROUTINE,708,4,False,11,57,2416.7816519124017,34.125,82472.6738715107,4581.815215083928,0.8055938839708006
./models/01_CTSM/src/main/surfrdMod.F90,surfrd_compat_check,SUBROUTINE,128,0,False,10,49,1034.8633887209141,16.404761904761905,16976.687495921662,943.1493053289812,0.3449544629069714
./models/01_CTSM/src/main/surfrdMod.F90,surfrd_cftformat,SUBROUTINE,636,0,False,9,49,2130.6778928838607,27.80952380952381,59253.13759257975,3291.8409773655417,0.7102259642946203
./models/01_CTSM/src/main/surfrdMod.F90,surfrd_get_num_patches,SUBROUTINE,347,0,False,8,54,1105.4886477306973,17.414634146341463,19251.68035316385,1069.5377973979917,0.3684962159102324
./models/01_CTSM/src/main/surfrdMod.F90,surfrd_pftformat,SUBROUTINE,811,0,False,5,30,1080.960978996359,13.132653061224492,14195.885509880758,788.6603061044866,0.3603203263321197
./models/01_CTSM/src/main/surfrdMod.F90,surfrd_get_nlevurb,SUBROUTINE,428,0,False,4,23,468.3296723500879,7.0,3278.307706450615,182.12820591392307,0.15610989078336263
./models/01_CTSM/src/main/surfrdMod.F90,surfrd_lakemask,SUBROUTINE,1157,0,False,4,24,656.0571752466353,8.75,5740.500283408059,318.91668241155884,0.21868572508221176
./models/01_CTSM/src/main/surfrdMod.F90,surfrd_urbanmask,SUBROUTINE,1210,0,False,4,24,656.0571752466353,8.75,5740.500283408059,318.91668241155884,0.21868572508221176
./models/01_CTSM/src/main/surfrdMod.F90,surfrd_veg_dgvm,SUBROUTINE,1023,0,False,1,9,208.9735285398626,3.619047619047619,756.2851509061694,42.01584171700941,0.06965784284662087
./models/01_CTSM/src/main/surfrdUtilsMod.F90,collapse_crop_types,SUBROUTINE,414,3,False,15,66,2539.3024964203487,39.6,100556.37885824581,5586.4654921247675,0.8464341654734495
./models/01_CTSM/src/main/surfrdUtilsMod.F90,collapse_to_dominant,SUBROUTINE,273,4,False,11,49,1498.3240300430698,31.408163265306122,47059.60575992417,2614.4225422180093,0.4994413433476899
./models/01_CTSM/src/main/surfrdUtilsMod.F90,check_sums_equal_1,SUBROUTINE,39,1,False,7,36,929.1767875292167,15.681818181818183,14571.18144079908,809.5100800443934,0.30972559584307224
./models/01_CTSM/src/main/surfrdUtilsMod.F90,collapse_individual_lunits,SUBROUTINE,191,2,False,6,50,1713.9830905556742,31.127659574468083,53352.282159211725,2964.0156755117623,0.5713276968518913
./models/01_CTSM/src/main/surfrdUtilsMod.F90,collapse_crop_var,SUBROUTINE,367,2,False,5,21,546.8326336496443,13.59090909090909,7431.952611874711,412.8862562152617,0.18227754454988143
./models/01_CTSM/src/main/surfrdUtilsMod.F90,renormalize,SUBROUTINE,90,1,False,3,15,355.74426423226265,11.0,3913.186906554889,217.39927258638272,0.11858142141075421
./models/01_CTSM/src/main/surfrdUtilsMod.F90,convert_cft_to_pft,SUBROUTINE,151,1,False,3,25,789.8693597161529,21.666666666666668,17113.836127183313,950.7686737324062,0.26328978657205093
./models/01_CTSM/src/main/surfrdUtilsMod.F90,apply_convert_ocean_to_land,SUBROUTINE,117,1,False,2,12,318.9478887145537,5.300000000000001,1690.423810187135,93.91243389928528,0.10631596290485124
./models/01_CTSM/src/main/TopoMod.F90,UpdateTopo,SUBROUTINE,206,3,False,9,47,1592.7845039517126,21.85344827586207,34807.83377170338,1933.7685428724099,0.5309281679839042
./models/01_CTSM/src/main/TopoMod.F90,InitCold,SUBROUTINE,114,1,False,4,26,672.6518867406488,9.313953488372093,6265.048386968136,348.05824372045197,0.22421729558021627
./models/01_CTSM/src/main/TopoMod.F90,Restart,SUBROUTINE,157,1,False,3,22,842.0664636983525,8.75,7368.081557360585,409.33786429781026,0.28068882123278416
./models/01_CTSM/src/main/TopoMod.F90,Init,SUBROUTINE,50,0,False,1,8,160.5395382709427,3.2222222222222223,517.2940677619265,28.73855932010703,0.05351317942364757
./models/01_CTSM/src/main/TopoMod.F90,InitAllocate,SUBROUTINE,67,0,False,1,12,249.12330506147785,2.9347826086956523,731.1227431152067,40.61793017306704,0.08304110168715928
./models/01_CTSM/src/main/TopoMod.F90,InitHistory,SUBROUTINE,90,0,False,1,8,307.16017124398627,3.185185185185185,978.3620269252896,54.35344594029387,0.10238672374799543
./models/01_CTSM/src/main/TopoMod.F90,DownscaleFilterc,FUNCTION,301,0,False,1,7,178.8135375281251,2.428571428571429,434.2614482825896,24.12563601569942,0.059604512509375034
./models/01_CTSM/src/main/TopoMod.F90,Clean,SUBROUTINE,346,0,False,1,6,98.09910819000814,2.142857142857143,210.21237469287456,11.678465260715253,0.032699702730002715
./models/01_CTSM/src/self_tests/SelfTestDriver.F90,self_test_driver,SUBROUTINE,27,0,False,2,7,110.44611534953322,3.9230769230769234,433.28860637124575,24.071589242846986,0.03681537178317774
./models/01_CTSM/src/self_tests/TestNcdioPio.F90,create_vars,SUBROUTINE,96,8,False,9,37,959.8325012546194,12.100000000000001,11613.973265180895,645.2207369544942,0.3199441670848731
./models/01_CTSM/src/self_tests/TestNcdioPio.F90,confirm_var_on_file,SUBROUTINE,252,0,False,3,17,373.28516483252554,9.5625,3569.5393887110254,198.30774381727917,0.12442838827750852
./models/01_CTSM/src/self_tests/TestNcdioPio.F90,write_to_log,SUBROUTINE,476,0,False,2,7,112.0,4.800000000000001,537.6000000000001,29.866666666666674,0.037333333333333336
./models/01_CTSM/src/self_tests/TestNcdioPio.F90,test_ncdio_pio,SUBROUTINE,47,0,False,1,15,230.70165975890765,4.305555555555555,993.2988128508523,55.183267380602906,0.07690055325296921
./models/01_CTSM/src/self_tests/TestNcdioPio.F90,test_write_vars,SUBROUTINE,158,0,False,1,47,2162.228532858223,9.294117647058824,20096.00636421172,1116.4447980117623,0.7207428442860743
./models/01_CTSM/src/self_tests/TestNcdioPio.F90,test_check_var_or_dim,SUBROUTINE,283,0,False,1,17,451.89136267341473,6.956521739130435,3143.592088162885,174.64400489793806,0.15063045422447158
./models/01_CTSM/src/self_tests/TestNcdioPio.F90,test_read_vars,SUBROUTINE,325,0,False,1,36,1389.7442087830163,9.456521739130434,13142.146322187218,730.1192401215121,0.4632480695943388
./models/01_CTSM/src/self_tests/TestNcdioPio.F90,test_read_vars_change_type,SUBROUTINE,396,0,False,1,38,1399.0890506729677,10.224489795918368,14304.971722186874,794.7206512326042,0.46636301689098925
./models/01_CTSM/src/self_tests/TestNcdioPio.F90,clean,SUBROUTINE,496,0,False,1,8,85.95159310338741,2.25,193.39108448262166,10.743949137923426,0.02865053103446247
./models/01_CTSM/src/soilbiogeochem/CNSoilMatrixMod.F90,CNSoilMatrix,SUBROUTINE,87,75,False,164,588,31209.955817496982,123.97424892703863,3869230.831520248,214957.26841779158,10.403318605832327
./models/01_CTSM/src/soilbiogeochem/CNSoilMatrixMod.F90,CNSoilMatrixInit,SUBROUTINE,62,0,False,4,18,216.63553058626798,7.0,1516.4487141038758,84.24715078354865,0.072211843528756
./models/01_CTSM/src/soilbiogeochem/CNSoilMatrixMod.F90,CNSoilMatrixRest,SUBROUTINE,911,0,False,1,9,396.33570483095,4.222222222222222,1673.4174203973446,92.96763446651914,0.13211190161031666
./models/01_CTSM/src/soilbiogeochem/SoilBiogeochemCarbonFluxType.F90,InitHistory,SUBROUTINE,216,10,False,38,224,12176.848120057819,88.6923076923077,1079992.7601866666,59999.597788148145,4.058949373352607
./models/01_CTSM/src/soilbiogeochem/SoilBiogeochemCarbonFluxType.F90,Summary,SUBROUTINE,803,25,False,34,137,5372.949188161714,46.71195652173913,250980.96887092356,13943.387159495753,1.7909830627205714
./models/01_CTSM/src/soilbiogeochem/SoilBiogeochemCarbonFluxType.F90,SetValues,SUBROUTINE,714,15,False,17,71,1933.4203720455012,19.557692307692307,37813.24073788989,2100.7355965494385,0.6444734573485004
./models/01_CTSM/src/soilbiogeochem/SoilBiogeochemCarbonFluxType.F90,InitAllocate,SUBROUTINE,115,0,False,3,98,3613.45925447925,26.493750000000002,95734.08612335964,5318.5603401866465,1.2044864181597499
./models/01_CTSM/src/soilbiogeochem/SoilBiogeochemCarbonFluxType.F90,InitCold,SUBROUTINE,657,1,False,3,16,387.7443751081734,7.857142857142857,3046.5629472785054,169.25349707102808,0.12924812503605781
./models/01_CTSM/src/soilbiogeochem/SoilBiogeochemCarbonFluxType.F90,Init,SUBROUTINE,100,0,False,1,8,155.58941141594505,2.735294117647059,425.58280181420264,23.643488989677923,0.05186313713864835
./models/01_CTSM/src/soilbiogeochem/SoilBiogeochemCarbonFluxType.F90,Restart,SUBROUTINE,688,0,False,1,12,401.81640034635626,3.189189189189189,1281.4685200235144,71.1926955568619,0.1339388001154521
./models/01_CTSM/src/soilbiogeochem/SoilBiogeochemCarbonStateType.F90,Restart,SUBROUTINE,716,41,False,112,430,24755.79673969392,176.73684210526315,4375261.3395732725,243070.07442073736,8.25193224656464
./models/01_CTSM/src/soilbiogeochem/SoilBiogeochemCarbonStateType.F90,Summary,SUBROUTINE,1407,37,False,56,181,5360.721806534596,50.90625,272894.2444639018,15160.791359105655,1.7869072688448653
./models/01_CTSM/src/soilbiogeochem/SoilBiogeochemCarbonStateType.F90,InitHistory,SUBROUTINE,186,6,False,35,204,9396.676317199062,74.53731343283582,700403.0078819719,38911.27821566511,3.132225439066354
./models/01_CTSM/src/soilbiogeochem/SoilBiogeochemCarbonStateType.F90,InitCold,SUBROUTINE,555,16,False,34,126,4477.959071908164,44.0,197030.19916395925,10946.122175775514,1.492653023969388
./models/01_CTSM/src/soilbiogeochem/SoilBiogeochemCarbonStateType.F90,SetValues,SUBROUTINE,1314,15,False,21,76,1915.559785406716,12.403846153846155,23760.30887667946,1320.0171598155257,0.6385199284689053
./models/01_CTSM/src/soilbiogeochem/SoilBiogeochemCarbonStateType.F90,DynamicColumnAdjustments,SUBROUTINE,1666,3,False,4,25,927.1037751197119,9.285714285714286,8608.820768968755,478.2678204982642,0.30903459170657066
./models/01_CTSM/src/soilbiogeochem/SoilBiogeochemCarbonStateType.F90,InitAllocate,SUBROUTINE,113,0,False,3,71,2238.0,16.810344827586206,37621.55172413793,2090.0862068965516,0.746
./models/01_CTSM/src/soilbiogeochem/SoilBiogeochemCarbonStateType.F90,Init,SUBROUTINE,93,0,False,2,15,345.0,6.461538461538462,2229.230769230769,123.84615384615384,0.115
./models/01_CTSM/src/soilbiogeochem/SoilBiogeochemCarbonStateType.F90,SetTotVgCThresh,SUBROUTINE,1651,0,False,2,8,158.32466846199546,5.25,831.2045094254762,46.178028301415345,0.05277488948733182
./models/01_CTSM/src/soilbiogeochem/SoilBiogeochemCompetitionMod.F90,SoilBiogeochemCompetition,SUBROUTINE,168,61,False,116,533,27086.953090030886,133.875,3626265.8449278846,201459.2136071047,9.028984363343628
./models/01_CTSM/src/soilbiogeochem/SoilBiogeochemCompetitionMod.F90,readParams,SUBROUTINE,70,0,False,8,37,1699.704188613357,14.707317073170731,24998.08843253303,1388.7826906962794,0.566568062871119
./models/01_CTSM/src/soilbiogeochem/SoilBiogeochemCompetitionMod.F90,SoilBiogeochemCompetitionInit,SUBROUTINE,126,0,False,4,21,466.0209170615623,7.564102564102564,3525.0300136707915,195.83500075948842,0.15534030568718743
./models/01_CTSM/src/soilbiogeochem/SoilBiogeochemDecompCascadeBGCMod.F90,decomp_rate_constants_bgc,SUBROUTINE,511,28,False,61,292,15183.49749019934,81.35294117647058,1235222.1781732754,68623.45434295974,5.061165830066447
./models/01_CTSM/src/soilbiogeochem/SoilBiogeochemDecompCascadeBGCMod.F90,readParams,SUBROUTINE,114,0,False,19,81,3388.909098229715,23.235294117647058,78742.29963533749,4374.572201963194,1.1296363660765716
./models/01_CTSM/src/soilbiogeochem/SoilBiogeochemDecompCascadeBGCMod.F90,init_decompcascade_bgc,SUBROUTINE,226,2,False,9,207,6909.421401083697,49.1484375,339587.2658923245,18865.95921624025,2.303140467027899
./models/01_CTSM/src/soilbiogeochem/SoilBiogeochemDecompCascadeConType.F90,decomp_cascade_par_init,SUBROUTINE,85,0,False,19,76,1624.259999490416,20.59259259259259,33447.72443395079,1858.206912997266,0.5414199998301387
./models/01_CTSM/src/soilbiogeochem/SoilBiogeochemDecompCascadeConType.F90,InitSoilTransfer,SUBROUTINE,260,6,False,17,90,3534.445615086154,38.30555555555556,135388.9028667724,7521.605714820689,1.1781485383620514
./models/01_CTSM/src/soilbiogeochem/SoilBiogeochemDecompCascadeConType.F90,init_decomp_cascade_constants,SUBROUTINE,181,0,False,5,64,1985.855557348247,27.604166666666664,54817.88778096723,3045.438210053735,0.6619518524494157
./models/01_CTSM/src/soilbiogeochem/SoilBiogeochemDecompCascadeMIMICSMod.F90,decomp_rates_mimics,SUBROUTINE,754,19,False,50,389,21109.809805929188,69.31506849315069,1463227.9125753657,81290.43958752032,7.036603268643063
./models/01_CTSM/src/soilbiogeochem/SoilBiogeochemDecompCascadeMIMICSMod.F90,readParams,SUBROUTINE,162,0,False,31,129,5885.307993365981,30.784615384615385,181176.94299577427,10065.385721987459,1.9617693311219937
./models/01_CTSM/src/soilbiogeochem/SoilBiogeochemDecompCascadeMIMICSMod.F90,init_decompcascade_mimics,SUBROUTINE,334,2,False,9,321,11357.12762892091,54.440217391304344,618284.4970592433,34349.13872551351,3.7857092096403036
./models/01_CTSM/src/soilbiogeochem/SoilBiogeochemDecompMod.F90,SoilBiogeochemDecomp,SUBROUTINE,69,17,False,32,130,6071.156833539888,51.4126213592233,312134.08749524737,17340.782638624853,2.023718944513296
./models/01_CTSM/src/soilbiogeochem/SoilBiogeochemDecompMod.F90,readParams,SUBROUTINE,42,0,False,2,13,354.2428288627686,5.129032258064516,1816.922896425168,100.94016091250933,0.1180809429542562
./models/01_CTSM/src/soilbiogeochem/SoilBiogeochemLittVertTranspMod.F90,SoilBiogeochemLittVertTransp,SUBROUTINE,84,28,False,70,338,17538.287988995035,154.67586206896553,2712749.8139115907,150708.32299508838,5.8460959963316785
./models/01_CTSM/src/soilbiogeochem/SoilBiogeochemLittVertTranspMod.F90,readParams,SUBROUTINE,50,0,False,4,21,691.8506523353572,8.205882352941178,5677.245058869549,315.40250327053053,0.2306168841117857
./models/01_CTSM/src/soilbiogeochem/SoilBiogeochemNitrifDenitrifMod.F90,readParams,SUBROUTINE,60,0,False,13,57,2245.8839376460833,19.046511627906977,42776.25453330563,2376.4585851836464,0.7486279792153611
./models/01_CTSM/src/soilbiogeochem/SoilBiogeochemNitrifDenitrifMod.F90,SoilBiogeochemNitrifDenitrif,SUBROUTINE,141,2,False,9,113,8254.581630458626,31.23711340206186,257849.30247721277,14324.961248734042,2.7515272101528754
./models/01_CTSM/src/soilbiogeochem/SoilBiogeochemNitrogenFluxType.F90,InitHistory,SUBROUTINE,312,3,False,66,313,16996.210712396798,72.5748031496063,1233496.6467414275,68527.59148563485,5.665403570798933
./models/01_CTSM/src/soilbiogeochem/SoilBiogeochemNitrogenFluxType.F90,Summary,SUBROUTINE,1079,22,False,24,92,3413.1096513250986,28.451612903225804,97108.4745957657,5394.915255320317,1.1377032171083663
./models/01_CTSM/src/soilbiogeochem/SoilBiogeochemNitrogenFluxType.F90,SetValues,SUBROUTINE,918,16,False,22,135,4395.9870655285185,18.33009708737864,80578.86970599847,4476.603872555471,1.4653290218428394
./models/01_CTSM/src/soilbiogeochem/SoilBiogeochemNitrogenFluxType.F90,InitAllocate,SUBROUTINE,175,0,False,3,183,6906.058846591905,32.25,222720.39780258894,12373.355433477163,2.302019615530635
./models/01_CTSM/src/soilbiogeochem/SoilBiogeochemNitrogenFluxType.F90,InitCold,SUBROUTINE,879,1,False,3,17,428.60416036944673,7.2727272727272725,3117.121166323249,173.17339812906937,0.14286805345648224
./models/01_CTSM/src/soilbiogeochem/SoilBiogeochemNitrogenFluxType.F90,Init,SUBROUTINE,163,0,False,1,7,105.48604608143,1.7692307692307692,186.62915845176076,10.368286580653375,0.03516201536047667
./models/01_CTSM/src/soilbiogeochem/SoilBiogeochemNitrogenStateType.F90,Restart,SUBROUTINE,552,14,False,61,235,11898.060568247647,80.07720588235294,952763.445724272,52931.30254023734,3.9660201894158824
./models/01_CTSM/src/soilbiogeochem/SoilBiogeochemNitrogenStateType.F90,Summary,SUBROUTINE,1028,42,False,60,199,6190.163287837864,52.732394366197184,326422.13168542203,18134.562871412334,2.0633877626126216
./models/01_CTSM/src/soilbiogeochem/SoilBiogeochemNitrogenStateType.F90,InitCold,SUBROUTINE,406,13,False,26,112,4388.788015382415,30.717391304347828,134812.11882033377,7489.56215668521,1.462929338460805
./models/01_CTSM/src/soilbiogeochem/SoilBiogeochemNitrogenStateType.F90,SetValues,SUBROUTINE,917,16,False,23,88,2212.165026910957,11.026785714285714,24393.06971638421,1355.1705397991227,0.7373883423036522
./models/01_CTSM/src/soilbiogeochem/SoilBiogeochemNitrogenStateType.F90,InitHistory,SUBROUTINE,196,1,False,18,117,5324.841424512742,35.372093023255815,188350.78620195072,10463.93256677504,1.7749471415042475
./models/01_CTSM/src/soilbiogeochem/SoilBiogeochemNitrogenStateType.F90,DynamicColumnAdjustments,SUBROUTINE,1315,4,False,6,37,1759.628541383454,19.416666666666668,34166.1208451954,1898.117824733078,0.586542847127818
./models/01_CTSM/src/soilbiogeochem/SoilBiogeochemNitrogenStateType.F90,InitAllocate,SUBROUTINE,123,0,False,3,83,2678.49667840495,18.0,48212.940211289104,2678.49667840495,0.8928322261349834
./models/01_CTSM/src/soilbiogeochem/SoilBiogeochemNitrogenStateType.F90,SetTotVgCThresh,SUBROUTINE,1412,0,False,2,8,158.32466846199546,5.25,831.2045094254762,46.178028301415345,0.05277488948733182
./models/01_CTSM/src/soilbiogeochem/SoilBiogeochemNitrogenStateType.F90,Init,SUBROUTINE,103,0,False,1,11,319.62990083359426,3.9130434782608696,1250.7256989140644,69.48476105078136,0.10654330027786475
./models/01_CTSM/src/soilbiogeochem/SoilBiogeochemNitrogenUptakeMod.F90,SoilBiogeochemNitrogenUptake,SUBROUTINE,26,5,False,7,36,1159.3482458974336,31.4,36403.53492117941,2022.4186067321893,0.3864494152991445
./models/01_CTSM/src/soilbiogeochem/SoilBiogeochemNLeachingMod.F90,SoilBiogeochemNLeaching,SUBROUTINE,75,10,False,19,91,3986.6411622776504,47.785714285714285,190504.49554026773,10583.58308557043,1.3288803874258834
./models/01_CTSM/src/soilbiogeochem/SoilBiogeochemNLeachingMod.F90,readParams,SUBROUTINE,42,0,False,3,18,670.0060777522203,7.921052631578947,5307.153405353113,294.84185585295074,0.2233353592507401
./models/01_CTSM/src/soilbiogeochem/SoilBiogeochemNStateUpdate1Mod.F90,SoilBiogeochemNStateUpdate1,SUBROUTINE,31,21,False,32,124,5750.285567074926,53.57746478873239,308085.7224951129,17115.87347195072,1.916761855691642
./models/01_CTSM/src/soilbiogeochem/SoilBiogeochemPotentialMod.F90,SoilBiogeochemPotential,SUBROUTINE,70,24,False,40,164,7168.108738999362,72.29032258064517,518184.8930354055,28788.04961307808,2.389369579666454
./models/01_CTSM/src/soilbiogeochem/SoilBiogeochemPotentialMod.F90,readParams,SUBROUTINE,41,0,False,2,15,431.38539382230084,6.199999999999999,2674.589441698265,148.5883023165703,0.1437951312741003
./models/01_CTSM/src/soilbiogeochem/SoilBiogeochemPrecisionControlMod.F90,SoilBiogeochemPrecisionControl,SUBROUTINE,63,5,False,19,70,2222.2537230074995,23.454545454545453,52121.95095781226,2895.663942100681,0.7407512410024998
./models/01_CTSM/src/soilbiogeochem/SoilBiogeochemPrecisionControlMod.F90,SoilBiogeochemPrecisionControlInit,SUBROUTINE,29,0,False,3,18,390.0,6.8076923076923075,2655.0,147.5,0.13
./models/01_CTSM/src/soilbiogeochem/SoilBiogeochemStateType.F90,InitHistory,SUBROUTINE,110,0,False,5,49,2274.2456148934652,17.87878787878788,40660.754932943775,2258.9308296079876,0.758081871631155
./models/01_CTSM/src/soilbiogeochem/SoilBiogeochemStateType.F90,initCold,SUBROUTINE,206,2,False,5,31,869.1006121105464,8.26,7178.771056033113,398.82061422406184,0.2897002040368488
./models/01_CTSM/src/soilbiogeochem/SoilBiogeochemStateType.F90,Init,SUBROUTINE,57,0,False,2,9,146.94555522617034,4.166666666666667,612.2731467757098,34.01517482087277,0.048981851742056784
./models/01_CTSM/src/soilbiogeochem/SoilBiogeochemStateType.F90,InitAllocate,SUBROUTINE,71,0,False,1,37,970.6171361001769,6.153846153846153,5973.028529847242,331.83491832484674,0.3235390453667256
./models/01_CTSM/src/soilbiogeochem/SoilBiogeochemStateType.F90,Restart,SUBROUTINE,256,0,False,1,11,367.213038547228,3.857142857142857,1416.3931486821652,78.68850826012029,0.12240434618240933
./models/01_CTSM/src/soilbiogeochem/SoilBiogeochemStateType.F90,get_spinup_latitude_term,FUNCTION,281,0,False,1,6,187.9834625295674,6.1764705882352935,1161.0743273885043,64.50412929936135,0.06266115417652246
./models/01_CTSM/src/soilbiogeochem/SoilBiogeochemVerticalProfileMod.F90,SoilBiogeochemVerticalProfile,SUBROUTINE,26,18,False,29,181,7724.051063905005,56.603305785123965,437206.8242701271,24289.268015007063,2.574683687968335
./models/01_CTSM/src/soilbiogeochem/TillageMod.F90,get_tillage_multipliers,SUBROUTINE,180,0,False,10,38,935.9501814252967,13.337499999999999,12483.235544759893,693.5130858199941,0.3119833938084322
./models/01_CTSM/src/soilbiogeochem/TillageMod.F90,readParams_namelist,SUBROUTINE,40,0,False,8,45,1022.0944662821382,17.926829268292682,18322.912993106624,1017.9396107281458,0.3406981554273794
./models/01_CTSM/src/soilbiogeochem/TillageMod.F90,readParams_netcdf,SUBROUTINE,106,0,False,7,34,806.5802779085526,10.34,8340.040073574433,463.33555964302406,0.2688600926361842
./models/01_CTSM/src/soilbiogeochem/TillageMod.F90,get_apply_tillage_multipliers,SUBROUTINE,280,1,False,6,37,1174.3617235405486,26.617021276595747,31258.010981898435,1736.5561656610241,0.3914539078468495
./models/01_CTSM/src/soilbiogeochem/TillageMod.F90,get_fraction_tilled,FUNCTION,248,0,False,4,21,456.6502135419918,18.944444444444446,8650.984600989956,480.6102556105531,0.15221673784733059
./models/01_CTSM/src/soilbiogeochem/TillageMod.F90,readParams,SUBROUTINE,160,0,False,1,7,125.33591475173351,3.0,376.0077442552005,20.889319125288917,0.041778638250577836
./models/01_CTSM/src/soilbiogeochem/TillageMod.F90,get_do_tillage,FUNCTION,174,0,False,1,4,36.0,2.7,97.2,5.4,0.012
./models/01_CTSM/src/unit_test_shr/unittestDustEmisInputs.F90,setupSoilState,SUBROUTINE,124,4,False,7,28,836.276386366227,12.209302325581394,10210.35122888998,567.2417349383322,0.278758795455409
./models/01_CTSM/src/unit_test_shr/unittestDustEmisInputs.F90,create_fv,SUBROUTINE,205,0,False,5,31,980.4320168451094,12.085714285714285,11849.221232156608,658.2900684531448,0.32681067228170313
./models/01_CTSM/src/unit_test_shr/unittestDustEmisInputs.F90,create_atm2lnd,SUBROUTINE,170,0,False,4,24,718.6195752004813,8.709677419354838,6258.944687229999,347.7191492905555,0.23953985840016045
./models/01_CTSM/src/unit_test_shr/unittestDustEmisInputs.F90,print_values,SUBROUTINE,248,3,False,4,22,600.5374780501027,4.35,2612.3380295179463,145.1298905287748,0.20017915935003422
./models/01_CTSM/src/unit_test_shr/unittestDustEmisInputs.F90,setUp,SUBROUTINE,48,0,False,1,37,1549.7806382326035,4.089887640449438,6338.4286777153675,352.13492653974265,0.5165935460775345
./models/01_CTSM/src/unit_test_shr/unittestDustEmisInputs.F90,tearDown,SUBROUTINE,113,0,False,1,7,104.0,1.5714285714285714,163.42857142857142,9.079365079365079,0.034666666666666665
./models/01_CTSM/src/unit_test_shr/unittestFilterBuilderMod.F90,filter_from_range,SUBROUTINE,42,1,False,2,14,301.8506523353571,7.421052631578948,2240.049577857124,124.44719876984021,0.1006168841117857
./models/01_CTSM/src/unit_test_shr/unittestFilterBuilderMod.F90,filter_empty,SUBROUTINE,17,0,False,1,7,118.53642239625984,2.571428571428571,304.80794330466813,16.933774628037117,0.03951214079875328
./models/01_CTSM/src/unit_test_shr/unittestGlcMec.F90,setup_elevation_classes,SUBROUTINE,32,0,False,1,6,97.67226489021297,2.625,256.38969533680904,14.243871963156058,0.03255742163007099
./models/01_CTSM/src/unit_test_shr/unittestGlcMec.F90,teardown_elevation_classes,SUBROUTINE,43,0,False,1,4,30.0,2.0999999999999996,62.999999999999986,3.499999999999999,0.01
./models/01_CTSM/src/unit_test_shr/unittestGlcMec.F90,setup_single_ice_column,SUBROUTINE,53,0,False,1,7,133.97977094150824,1.9411764705882355,260.0783788864572,14.4487988270254,0.04465992364716941
./models/01_CTSM/src/unit_test_shr/unittestInitializeAndFinalize.F90,unittest_finalize_esmf,SUBROUTINE,14,0,False,4,19,291.4272625247477,7.777777777777778,2266.656486303593,125.9253603501996,0.09714242084158256
./models/01_CTSM/src/unit_test_shr/unittestSimpleSubgridSetupsMod.F90,create_landunit_ncols,SUBROUTINE,206,2,False,5,33,954.8509022057942,13.106382978723403,12514.641611888706,695.2578673271504,0.31828363406859805
./models/01_CTSM/src/unit_test_shr/unittestSimpleSubgridSetupsMod.F90,create_vegetated_landunit_n_patches,SUBROUTINE,268,2,False,4,24,707.8511627661065,8.5,6016.7348835119055,334.26304908399476,0.23595038758870218
./models/01_CTSM/src/unit_test_shr/unittestSimpleSubgridSetupsMod.F90,setup_ncells_single_veg_patch,SUBROUTINE,143,1,False,2,11,175.69269691115042,4.375,768.6555489862831,42.7030860547935,0.05856423230371681
./models/01_CTSM/src/unit_test_shr/unittestSimpleSubgridSetupsMod.F90,setup_single_veg_patch,SUBROUTINE,65,0,False,1,5,102.18657103125848,2.769230769230769,282.97819670194656,15.72101092788592,0.034062190343752824
./models/01_CTSM/src/unit_test_shr/unittestSimpleSubgridSetupsMod.F90,setup_n_veg_patches,SUBROUTINE,86,0,False,1,9,206.81934759820803,2.909090909090909,601.6562839220597,33.4253491067811,0.06893978253273601
./models/01_CTSM/src/unit_test_shr/unittestSimpleSubgridSetupsMod.F90,setup_landunit_ncols,SUBROUTINE,114,0,False,1,11,288.44129532345625,3.8333333333333335,1105.691632073249,61.42731289295827,0.09614709844115209
./models/01_CTSM/src/unit_test_shr/unittestSimpleSubgridSetupsMod.F90,create_gridcell_single_veg_patch,SUBROUTINE,176,0,False,1,8,260.0,2.5,650.0,36.111111111111114,0.08666666666666667
./models/01_CTSM/src/unit_test_shr/unittestSubgridMod.F90,get_ltype_special,FUNCTION,430,1,False,4,21,364.17909420309263,12.40909090909091,4519.131487156559,251.06286039758663,0.12139303140103087
./models/01_CTSM/src/unit_test_shr/unittestSubgridMod.F90,unittest_subgrid_teardown,SUBROUTINE,280,0,False,2,11,146.94555522617034,4.285714285714286,629.7666652550157,34.98703695861198,0.048981851742056784
./models/01_CTSM/src/unit_test_shr/unittestSubgridMod.F90,init_nlevsno,SUBROUTINE,471,0,False,2,10,120.92782504182705,4.5,544.1752126882217,30.23195626045676,0.04030927501394235
./models/01_CTSM/src/unit_test_shr/unittestSubgridMod.F90,reset_nlevsno,SUBROUTINE,485,0,False,2,6,60.94436251225965,2.75,167.59699690871403,9.310944272706335,0.02031478750408655
./models/01_CTSM/src/unit_test_shr/unittestSubgridMod.F90,unittest_subgrid_setup_start,SUBROUTINE,112,0,False,1,11,211.52361657053456,3.1521739130434785,666.7592261462503,37.04217923034724,0.07050787219017819
./models/01_CTSM/src/unit_test_shr/unittestSubgridMod.F90,unittest_subgrid_setup_end,SUBROUTINE,146,0,False,1,9,127.43782540330756,2.933333333333333,373.8176211830355,20.76764562127975,0.042479275134435855
./models/01_CTSM/src/unit_test_shr/unittestSubgridMod.F90,set_decomp_info,SUBROUTINE,171,0,False,1,26,698.0667509942793,8.046875,5617.255886907092,312.06977149483845,0.2326889169980931
./models/01_CTSM/src/unit_test_shr/unittestSubgridMod.F90,create_bounds_object,SUBROUTINE,222,0,False,1,4,53.77443751081734,2.5,134.43609377704337,7.468671876502409,0.01792481250360578
./models/01_CTSM/src/unit_test_shr/unittestSubgridMod.F90,initialize_arrays,SUBROUTINE,248,0,False,1,14,295.0728447925197,3.2666666666666666,963.9046263222309,53.550257017901714,0.09835761493083989
./models/01_CTSM/src/unit_test_shr/unittestSubgridMod.F90,unittest_add_gridcell,SUBROUTINE,308,0,False,1,4,60.94436251225965,2.75,167.59699690871403,9.310944272706335,0.02031478750408655
./models/01_CTSM/src/unit_test_shr/unittestSubgridMod.F90,unittest_add_landunit,SUBROUTINE,331,0,False,1,9,254.78981086905299,3.5,891.7643380416855,49.54246322453808,0.084929936956351
./models/01_CTSM/src/unit_test_shr/unittestSubgridMod.F90,unittest_add_column,SUBROUTINE,364,0,False,1,9,254.78981086905299,3.5,891.7643380416855,49.54246322453808,0.084929936956351
./models/01_CTSM/src/unit_test_shr/unittestSubgridMod.F90,unittest_add_patch,SUBROUTINE,397,0,False,1,9,254.78981086905299,3.5,891.7643380416855,49.54246322453808,0.084929936956351
./models/01_CTSM/src/unit_test_shr/unittestTimeManagerMod.F90,unittest_timemgr_setup,SUBROUTINE,45,0,False,7,43,1025.146674147325,11.666666666666668,11960.044531718793,664.4469184288218,0.34171555804910836
./models/01_CTSM/src/unit_test_shr/unittestTimeManagerMod.F90,unittest_timemgr_set_nstep,SUBROUTINE,175,1,False,2,9,140.55415752892034,3.59375,505.1165036195575,28.062027978864304,0.04685138584297345
./models/01_CTSM/src/unit_test_shr/unittestTimeManagerMod.F90,unittest_timemgr_set_curr_date,SUBROUTINE,121,0,False,1,9,184.47733175670794,4.352941176470588,803.0189735291992,44.61216519606663,0.06149244391890265
./models/01_CTSM/src/unit_test_shr/unittestTimeManagerMod.F90,unittest_timemgr_set_curr_year,SUBROUTINE,149,0,False,1,11,185.46604019833754,3.6842105263157894,683.2959375728225,37.96088542071236,0.061822013399445847
./models/01_CTSM/src/unit_test_shr/unittestTimeManagerMod.F90,unittest_timemgr_teardown,SUBROUTINE,201,0,False,1,7,106.19818783608963,2.6666666666666665,283.1951675629057,15.733064864605872,0.03539939594536321
./models/01_CTSM/src/unit_test_shr/unittestUtils.F90,endrun_msg,FUNCTION,13,0,False,1,6,117.20671786825557,3.8181818181818183,447.51655913333946,24.862031062963304,0.03906890595608519
./models/01_CTSM/src/unit_test_shr/unittestWaterTypeFactory.F90,create_water_type,SUBROUTINE,91,0,False,10,58,1639.0420939802923,18.5625,30424.718869509175,1690.2621594171765,0.5463473646600975
./models/01_CTSM/src/unit_test_shr/unittestWaterTypeFactory.F90,setup_after_subgrid,SUBROUTINE,72,0,False,3,11,202.04660144782298,4.0,808.1864057912919,44.89924476618288,0.06734886714927432
./models/01_CTSM/src/unit_test_shr/unittestWaterTypeFactory.F90,init,SUBROUTINE,48,0,False,1,3,33.0,0.7142857142857143,23.571428571428573,1.3095238095238095,0.011
./models/01_CTSM/src/unit_test_shr/unittestWaterTypeFactory.F90,setup_before_subgrid,SUBROUTINE,56,0,False,1,10,169.9171005377434,3.1875,541.6107579640571,30.08948655355873,0.056639033512581136
./models/01_CTSM/src/unit_test_shr/unittestWaterTypeFactory.F90,teardown,SUBROUTINE,193,0,False,1,4,60.94436251225965,0.7272727272727273,44.32317273618884,2.462398485343824,0.02031478750408655
./models/01_CTSM/src/unit_test_stubs/csm_share/shr_mpi_mod_stub.F90,shr_mpi_abort,SUBROUTINE,396,0,False,3,16,298.0560051675714,9.710526315789474,2894.2806817587857,160.79337120882144,0.0993520017225238
./models/01_CTSM/src/unit_test_stubs/csm_share/shr_mpi_mod_stub.F90,shr_mpi_finalize,SUBROUTINE,466,0,False,2,6,112.37013046707143,4.071428571428571,457.5069597587908,25.417053319932823,0.03745671015569048
./models/01_CTSM/src/unit_test_stubs/csm_share/shr_mpi_mod_stub.F90,shr_mpi_chkerr,SUBROUTINE,50,0,False,1,6,125.09775004326937,2.3000000000000003,287.7248250995196,15.984712505528867,0.04169925001442312
./models/01_CTSM/src/unit_test_stubs/csm_share/shr_mpi_mod_stub.F90,shr_mpi_bcasti0,SUBROUTINE,70,0,False,1,8,214.05271769459029,3.078947368421053,659.0570518491334,36.61428065828519,0.07135090589819676
./models/01_CTSM/src/unit_test_stubs/csm_share/shr_mpi_mod_stub.F90,shr_mpi_bcastl0,SUBROUTINE,92,0,False,1,8,203.5602880225656,2.7750000000000004,564.8797992626196,31.382211070145534,0.0678534293408552
./models/01_CTSM/src/unit_test_stubs/csm_share/shr_mpi_mod_stub.F90,shr_mpi_bcastc0,SUBROUTINE,114,0,False,1,8,214.05271769459029,3.0,642.1581530837709,35.675452949098386,0.07135090589819676
./models/01_CTSM/src/unit_test_stubs/csm_share/shr_mpi_mod_stub.F90,shr_mpi_bcastc1,SUBROUTINE,136,0,False,1,8,214.05271769459029,3.0,642.1581530837709,35.675452949098386,0.07135090589819676
./models/01_CTSM/src/unit_test_stubs/csm_share/shr_mpi_mod_stub.F90,shr_mpi_bcastr0,SUBROUTINE,158,0,False,1,8,220.0782000346155,2.7857142857142856,613.0749858107146,34.05972143392859,0.0733594000115385
./models/01_CTSM/src/unit_test_stubs/csm_share/shr_mpi_mod_stub.F90,shr_mpi_bcasti1,SUBROUTINE,180,0,False,1,8,214.05271769459029,3.078947368421053,659.0570518491334,36.61428065828519,0.07135090589819676
./models/01_CTSM/src/unit_test_stubs/csm_share/shr_mpi_mod_stub.F90,shr_mpi_bcastl1,SUBROUTINE,202,0,False,1,8,203.5602880225656,2.7750000000000004,564.8797992626196,31.382211070145534,0.0678534293408552
./models/01_CTSM/src/unit_test_stubs/csm_share/shr_mpi_mod_stub.F90,shr_mpi_bcastr1,SUBROUTINE,224,0,False,1,8,220.0782000346155,2.7857142857142856,613.0749858107146,34.05972143392859,0.0733594000115385
./models/01_CTSM/src/unit_test_stubs/csm_share/shr_mpi_mod_stub.F90,shr_mpi_bcastr2,SUBROUTINE,246,0,False,1,8,220.0782000346155,2.7857142857142856,613.0749858107146,34.05972143392859,0.0733594000115385
./models/01_CTSM/src/unit_test_stubs/csm_share/shr_mpi_mod_stub.F90,shr_mpi_bcasti2,SUBROUTINE,270,0,False,1,8,200.67442283867837,2.9210526315789473,586.1805509235079,32.565586162417105,0.06689147427955945
./models/01_CTSM/src/unit_test_stubs/csm_share/shr_mpi_mod_stub.F90,shr_mpi_bcastr3,SUBROUTINE,292,0,False,1,8,220.0782000346155,2.7857142857142856,613.0749858107146,34.05972143392859,0.0733594000115385
./models/01_CTSM/src/unit_test_stubs/csm_share/shr_mpi_mod_stub.F90,shr_mpi_sum,SUBROUTINE,313,0,False,1,9,243.00301253822127,3.1428571428571432,763.7237536915527,42.429097427308484,0.08100100417940709
./models/01_CTSM/src/unit_test_stubs/csm_share/shr_mpi_mod_stub.F90,shr_mpi_commsize,SUBROUTINE,331,0,False,1,8,155.58941141594505,2.5588235294117645,398.1258468584476,22.118102603247088,0.05186313713864835
./models/01_CTSM/src/unit_test_stubs/csm_share/shr_mpi_mod_stub.F90,shr_mpi_commrank,SUBROUTINE,353,0,False,1,8,155.58941141594505,2.5588235294117645,398.1258468584476,22.118102603247088,0.05186313713864835
./models/01_CTSM/src/unit_test_stubs/csm_share/shr_mpi_mod_stub.F90,shr_mpi_initialized,SUBROUTINE,375,0,False,1,7,131.68575291675114,2.25,296.2929440626901,16.460719114593893,0.04389525097225038
./models/01_CTSM/src/unit_test_stubs/csm_share/shr_mpi_mod_stub.F90,shr_mpi_barrier,SUBROUTINE,427,0,False,1,6,114.4489595550095,2.357142857142857,269.7725475225224,14.987363751251245,0.038149653185003164
./models/01_CTSM/src/unit_test_stubs/csm_share/shr_mpi_mod_stub.F90,shr_mpi_init,SUBROUTINE,447,0,False,1,5,89.85848369899593,2.125,190.94927786036635,10.608293214464798,0.02995282789966531
./models/01_CTSM/src/unit_test_stubs/dyn_subgrid/dynFileMod_stub.F90,constructor,FUNCTION,31,0,False,1,5,83.76180828526729,1.5833333333333333,132.62286311833986,7.36793683990777,0.027920602761755765
./models/01_CTSM/src/unit_test_stubs/main/GetGlobalValuesMod_stub.F90,write_point_context,SUBROUTINE,13,0,False,1,4,64.5293250129808,2.5,161.323312532452,8.96240625180289,0.021509775004326936
./models/01_CTSM/src/unit_test_stubs/main/GetGlobalValuesMod_stub.F90,get_global_index,FUNCTION,21,0,False,1,5,87.56916320732489,3.6,315.2489875463696,17.51383264146498,0.029189721069108297
./models/01_CTSM/src/unit_test_stubs/main/histFileMod_stub.F90,hist_addfld1d,SUBROUTINE,22,0,False,1,23,951.2662002653855,7.0,6658.863401857699,369.93685565876103,0.31708873342179517
./models/01_CTSM/src/unit_test_stubs/main/histFileMod_stub.F90,hist_addfld2d,SUBROUTINE,54,0,False,1,24,991.8583000408375,6.771428571428571,6716.2976317051,373.12764620583886,0.3306194333469458
./models/01_CTSM/src/unit_test_stubs/main/histFileMod_stub.F90,hist_addfld_decomp,SUBROUTINE,87,0,False,1,15,468.8508029066055,4.545454545454546,2131.1400132118433,118.39666740065796,0.1562836009688685
./models/01_CTSM/src/unit_test_stubs/main/ncdio_dim.F90,constructor,FUNCTION,32,0,False,1,6,106.60593781761291,3.1363636363636362,334.3549867916041,18.575277043978005,0.03553531260587097
./models/01_CTSM/src/unit_test_stubs/main/ncdio_dim.F90,get_dimname,FUNCTION,43,0,False,1,4,70.30835464468075,1.4545454545454546,102.26669766499018,5.681483203610565,0.02343611821489358
./models/01_CTSM/src/unit_test_stubs/main/ncdio_dim.F90,get_dimlen,FUNCTION,51,0,False,1,4,55.35090589819676,1.5555555555555556,86.10140917497273,4.783411620831818,0.018450301966065584
./models/01_CTSM/src/unit_test_stubs/share_esmf/ExcessIceStreamType.F90,UseExcessIceStreams,FUNCTION,62,0,False,2,7,100.07820003461549,4.454545454545454,445.8028910632872,24.766827281293732,0.0333594000115385
./models/01_CTSM/src/unit_test_stubs/share_esmf/ExcessIceStreamType.F90,Init,SUBROUTINE,37,0,False,1,7,121.01398665684616,2.1176470588235294,256.2649129203801,14.236939606687782,0.040337995552282055
./models/01_CTSM/src/unit_test_stubs/share_esmf/ExcessIceStreamType.F90,CalcExcessIce,SUBROUTINE,49,0,False,1,7,171.17595007788486,2.6956521739130435,461.43082194908095,25.63504566383783,0.057058650025961624
./models/01_CTSM/src/unit_test_stubs/share_esmf/FireDataBaseType.F90,BaseFireInit,SUBROUTINE,87,0,False,2,7,129.32351694048162,3.235294117647059,418.39961363096995,23.24442297949833,0.04310783898016054
./models/01_CTSM/src/unit_test_stubs/share_esmf/FireDataBaseType.F90,FireInterp,SUBROUTINE,106,0,False,2,6,79.9544533632097,2.1818181818181817,174.4460800651848,9.691448892510266,0.02665148445440323
./models/01_CTSM/src/unit_test_stubs/share_esmf/FireDataBaseType.F90,BaseFireReadNML,SUBROUTINE,73,0,False,1,5,92.0,2.307692307692308,212.30769230769232,11.794871794871796,0.030666666666666665
./models/01_CTSM/src/unit_test_stubs/share_esmf/laiStreamMod.F90,lai_init,SUBROUTINE,28,0,False,1,3,33.0,0.7142857142857143,23.571428571428573,1.3095238095238095,0.011
./models/01_CTSM/src/unit_test_stubs/share_esmf/laiStreamMod.F90,lai_advance,SUBROUTINE,43,0,False,1,3,33.0,0.7142857142857143,23.571428571428573,1.3095238095238095,0.011
./models/01_CTSM/src/unit_test_stubs/share_esmf/laiStreamMod.F90,lai_interp,SUBROUTINE,58,0,False,1,5,79.9544533632097,0.7692307692307693,61.50342566400746,3.4168569813337477,0.02665148445440323
./models/01_CTSM/src/unit_test_stubs/share_esmf/PrigentRoughnessStreamType.F90,UseStreams,FUNCTION,65,0,False,2,10,118.94197037642039,5.25,624.4453444762071,34.691408026455946,0.039647323458806796
./models/01_CTSM/src/unit_test_stubs/share_esmf/PrigentRoughnessStreamType.F90,IsStreamInit,FUNCTION,86,0,False,2,10,136.16184010614157,4.0,544.6473604245663,30.25818669025368,0.04538728003538052
./models/01_CTSM/src/unit_test_stubs/share_esmf/PrigentRoughnessStreamType.F90,Init,SUBROUTINE,44,0,False,1,9,181.11039140121426,2.3181818181818183,419.84681643008764,23.32482313500487,0.06037013046707142
./models/01_CTSM/src/unit_test_stubs/share_esmf/PrigentRoughnessStreamType.F90,Clean,SUBROUTINE,107,0,False,1,7,82.0447025077789,2.25,184.6005806425025,10.255587813472362,0.02734823416925963
./models/01_CTSM/src/unit_test_stubs/share_esmf/ZenderSoilErodStreamType.F90,Init,SUBROUTINE,34,0,False,1,6,104.2481250360578,2.1999999999999997,229.34587507932713,12.741437504407063,0.03474937501201927
./models/01_CTSM/src/unit_test_stubs/share_esmf/ZenderSoilErodStreamType.F90,UseStreams,FUNCTION,52,0,False,1,5,51.89147427955946,1.4444444444444444,74.95435173714144,4.164130652063413,0.017297158093186486
./models/01_CTSM/src/unit_test_stubs/share_esmf/ZenderSoilErodStreamType.F90,CalcDustSource,SUBROUTINE,69,0,False,1,6,116.69205856195879,1.3888888888888888,162.07230355827608,9.00401686434867,0.03889735285398626
./models/01_CTSM/src/unit_test_stubs/utils/clmfates_paraminterfaceMod_stub.F90,FatesReadPFTs,SUBROUTINE,8,0,False,1,3,16.253496664211536,0.75,12.190122498158651,0.6772290276754807,0.005417832221403845
./models/01_CTSM/src/unit_test_stubs/utils/perfMod_stub.F90,t_startf,SUBROUTINE,38,0,False,1,5,68.53238859703687,2.8,191.89068807170324,10.66059378176129,0.022844129532345624
./models/01_CTSM/src/unit_test_stubs/utils/perfMod_stub.F90,t_stopf,SUBROUTINE,61,0,False,1,5,68.53238859703687,2.8,191.89068807170324,10.66059378176129,0.022844129532345624
./models/01_CTSM/src/utils/AnnualFluxDribbler.F90,set_curr_delta,SUBROUTINE,216,3,False,7,38,1122.0,17.08,19163.76,1064.6533333333332,0.374
./models/01_CTSM/src/utils/AnnualFluxDribbler.F90,set_metadata,SUBROUTINE,525,0,False,4,24,645.495084153561,13.571428571428573,8760.290427798329,486.6828015443516,0.215165028051187
./models/01_CTSM/src/utils/AnnualFluxDribbler.F90,get_amount_left_to_dribble,SUBROUTINE,573,1,False,3,19,569.666175073558,12.5,7120.827188419475,395.6015104677486,0.1898887250245193
./models/01_CTSM/src/utils/AnnualFluxDribbler.F90,get_curr_flux,SUBROUTINE,285,1,False,2,22,647.8556500836542,8.8,5701.129720736157,316.7294289297865,0.21595188336121804
./models/01_CTSM/src/utils/AnnualFluxDribbler.F90,get_dribbled_delta,SUBROUTINE,331,1,False,2,19,545.9431618637298,7.472972972972973,4079.8184933870616,226.65658296594788,0.1819810539545766
./models/01_CTSM/src/utils/AnnualFluxDribbler.F90,annual_flux_dribbler_gridcell,FUNCTION,139,0,False,1,12,298.0560051675714,4.166666666666667,1241.9000215315477,68.99444564064154,0.0993520017225238
./models/01_CTSM/src/utils/AnnualFluxDribbler.F90,annual_flux_dribbler_patch,FUNCTION,176,0,False,1,12,298.0560051675714,4.166666666666667,1241.9000215315477,68.99444564064154,0.0993520017225238
./models/01_CTSM/src/utils/AnnualFluxDribbler.F90,get_amount_left_to_dribble_beg,SUBROUTINE,373,0,False,1,9,240.36774610288018,3.5,841.2871113600806,46.738172853337815,0.08012258203429339
./models/01_CTSM/src/utils/AnnualFluxDribbler.F90,get_amount_left_to_dribble_end,SUBROUTINE,410,0,False,1,9,240.36774610288018,3.5,841.2871113600806,46.738172853337815,0.08012258203429339
./models/01_CTSM/src/utils/AnnualFluxDribbler.F90,Restart,SUBROUTINE,440,0,False,1,13,520.9214164514015,4.934210526315789,2570.335936437836,142.79644091321313,0.17364047215046716
./models/01_CTSM/src/utils/AnnualFluxDribbler.F90,Clean,SUBROUTINE,471,0,False,1,6,98.09910819000814,2.142857142857143,210.21237469287456,11.678465260715253,0.032699702730002715
./models/01_CTSM/src/utils/AnnualFluxDribbler.F90,allocate_and_initialize_data,SUBROUTINE,496,0,False,1,12,306.05280269303705,3.1730769230769234,971.1290854682908,53.95161585934949,0.10201760089767901
./models/01_CTSM/src/utils/clmfates_interfaceMod.F90,CLMFatesGlobals2,SUBROUTINE,393,0,False,40,211,4864.519235370432,22.768817204301076,110759.34925695581,6153.29718094199,1.621506411790144
./models/01_CTSM/src/utils/clmfates_interfaceMod.F90,dynamics_driv,SUBROUTINE,1102,7,False,28,156,7730.481209477125,41.85185185185185,323534.9543225611,17974.16412903117,2.5768270698257085
./models/01_CTSM/src/utils/clmfates_interfaceMod.F90,restart,SUBROUTINE,1773,10,False,25,139,7019.787988585781,42.487730061349694,298254.8571469376,16569.714285940976,2.339929329528594
./models/01_CTSM/src/utils/clmfates_interfaceMod.F90,init,SUBROUTINE,793,5,False,18,132,4769.136303845879,29.58823529411765,141110.32710791045,7839.462617106135,1.5897121012819597
./models/01_CTSM/src/utils/clmfates_interfaceMod.F90,wrap_update_hlmfates_dyn,SUBROUTINE,1541,5,False,16,100,5097.639665612739,36.288,184983.14818575507,10276.841565875282,1.699213221870913
./models/01_CTSM/src/utils/clmfates_interfaceMod.F90,init_coldstart,SUBROUTINE,2131,8,False,15,88,4081.7087552474513,29.624999999999996,120920.62187420572,6717.812326344762,1.3605695850824837
./models/01_CTSM/src/utils/clmfates_interfaceMod.F90,wrap_btran,SUBROUTINE,2445,7,False,10,68,3022.8280131693145,24.876404494382022,75197.09237254901,4177.61624291939,1.0076093377231048
./models/01_CTSM/src/utils/clmfates_interfaceMod.F90,WrapGlobalSeedDispersal,SUBROUTINE,2941,2,False,9,42,1273.3637111317748,12.985074626865671,16534.722816188718,918.5957120104844,0.42445457037725826
./models/01_CTSM/src/utils/clmfates_interfaceMod.F90,GetLandusePFTData,SUBROUTINE,3883,1,False,9,60,2117.064817537822,20.4,43188.12227777157,2399.3401265428647,0.7056882725126074
./models/01_CTSM/src/utils/clmfates_interfaceMod.F90,CLMFatesGlobals1,SUBROUTINE,303,0,False,7,52,803.0871836959105,8.75,7027.012857339218,390.3896031855121,0.2676957278986368
./models/01_CTSM/src/utils/clmfates_interfaceMod.F90,CrossRefHistoryFields,SUBROUTINE,697,3,False,7,53,1332.7038003115395,19.07894736842105,25426.58566383858,1412.5880924354767,0.44423460010384647
./models/01_CTSM/src/utils/clmfates_interfaceMod.F90,wrap_photosynthesis,SUBROUTINE,2616,4,False,7,75,3537.8117697733373,25.307692307692307,89533.851711956,4974.102872886444,1.1792705899244458
./models/01_CTSM/src/utils/clmfates_interfaceMod.F90,wrap_canopy_radiation,SUBROUTINE,2839,4,False,6,42,2020.887499736975,17.73972602739726,35849.990577525794,1991.6661431958773,0.6736291665789917
./models/01_CTSM/src/utils/clmfates_interfaceMod.F90,init_history_io,SUBROUTINE,3342,2,False,6,61,2456.196449232481,11.732142857142858,28816.4476276025,1600.913757089028,0.8187321497441603
./models/01_CTSM/src/utils/clmfates_interfaceMod.F90,ComputeRootSoilFlux,SUBROUTINE,3539,2,False,6,35,919.2642873222475,15.84375,14564.593552261858,809.1440862367699,0.3064214291074158
./models/01_CTSM/src/utils/clmfates_interfaceMod.F90,wrap_hydraulics_drive,SUBROUTINE,3601,4,False,6,56,2394.1472378729236,17.295180722891565,41407.20915622388,2300.4005086791044,0.7980490792909746
./models/01_CTSM/src/utils/clmfates_interfaceMod.F90,wrap_sunfrac,SUBROUTINE,2315,4,False,5,34,1239.5241035506433,9.436363636363637,11696.600177141527,649.8111209523071,0.41317470118354777
./models/01_CTSM/src/utils/clmfates_interfaceMod.F90,check_hlm_active,SUBROUTINE,1061,1,False,4,19,562.3214567196417,14.258064516129032,8017.61560871231,445.42308937290613,0.18744048557321388
./models/01_CTSM/src/utils/clmfates_interfaceMod.F90,UpdateNLitterFluxes,SUBROUTINE,1390,0,False,4,27,600.7739533203273,9.871794871794872,5930.71723149554,329.4842906386411,0.20025798444010912
./models/01_CTSM/src/utils/clmfates_interfaceMod.F90,UpdateCLitterFluxes,SUBROUTINE,1463,0,False,4,32,1542.1368443902006,25.56,39417.01774261353,2189.8343190340847,0.5140456147967335
./models/01_CTSM/src/utils/clmfates_interfaceMod.F90,wrap_update_hifrq_hist,SUBROUTINE,3073,2,False,4,29,1005.9319614408749,12.51,12584.208837625345,699.122713201408,0.33531065381362496
./models/01_CTSM/src/utils/clmfates_interfaceMod.F90,init_soil_depths,SUBROUTINE,3490,2,False,4,32,1105.8853053193718,20.79268292682927,22994.322506945475,1277.4623614969707,0.36862843510645726
./models/01_CTSM/src/utils/clmfates_interfaceMod.F90,prep_canopyfluxes,SUBROUTINE,2406,1,False,3,17,425.754247590989,5.823529411764706,2479.392383029877,137.7440212794376,0.14191808253032967
./models/01_CTSM/src/utils/clmfates_interfaceMod.F90,wrap_accumulatefluxes,SUBROUTINE,2745,1,False,3,23,707.8511627661065,11.022727272727273,7802.450316853675,433.46946204742636,0.23595038758870218
./models/01_CTSM/src/utils/clmfates_interfaceMod.F90,wrap_WoodProducts,SUBROUTINE,2785,1,False,3,21,595.0780464314654,10.0,5950.780464314654,330.5989146841474,0.19835934881048847
./models/01_CTSM/src/utils/clmfates_interfaceMod.F90,WrapUpdateFatesSeedInOut,SUBROUTINE,3033,1,False,3,21,482.17968041562756,7.411764705882353,3573.802337198181,198.54457428878783,0.16072656013854253
./models/01_CTSM/src/utils/clmfates_interfaceMod.F90,TransferZ0mDisp,SUBROUTINE,3132,2,False,3,27,872.167276875587,9.722222222222221,8479.404080734874,471.07800448527075,0.2907224256251957
./models/01_CTSM/src/utils/clmfates_interfaceMod.F90,WrapUpdateFatesRmean,SUBROUTINE,3320,2,False,3,13,448.0129894440897,5.625,2520.073065623005,140.00405920127804,0.1493376631480299
./models/01_CTSM/src/utils/clmfates_interfaceMod.F90,CLMFatesTimesteps,SUBROUTINE,781,0,False,1,5,34.86917501586544,2.8,97.63369004442322,5.424093891356845,0.011623058338621813
./models/01_CTSM/src/utils/clmfates_interfaceMod.F90,InterpFileInputs,SUBROUTINE,3174,0,False,1,8,149.27754454988144,2.736842105263158,408.5490692944124,22.697170516356245,0.04975918151662715
./models/01_CTSM/src/utils/clmfates_interfaceMod.F90,Init2,SUBROUTINE,3213,0,False,1,10,218.26124091941205,3.5238095238095237,769.1110394303091,42.728391079461616,0.07275374697313734
./models/01_CTSM/src/utils/clmfates_interfaceMod.F90,InitAccBuffer,SUBROUTINE,3242,0,False,1,8,147.1612434150308,2.888888888888889,425.1324809767557,23.618471165375315,0.04905374780501027
./models/01_CTSM/src/utils/clmfates_interfaceMod.F90,InitAccVars,SUBROUTINE,3268,0,False,1,8,147.1612434150308,2.888888888888889,425.1324809767557,23.618471165375315,0.04905374780501027
./models/01_CTSM/src/utils/clmfates_interfaceMod.F90,UpdateAccVars,SUBROUTINE,3294,0,False,1,8,147.1612434150308,2.888888888888889,425.1324809767557,23.618471165375315,0.04905374780501027
./models/01_CTSM/src/utils/clmfates_interfaceMod.F90,hlm_bounds_to_fates_bounds,SUBROUTINE,3712,0,False,1,73,2241.9349149024224,6.572164948453608,14734.366064436022,818.5758924686679,0.7473116383008075
./models/01_CTSM/src/utils/clmfates_interfaceMod.F90,GetAndSetTime,SUBROUTINE,3823,0,False,1,29,705.4144181112728,8.432432432432433,5948.359417586949,330.46441208816384,0.23513813937042424
./models/01_CTSM/src/utils/clmfates_paraminterfaceMod.F90,ParametersFromNetCDF,SUBROUTINE,147,1,False,8,58,1540.5484988896812,14.315068493150687,22053.05727862626,1225.16984881257,0.5135161662965604
./models/01_CTSM/src/utils/clmfates_paraminterfaceMod.F90,FatesReadPFTs,SUBROUTINE,45,0,False,3,30,633.0376252379815,7.304347826086956,4623.9270017383,256.88483342990554,0.21101254174599382
./models/01_CTSM/src/utils/clmfates_paraminterfaceMod.F90,GetUsedDimensionSizes,SUBROUTINE,117,1,False,2,19,405.21335833865237,4.387096774193548,1777.7102172276361,98.76167873486867,0.13507111944621747
./models/01_CTSM/src/utils/clmfates_paraminterfaceMod.F90,SetParameterDimensions,SUBROUTINE,91,0,False,1,14,330.68508468127203,2.903225806451613,960.0534716553059,53.336303980850325,0.11022836156042401
./models/01_CTSM/src/utils/clmfates_paraminterfaceMod.F90,Read,SUBROUTINE,216,0,False,1,7,133.78294855911892,2.7777777777777777,371.6193015531081,20.64551675295045,0.044594316186372975
./models/01_CTSM/src/utils/clm_nlUtilsMod.F90,find_nlgroup_name,SUBROUTINE,41,1,False,5,31,741.1416994232075,17.799999999999997,13192.32224973309,732.9067916518384,0.24704723314106916
./models/01_CTSM/src/utils/clm_time_manager.F90,timemgr_restart_io,SUBROUTINE,396,0,False,14,71,3624.413321651983,33.90845070422535,122898.24044897393,6827.680024942996,1.2081377738839945
./models/01_CTSM/src/utils/clm_time_manager.F90,set_timemgr_init,SUBROUTINE,141,0,False,11,25,727.9628520751327,15.3125,11146.93117240047,619.2739540222483,0.24265428402504421
./models/01_CTSM/src/utils/clm_time_manager.F90,get_curr_calday,FUNCTION,1089,0,False,11,49,1536.3113253591357,26.528301886792452,40755.73063122537,2264.2072572902985,0.512103775119712
./models/01_CTSM/src/utils/clm_time_manager.F90,timemgr_init,SUBROUTINE,179,0,False,8,45,1017.7801604018088,11.773584905660378,11982.921133787335,665.717840765963,0.33926005346726956
./models/01_CTSM/src/utils/clm_time_manager.F90,get_driver_start_ymd,FUNCTION,961,0,False,6,18,391.7346387762761,12.071428571428571,4728.79671094219,262.7109283856772,0.13057821292542537
./models/01_CTSM/src/utils/clm_time_manager.F90,get_curr_date,SUBROUTINE,808,0,False,5,24,769.2152486437835,17.799999999999997,13692.031425859344,760.6684125477414,0.2564050828812612
./models/01_CTSM/src/utils/clm_time_manager.F90,get_calday,FUNCTION,1203,0,False,5,26,655.5505675862255,15.777777777777779,10343.131177471558,574.6183987484198,0.21851685586207517
./models/01_CTSM/src/utils/clm_time_manager.F90,init_clock,SUBROUTINE,262,1,False,4,44,1753.1892982800978,18.81578947368421,32987.64074395447,1832.6467079974707,0.5843964327600326
./models/01_CTSM/src/utils/clm_time_manager.F90,timemgr_restart,SUBROUTINE,512,0,False,4,23,535.8413335052626,8.048780487804878,4312.869269676504,239.60384831536132,0.17861377783508753
./models/01_CTSM/src/utils/clm_time_manager.F90,get_average_days_per_year,FUNCTION,1307,0,False,4,25,614.0075190728994,15.461538461538463,9493.500871819446,527.4167151010803,0.2046691730242998
./models/01_CTSM/src/utils/clm_time_manager.F90,get_local_time,FUNCTION,1537,0,False,4,31,783.1970280865469,20.78787878787879,16281.004886890036,904.5002714938909,0.26106567602884895
./models/01_CTSM/src/utils/clm_time_manager.F90,TimeGetymd,FUNCTION,370,0,False,3,18,567.9005124895169,11.129032258064516,6320.1831228672045,351.12128460373356,0.18930017082983897
./models/01_CTSM/src/utils/clm_time_manager.F90,init_calendar,SUBROUTINE,569,0,False,3,19,438.6883841655666,9.655172413793103,4235.61198504685,235.31177694704724,0.14622946138852222
./models/01_CTSM/src/utils/clm_time_manager.F90,update_rad_dtime,SUBROUTINE,736,0,False,3,15,214.05271769459029,8.285714285714286,1773.579660898034,98.53220338322411,0.07135090589819676
./models/01_CTSM/src/utils/clm_time_manager.F90,get_rad_step_size,FUNCTION,761,0,False,3,9,140.55415752892034,6.375,896.0327542468672,49.77959745815929,0.04685138584297345
./models/01_CTSM/src/utils/clm_time_manager.F90,get_perp_date,SUBROUTINE,854,0,False,3,23,856.7290830274293,15.285714285714285,13095.715983419275,727.5397768566264,0.2855763610091431
./models/01_CTSM/src/utils/clm_time_manager.F90,get_doy_tomorrow,FUNCTION,1279,0,False,3,17,322.02276017514686,15.647058823529413,5038.709070975828,279.92828172087934,0.10734092005838229
./models/01_CTSM/src/utils/clm_time_manager.F90,get_curr_days_per_year,FUNCTION,1364,0,False,3,16,447.56234609063716,10.29032258064516,4605.560916223008,255.86449534572264,0.14918744869687905
./models/01_CTSM/src/utils/clm_time_manager.F90,get_local_timestep_time,FUNCTION,1504,0,False,3,21,556.8620251010043,15.516129032258066,8640.343034631713,480.0190574795396,0.1856206750336681
./models/01_CTSM/src/utils/clm_time_manager.F90,is_doy_in_interval,FUNCTION,1794,0,False,3,15,337.59701265360627,16.0,5401.5522024577,300.08623346987224,0.1125323375512021
./models/01_CTSM/src/utils/clm_time_manager.F90,to_upper,FUNCTION,1889,1,False,3,13,300.82814196102987,12.176470588235295,3663.0250227019524,203.50139015010848,0.10027604732034329
./models/01_CTSM/src/utils/clm_time_manager.F90,TimeSetymd,FUNCTION,339,0,False,2,18,646.2567488586706,15.166666666666668,9801.56069102317,544.5311495012872,0.21541891628622353
./models/01_CTSM/src/utils/clm_time_manager.F90,timemgr_print,SUBROUTINE,599,0,False,2,35,1560.0700600334783,12.654545454545454,19741.977486969106,1096.7765270538393,0.5200233533444928
./models/01_CTSM/src/utils/clm_time_manager.F90,get_curr_ESMF_Time,FUNCTION,688,0,False,2,8,162.84823041805248,6.4,1042.228674675536,57.90159303752978,0.05428274347268416
./models/01_CTSM/src/utils/clm_time_manager.F90,get_step_size,FUNCTION,705,0,False,2,5,82.0447025077789,4.333333333333333,355.5270442003752,19.7515024555764,0.02734823416925963
./models/01_CTSM/src/utils/clm_time_manager.F90,get_nstep,FUNCTION,777,0,False,2,9,192.56842503028855,7.0,1347.9789752120198,74.88772084511221,0.06418947501009618
./models/01_CTSM/src/utils/clm_time_manager.F90,get_prev_date,SUBROUTINE,903,0,False,2,11,359.0498111861476,7.407407407407407,2659.6282310085007,147.7571239449167,0.11968327039538254
./models/01_CTSM/src/utils/clm_time_manager.F90,get_start_date,SUBROUTINE,932,0,False,2,11,359.0498111861476,7.407407407407407,2659.6282310085007,147.7571239449167,0.11968327039538254
./models/01_CTSM/src/utils/clm_time_manager.F90,get_ref_date,SUBROUTINE,995,0,False,2,11,359.0498111861476,7.407407407407407,2659.6282310085007,147.7571239449167,0.11968327039538254
./models/01_CTSM/src/utils/clm_time_manager.F90,get_curr_time,SUBROUTINE,1024,0,False,2,15,429.1037751197119,9.666666666666668,4148.003159490549,230.44461997169714,0.14303459170657062
./models/01_CTSM/src/utils/clm_time_manager.F90,get_prev_time,SUBROUTINE,1058,0,False,2,15,429.1037751197119,9.666666666666668,4148.003159490549,230.44461997169714,0.14303459170657062
./models/01_CTSM/src/utils/clm_time_manager.F90,get_prev_calday,FUNCTION,1175,0,False,2,7,176.46653521143952,5.055555555555555,892.1363724578331,49.56313180321295,0.05882217840381317
./models/01_CTSM/src/utils/clm_time_manager.F90,get_prev_days_per_year,FUNCTION,1400,0,False,2,5,104.2481250360578,4.7727272727272725,497.54786949027584,27.641548305015323,0.03474937501201927
./models/01_CTSM/src/utils/clm_time_manager.F90,get_curr_yearfrac,FUNCTION,1418,0,False,2,11,281.76289771739914,7.809523809523809,2200.4340583644503,122.24633657580279,0.09392096590579971
./models/01_CTSM/src/utils/clm_time_manager.F90,get_prev_yearfrac,FUNCTION,1447,0,False,2,6,125.33591475173351,4.846153846153846,607.397125335324,33.74428474085133,0.041778638250577836
./models/01_CTSM/src/utils/clm_time_manager.F90,get_rest_date,SUBROUTINE,1468,0,False,2,14,346.3849750966349,7.833333333333333,2713.3489715903065,150.7416095327948,0.11546165836554496
./models/01_CTSM/src/utils/clm_time_manager.F90,is_near_local_noon,FUNCTION,1580,0,False,2,14,333.4050154002528,12.1875,4063.373625190581,225.7429791772545,0.1111350051334176
./models/01_CTSM/src/utils/clm_time_manager.F90,is_beg_curr_day,FUNCTION,1609,0,False,2,8,158.32466846199546,6.666666666666667,1055.4977897466365,58.63876609703536,0.05277488948733182
./models/01_CTSM/src/utils/clm_time_manager.F90,is_end_curr_day,FUNCTION,1634,0,False,2,8,158.32466846199546,6.666666666666667,1055.4977897466365,58.63876609703536,0.05277488948733182
./models/01_CTSM/src/utils/clm_time_manager.F90,is_end_curr_month,FUNCTION,1661,0,False,2,7,176.46653521143952,7.3125,1290.4115387336515,71.6895299296473,0.05882217840381317
./models/01_CTSM/src/utils/clm_time_manager.F90,is_beg_curr_year,FUNCTION,1684,0,False,2,7,195.04195997053841,7.875,1535.95543476799,85.33085748711056,0.06501398665684614
./models/01_CTSM/src/utils/clm_time_manager.F90,is_end_curr_year,FUNCTION,1707,0,False,2,7,195.04195997053841,7.875,1535.95543476799,85.33085748711056,0.06501398665684614
./models/01_CTSM/src/utils/clm_time_manager.F90,is_first_step,FUNCTION,1732,0,False,2,11,235.5603911808226,7.815789473684211,1841.0904258080081,102.28280143377823,0.07852013039360753
./models/01_CTSM/src/utils/clm_time_manager.F90,is_first_restart_step,FUNCTION,1754,0,False,2,5,82.0447025077789,4.333333333333333,355.5270442003752,19.7515024555764,0.02734823416925963
./models/01_CTSM/src/utils/clm_time_manager.F90,is_first_step_of_this_run_segment,FUNCTION,1767,0,False,2,5,94.0116453487578,4.8999999999999995,460.65706220891315,25.592059011606285,0.0313372151162526
./models/01_CTSM/src/utils/clm_time_manager.F90,is_perpetual,FUNCTION,1781,0,False,2,5,82.0447025077789,4.333333333333333,355.5270442003752,19.7515024555764,0.02734823416925963
./models/01_CTSM/src/utils/clm_time_manager.F90,chkrc,SUBROUTINE,1878,0,False,2,8,149.27754454988144,6.4,955.3762851192413,53.076460284402295,0.04975918151662715
./models/01_CTSM/src/utils/clm_time_manager.F90,is_restart,FUNCTION,1916,0,False,2,8,100.0,4.800000000000001,480.00000000000006,26.66666666666667,0.03333333333333333
./models/01_CTSM/src/utils/clm_time_manager.F90,check_timemgr_initialized,FUNCTION,1941,0,False,2,10,178.8135375281251,6.9,1233.8134089440632,68.54518938578128,0.059604512509375034
./models/01_CTSM/src/utils/clm_time_manager.F90,timemgr_reset,SUBROUTINE,1967,0,False,2,31,547.3263250706733,7.269230769230769,3978.6413630137404,221.03563127854113,0.1824421083568911
./models/01_CTSM/src/utils/clm_time_manager.F90,for_test_set_curr_date,SUBROUTINE,2064,0,False,2,24,795.7837227582361,12.375,9847.823569133172,547.1013093962873,0.265261240919412
./models/01_CTSM/src/utils/clm_time_manager.F90,advance_timestep,SUBROUTINE,671,0,False,1,8,140.55415752892034,3.59375,505.1165036195575,28.062027978864304,0.04685138584297345
./models/01_CTSM/src/utils/clm_time_manager.F90,get_step_size_real,FUNCTION,719,0,False,1,3,42.0,1.8333333333333333,77.0,4.277777777777778,0.014
./models/01_CTSM/src/utils/clm_time_manager.F90,update_DA_nstep,SUBROUTINE,729,0,False,1,3,20.67970000576925,1.5,31.019550008653873,1.723308333814104,0.006893233335256416
./models/01_CTSM/src/utils/clm_time_manager.F90,get_nstep_since_startup_or_lastDA_restart_or_pause,FUNCTION,796,0,False,1,4,66.60791492653966,2.6666666666666665,177.62110647077242,9.867839248376246,0.022202638308846556
./models/01_CTSM/src/utils/clm_time_manager.F90,get_calendar,FUNCTION,1266,0,False,1,4,39.0,1.6666666666666667,65.0,3.611111111111111,0.013
./models/01_CTSM/src/utils/clm_time_manager.F90,is_today_in_doy_interval,FUNCTION,1824,0,False,1,8,138.97373660251154,2.678571428571429,372.2510801852988,20.680615565849934,0.046324578867503845
./models/01_CTSM/src/utils/clm_time_manager.F90,timemgr_datediff,SUBROUTINE,1846,0,False,1,15,382.5744501067311,7.0,2678.0211507471176,148.7789528192843,0.1275248167022437
./models/01_CTSM/src/utils/clm_time_manager.F90,timemgr_spmdbcast,SUBROUTINE,1928,0,False,1,6,76.14709844115208,1.5,114.22064766172812,6.345591536762673,0.025382366147050694
./models/01_CTSM/src/utils/domainMod.F90,domain_init,SUBROUTINE,65,0,False,7,47,1292.9007395887093,18.979591836734695,24538.728322806117,1363.2626846003398,0.4309669131962364
./models/01_CTSM/src/utils/domainMod.F90,domain_clean,SUBROUTINE,143,0,False,5,26,564.3315344890182,10.606060606060606,5985.3344567017075,332.5185809278726,0.1881105114963394
./models/01_CTSM/src/utils/domainMod.F90,domain_check,SUBROUTINE,193,0,False,2,18,525.0,7.037037037037037,3694.4444444444443,205.2469135802469,0.175
./models/01_CTSM/src/utils/fileutils.F90,getfil,SUBROUTINE,51,0,False,10,45,777.0015018535549,14.60344827586207,11346.901242585536,630.3834023658632,0.2590005006178516
./models/01_CTSM/src/utils/fileutils.F90,opnfil,SUBROUTINE,117,0,False,5,23,522.1624251456735,14.75,7701.8957708986845,427.88309838326023,0.17405414171522451
./models/01_CTSM/src/utils/fileutils.F90,get_filename,FUNCTION,27,1,False,3,12,246.1243780580604,12.0,2953.4925366967245,164.08291870537357,0.0820414593526868
./models/01_CTSM/src/utils/fileutils.F90,getavu,FUNCTION,154,0,False,1,4,41.209025018750054,1.5714285714285714,64.75703931517866,3.597613295287703,0.013736341672916685
./models/01_CTSM/src/utils/fileutils.F90,relavu,SUBROUTINE,168,0,False,1,6,82.0447025077789,3.090909090909091,253.59271684222566,14.088484269012536,0.02734823416925963
./models/01_CTSM/src/utils/getdatetime.F90,getdatetime,SUBROUTINE,7,0,False,2,27,739.3421766372956,9.771428571428572,7224.42926885586,401.3571816031033,0.24644739221243184
./models/01_CTSM/src/utils/IssueFixedMetadataHandler.F90,copy_issue_fixed_metadata,SUBROUTINE,120,1,False,5,29,653.5305184632313,14.90909090909091,9743.54591163363,541.3081062018683,0.21784350615441042
./models/01_CTSM/src/utils/IssueFixedMetadataHandler.F90,write_issue_fixed_metadata,SUBROUTINE,37,0,False,3,18,356.12239888752373,7.846153846153846,2794.1911297328784,155.23284054071547,0.11870746629584124
./models/01_CTSM/src/utils/IssueFixedMetadataHandler.F90,read_issue_fixed_metadata,SUBROUTINE,85,0,False,2,15,300.0,6.44,1932.0000000000002,107.33333333333334,0.1
./models/01_CTSM/src/utils/IssueFixedMetadataHandler.F90,issue_fixed_attname,FUNCTION,169,0,False,1,8,169.4584015082173,4.264705882352941,722.6902417262208,40.149457873678934,0.05648613383607243
./models/01_CTSM/src/utils/MatrixMod.F90,inverse,SUBROUTINE,24,13,False,15,68,2021.7564252610584,45.5,91989.91734937816,5110.550963854342,0.6739188084203528
./models/01_CTSM/src/utils/NumericsMod.F90,truncate_small_values,SUBROUTINE,50,1,False,4,26,698.807247185574,15.5,10831.512331376398,601.7506850764665,0.23293574906185802
./models/01_CTSM/src/utils/NumericsMod.F90,truncate_small_values_one_lev,SUBROUTINE,102,1,False,4,29,823.7779644494512,16.714285714285715,13768.860262940829,764.9366812744905,0.27459265481648376
./models/01_CTSM/src/utils/point_of_interest.F90,poi_c,FUNCTION,49,0,False,2,10,192.56842503028855,5.166666666666667,994.9368626564909,55.274270147582826,0.06418947501009618
./models/01_CTSM/src/utils/point_of_interest.F90,at_poi,FUNCTION,71,0,False,2,11,317.06856386476,7.6521739130434785,2426.2637930520764,134.79243294733757,0.10568952128825333
./models/01_CTSM/src/utils/quadraticMod.F90,quadratic,SUBROUTINE,17,0,False,6,36,987.0020095030402,24.75,24428.299735200246,1357.1277630666802,0.3290006698343467
./models/01_CTSM/src/utils/SimpleMathMod.F90,array_normalization_2d,SUBROUTINE,24,6,False,11,37,884.3400573357168,28.333333333333332,25056.301624511976,1392.016756917332,0.2947800191119056
./models/01_CTSM/src/utils/SimpleMathMod.F90,array_div_vector_nofilter,SUBROUTINE,178,4,False,8,32,867.199227100951,22.75,19728.782416546637,1096.0434675859242,0.28906640903365033
./models/01_CTSM/src/utils/SimpleMathMod.F90,array_normalization_2d_filter,SUBROUTINE,82,4,False,6,32,854.4992626103369,23.47058823529412,20055.600340089673,1114.2000188938707,0.284833087536779
./models/01_CTSM/src/utils/SimpleMathMod.F90,array_div_vector_filter,SUBROUTINE,134,2,False,4,27,766.533261531514,22.272727272727273,17072.78627956554,948.4881266425299,0.2555110871771713
./models/01_CTSM/src/utils/SparseMatrixMultiplyMod.F90,SPMP_ABC,SUBROUTINE,1127,22,False,65,259,9622.939878416068,185.53846153846155,1785425.4605184274,99190.30336213486,3.2076466261386893
./models/01_CTSM/src/utils/SparseMatrixMultiplyMod.F90,SPMP_AB,SUBROUTINE,986,10,False,27,113,4403.774814180588,111.46153846153845,490851.5158267439,27269.52865704133,1.467924938060196
./models/01_CTSM/src/utils/SparseMatrixMultiplyMod.F90,SetValueA,SUBROUTINE,358,4,False,16,78,2679.1068179752688,42.63709677419355,114229.33666641328,6346.0742592451825,0.8930356059917562
./models/01_CTSM/src/utils/SparseMatrixMultiplyMod.F90,CopyIdxSM,SUBROUTINE,526,1,False,6,34,1004.6064017799009,28.470588235294116,28601.735203616,1588.9852890897778,0.3348688005933003
./models/01_CTSM/src/utils/SparseMatrixMultiplyMod.F90,SetValueSM,SUBROUTINE,253,3,False,5,42,1420.5242727316734,30.875,43858.686920590415,2436.5937178105787,0.4735080909105578
./models/01_CTSM/src/utils/SparseMatrixMultiplyMod.F90,SetValueA_diag,SUBROUTINE,314,3,False,5,29,871.2541501125004,19.0,16553.828852137507,919.6571584520838,0.29041805003750015
./models/01_CTSM/src/utils/SparseMatrixMultiplyMod.F90,SPMM_AX,SUBROUTINE,907,4,False,5,27,949.5963320728671,18.13235294117647,17218.41584479184,956.5786580439913,0.3165321106909557
./models/01_CTSM/src/utils/SparseMatrixMultiplyMod.F90,ReleaseSM,SUBROUTINE,164,0,False,4,18,272.28146997790384,7.333333333333333,1996.7307798379613,110.92948776877563,0.09076048999263461
./models/01_CTSM/src/utils/SparseMatrixMultiplyMod.F90,IsEquivIdxSM,FUNCTION,212,0,False,4,23,452.7841928712802,15.0,6791.762893069203,377.32016072606683,0.15092806429042674
./models/01_CTSM/src/utils/SparseMatrixMultiplyMod.F90,SetValueDM,SUBROUTINE,695,2,False,4,24,670.0060777522203,16.545454545454547,11085.555104627647,615.8641724793138,0.2233353592507401
./models/01_CTSM/src/utils/SparseMatrixMultiplyMod.F90,SetValueV_scaler,SUBROUTINE,805,2,False,4,19,441.7200318756511,11.0,4858.920350632162,269.94001947956457,0.14724001062521702
./models/01_CTSM/src/utils/SparseMatrixMultiplyMod.F90,SetValueV,SUBROUTINE,838,2,False,4,24,670.0060777522203,16.545454545454547,11085.555104627647,615.8641724793138,0.2233353592507401
./models/01_CTSM/src/utils/SparseMatrixMultiplyMod.F90,InitSM,SUBROUTINE,123,0,False,3,28,684.8243126929026,17.032258064516128,11664.104422640405,648.0058012578003,0.2282747708976342
./models/01_CTSM/src/utils/SparseMatrixMultiplyMod.F90,SetValueCopySM,SUBROUTINE,457,0,False,3,23,758.8609949905843,19.5,14797.789402316395,822.0994112397998,0.25295366499686145
./models/01_CTSM/src/utils/SparseMatrixMultiplyMod.F90,SetValueCopyDM,SUBROUTINE,494,0,False,3,19,470.4631751312504,12.307692307692308,5790.31600161539,321.6842223119661,0.15682105837708346
./models/01_CTSM/src/utils/SparseMatrixMultiplyMod.F90,IsValuesSetSM,FUNCTION,580,0,False,3,10,141.7774500490386,6.363636363636363,902.2201366757001,50.12334092642779,0.0472591500163462
./models/01_CTSM/src/utils/SparseMatrixMultiplyMod.F90,IsValuesSetDM,FUNCTION,602,0,False,3,10,141.7774500490386,6.363636363636363,902.2201366757001,50.12334092642779,0.0472591500163462
./models/01_CTSM/src/utils/SparseMatrixMultiplyMod.F90,SPMM_AK,SUBROUTINE,876,2,False,3,15,400.0,8.96,3584.0000000000005,199.11111111111114,0.13333333333333333
./models/01_CTSM/src/utils/SparseMatrixMultiplyMod.F90,SPMP_B_ACC,SUBROUTINE,951,2,False,3,18,510.0,11.200000000000001,5712.000000000001,317.33333333333337,0.17
./models/01_CTSM/src/utils/SparseMatrixMultiplyMod.F90,IsAllocSM,FUNCTION,193,0,False,2,8,133.437600046154,5.5,733.906800253847,40.77260001410261,0.04447920001538466
./models/01_CTSM/src/utils/SparseMatrixMultiplyMod.F90,InitDM,SUBROUTINE,624,0,False,2,16,318.9478887145537,9.090909090909092,2899.5262610413974,161.08479228007764,0.10631596290485124
./models/01_CTSM/src/utils/SparseMatrixMultiplyMod.F90,ReleaseDM,SUBROUTINE,654,0,False,2,10,145.94737505048093,5.0,729.7368752524046,40.54093751402248,0.04864912501682698
./models/01_CTSM/src/utils/SparseMatrixMultiplyMod.F90,IsAllocDM,FUNCTION,675,0,False,2,8,93.76537429460444,4.0,375.06149717841777,20.836749843245432,0.03125512476486815
./models/01_CTSM/src/utils/SparseMatrixMultiplyMod.F90,InitV,SUBROUTINE,733,0,False,2,16,318.9478887145537,9.090909090909092,2899.5262610413974,161.08479228007764,0.10631596290485124
./models/01_CTSM/src/utils/SparseMatrixMultiplyMod.F90,ReleaseV,SUBROUTINE,763,0,False,2,10,145.94737505048093,5.0,729.7368752524046,40.54093751402248,0.04864912501682698
./models/01_CTSM/src/utils/SparseMatrixMultiplyMod.F90,IsAllocV,FUNCTION,785,0,False,2,8,93.76537429460444,4.0,375.06149717841777,20.836749843245432,0.03125512476486815
./models/01_CTSM/src/utils/spmdMod.F90,spmd_init,SUBROUTINE,64,2,False,5,42,1109.0478821242598,18.28125,20274.781595084125,1126.3767552824513,0.36968262737475327
./models/01_CTSM/tools/mksurfdata_esmf/src/mkagfirepkmonthMod.F90,mkagfirepkmon,SUBROUTINE,36,2,False,33,117,4674.777548744944,31.013513513513512,144981.2766806709,8054.515371148384,1.5582591829149814
./models/01_CTSM/tools/mksurfdata_esmf/src/mkagfirepkmonthMod.F90,get_dominant_indices,SUBROUTINE,205,3,False,8,33,859.0506061496269,12.0375,10340.821671526133,574.490092862563,0.28635020204987566
./models/01_CTSM/tools/mksurfdata_esmf/src/mkchecksMod.F90,min_bad_r8,FUNCTION,31,1,False,3,16,388.4183471906009,10.125,3932.7357653048343,218.485320294713,0.12947278239686696
./models/01_CTSM/tools/mksurfdata_esmf/src/mkchecksMod.F90,min_bad_r4,FUNCTION,62,1,False,3,16,388.4183471906009,10.125,3932.7357653048343,218.485320294713,0.12947278239686696
./models/01_CTSM/tools/mksurfdata_esmf/src/mkchecksMod.F90,min_bad_int,FUNCTION,93,1,False,3,16,348.3892322882048,10.714285714285714,3732.74177451648,207.37454302869332,0.11612974409606827
./models/01_CTSM/tools/mksurfdata_esmf/src/mkchecksMod.F90,max_bad_r8,FUNCTION,125,1,False,3,16,388.4183471906009,10.125,3932.7357653048343,218.485320294713,0.12947278239686696
./models/01_CTSM/tools/mksurfdata_esmf/src/mkchecksMod.F90,max_bad_r4,FUNCTION,156,1,False,3,16,388.4183471906009,10.125,3932.7357653048343,218.485320294713,0.12947278239686696
./models/01_CTSM/tools/mksurfdata_esmf/src/mkchecksMod.F90,max_bad_int,FUNCTION,187,1,False,3,16,348.3892322882048,10.714285714285714,3732.74177451648,207.37454302869332,0.11612974409606827
./models/01_CTSM/tools/mksurfdata_esmf/src/mkdiagnosticsMod.F90,output_diagnostics_index,SUBROUTINE,343,3,False,17,82,2770.5144512605807,46.427419354838705,128627.83625731582,7145.990903184213,0.9235048170868603
./models/01_CTSM/tools/mksurfdata_esmf/src/mkdiagnosticsMod.F90,output_diagnostics_continuous,SUBROUTINE,140,2,False,16,104,3362.358964381628,44.78358208955224,150578.4786959265,8365.471038662583,1.1207863214605427
./models/01_CTSM/tools/mksurfdata_esmf/src/mkdiagnosticsMod.F90,output_diagnostics_area,SUBROUTINE,31,2,False,11,82,2788.9989035407107,32.323943661971825,90151.44343135113,5008.413523963952,0.9296663011802369
./models/01_CTSM/tools/mksurfdata_esmf/src/mkdiagnosticsMod.F90,output_diagnostics_continuous_outonly,SUBROUTINE,272,1,False,6,46,1320.0,21.28,28089.600000000002,1560.5333333333335,0.44
./models/01_CTSM/tools/mksurfdata_esmf/src/mkdomainMod.F90,mkdomain,SUBROUTINE,27,1,False,6,33,832.1594126074523,13.421052631578947,11168.455274468439,620.4697374704688,0.27738647086915075
./models/01_CTSM/tools/mksurfdata_esmf/src/mkesmfMod.F90,create_routehandle_r4,SUBROUTINE,30,0,False,11,43,1653.0607835607714,15.186567164179106,25104.318616016193,1394.684367556455,0.5510202611869238
./models/01_CTSM/tools/mksurfdata_esmf/src/mkesmfMod.F90,create_routehandle_r8,SUBROUTINE,103,0,False,11,43,1618.2132259818886,15.399999999999999,24920.483680121084,1384.4713155622824,0.5394044086606296
./models/01_CTSM/tools/mksurfdata_esmf/src/mkesmfMod.F90,regrid_rawdata1d_r8,SUBROUTINE,222,0,False,9,33,1213.2411229462662,9.0,10919.170106516396,606.6205614731331,0.4044137076487554
./models/01_CTSM/tools/mksurfdata_esmf/src/mkesmfMod.F90,regrid_rawdata2d_r4,SUBROUTINE,269,0,False,9,34,1417.7169748962037,9.679245283018869,13722.43034191986,762.35724121777,0.47257232496540125
./models/01_CTSM/tools/mksurfdata_esmf/src/mkesmfMod.F90,regrid_rawdata2d_r8,SUBROUTINE,319,0,False,9,34,1417.7169748962037,9.679245283018869,13722.43034191986,762.35724121777,0.47257232496540125
./models/01_CTSM/tools/mksurfdata_esmf/src/mkesmfMod.F90,regrid_rawdata1d_r4,SUBROUTINE,176,0,False,8,32,1184.0766728754425,8.823529411764707,10447.735348900964,580.4297416056091,0.39469222429181416
./models/01_CTSM/tools/mksurfdata_esmf/src/mkesmfMod.F90,get_meshareas,SUBROUTINE,370,0,False,4,17,529.5648670078178,6.905405405405405,3656.86009514858,203.1588941749211,0.1765216223359393
./models/01_CTSM/tools/mksurfdata_esmf/src/mkfileMod.F90,mkfile_define_vars,SUBROUTINE,240,0,False,15,159,10461.095800190797,145.5,1522089.4389277608,84560.5243848756,3.487031933396932
./models/01_CTSM/tools/mksurfdata_esmf/src/mkfileMod.F90,mkfile_define_dims,SUBROUTINE,39,0,False,5,36,910.9525716751326,18.180555555555554,16561.62383781595,920.0902132119973,0.3036508572250442
./models/01_CTSM/tools/mksurfdata_esmf/src/mkfileMod.F90,mkfile_define_atts,SUBROUTINE,92,0,False,5,120,4366.284844250642,24.55851063829787,107229.45279736815,5957.191822076009,1.4554282814168806
./models/01_CTSM/tools/mksurfdata_esmf/src/mkfileMod.F90,mkfile_output_int1d,SUBROUTINE,711,0,False,2,16,421.96572261594497,6.774193548387098,2858.4774757854343,158.8043042103019,0.14065524087198167
./models/01_CTSM/tools/mksurfdata_esmf/src/mkfileMod.F90,mkfile_output_int2d,SUBROUTINE,737,0,False,2,16,421.96572261594497,6.774193548387098,2858.4774757854343,158.8043042103019,0.14065524087198167
./models/01_CTSM/tools/mksurfdata_esmf/src/mkfileMod.F90,mkfile_output_real1dr8,SUBROUTINE,763,0,False,2,16,447.04195997053847,6.352941176470589,2840.0312751069505,157.77951528371946,0.14901398665684615
./models/01_CTSM/tools/mksurfdata_esmf/src/mkfileMod.F90,mkfile_output_real2dr8,SUBROUTINE,789,0,False,2,17,501.48552031842473,6.583333333333334,3301.4463420962966,183.41368567201647,0.16716184010614157
./models/01_CTSM/tools/mksurfdata_esmf/src/mkfileMod.F90,mkfile_output_real1dr4,SUBROUTINE,816,0,False,2,16,447.04195997053847,6.352941176470589,2840.0312751069505,157.77951528371946,0.14901398665684615
./models/01_CTSM/tools/mksurfdata_esmf/src/mkfileMod.F90,mkfile_output_real2dr4,SUBROUTINE,842,0,False,2,17,501.48552031842473,6.583333333333334,3301.4463420962966,183.41368567201647,0.16716184010614157
./models/01_CTSM/tools/mksurfdata_esmf/src/mkgdpMod.F90,mkgdp,SUBROUTINE,31,1,False,23,85,3080.6567602884897,25.75925925925926,79355.43617706091,4408.635343170051,1.02688558676283
./models/01_CTSM/tools/mksurfdata_esmf/src/mkglacierregionMod.F90,mkglacierregion,SUBROUTINE,34,5,False,29,103,3502.219239927444,33.31764705882353,116685.7045585238,6482.539142140211,1.167406413309148
./models/01_CTSM/tools/mksurfdata_esmf/src/mkglcmecMod.F90,mkglcmec,SUBROUTINE,109,13,False,69,260,10362.437607030928,63.39705882352941,656948.0665280931,36497.11480711628,3.4541458690103095
./models/01_CTSM/tools/mksurfdata_esmf/src/mkglcmecMod.F90,mkglacier,SUBROUTINE,485,2,False,25,94,3517.0992772983727,28.07865168539326,98755.40555020937,5486.411419456076,1.1723664257661242
./models/01_CTSM/tools/mksurfdata_esmf/src/mkglcmecMod.F90,mkglcmecInit,SUBROUTINE,42,0,False,7,44,1441.7071922885998,11.925,17192.358268041553,955.1310148911974,0.4805690640961999
./models/01_CTSM/tools/mksurfdata_esmf/src/mkglcmecMod.F90,get_elevclass,FUNCTION,630,1,False,7,35,666.8100308005056,14.807692307692308,9873.917763776719,548.5509868764843,0.2222700102668352
./models/01_CTSM/tools/mksurfdata_esmf/src/mkglcmecMod.F90,mean_elevation_vc,FUNCTION,685,0,False,4,16,398.08422511105806,12.434782608695652,4950.09079920707,275.00504440039276,0.13269474170368603
./models/01_CTSM/tools/mksurfdata_esmf/src/mkharvestMod.F90,mkharvest,SUBROUTINE,64,4,False,38,149,5431.227866025368,34.48717948717948,187307.73025138766,10405.985013965981,1.8104092886751226
./models/01_CTSM/tools/mksurfdata_esmf/src/mkharvestMod.F90,mkharvest_check_input_var,SUBROUTINE,267,0,False,7,46,1045.3238859703686,14.666666666666666,15331.416994232071,851.7453885684484,0.3484412953234562
./models/01_CTSM/tools/mksurfdata_esmf/src/mkindexmapMod.F90,lookup_2d,SUBROUTINE,42,1,False,14,73,1838.528574644495,38.25,70323.71798015194,3906.873221119552,0.6128428582148316
./models/01_CTSM/tools/mksurfdata_esmf/src/mkindexmapMod.F90,lookup_2d_netcdf,SUBROUTINE,185,3,False,10,108,3395.2770251690163,38.97435897435897,132328.74559633087,7351.596977573938,1.131759008389672
./models/01_CTSM/tools/mksurfdata_esmf/src/mkindexmapMod.F90,which_max,SUBROUTINE,398,1,False,4,18,366.12633766658706,11.368421052631579,4162.278365051727,231.23768694731814,0.12204211255552902
./models/01_CTSM/tools/mksurfdata_esmf/src/mkindexmapMod.F90,check_dimname,SUBROUTINE,363,0,False,2,11,229.24812503605781,9.6,2200.7820003461547,122.26566668589749,0.07641604167868594
./models/01_CTSM/tools/mksurfdata_esmf/src/mkindexmapMod.F90,check_dimsize,SUBROUTINE,379,0,False,2,11,197.65428402504423,8.923076923076923,1763.684380531164,97.98246558506466,0.0658847613416814
./models/01_CTSM/tools/mksurfdata_esmf/src/mkinputMod.F90,write_namelist_input,SUBROUTINE,367,0,False,10,109,2421.6868125952906,13.707692307692307,33195.737692652365,1844.2076495917981,0.8072289375317635
./models/01_CTSM/tools/mksurfdata_esmf/src/mkinputMod.F90,check_namelist_input,SUBROUTINE,331,0,False,6,25,341.32219946608984,10.352941176470589,3533.6886532959893,196.31603629422162,0.11377406648869662
./models/01_CTSM/tools/mksurfdata_esmf/src/mkinputMod.F90,read_namelist_input,SUBROUTINE,125,0,False,5,27,1018.7063568610246,7.617977528089888,7760.482134289603,431.13789634942236,0.33956878562034154
./models/01_CTSM/tools/mksurfdata_esmf/src/mkinputMod.F90,bcast_namelist_input,SUBROUTINE,231,0,False,1,68,3654.0744388448957,6.564102564102564,23985.719393443418,1332.539966302412,1.2180248129482985
./models/01_CTSM/tools/mksurfdata_esmf/src/mklaiMod.F90,mklai,SUBROUTINE,33,10,False,43,190,6970.122194523613,48.48695652173913,337960.01179707533,18775.55621094863,2.3233740648412042
./models/01_CTSM/tools/mksurfdata_esmf/src/mklaiMod.F90,check_global_sums,SUBROUTINE,292,5,False,7,46,1607.2298184795422,26.8125,43093.849507982726,2394.1027504434846,0.5357432728265141
./models/01_CTSM/tools/mksurfdata_esmf/src/mklanwatMod.F90,mklakdep,SUBROUTINE,179,2,False,26,95,3280.1566825670025,28.0,91844.38711187607,5102.465950659782,1.0933855608556675
./models/01_CTSM/tools/mksurfdata_esmf/src/mklanwatMod.F90,mkwetlnd,SUBROUTINE,329,2,False,25,81,2804.859489925638,26.18181818181818,73436.32119078033,4079.7956217100186,0.934953163308546
./models/01_CTSM/tools/mksurfdata_esmf/src/mklanwatMod.F90,mkpctlak,SUBROUTINE,38,2,False,24,84,2923.2967235008787,28.0,81852.3082580246,4547.350458779144,0.9744322411669596
./models/01_CTSM/tools/mksurfdata_esmf/src/mklanwatMod.F90,update_max_array_lake,SUBROUTINE,453,1,False,3,12,267.9250639340422,7.368421052631579,1974.1846816192583,109.67692675662546,0.08930835464468073
./models/01_CTSM/tools/mksurfdata_esmf/src/mkpctPftTypeMod.F90,get_pct_p2l_array,SUBROUTINE,514,3,False,7,33,895.1246921812743,24.431034482758623,21868.82222104941,1214.9345678360783,0.2983748973937581
./models/01_CTSM/tools/mksurfdata_esmf/src/mkpctPftTypeMod.F90,convert_from_p2g,SUBROUTINE,376,0,False,6,32,933.4819705736352,27.466666666666665,25639.63812508918,1424.4243402827321,0.3111606568578784
./models/01_CTSM/tools/mksurfdata_esmf/src/mkpctPftTypeMod.F90,update_max_array,SUBROUTINE,468,2,False,6,26,682.2305767476661,21.0,14326.842111700988,795.9356728722771,0.22741019224922202
./models/01_CTSM/tools/mksurfdata_esmf/src/mkpctPftTypeMod.F90,remove_small_cover,SUBROUTINE,315,1,False,5,34,826.7344390340264,17.926829268292682,14820.727138780716,823.373729932262,0.2755781463446755
./models/01_CTSM/tools/mksurfdata_esmf/src/mkpctPftTypeMod.F90,check_vals,SUBROUTINE,431,0,False,4,20,548.0120501528851,17.804347826086957,9756.997153808976,542.055397433832,0.18267068338429504
./models/01_CTSM/tools/mksurfdata_esmf/src/mkpctPftTypeMod.F90,constructor_pong,FUNCTION,59,0,False,2,15,388.3466359948253,11.203703703703704,4350.920644016099,241.71781355644993,0.12944887866494176
./models/01_CTSM/tools/mksurfdata_esmf/src/mkpctPftTypeMod.F90,set_pct_l2g,SUBROUTINE,228,0,False,2,11,287.2398489489181,9.391304347826088,2697.5568423028835,149.86426901682685,0.09574661631630603
./models/01_CTSM/tools/mksurfdata_esmf/src/mkpctPftTypeMod.F90,set_one_pct_p2g,SUBROUTINE,251,0,False,2,17,491.59701408907415,11.647058823529411,5725.659340566864,318.092185587048,0.1638656713630247
./models/01_CTSM/tools/mksurfdata_esmf/src/mkpctPftTypeMod.F90,constructor,FUNCTION,93,0,False,1,12,293.24865024551383,5.434782608695652,1593.7426643777926,88.54125913209958,0.09774955008183794
./models/01_CTSM/tools/mksurfdata_esmf/src/mkpctPftTypeMod.F90,constructor_empty,FUNCTION,119,0,False,1,6,108.41805003750011,2.0999999999999996,227.6779050787502,12.64877250437501,0.036139350012500036
./models/01_CTSM/tools/mksurfdata_esmf/src/mkpctPftTypeMod.F90,get_pct_p2l,FUNCTION,142,0,False,1,6,138.3016990363956,2.2941176470588234,317.2803683776134,17.626687132089632,0.0461005663454652
./models/01_CTSM/tools/mksurfdata_esmf/src/mkpctPftTypeMod.F90,get_pct_p2g,FUNCTION,159,0,False,1,6,176.46653521143952,2.857142857142857,504.1901006041129,28.010561144672938,0.05882217840381317
./models/01_CTSM/tools/mksurfdata_esmf/src/mkpctPftTypeMod.F90,get_pct_l2g,FUNCTION,176,0,False,1,6,123.18989788986397,2.15625,265.6282173250192,14.757123184723289,0.04106329929662132
./models/01_CTSM/tools/mksurfdata_esmf/src/mkpctPftTypeMod.F90,get_first_pft_index,FUNCTION,193,0,False,1,6,121.01398665684616,2.0294117647058822,245.58720821536426,13.643733789742459,0.040337995552282055
./models/01_CTSM/tools/mksurfdata_esmf/src/mkpctPftTypeMod.F90,get_one_pct_p2g,FUNCTION,210,0,False,1,7,183.31714900750256,2.8181818181818183,516.6210562938709,28.701169794103937,0.06110571633583419
./models/01_CTSM/tools/mksurfdata_esmf/src/mkpctPftTypeMod.F90,merge_pfts,SUBROUTINE,294,0,False,1,9,224.66316253533665,5.394736842105264,1211.9986399932636,67.33325777740353,0.07488772084511222
./models/01_CTSM/tools/mksurfdata_esmf/src/mkpctPftTypeMod.F90,get_pct_l2g_array,SUBROUTINE,566,0,False,1,7,140.55415752892034,2.1666666666666665,304.5340079793274,16.91855599885152,0.04685138584297345
./models/01_CTSM/tools/mksurfdata_esmf/src/mkpeatMod.F90,mkpeat,SUBROUTINE,31,1,False,23,85,3161.8313054870696,27.333333333333332,86423.38901664657,4801.299389813698,1.0539437684956898
./models/01_CTSM/tools/mksurfdata_esmf/src/mkpftMod.F90,mkpft,SUBROUTINE,188,22,False,77,282,11084.684265314427,72.55862068965517,804289.4010715385,44682.74450397436,3.694894755104809
./models/01_CTSM/tools/mksurfdata_esmf/src/mkpftMod.F90,mkpftInit,SUBROUTINE,36,0,False,9,40,825.0630087111849,26.208333333333336,21623.52635330564,1201.307019628091,0.27502100290372833
./models/01_CTSM/tools/mksurfdata_esmf/src/mkpftUtilsMod.F90,convert_from_p2g_missing_crops,SUBROUTINE,75,1,False,4,35,892.0075628353376,17.121951219512194,15272.909978302609,848.4949987945894,0.29733585427844583
./models/01_CTSM/tools/mksurfdata_esmf/src/mkpftUtilsMod.F90,convert_from_p2g_default,SUBROUTINE,29,0,False,3,27,686.9503875887021,12.5,8586.879844858777,477.04888026993206,0.2289834625295674
./models/01_CTSM/tools/mksurfdata_esmf/src/mkpftUtilsMod.F90,get_default_natpft,FUNCTION,149,0,False,1,8,181.11039140121426,2.1818181818181817,395.14994487537655,21.9527747152987,0.06037013046707142
./models/01_CTSM/tools/mksurfdata_esmf/src/mkpftUtilsMod.F90,get_default_cft,FUNCTION,176,0,False,1,8,181.11039140121426,2.1818181818181817,395.14994487537655,21.9527747152987,0.06037013046707142
./models/01_CTSM/tools/mksurfdata_esmf/src/mkpioMod.F90,mkpio_iodesc_output,SUBROUTINE,527,3,False,38,139,4788.294475745847,55.45945945945946,265556.2233575805,14753.123519865583,1.5960981585819491
./models/01_CTSM/tools/mksurfdata_esmf/src/mkpioMod.F90,mkpio_iodesc_rawdata,SUBROUTINE,393,3,False,24,104,3539.4779799059243,41.684210526315795,147540.34526765748,8196.685848203193,1.1798259933019748
./models/01_CTSM/tools/mksurfdata_esmf/src/mkpioMod.F90,mkpio_defvar,SUBROUTINE,824,1,False,15,67,1953.0374923881313,21.330000000000002,41658.28971263884,2314.349428479936,0.6510124974627104
./models/01_CTSM/tools/mksurfdata_esmf/src/mkpioMod.F90,mkpio_get_rawdata2d_level_real8,SUBROUTINE,1200,8,False,13,62,1837.4958122849698,19.553571428571427,35929.605615215034,1996.0892008452797,0.6124986040949899
./models/01_CTSM/tools/mksurfdata_esmf/src/mkpioMod.F90,mkpio_wopen,SUBROUTINE,728,0,False,9,36,1084.917542634642,15.423913043478262,16733.673836940838,929.6485464967132,0.36163918087821395
./models/01_CTSM/tools/mksurfdata_esmf/src/mkpioMod.F90,mkpio_get_rawdata2d_real4,SUBROUTINE,253,4,False,8,48,1395.2005138052875,16.794642857142858,23431.894343462016,1301.771907970112,0.46506683793509584
./models/01_CTSM/tools/mksurfdata_esmf/src/mkpioMod.F90,mkpio_get_rawdata2d_real8,SUBROUTINE,322,4,False,8,50,1446.510791999012,16.593220338983052,24002.27229435649,1333.459571908694,0.4821702639996707
./models/01_CTSM/tools/mksurfdata_esmf/src/mkpioMod.F90,mkpio_get_rawdata1d_real8,SUBROUTINE,182,0,False,7,51,1531.287032756666,15.327868852459016,23471.366813565288,1303.9648229758493,0.5104290109188886
./models/01_CTSM/tools/mksurfdata_esmf/src/mkpioMod.F90,mkpio_get_rawdata1d_real4,SUBROUTINE,118,0,False,6,46,1332.0,15.462962962962962,20596.666666666664,1144.2592592592591,0.444
./models/01_CTSM/tools/mksurfdata_esmf/src/mkpioMod.F90,mkpio_close,SUBROUTINE,782,0,False,5,24,637.7557494445439,10.153846153846155,6475.673763590754,359.75965353281964,0.21258524981484797
./models/01_CTSM/tools/mksurfdata_esmf/src/mkpioMod.F90,mkpio_get_rawdata1d_level_real4,SUBROUTINE,1091,0,False,5,41,1195.0281230060248,14.23469387755102,17010.85950605515,945.0477503363971,0.3983427076686749
./models/01_CTSM/tools/mksurfdata_esmf/src/mkpioMod.F90,mkpio_get_rawdata1d_level_real8,SUBROUTINE,1146,0,False,5,40,1171.5961990255144,13.959183673469386,16354.52653333575,908.5848074075416,0.3905320663418381
./models/01_CTSM/tools/mksurfdata_esmf/src/mkpioMod.F90,mkpio_get_rawdata1d_int,SUBROUTINE,65,0,False,4,34,931.4189782252839,12.5,11642.73722781605,646.8187348786694,0.3104729927417613
./models/01_CTSM/tools/mksurfdata_esmf/src/mkpioMod.F90,mkpio_file_exists,FUNCTION,702,0,False,4,13,304.22721692772814,6.8478260869565215,2083.2950724398775,115.73861513554874,0.10140907230924272
./models/01_CTSM/tools/mksurfdata_esmf/src/mkpioMod.F90,mkpio_get_dimlengths,SUBROUTINE,1050,1,False,3,23,555.4086945462124,11.045454545454545,6134.741489760436,340.81897165335755,0.18513623151540412
./models/01_CTSM/tools/mksurfdata_esmf/src/mkpioMod.F90,mkpio_def_spatial_var_0lev,SUBROUTINE,915,0,False,2,13,442.2045377012025,11.025,4875.305028155758,270.85027934198655,0.14740151256706752
./models/01_CTSM/tools/mksurfdata_esmf/src/mkpioMod.F90,mkpio_def_spatial_var_1lev,SUBROUTINE,942,0,False,2,14,500.3720424981399,11.295454545454545,5651.929661853988,313.9960923252216,0.16679068083271328
./models/01_CTSM/tools/mksurfdata_esmf/src/mkpioMod.F90,mkpio_def_spatial_var_2lev,SUBROUTINE,973,0,False,2,15,599.4577535568119,12.104166666666668,7255.936558677245,403.10758659318026,0.19981925118560395
./models/01_CTSM/tools/mksurfdata_esmf/src/mkpioMod.F90,mkpio_put_time_slice_1d,SUBROUTINE,1006,0,False,1,11,302.20597493359935,3.925925925925926,1186.4382719615382,65.91323733119657,0.10073532497786646
./models/01_CTSM/tools/mksurfdata_esmf/src/mkpioMod.F90,mkpio_put_time_slice_2d,SUBROUTINE,1028,0,False,1,11,302.20597493359935,3.925925925925926,1186.4382719615382,65.91323733119657,0.10073532497786646
./models/01_CTSM/tools/mksurfdata_esmf/src/mksoilcolMod.F90,mksoilcol,SUBROUTINE,31,3,False,36,134,5303.611099179013,35.67213114754099,189191.11068546775,10510.617260303763,1.7678703663930042
./models/01_CTSM/tools/mksurfdata_esmf/src/mksoilcolMod.F90,get_dominant_soilcol,SUBROUTINE,224,3,False,13,73,1894.0863150172854,25.99137931034483,49229.91586014755,2734.995325563753,0.6313621050057618
./models/01_CTSM/tools/mksurfdata_esmf/src/mksoilcolMod.F90,mkrank,SUBROUTINE,288,1,False,4,25,541.7831500254108,17.28,9362.012832439099,520.1118240243944,0.1805943833418036
./models/01_CTSM/tools/mksurfdata_esmf/src/mksoildepthMod.F90,mksoildepth,SUBROUTINE,32,2,False,32,113,3880.192305572834,33.910526315789475,131579.36328845142,7309.96462713619,1.2933974351909447
./models/01_CTSM/tools/mksurfdata_esmf/src/mksoilfmaxMod.F90,mksoilfmax,SUBROUTINE,30,4,False,27,100,3501.31221201128,33.333333333333336,116710.40706704267,6483.911503724593,1.1671040706704265
./models/01_CTSM/tools/mksurfdata_esmf/src/mksoiltexMod.F90,mksoiltex,SUBROUTINE,105,6,False,63,263,10852.670566482158,49.532934131736525,537564.6163229964,29864.700906833135,3.617556855494053
./models/01_CTSM/tools/mksurfdata_esmf/src/mksoiltexMod.F90,get_dominant_mapunit,SUBROUTINE,480,4,False,10,41,1158.8806807242827,18.652173913043477,21615.64400133553,1200.8691111853072,0.3862935602414276
./models/01_CTSM/tools/mksurfdata_esmf/src/mksoiltexMod.F90,mksoiltex_i_to_o,SUBROUTINE,50,2,False,8,37,1043.4520883026382,28.03125,29249.266350233327,1624.9592416796293,0.3478173627675461
./models/01_CTSM/tools/mksurfdata_esmf/src/mksoiltexMod.F90,mksoiltex_check_layer_negative,SUBROUTINE,37,0,False,2,10,228.23460010384647,8.75,1997.0527509086567,110.94737505048093,0.07607820003461549
./models/01_CTSM/tools/mksurfdata_esmf/src/mksurfdata.F90,mksurfdata,PROGRAM,1,7,False,210,641,26395.804553270296,78.73062730627306,2078158.2507327492,115453.23615181941,8.798601517756765
./models/01_CTSM/tools/mksurfdata_esmf/src/mksurfdata.F90,normalize_and_check_landuse,SUBROUTINE,1164,3,False,28,171,6960.191249976154,105.3135593220339,733002.514097065,40722.361894281385,2.3200637499920513
./models/01_CTSM/tools/mksurfdata_esmf/src/mktopostatsMod.F90,mktopostats,SUBROUTINE,32,0,False,41,147,5839.98329596943,29.789473684210527,173970.02871151041,9665.001595083912,1.9466610986564767
./models/01_CTSM/tools/mksurfdata_esmf/src/mktopostatsMod.F90,StdDevProc,SUBROUTINE,244,3,False,7,35,1077.9765322469723,24.41891891891892,26323.0215374362,1462.3900854131223,0.3593255107489908
./models/01_CTSM/tools/mksurfdata_esmf/src/mkurbanparMod.F90,mkurban,SUBROUTINE,86,9,False,45,157,5306.51779105798,39.76470588235294,211012.11922089377,11722.895512271876,1.768839263685993
./models/01_CTSM/tools/mksurfdata_esmf/src/mkurbanparMod.F90,mkurbanpar,SUBROUTINE,440,8,False,25,185,7296.914599541596,55.11570247933884,402174.5740854785,22343.031893637693,2.4323048665138653
./models/01_CTSM/tools/mksurfdata_esmf/src/mkurbanparMod.F90,mkurban_topo,SUBROUTINE,880,0,False,13,64,2272.9824342692054,15.759493670886076,35821.05228690077,1990.058460383376,0.7576608114230685
./models/01_CTSM/tools/mksurfdata_esmf/src/mkurbanparMod.F90,normalize_urbn_by_tot,SUBROUTINE,352,2,False,8,49,1336.3009428994196,32.647058823529406,43626.29548877516,2423.683082709731,0.44543364763313986
./models/01_CTSM/tools/mksurfdata_esmf/src/mkurbanparMod.F90,lookup_and_check_err,SUBROUTINE,727,2,False,7,34,1206.0,18.2,21949.2,1219.4,0.402
./models/01_CTSM/tools/mksurfdata_esmf/src/mkurbanparMod.F90,mkurban_pct_diagnostics,SUBROUTINE,811,2,False,4,46,1588.3136233276973,26.282608695652176,41745.02544789535,2319.1680804386306,0.5294378744425657
./models/01_CTSM/tools/mksurfdata_esmf/src/mkurbanparMod.F90,update_max_array_urban,SUBROUTINE,976,2,False,4,14,331.7074896219747,8.0,2653.6599169757974,147.42555094309986,0.11056916320732489
./models/01_CTSM/tools/mksurfdata_esmf/src/mkurbanparMod.F90,mkurbanInit,SUBROUTINE,59,0,False,1,15,353.2961228838133,4.461538461538462,1576.2442405585518,87.5691244754751,0.11776537429460444
./models/01_CTSM/tools/mksurfdata_esmf/src/mkutilsMod.F90,normalize_classes_by_gcell,SUBROUTINE,26,1,False,4,24,672.0194841661346,20.16,13547.912800789274,752.6618222660708,0.22400649472204487
./models/01_CTSM/tools/mksurfdata_esmf/src/mkutilsMod.F90,slightly_below,FUNCTION,81,0,False,3,17,393.4964606053333,12.15,4780.9819963548,265.6101109086,0.13116548686844443
./models/01_CTSM/tools/mksurfdata_esmf/src/mkutilsMod.F90,slightly_above,FUNCTION,113,0,False,3,17,397.45813824429,13.5,5365.6848662979155,298.0936036832175,0.13248604608143
./models/01_CTSM/tools/mksurfdata_esmf/src/mkutilsMod.F90,get_filename,FUNCTION,161,1,False,3,11,238.4180500375001,10.799999999999999,2574.914940405001,143.05083002250004,0.07947268334583336
./models/01_CTSM/tools/mksurfdata_esmf/src/mkutilsMod.F90,chkerr,FUNCTION,146,0,False,2,11,235.22522171496468,5.277777777777778,1241.4664479400913,68.97035821889396,0.07840840723832156
./models/01_CTSM/tools/mksurfdata_esmf/src/mkVICparamsMod.F90,mkVICparams,SUBROUTINE,31,6,False,47,161,5905.5250800874055,51.86813186813187,306308.55360453355,17017.14186691853,1.968508360029135
./models/01_CTSM/tools/mksurfdata_esmf/src/mkvocefMod.F90,mkvocef,SUBROUTINE,30,3,False,49,178,6335.0205279912025,51.78191489361702,328039.4938297572,18224.4163238754,2.1116735093304007
./models/01_CTSM/tools/mksurfdata_esmf/src/shr_string_mod.F90,shr_string_betweenTags,SUBROUTINE,47,0,False,7,42,1058.121627166909,25.741935483870968,27238.098660619144,1513.22770336773,0.35270720905563635
./models/01_CTSM/tools/mksurfdata_esmf/src/shr_string_mod.F90,shr_string_countChar,FUNCTION,14,1,False,4,16,393.4964606053333,9.227272727272727,3630.899159221939,201.7166199567744,0.13116548686844443
./models/01_CTSM/tools/mksurfdata_esmf/src/shr_string_mod.F90,shr_string_endIndex,FUNCTION,107,0,False,3,13,298.0560051675714,10.421052631578949,3106.057317009429,172.55873983385717,0.0993520017225238
./models/01_CTSM/tools/mksurfdata_esmf/src/shr_sys_mod.F90,shr_sys_abort,SUBROUTINE,15,0,False,5,25,540.0073978321693,17.857142857142858,9642.989247003025,535.7216248335013,0.18000246594405644
