file,function,type,line,do_loops,is_recursive,cyclomatic_complexity,loc,volume,difficulty,effort,time,bugs
./models/16_swatplus/basin_print_codes_read copy.f90,basin_print_codes_read,SUBROUTINE,1,2,False,132,500,18643.646403516464,184.98360655737707,3448768.951102948,191598.27506127488,6.214548801172155
./models/16_swatplus/src/actions.f90,actions,SUBROUTINE,1,20,False,229,831,48149.6749328495,142.91218130311614,6881175.073689494,382287.5040938608,16.049891644283168
./models/16_swatplus/src/albedo.f90,albedo,SUBROUTINE,1,0,False,3,22,600.7739533203273,11.144736842105262,6695.467611346279,371.97042285257106,0.20025798444010912
./models/16_swatplus/src/allocate_parms.f90,allocate_parms,SUBROUTINE,1,0,False,1,152,6386.601359751123,8.956521739130435,57201.73391777093,3177.8741065428294,2.128867119917041
./models/16_swatplus/src/aqu2d_init.f90,aqu2d_init,SUBROUTINE,1,7,False,15,83,2324.2290350010135,31.967213114754102,74299.12488937668,4127.729160520927,0.7747430116670045
./models/16_swatplus/src/aqu2d_read.f90,aqu2d_read,SUBROUTINE,1,3,False,12,62,1696.0119291331248,32.83018867924528,55680.39163569127,3093.355090871737,0.5653373097110416
./models/16_swatplus/src/aquifer_module.f90,aqu_add,FUNCTION,174,0,False,1,22,760.5680423193204,6.722222222222223,5112.707395590988,284.0392997550549,0.2535226807731068
./models/16_swatplus/src/aquifer_module.f90,aqu_div,FUNCTION,197,0,False,1,22,683.6790908333887,5.571428571428571,3809.0692203574513,211.61495668652506,0.22789303027779625
./models/16_swatplus/src/aquifer_module.f90,aqu_mult,FUNCTION,220,0,False,1,22,683.6790908333887,5.571428571428571,3809.0692203574513,211.61495668652506,0.22789303027779625
./models/16_swatplus/src/aquifer_output.f90,aquifer_output,SUBROUTINE,1,0,False,12,57,2503.9851135793438,28.666666666666664,71780.90658927451,3987.828143848584,0.834661704526448
./models/16_swatplus/src/aqu_1d_control.f90,aqu_1d_control,SUBROUTINE,1,10,False,38,276,14757.307677895275,92.29885057471265,1362082.5362471156,75671.25201372865,4.919102559298425
./models/16_swatplus/src/aqu_cs_output.f90,aqu_cs_output,SUBROUTINE,1,8,False,19,128,12793.144308530853,153.38194444444443,1962237.3496008397,109013.18608893553,4.264381436176951
./models/16_swatplus/src/aqu_hyds.f90,aqu_hyds,SUBROUTINE,1,0,False,1,4,20.67970000576925,1.5,31.019550008653873,1.723308333814104,0.006893233335256416
./models/16_swatplus/src/aqu_initial.f90,aqu_initial,SUBROUTINE,1,5,False,12,157,6125.552313932039,37.93457943925234,232370.25086215092,12909.458381230606,2.04185077131068
./models/16_swatplus/src/aqu_pesticide_module.f90,aqupest_add,FUNCTION,72,0,False,1,14,392.42998244008214,5.605263157894737,2199.673322624671,122.20407347914839,0.13080999414669406
./models/16_swatplus/src/aqu_pesticide_module.f90,aqupest_add_all,FUNCTION,87,0,False,1,14,419.1865721519059,5.921052631578947,2482.025756162601,137.89031978681115,0.13972885738396865
./models/16_swatplus/src/aqu_pesticide_module.f90,aqupest_div,FUNCTION,102,0,False,1,14,352.83783257244704,4.65,1640.695921461879,91.14977341454883,0.11761261085748234
./models/16_swatplus/src/aqu_pesticide_module.f90,aqupest_ave,FUNCTION,117,0,False,1,14,307.60221301187687,4.275,1314.9994606257737,73.05552559032077,0.10253407100395896
./models/16_swatplus/src/aqu_pesticide_output.f90,aqu_pesticide_output,SUBROUTINE,1,1,False,13,70,3454.661714578221,42.29577464788733,146117.5933644845,8117.644075804694,1.151553904859407
./models/16_swatplus/src/aqu_pest_output_init.f90,aqu_pest_output_init,SUBROUTINE,1,3,False,4,27,854.693757330057,11.724137931034482,10020.547499731701,556.6970833184279,0.284897919110019
./models/16_swatplus/src/aqu_read.f90,aqu_read,SUBROUTINE,1,3,False,12,55,1370.3986181811763,32.20731707317073,44136.862812396175,2452.04793402201,0.4567995393937254
./models/16_swatplus/src/aqu_read_elements.f90,aqu_read_elements,SUBROUTINE,1,12,False,36,150,4897.135328902848,62.46753246753247,305911.960156139,16995.108897563277,1.632378442967616
./models/16_swatplus/src/aqu_read_init.f90,aqu_read_init,SUBROUTINE,2,5,False,13,54,1304.7622142638352,27.837209302325583,36320.93884822816,2017.8299360126755,0.43492073808794507
./models/16_swatplus/src/aqu_read_init_cs.f90,aqu_read_init_cs,SUBROUTINE,1,15,False,31,126,4186.426178852898,32.179245283018865,134716.0348685588,7484.2241593643785,1.3954753929509662
./models/16_swatplus/src/aqu_salt_output.f90,aqu_salt_output,SUBROUTINE,1,8,False,19,113,10187.313011292385,125.45,1277998.4172666296,70999.91207036831,3.395771003764128
./models/16_swatplus/src/ascrv.f90,ascrv,SUBROUTINE,1,0,False,1,14,316.36241254975977,11.117647058823529,3517.2056454061526,195.40031363367515,0.10545413751658658
./models/16_swatplus/src/atri.f90,atri,FUNCTION,1,0,False,6,55,1208.0776775394313,31.071428571428573,37536.69926640376,2085.3721814668756,0.40269255917981045
./models/16_swatplus/src/aunif.f90,aunif,FUNCTION,1,0,False,2,10,257.4729927417613,7.875,2027.5998178413702,112.64443432452056,0.08582433091392043
./models/16_swatplus/src/basin_aquifer_output.f90,basin_aquifer_output,SUBROUTINE,1,1,False,13,61,2187.3871208310275,25.242424242424242,55214.95368643169,3067.4974270239827,0.7291290402770092
./models/16_swatplus/src/basin_aqu_pest_output.f90,basin_aqu_pest_output,SUBROUTINE,1,2,False,14,76,3279.4582393870023,37.58904109589041,123271.69053257443,6848.4272518096905,1.093152746462334
./models/16_swatplus/src/basin_chanbud_output.f90,basin_chanbud_output,SUBROUTINE,1,1,False,13,51,1668.1745273758872,20.29090909090909,33848.777682754364,1880.4876490419092,0.5560581757919624
./models/16_swatplus/src/basin_chanmorph_output.f90,basin_chanmorph_output,SUBROUTINE,1,1,False,13,56,1900.2761395761654,24.677966101694913,46894.95015632028,2605.27500868446,0.6334253798587218
./models/16_swatplus/src/basin_channel_output.f90,basin_channel_output,SUBROUTINE,1,1,False,13,51,1692.3146698675944,20.25,34269.37206481879,1903.8540036010438,0.5641048899558648
./models/16_swatplus/src/basin_ch_pest_output.f90,basin_ch_pest_output,SUBROUTINE,1,2,False,14,66,2799.8350311770973,33.0,92394.5560288442,5133.0308904913445,0.9332783437256991
./models/16_swatplus/src/basin_ls_pest_output.f90,basin_ls_pest_output,SUBROUTINE,1,2,False,14,69,2919.6630916240583,32.25675675675676,94178.86215819766,5232.159008788759,0.9732210305413528
./models/16_swatplus/src/basin_module.f90,print_prt_error,FUNCTION,406,0,False,1,9,140.55415752892034,3.4375,483.15491650566366,26.841939805870204,0.04685138584297345
./models/16_swatplus/src/basin_output.f90,basin_output,SUBROUTINE,1,2,False,42,218,9258.778635459565,54.412213740458014,503790.642088212,27988.36900490067,3.086259545153188
./models/16_swatplus/src/basin_print_codes_read.f90,basin_print_codes_read,SUBROUTINE,1,2,False,184,607,27669.88201728391,284.72131147540983,7878205.096330934,437678.06090727414,9.223294005761304
./models/16_swatplus/src/basin_prm_default.f90,basin_prm_default,SUBROUTINE,1,0,False,37,48,3036.4226957925566,25.703125,78045.55210279305,4335.864005710725,1.0121408985975189
./models/16_swatplus/src/basin_read_cc.f90,basin_read_cc,SUBROUTINE,1,2,False,10,36,824.3741744142319,20.948275862068964,17269.217619194686,959.4009788441492,0.27479139147141063
./models/16_swatplus/src/basin_read_objs.f90,basin_read_objs,SUBROUTINE,1,2,False,13,74,1820.397056032655,34.8,63349.817549936386,3519.434308329799,0.6067990186775517
./models/16_swatplus/src/basin_read_prm.f90,basin_read_prm,SUBROUTINE,1,1,False,6,25,542.8366656785109,15.884615384615383,8622.751650970193,479.0417583872329,0.1809455552261703
./models/16_swatplus/src/basin_recall_output.f90,basin_recall_output,SUBROUTINE,1,1,False,13,48,1565.714657116602,21.183673469387756,33167.588042592506,1842.6437801440281,0.521904885705534
./models/16_swatplus/src/basin_reservoir_output.f90,basin_reservoir_output,SUBROUTINE,1,1,False,13,75,2732.3395746835768,28.0,76505.50809114015,4250.306005063341,0.9107798582278589
./models/16_swatplus/src/basin_res_pest_output.f90,basin_res_pest_output,SUBROUTINE,1,2,False,14,66,2799.8350311770973,33.0,92394.5560288442,5133.0308904913445,0.9332783437256991
./models/16_swatplus/src/basin_sdchannel_output.f90,basin_sdchannel_output,SUBROUTINE,1,1,False,13,74,2641.907532022655,26.77027027027027,70724.57866130918,3929.143258961621,0.8806358440075516
./models/16_swatplus/src/basin_sw_init.f90,basin_sw_init,SUBROUTINE,1,5,False,13,78,2605.1338654434935,27.946428571428573,72804.1874896262,4044.6770827570112,0.8683779551478311
./models/16_swatplus/src/calhard_control.f90,calhard_control,SUBROUTINE,1,0,False,1,10,78.13781191217038,2.727272727272727,213.1031233968283,11.839062410934906,0.026045937304056792
./models/16_swatplus/src/calsoft_ave_output.f90,calsoft_ave_output,SUBROUTINE,1,8,False,17,68,3371.73317753652,47.83333333333333,161281.23699216353,8960.068721786862,1.12391105917884
./models/16_swatplus/src/calsoft_control.f90,calsoft_control,SUBROUTINE,1,13,False,27,104,4691.7628196082915,33.43589743589744,156873.3004299798,8715.1833572211,1.5639209398694305
./models/16_swatplus/src/calsoft_hyd.f90,calsoft_hyd,SUBROUTINE,1,40,False,122,618,33117.49575224258,295.5833333333333,9788979.786100369,543832.2103389094,11.039165250747528
./models/16_swatplus/src/calsoft_hyd_bfr.f90,calsoft_hyd_bfr,SUBROUTINE,1,1,False,2,39,894.8170368812362,15.08108108108108,13494.808285938643,749.7115714410357,0.2982723456270787
./models/16_swatplus/src/calsoft_hyd_bfr_et.f90,calsoft_hyd_bfr_et,SUBROUTINE,1,7,False,21,135,6004.47747341053,77.35714285714285,464489.22169311455,25804.956760728586,2.0014924911368435
./models/16_swatplus/src/calsoft_hyd_bfr_latq.f90,calsoft_hyd_bfr_latq,SUBROUTINE,1,7,False,21,130,5607.414624169867,71.1219512195122,398810.2693677886,22156.126075988257,1.8691382080566223
./models/16_swatplus/src/calsoft_hyd_bfr_perc.f90,calsoft_hyd_bfr_perc,SUBROUTINE,1,7,False,25,154,6829.106057224362,82.69318181818183,564720.508845701,31373.361602538946,2.276368685741454
./models/16_swatplus/src/calsoft_hyd_bfr_pet.f90,calsoft_hyd_bfr_pet,SUBROUTINE,1,4,False,13,90,3209.257934686365,41.93902439024391,134593.14679739525,7477.397044299736,1.069752644895455
./models/16_swatplus/src/calsoft_hyd_bfr_surq.f90,calsoft_hyd_bfr_surq,SUBROUTINE,1,7,False,23,136,6124.834482899828,79.05357142857143,484190.0402820989,26899.44668233883,2.041611494299943
./models/16_swatplus/src/calsoft_plant.f90,calsoft_plant,SUBROUTINE,1,36,False,89,413,21171.72150606026,213.37745098039215,4517567.967829888,250975.99821277155,7.057240502020087
./models/16_swatplus/src/calsoft_plant_zero.f90,calsoft_plant_zero,SUBROUTINE,1,2,False,3,17,350.93690931020507,4.666666666666667,1637.705576780957,90.98364315449761,0.11697896977006836
./models/16_swatplus/src/calsoft_read_codes.f90,calsoft_read_codes,SUBROUTINE,1,1,False,7,36,925.1950246598103,18.159090909090907,16800.700561436097,933.3722534131165,0.3083983415532701
./models/16_swatplus/src/calsoft_sed.f90,calsoft_sed,SUBROUTINE,1,15,False,27,164,7991.287039052157,82.05392156862744,655716.4399347747,36428.69110748748,2.663762346350719
./models/16_swatplus/src/calsoft_sum_output.f90,calsoft_sum_output,SUBROUTINE,1,12,False,22,121,10017.873556844603,97.33516483516483,975091.3739533084,54171.74299740602,3.3392911856148677
./models/16_swatplus/src/caltsoft_hyd.f90,caltsoft_hyd,SUBROUTINE,1,56,False,112,616,33457.932316817554,275.8189655172414,9228332.279970497,512685.1266650276,11.152644105605852
./models/16_swatplus/src/cal_allo_init.f90,cal_allo_init,SUBROUTINE,1,2,False,8,81,2200.9016287908676,12.413793103448276,27321.53746085215,1517.8631922695638,0.7336338762636225
./models/16_swatplus/src/cal_conditions.f90,cal_conditions,SUBROUTINE,1,20,False,71,226,7277.274204441031,64.47087378640776,469172.22674359864,26065.123707977702,2.4257580681470103
./models/16_swatplus/src/cal_cond_read.f90,cal_cond_read,SUBROUTINE,1,3,False,10,43,1001.3504253764435,20.384615384615387,20412.14328651981,1134.0079603622116,0.3337834751254812
./models/16_swatplus/src/cal_parmchg_read.f90,cal_parmchg_read,SUBROUTINE,1,5,False,36,126,3913.056795394398,48.095238095238095,188199.39825468295,10455.522125260164,1.3043522651314658
./models/16_swatplus/src/cal_parm_read.f90,cal_parm_read,SUBROUTINE,1,2,False,8,37,827.633738899968,21.328125,17651.87583747588,980.65976874866,0.275877912966656
./models/16_swatplus/src/cal_parm_select.f90,cal_parm_select,SUBROUTINE,1,8,False,250,573,31548.371080470086,98.17021276595744,3097110.301389127,172061.68341050704,10.516123693490028
./models/16_swatplus/src/caps.f90,caps,SUBROUTINE,1,1,False,3,20,390.1364966057106,10.868421052631579,4240.167713109434,235.5648729505241,0.1300454988685702
./models/16_swatplus/src/carbon_coef_read.f90,carbon_coef_read,SUBROUTINE,1,2,False,30,116,3475.162337866104,55.16417910447761,191704.4776231809,10650.248756843383,1.158387445955368
./models/16_swatplus/src/carbon_module.f90,carbon_soil_flux__add,FUNCTION,359,0,False,1,18,592.2554044857776,6.456521739130434,3823.909894179911,212.43943856555063,0.19741846816192588
./models/16_swatplus/src/carbon_module.f90,carbon_soil_flux_mult,FUNCTION,378,0,False,1,18,532.5474002423084,5.3125,2829.1580637872635,157.1754479881813,0.17751580008076948
./models/16_swatplus/src/carbon_module.f90,carbon_soil_flux_div,FUNCTION,397,0,False,1,18,532.5474002423084,5.3125,2829.1580637872635,157.1754479881813,0.17751580008076948
./models/16_swatplus/src/carbon_module.f90,carbon_soil_gl__add,FUNCTION,416,0,False,1,20,682.6443989321797,6.66,4546.411696888317,252.57842760490652,0.22754813297739324
./models/16_swatplus/src/carbon_module.f90,carbon_soil_gl_mult,FUNCTION,437,0,False,1,20,612.1056053860741,5.480769230769231,3354.8095679813678,186.37830933229822,0.20403520179535803
./models/16_swatplus/src/carbon_module.f90,carbon_soil_gl_div,FUNCTION,458,0,False,1,20,612.1056053860741,5.480769230769231,3354.8095679813678,186.37830933229822,0.20403520179535803
./models/16_swatplus/src/carbon_module.f90,carbon_residue_gl__add,FUNCTION,479,0,False,1,11,297.35492594105096,5.34375,1588.9903854974912,88.27724363874951,0.09911830864701698
./models/16_swatplus/src/carbon_module.f90,carbon_residue_gl_mult,FUNCTION,491,0,False,1,11,272.28146997790384,4.411764705882353,1201.2417793142818,66.73565440634898,0.09076048999263461
./models/16_swatplus/src/carbon_module.f90,carbon_residue_gl_div,FUNCTION,503,0,False,1,11,272.28146997790384,6.25,1701.759187361899,94.54217707566106,0.09076048999263461
./models/16_swatplus/src/carbon_module.f90,carbon_plant_gl__add,FUNCTION,515,0,False,1,11,297.35492594105096,5.34375,1588.9903854974912,88.27724363874951,0.09911830864701698
./models/16_swatplus/src/carbon_module.f90,carbon_plant_gl_mult,FUNCTION,527,0,False,1,11,272.28146997790384,4.411764705882353,1201.2417793142818,66.73565440634898,0.09076048999263461
./models/16_swatplus/src/carbon_module.f90,carbon_plant_gl_div,FUNCTION,539,0,False,1,11,272.28146997790384,4.411764705882353,1201.2417793142818,66.73565440634898,0.09076048999263461
./models/16_swatplus/src/carbon_read.f90,carbon_read,SUBROUTINE,1,3,False,11,41,922.4348466615212,28.607142857142854,26388.2254348528,1466.012524158489,0.30747828222050705
./models/16_swatplus/src/cbn_rsd_decomp.f90,cbn_rsd_decomp,SUBROUTINE,1,1,False,10,80,2903.961650562336,24.297619047619047,70559.35391425867,3919.964106347704,0.967987216854112
./models/16_swatplus/src/cbn_zhang2.f90,cbn_zhang2,SUBROUTINE,1,1,False,64,573,32576.737257809662,114.90863787375416,3743348.5046660854,207963.8058147825,10.858912419269886
./models/16_swatplus/src/ccu_output.f90,ccu_output,SUBROUTINE,1,0,False,1,3,16.253496664211536,0.75,12.190122498158651,0.6772290276754807,0.005417832221403845
./models/16_swatplus/src/channel_allo.f90,channel_allo,SUBROUTINE,1,0,False,2,45,1405.9154388306172,11.769230769230768,16546.54324162188,919.2524023123266,0.4686384796102057
./models/16_swatplus/src/channel_control.f90,channel_control,SUBROUTINE,1,3,False,13,122,3546.6850822347556,27.96875,99196.34839375332,5510.908244097406,1.1822283607449184
./models/16_swatplus/src/channel_module.f90,ch_add,FUNCTION,356,0,False,1,63,2982.627352959771,8.117647058823529,24211.91615932049,1345.106453295583,0.994209117653257
./models/16_swatplus/src/channel_module.f90,ch_div,FUNCTION,420,0,False,1,63,2634.5579756158672,6.739130434782609,17754.62983567215,986.3683242040083,0.8781859918719558
./models/16_swatplus/src/channel_module.f90,ch_mult,FUNCTION,484,0,False,1,58,2377.9069626594464,6.6796875,15883.67541463927,882.426411924404,0.7926356542198155
./models/16_swatplus/src/channel_om_output.f90,channel_om_output,SUBROUTINE,1,0,False,12,54,2329.1275464390874,29.586206896551726,68910.04947740473,3828.3360820780404,0.7763758488130291
./models/16_swatplus/src/channel_output.f90,channel_output,SUBROUTINE,1,0,False,12,49,2021.0376632951127,26.571428571428573,53701.857910413,2983.4365505785,0.6736792210983709
./models/16_swatplus/src/channel_surf_link.f90,channel_surf_link,SUBROUTINE,1,3,False,9,55,1387.5263312459183,14.97872340425532,20783.373131853754,1154.631840658542,0.46250877708197274
./models/16_swatplus/src/cha_pesticide_output.f90,cha_pesticide_output,SUBROUTINE,1,1,False,13,64,3095.73582215451,37.36619718309859,115675.87515740725,6426.437508744847,1.03191194071817
./models/16_swatplus/src/chg_par.f90,chg_par,FUNCTION,1,0,False,5,23,375.636112670914,11.789473684210526,4428.55206517288,246.03067028738224,0.12521203755697133
./models/16_swatplus/src/ch_cs_output.f90,ch_cs_output,SUBROUTINE,1,8,False,19,121,10833.902030006784,120.76315789473684,1308336.2214658193,72685.34563698996,3.611300676668928
./models/16_swatplus/src/ch_initial.f90,ch_initial,SUBROUTINE,1,0,False,11,72,2243.167568847568,39.61904761904762,88872.16272767508,4937.342373759727,0.7477225229491893
./models/16_swatplus/src/ch_pathogen_module.f90,chpath_add,FUNCTION,56,0,False,1,11,297.35492594105096,5.34375,1588.9903854974912,88.27724363874951,0.09911830864701698
./models/16_swatplus/src/ch_pathogen_module.f90,chpath_div,FUNCTION,68,0,False,1,11,272.28146997790384,4.411764705882353,1201.2417793142818,66.73565440634898,0.09076048999263461
./models/16_swatplus/src/ch_pathogen_module.f90,chpath_mult,FUNCTION,80,0,False,1,11,272.28146997790384,4.411764705882353,1201.2417793142818,66.73565440634898,0.09076048999263461
./models/16_swatplus/src/ch_pathogen_output.f90,ch_pathogen_output,SUBROUTINE,1,1,False,13,61,2817.7674286553406,34.59420289855072,97478.4181478304,5415.467674879466,0.9392558095517802
./models/16_swatplus/src/ch_pesticide_module.f90,chpest_add,FUNCTION,82,0,False,1,19,637.1549252899048,6.5625,4181.329197215,232.29606651194445,0.21238497509663493
./models/16_swatplus/src/ch_pesticide_module.f90,chpest_div,FUNCTION,102,0,False,1,19,572.0752357248548,5.4,3089.2062729142162,171.62257071745645,0.19069174524161828
./models/16_swatplus/src/ch_pesticide_module.f90,chpest_ave,FUNCTION,122,0,False,1,19,432.6947626968756,3.04,1315.392078598502,73.07733769991677,0.1442315875656252
./models/16_swatplus/src/ch_rchinit.f90,ch_rchinit,SUBROUTINE,1,0,False,1,39,650.1044729200565,3.666666666666667,2383.716400706874,132.42868892815966,0.21670149097335217
./models/16_swatplus/src/ch_read.f90,ch_read,SUBROUTINE,1,7,False,24,87,2432.601051639847,42.398148148148145,103137.7797727672,5729.876654042622,0.8108670172132822
./models/16_swatplus/src/ch_read_elements.f90,ch_read_elements,SUBROUTINE,1,12,False,35,144,4671.167337523304,60.8,284006.97412141686,15778.165228967604,1.5570557791744346
./models/16_swatplus/src/ch_read_hyd.f90,ch_read_hyd,SUBROUTINE,1,3,False,18,56,1752.9749428462603,40.79166666666667,71506.76954360372,3972.5983079779844,0.5843249809487534
./models/16_swatplus/src/ch_read_init.f90,ch_read_init,SUBROUTINE,1,3,False,11,49,1162.4872754370206,30.75,35746.48371968838,1985.9157622049102,0.38749575847900686
./models/16_swatplus/src/ch_read_init_cs.f90,ch_read_init_cs,SUBROUTINE,1,3,False,11,47,1066.415964290641,29.72727272727273,31701.638211185425,1761.2021228436347,0.35547198809688035
./models/16_swatplus/src/ch_read_nut.f90,ch_read_nut,SUBROUTINE,1,3,False,47,101,5153.455687649889,76.30379746835443,393228.23905257636,21846.013280698688,1.7178185625499631
./models/16_swatplus/src/ch_read_orders_cal.f90,ch_read_orders_cal,SUBROUTINE,1,10,False,29,133,4060.170765948526,52.400000000000006,212752.94813570278,11819.608229761267,1.3533902553161754
./models/16_swatplus/src/ch_read_parms_cal.f90,ch_read_parms_cal,SUBROUTINE,1,2,False,8,34,883.5681563118692,21.77777777777778,19242.15095968071,1069.0083866489283,0.2945227187706231
./models/16_swatplus/src/ch_read_sed.f90,ch_read_sed,SUBROUTINE,1,5,False,36,93,3413.8411712391758,73.28571428571428,250185.78869224244,13899.210482902357,1.1379470570797252
./models/16_swatplus/src/ch_read_temp.f90,ch_read_temp,SUBROUTINE,1,1,False,7,34,754.4325704822088,18.514285714285716,13967.78016207061,775.9877867817006,0.2514775234940696
./models/16_swatplus/src/ch_rtday.f90,ch_rtday,SUBROUTINE,1,3,False,24,190,7047.826482546526,52.23529411764706,368145.2892059597,20452.516066997763,2.349275494182175
./models/16_swatplus/src/ch_rthr.f90,ch_rthr,SUBROUTINE,1,2,False,13,98,3527.887636770379,37.37951807228915,131870.73967566385,7326.152204203547,1.1759625455901264
./models/16_swatplus/src/ch_rtmusk.f90,ch_rtmusk,SUBROUTINE,1,3,False,13,194,7557.227095851726,39.71830985915493,300160.28746904037,16675.5715260578,2.519075698617242
./models/16_swatplus/src/ch_rtpath.f90,ch_rtpath,SUBROUTINE,1,1,False,7,40,1199.200688303413,19.927272727272726,23896.799170555285,1327.599953919738,0.39973356276780436
./models/16_swatplus/src/ch_rtpest.f90,ch_rtpest,SUBROUTINE,1,3,False,20,150,6113.022615493327,45.6,278753.83126649575,15486.323959249763,2.0376742051644423
./models/16_swatplus/src/ch_salt_output.f90,ch_salt_output,SUBROUTINE,1,8,False,19,119,10727.500920588132,123.5,1324846.3636926343,73602.5757607019,3.575833640196044
./models/16_swatplus/src/ch_temp.f90,ch_temp1,SUBROUTINE,1,0,False,1,49,1793.155196358309,11.411764705882353,20463.06518197129,1136.8369545539606,0.597718398786103
./models/16_swatplus/src/ch_ttcoef.f90,ch_ttcoef,SUBROUTINE,1,0,False,3,78,2812.4457686842884,37.58490566037736,105705.50889092646,5872.528271718136,0.9374819228947628
./models/16_swatplus/src/ch_watqual4.f90,ch_watqual4,SUBROUTINE,1,0,False,27,237,12463.836201343098,56.14054054054054,699726.501552159,38873.6945306755,4.154612067114366
./models/16_swatplus/src/ch_watqual_semi_analitical_function.f90,wq_semianalyt,FUNCTION,1,0,False,1,26,564.2924184949796,13.08695652173913,7384.8703463908205,410.27057479949,0.18809747283165987
./models/16_swatplus/src/ch_watqual_semi_analitical_function.f90,wq_k2m,FUNCTION,61,0,False,1,21,501.53646849567025,13.578947368421051,6810.337309046469,378.35207272480386,0.1671788228318901
./models/16_swatplus/src/climate_control.f90,climate_control,SUBROUTINE,1,10,False,37,201,9341.010221176053,72.0,672552.7359246758,37364.04088470421,3.113670073725351
./models/16_swatplus/src/cli_atmodep_time_control.f90,cli_atmodep_time_control,SUBROUTINE,1,0,False,11,32,618.2682150466734,13.714285714285714,8479.10694921152,471.06149717841777,0.2060894050155578
./models/16_swatplus/src/cli_bounds_check.f90,cli_bounds_check,SUBROUTINE,1,0,False,7,29,423.0472331410691,11.605263157894736,4909.5744688213545,272.75413715674193,0.14101574438035638
./models/16_swatplus/src/cli_clgen.f90,cli_clgen,SUBROUTINE,1,2,False,8,51,1559.453682794481,23.019230769230766,35897.42419817295,1994.3013443429418,0.5198178942648269
./models/16_swatplus/src/cli_dstn1.f90,cli_dstn1,FUNCTION,1,0,False,1,8,135.93368043019473,4.464285714285714,606.8467876347979,33.71371042415544,0.04531122681006491
./models/16_swatplus/src/cli_hmeas.f90,cli_hmeas,SUBROUTINE,1,6,False,29,107,3337.444730849641,61.693548387096776,205898.8079919335,11438.822666218528,1.1124815769498804
./models/16_swatplus/src/cli_initwgn.f90,cli_initwgn,SUBROUTINE,1,8,False,33,190,8469.054689463179,58.83211678832117,498252.41457717685,27680.689698732047,2.8230182298210598
./models/16_swatplus/src/cli_lapse.f90,cli_lapse,SUBROUTINE,1,1,False,4,28,835.6447722241231,19.078125,15942.535420088348,885.6964122271305,0.27854825740804107
./models/16_swatplus/src/cli_petmeas.f90,cli_petmeas,SUBROUTINE,1,6,False,29,108,3395.2391693804198,59.61538461538461,202408.48894383272,11244.916052435152,1.1317463897934732
./models/16_swatplus/src/cli_pgen.f90,cli_pgen,SUBROUTINE,1,0,False,4,37,1031.0046551424527,20.522727272727273,21159.02735440079,1175.5015196889328,0.34366821838081757
./models/16_swatplus/src/cli_pgenhr.f90,cli_pgenhr,SUBROUTINE,1,2,False,10,68,2210.208987381443,39.673469387755105,87686.6586014189,4871.481033412161,0.7367363291271477
./models/16_swatplus/src/cli_pmeas.f90,cli_pmeas,SUBROUTINE,1,6,False,33,126,4033.891343515202,66.25,267245.30150788213,14846.96119488234,1.3446304478384008
./models/16_swatplus/src/cli_precip_control.f90,cli_precip_control,SUBROUTINE,1,2,False,13,70,2228.3368411968063,29.779661016949156,66359.11576242016,3686.6175423566756,0.7427789470656021
./models/16_swatplus/src/cli_read_atmodep.f90,cli_read_atmodep,SUBROUTINE,1,4,False,32,114,4131.025551512807,61.8984375,255704.02691121853,14205.779272845473,1.3770085171709359
./models/16_swatplus/src/cli_read_atmodep_cs.f90,cli_read_atmodep_cs,SUBROUTINE,1,11,False,17,77,2178.0,27.46153846153846,59811.230769230766,3322.846153846154,0.726
./models/16_swatplus/src/cli_read_atmodep_salt.f90,cli_read_atmodep_salt,SUBROUTINE,1,7,False,13,73,2139.7155182528927,26.22222222222222,56108.09581196474,3117.116433998041,0.7132385060842976
./models/16_swatplus/src/cli_rhgen.f90,cli_rhgen,SUBROUTINE,1,0,False,4,31,966.8211003634626,19.341463414634145,18699.73494117624,1038.8741633986801,0.3222737001211542
./models/16_swatplus/src/cli_slrgen.f90,cli_slrgen,SUBROUTINE,1,0,False,3,15,542.8366656785109,13.166666666666666,7147.349431433727,397.07496841298484,0.1809455552261703
./models/16_swatplus/src/cli_smeas.f90,cli_smeas,SUBROUTINE,1,6,False,29,108,3386.808584395426,60.546875,205060.6760083168,11392.259778239822,1.1289361947984753
./models/16_swatplus/src/cli_staread.f90,cli_staread,SUBROUTINE,1,4,False,30,80,4125.777795677503,66.3109756097561,273584.35078044416,15199.130598913565,1.3752592652258342
./models/16_swatplus/src/cli_tgen.f90,cli_tgen,SUBROUTINE,1,0,False,3,20,708.4490494265281,10.81081081081081,7658.9086424489515,425.4949245804973,0.23614968314217602
./models/16_swatplus/src/cli_tmeas.f90,cli_tmeas,SUBROUTINE,1,6,False,31,132,4462.8511449975595,69.8625,311785.938117392,17321.441006521778,1.4876170483325197
./models/16_swatplus/src/cli_weatgn.f90,cli_weatgn,SUBROUTINE,1,3,False,6,46,1565.3260078362575,22.112244897959183,34612.872030420105,1922.937335023339,0.5217753359454191
./models/16_swatplus/src/cli_wgnread.f90,cli_wgnread,SUBROUTINE,1,5,False,15,95,3274.2813728370284,43.411392405063296,142141.1135208176,7896.728528934311,1.0914271242790095
./models/16_swatplus/src/cli_wmeas.f90,cli_wmeas,SUBROUTINE,1,6,False,29,107,3309.5263486715803,62.295081967213115,206167.21516314763,11453.734175730424,1.1031754495571935
./models/16_swatplus/src/cli_wndgen.f90,cli_wndgen,SUBROUTINE,1,1,False,5,44,1206.7440849962798,25.290697674418606,30519.399824033822,1695.5222124463235,0.4022480283320933
./models/16_swatplus/src/cn2_init.f90,cn2_init,SUBROUTINE,1,0,False,5,26,516.2270252040742,6.705882352941177,3461.757698427321,192.31987213485115,0.1720756750680247
./models/16_swatplus/src/cn2_init_all.f90,cn2_init_all,SUBROUTINE,1,1,False,2,12,147.1612434150308,3.6764705882352944,541.0339831434957,30.057443507971982,0.04905374780501027
./models/16_swatplus/src/cntbl_read.f90,cntbl_read,SUBROUTINE,1,3,False,11,45,1077.3831067286662,29.11764705882353,31370.861048864106,1742.8256138257836,0.35912770224288876
./models/16_swatplus/src/co2_read.f90,co2_read,SUBROUTINE,1,6,False,18,89,2233.512850522117,45.29411764705882,101164.99381776646,5620.277434320359,0.7445042835073723
./models/16_swatplus/src/command.f90,command,SUBROUTINE,1,17,False,134,474,22201.569516338346,87.71375464684014,1947383.0213308672,108187.94562949262,7.400523172112782
./models/16_swatplus/src/conditions.f90,conditions,SUBROUTINE,1,24,False,212,619,24339.172205245206,126.31937172774869,3074508.941340058,170806.0522966699,8.113057401748401
./models/16_swatplus/src/cond_integer.f90,cond_integer,SUBROUTINE,1,1,False,15,43,855.0,31.13157894736842,26617.5,1478.75,0.285
./models/16_swatplus/src/cond_integer_c.f90,cond_integer_c,SUBROUTINE,1,0,False,13,38,561.0767252552893,16.84375,9450.636091018778,525.0353383899321,0.18702557508509643
./models/16_swatplus/src/cond_real.f90,cond_real,SUBROUTINE,1,1,False,15,44,895.3934600600596,29.71428571428571,26605.977098927484,1478.1098388293046,0.2984644866866865
./models/16_swatplus/src/cond_real_c.f90,cond_real_c,SUBROUTINE,1,0,False,13,38,561.0767252552893,16.84375,9450.636091018778,525.0353383899321,0.18702557508509643
./models/16_swatplus/src/constituent_mass_module.f90,hydcsout_add,FUNCTION,588,5,False,6,31,920.2466502567315,10.96774193548387,10093.027777009313,560.7237653894063,0.3067488834189105
./models/16_swatplus/src/constituent_mass_module.f90,hydcsout_mult_const,FUNCTION,621,5,False,6,31,869.9787120600347,9.765625,8495.885859961276,471.99365888673753,0.28999290402001154
./models/16_swatplus/src/constit_db_read.f90,constit_db_read,SUBROUTINE,1,5,False,18,81,2713.5185721208923,41.93333333333334,113786.8787909361,6321.4932661631165,0.9045061907069641
./models/16_swatplus/src/constit_hyd_mult.f90,constit_hyd_mult,SUBROUTINE,1,4,False,5,32,966.498460191909,8.095238095238095,7824.035153934501,434.6686196630278,0.322166153397303
./models/16_swatplus/src/cons_prac_read.f90,cons_prac_read,SUBROUTINE,1,3,False,11,45,1072.0883896326127,30.0,32162.65168897838,1786.8139827210211,0.3573627965442042
./models/16_swatplus/src/copy_file.f90,copy_file,SUBROUTINE,2,1,False,4,20,490.70088547286724,13.75,6747.137175251924,374.8409541806625,0.1635669618242891
./models/16_swatplus/src/cs_aqu_read.f90,cs_aqu_read,SUBROUTINE,2,4,False,14,50,1283.3399129824534,29.405405405405407,37737.13041418674,2096.5072452325967,0.4277799709941511
./models/16_swatplus/src/cs_balance.f90,cs_balance,SUBROUTINE,1,56,False,75,588,27829.2326156605,83.23991031390135,2316502.8270322783,128694.60150179324,9.276410871886833
./models/16_swatplus/src/cs_cha_read.f90,cs_cha_read,SUBROUTINE,1,5,False,14,76,1868.355470660994,34.63541666666667,64711.27020778964,3595.0705670994244,0.622785156886998
./models/16_swatplus/src/cs_divert.f90,cs_divert,SUBROUTINE,1,4,False,23,122,4780.847876936001,49.91279069767442,238625.4594389277,13256.969968829317,1.593615958978667
./models/16_swatplus/src/cs_fert.f90,cs_fert,SUBROUTINE,1,1,False,5,33,1230.9162992078145,27.710526315789476,34109.33850173234,1894.963250096241,0.41030543306927153
./models/16_swatplus/src/cs_fert_read.f90,cs_fert_read,SUBROUTINE,1,1,False,3,28,582.1364282109455,10.0,5821.3642821094545,323.4091267838586,0.19404547607031516
./models/16_swatplus/src/cs_fert_wet.f90,cs_fert_wet,SUBROUTINE,1,0,False,3,24,873.5090589819675,14.0,12229.126825747546,679.3959347637525,0.29116968632732254
./models/16_swatplus/src/cs_hru_init.f90,cs_hru_init,SUBROUTINE,2,4,False,6,54,1881.8226185684327,19.426229508196723,36556.71808202611,2030.928782334784,0.6272742061894776
./models/16_swatplus/src/cs_hru_read.f90,cs_hru_read,SUBROUTINE,2,4,False,23,68,1948.3182234578103,42.276315789473685,82367.71647328875,4575.984248516042,0.6494394078192701
./models/16_swatplus/src/cs_irrig.f90,cs_irrig,SUBROUTINE,1,6,False,28,160,6930.821550707375,60.76237623762376,421133.1866999125,23396.288149995136,2.3102738502357916
./models/16_swatplus/src/cs_irr_read.f90,cs_irr_read,SUBROUTINE,2,4,False,12,47,1134.1282500035134,23.092105263157894,26189.40893100218,1454.9671628334545,0.3780427500011711
./models/16_swatplus/src/cs_lch.f90,cs_lch,SUBROUTINE,1,6,False,16,105,4096.359303784025,45.6,186793.98425255154,10377.443569586198,1.3654531012613416
./models/16_swatplus/src/cs_plant_read.f90,cs_plant_read,SUBROUTINE,1,1,False,3,30,644.212930999201,11.176470588235293,7200.026875873423,400.00149310407903,0.21473764366640036
./models/16_swatplus/src/cs_rain.f90,cs_rain,SUBROUTINE,1,3,False,9,49,1974.606170270006,27.883333333333333,55058.602047695334,3058.811224871963,0.6582020567566687
./models/16_swatplus/src/cs_rctn_aqu.f90,cs_rctn_aqu,SUBROUTINE,1,1,False,3,70,2624.0258864164634,43.03,112911.83389250042,6272.879660694468,0.8746752954721545
./models/16_swatplus/src/cs_rctn_aqu.f90,se_reactions_aquifer,SUBROUTINE,116,1,False,2,55,1498.2975698908617,15.5,23223.612333308356,1290.2006851837975,0.4994325232969539
./models/16_swatplus/src/cs_rctn_hru.f90,cs_rctn_hru,SUBROUTINE,1,2,False,4,88,3544.197834892156,44.87096774193549,159031.58672048352,8835.088151137974,1.1813992782973854
./models/16_swatplus/src/cs_rctn_hru.f90,se_reactions_soil,SUBROUTINE,138,1,False,2,62,1745.3657376619758,15.418181818181818,26910.366282497373,1495.0203490276317,0.5817885792206586
./models/16_swatplus/src/cs_reactions_read.f90,cs_reactions_read,SUBROUTINE,2,6,False,9,84,2851.38787601618,28.333333333333332,80789.32315379177,4488.29573076621,0.9504626253387267
./models/16_swatplus/src/cs_sed.f90,cs_sed,SUBROUTINE,1,0,False,4,42,1473.046465531203,25.125,37010.292446471474,2056.1273581373043,0.491015488510401
./models/16_swatplus/src/cs_sorb_aqu.f90,cs_sorb_aqu,SUBROUTINE,1,0,False,4,135,4857.492577215247,37.857142857142854,183890.79042314863,10216.155023508258,1.6191641924050824
./models/16_swatplus/src/cs_sorb_hru.f90,cs_sorb_hru,SUBROUTINE,1,3,False,7,160,6777.444872634677,54.58536585365854,369949.30792576604,20552.739329209224,2.2591482908782257
./models/16_swatplus/src/cs_str_output.f90,cs_str_output,SUBROUTINE,1,6,False,8,48,1115.7595151235166,19.166666666666668,21385.390706534068,1188.077261474115,0.37191983837450554
./models/16_swatplus/src/cs_uptake.f90,cs_uptake,SUBROUTINE,1,3,False,8,56,1696.7293753966358,24.017241379310345,40750.75896426748,2263.9310535704153,0.5655764584655453
./models/16_swatplus/src/cs_uptake_read.f90,cs_uptake_read,SUBROUTINE,2,1,False,4,39,832.2641988485994,13.280487804878048,11052.874543245423,614.0485857358568,0.2774213996161998
./models/16_swatplus/src/cs_urban_read.f90,cs_urban_read,SUBROUTINE,1,3,False,8,47,1117.7021793787499,23.273809523809526,26013.18762720781,1445.177090400434,0.37256739312625
./models/16_swatplus/src/curno.f90,curno,SUBROUTINE,1,0,False,2,38,1219.5445336320968,18.455555555555556,22507.371892921252,1250.4095496067362,0.40651484454403225
./models/16_swatplus/src/define_unit_elements.f90,define_unit_elements,SUBROUTINE,1,6,False,15,86,1692.3731341741814,44.2962962962963,74965.86179527115,4164.770099737286,0.5641243780580605
./models/16_swatplus/src/dr_db_read.f90,dr_db_read,SUBROUTINE,1,3,False,15,49,1284.0,26.177777777777777,33612.26666666666,1867.3481481481479,0.428
./models/16_swatplus/src/dr_read.f90,dr_read,SUBROUTINE,1,2,False,8,35,794.3062057899022,16.63235294117647,13211.181158064403,733.9545087813557,0.2647687352633007
./models/16_swatplus/src/dr_read_hmet.f90,dr_read_hmet,SUBROUTINE,1,7,False,17,76,2086.65426131612,35.625,74337.05805938678,4129.836558854821,0.6955514204387067
./models/16_swatplus/src/dr_read_om.f90,dr_read_om,SUBROUTINE,1,6,False,16,72,1900.2718599269467,34.89423076923077,66308.52480456624,3683.8069335870136,0.6334239533089823
./models/16_swatplus/src/dr_read_path.f90,dr_path_read,SUBROUTINE,1,7,False,17,76,2086.65426131612,35.625,74337.05805938678,4129.836558854821,0.6955514204387067
./models/16_swatplus/src/dr_read_pest.f90,dr_read_pest,SUBROUTINE,1,7,False,17,76,2086.65426131612,35.625,74337.05805938678,4129.836558854821,0.6955514204387067
./models/16_swatplus/src/dr_read_salt.f90,dr_read_salt,SUBROUTINE,1,7,False,17,76,2086.65426131612,35.625,74337.05805938678,4129.836558854821,0.6955514204387067
./models/16_swatplus/src/dr_ru.f90,dr_ru,SUBROUTINE,1,2,False,9,35,828.1740999278383,14.923076923076923,12358.905798923124,686.6058777179513,0.2760580333092794
./models/16_swatplus/src/dtbl_flocon_read.f90,dtbl_flocon_read,SUBROUTINE,1,7,False,23,84,2790.7185851748386,44.1,123070.68960621039,6837.260533678355,0.9302395283916128
./models/16_swatplus/src/dtbl_lum_read.f90,dtbl_lum_read,SUBROUTINE,1,24,False,68,209,6833.819320340018,70.21505376344086,479836.99098731525,26657.610610406402,2.2779397734466724
./models/16_swatplus/src/dtbl_res_read.f90,dtbl_res_read,SUBROUTINE,1,7,False,24,91,2841.0018029257362,45.599999999999994,129549.68221341356,7197.204567411864,0.9470006009752454
./models/16_swatplus/src/dtbl_scen_read.f90,dtbl_scen_read,SUBROUTINE,1,6,False,20,81,2609.875031317774,45.31578947368421,118268.54747182124,6570.474859545624,0.8699583437725913
./models/16_swatplus/src/ee.f90,ee,FUNCTION,1,0,False,2,11,180.94247824228052,9.615384615384615,1739.8315215603895,96.65730675335497,0.0603141594140935
./models/16_swatplus/src/erfc.f90,hru_erfc,FUNCTION,1,0,False,2,19,504.4394119358453,12.375,6242.437722706086,346.80209570589363,0.16814647064528176
./models/16_swatplus/src/erosion_module.f90,ero_add,FUNCTION,89,0,False,1,20,682.6443989321797,6.66,4546.411696888317,252.57842760490652,0.22754813297739324
./models/16_swatplus/src/erosion_module.f90,ero_divide,FUNCTION,111,0,False,1,20,612.1056053860741,5.480769230769231,3354.8095679813678,186.37830933229822,0.20403520179535803
./models/16_swatplus/src/erosion_output.f90,erosion_output,SUBROUTINE,1,1,False,2,13,264.4045207131682,7.0,1850.8316449921774,102.8239802773432,0.08813484023772274
./models/16_swatplus/src/ero_cfactor.f90,ero_cfactor,SUBROUTINE,1,2,False,8,88,3268.3045399845637,31.58974358974359,103244.90239130725,5735.827910628181,1.0894348466615211
./models/16_swatplus/src/ero_eiusle.f90,ero_eiusle,SUBROUTINE,1,0,False,3,23,705.4820237218405,12.41025641025641,8755.212807214637,486.40071151192427,0.23516067457394685
./models/16_swatplus/src/ero_ovrsed.f90,ero_ovrsed,SUBROUTINE,1,1,False,24,110,4550.2864887696915,32.91891891891892,149790.51198166172,8321.695110092318,1.5167621629232304
./models/16_swatplus/src/ero_pkq.f90,ero_pkq,SUBROUTINE,1,0,False,2,25,689.7532058950721,10.238095238095237,7061.759012735261,392.31994515195896,0.22991773529835738
./models/16_swatplus/src/ero_ysed.f90,ero_ysed,SUBROUTINE,1,0,False,5,30,1184.7012473942568,17.90566037735849,21212.858184474524,1178.4921213596958,0.3949004157980856
./models/16_swatplus/src/est_orfdim.f90,est_orfdim,SUBROUTINE,1,0,False,1,12,243.00301253822127,6.666666666666667,1620.020083588142,90.00111575489677,0.08100100417940709
./models/16_swatplus/src/est_weirdim.f90,est_weirdim,SUBROUTINE,1,0,False,1,13,258.64703388096325,8.625,2230.830667223308,123.93503706796156,0.08621567796032108
./models/16_swatplus/src/et_act.f90,et_act,SUBROUTINE,1,2,False,25,168,6044.931170787152,49.5,299224.092953964,16623.560719664667,2.014977056929051
./models/16_swatplus/src/et_pot.f90,et_pot,SUBROUTINE,1,2,False,20,153,6159.700526640451,39.76229508196722,244923.8299568265,13606.879442045916,2.0532335088801505
./models/16_swatplus/src/exco_db_read.f90,exco_db_read,SUBROUTINE,1,3,False,15,49,1285.115183552482,26.988636363636363,34683.50637428574,1926.8614652380966,0.42837172785082733
./models/16_swatplus/src/exco_read.f90,exco_read,SUBROUTINE,1,4,False,13,59,1554.0927801099783,34.11363636363636,53015.755976024484,2945.3197764458046,0.5180309267033261
./models/16_swatplus/src/exco_read_hmet.f90,exco_read_hmet,SUBROUTINE,1,7,False,18,80,2193.0225572186982,39.107142857142854,85762.84643408837,4764.602579671576,0.7310075190728994
./models/16_swatplus/src/exco_read_om.f90,exco_read_om,SUBROUTINE,1,6,False,16,72,1900.2718599269467,34.89423076923077,66308.52480456624,3683.8069335870136,0.6334239533089823
./models/16_swatplus/src/exco_read_path.f90,exco_read_path,SUBROUTINE,1,7,False,18,80,2193.0225572186982,39.107142857142854,85762.84643408837,4764.602579671576,0.7310075190728994
./models/16_swatplus/src/exco_read_pest.f90,exco_read_pest,SUBROUTINE,1,7,False,18,80,2193.0225572186982,39.107142857142854,85762.84643408837,4764.602579671576,0.7310075190728994
./models/16_swatplus/src/exco_read_salt.f90,exco_read_salt,SUBROUTINE,1,7,False,18,80,2193.0225572186982,39.107142857142854,85762.84643408837,4764.602579671576,0.7310075190728994
./models/16_swatplus/src/fcgd.f90,fcgd,FUNCTION,1,0,False,2,15,329.99793977916,13.714285714285714,4525.686031257051,251.4270017365028,0.10999931325972
./models/16_swatplus/src/fert_parm_read.f90,fert_parm_read,SUBROUTINE,1,3,False,11,47,1122.672409094387,29.57142857142857,33199.026954648296,1844.3903863693497,0.3742241363647956
./models/16_swatplus/src/field_read.f90,field_read,SUBROUTINE,1,3,False,12,48,1179.9516136400189,33.25,39233.391153530625,2179.6328418628127,0.39331720454667296
./models/16_swatplus/src/flow_dur_curve.f90,flow_dur_curve,SUBROUTINE,1,8,False,22,120,4679.697707569246,85.9655172413793,402292.6339644872,22349.59077580484,1.5598992358564152
./models/16_swatplus/src/flow_hyd_ru_hru.f90,flow_hyd_ru_hru,SUBROUTINE,1,2,False,7,37,977.2382597360762,22.333333333333332,21824.987800772367,1212.4993222651315,0.3257460865786921
./models/16_swatplus/src/gcycl.f90,gcycl,SUBROUTINE,1,6,False,8,60,1566.0473399569782,19.778846153846153,30974.609406649077,1720.8116337027266,0.5220157799856594
./models/16_swatplus/src/gwflow_canl.f90,gwflow_canl,SUBROUTINE,1,9,False,36,182,6917.056264608651,54.53465346534654,377219.26639073715,20956.625910596507,2.305685421536217
./models/16_swatplus/src/gwflow_canl_out.f90,gwflow_canl_out,SUBROUTINE,1,4,False,16,76,2449.1875852698854,36.449152542372886,89270.81190038795,4959.489550021553,0.8163958617566285
./models/16_swatplus/src/gwflow_chan_read.f90,gwflow_chan_read,SUBROUTINE,6,2,False,3,54,1540.786654376274,14.35344827586207,22115.601547728416,1228.6445304293566,0.513595551458758
./models/16_swatplus/src/gwflow_chem.f90,gwflow_chem,SUBROUTINE,1,2,False,7,77,2519.2585954641672,24.838709677419356,62575.1328550777,3476.3962697265392,0.8397528651547224
./models/16_swatplus/src/gwflow_fpln.f90,gwflow_fpln,SUBROUTINE,1,10,False,33,152,5451.528007646568,52.24691358024691,284825.51269580587,15823.639594211438,1.817176002548856
./models/16_swatplus/src/gwflow_gwet.f90,gwflow_gwet,SUBROUTINE,1,5,False,17,99,2890.648068996968,44.776785714285715,129433.92916089103,7190.773842271724,0.9635493563323226
./models/16_swatplus/src/gwflow_gwsw.f90,gwflow_gwsw,SUBROUTINE,1,10,False,33,154,5662.725218596555,54.123456790123456,306486.2636830531,17027.014649058503,1.8875750728655185
./models/16_swatplus/src/gwflow_ppag.f90,gwflow_ppag,SUBROUTINE,1,7,False,19,115,4431.206201419235,37.41935483870968,165812.8772143972,9211.826511910955,1.4770687338064117
./models/16_swatplus/src/gwflow_ppex.f90,gwflow_ppex,SUBROUTINE,1,3,False,9,39,1123.140217710356,18.2875,20539.426731378135,1141.0792628543409,0.3743800725701186
./models/16_swatplus/src/gwflow_read.f90,gwflow_read,SUBROUTINE,9,146,False,312,2077,89158.63081156542,156.20454545454547,13926983.399270209,773721.2999594561,29.71954360385514
./models/16_swatplus/src/gwflow_rech.f90,gwflow_rech,SUBROUTINE,1,21,False,45,189,6342.51624134183,55.79268292682927,353865.9976114497,19659.22208952498,2.114172080447277
./models/16_swatplus/src/gwflow_resv.f90,gwflow_resv,SUBROUTINE,1,11,False,34,144,5223.035208623103,47.8125,249726.37091229213,13873.687272905117,1.741011736207701
./models/16_swatplus/src/gwflow_satx.f90,gwflow_satx,SUBROUTINE,1,4,False,12,57,1993.234530366893,20.806451612903224,41472.13780924664,2304.007656069258,0.6644115101222977
./models/16_swatplus/src/gwflow_simulate.f90,gwflow_simulate,SUBROUTINE,1,236,False,445,2114,105510.99987197373,194.23903508771932,20494354.806272656,1138575.2670151475,35.170333290657915
./models/16_swatplus/src/gwflow_soil.f90,gwflow_soil,SUBROUTINE,1,5,False,16,85,2906.0429249096446,32.84615384615385,95452.3329951091,5302.907388617172,0.9686809749698816
./models/16_swatplus/src/gwflow_tile.f90,gwflow_tile,SUBROUTINE,1,4,False,13,64,2199.64207578391,21.6,47512.26883693246,2639.5704909406923,0.7332140252613033
./models/16_swatplus/src/gwflow_wetl.f90,gwflow_wetl,SUBROUTINE,1,2,False,11,83,2913.203660005421,26.69333333333333,77763.11636441137,4320.173131356187,0.9710678866684738
./models/16_swatplus/src/hcsin_output.f90,hcsin_output,SUBROUTINE,1,2,False,42,130,13011.798159125226,104.17021276595744,1355441.7827037682,75302.32126132045,4.337266053041742
./models/16_swatplus/src/hcsout_output.f90,hcsout_output,SUBROUTINE,1,2,False,42,130,12804.066202189295,103.54838709677419,1325840.4035170206,73657.80019539004,4.268022067396432
./models/16_swatplus/src/header_aquifer.f90,header_aquifer,SUBROUTINE,1,0,False,13,71,1701.25708246556,21.944444444444446,37333.14153188313,2074.0634184379514,0.5670856941551866
./models/16_swatplus/src/header_channel.f90,header_channel,SUBROUTINE,1,0,False,13,71,1701.25708246556,21.944444444444446,37333.14153188313,2074.0634184379514,0.5670856941551866
./models/16_swatplus/src/header_const.f90,header_const,SUBROUTINE,1,0,False,73,948,24398.74737606323,82.995,2024974.038476368,112498.55769313156,8.132915792021077
./models/16_swatplus/src/header_cs.f90,header_cs,SUBROUTINE,1,0,False,73,410,16467.264934137027,64.71153846153845,1065622.0481417517,59201.22489676398,5.489088311379009
./models/16_swatplus/src/header_hyd.f90,header_hyd,SUBROUTINE,1,0,False,27,182,5164.369853903928,38.166666666666664,197106.78275733325,10950.376819851846,1.721456617967976
./models/16_swatplus/src/header_lu_change.f90,header_lu_change,SUBROUTINE,1,0,False,1,10,149.27754454988144,4.59375,685.7437202760178,38.09687334866766,0.04975918151662715
./models/16_swatplus/src/header_mgt.f90,header_mgt,SUBROUTINE,1,0,False,2,12,206.71626164847697,5.684210526315789,1175.0187504229218,65.2788194679401,0.06890542054949232
./models/16_swatplus/src/header_path.f90,header_path,SUBROUTINE,1,0,False,9,56,1488.6298122496069,21.694444444444446,32294.996760192862,1794.1664866773813,0.49620993741653563
./models/16_swatplus/src/header_pest.f90,header_pest,SUBROUTINE,1,0,False,73,412,14442.907975738666,56.15238095238095,811003.6707138588,45055.75948410327,4.814302658579555
./models/16_swatplus/src/header_reservoir.f90,header_reservoir,SUBROUTINE,1,0,False,9,64,1991.021295031995,28.737499999999997,57216.97446598195,3178.720803665664,0.663673765010665
./models/16_swatplus/src/header_salt.f90,header_salt,SUBROUTINE,1,0,False,73,912,23754.683326092098,79.42647058823529,1886750.6565326971,104819.48091848317,7.918227775364032
./models/16_swatplus/src/header_sd_channel.f90,header_sd_channel,SUBROUTINE,1,0,False,35,205,6221.831598450801,38.333333333333336,238503.54460728072,13250.196922626707,2.073943866150267
./models/16_swatplus/src/header_snutc.f90,header_snutc,SUBROUTINE,1,0,False,2,23,498.5713584425332,9.9,4935.856448581079,274.2142471433933,0.16619045281417774
./models/16_swatplus/src/header_water_allocation.f90,header_water_allocation,SUBROUTINE,1,0,False,13,71,1690.209958553446,21.666666666666664,36621.215768657996,2034.5119871476663,0.5634033195178154
./models/16_swatplus/src/header_wetland.f90,header_wetland,SUBROUTINE,1,0,False,9,63,1778.5869498503582,23.351351351351354,41532.40877488405,2307.356043049114,0.5928623166167861
./models/16_swatplus/src/header_write.f90,header_write,SUBROUTINE,1,0,False,77,534,18578.761323225805,55.12043795620438,1024069.4608199975,56892.74782333319,6.192920441075268
./models/16_swatplus/src/header_yield.f90,header_yield,SUBROUTINE,1,0,False,4,24,527.3323501471158,10.192307692307692,5374.733568807142,298.5963093781745,0.1757774500490386
./models/16_swatplus/src/hmet_hru_aqu_read.f90,hmet_hru_aqu_read,SUBROUTINE,1,6,False,17,60,1653.9293667703853,33.406976744186046,55252.779892224615,3069.5988829013677,0.5513097889234617
./models/16_swatplus/src/hrudb_init.f90,hrudb_init,SUBROUTINE,1,1,False,2,32,954.5006734995854,11.416666666666666,10897.2160224536,605.4008901363111,0.31816689116652846
./models/16_swatplus/src/hru_allo.f90,hru_allo,SUBROUTINE,1,2,False,6,92,2117.8459117872667,19.267605633802816,40805.8198214786,2266.9899900821447,0.7059486372624222
./models/16_swatplus/src/hru_carbon_output.f90,hru_carbon_output,SUBROUTINE,1,0,False,12,101,6356.349139535823,44.567010309278345,283283.4776310656,15737.970979503643,2.118783046511941
./models/16_swatplus/src/hru_control.f90,hru_control,SUBROUTINE,1,18,False,115,625,31200.580805882662,67.47199170124482,2105165.3292085333,116953.62940047408,10.400193601960888
./models/16_swatplus/src/hru_cs_output.f90,hru_cs_output,SUBROUTINE,1,8,False,19,189,23592.351489516434,246.6829268292683,5819830.316218762,323323.90645659785,7.8641171631721445
./models/16_swatplus/src/hru_dtbl_actions_init.f90,hru_dtbl_actions_init,SUBROUTINE,1,6,False,18,83,2639.8689319221444,29.599999999999998,78140.12038489546,4341.117799160859,0.8799563106407148
./models/16_swatplus/src/hru_fr_change.f90,hru_fr_change,SUBROUTINE,1,9,False,24,104,3560.2138496004463,38.0,135288.12628481697,7516.007015823165,1.1867379498668154
./models/16_swatplus/src/hru_hyds.f90,hru_hyds,SUBROUTINE,1,23,False,32,176,8914.394923787375,47.26027397260274,421296.7463981705,23405.37479989836,2.9714649745957917
./models/16_swatplus/src/hru_lte_control.f90,hru_lte_control,SUBROUTINE,1,0,False,31,364,17404.04113513337,59.77737226277372,1040367.8458114944,57798.21365619413,5.801347045044457
./models/16_swatplus/src/hru_lte_output.f90,hru_lte_output,SUBROUTINE,1,0,False,28,122,6530.449404124248,48.78350515463917,318578.21216820553,17698.789564900308,2.176816468041416
./models/16_swatplus/src/hru_lte_read.f90,hru_lte_read,SUBROUTINE,1,9,False,34,235,9916.23693339759,56.527363184079604,560538.7265535493,31141.04036408607,3.30541231113253
./models/16_swatplus/src/hru_lum_init.f90,hru_lum_init,SUBROUTINE,1,1,False,3,37,1091.7827253468295,11.0,12009.609978815124,667.200554378618,0.3639275751156098
./models/16_swatplus/src/hru_lum_init_all.f90,hru_lum_init_all,SUBROUTINE,1,1,False,2,11,173.9178331268546,4.411764705882353,767.2845579125939,42.62691988403299,0.05797261104228486
./models/16_swatplus/src/hru_output.f90,hru_output,SUBROUTINE,1,1,False,44,252,15320.324157107316,75.55555555555556,1157535.6029814417,64307.53349896898,5.106774719035772
./models/16_swatplus/src/hru_output_allo.f90,hru_output_allo,SUBROUTINE,1,6,False,11,227,8358.469229100841,31.682608695652178,264818.10988025146,14712.117215569526,2.7861564097002804
./models/16_swatplus/src/hru_pathogen_output.f90,hru_pathogen_output,SUBROUTINE,1,1,False,13,61,2831.796618290991,34.2,96847.44434555189,5380.413574752883,0.9439322060969969
./models/16_swatplus/src/hru_pesticide_output.f90,hru_pesticide_output,SUBROUTINE,1,1,False,13,63,3082.9170402822347,37.16901408450704,114588.98689161714,6366.054827312063,1.0276390134274116
./models/16_swatplus/src/hru_read.f90,hru_read,SUBROUTINE,1,16,False,45,150,4963.897871317557,48.46534653465347,240577.03049603407,13365.390583113003,1.6546326237725189
./models/16_swatplus/src/hru_salt_output.f90,hru_salt_output,SUBROUTINE,1,8,False,19,180,21970.981830823443,233.11728395061726,5121815.610129921,284545.3116738845,7.323660610274481
./models/16_swatplus/src/hru_sweep.f90,hru_sweep,SUBROUTINE,1,0,False,2,17,453.9954707422608,12.1875,5533.069799671303,307.39276664840577,0.15133182358075362
./models/16_swatplus/src/hru_urban.f90,hru_urban,SUBROUTINE,1,0,False,8,78,4351.725804302445,40.411764705882355,175860.91926798705,9770.051070443726,1.450575268100815
./models/16_swatplus/src/hru_urbanhr.f90,hru_urbanhr,SUBROUTINE,1,1,False,15,77,3123.7414272953743,36.527027027027025,114100.98754026211,6338.943752236784,1.0412471424317915
./models/16_swatplus/src/hru_urb_bmp.f90,hru_urb_bmp,SUBROUTINE,1,0,False,7,40,1219.191387385188,18.25,22250.24281977968,1236.1246010988712,0.406397129128396
./models/16_swatplus/src/hyddep_output.f90,hyddep_output,SUBROUTINE,1,0,False,12,43,1806.0873807599148,27.866666666666667,50329.63501050963,2796.0908339172015,0.6020291269199716
./models/16_swatplus/src/hydin_output.f90,hydin_output,SUBROUTINE,1,2,False,14,48,3002.7141492765973,39.58035714285714,118848.49842627817,6602.6943570154535,1.0009047164255325
./models/16_swatplus/src/hydout_output.f90,hydout_output,SUBROUTINE,1,0,False,12,44,2738.9303027779624,40.65686274509804,111356.31338843344,6186.461854912969,0.9129767675926541
./models/16_swatplus/src/hydrograph_module.f90,hydout_div_conv,FUNCTION,1413,0,False,19,95,2528.9968712832388,44.21875,111829.08040205571,6212.726689003095,0.842998957094413
./models/16_swatplus/src/hydrograph_module.f90,hyd_convert_mass_to_conc,SUBROUTINE,1232,0,False,2,24,785.8286002192315,15.285714285714286,12011.951460493967,667.3306366941092,0.2619428667397438
./models/16_swatplus/src/hydrograph_module.f90,hydout_add,FUNCTION,1260,0,False,2,27,1062.2865322874159,22.96875,24399.393788476584,1355.521877137588,0.354095510762472
./models/16_swatplus/src/hydrograph_module.f90,hyd_convert_conc_to_mass,SUBROUTINE,1183,0,False,1,20,863.6127448270993,9.692307692307692,8370.400449862655,465.0222472145919,0.28787091494236644
./models/16_swatplus/src/hydrograph_module.f90,res_convert_mass,SUBROUTINE,1208,0,False,1,21,923.124123842597,9.10344827586207,8403.612713601573,466.86737297786516,0.30770804128086565
./models/16_swatplus/src/hydrograph_module.f90,hydout_subtract,FUNCTION,1289,0,False,1,23,807.5339985930606,6.803571428571429,5494.115240427787,305.2286244682104,0.2691779995310202
./models/16_swatplus/src/hydrograph_module.f90,hydout_mult,FUNCTION,1314,0,False,1,23,807.5339985930606,6.803571428571429,5494.115240427787,305.2286244682104,0.2691779995310202
./models/16_swatplus/src/hydrograph_module.f90,hydout_add_const,FUNCTION,1339,0,False,1,23,725.0,5.637931034482759,4087.5,227.08333333333334,0.24166666666666667
./models/16_swatplus/src/hydrograph_module.f90,hydout_mult_const,FUNCTION,1363,0,False,1,24,750.0,5.844827586206897,4383.620689655173,243.53448275862073,0.25
./models/16_swatplus/src/hydrograph_module.f90,hydout_div_const,FUNCTION,1388,0,False,1,23,725.0,5.637931034482759,4087.5,227.08333333333334,0.24166666666666667
./models/16_swatplus/src/hydrol_read.f90,hydrol_read,SUBROUTINE,1,3,False,11,47,1122.672409094387,29.57142857142857,33199.026954648296,1844.3903863693497,0.3742241363647956
./models/16_swatplus/src/hydro_init.f90,hydro_init,SUBROUTINE,1,4,False,13,98,3724.9689380495643,29.20909090909091,108802.95634502955,6044.608685834975,1.241656312683188
./models/16_swatplus/src/hyd_connect.f90,hyd_connect,SUBROUTINE,1,23,False,87,436,18691.519281550125,117.15254237288136,2189759.00464533,121653.27803585166,6.230506427183375
./models/16_swatplus/src/hyd_connect_out.f90,hyd_connect_out,SUBROUTINE,1,1,False,4,21,816.5245611966127,20.057142857142857,16377.149770286345,909.841653904797,0.27217485373220424
./models/16_swatplus/src/hyd_read_connect.f90,hyd_read_connect,SUBROUTINE,1,6,False,35,290,14094.711582658174,123.8695652173913,1745905.795608397,96994.76642268873,4.6982371942193915
./models/16_swatplus/src/icl.f90,icl,FUNCTION,1,0,False,2,12,164.2332676057198,8.666666666666666,1423.354985916238,79.07527699534656,0.05474442253523993
./models/16_swatplus/src/jdt.f90,jdt,FUNCTION,1,0,False,3,17,290.04813763197154,12.352941176470589,3582.9475825125896,199.05264347292166,0.09668271254399051
./models/16_swatplus/src/landuse_read.f90,landuse_read,SUBROUTINE,1,13,False,48,157,4760.601102935688,66.44776119402985,316331.2852279057,17573.96029043921,1.586867034311896
./models/16_swatplus/src/layersplit.f90,layersplit,SUBROUTINE,1,4,False,8,48,1191.7021504341062,28.919354838709676,34463.257350457294,1914.6254083587385,0.3972340501447021
./models/16_swatplus/src/lcu_read_softcal.f90,lcu_read_softcal,SUBROUTINE,1,4,False,15,98,3142.712336068574,37.714285714285715,118525.15096030051,6584.730608905584,1.0475707786895248
./models/16_swatplus/src/lsreg_output.f90,lsreg_output,SUBROUTINE,1,14,False,57,264,14645.672626438596,98.33846153846154,1440232.914279931,80012.93968221839,4.881890875479532
./models/16_swatplus/src/lsu_output.f90,lsu_output,SUBROUTINE,1,3,False,42,220,11803.340530955633,74.58646616541354,880369.4591509766,48909.41439727648,3.9344468436518776
./models/16_swatplus/src/lsu_read_elements.f90,lsu_read_elements,SUBROUTINE,1,5,False,21,103,3151.874546954071,44.657534246575345,140754.94552151058,7819.719195639477,1.0506248489846903
./models/16_swatplus/src/ls_read_parms_cal.f90,ls_read_lsparms_cal,SUBROUTINE,1,2,False,8,36,930.7989138774702,21.128205128205128,19666.11038551373,1092.5616880840962,0.3102663046258234
./models/16_swatplus/src/mallo_control.f90,mallo_control,SUBROUTINE,1,2,False,7,53,2141.772928315889,26.430379746835442,56607.87182688071,3144.8817681600394,0.7139243094386297
./models/16_swatplus/src/manure_allocation_module.f90,mallout_add,FUNCTION,133,0,False,1,8,172.0,4.269230769230769,734.3076923076923,40.794871794871796,0.05733333333333333
./models/16_swatplus/src/manure_allocation_module.f90,mallo_div_const,FUNCTION,142,0,False,1,8,163.49851365001356,3.6428571428571423,595.6017282964779,33.08898490535988,0.05449950455000452
./models/16_swatplus/src/manure_allocation_read.f90,manure_allocation_read,SUBROUTINE,1,7,False,21,98,3464.954242148242,39.099999999999994,135479.71086799624,7526.650603777569,1.1549847473827473
./models/16_swatplus/src/manure_demand_output.f90,manure_demand_output,SUBROUTINE,1,8,False,20,64,4139.47473205023,54.131578947368425,224076.3032586138,12448.683514367433,1.37982491068341
./models/16_swatplus/src/manure_parm_read.f90,manure_parm_read,SUBROUTINE,1,3,False,11,47,1077.760814974584,29.72727272727273,32038.889681517183,1779.9383156398435,0.35925360499152803
./models/16_swatplus/src/manure_source_output.f90,manure_source_output,SUBROUTINE,1,1,False,13,50,2812.4457686842884,39.11111111111111,109997.87895298548,6110.99327516586,0.9374819228947628
./models/16_swatplus/src/mgt_harvbiomass.f90,mgt_harvbiomass,SUBROUTINE,1,1,False,5,68,3243.151813685677,36.11111111111111,117113.81549420499,6506.323083011388,1.0810506045618924
./models/16_swatplus/src/mgt_harvgrain.f90,mgt_harvgrain,SUBROUTINE,1,1,False,2,43,1813.7606679468738,16.88135593220339,30618.739411442144,1701.0410784134524,0.6045868893156247
./models/16_swatplus/src/mgt_harvresidue.f90,mgt_harvresidue,SUBROUTINE,1,0,False,1,17,530.0990052113956,10.2,5407.009853156234,300.38943628645745,0.17669966840379853
./models/16_swatplus/src/mgt_harvtuber.f90,mgt_harvtuber,SUBROUTINE,1,2,False,3,49,1918.4655843037744,19.0327868852459,36513.746612732495,2028.5414784851387,0.6394885281012581
./models/16_swatplus/src/mgt_killop.f90,mgt_killop,SUBROUTINE,1,2,False,3,50,2130.7513521943024,16.114285714285714,34335.53607535962,1907.5297819644231,0.7102504507314341
./models/16_swatplus/src/mgt_newtillmix.f90,mgt_newtillmix,SUBROUTINE,1,4,False,21,190,8925.413788951024,86.86363636363637,775293.8977584277,43071.88320880153,2.9751379296503413
./models/16_swatplus/src/mgt_newtillmix_wet.f90,mgt_newtillmix_wet,SUBROUTINE,1,4,False,11,151,11981.14896961879,93.21100917431193,1116774.986525935,62043.054806996384,3.993716323206263
./models/16_swatplus/src/mgt_operatn.f90,mgt_operatn,SUBROUTINE,1,2,False,11,40,1057.9888275750127,18.88095238095238,19975.836673023452,1109.7687040568585,0.35266294252500424
./models/16_swatplus/src/mgt_plantop.f90,mgt_plantop,SUBROUTINE,1,0,False,1,32,934.872113775139,5.791666666666667,5414.46765894768,300.80375883042666,0.31162403792504634
./models/16_swatplus/src/mgt_read_chemapp.f90,mgt_read_chemapp,SUBROUTINE,1,3,False,11,45,1072.0883896326127,30.0,32162.65168897838,1786.8139827210211,0.3573627965442042
./models/16_swatplus/src/mgt_read_fireops.f90,mgt_read_fireops,SUBROUTINE,1,3,False,11,45,1077.3831067286662,29.11764705882353,31370.861048864106,1742.8256138257836,0.35912770224288876
./models/16_swatplus/src/mgt_read_grazeops.f90,mgt_read_grazeops,SUBROUTINE,1,4,False,13,54,1446.5017414869799,30.0,43395.0522446094,2410.8362358116333,0.4821672471623266
./models/16_swatplus/src/mgt_read_harvops.f90,mgt_read_harvops,SUBROUTINE,1,3,False,11,45,1072.0883896326127,30.0,32162.65168897838,1786.8139827210211,0.3573627965442042
./models/16_swatplus/src/mgt_read_irrops.f90,mgt_read_irrops,SUBROUTINE,1,3,False,11,47,1117.286184755654,30.441176470588236,34011.505918297116,1889.528106572062,0.37242872825188467
./models/16_swatplus/src/mgt_read_mgtops.f90,mgt_read_mgtops,SUBROUTINE,1,6,False,20,81,2396.549659625482,52.5,125818.85713033781,6989.936507240989,0.7988498865418273
./models/16_swatplus/src/mgt_read_puddle.f90,mgt_read_puddle,SUBROUTINE,1,3,False,11,44,1010.8782126305292,30.599999999999998,30932.87330649419,1718.4929614718994,0.3369594042101764
./models/16_swatplus/src/mgt_read_sweepops.f90,mgt_read_sweepops,SUBROUTINE,1,3,False,11,47,1117.286184755654,30.441176470588236,34011.505918297116,1889.528106572062,0.37242872825188467
./models/16_swatplus/src/mgt_sched.f90,mgt_sched,SUBROUTINE,1,14,False,108,410,21690.224111996275,93.63636363636364,2030993.7123051058,112832.98401695031,7.230074703998758
./models/16_swatplus/src/mgt_tillfactor.f90,mgt_tillfactor,SUBROUTINE,1,1,False,9,53,1752.0,37.369565217391305,65471.47826086957,3637.304347826087,0.584
./models/16_swatplus/src/mgt_transplant.f90,mgt_transplant,SUBROUTINE,1,0,False,2,38,2428.400036612399,23.844155844155846,57903.14892493981,3216.8416069411005,0.8094666788707997
./models/16_swatplus/src/nuts.f90,nuts,SUBROUTINE,1,0,False,4,19,412.08449014127746,13.636363636363637,5619.333956471965,312.18521980399805,0.13736149671375916
./models/16_swatplus/src/nut_denit.f90,nut_denit,SUBROUTINE,1,0,False,1,17,444.61355012403885,9.714285714285714,4319.103058347806,239.95016990821145,0.14820451670801296
./models/16_swatplus/src/nut_nitvol.f90,nut_nitvol,SUBROUTINE,1,1,False,10,72,2672.1632182227327,46.421052631578945,124044.62939328684,6891.368299627047,0.8907210727409108
./models/16_swatplus/src/nut_nlch.f90,nut_nlch,SUBROUTINE,1,4,False,15,93,3704.6498636039946,48.23076923076923,178678.112652285,9926.561814015833,1.2348832878679983
./models/16_swatplus/src/nut_nminrl.f90,nut_nminrl,SUBROUTINE,1,1,False,15,123,5711.998522568245,49.59708737864077,283298.48983048426,15738.80499058246,1.9039995075227483
./models/16_swatplus/src/nut_np_flow.f90,nut_np_flow,SUBROUTINE,2,0,False,4,32,764.2631695248,29.84090909090909,22806.3077633196,1267.0170979622,0.2547543898416
./models/16_swatplus/src/nut_nrain.f90,nut_nrain,SUBROUTINE,1,0,False,5,41,1962.1743851649655,25.783333333333335,50591.3962308367,2810.633123935372,0.6540581283883219
./models/16_swatplus/src/nut_orgn.f90,nut_orgn,SUBROUTINE,1,0,False,5,35,1282.5989365817456,25.049999999999997,32129.103361372723,1784.950186742929,0.4275329788605819
./models/16_swatplus/src/nut_orgnc.f90,nut_orgnc,SUBROUTINE,1,0,False,3,31,1202.8632954582718,20.952380952380953,25202.850000078073,1400.1583333376707,0.4009544318194239
./models/16_swatplus/src/nut_orgnc2.f90,nut_orgnc2,SUBROUTINE,1,1,False,11,131,7556.16396348394,65.25773195876288,493098.1225654983,27394.340142527682,2.5187213211613133
./models/16_swatplus/src/nut_pminrl.f90,nut_pminrl,SUBROUTINE,1,1,False,8,36,1489.9780341005273,28.91025641025641,43075.64701149601,2393.091500638667,0.49665934470017575
./models/16_swatplus/src/nut_pminrl2.f90,nut_pminrl2,SUBROUTINE,1,1,False,28,110,5308.443331531405,66.62337662337663,353666.419360469,19648.134408914942,1.7694811105104684
./models/16_swatplus/src/nut_psed.f90,nut_psed,SUBROUTINE,1,0,False,5,63,2647.4446242790027,33.5,88689.3949133466,4927.188606297033,0.8824815414263343
./models/16_swatplus/src/nut_solp.f90,nut_solp,SUBROUTINE,1,2,False,8,58,2627.29812748442,37.61904761904762,98836.45336727104,5490.914075959502,0.8757660424948067
./models/16_swatplus/src/object_read_output.f90,object_read_output,SUBROUTINE,1,3,False,36,107,3283.8490146904965,51.50704225352113,169141.34995384712,9396.741664102618,1.0946163382301655
./models/16_swatplus/src/obj_output.f90,obj_output,SUBROUTINE,1,15,False,33,141,8857.221473145599,77.27731092436974,684462.2577062766,38025.68098368203,2.9524071577151996
./models/16_swatplus/src/om_water_init.f90,om_water_init,SUBROUTINE,1,3,False,12,54,1306.567363172902,34.25,44749.9321886719,2486.107343815105,0.4355224543909674
./models/16_swatplus/src/organic_mineral_mass_module.f90,nmin_add,FUNCTION,341,0,False,1,7,148.46184263312372,4.125,612.4051008616353,34.022505603424186,0.04948728087770791
./models/16_swatplus/src/organic_mineral_mass_module.f90,nmin_mult_const,FUNCTION,350,0,False,1,7,140.0,3.4615384615384612,484.6153846153846,26.92307692307692,0.04666666666666667
./models/16_swatplus/src/organic_mineral_mass_module.f90,pmin_add,FUNCTION,358,0,False,1,9,220.7229934275183,4.821428571428571,1064.2001468826775,59.12223038237097,0.0735743311425061
./models/16_swatplus/src/organic_mineral_mass_module.f90,pmin_mult_const,FUNCTION,369,0,False,1,9,204.3263250706733,4.0,817.3053002826932,45.40585001570518,0.06810877502355776
./models/16_swatplus/src/organic_mineral_mass_module.f90,om_add1,FUNCTION,380,0,False,1,9,220.7229934275183,4.821428571428571,1064.2001468826775,59.12223038237097,0.0735743311425061
./models/16_swatplus/src/organic_mineral_mass_module.f90,om_subtract,FUNCTION,391,0,False,1,9,220.7229934275183,4.821428571428571,1064.2001468826775,59.12223038237097,0.0735743311425061
./models/16_swatplus/src/organic_mineral_mass_module.f90,om_mult_const,FUNCTION,402,0,False,1,9,204.3263250706733,4.0,817.3053002826932,45.40585001570518,0.06810877502355776
./models/16_swatplus/src/organic_mineral_mass_module.f90,om_divide,FUNCTION,413,0,False,1,9,204.3263250706733,4.0,817.3053002826932,45.40585001570518,0.06810877502355776
./models/16_swatplus/src/organic_mineral_mass_module.f90,org_flux_add1,FUNCTION,424,0,False,1,42,1794.7462683483623,7.75531914893617,13918.830102403788,773.2683390224327,0.5982487561161207
./models/16_swatplus/src/output_landscape_init.f90,output_landscape_init,SUBROUTINE,1,0,False,203,1407,54415.68371126571,72.32333333333334,3935523.6316111074,218640.20175617264,18.13856123708857
./models/16_swatplus/src/output_landscape_module.f90,hruout_waterbal_add,FUNCTION,1657,0,False,1,47,2000.3504608795324,7.644230769230768,15291.14054230027,849.5078079055706,0.6667834869598441
./models/16_swatplus/src/output_landscape_module.f90,hruout_nutbal_add,FUNCTION,1705,0,False,1,24,870.0,6.982758620689655,6075.0,337.5,0.29
./models/16_swatplus/src/output_landscape_module.f90,hruout_losses_add,FUNCTION,1730,0,False,1,17,547.9750303934175,6.340909090909092,3474.6598518128067,193.03665843404482,0.1826583434644725
./models/16_swatplus/src/output_landscape_module.f90,hruout_nut_cycling_add,FUNCTION,1749,0,False,1,13,377.73929835897343,5.75,2172.000965564097,120.6667203091165,0.12591309945299115
./models/16_swatplus/src/output_landscape_module.f90,hruout_nut_gain_loss_add,FUNCTION,1763,0,False,1,34,1369.6486253858052,7.5,10272.364690393539,570.6869272440855,0.4565495417952684
./models/16_swatplus/src/output_landscape_module.f90,hruout_nut_cycling_mult,FUNCTION,1798,0,False,1,13,343.3762346350719,4.7368421052631575,1626.5190061661299,90.36216700922944,0.1144587448783573
./models/16_swatplus/src/output_landscape_module.f90,hruout_nut_gain_loss_mult,FUNCTION,1812,0,False,1,34,1215.48330505327,6.1875,7520.802950017108,417.82238611206157,0.4051611016844233
./models/16_swatplus/src/output_landscape_module.f90,hruout_nut_cycling_div,FUNCTION,1847,0,False,1,13,343.3762346350719,4.7368421052631575,1626.5190061661299,90.36216700922944,0.1144587448783573
./models/16_swatplus/src/output_landscape_module.f90,hruout_nut_gain_loss_div,FUNCTION,1861,0,False,1,34,1215.48330505327,6.1875,7520.802950017108,417.82238611206157,0.4051611016844233
./models/16_swatplus/src/output_landscape_module.f90,hruout_plantweather_add,FUNCTION,1896,0,False,1,29,1114.8230202445952,7.279411764705882,8115.25580913345,450.84754495185837,0.37160767341486506
./models/16_swatplus/src/output_landscape_module.f90,hruout_waterbal_div,FUNCTION,1926,0,False,1,43,1579.0218019250824,6.275510204081632,9909.16743044822,550.5093016915678,0.5263406006416941
./models/16_swatplus/src/output_landscape_module.f90,hruout_waterbal_ave,FUNCTION,1970,0,False,1,47,1399.5725362158826,5.462264150943396,7644.834891216943,424.7130495120524,0.4665241787386275
./models/16_swatplus/src/output_landscape_module.f90,hruout_waterbal_mult,FUNCTION,2018,0,False,1,43,1636.0261991064933,6.428571428571429,10517.311279970314,584.2950711094619,0.5453420663688311
./models/16_swatplus/src/output_landscape_module.f90,hruout_nutbal_div,FUNCTION,2062,0,False,1,24,776.8366943812018,5.75,4466.8109926919105,248.1561662606617,0.25894556479373393
./models/16_swatplus/src/output_landscape_module.f90,hruout_nutbal_mult,FUNCTION,2087,0,False,1,24,776.8366943812018,5.75,4466.8109926919105,248.1561662606617,0.25894556479373393
./models/16_swatplus/src/output_landscape_module.f90,hruout_losses_div,FUNCTION,2112,0,False,1,17,493.54617040481463,5.217391304347826,2575.0234977642504,143.0568609869028,0.1645153901349382
./models/16_swatplus/src/output_landscape_module.f90,hruout_losses_mult,FUNCTION,2130,0,False,1,17,493.54617040481463,5.217391304347826,2575.0234977642504,143.0568609869028,0.1645153901349382
./models/16_swatplus/src/output_landscape_module.f90,hruout_plantweather_div,FUNCTION,2148,0,False,1,30,856.2351594556843,5.333333333333333,4566.587517096983,253.69930650538794,0.28541171981856145
./models/16_swatplus/src/output_landscape_module.f90,hruout_plantweather_ave,FUNCTION,2179,0,False,1,30,951.3723993952048,5.708333333333333,5430.75077988096,301.7083766600533,0.31712413313173493
./models/16_swatplus/src/output_landscape_module.f90,hruout_plantweather_mult,FUNCTION,2210,0,False,1,30,1035.9388348970008,6.041666666666666,6258.797127502712,347.71095152792844,0.34531294496566695
./models/16_swatplus/src/output_ls_pathogen_module.f90,hruout_pathbal_add,FUNCTION,74,0,False,1,14,419.1865721519059,5.921052631578947,2482.025756162601,137.89031978681115,0.13972885738396865
./models/16_swatplus/src/output_ls_pathogen_module.f90,hruout_pathbal_div,FUNCTION,89,0,False,1,14,379.9792043087891,4.875,1852.398621005347,102.91103450029705,0.12665973476959638
./models/16_swatplus/src/output_ls_pathogen_module.f90,hruout_pathbal_ave,FUNCTION,104,0,False,1,7,140.0,3.4615384615384612,484.6153846153846,26.92307692307692,0.04666666666666667
./models/16_swatplus/src/output_ls_pesticide_module.f90,hruout_pestbal_add,FUNCTION,93,0,False,1,21,728.6971492691358,6.75,4918.705757566667,273.2614309759259,0.2428990497563786
./models/16_swatplus/src/output_ls_pesticide_module.f90,hruout_pestbal_mult,FUNCTION,115,0,False,1,21,623.1751056422819,5.388888888888889,3358.2214026278525,186.56785570154736,0.20772503521409397
./models/16_swatplus/src/output_ls_pesticide_module.f90,hruout_pestbal_div,FUNCTION,137,0,False,1,21,623.1751056422819,5.388888888888889,3358.2214026278525,186.56785570154736,0.20772503521409397
./models/16_swatplus/src/output_ls_pesticide_module.f90,hruout_pestbal_ave,FUNCTION,159,0,False,1,21,525.0372937301115,4.833333333333334,2537.680253028873,140.98223627938182,0.17501243124337051
./models/16_swatplus/src/output_ls_salt_module.f90,hruout_saltbal_add,FUNCTION,68,0,False,1,12,337.11039140121426,5.5588235294117645,1873.9371757302793,104.10762087390441,0.11237013046707142
./models/16_swatplus/src/output_ls_salt_module.f90,hruout_saltbal_div,FUNCTION,81,0,False,1,12,289.89294990339823,4.416666666666667,1280.360528740009,71.13114048555605,0.09663098330113275
./models/16_swatplus/src/output_ls_salt_module.f90,hruout_saltbal_ave,FUNCTION,94,0,False,1,12,263.53904536672565,4.166666666666666,1098.07935569469,61.004408649705006,0.08784634845557522
./models/16_swatplus/src/overbank_read.f90,overbank_read,SUBROUTINE,1,3,False,15,64,1863.0999593173415,36.48,67965.88651589661,3775.8825842164783,0.6210333197724471
./models/16_swatplus/src/overland_n_read.f90,overland_n_read,SUBROUTINE,1,3,False,11,45,1077.3831067286662,29.11764705882353,31370.861048864106,1742.8256138257836,0.35912770224288876
./models/16_swatplus/src/pathogen_init.f90,pathogen_init,SUBROUTINE,1,5,False,9,49,1258.1676968646145,14.029411764705882,17651.35268836533,980.6307049091849,0.41938923228820485
./models/16_swatplus/src/path_apply.f90,path_apply,SUBROUTINE,1,2,False,5,35,1214.6560473189224,17.759999999999998,21572.29140038406,1198.4606333546699,0.40488534910630747
./models/16_swatplus/src/path_cha_res_read.f90,path_cha_res_read,SUBROUTINE,1,5,False,16,61,1619.54139642523,31.355555555555558,50781.620230133325,2821.201123896296,0.5398471321417433
./models/16_swatplus/src/path_hru_aqu_read.f90,path_hru_aqu_read,SUBROUTINE,1,5,False,15,55,1476.5434053898223,30.761904761904763,45421.287613420245,2523.404867412236,0.49218113512994077
./models/16_swatplus/src/path_ls_process.f90,path_ls_process,SUBROUTINE,1,2,False,7,55,2438.790876198727,31.475409836065573,76761.94233281238,4264.55235182291,0.8129302920662423
./models/16_swatplus/src/path_ls_runoff.f90,path_ls_runoff,SUBROUTINE,1,1,False,3,31,1447.0999103653444,21.89,31677.01703789739,1759.8342798831882,0.48236663678844816
./models/16_swatplus/src/path_ls_swrouting.f90,path_ls_swrouting,SUBROUTINE,1,1,False,2,24,847.8211864613965,10.5,8902.122457844664,494.562358769148,0.2826070621537988
./models/16_swatplus/src/path_parm_read.f90,path_parm_read,SUBROUTINE,1,3,False,12,48,1197.0166004500013,32.84285714285714,39313.4452062079,2184.0802892337724,0.3990055334833338
./models/16_swatplus/src/pesticide_init.f90,pesticide_init,SUBROUTINE,1,6,False,9,68,2154.6803178732457,26.032258064516128,56091.19408140997,3116.1774489672207,0.7182267726244153
./models/16_swatplus/src/pest_apply.f90,pest_apply,SUBROUTINE,1,1,False,4,33,1184.7004040997513,21.136363636363637,25040.258541199288,1391.1254745110716,0.3949001346999171
./models/16_swatplus/src/pest_cha_res_read.f90,pest_cha_res_read,SUBROUTINE,1,5,False,16,61,1619.54139642523,31.355555555555558,50781.620230133325,2821.201123896296,0.5398471321417433
./models/16_swatplus/src/pest_decay.f90,pest_decay,SUBROUTINE,1,5,False,10,67,2238.386911278918,29.78181818181818,66663.23201227032,3703.5128895705734,0.746128970426306
./models/16_swatplus/src/pest_enrsb.f90,pest_enrsb,SUBROUTINE,1,0,False,4,23,622.3752045246518,15.935483870967742,9917.850033392839,550.9916685218244,0.2074584015082173
./models/16_swatplus/src/pest_hru_aqu_read.f90,pest_hru_aqu_read,SUBROUTINE,1,6,False,15,56,1523.604549784717,31.976190476190474,48719.069294306544,2706.614960794808,0.5078681832615723
./models/16_swatplus/src/pest_lch.f90,pest_lch,SUBROUTINE,1,3,False,16,74,3303.061851502889,51.0,168456.15442664735,9358.675245924853,1.1010206171676298
./models/16_swatplus/src/pest_metabolite_read.f90,pest_metabolite_read,SUBROUTINE,1,7,False,17,64,1813.318235807536,27.5,49866.25148470724,2770.347304705958,0.6044394119358454
./models/16_swatplus/src/pest_parm_read.f90,pest_parm_read,SUBROUTINE,1,3,False,15,68,1838.025024708705,42.0,77197.0510377656,4288.725057653644,0.612675008236235
./models/16_swatplus/src/pest_pesty.f90,pest_pesty,SUBROUTINE,1,1,False,8,40,1411.069149515757,23.194444444444443,32728.964995712697,1818.27583309515,0.470356383171919
./models/16_swatplus/src/pest_pl_up.f90,pest_pl_up,SUBROUTINE,1,3,False,8,35,1138.927863564358,22.904761904761905,26086.871541640772,1449.270641202265,0.3796426211881193
./models/16_swatplus/src/pest_soil_tot.f90,pest_soil_tot,SUBROUTINE,1,3,False,5,26,653.6213445634062,9.779411764705882,6392.032266686251,355.11290370479173,0.2178737815211354
./models/16_swatplus/src/pest_washp.f90,pest_washp,SUBROUTINE,1,2,False,7,31,882.4240751139426,19.666666666666664,17354.340143907535,964.130007994863,0.2941413583713142
./models/16_swatplus/src/plantparm_init.f90,plantparm_init,SUBROUTINE,1,1,False,23,57,3473.7828689217154,46.19375,160467.0574012525,8914.836522291806,1.157927622973905
./models/16_swatplus/src/plant_all_init.f90,plant_all_init,SUBROUTINE,1,8,False,13,53,1208.2265978399284,19.3875,23424.49316562161,1301.3607314234227,0.4027421992799761
./models/16_swatplus/src/plant_init.f90,plant_init,SUBROUTINE,1,11,False,45,327,16189.13824669142,64.75732217573221,1048365.2411884648,58242.51339935916,5.396379415563807
./models/16_swatplus/src/plant_parm_read.f90,plant_parm_read,SUBROUTINE,1,3,False,12,58,1470.822859715596,32.44186046511628,47716.22998379666,2650.901665766481,0.49027428657186534
./models/16_swatplus/src/plant_transplant_read.f90,plant_transplant_read,SUBROUTINE,1,3,False,11,45,1032.8256827287746,29.25,30210.151219816657,1678.3417344342588,0.3442752275762582
./models/16_swatplus/src/pl_biomass_gro.f90,pl_biomass_gro,SUBROUTINE,1,0,False,17,99,4582.815368544951,36.666666666666664,168036.56351331485,9335.364639628602,1.527605122848317
./models/16_swatplus/src/pl_burnop.f90,pl_burnop,SUBROUTINE,1,1,False,4,58,2908.858328461576,38.79032258064516,112835.55290242081,6268.641827912267,0.9696194428205254
./models/16_swatplus/src/pl_community.f90,pl_community,SUBROUTINE,1,11,False,22,120,4797.47943818763,55.24324324324324,265028.3235582572,14723.79575323651,1.59915981272921
./models/16_swatplus/src/pl_dormant.f90,pl_dormant,SUBROUTINE,1,0,False,10,73,2927.0315107968117,26.18181818181818,76635.0068281347,4257.500379340817,0.975677170265604
./models/16_swatplus/src/pl_fert.f90,pl_fert,SUBROUTINE,1,1,False,11,91,4487.940732687247,47.60493827160494,213648.14154619782,11869.34119701099,1.4959802442290824
./models/16_swatplus/src/pl_fert_wet.f90,pl_fert_wet,SUBROUTINE,1,0,False,2,49,1656.0,16.936363636363637,28046.618181818183,1558.1454545454546,0.552
./models/16_swatplus/src/pl_graze.f90,pl_graze,SUBROUTINE,1,1,False,12,120,6792.898246565527,57.62755102040816,391458.09028039605,21747.671682244225,2.2642994155218426
./models/16_swatplus/src/pl_grow.f90,pl_grow,SUBROUTINE,1,1,False,6,36,742.3804877790874,8.799999999999999,6532.948292455968,362.94157180310935,0.24746016259302914
./models/16_swatplus/src/pl_leaf_gro.f90,pl_leaf_gro,SUBROUTINE,1,1,False,11,70,3028.143729889789,39.48529411764706,119567.14580520711,6642.619211400395,1.0093812432965963
./models/16_swatplus/src/pl_leaf_senes.f90,pl_leaf_senes,SUBROUTINE,1,0,False,9,91,4419.776848468107,45.88505747126437,202801.71470212282,11266.761927895712,1.473258949489369
./models/16_swatplus/src/pl_manure.f90,pl_manure,SUBROUTINE,1,1,False,8,98,5106.02471545688,49.7875,254216.2055208094,14123.122528933854,1.7020082384856265
./models/16_swatplus/src/pl_mortality.f90,pl_mortality,SUBROUTINE,1,1,False,3,36,1376.3055087767848,22.625,31138.912136074756,1729.9395631152643,0.45876850292559496
./models/16_swatplus/src/pl_nfix.f90,pl_nfix,SUBROUTINE,1,1,False,9,50,1758.4286254110589,24.137931034482758,42444.828889232456,2358.046049401803,0.5861428751370196
./models/16_swatplus/src/pl_nup.f90,pl_nup,SUBROUTINE,1,2,False,10,64,2538.3745781073285,31.267605633802816,79368.89525913056,4409.3830699516975,0.8461248593691095
./models/16_swatplus/src/pl_nupd.f90,pl_nupd,SUBROUTINE,1,0,False,3,22,851.7233503201933,16.57142857142857,14114.272662448915,784.1262590249397,0.2839077834400644
./models/16_swatplus/src/pl_nut_demand.f90,pl_nut_demand,SUBROUTINE,1,2,False,7,44,1385.1445969965446,23.058823529411764,31939.804824861498,1774.4336013811944,0.46171486566551484
./models/16_swatplus/src/pl_partition.f90,pl_partition,SUBROUTINE,1,0,False,15,147,7570.840678560701,99.61538461538461,754172.2060566237,41898.45589203465,2.523613559520234
./models/16_swatplus/src/pl_pup.f90,pl_pup,SUBROUTINE,1,2,False,7,44,1770.2898238396851,23.724999999999998,42000.126070596525,2333.3403372553626,0.5900966079465617
./models/16_swatplus/src/pl_pupd.f90,pl_pupd,SUBROUTINE,1,0,False,3,23,892.0075628353376,17.285714285714285,15418.987871867977,856.6104373259988,0.29733585427844583
./models/16_swatplus/src/pl_read_parms_cal.f90,pl_read_parms_cal,SUBROUTINE,1,8,False,24,100,3142.0568986235626,49.91304347826087,156829.62259216738,8712.756810675965,1.0473522995411875
./models/16_swatplus/src/pl_read_regions_cal.f90,pl_read_regions_cal,SUBROUTINE,1,5,False,16,81,2338.1696254167564,39.77118644067797,92991.78010238,5166.210005687778,0.7793898751389188
./models/16_swatplus/src/pl_rootfr.f90,pl_rootfr,SUBROUTINE,1,2,False,12,68,2076.5729964247303,45.58139534883721,94653.09472075515,5258.505262264175,0.6921909988082434
./models/16_swatplus/src/pl_root_gro.f90,pl_root_gro,SUBROUTINE,1,0,False,7,41,1572.0246198804782,25.48,40055.18731455458,2225.288184141921,0.5240082066268261
./models/16_swatplus/src/pl_seed_gro.f90,pl_seed_gro,SUBROUTINE,1,0,False,6,59,2274.2456148934652,30.483870967741932,69327.8098733653,3851.544992964739,0.758081871631155
./models/16_swatplus/src/pl_tstr.f90,pl_tstr,SUBROUTINE,1,0,False,6,38,1353.0079013532236,30.511627906976745,41282.473641289056,2293.470757849392,0.45100263378440786
./models/16_swatplus/src/pl_waterup.f90,pl_waterup,SUBROUTINE,1,4,False,25,143,4978.0584251083355,54.54639175257732,271535.12502317736,15085.284723509852,1.659352808369445
./models/16_swatplus/src/pl_write_parms_cal.f90,pl_write_parms_cal,SUBROUTINE,1,2,False,8,49,2082.455639474092,48.40909090909091,100809.78436545037,5600.5435758583535,0.6941518798246974
./models/16_swatplus/src/proc_aqu.f90,proc_aqu,SUBROUTINE,1,0,False,1,9,66.60791492653966,1.7999999999999998,119.89424686777139,6.660791492653966,0.022202638308846556
./models/16_swatplus/src/proc_bsn.f90,proc_bsn,SUBROUTINE,1,0,False,1,20,330.68508468127203,5.6923076923076925,1882.3612512626255,104.57562507014586,0.11022836156042401
./models/16_swatplus/src/proc_cal.f90,proc_cal,SUBROUTINE,1,0,False,2,21,235.53074858920888,3.375,794.91627648858,44.162015360476666,0.0785102495297363
./models/16_swatplus/src/proc_cha.f90,proc_cha,SUBROUTINE,1,2,False,3,29,447.04195997053847,5.515151515151515,2465.5041428678182,136.97245238154545,0.14901398665684615
./models/16_swatplus/src/proc_cond.f90,proc_cond,SUBROUTINE,1,3,False,6,25,494.89806973475027,8.96551724137931,4437.017176932243,246.5009542740135,0.16496602324491674
./models/16_swatplus/src/proc_date_time.f90,proc_date_time,SUBROUTINE,1,0,False,1,42,1580.4778413623346,29.818181818181817,47126.97563334961,2618.165312963867,0.5268259471207782
./models/16_swatplus/src/proc_db.f90,proc_db,SUBROUTINE,1,0,False,1,33,341.2150500951926,1.5909090909090908,542.8421251514428,30.15789584174682,0.11373835003173087
./models/16_swatplus/src/proc_hru.f90,proc_hru,SUBROUTINE,1,2,False,9,52,1540.3283801442449,13.0,20024.268941875183,1112.4593856597323,0.513442793381415
./models/16_swatplus/src/proc_open.f90,proc_open,SUBROUTINE,1,0,False,1,21,192.56842503028855,1.642857142857143,316.36241254975977,17.575689586097766,0.06418947501009618
./models/16_swatplus/src/proc_read.f90,proc_read,SUBROUTINE,1,0,False,1,39,420.60075897674335,1.576923076923077,663.2550430017876,36.847502388988204,0.14020025299224778
./models/16_swatplus/src/proc_res.f90,proc_res,SUBROUTINE,1,0,False,2,19,199.70527509086565,3.285714285714286,656.1744752985586,36.45413751658659,0.06656842503028855
./models/16_swatplus/src/qman.f90,qman,FUNCTION,1,0,False,1,10,184.47733175670794,8.5,1568.0573199320174,87.11429555177875,0.06149244391890265
./models/16_swatplus/src/ran.f90,ran,FUNCTION,1,0,False,3,27,1043.726262922755,18.2875,19087.144033199886,1060.396890733327,0.347908754307585
./models/16_swatplus/src/ran1.f90,ran1,FUNCTION,1,1,False,3,32,1286.9700022511463,20.583333333333332,26490.13254633609,1471.674030352005,0.4289900007503821
./models/16_swatplus/src/rcurv_interp_dep.f90,rcurv_interp_dep,SUBROUTINE,1,1,False,6,30,887.9475727688578,36.25,32188.099512871093,1788.2277507150607,0.2959825242562859
./models/16_swatplus/src/rcurv_interp_flo.f90,rcurv_interp_flo,SUBROUTINE,1,1,False,6,30,881.6518222585223,37.82608695652174,33349.43849412671,1852.7465830070396,0.29388394075284074
./models/16_swatplus/src/readcio_read.f90,readcio_read,SUBROUTINE,1,1,False,33,80,2788.0579812926553,26.89285714285714,74978.84499690605,4165.491388717002,0.9293526604308852
./models/16_swatplus/src/readpcom.f90,readpcom,SUBROUTINE,1,6,False,20,75,2431.5131777896217,41.60344827586207,101159.33272424755,5619.962929124864,0.8105043925965406
./models/16_swatplus/src/read_mgtops.f90,read_mgtops,SUBROUTINE,1,17,False,48,141,4054.904956224887,48.20967741935483,195485.65990574492,10860.31443920805,1.3516349854082956
./models/16_swatplus/src/recall_cs.f90,recall_cs,SUBROUTINE,3,4,False,21,82,2893.6948256764445,63.846153846153854,184751.28502395764,10263.960279108758,0.9645649418921481
./models/16_swatplus/src/recall_nut.f90,recall_nut,SUBROUTINE,2,0,False,8,60,2332.927317704608,44.61111111111111,104074.47978426667,5781.915543570371,0.7776424392348693
./models/16_swatplus/src/recall_output.f90,recall_output,SUBROUTINE,1,0,False,12,46,1858.9340562084742,26.35294117647059,48988.3798341998,2721.576657455544,0.6196446854028247
./models/16_swatplus/src/recall_read.f90,recall_read,SUBROUTINE,1,13,False,60,222,7287.822375816497,91.97849462365592,670322.9312121969,37240.16284512205,2.4292741252721655
./models/16_swatplus/src/recall_read_cs.f90,recall_read_cs,SUBROUTINE,2,15,False,53,210,6465.0668399587,74.96511627906978,484654.48740946216,26925.249300525677,2.1550222799862335
./models/16_swatplus/src/recall_read_salt.f90,recall_read_salt,SUBROUTINE,1,15,False,53,211,6465.531556835234,75.97058823529412,491190.2356266297,27288.346423701652,2.1551771856117448
./models/16_swatplus/src/recall_salt.f90,recall_salt,SUBROUTINE,3,12,False,29,98,3387.2888257918294,73.07692307692308,247532.6449617106,13751.813608983923,1.129096275263943
./models/16_swatplus/src/rec_read_elements.f90,rec_read_elements,SUBROUTINE,1,12,False,36,145,4750.0056048232755,61.73333333333333,293233.6793377568,16290.759963208713,1.5833352016077584
./models/16_swatplus/src/regres.f90,regres,FUNCTION,1,0,False,5,27,1464.9088677109125,16.852941176470587,24688.02297642214,1371.5568320234522,0.48830295590363754
./models/16_swatplus/src/reg_read_elements.f90,reg_read_elements,SUBROUTINE,1,12,False,34,169,5354.696292403512,64.39999999999999,344842.44123078615,19157.913401710342,1.7848987641345042
./models/16_swatplus/src/reservoir_output.f90,reservoir_output,SUBROUTINE,1,0,False,12,68,3172.418450304424,36.17391304347826,114758.78915883828,6375.488286602126,1.0574728167681413
./models/16_swatplus/src/res_allo.f90,res_allo,SUBROUTINE,1,1,False,7,88,2389.132903559122,16.381944444444443,39138.64249649978,2174.369027583321,0.7963776345197073
./models/16_swatplus/src/res_control.f90,res_control,SUBROUTINE,1,1,False,19,125,4847.337184654031,42.368421052631575,205374.02282349972,11409.667934638874,1.6157790615513437
./models/16_swatplus/src/res_cs.f90,res_cs,SUBROUTINE,1,2,False,16,114,3836.6445716336098,29.724719101123597,114043.18218265972,6335.732343481095,1.27888152387787
./models/16_swatplus/src/res_cs_output.f90,res_cs_output,SUBROUTINE,1,8,False,19,144,14764.672222603387,167.20394736842104,2468711.477220165,137150.6376233425,4.921557407534462
./models/16_swatplus/src/res_hydro.f90,res_hydro,SUBROUTINE,1,4,False,44,176,6010.340264729161,62.10526315789473,373273.76380949526,20737.431322749737,2.0034467549097204
./models/16_swatplus/src/res_initial.f90,res_initial,SUBROUTINE,1,6,False,16,114,4680.197273566052,47.69191919191919,223207.59017315265,12400.421676286258,1.5600657578553507
./models/16_swatplus/src/res_nutrient.f90,res_nutrient,SUBROUTINE,1,0,False,4,89,4106.38317825464,50.28169014084507,206475.8865685784,11470.882587143244,1.3687943927515467
./models/16_swatplus/src/res_objects.f90,res_objects,SUBROUTINE,1,1,False,2,18,319.62990083359426,7.3500000000000005,2349.279771126918,130.51554284038434,0.10654330027786475
./models/16_swatplus/src/res_pest.f90,res_pest,SUBROUTINE,1,3,False,18,162,6115.703356054146,37.16037735849057,227261.84452355927,12625.658029086626,2.038567785351382
./models/16_swatplus/src/res_pesticide_module.f90,respest_add,FUNCTION,78,0,False,1,19,637.1549252899048,6.5625,4181.329197215,232.29606651194445,0.21238497509663493
./models/16_swatplus/src/res_pesticide_module.f90,respest_div,FUNCTION,98,0,False,1,19,572.0752357248548,5.4,3089.2062729142162,171.62257071745645,0.19069174524161828
./models/16_swatplus/src/res_pesticide_module.f90,respest_ave,FUNCTION,118,0,False,1,19,432.6947626968756,3.04,1315.392078598502,73.07733769991677,0.1442315875656252
./models/16_swatplus/src/res_pesticide_output.f90,res_pesticide_output,SUBROUTINE,1,1,False,13,62,3021.768690458442,37.73913043478261,114038.92275295338,6335.49570849741,1.007256230152814
./models/16_swatplus/src/res_read.f90,res_read,SUBROUTINE,1,13,False,40,142,4368.470607187944,49.08139534883721,214410.6329411664,11911.7018300648,1.4561568690626479
./models/16_swatplus/src/res_read_conds.f90,res_read_conds,SUBROUTINE,1,4,False,8,47,1513.535413068992,27.57142857142857,41730.33353175935,2318.3518628755196,0.5045118043563307
./models/16_swatplus/src/res_read_cs.f90,res_read_cs,SUBROUTINE,1,5,False,14,58,1399.5725362158826,34.66216216216216,48512.2102080235,2695.1227893346386,0.4665241787386275
./models/16_swatplus/src/res_read_csdb.f90,res_read_csdb,SUBROUTINE,1,5,False,14,58,1399.5725362158826,34.66216216216216,48512.2102080235,2695.1227893346386,0.4665241787386275
./models/16_swatplus/src/res_read_elements.f90,res_read_elements,SUBROUTINE,1,12,False,36,140,4516.409480297895,61.54929577464789,277981.82294227893,15443.434607904384,1.5054698267659652
./models/16_swatplus/src/res_read_hyd.f90,res_read_hyd,SUBROUTINE,1,3,False,18,55,1702.1216158805485,43.65853658536586,74312.13883966298,4128.452157759054,0.5673738719601829
./models/16_swatplus/src/res_read_init.f90,res_read_init,SUBROUTINE,1,3,False,11,49,1173.9970504413475,31.25,36687.40782629211,2038.189323682895,0.3913323501471158
./models/16_swatplus/src/res_read_nut.f90,res_read_nut,SUBROUTINE,1,4,False,13,56,1571.232898431866,40.75,64027.74061109854,3557.0967006165856,0.5237442994772887
./models/16_swatplus/src/res_read_salt.f90,res_read_salt,SUBROUTINE,1,6,False,15,63,1595.9337395744778,33.46590909090909,53409.37344371407,2967.18741353967,0.5319779131914926
./models/16_swatplus/src/res_read_saltdb.f90,res_read_saltdb,SUBROUTINE,1,6,False,15,63,1595.9337395744778,33.46590909090909,53409.37344371407,2967.18741353967,0.5319779131914926
./models/16_swatplus/src/res_read_salt_cs.f90,res_read_salt_cs,SUBROUTINE,1,3,False,9,48,1072.0105221083456,18.295454545454547,19612.919779482236,1089.6066544156797,0.3573368407027819
./models/16_swatplus/src/res_read_sed.f90,res_read_sed,SUBROUTINE,1,3,False,12,48,1168.5901422189238,33.96969696969697,39696.65301295192,2205.3696118306625,0.3895300474063079
./models/16_swatplus/src/res_read_weir.f90,res_read_weir,SUBROUTINE,1,3,False,12,48,1168.5901422189238,33.96969696969697,39696.65301295192,2205.3696118306625,0.3895300474063079
./models/16_swatplus/src/res_rel_ctbl.f90,res_rel_conds,SUBROUTINE,1,4,False,15,54,1706.9202954598331,41.282051282051285,70465.17117154696,3914.7317317526085,0.5689734318199444
./models/16_swatplus/src/res_salt.f90,res_salt,SUBROUTINE,1,2,False,6,59,1701.1844915352533,23.908163265306122,40672.19656803161,2259.566476001756,0.5670614971784178
./models/16_swatplus/src/res_salt_output.f90,res_salt_output,SUBROUTINE,1,8,False,19,126,11586.555352727883,136.41095890410958,1580533.126061154,87807.39589228634,3.8621851175759607
./models/16_swatplus/src/res_sediment.f90,res_sediment,SUBROUTINE,1,0,False,3,44,1219.0729369913404,24.31578947368421,29642.720888947326,1646.8178271637403,0.40635764566378013
./models/16_swatplus/src/res_weir_release.f90,res_weir_release,SUBROUTINE,1,2,False,12,95,2627.29812748442,41.25,108376.04775873233,6020.891542151796,0.8757660424948067
./models/16_swatplus/src/re_initialize.f90,re_initialize,SUBROUTINE,1,0,False,6,37,638.4492484318023,4.630434782608695,2956.2976068689973,164.2387559371665,0.2128164161439341
./models/16_swatplus/src/rls_routeaqu.f90,rls_routeaqu,SUBROUTINE,1,0,False,1,15,355.0,4.357142857142857,1546.7857142857142,85.93253968253968,0.11833333333333333
./models/16_swatplus/src/rls_routesoil.f90,rls_routesoil,SUBROUTINE,1,1,False,3,19,499.216357432593,12.03125,6006.1968003608845,333.6776000200491,0.166405452477531
./models/16_swatplus/src/rls_routesurf.f90,rls_routesurf,SUBROUTINE,1,0,False,3,29,987.2503367497926,16.90909090909091,16693.50569413286,927.4169830073811,0.3290834455832642
./models/16_swatplus/src/rls_routetile.f90,rls_routetile,SUBROUTINE,1,0,False,1,18,515.735883197266,8.032258064516128,4142.523706971588,230.14020594286598,0.17191196106575535
./models/16_swatplus/src/rsd_decomp.f90,rsd_decomp,SUBROUTINE,1,1,False,12,77,3227.3573798295056,29.602409638554217,95537.55520772404,5307.641955984669,1.0757857932765018
./models/16_swatplus/src/rte_read_nut.f90,rte_read_nut,SUBROUTINE,1,3,False,12,45,1043.9532096947755,33.75,35233.42082719867,1957.412268177704,0.34798440323159185
./models/16_swatplus/src/ru_control.f90,ru_control,SUBROUTINE,1,15,False,37,206,10597.024538371916,98.2890625,1041571.6071660708,57865.08928700394,3.5323415127906386
./models/16_swatplus/src/ru_cs_output.f90,ru_cs_output,SUBROUTINE,1,14,False,25,155,17638.364862727725,196.85714285714286,3472238.111548401,192902.1173082445,5.879454954242575
./models/16_swatplus/src/ru_output.f90,ru_output,SUBROUTINE,1,0,False,12,46,1870.888616055474,26.58823529411765,49743.62673276907,2763.534818487171,0.6236295386851579
./models/16_swatplus/src/ru_read.f90,ru_read,SUBROUTINE,1,11,False,24,235,9368.979862870507,103.33333333333334,968127.9191632858,53784.88439796032,3.122993287623502
./models/16_swatplus/src/ru_read_elements.f90,ru_read_elements,SUBROUTINE,1,11,False,39,159,5410.664889232938,69.9470588235294,378460.0952815815,21025.56084897675,1.803554963077646
./models/16_swatplus/src/ru_salt_output.f90,ru_salt_output,SUBROUTINE,1,14,False,25,151,17151.475880503,191.62337662337663,3286623.7222963865,182590.20679424368,5.717158626834333
./models/16_swatplus/src/salt_aqu_read.f90,salt_aqu_read,SUBROUTINE,2,4,False,17,56,1509.912279734977,32.69230769230769,49362.51683748963,2742.3620465272015,0.5033040932449923
./models/16_swatplus/src/salt_balance.f90,salt_balance,SUBROUTINE,1,80,False,101,420,16553.976450214854,68.87573964497041,1140167.3720739698,63342.63178188721,5.517992150071618
./models/16_swatplus/src/salt_cha_read.f90,salt_cha_read,SUBROUTINE,1,4,False,12,51,1218.460046986535,25.914634146341463,31575.946339590082,1754.2192410883379,0.40615334899551164
./models/16_swatplus/src/salt_chem_aqu.f90,salt_chem_aqu,SUBROUTINE,1,4,False,10,182,8061.442832470986,47.852112676056336,385757.0707509884,21430.94837505491,2.687147610823662
./models/16_swatplus/src/salt_chem_hru.f90,salt_chem_hru,SUBROUTINE,1,8,False,21,249,11086.512678123168,64.55696202531645,715711.5779547868,39761.75433082149,3.695504226041056
./models/16_swatplus/src/salt_chem_hru.f90,activity_coefficient,SUBROUTINE,405,3,False,6,29,947.3032008899505,28.0,26524.489624918613,1473.582756939923,0.3157677336299835
./models/16_swatplus/src/salt_chem_hru.f90,cationexchange,SUBROUTINE,795,0,False,6,70,2436.0,29.95098039215686,72960.58823529411,4053.366013071895,0.812
./models/16_swatplus/src/salt_chem_hru.f90,CaSO4,SUBROUTINE,451,0,False,3,35,895.172054701737,16.823529411764703,15059.953390864513,836.6640772702508,0.298390684900579
./models/16_swatplus/src/salt_chem_hru.f90,MgCO3,SUBROUTINE,519,0,False,3,35,895.172054701737,16.823529411764703,15059.953390864513,836.6640772702508,0.298390684900579
./models/16_swatplus/src/salt_chem_hru.f90,NaCl,SUBROUTINE,587,0,False,3,35,873.6286255070378,17.703125,15465.956760929279,859.2198200516266,0.29120954183567926
./models/16_swatplus/src/salt_chem_hru.f90,MgSO4,SUBROUTINE,656,0,False,3,35,906.1557608943964,16.985294117647058,15391.322115191586,855.073450843977,0.3020519202981321
./models/16_swatplus/src/salt_chem_hru.f90,CaCO3,SUBROUTINE,725,0,False,3,34,862.7760959976335,17.359375,14977.25379145892,832.0696550810511,0.2875920319992112
./models/16_swatplus/src/salt_chem_hru.f90,Ionic_Strength,SUBROUTINE,378,0,False,1,9,487.2818866097718,9.777777777777779,4764.534002406658,264.69633346703654,0.1624272955365906
./models/16_swatplus/src/salt_chem_soil_single.f90,salt_chem_soil_single,SUBROUTINE,1,1,False,8,148,5675.277292985654,28.75,163164.22217333753,9064.679009629863,1.8917590976618845
./models/16_swatplus/src/salt_fert.f90,salt_fert,SUBROUTINE,1,1,False,6,56,3585.5156134964495,53.53636363636364,191955.4677080054,10664.192650444744,1.195171871165483
./models/16_swatplus/src/salt_fert_read.f90,salt_fert_read,SUBROUTINE,1,1,False,3,28,582.1364282109455,10.0,5821.3642821094545,323.4091267838586,0.19404547607031516
./models/16_swatplus/src/salt_fert_wet.f90,salt_fert_wet,SUBROUTINE,1,0,False,3,34,1899.1128757139445,22.695652173913043,43101.605266203434,2394.5336259001906,0.6330376252379815
./models/16_swatplus/src/salt_hru_aqu_read.f90,salt_hru_aqu_read,SUBROUTINE,1,4,False,17,57,1617.7268385745065,32.785714285714285,53038.329921835604,2946.5738845464225,0.5392422795248355
./models/16_swatplus/src/salt_hru_init.f90,salt_hru_init,SUBROUTINE,1,6,False,8,49,1482.0,17.314814814814813,25660.555555555555,1425.5864197530864,0.494
./models/16_swatplus/src/salt_hru_read.f90,salt_hru_read,SUBROUTINE,1,4,False,23,69,1977.3497148018473,40.375,79835.49473512458,4435.305263062477,0.6591165716006158
./models/16_swatplus/src/salt_irrig.f90,salt_irrig,SUBROUTINE,1,6,False,28,160,6930.821550707375,60.76237623762376,421133.1866999125,23396.288149995136,2.3102738502357916
./models/16_swatplus/src/salt_irr_read.f90,salt_irr_read,SUBROUTINE,1,4,False,13,47,1128.8126430523275,24.166666666666668,27279.638873764583,1515.5354929869213,0.3762708810174425
./models/16_swatplus/src/salt_lch.f90,salt_lch,SUBROUTINE,1,6,False,17,109,4253.362395349172,49.578947368421055,210877.23033783791,11715.40168543544,1.4177874651163909
./models/16_swatplus/src/salt_plant_read.f90,salt_plant_read,SUBROUTINE,1,1,False,3,36,770.7248250995195,11.18421052631579,8619.948701770942,478.88603898727456,0.2569082750331732
./models/16_swatplus/src/salt_rain.f90,salt_rain,SUBROUTINE,1,3,False,9,49,1974.606170270006,27.883333333333333,55058.602047695334,3058.811224871963,0.6582020567566687
./models/16_swatplus/src/salt_roadsalt.f90,salt_roadsalt,SUBROUTINE,1,3,False,9,47,1540.786654376274,22.50925925925926,34681.966266562245,1926.7759036979025,0.513595551458758
./models/16_swatplus/src/salt_roadsalt_read.f90,salt_roadsalt_read,SUBROUTINE,1,11,False,22,112,3369.0586697623057,42.053333333333335,141680.14725907083,7871.1192921706015,1.1230195565874352
./models/16_swatplus/src/salt_uptake.f90,salt_uptake,SUBROUTINE,1,3,False,8,56,1696.7293753966358,24.017241379310345,40750.75896426748,2263.9310535704153,0.5655764584655453
./models/16_swatplus/src/salt_uptake_read.f90,salt_uptake_read,SUBROUTINE,1,1,False,4,39,832.2641988485994,13.280487804878048,11052.874543245423,614.0485857358568,0.2774213996161998
./models/16_swatplus/src/salt_urban_read.f90,salt_urban_read,SUBROUTINE,1,3,False,8,47,1117.7021793787499,23.273809523809526,26013.18762720781,1445.177090400434,0.37256739312625
./models/16_swatplus/src/sat_buff_read.f90,sat_buff_read,SUBROUTINE,1,5,False,14,60,1482.4260484391841,26.25,38913.68377152858,2161.871320640477,0.4941420161463947
./models/16_swatplus/src/scen_read_bmpuser.f90,scen_read_bmpuser,SUBROUTINE,1,3,False,11,44,1060.281787574243,28.588235294117645,30311.585221240122,1683.9769567355625,0.35342726252474765
./models/16_swatplus/src/scen_read_filtstrip.f90,scen_read_filtstrip,SUBROUTINE,1,3,False,11,45,1077.3831067286662,29.11764705882353,31370.861048864106,1742.8256138257836,0.35912770224288876
./models/16_swatplus/src/scen_read_grwway.f90,scen_read_grwway,SUBROUTINE,1,3,False,11,45,1077.3831067286662,29.11764705882353,31370.861048864106,1742.8256138257836,0.35912770224288876
./models/16_swatplus/src/sdr_read.f90,sdr_read,SUBROUTINE,1,3,False,11,45,1088.7839861649486,29.64705882352941,32279.24288394906,1793.2912713305034,0.3629279953883162
./models/16_swatplus/src/sd_chanbud_output.f90,sd_chanbud_output,SUBROUTINE,1,0,False,13,51,2040.2471685639084,25.894736842105264,52831.663522812785,2935.0924179340436,0.6800823895213028
./models/16_swatplus/src/sd_chanmorph_output.f90,sd_chanmorph_output,SUBROUTINE,1,0,False,13,55,2285.078838551454,28.877049180327866,65986.3340017768,3665.907444543156,0.7616929461838179
./models/16_swatplus/src/sd_channel_control.f90,sd_channel_control,SUBROUTINE,1,18,False,70,613,32127.538520937404,88.99697885196376,2859253.866313517,158847.43701741763,10.709179506979135
./models/16_swatplus/src/sd_channel_control2.f90,sd_channel_control2,SUBROUTINE,1,2,False,10,91,3745.9349921098806,27.12053571428571,101591.76373690859,5643.986874272699,1.2486449973699603
./models/16_swatplus/src/sd_channel_control3.f90,sd_channel_control3,SUBROUTINE,1,11,False,42,432,22119.515555730988,58.608150470219435,1296383.8960186413,72021.32755659119,7.373171851910329
./models/16_swatplus/src/sd_channel_module.f90,chsednut_add,FUNCTION,532,0,False,1,35,1416.2551009772476,7.5,10621.913257329357,590.1062920738532,0.47208503365908255
./models/16_swatplus/src/sd_channel_module.f90,chsednut_div,FUNCTION,568,0,False,1,35,1261.1287039052156,6.219512195121951,7843.605353556829,435.7558529753794,0.4203762346350719
./models/16_swatplus/src/sd_channel_module.f90,chsd_add,FUNCTION,604,0,False,1,31,1168.073890368557,7.125,8322.526468875969,462.3625816042205,0.3893579634561856
./models/16_swatplus/src/sd_channel_module.f90,chsd_div,FUNCTION,636,0,False,1,31,899.4058480359643,5.391891891891892,4849.499099545267,269.4166166414037,0.2998019493453214
./models/16_swatplus/src/sd_channel_module.f90,chsd_ave,FUNCTION,668,0,False,1,31,952.6251289848379,5.594594594594595,5329.551397293553,296.0861887385307,0.31754170966161266
./models/16_swatplus/src/sd_channel_module.f90,chsd_mult,FUNCTION,700,0,False,1,31,1080.3514032621347,6.081081081081082,6569.704479296765,364.98358218315366,0.3601171344207116
./models/16_swatplus/src/sd_channel_module.f90,chrc_mult,FUNCTION,734,0,False,1,15,417.2315875656252,5.0,2086.157937828126,115.89766321267365,0.1390771958552084
./models/16_swatplus/src/sd_channel_module.f90,chrc_interp,SUBROUTINE,750,0,False,1,16,751.272225341828,13.295454545454547,9988.505723294758,554.9169846274866,0.25042407511394266
./models/16_swatplus/src/sd_channel_nutrients.f90,sd_channel_nutrients,SUBROUTINE,1,1,False,10,88,3276.7702677123193,37.279411764705884,122156.06806839308,6786.448226021838,1.0922567559041065
./models/16_swatplus/src/sd_channel_output.f90,sd_channel_output,SUBROUTINE,1,1,False,15,77,4445.08501524542,48.16265060240964,214087.07648727193,11893.726471515107,1.4816950050818067
./models/16_swatplus/src/sd_channel_read.f90,sd_channel_read,SUBROUTINE,1,19,False,42,260,9646.638536893626,59.25625,571623.6248018029,31756.868044544608,3.215546178964542
./models/16_swatplus/src/sd_channel_sediment.f90,sd_channel_sediment,SUBROUTINE,1,1,False,11,142,5413.763931743885,33.25,180007.6507304842,10000.425040582455,1.8045879772479618
./models/16_swatplus/src/sd_channel_sediment3.f90,sd_channel_sediment3,SUBROUTINE,1,1,False,11,178,8494.380667488855,39.19496855345912,332936.9831433367,18496.499063518706,2.831460222496285
./models/16_swatplus/src/sd_channel_surf_link.f90,sd_channel_surf_link,SUBROUTINE,1,5,False,11,58,1615.273568186822,26.976190476190478,43573.92744656356,2420.773747031309,0.5384245227289407
./models/16_swatplus/src/sd_hydsed_init.f90,sd_hydsed_init,SUBROUTINE,1,11,False,30,245,11917.661859649312,49.19117647058824,586243.807654808,32569.100425267112,3.9725539532164373
./models/16_swatplus/src/sd_hydsed_read.f90,sd_hydsed_read,SUBROUTINE,1,6,False,21,84,2220.1886437075445,39.30612244897959,87267.00668940267,4848.167038300148,0.7400628812358482
./models/16_swatplus/src/sd_rating_curve.f90,sd_rating_curve,SUBROUTINE,1,2,False,9,70,3227.159449323535,47.78703703703704,154216.38812924782,8567.577118291545,1.0757198164411783
./models/16_swatplus/src/search.f90,search,SUBROUTINE,1,1,False,8,38,682.1946412536805,22.454545454545453,15318.370580878098,851.020587826561,0.22739821375122685
./models/16_swatplus/src/septic_parm_read.f90,septic_parm_read,SUBROUTINE,1,3,False,12,48,1179.9516136400189,33.25,39233.391153530625,2179.6328418628127,0.39331720454667296
./models/16_swatplus/src/sep_biozone.f90,sep_biozone,SUBROUTINE,1,0,False,8,169,10603.680285162316,57.76041666666667,612472.9914710942,34026.277303949675,3.5345600950541054
./models/16_swatplus/src/sep_read.f90,sep_read,SUBROUTINE,1,3,False,11,45,1077.3831067286662,29.11764705882353,31370.861048864106,1742.8256138257836,0.35912770224288876
./models/16_swatplus/src/sim_initday.f90,sim_initday,SUBROUTINE,1,2,False,3,81,2072.913343121246,6.789772727272727,14074.610483124367,781.9228046180203,0.6909711143737486
./models/16_swatplus/src/smp_bmpfixed.f90,smp_bmpfixed,SUBROUTINE,1,0,False,1,15,620.0,8.88888888888889,5511.111111111111,306.17283950617286,0.20666666666666667
./models/16_swatplus/src/smp_buffer.f90,smp_buffer,SUBROUTINE,1,0,False,2,12,256.7639251168273,8.0,2054.1114009346184,114.11730005192324,0.08558797503894243
./models/16_swatplus/src/smp_filter.f90,smp_filter,SUBROUTINE,1,1,False,33,147,6331.959120096957,58.63529411764706,371276.28534780274,20626.46029710015,2.110653040032319
./models/16_swatplus/src/smp_grass_wway.f90,smp_grass_wway,SUBROUTINE,1,2,False,26,148,5500.476461402617,40.151515151515156,220852.46398055964,12269.581332253314,1.8334921538008724
./models/16_swatplus/src/snowdb_read.f90,snowdb_read,SUBROUTINE,1,3,False,11,47,1122.672409094387,29.57142857142857,33199.026954648296,1844.3903863693497,0.3742241363647956
./models/16_swatplus/src/soils_init.f90,soils_init,SUBROUTINE,1,16,False,43,378,17887.828779803596,160.91463414634146,2878413.4237744934,159911.85687636075,5.9626095932678655
./models/16_swatplus/src/soil_awc_init.f90,soil_awc_init,SUBROUTINE,1,2,False,10,65,3946.1667483588667,63.492063492063494,250550.26973707092,13919.459429837274,1.3153889161196222
./models/16_swatplus/src/soil_carbvar_write.f90,soil_carbvar_write,SUBROUTINE,1,8,False,21,69,3359.915138778396,41.46212121212121,139309.20874647092,7739.400485915051,1.119971712926132
./models/16_swatplus/src/soil_db_read.f90,soil_db_read,SUBROUTINE,1,5,False,16,63,2389.6888198674233,41.58196721311475,99367.96215727407,5520.442342070782,0.7965629399558077
./models/16_swatplus/src/soil_lte_db_read.f90,soil_lte_db_read,SUBROUTINE,1,2,False,7,32,703.7052750908657,19.25,13546.326545499165,752.5736969721759,0.23456842503028857
./models/16_swatplus/src/soil_nutcarb_init.f90,soil_nutcarb_init,SUBROUTINE,1,3,False,17,113,6005.094989423324,54.435483870967744,326890.25144038256,18160.569524465696,2.0016983298077746
./models/16_swatplus/src/soil_nutcarb_write.f90,soil_nutcarb_write,SUBROUTINE,1,18,False,57,233,20627.74436620736,120.67532467532467,2489259.7487116726,138292.2082617596,6.875914788735787
./models/16_swatplus/src/soil_phys_init.f90,soil_phys_init,SUBROUTINE,1,3,False,28,122,7623.334602044819,78.1276595744681,595593.2906108209,33088.51614504561,2.5411115340149397
./models/16_swatplus/src/soil_plant_init.f90,soil_plant_init,SUBROUTINE,1,3,False,11,44,1189.170142010897,26.121951219512194,31063.444441309042,1725.746913406058,0.3963900473369657
./models/16_swatplus/src/soil_plant_init_cs.f90,soil_plant_init_cs,SUBROUTINE,1,1,False,3,25,622.1139513878954,10.675675675675675,6641.486778330235,368.9714876850131,0.2073713171292985
./models/16_swatplus/src/soil_text_init.f90,soil_text_init,SUBROUTINE,1,0,False,4,30,1090.6792156951217,30.766666666666666,33556.56386955324,1864.2535483085132,0.36355973856504054
./models/16_swatplus/src/solt_db_read.f90,solt_db_read,SUBROUTINE,1,3,False,12,48,1196.7414606996047,32.45833333333333,38844.23324520799,2158.012958067111,0.39891382023320154
./models/16_swatplus/src/sq_canopyint.f90,sq_canopyint,SUBROUTINE,1,2,False,9,57,1559.5745130863,32.375,50491.22486116896,2805.06804784272,0.5198581710287666
./models/16_swatplus/src/sq_crackflow.f90,sq_crackflow,SUBROUTINE,1,1,False,5,29,544.9615941425562,14.727272727272728,8025.798022826738,445.87766793481876,0.1816538647141854
./models/16_swatplus/src/sq_crackvol.f90,sq_crackvol,SUBROUTINE,1,1,False,5,32,933.4819705736352,23.833333333333332,22247.986965338303,1235.999275852128,0.3111606568578784
./models/16_swatplus/src/sq_dailycn.f90,sq_dailycn,SUBROUTINE,1,0,False,5,22,723.5866162434687,17.727272727272727,12827.217287952399,712.6231826640221,0.2411955387478229
./models/16_swatplus/src/sq_daycn.f90,sq_daycn,SUBROUTINE,1,0,False,4,33,889.9074197711441,16.06060606060606,14292.452499354737,794.025138853041,0.29663580659038136
./models/16_swatplus/src/sq_greenampt.f90,sq_greenampt,SUBROUTINE,1,2,False,18,114,3981.3324986485545,47.80519480519481,190328.37568214713,10573.798649008175,1.3271108328828516
./models/16_swatplus/src/sq_snom.f90,sq_snom,SUBROUTINE,1,0,False,9,44,1648.7449798424825,28.595744680851062,47147.09048741056,2619.2828048561423,0.5495816599474942
./models/16_swatplus/src/sq_surfst.f90,sq_surfst,SUBROUTINE,1,1,False,3,26,782.3234299484423,21.43103448275862,16766.000403895065,931.4444668830591,0.2607744766494807
./models/16_swatplus/src/sq_volq.f90,sq_volq,SUBROUTINE,1,0,False,2,10,95.90827503317318,4.136363636363637,396.71150127358004,22.039527848532224,0.03196942501105773
./models/16_swatplus/src/stmp_solt.f90,stmp_solt,SUBROUTINE,1,1,False,6,79,3142.655247776113,31.72674418604651,99706.21911112935,5539.234395062742,1.0475517492587043
./models/16_swatplus/src/stor_surfstor.f90,stor_surfstor,SUBROUTINE,1,1,False,9,183,12014.98143743167,84.30000000000001,1012862.93517549,56270.163065305,4.004993812477223
./models/16_swatplus/src/structure_init.f90,structure_init,SUBROUTINE,1,1,False,6,24,475.0,10.333333333333334,4908.333333333334,272.6851851851852,0.15833333333333333
./models/16_swatplus/src/structure_set_parms.f90,structure_set_parms,SUBROUTINE,1,1,False,26,77,3845.0268396461734,55.94936708860759,215126.81811691244,11951.489895384024,1.281675613215391
./models/16_swatplus/src/surface.f90,surface,SUBROUTINE,1,0,False,7,39,942.3616333045196,14.651162790697674,13806.693697252264,767.0385387362369,0.3141205444348399
./models/16_swatplus/src/swift_output.f90,swift_output,SUBROUTINE,1,13,False,17,198,9465.899831152079,51.43491124260355,486877.7176466831,27048.762091482393,3.1552999437173597
./models/16_swatplus/src/swr_depstor.f90,swr_depstor,SUBROUTINE,1,0,False,3,32,1161.4709844115207,20.55813953488372,23877.682563250793,1326.5379201805997,0.38715699480384025
./models/16_swatplus/src/swr_drains.f90,swr_drains,SUBROUTINE,1,4,False,25,142,6151.067851730567,57.0873786407767,351148.3394968518,19508.24108315843,2.0503559505768556
./models/16_swatplus/src/swr_latsed.f90,swr_latsed,SUBROUTINE,1,0,False,9,25,1521.24330768332,22.16216216216216,33714.040872981685,1873.0022707212047,0.5070811025611066
./models/16_swatplus/src/swr_origtile.f90,swr_origtile,SUBROUTINE,1,0,False,3,21,583.9731685033711,13.933333333333334,8136.692814480304,452.03848969335024,0.19465772283445704
./models/16_swatplus/src/swr_percmacro.f90,swr_percmacro,SUBROUTINE,1,1,False,9,44,1573.3213622069413,42.666666666666664,67128.3781208295,3729.354340046083,0.5244404540689804
./models/16_swatplus/src/swr_percmain.f90,swr_percmain,SUBROUTINE,1,6,False,34,143,5575.638251558429,58.40425531914893,325641.00001123163,18091.166667290647,1.8585460838528096
./models/16_swatplus/src/swr_percmicro.f90,swr_percmicro,SUBROUTINE,1,0,False,13,58,2509.0968247579103,38.30357142857142,96107.36944831637,5339.298302684243,0.8363656082526367
./models/16_swatplus/src/swr_satexcess.f90,swr_satexcess,SUBROUTINE,1,2,False,11,73,3196.0611357543994,45.362903225806456,144982.6120049879,8054.589555832661,1.065353711918133
./models/16_swatplus/src/swr_substor.f90,swr_substor,SUBROUTINE,1,0,False,9,30,1332.9735884146708,25.866666666666667,34479.583486992815,1915.5324159440452,0.44432452947155693
./models/16_swatplus/src/swr_subwq.f90,swr_subwq,SUBROUTINE,1,0,False,7,46,1640.4899791230469,21.07142857142857,34567.467417235624,1920.4148565130902,0.5468299930410156
./models/16_swatplus/src/theta.f90,theta,FUNCTION,1,0,False,1,9,130.79881092001085,7.090909090909092,927.4824774328043,51.526804301822466,0.04359960364000362
./models/16_swatplus/src/till_parm_read.f90,till_parm_read,SUBROUTINE,1,3,False,13,57,1376.3055087767848,29.142857142857142,40109.47482720915,2228.3041570671753,0.45876850292559496
./models/16_swatplus/src/time_conc_init.f90,time_conc_init,SUBROUTINE,1,4,False,7,59,2426.0279189210796,22.772151898734176,55245.87628024079,3069.2153489022658,0.8086759729736932
./models/16_swatplus/src/time_control.f90,time_control,SUBROUTINE,1,15,False,57,272,11176.777547175734,49.525821596244135,553539.0908223325,30752.171712351806,3.7255925157252445
./models/16_swatplus/src/time_read.f90,time_read,SUBROUTINE,1,1,False,9,36,1016.2871113600806,26.763157894736842,27199.052427715844,1511.0584682064357,0.3387623704533602
./models/16_swatplus/src/topohyd_init.f90,topohyd_init,SUBROUTINE,1,1,False,7,75,3181.1579899341955,32.63855421686747,103828.39752688838,5768.244307049355,1.0603859966447318
./models/16_swatplus/src/topo_read.f90,topo_read,SUBROUTINE,1,3,False,11,47,1122.672409094387,29.57142857142857,33199.026954648296,1844.3903863693497,0.3742241363647956
./models/16_swatplus/src/treat_read_om.f90,treat_read_om,SUBROUTINE,1,2,False,9,42,925.5924151230548,19.638888888888886,18177.60659699999,1009.8670331666661,0.30853080504101826
./models/16_swatplus/src/ttcoef_wway.f90,ttcoef_wway,SUBROUTINE,1,0,False,2,72,2763.723599304305,37.4,103363.262613981,5742.4034785545,0.9212411997681017
./models/16_swatplus/src/unit_hyd.f90,unit_hyd,SUBROUTINE,1,5,False,11,62,1826.4488125766725,28.830188679245282,52656.86387956897,2925.3813266427205,0.6088162708588908
./models/16_swatplus/src/unit_hyd_ru_hru.f90,unit_hyd_ru_hru,SUBROUTINE,1,4,False,9,39,998.3468601869831,20.184210526315788,20150.84320430042,1119.491289127801,0.33278228672899435
./models/16_swatplus/src/urban_parm_read.f90,urban_parm_read,SUBROUTINE,1,3,False,11,44,1060.281787574243,28.588235294117645,30311.585221240122,1683.9769567355625,0.35342726252474765
./models/16_swatplus/src/varinit.f90,varinit,SUBROUTINE,1,1,False,3,66,1625.7216782194248,8.565217391304348,13924.659591705507,773.5921995391949,0.5419072260731416
./models/16_swatplus/src/wallo_control.f90,wallo_control,SUBROUTINE,1,6,False,23,106,4486.73556890773,40.99074074074074,183914.6144773567,10217.478582075371,1.4955785229692435
./models/16_swatplus/src/wallo_demand.f90,wallo_demand,SUBROUTINE,1,1,False,14,72,2345.0064383218823,35.93650793650794,84271.34248191654,4681.741248995363,0.7816688127739608
./models/16_swatplus/src/wallo_transfer.f90,wallo_transfer,SUBROUTINE,1,0,False,4,28,799.8607946415798,12.102564102564102,9680.36654027758,537.7981411265323,0.2666202648805266
./models/16_swatplus/src/wallo_treatment.f90,wallo_treatment,SUBROUTINE,1,0,False,6,28,770.529595167698,16.81818181818182,12958.906827820376,719.9392682122431,0.25684319838923264
./models/16_swatplus/src/wallo_withdraw.f90,wallo_withdraw,SUBROUTINE,1,0,False,14,114,5192.547227630438,59.31707317073171,308006.7038438348,17111.48354687971,1.7308490758768127
./models/16_swatplus/src/water_allocation_module.f90,wallout_add,FUNCTION,176,0,False,1,8,184.0,4.5,828.0,46.0,0.06133333333333333
./models/16_swatplus/src/water_allocation_module.f90,wallo_div_const,FUNCTION,185,0,False,1,8,171.67343933251425,3.75,643.7753974969285,35.76529986094047,0.05722447977750475
./models/16_swatplus/src/water_allocation_output.f90,water_allocation_output,SUBROUTINE,1,8,False,20,64,5033.4241523852115,66.85344827586206,336501.7612219596,18694.542290108868,1.6778080507950706
./models/16_swatplus/src/water_allocation_read.f90,water_allocation_read,SUBROUTINE,1,13,False,38,175,7148.913807077707,76.0485436893204,543664.4839887348,30203.5824438186,2.3829712690259024
./models/16_swatplus/src/water_body_module.f90,watbod_add,FUNCTION,58,0,False,1,9,220.7229934275183,4.821428571428571,1064.2001468826775,59.12223038237097,0.0735743311425061
./models/16_swatplus/src/water_body_module.f90,watbod_div,FUNCTION,73,0,False,1,9,204.3263250706733,4.0,817.3053002826932,45.40585001570518,0.06810877502355776
./models/16_swatplus/src/water_body_module.f90,watbod_ave,FUNCTION,88,0,False,1,9,179.30677506201943,3.7,663.4350677294719,36.85750376274844,0.059768925020673144
./models/16_swatplus/src/wetland_control.f90,wetland_control,SUBROUTINE,1,3,False,19,203,10538.541976350236,52.77777777777778,556200.8265295958,30900.045918310876,3.5128473254500787
./models/16_swatplus/src/wetland_output.f90,wetland_output,SUBROUTINE,1,0,False,12,70,3327.7705831630947,37.32857142857143,124220.92191150237,6901.162328416798,1.109256861054365
./models/16_swatplus/src/wet_all_initial.f90,wet_all_initial,SUBROUTINE,1,1,False,3,15,264.4045207131682,7.8,2062.355261562712,114.57529230903954,0.08813484023772274
./models/16_swatplus/src/wet_cs.f90,wet_cs,SUBROUTINE,1,2,False,18,122,4234.67790186517,31.85714285714286,134904.73887370471,7494.707715205817,1.4115593006217233
./models/16_swatplus/src/wet_cs_output.f90,wet_cs_output,SUBROUTINE,1,8,False,19,138,13700.454463129707,157.21333333333334,2153894.114330165,119660.78412945362,4.566818154376569
./models/16_swatplus/src/wet_fp_init.f90,wet_fp_init,SUBROUTINE,1,2,False,4,15,269.2118756352258,7.4,1992.167879700671,110.67599331670394,0.08973729187840859
./models/16_swatplus/src/wet_initial.f90,wet_initial,SUBROUTINE,1,11,False,37,172,6741.934635524023,51.44,346805.11765135574,19266.950980630874,2.2473115451746746
./models/16_swatplus/src/wet_irrp.f90,wet_irrp,SUBROUTINE,1,1,False,15,88,3053.491269830596,43.44444444444444,132657.23183375146,7369.846212986192,1.0178304232768653
./models/16_swatplus/src/wet_read.f90,wet_read,SUBROUTINE,1,3,False,12,62,1481.5024820049998,32.01086956521739,47424.182712007874,2634.676817333771,0.4938341606683333
./models/16_swatplus/src/wet_read_hyd.f90,wet_read_hyd,SUBROUTINE,1,4,False,18,70,2004.8175609585264,43.3265306122449,86861.78942683575,4825.654968157542,0.6682725203195088
./models/16_swatplus/src/wet_read_salt_cs.f90,wet_read_salt_cs,SUBROUTINE,1,3,False,9,48,1072.0105221083456,18.295454545454547,19612.919779482236,1089.6066544156797,0.3573368407027819
./models/16_swatplus/src/wet_salt.f90,wet_salt,SUBROUTINE,1,2,False,7,72,2279.747640721492,26.0,59273.438658758794,3292.9688143754884,0.7599158802404974
./models/16_swatplus/src/wet_salt_output.f90,wet_salt_output,SUBROUTINE,1,8,False,19,126,11586.555352727883,136.41095890410958,1580533.126061154,87807.39589228634,3.8621851175759607
./models/16_swatplus/src/wind_ero_bare.f90,wind_ero_bare,SUBROUTINE,1,0,False,1,4,20.67970000576925,1.5,31.019550008653873,1.723308333814104,0.006893233335256416
./models/16_swatplus/src/wind_ero_control.f90,wind_ero_control,SUBROUTINE,1,0,False,1,9,64.5293250129808,1.8333333333333335,118.30376252379816,6.5724312513221195,0.021509775004326936
./models/16_swatplus/src/wind_ero_erod.f90,wind_ero_erod,SUBROUTINE,1,0,False,14,73,1256.4099595074513,20.935483870967744,26303.55044259148,1461.308357921749,0.4188033198358171
./models/16_swatplus/src/wind_ero_rough.f90,wind_ero_rough,SUBROUTINE,1,0,False,1,4,20.67970000576925,1.5,31.019550008653873,1.723308333814104,0.006893233335256416
./models/16_swatplus/src/wind_ero_unshelt.f90,wind_ero_unshelt,SUBROUTINE,1,0,False,1,4,20.67970000576925,1.5,31.019550008653873,1.723308333814104,0.006893233335256416
./models/16_swatplus/src/wind_ero_veg.f90,wind_ero_veg,SUBROUTINE,1,0,False,1,4,20.67970000576925,1.5,31.019550008653873,1.723308333814104,0.006893233335256416
./models/16_swatplus/src/xmon.f90,xmon,SUBROUTINE,1,1,False,3,20,340.05866965893006,11.025,3749.146832989704,208.28593516609465,0.11335288988631002
./models/16_swatplus/src/zero0.f90,zero0,SUBROUTINE,1,0,False,1,44,903.9682849025486,3.9130434782608696,3537.2672017925815,196.51484454403231,0.30132276163418287
./models/16_swatplus/src/zero1.f90,zero1,SUBROUTINE,1,0,False,1,52,988.1571229733509,4.829268292682928,4772.075862163988,265.1153256757771,0.32938570765778363
./models/16_swatplus/src/zero2.f90,zero2,SUBROUTINE,1,0,False,1,21,333.73121998801753,3.4565217391304346,1153.549216915104,64.08606760639466,0.11124373999600584
./models/16_swatplus/src/zeroini.f90,zeroini,SUBROUTINE,1,0,False,1,11,122.62388523751017,2.571428571428571,315.3185620393118,17.517697891072878,0.04087462841250339
