file,function,type,line,call,call_line
./models/07_hype_5_32_0_src/assimilation_interface.f90,assim_initialize,SUBROUTINE,1075,initialize_assim_categories_HYPE,
./models/07_hype_5_32_0_src/assimilation_interface.f90,assim_initialize,SUBROUTINE,1075,initialize_assim_info,
./models/07_hype_5_32_0_src/assimilation_interface.f90,assim_initialize,SUBROUTINE,1075,read_next_codestr_on_line,
./models/07_hype_5_32_0_src/assimilation_interface.f90,assim_initialize,SUBROUTINE,1075,read_next_codestr_on_line,
./models/07_hype_5_32_0_src/assimilation_interface.f90,assim_initialize,SUBROUTINE,1075,read_next_codestr_on_line,
./models/07_hype_5_32_0_src/assimilation_interface.f90,assim_initialize,SUBROUTINE,1075,read_next_codestr_on_line,
./models/07_hype_5_32_0_src/assimilation_interface.f90,assim_initialize,SUBROUTINE,1075,read_next_codestr_on_line,
./models/07_hype_5_32_0_src/assimilation_interface.f90,assim_initialize,SUBROUTINE,1075,read_next_codestr_on_line,
./models/07_hype_5_32_0_src/assimilation_interface.f90,assim_initialize,SUBROUTINE,1075,read_next_codestr_on_line,
./models/07_hype_5_32_0_src/assimilation_interface.f90,assim_initialize,SUBROUTINE,1075,read_next_codestr_on_line,
./models/07_hype_5_32_0_src/assimilation_interface.f90,assim_initialize,SUBROUTINE,1075,read_next_codestr_on_line,
./models/07_hype_5_32_0_src/assimilation_interface.f90,assim_initialize,SUBROUTINE,1075,read_next_codestr_on_line,
./models/07_hype_5_32_0_src/assimilation_interface.f90,assim_initialize,SUBROUTINE,1075,read_next_codestr_on_line,
./models/07_hype_5_32_0_src/assimilation_interface.f90,assim_initialize,SUBROUTINE,1075,read_next_codestr_on_line,
./models/07_hype_5_32_0_src/assimilation_interface.f90,assim_initialize,SUBROUTINE,1075,read_next_codestr_on_line,
./models/07_hype_5_32_0_src/assimilation_interface.f90,assim_initialize,SUBROUTINE,1075,read_next_codestr_on_line,
./models/07_hype_5_32_0_src/assimilation_interface.f90,assim_initialize,SUBROUTINE,1075,read_next_codestr_on_line,
./models/07_hype_5_32_0_src/assimilation_interface.f90,assim_initialize,SUBROUTINE,1075,read_next_codestr_on_line,
./models/07_hype_5_32_0_src/assimilation_interface.f90,assim_initialize,SUBROUTINE,1075,get_statetype_from_category,
./models/07_hype_5_32_0_src/assimilation_interface.f90,assim_initialize,SUBROUTINE,1075,read_next_codestr_on_line,
./models/07_hype_5_32_0_src/assimilation_interface.f90,assim_initialize,SUBROUTINE,1075,read_next_codestr_on_line,
./models/07_hype_5_32_0_src/assimilation_interface.f90,assim_initialize,SUBROUTINE,1075,read_next_codestr_on_line,
./models/07_hype_5_32_0_src/assimilation_interface.f90,assim_initialize,SUBROUTINE,1075,read_next_codestr_on_line,
./models/07_hype_5_32_0_src/assimilation_interface.f90,assim_initialize,SUBROUTINE,1075,read_next_codestr_on_line,
./models/07_hype_5_32_0_src/assimilation_interface.f90,assim_initialize,SUBROUTINE,1075,read_next_codestr_on_line,
./models/07_hype_5_32_0_src/assimilation_interface.f90,assim_initialize,SUBROUTINE,1075,read_next_codestr_on_line,
./models/07_hype_5_32_0_src/assimilation_interface.f90,assim_initialize,SUBROUTINE,1075,read_next_codestr_on_line,
./models/07_hype_5_32_0_src/assimilation_interface.f90,assim_initialize,SUBROUTINE,1075,read_next_codestr_on_line,
./models/07_hype_5_32_0_src/assimilation_interface.f90,assim_initialize,SUBROUTINE,1075,read_next_codestr_on_line,
./models/07_hype_5_32_0_src/assimilation_interface.f90,assim_initialize,SUBROUTINE,1075,read_next_codestr_on_line,
./models/07_hype_5_32_0_src/assimilation_interface.f90,assim_initialize,SUBROUTINE,1075,read_next_codestr_on_line,
./models/07_hype_5_32_0_src/assimilation_interface.f90,assim_initialize,SUBROUTINE,1075,read_next_codestr_on_line,
./models/07_hype_5_32_0_src/assimilation_interface.f90,assim_initialize,SUBROUTINE,1075,read_next_codestr_on_line,
./models/07_hype_5_32_0_src/assimilation_interface.f90,assim_initialize,SUBROUTINE,1075,read_next_codestr_on_line,
./models/07_hype_5_32_0_src/assimilation_interface.f90,assim_initialize,SUBROUTINE,1075,read_next_codestr_on_line,
./models/07_hype_5_32_0_src/assimilation_interface.f90,assim_initialize,SUBROUTINE,1075,read_next_codestr_on_line,
./models/07_hype_5_32_0_src/assimilation_interface.f90,assim_initialize,SUBROUTINE,1075,read_next_codestr_on_line,
./models/07_hype_5_32_0_src/assimilation_interface.f90,assim_initialize,SUBROUTINE,1075,read_next_codestr_on_line,
./models/07_hype_5_32_0_src/assimilation_interface.f90,assim_initialize,SUBROUTINE,1075,read_next_codestr_on_line,
./models/07_hype_5_32_0_src/assimilation_interface.f90,assim_initialize,SUBROUTINE,1075,read_next_codestr_on_line,
./models/07_hype_5_32_0_src/assimilation_interface.f90,assim_initialize,SUBROUTINE,1075,read_next_codestr_on_line,
./models/07_hype_5_32_0_src/assimilation_interface.f90,assim_initialize,SUBROUTINE,1075,read_next_codestr_on_line,
./models/07_hype_5_32_0_src/assimilation_interface.f90,assim_initialize,SUBROUTINE,1075,read_next_codestr_on_line,
./models/07_hype_5_32_0_src/assimilation_interface.f90,assim_initialize,SUBROUTINE,1075,read_next_codestr_on_line,
./models/07_hype_5_32_0_src/assimilation_interface.f90,assim_initialize,SUBROUTINE,1075,read_next_codestr_on_line,
./models/07_hype_5_32_0_src/assimilation_interface.f90,assim_initialize,SUBROUTINE,1075,read_next_codestr_on_line,
./models/07_hype_5_32_0_src/assimilation_interface.f90,assim_initialize,SUBROUTINE,1075,read_next_codestr_on_line,
./models/07_hype_5_32_0_src/assimilation_interface.f90,assim_initialize,SUBROUTINE,1075,read_next_codestr_on_line,
./models/07_hype_5_32_0_src/assimilation_interface.f90,assim_initialize,SUBROUTINE,1075,checkModelStructure_States_HYPE2,
./models/07_hype_5_32_0_src/assimilation_interface.f90,assim_initialize,SUBROUTINE,1075,set_outvar_for_variable_new,
./models/07_hype_5_32_0_src/assimilation_interface.f90,assim_initialize,SUBROUTINE,1075,set_outvar_for_variable_new,
./models/07_hype_5_32_0_src/assimilation_interface.f90,assim_initialize,SUBROUTINE,1075,set_outvar_for_variable_new,
./models/07_hype_5_32_0_src/assimilation_interface.f90,assim_initialize,SUBROUTINE,1075,set_outvar_for_variable_new,
./models/07_hype_5_32_0_src/assimilation_interface.f90,assim_initialize,SUBROUTINE,1075,set_outvar_for_variable_new,
./models/07_hype_5_32_0_src/assimilation_interface.f90,assim_initialize,SUBROUTINE,1075,allocate_outvar,
./models/07_hype_5_32_0_src/assimilation_interface.f90,assim_initialize,SUBROUTINE,1075,allocate_assim_ensemble_vectors,
./models/07_hype_5_32_0_src/assimilation_interface.f90,assim_initialize,SUBROUTINE,1075,calculate_coordinates_for_upstream_area,
./models/07_hype_5_32_0_src/assimilation_interface.f90,assim_initialize,SUBROUTINE,1075,calculate_coordinates_for_aquifer,
./models/07_hype_5_32_0_src/assimilation_interface.f90,assim_initialize,SUBROUTINE,1075,allocate_and_initialize_model_state_ensembles_HYPE2,
./models/07_hype_5_32_0_src/assimilation_interface.f90,assim_initialize,SUBROUTINE,1075,allocate_and_initialize_model_forcing_ensembles_HYPE,
./models/07_hype_5_32_0_src/assimilation_interface.f90,assim_initialize,SUBROUTINE,1075,allocate_and_initialize_model_auxiliary_ensembles_HYPE,
./models/07_hype_5_32_0_src/assimilation_interface.f90,assim_initialize,SUBROUTINE,1075,allocate_and_initialize_observation_ensembles_HYPE,
./models/07_hype_5_32_0_src/assimilation_interface.f90,assim_initialize,SUBROUTINE,1075,model_to_ensemble2,
./models/07_hype_5_32_0_src/assimilation_interface.f90,allocate_and_initialize_model_state_ensembles_HYPE2,SUBROUTINE,286,initiate_fileid_0dim_state_ensemble,
./models/07_hype_5_32_0_src/assimilation_interface.f90,allocate_and_initialize_model_state_ensembles_HYPE2,SUBROUTINE,286,initiate_fileid_1dim_state_ensemble,
./models/07_hype_5_32_0_src/assimilation_interface.f90,allocate_and_initialize_model_state_ensembles_HYPE2,SUBROUTINE,286,initiate_fileid_1dim_state_ensemble,
./models/07_hype_5_32_0_src/assimilation_interface.f90,allocate_and_initialize_model_state_ensembles_HYPE2,SUBROUTINE,286,initiate_fileid_2dim_state_ensemble,
./models/07_hype_5_32_0_src/assimilation_interface.f90,allocate_and_initialize_model_state_ensembles_HYPE2,SUBROUTINE,286,initiate_fileid_2dim_state_ensemble,
./models/07_hype_5_32_0_src/assimilation_interface.f90,allocate_and_initialize_model_state_ensembles_HYPE2,SUBROUTINE,286,initiate_fileid_3dim_state_ensemble,
./models/07_hype_5_32_0_src/assimilation_interface.f90,allocate_and_initialize_model_state_ensembles_HYPE2,SUBROUTINE,286,assim_get_ensemble_data,
./models/07_hype_5_32_0_src/assimilation_interface.f90,allocate_and_initialize_model_state_ensembles_HYPE2,SUBROUTINE,286,assim_set_ensemble_data,
./models/07_hype_5_32_0_src/assimilation_interface.f90,allocate_and_initialize_model_state_ensembles_HYPE2,SUBROUTINE,286,set_assimilate,
./models/07_hype_5_32_0_src/assimilation_interface.f90,allocate_and_initialize_model_state_ensembles_HYPE2,SUBROUTINE,286,get_various_HYPEstate_assimilation_parameters,
./models/07_hype_5_32_0_src/assimilation_interface.f90,allocate_and_initialize_model_state_ensembles_HYPE2,SUBROUTINE,286,allocate_0dim_state_ensemble,
./models/07_hype_5_32_0_src/assimilation_interface.f90,allocate_and_initialize_model_state_ensembles_HYPE2,SUBROUTINE,286,get_various_HYPEstate_assimilation_parameters,
./models/07_hype_5_32_0_src/assimilation_interface.f90,allocate_and_initialize_model_state_ensembles_HYPE2,SUBROUTINE,286,allocate_1dim_state_ensemble,
./models/07_hype_5_32_0_src/assimilation_interface.f90,allocate_and_initialize_model_state_ensembles_HYPE2,SUBROUTINE,286,allocate_1dim_state_ensemble,
./models/07_hype_5_32_0_src/assimilation_interface.f90,allocate_and_initialize_model_state_ensembles_HYPE2,SUBROUTINE,286,get_various_HYPEstate_assimilation_parameters,
./models/07_hype_5_32_0_src/assimilation_interface.f90,allocate_and_initialize_model_state_ensembles_HYPE2,SUBROUTINE,286,allocate_2dim_state_ensemble,
./models/07_hype_5_32_0_src/assimilation_interface.f90,allocate_and_initialize_model_state_ensembles_HYPE2,SUBROUTINE,286,allocate_2dim_state_ensemble,
./models/07_hype_5_32_0_src/assimilation_interface.f90,allocate_and_initialize_model_state_ensembles_HYPE2,SUBROUTINE,286,get_various_HYPEstate_assimilation_parameters,
./models/07_hype_5_32_0_src/assimilation_interface.f90,allocate_and_initialize_model_state_ensembles_HYPE2,SUBROUTINE,286,allocate_3dim_state_ensemble,
./models/07_hype_5_32_0_src/assimilation_interface.f90,allocate_and_initialize_model_state_ensembles_HYPE2,SUBROUTINE,286,get_assimilate_for_category,
./models/07_hype_5_32_0_src/assimilation_interface.f90,finalize_ensemble_states_outstate,SUBROUTINE,2911,assim_get_ensemble_data,
./models/07_hype_5_32_0_src/assimilation_interface.f90,finalize_ensemble_states_outstate,SUBROUTINE,2911,assim_set_ensemble_data,
./models/07_hype_5_32_0_src/assimilation_interface.f90,finalize_ensemble_states_outstate,SUBROUTINE,2911,assim_get_ensemble_data,
./models/07_hype_5_32_0_src/assimilation_interface.f90,finalize_ensemble_states_outstate,SUBROUTINE,2911,assim_get_ensemble_data_dx,
./models/07_hype_5_32_0_src/assimilation_interface.f90,finalize_ensemble_states_outstate,SUBROUTINE,2911,assim_get_ensemble_data,
./models/07_hype_5_32_0_src/assimilation_interface.f90,finalize_ensemble_states_outstate,SUBROUTINE,2911,assim_set_ensemble_data_dx,
./models/07_hype_5_32_0_src/assimilation_interface.f90,finalize_ensemble_states_outstate,SUBROUTINE,2911,assim_set_ensemble_data,
./models/07_hype_5_32_0_src/assimilation_interface.f90,allocate_and_initialize_model_forcing_ensembles_HYPE,SUBROUTINE,662,initiate_fileid_forcing_ensemble,
./models/07_hype_5_32_0_src/assimilation_interface.f90,allocate_and_initialize_model_forcing_ensembles_HYPE,SUBROUTINE,662,assim_get_ensemble_data,
./models/07_hype_5_32_0_src/assimilation_interface.f90,allocate_and_initialize_model_forcing_ensembles_HYPE,SUBROUTINE,662,assim_get_ensemble_data_dx,
./models/07_hype_5_32_0_src/assimilation_interface.f90,allocate_and_initialize_model_forcing_ensembles_HYPE,SUBROUTINE,662,assim_get_ensemble_data,
./models/07_hype_5_32_0_src/assimilation_interface.f90,allocate_and_initialize_model_forcing_ensembles_HYPE,SUBROUTINE,662,assim_set_ensemble_data_dx,
./models/07_hype_5_32_0_src/assimilation_interface.f90,allocate_and_initialize_model_forcing_ensembles_HYPE,SUBROUTINE,662,assim_set_ensemble_data,
./models/07_hype_5_32_0_src/assimilation_interface.f90,allocate_and_initialize_model_forcing_ensembles_HYPE,SUBROUTINE,662,allocate_assim_forcing_ensemble,
./models/07_hype_5_32_0_src/assimilation_interface.f90,ensemble_to_model2,SUBROUTINE,1986,writeX_to_1D,
./models/07_hype_5_32_0_src/assimilation_interface.f90,ensemble_to_model2,SUBROUTINE,1986,writeX_to_2D,
./models/07_hype_5_32_0_src/assimilation_interface.f90,ensemble_to_model2,SUBROUTINE,1986,writeX_to_2D,
./models/07_hype_5_32_0_src/assimilation_interface.f90,ensemble_to_model2,SUBROUTINE,1986,writeX_to_3D,
./models/07_hype_5_32_0_src/assimilation_interface.f90,ensemble_to_model2,SUBROUTINE,1986,writeX_to_3D,
./models/07_hype_5_32_0_src/assimilation_interface.f90,ensemble_to_model2,SUBROUTINE,1986,writeX_to_4D,
./models/07_hype_5_32_0_src/assimilation_interface.f90,ensemble_to_model2,SUBROUTINE,1986,writeX_to_1D,
./models/07_hype_5_32_0_src/assimilation_interface.f90,ensemble_to_model2,SUBROUTINE,1986,writeF_to_1D,
./models/07_hype_5_32_0_src/assimilation_interface.f90,ensemble_to_model2,SUBROUTINE,1986,writeF_to_1D,
./models/07_hype_5_32_0_src/assimilation_interface.f90,ensemble_to_model2,SUBROUTINE,1986,writeF_to_1D,
./models/07_hype_5_32_0_src/assimilation_interface.f90,ensemble_to_model2,SUBROUTINE,1986,writeF_to_1D,
./models/07_hype_5_32_0_src/assimilation_interface.f90,ensemble_to_model2,SUBROUTINE,1986,writeF_to_1D,
./models/07_hype_5_32_0_src/assimilation_interface.f90,ensemble_to_model2,SUBROUTINE,1986,writeF_to_1D,
./models/07_hype_5_32_0_src/assimilation_interface.f90,ensemble_to_model2,SUBROUTINE,1986,writeF_to_1D,
./models/07_hype_5_32_0_src/assimilation_interface.f90,ensemble_to_model2,SUBROUTINE,1986,writeF_to_1D,
./models/07_hype_5_32_0_src/assimilation_interface.f90,ensemble_to_model2,SUBROUTINE,1986,writeF_to_1D,
./models/07_hype_5_32_0_src/assimilation_interface.f90,ensemble_to_model2,SUBROUTINE,1986,writeF_to_1D,
./models/07_hype_5_32_0_src/assimilation_interface.f90,statistics_to_modeloutput,SUBROUTINE,2283,writeX_to_1D,
./models/07_hype_5_32_0_src/assimilation_interface.f90,generate_observation_ensemble,SUBROUTINE,2602,generate_input_ensemble,
./models/07_hype_5_32_0_src/assimilation_interface.f90,meanORmedian_to_model2,SUBROUTINE,2366,writeXmedian_to_1D,
./models/07_hype_5_32_0_src/assimilation_interface.f90,meanORmedian_to_model2,SUBROUTINE,2366,writeXmedian_to_2D,
./models/07_hype_5_32_0_src/assimilation_interface.f90,meanORmedian_to_model2,SUBROUTINE,2366,writeXmedian_to_2D,
./models/07_hype_5_32_0_src/assimilation_interface.f90,meanORmedian_to_model2,SUBROUTINE,2366,writeXmedian_to_3D,
./models/07_hype_5_32_0_src/assimilation_interface.f90,meanORmedian_to_model2,SUBROUTINE,2366,writeXmedian_to_3D,
./models/07_hype_5_32_0_src/assimilation_interface.f90,meanORmedian_to_model2,SUBROUTINE,2366,writeXmedian_to_4D,
./models/07_hype_5_32_0_src/assimilation_interface.f90,model_to_ensemble2,SUBROUTINE,1797,write1D_to_X,
./models/07_hype_5_32_0_src/assimilation_interface.f90,model_to_ensemble2,SUBROUTINE,1797,write2D_to_X,
./models/07_hype_5_32_0_src/assimilation_interface.f90,model_to_ensemble2,SUBROUTINE,1797,write2D_to_X,
./models/07_hype_5_32_0_src/assimilation_interface.f90,model_to_ensemble2,SUBROUTINE,1797,write3D_to_X,
./models/07_hype_5_32_0_src/assimilation_interface.f90,model_to_ensemble2,SUBROUTINE,1797,write3D_to_X,
./models/07_hype_5_32_0_src/assimilation_interface.f90,model_to_ensemble2,SUBROUTINE,1797,write4D_to_X,
./models/07_hype_5_32_0_src/assimilation_interface.f90,model_to_ensemble2,SUBROUTINE,1797,write1D_to_X,
./models/07_hype_5_32_0_src/assimilation_interface.f90,generate_forcing_ensemble,SUBROUTINE,2802,generate_input_ensemble,
./models/07_hype_5_32_0_src/assimilation_interface.f90,allocate_and_initialize_model_auxiliary_ensembles_HYPE,SUBROUTINE,945,get_various_HYPEoutvar_assimilation_parameters,
./models/07_hype_5_32_0_src/assimilation_interface.f90,allocate_and_initialize_model_auxiliary_ensembles_HYPE,SUBROUTINE,945,get_various_HYPEoutvar_assimilation_parameters,
./models/07_hype_5_32_0_src/assimilation_interface.f90,allocate_and_initialize_model_auxiliary_ensembles_HYPE,SUBROUTINE,945,allocate_auxiliary_ensemble,
./models/07_hype_5_32_0_src/assimilation_interface.f90,allocate_and_initialize_observation_ensembles_HYPE,SUBROUTINE,1023,allocate_assim_observation_ensemble,
./models/07_hype_5_32_0_src/assimilation_interface.f90,set_assimilate,SUBROUTINE,144,get_assimilate_for_category,
./models/07_hype_5_32_0_src/assimilation_routines.f90,enkf_analysis_main,SUBROUTINE,1703,assim_forward_transform,
./models/07_hype_5_32_0_src/assimilation_routines.f90,enkf_analysis_main,SUBROUTINE,1703,assim_ensemble_statistics,
./models/07_hype_5_32_0_src/assimilation_routines.f90,enkf_analysis_main,SUBROUTINE,1703,assim_forward_transform,
./models/07_hype_5_32_0_src/assimilation_routines.f90,enkf_analysis_main,SUBROUTINE,1703,enkf_analysis_prepare,
./models/07_hype_5_32_0_src/assimilation_routines.f90,enkf_analysis_main,SUBROUTINE,1703,assim_get_ensemble_data,
./models/07_hype_5_32_0_src/assimilation_routines.f90,enkf_analysis_main,SUBROUTINE,1703,assim_forward_transform,
./models/07_hype_5_32_0_src/assimilation_routines.f90,enkf_analysis_main,SUBROUTINE,1703,enkf_analysis_apply,
./models/07_hype_5_32_0_src/assimilation_routines.f90,enkf_analysis_main,SUBROUTINE,1703,assim_backward_transform,
./models/07_hype_5_32_0_src/assimilation_routines.f90,enkf_analysis_main,SUBROUTINE,1703,assim_set_ensemble_data,
./models/07_hype_5_32_0_src/assimilation_routines.f90,enkf_analysis_main,SUBROUTINE,1703,assim_get_ensemble_data,
./models/07_hype_5_32_0_src/assimilation_routines.f90,enkf_analysis_main,SUBROUTINE,1703,enkf_analysis_apply,
./models/07_hype_5_32_0_src/assimilation_routines.f90,enkf_analysis_main,SUBROUTINE,1703,assim_set_ensemble_data,
./models/07_hype_5_32_0_src/assimilation_routines.f90,enkf_analysis_main,SUBROUTINE,1703,assim_get_ensemble_data,
./models/07_hype_5_32_0_src/assimilation_routines.f90,enkf_analysis_main,SUBROUTINE,1703,enkf_analysis_apply,
./models/07_hype_5_32_0_src/assimilation_routines.f90,enkf_analysis_main,SUBROUTINE,1703,assim_set_ensemble_data,
./models/07_hype_5_32_0_src/assimilation_routines.f90,generate_input_ensemble,SUBROUTINE,799,get_spatially_correlated_random_data2,
./models/07_hype_5_32_0_src/assimilation_routines.f90,generate_input_ensemble,SUBROUTINE,799,get_spatially_correlated_random_data2,
./models/07_hype_5_32_0_src/assimilation_routines.f90,generate_input_ensemble,SUBROUTINE,799,get_random_vector_gaussian,
./models/07_hype_5_32_0_src/assimilation_routines.f90,generate_input_ensemble,SUBROUTINE,799,get_random_vector_gaussian,
./models/07_hype_5_32_0_src/assimilation_routines.f90,generate_input_ensemble,SUBROUTINE,799,assim_get_ensemble_data_dx,
./models/07_hype_5_32_0_src/assimilation_routines.f90,generate_input_ensemble,SUBROUTINE,799,assim_set_ensemble_data_dx,
./models/07_hype_5_32_0_src/assimilation_routines.f90,generate_input_ensemble,SUBROUTINE,799,assim_set_ensemble_data,
./models/07_hype_5_32_0_src/assimilation_routines.f90,updateEnsembleStatistics,SUBROUTINE,1507,assim_get_ensemble_data,
./models/07_hype_5_32_0_src/assimilation_routines.f90,updateEnsembleStatistics,SUBROUTINE,1507,assim_ensemble_statistics,
./models/07_hype_5_32_0_src/assimilation_routines.f90,updateEnsembleStatistics,SUBROUTINE,1507,assim_get_ensemble_data,
./models/07_hype_5_32_0_src/assimilation_routines.f90,updateEnsembleStatistics,SUBROUTINE,1507,assim_ensemble_statistics,
./models/07_hype_5_32_0_src/assimilation_routines.f90,updateEnsembleStatistics,SUBROUTINE,1507,assim_get_ensemble_data,
./models/07_hype_5_32_0_src/assimilation_routines.f90,updateEnsembleStatistics,SUBROUTINE,1507,assim_ensemble_statistics,
./models/07_hype_5_32_0_src/assimilation_routines.f90,enkf_analysis_apply,SUBROUTINE,1221,matrixmatrixmultiply,
./models/07_hype_5_32_0_src/assimilation_routines.f90,enkf_analysis_apply,SUBROUTINE,1221,matrixmatrixmultiply,
./models/07_hype_5_32_0_src/assimilation_routines.f90,enkf_analysis_apply,SUBROUTINE,1221,matrixmatrixmultiply,
./models/07_hype_5_32_0_src/assimilation_routines.f90,enkf_analysis_apply,SUBROUTINE,1221,matrixmatrixmultiply,
./models/07_hype_5_32_0_src/assimilation_routines.f90,allocate_assim_generation,SUBROUTINE,347,init_randxy_data,
./models/07_hype_5_32_0_src/assimilation_routines.f90,allocate_3dim_state_ensemble,SUBROUTINE,549,allocate_assim_ensemble,
./models/07_hype_5_32_0_src/assimilation_routines.f90,allocate_3dim_state_ensemble,SUBROUTINE,549,allocate_assim_interface,
./models/07_hype_5_32_0_src/assimilation_routines.f90,get_spatially_correlated_random_data2,SUBROUTINE,909,resample_randxy_data,
./models/07_hype_5_32_0_src/assimilation_routines.f90,allocate_2dim_state_ensemble,SUBROUTINE,505,allocate_assim_ensemble,
./models/07_hype_5_32_0_src/assimilation_routines.f90,allocate_2dim_state_ensemble,SUBROUTINE,505,allocate_assim_interface,
./models/07_hype_5_32_0_src/assimilation_routines.f90,initiate_fileid_3dim_state_ensemble,SUBROUTINE,638,initiate_fileid_assim_ensemble,
./models/07_hype_5_32_0_src/assimilation_routines.f90,choldc,SUBROUTINE,977,matrixmatrixmultiply,
./models/07_hype_5_32_0_src/assimilation_routines.f90,enkf_analysis_prepare,SUBROUTINE,1125,matrixmatrixmultiply,
./models/07_hype_5_32_0_src/assimilation_routines.f90,enkf_analysis_prepare,SUBROUTINE,1125,matrixmatrixmultiply,
./models/07_hype_5_32_0_src/assimilation_routines.f90,enkf_analysis_prepare,SUBROUTINE,1125,matrixmatrixmultiply,
./models/07_hype_5_32_0_src/assimilation_routines.f90,enkf_analysis_prepare,SUBROUTINE,1125,choleskysolution,
./models/07_hype_5_32_0_src/assimilation_routines.f90,assim_set_ensemble_data,SUBROUTINE,1415,assim_checkminmax,
./models/07_hype_5_32_0_src/assimilation_routines.f90,assim_set_ensemble_data_dx,SUBROUTINE,1475,assim_checkminmax,
./models/07_hype_5_32_0_src/assimilation_routines.f90,allocate_1dim_state_ensemble,SUBROUTINE,464,allocate_assim_ensemble,
./models/07_hype_5_32_0_src/assimilation_routines.f90,allocate_1dim_state_ensemble,SUBROUTINE,464,allocate_assim_interface,
./models/07_hype_5_32_0_src/assimilation_routines.f90,initiate_fileid_2dim_state_ensemble,SUBROUTINE,622,initiate_fileid_assim_ensemble,
./models/07_hype_5_32_0_src/assimilation_routines.f90,choleskysolution,SUBROUTINE,1035,choldc,
./models/07_hype_5_32_0_src/assimilation_routines.f90,choleskysolution,SUBROUTINE,1035,cholsl,
./models/07_hype_5_32_0_src/assimilation_routines.f90,initiate_fileid_1dim_state_ensemble,SUBROUTINE,608,initiate_fileid_assim_ensemble,
./models/07_hype_5_32_0_src/assimilation_routines.f90,allocate_auxiliary_ensemble,SUBROUTINE,402,allocate_assim_ensemble,
./models/07_hype_5_32_0_src/assimilation_routines.f90,allocate_auxiliary_ensemble,SUBROUTINE,402,allocate_assim_interface,
./models/07_hype_5_32_0_src/assimilation_routines.f90,allocate_0dim_state_ensemble,SUBROUTINE,430,allocate_assim_ensemble,
./models/07_hype_5_32_0_src/assimilation_routines.f90,allocate_0dim_state_ensemble,SUBROUTINE,430,allocate_assim_interface,
./models/07_hype_5_32_0_src/assimilation_routines.f90,initiate_fileid_0dim_state_ensemble,SUBROUTINE,596,initiate_fileid_assim_ensemble,
./models/07_hype_5_32_0_src/assimilation_routines.f90,initiate_fileid_forcing_ensemble,SUBROUTINE,658,initiate_fileid_assim_ensemble,
./models/07_hype_5_32_0_src/assimilation_routines.f90,allocate_assim_forcing_ensemble,SUBROUTINE,673,allocate_assim_ensemble,
./models/07_hype_5_32_0_src/assimilation_routines.f90,allocate_assim_forcing_ensemble,SUBROUTINE,673,allocate_assim_interface,
./models/07_hype_5_32_0_src/assimilation_routines.f90,allocate_assim_forcing_ensemble,SUBROUTINE,673,allocate_assim_generation,
./models/07_hype_5_32_0_src/assimilation_routines.f90,allocate_assim_observation_ensemble,SUBROUTINE,713,allocate_assim_ensemble,
./models/07_hype_5_32_0_src/assimilation_routines.f90,allocate_assim_observation_ensemble,SUBROUTINE,713,allocate_assim_interface,
./models/07_hype_5_32_0_src/assimilation_routines.f90,allocate_assim_observation_ensemble,SUBROUTINE,713,allocate_assim_generation,
./models/07_hype_5_32_0_src/atm_proc.f90,set_class_precipitation_concentration_and_load,SUBROUTINE,962,get_class_wet_deposition,
./models/07_hype_5_32_0_src/atm_proc.f90,set_class_precipitation_concentration_and_load,SUBROUTINE,962,set_T2_concentration_in_precipitation_on_water,
./models/07_hype_5_32_0_src/atm_proc.f90,set_atmospheric_parameters_corrections,SUBROUTINE,74,get_regest_parameter,
./models/07_hype_5_32_0_src/atm_proc.f90,set_atmospheric_parameters_corrections,SUBROUTINE,74,get_regest_parameter,
./models/07_hype_5_32_0_src/atm_proc.f90,set_atmospheric_parameters_corrections,SUBROUTINE,74,get_regest_parameter,
./models/07_hype_5_32_0_src/atm_proc.f90,set_atmospheric_parameters_corrections,SUBROUTINE,74,get_regest_parameter,
./models/07_hype_5_32_0_src/atm_proc.f90,set_atmospheric_parameters_corrections,SUBROUTINE,74,get_regest_parameter,
./models/07_hype_5_32_0_src/atm_proc.f90,set_atmospheric_parameters_corrections,SUBROUTINE,74,get_regest_parameter,
./models/07_hype_5_32_0_src/atm_proc.f90,set_atmospheric_parameters_corrections,SUBROUTINE,74,get_regest_parameter,
./models/07_hype_5_32_0_src/atm_proc.f90,set_atmospheric_parameters_corrections,SUBROUTINE,74,get_regest_parameter,
./models/07_hype_5_32_0_src/atm_proc.f90,calculate_regional_snowfall_distribution,SUBROUTINE,1823,calculate_winddirspeed,
./models/07_hype_5_32_0_src/atm_proc.f90,calculate_regional_snowfall_distribution,SUBROUTINE,1823,calculate_snowfall_distribution_subbasin_inrange,
./models/07_hype_5_32_0_src/atm_proc.f90,calculate_regional_snowfall_distribution,SUBROUTINE,1823,calculate_snowfall_distribution_multibasins,
./models/07_hype_5_32_0_src/atm_proc.f90,calculate_regional_snowfall_distribution,SUBROUTINE,1823,calculate_nearest_downwind_subbasin,
./models/07_hype_5_32_0_src/atm_proc.f90,calculate_regional_snowfall_distribution,SUBROUTINE,1823,calculate_snowfall_redistribution_fractions,
./models/07_hype_5_32_0_src/atm_proc.f90,calculate_regional_snowfall_distribution,SUBROUTINE,1823,calculate_snowfall_distribution_twobasins,
./models/07_hype_5_32_0_src/atm_proc.f90,calculate_regional_snowfall_distribution,SUBROUTINE,1823,calculate_snowfall_distribution,
./models/07_hype_5_32_0_src/atm_proc.f90,calculate_regional_snowfall_distribution,SUBROUTINE,1823,calculate_snowfall_distribution,
./models/07_hype_5_32_0_src/atm_proc.f90,calculate_class_atmospheric_forcing,SUBROUTINE,192,calculate_shortwave_radiation,
./models/07_hype_5_32_0_src/atm_proc.f90,calculate_class_atmospheric_forcing,SUBROUTINE,192,calculate_vapour_pressures,
./models/07_hype_5_32_0_src/atm_proc.f90,calculate_class_atmospheric_forcing,SUBROUTINE,192,calculate_net_radiation,
./models/07_hype_5_32_0_src/atm_proc.f90,calculate_class_atmospheric_forcing,SUBROUTINE,192,calculate_winddirspeed,
./models/07_hype_5_32_0_src/atm_proc.f90,calculate_nearest_downwind_subbasin,SUBROUTINE,1703,calculate_winddirspeed,
./models/07_hype_5_32_0_src/atm_proc.f90,calculate_snowfall_distribution_subbasin_inrange,SUBROUTINE,1663,calculate_winddirspeed,
./models/07_hype_5_32_0_src/compout.f90,calculate_criteria,SUBROUTINE,1360,find_crit_corresponding_to_acrit,
./models/07_hype_5_32_0_src/compout.f90,calculate_criteria,SUBROUTINE,1360,calculate_nash_sutcliffe,
./models/07_hype_5_32_0_src/compout.f90,calculate_criteria,SUBROUTINE,1360,calculate_relative_error,
./models/07_hype_5_32_0_src/compout.f90,calculate_criteria,SUBROUTINE,1360,calculate_variance_based_criteria,
./models/07_hype_5_32_0_src/compout.f90,calculate_criteria,SUBROUTINE,1360,calculate_kling_gupta,
./models/07_hype_5_32_0_src/compout.f90,calculate_criteria,SUBROUTINE,1360,calculate_mean_and_errors,
./models/07_hype_5_32_0_src/compout.f90,calculate_criteria,SUBROUTINE,1360,calculate_minmax_subass,
./models/07_hype_5_32_0_src/compout.f90,calculate_criteria,SUBROUTINE,1360,calculate_mean_criterion,
./models/07_hype_5_32_0_src/compout.f90,calculate_criteria,SUBROUTINE,1360,calculate_mean_criterion,
./models/07_hype_5_32_0_src/compout.f90,calculate_criteria,SUBROUTINE,1360,calculate_mean_criterion,
./models/07_hype_5_32_0_src/compout.f90,calculate_criteria,SUBROUTINE,1360,calculate_mean_criterion,
./models/07_hype_5_32_0_src/compout.f90,calculate_criteria,SUBROUTINE,1360,calculate_mean_criterion,
./models/07_hype_5_32_0_src/compout.f90,calculate_criteria,SUBROUTINE,1360,calculate_mean_criterion,
./models/07_hype_5_32_0_src/compout.f90,calculate_criteria,SUBROUTINE,1360,calculate_mean_criterion,
./models/07_hype_5_32_0_src/compout.f90,calculate_criteria,SUBROUTINE,1360,calculate_meanabs_criterion,
./models/07_hype_5_32_0_src/compout.f90,calculate_criteria,SUBROUTINE,1360,calculate_median,
./models/07_hype_5_32_0_src/compout.f90,calculate_criteria,SUBROUTINE,1360,calculate_median,
./models/07_hype_5_32_0_src/compout.f90,calculate_criteria,SUBROUTINE,1360,calculate_median,
./models/07_hype_5_32_0_src/compout.f90,calculate_criteria,SUBROUTINE,1360,calculate_regional_errors,
./models/07_hype_5_32_0_src/compout.f90,calculate_criteria,SUBROUTINE,1360,calculate_regional_relative_error,
./models/07_hype_5_32_0_src/compout.f90,calculate_criteria,SUBROUTINE,1360,calculate_regional_nash_sutcliffe,
./models/07_hype_5_32_0_src/compout.f90,calculate_criteria,SUBROUTINE,1360,calculate_subbasin_mean_var,
./models/07_hype_5_32_0_src/compout.f90,calculate_criteria,SUBROUTINE,1360,calculate_fit,
./models/07_hype_5_32_0_src/compout.f90,calculate_criteria,SUBROUTINE,1360,calculate_regional_number_of_observations,
./models/07_hype_5_32_0_src/compout.f90,calculate_criteria,SUBROUTINE,1360,calculate_meanmedian_number_of_observations,
./models/07_hype_5_32_0_src/compout.f90,calculate_criteria,SUBROUTINE,1360,find_acrit_corresponding_to_crit,
./models/07_hype_5_32_0_src/compout.f90,calculate_criteria,SUBROUTINE,1360,calculate_all_subbasins_tau,
./models/07_hype_5_32_0_src/compout.f90,calculate_criteria,SUBROUTINE,1360,calculate_mean_criterion,
./models/07_hype_5_32_0_src/compout.f90,calculate_criteria,SUBROUTINE,1360,add_max_criterion_to_objective,
./models/07_hype_5_32_0_src/compout.f90,calculate_criteria,SUBROUTINE,1360,calculate_regional_ra,
./models/07_hype_5_32_0_src/compout.f90,calculate_criteria,SUBROUTINE,1360,add_max_criterion_to_objective,
./models/07_hype_5_32_0_src/compout.f90,calculate_criteria,SUBROUTINE,1360,calculate_subbasin_mean_var,
./models/07_hype_5_32_0_src/compout.f90,calculate_criteria,SUBROUTINE,1360,calculate_ra,
./models/07_hype_5_32_0_src/compout.f90,calculate_criteria,SUBROUTINE,1360,add_max_criterion_to_objective,
./models/07_hype_5_32_0_src/compout.f90,calculate_criteria,SUBROUTINE,1360,calculate_spatial_nash_sutcliffe,
./models/07_hype_5_32_0_src/compout.f90,calculate_criteria,SUBROUTINE,1360,add_max_criterion_to_objective,
./models/07_hype_5_32_0_src/compout.f90,calculate_criteria,SUBROUTINE,1360,calculate_spatial_root_mean_square_error,
./models/07_hype_5_32_0_src/compout.f90,calculate_criteria,SUBROUTINE,1360,add_min_criterion_to_objective,
./models/07_hype_5_32_0_src/compout.f90,calculate_criteria,SUBROUTINE,1360,calculate_spatial_mean_absolute_bias,
./models/07_hype_5_32_0_src/compout.f90,calculate_criteria,SUBROUTINE,1360,add_min_criterion_to_objective,
./models/07_hype_5_32_0_src/compout.f90,calculate_criteria,SUBROUTINE,1360,calculate_regional_nash_sutcliffe,
./models/07_hype_5_32_0_src/compout.f90,calculate_criteria,SUBROUTINE,1360,add_max_criterion_to_objective,
./models/07_hype_5_32_0_src/compout.f90,calculate_criteria,SUBROUTINE,1360,calculate_nash_sutcliffe,
./models/07_hype_5_32_0_src/compout.f90,calculate_criteria,SUBROUTINE,1360,calculate_mean_criterion,
./models/07_hype_5_32_0_src/compout.f90,calculate_criteria,SUBROUTINE,1360,add_max_criterion_to_objective,
./models/07_hype_5_32_0_src/compout.f90,calculate_criteria,SUBROUTINE,1360,calculate_nash_sutcliffe,
./models/07_hype_5_32_0_src/compout.f90,calculate_criteria,SUBROUTINE,1360,calculate_median,
./models/07_hype_5_32_0_src/compout.f90,calculate_criteria,SUBROUTINE,1360,add_max_criterion_to_objective,
./models/07_hype_5_32_0_src/compout.f90,calculate_criteria,SUBROUTINE,1360,calculate_all_subbasins_ra,
./models/07_hype_5_32_0_src/compout.f90,calculate_criteria,SUBROUTINE,1360,calculate_mean_criterion,
./models/07_hype_5_32_0_src/compout.f90,calculate_criteria,SUBROUTINE,1360,add_max_criterion_to_objective,
./models/07_hype_5_32_0_src/compout.f90,calculate_criteria,SUBROUTINE,1360,calculate_all_subbasins_ra,
./models/07_hype_5_32_0_src/compout.f90,calculate_criteria,SUBROUTINE,1360,calculate_median,
./models/07_hype_5_32_0_src/compout.f90,calculate_criteria,SUBROUTINE,1360,add_max_criterion_to_objective,
./models/07_hype_5_32_0_src/compout.f90,calculate_criteria,SUBROUTINE,1360,calculate_regional_relative_error,
./models/07_hype_5_32_0_src/compout.f90,calculate_criteria,SUBROUTINE,1360,add_min_criterion_to_objective,
./models/07_hype_5_32_0_src/compout.f90,calculate_criteria,SUBROUTINE,1360,calculate_relative_error,
./models/07_hype_5_32_0_src/compout.f90,calculate_criteria,SUBROUTINE,1360,calculate_mean_criterion,
./models/07_hype_5_32_0_src/compout.f90,calculate_criteria,SUBROUTINE,1360,add_min_criterion_to_objective,
./models/07_hype_5_32_0_src/compout.f90,calculate_criteria,SUBROUTINE,1360,calculate_relative_error,
./models/07_hype_5_32_0_src/compout.f90,calculate_criteria,SUBROUTINE,1360,calculate_meanabs_criterion,
./models/07_hype_5_32_0_src/compout.f90,calculate_criteria,SUBROUTINE,1360,add_min_criterion_to_objective,
./models/07_hype_5_32_0_src/compout.f90,calculate_criteria,SUBROUTINE,1360,calculate_variance_based_criteria,
./models/07_hype_5_32_0_src/compout.f90,calculate_criteria,SUBROUTINE,1360,calculate_mean_criterion,
./models/07_hype_5_32_0_src/compout.f90,calculate_criteria,SUBROUTINE,1360,add_max_criterion_to_objective,
./models/07_hype_5_32_0_src/compout.f90,calculate_criteria,SUBROUTINE,1360,calculate_kling_gupta,
./models/07_hype_5_32_0_src/compout.f90,calculate_criteria,SUBROUTINE,1360,calculate_median,
./models/07_hype_5_32_0_src/compout.f90,calculate_criteria,SUBROUTINE,1360,add_max_criterion_to_objective,
./models/07_hype_5_32_0_src/compout.f90,calculate_criteria,SUBROUTINE,1360,calculate_kling_gupta,
./models/07_hype_5_32_0_src/compout.f90,calculate_criteria,SUBROUTINE,1360,calculate_mean_criterion,
./models/07_hype_5_32_0_src/compout.f90,calculate_criteria,SUBROUTINE,1360,add_max_criterion_to_objective,
./models/07_hype_5_32_0_src/compout.f90,calculate_criteria,SUBROUTINE,1360,calculate_kling_gupta,
./models/07_hype_5_32_0_src/compout.f90,calculate_criteria,SUBROUTINE,1360,calculate_mean_criterion,
./models/07_hype_5_32_0_src/compout.f90,calculate_criteria,SUBROUTINE,1360,add_max_criterion_to_objective,
./models/07_hype_5_32_0_src/compout.f90,calculate_criteria,SUBROUTINE,1360,calculate_variance_based_criteria,
./models/07_hype_5_32_0_src/compout.f90,calculate_criteria,SUBROUTINE,1360,calculate_mean_criterion,
./models/07_hype_5_32_0_src/compout.f90,calculate_criteria,SUBROUTINE,1360,add_min_criterion_to_objective,
./models/07_hype_5_32_0_src/compout.f90,calculate_criteria,SUBROUTINE,1360,calculate_mean_and_errors,
./models/07_hype_5_32_0_src/compout.f90,calculate_criteria,SUBROUTINE,1360,calculate_median,
./models/07_hype_5_32_0_src/compout.f90,calculate_criteria,SUBROUTINE,1360,add_min_criterion_to_objective,
./models/07_hype_5_32_0_src/compout.f90,calculate_criteria,SUBROUTINE,1360,calculate_variance_based_criteria,
./models/07_hype_5_32_0_src/compout.f90,calculate_criteria,SUBROUTINE,1360,calculate_mean_criterion,
./models/07_hype_5_32_0_src/compout.f90,calculate_criteria,SUBROUTINE,1360,add_max_criterion_to_objective,
./models/07_hype_5_32_0_src/compout.f90,prepare_to_compute_crit,SUBROUTINE,1225,reset_periodvalues,
./models/07_hype_5_32_0_src/compout.f90,prepare_to_compute_crit,SUBROUTINE,1225,compute_period_timesteplength_and_end_status,
./models/07_hype_5_32_0_src/compout.f90,prepare_to_compute_crit,SUBROUTINE,1225,accumulate_periodvalues,
./models/07_hype_5_32_0_src/compout.f90,prepare_to_compute_crit,SUBROUTINE,1225,reform_accumulated_periodvalues,
./models/07_hype_5_32_0_src/compout.f90,prepare_to_compute_crit,SUBROUTINE,1225,save_variables_for_later_critcalc,
./models/07_hype_5_32_0_src/compout.f90,prepare_to_compute_crit,SUBROUTINE,1225,reset_periodvalues,
./models/07_hype_5_32_0_src/compout.f90,revise_outvar,SUBROUTINE,864,get_classgroup_classes,
./models/07_hype_5_32_0_src/compout.f90,revise_outvar,SUBROUTINE,864,calculate_class_average,
./models/07_hype_5_32_0_src/compout.f90,revise_outvar,SUBROUTINE,864,calculate_class_weighted_average,
./models/07_hype_5_32_0_src/compout.f90,revise_outvar,SUBROUTINE,864,calculate_region_average,
./models/07_hype_5_32_0_src/compout.f90,revise_outvar,SUBROUTINE,864,calculate_region_obsfunc,
./models/07_hype_5_32_0_src/compout.f90,revise_outvar,SUBROUTINE,864,calculate_upstream_average,
./models/07_hype_5_32_0_src/compout.f90,compute_mapoutput,SUBROUTINE,472,compute_period_timesteplength_and_end_status,
./models/07_hype_5_32_0_src/compout.f90,compute_mapoutput,SUBROUTINE,472,check_and_acc_one_data,
./models/07_hype_5_32_0_src/compout.f90,compute_mapoutput,SUBROUTINE,472,check_and_outmean_one_data,
./models/07_hype_5_32_0_src/compout.f90,compute_mapoutput,SUBROUTINE,472,format_date,
./models/07_hype_5_32_0_src/compout.f90,compute_mapoutput,SUBROUTINE,472,format_date,
./models/07_hype_5_32_0_src/compout.f90,compute_mapoutput,SUBROUTINE,472,format_date,
./models/07_hype_5_32_0_src/compout.f90,compute_mapoutput,SUBROUTINE,472,format_date,
./models/07_hype_5_32_0_src/compout.f90,compute_mapoutput,SUBROUTINE,472,format_date,
./models/07_hype_5_32_0_src/compout.f90,compute_mapoutput,SUBROUTINE,472,format_date,
./models/07_hype_5_32_0_src/compout.f90,calculate_regional_ra,SUBROUTINE,2964,calculate_ra,
./models/07_hype_5_32_0_src/compout.f90,check_and_acc_one_data,SUBROUTINE,284,acc_one_data,
./models/07_hype_5_32_0_src/compout.f90,check_and_acc_one_data,SUBROUTINE,284,acc_one_data,
./models/07_hype_5_32_0_src/compout.f90,check_and_acc_one_data,SUBROUTINE,284,stop_acc_data,
./models/07_hype_5_32_0_src/compout.f90,check_and_acc_one_data,SUBROUTINE,284,stop_acc_data,
./models/07_hype_5_32_0_src/compout.f90,check_and_acc_one_data,SUBROUTINE,284,acc_one_data,
./models/07_hype_5_32_0_src/compout.f90,check_and_acc_one_data,SUBROUTINE,284,acc_one_data,
./models/07_hype_5_32_0_src/compout.f90,check_and_acc_one_data,SUBROUTINE,284,stop_acc_data,
./models/07_hype_5_32_0_src/compout.f90,check_and_acc_one_data,SUBROUTINE,284,acc_one_data,
./models/07_hype_5_32_0_src/compout.f90,check_and_acc_one_data,SUBROUTINE,284,acc_one_data,
./models/07_hype_5_32_0_src/compout.f90,compute_outloads,SUBROUTINE,757,compute_load_accumulation_period_status,
./models/07_hype_5_32_0_src/compout.f90,compute_basinoutput,SUBROUTINE,406,check_and_acc_one_data,
./models/07_hype_5_32_0_src/compout.f90,compute_basinoutput,SUBROUTINE,406,check_and_outmean_one_data,
./models/07_hype_5_32_0_src/compout.f90,compute_timeoutput,SUBROUTINE,633,check_and_acc_one_data,
./models/07_hype_5_32_0_src/compout.f90,compute_timeoutput,SUBROUTINE,633,check_and_outmean_one_data,
./models/07_hype_5_32_0_src/compout.f90,compute_regionoutput,SUBROUTINE,693,check_and_acc_one_data,
./models/07_hype_5_32_0_src/compout.f90,compute_regionoutput,SUBROUTINE,693,check_and_outmean_one_data,
./models/07_hype_5_32_0_src/compout.f90,compute_load_accumulation_period_status,SUBROUTINE,98,check_if_date_in_period,
./models/07_hype_5_32_0_src/compout.f90,find_variable_index_type,FUNCTION,1759,lower_case,
./models/07_hype_5_32_0_src/compout.f90,find_variable_index,FUNCTION,1811,lower_case,
./models/07_hype_5_32_0_src/compout.f90,calculate_spatial_mean_absolute_bias,SUBROUTINE,2859,calculate_subbasin_mean_var,
./models/07_hype_5_32_0_src/compout.f90,calculate_spatial_mean_absolute_bias,SUBROUTINE,2859,calculate_mab,
./models/07_hype_5_32_0_src/compout.f90,compute_print_output_flags,SUBROUTINE,592,compute_period_timesteplength_and_end_status,
./models/07_hype_5_32_0_src/compout.f90,calculate_spatial_root_mean_square_error,SUBROUTINE,2825,calculate_subbasin_mean_var,
./models/07_hype_5_32_0_src/compout.f90,calculate_spatial_root_mean_square_error,SUBROUTINE,2825,calculate_fit,
./models/07_hype_5_32_0_src/compout.f90,calculate_spatial_root_mean_square_error,SUBROUTINE,2825,calculate_mean_criterion,
./models/07_hype_5_32_0_src/compout.f90,calculate_spatial_nash_sutcliffe,SUBROUTINE,2797,calculate_subbasin_mean_var,
./models/07_hype_5_32_0_src/compout.f90,calculate_spatial_nash_sutcliffe,SUBROUTINE,2797,calculate_fit,
./models/07_hype_5_32_0_src/data.f90,load_coded_info,SUBROUTINE,10964,allocate_and_initialize_forcingdata_structure,
./models/07_hype_5_32_0_src/data.f90,load_coded_info,SUBROUTINE,10964,allocate_initialize_modeloptions,
./models/07_hype_5_32_0_src/data.f90,load_coded_info,SUBROUTINE,10964,initialize_simulation_configuration,
./models/07_hype_5_32_0_src/data.f90,load_coded_info,SUBROUTINE,10964,initialize_outstate,
./models/07_hype_5_32_0_src/data.f90,load_coded_info,SUBROUTINE,10964,initialize_outstate,
./models/07_hype_5_32_0_src/data.f90,load_coded_info,SUBROUTINE,10964,read_next_codestr_on_line,
./models/07_hype_5_32_0_src/data.f90,load_coded_info,SUBROUTINE,10964,propagate_external_msg,
./models/07_hype_5_32_0_src/data.f90,load_coded_info,SUBROUTINE,10964,read_next_date_on_line,
./models/07_hype_5_32_0_src/data.f90,load_coded_info,SUBROUTINE,10964,propagate_external_msg,
./models/07_hype_5_32_0_src/data.f90,load_coded_info,SUBROUTINE,10964,read_next_date_on_line,
./models/07_hype_5_32_0_src/data.f90,load_coded_info,SUBROUTINE,10964,read_next_codestr_on_line,
./models/07_hype_5_32_0_src/data.f90,load_coded_info,SUBROUTINE,10964,propagate_external_msg,
./models/07_hype_5_32_0_src/data.f90,load_coded_info,SUBROUTINE,10964,scalar_lower_case,
./models/07_hype_5_32_0_src/data.f90,load_coded_info,SUBROUTINE,10964,read_next_date_on_line,
./models/07_hype_5_32_0_src/data.f90,load_coded_info,SUBROUTINE,10964,propagate_external_msg,
./models/07_hype_5_32_0_src/data.f90,load_coded_info,SUBROUTINE,10964,read_next_date_on_line,
./models/07_hype_5_32_0_src/data.f90,load_coded_info,SUBROUTINE,10964,propagate_external_msg,
./models/07_hype_5_32_0_src/data.f90,load_coded_info,SUBROUTINE,10964,read_next_date_on_line,
./models/07_hype_5_32_0_src/data.f90,load_coded_info,SUBROUTINE,10964,propagate_external_msg,
./models/07_hype_5_32_0_src/data.f90,load_coded_info,SUBROUTINE,10964,read_next_date_on_line,
./models/07_hype_5_32_0_src/data.f90,load_coded_info,SUBROUTINE,10964,scalar_lower_case,
./models/07_hype_5_32_0_src/data.f90,load_coded_info,SUBROUTINE,10964,read_next_date_on_line,
./models/07_hype_5_32_0_src/data.f90,load_coded_info,SUBROUTINE,10964,propagate_external_msg,
./models/07_hype_5_32_0_src/data.f90,load_coded_info,SUBROUTINE,10964,read_next_date_on_line,
./models/07_hype_5_32_0_src/data.f90,load_coded_info,SUBROUTINE,10964,propagate_external_msg,
./models/07_hype_5_32_0_src/data.f90,load_coded_info,SUBROUTINE,10964,read_next_date_on_line,
./models/07_hype_5_32_0_src/data.f90,load_coded_info,SUBROUTINE,10964,propagate_external_msg,
./models/07_hype_5_32_0_src/data.f90,load_coded_info,SUBROUTINE,10964,read_next_date_on_line,
./models/07_hype_5_32_0_src/data.f90,load_coded_info,SUBROUTINE,10964,read_next_codestr_on_line,
./models/07_hype_5_32_0_src/data.f90,load_coded_info,SUBROUTINE,10964,set_yesno_variable_from_line,
./models/07_hype_5_32_0_src/data.f90,load_coded_info,SUBROUTINE,10964,propagate_external_msg,
./models/07_hype_5_32_0_src/data.f90,load_coded_info,SUBROUTINE,10964,read_next_codestr_on_line,
./models/07_hype_5_32_0_src/data.f90,load_coded_info,SUBROUTINE,10964,propagate_external_msg,
./models/07_hype_5_32_0_src/data.f90,load_coded_info,SUBROUTINE,10964,read_next_integer_on_info_line,
./models/07_hype_5_32_0_src/data.f90,load_coded_info,SUBROUTINE,10964,propagate_external_msg,
./models/07_hype_5_32_0_src/data.f90,load_coded_info,SUBROUTINE,10964,read_next_codestr_on_line,
./models/07_hype_5_32_0_src/data.f90,load_coded_info,SUBROUTINE,10964,propagate_external_msg,
./models/07_hype_5_32_0_src/data.f90,load_coded_info,SUBROUTINE,10964,read_next_integer_on_info_line,
./models/07_hype_5_32_0_src/data.f90,load_coded_info,SUBROUTINE,10964,propagate_external_msg,
./models/07_hype_5_32_0_src/data.f90,load_coded_info,SUBROUTINE,10964,read_next_codestr_on_line,
./models/07_hype_5_32_0_src/data.f90,load_coded_info,SUBROUTINE,10964,propagate_external_msg,
./models/07_hype_5_32_0_src/data.f90,load_coded_info,SUBROUTINE,10964,read_next_codestr_on_line,
./models/07_hype_5_32_0_src/data.f90,load_coded_info,SUBROUTINE,10964,propagate_external_msg,
./models/07_hype_5_32_0_src/data.f90,load_coded_info,SUBROUTINE,10964,read_next_codestr_on_line,
./models/07_hype_5_32_0_src/data.f90,load_coded_info,SUBROUTINE,10964,propagate_external_msg,
./models/07_hype_5_32_0_src/data.f90,load_coded_info,SUBROUTINE,10964,read_next_codestr_on_line,
./models/07_hype_5_32_0_src/data.f90,load_coded_info,SUBROUTINE,10964,propagate_external_msg,
./models/07_hype_5_32_0_src/data.f90,load_coded_info,SUBROUTINE,10964,read_next_codestr_on_line,
./models/07_hype_5_32_0_src/data.f90,load_coded_info,SUBROUTINE,10964,propagate_external_msg,
./models/07_hype_5_32_0_src/data.f90,load_coded_info,SUBROUTINE,10964,read_next_integer_on_info_line,
./models/07_hype_5_32_0_src/data.f90,load_coded_info,SUBROUTINE,10964,propagate_external_msg,
./models/07_hype_5_32_0_src/data.f90,load_coded_info,SUBROUTINE,10964,read_next_integer_on_info_line,
./models/07_hype_5_32_0_src/data.f90,load_coded_info,SUBROUTINE,10964,propagate_external_msg,
./models/07_hype_5_32_0_src/data.f90,load_coded_info,SUBROUTINE,10964,read_next_integer_on_info_line,
./models/07_hype_5_32_0_src/data.f90,load_coded_info,SUBROUTINE,10964,propagate_external_msg,
./models/07_hype_5_32_0_src/data.f90,load_coded_info,SUBROUTINE,10964,read_next_integer_on_info_line,
./models/07_hype_5_32_0_src/data.f90,load_coded_info,SUBROUTINE,10964,propagate_external_msg,
./models/07_hype_5_32_0_src/data.f90,load_coded_info,SUBROUTINE,10964,read_next_codestr_on_line,
./models/07_hype_5_32_0_src/data.f90,load_coded_info,SUBROUTINE,10964,propagate_external_msg,
./models/07_hype_5_32_0_src/data.f90,load_coded_info,SUBROUTINE,10964,propagate_external_msg,
./models/07_hype_5_32_0_src/data.f90,load_coded_info,SUBROUTINE,10964,read_next_integer_on_info_line,
./models/07_hype_5_32_0_src/data.f90,load_coded_info,SUBROUTINE,10964,propagate_external_msg,
./models/07_hype_5_32_0_src/data.f90,load_coded_info,SUBROUTINE,10964,read_next_integer_on_info_line,
./models/07_hype_5_32_0_src/data.f90,load_coded_info,SUBROUTINE,10964,propagate_external_msg,
./models/07_hype_5_32_0_src/data.f90,load_coded_info,SUBROUTINE,10964,read_next_codestr_on_line,
./models/07_hype_5_32_0_src/data.f90,load_coded_info,SUBROUTINE,10964,read_next_codestr_on_line,
./models/07_hype_5_32_0_src/data.f90,load_coded_info,SUBROUTINE,10964,propagate_external_msg,
./models/07_hype_5_32_0_src/data.f90,load_coded_info,SUBROUTINE,10964,read_next_codestr_on_line,
./models/07_hype_5_32_0_src/data.f90,load_coded_info,SUBROUTINE,10964,propagate_external_msg,
./models/07_hype_5_32_0_src/data.f90,load_coded_info,SUBROUTINE,10964,read_next_codestr_on_line,
./models/07_hype_5_32_0_src/data.f90,load_coded_info,SUBROUTINE,10964,propagate_external_msg,
./models/07_hype_5_32_0_src/data.f90,load_coded_info,SUBROUTINE,10964,read_next_codestr_on_line,
./models/07_hype_5_32_0_src/data.f90,load_coded_info,SUBROUTINE,10964,propagate_external_msg,
./models/07_hype_5_32_0_src/data.f90,load_coded_info,SUBROUTINE,10964,read_next_codestr_on_line,
./models/07_hype_5_32_0_src/data.f90,load_coded_info,SUBROUTINE,10964,propagate_external_msg,
./models/07_hype_5_32_0_src/data.f90,load_coded_info,SUBROUTINE,10964,read_next_codestr_on_line,
./models/07_hype_5_32_0_src/data.f90,load_coded_info,SUBROUTINE,10964,read_next_codestr_on_line,
./models/07_hype_5_32_0_src/data.f90,load_coded_info,SUBROUTINE,10964,read_next_codestr_on_line,
./models/07_hype_5_32_0_src/data.f90,load_coded_info,SUBROUTINE,10964,propagate_external_msg,
./models/07_hype_5_32_0_src/data.f90,load_coded_info,SUBROUTINE,10964,read_next_codestr_on_line,
./models/07_hype_5_32_0_src/data.f90,load_coded_info,SUBROUTINE,10964,read_next_codestr_on_line,
./models/07_hype_5_32_0_src/data.f90,load_coded_info,SUBROUTINE,10964,propagate_external_msg,
./models/07_hype_5_32_0_src/data.f90,load_coded_info,SUBROUTINE,10964,read_next_codestr_on_line,
./models/07_hype_5_32_0_src/data.f90,load_coded_info,SUBROUTINE,10964,read_next_codestr_on_line,
./models/07_hype_5_32_0_src/data.f90,load_coded_info,SUBROUTINE,10964,read_next_codestr_on_line,
./models/07_hype_5_32_0_src/data.f90,load_coded_info,SUBROUTINE,10964,read_next_integer_on_info_line,
./models/07_hype_5_32_0_src/data.f90,load_coded_info,SUBROUTINE,10964,propagate_external_msg,
./models/07_hype_5_32_0_src/data.f90,load_coded_info,SUBROUTINE,10964,read_next_integer_on_info_line,
./models/07_hype_5_32_0_src/data.f90,load_coded_info,SUBROUTINE,10964,propagate_external_msg,
./models/07_hype_5_32_0_src/data.f90,load_coded_info,SUBROUTINE,10964,read_next_integer_on_info_line,
./models/07_hype_5_32_0_src/data.f90,load_coded_info,SUBROUTINE,10964,propagate_external_msg,
./models/07_hype_5_32_0_src/data.f90,load_coded_info,SUBROUTINE,10964,read_next_integer_on_info_line,
./models/07_hype_5_32_0_src/data.f90,load_coded_info,SUBROUTINE,10964,propagate_external_msg,
./models/07_hype_5_32_0_src/data.f90,load_coded_info,SUBROUTINE,10964,read_next_integer_on_info_line,
./models/07_hype_5_32_0_src/data.f90,load_coded_info,SUBROUTINE,10964,propagate_external_msg,
./models/07_hype_5_32_0_src/data.f90,load_coded_info,SUBROUTINE,10964,read_next_integer_on_info_line,
./models/07_hype_5_32_0_src/data.f90,load_coded_info,SUBROUTINE,10964,propagate_external_msg,
./models/07_hype_5_32_0_src/data.f90,load_coded_info,SUBROUTINE,10964,read_next_codestr_on_line,
./models/07_hype_5_32_0_src/data.f90,load_coded_info,SUBROUTINE,10964,propagate_external_msg,
./models/07_hype_5_32_0_src/data.f90,load_coded_info,SUBROUTINE,10964,read_next_codestr_on_line,
./models/07_hype_5_32_0_src/data.f90,load_coded_info,SUBROUTINE,10964,read_next_codestr_on_line,
./models/07_hype_5_32_0_src/data.f90,load_coded_info,SUBROUTINE,10964,read_next_codestr_on_line,
./models/07_hype_5_32_0_src/data.f90,load_coded_info,SUBROUTINE,10964,read_next_codestr_on_line,
./models/07_hype_5_32_0_src/data.f90,load_coded_info,SUBROUTINE,10964,read_next_codestr_on_line,
./models/07_hype_5_32_0_src/data.f90,load_coded_info,SUBROUTINE,10964,read_next_codestr_on_line,
./models/07_hype_5_32_0_src/data.f90,load_coded_info,SUBROUTINE,10964,read_next_codestr_on_line,
./models/07_hype_5_32_0_src/data.f90,load_coded_info,SUBROUTINE,10964,read_next_codestr_on_line,
./models/07_hype_5_32_0_src/data.f90,load_coded_info,SUBROUTINE,10964,read_next_codestr_on_line,
./models/07_hype_5_32_0_src/data.f90,load_coded_info,SUBROUTINE,10964,set_directory,
./models/07_hype_5_32_0_src/data.f90,load_coded_info,SUBROUTINE,10964,propagate_external_msg,
./models/07_hype_5_32_0_src/data.f90,load_coded_info,SUBROUTINE,10964,propagate_external_msg,
./models/07_hype_5_32_0_src/data.f90,load_coded_info,SUBROUTINE,10964,propagate_external_msg,
./models/07_hype_5_32_0_src/data.f90,load_coded_info,SUBROUTINE,10964,propagate_external_msg,
./models/07_hype_5_32_0_src/data.f90,load_coded_info,SUBROUTINE,10964,propagate_external_msg,
./models/07_hype_5_32_0_src/data.f90,load_coded_info,SUBROUTINE,10964,propagate_external_msg,
./models/07_hype_5_32_0_src/data.f90,load_coded_info,SUBROUTINE,10964,propagate_external_msg,
./models/07_hype_5_32_0_src/data.f90,load_coded_info,SUBROUTINE,10964,propagate_external_msg,
./models/07_hype_5_32_0_src/data.f90,load_coded_info,SUBROUTINE,10964,propagate_external_msg,
./models/07_hype_5_32_0_src/data.f90,load_coded_info,SUBROUTINE,10964,propagate_external_msg,
./models/07_hype_5_32_0_src/data.f90,load_coded_info,SUBROUTINE,10964,propagate_external_msg,
./models/07_hype_5_32_0_src/data.f90,load_coded_info,SUBROUTINE,10964,set_timestep_variables,
./models/07_hype_5_32_0_src/data.f90,load_coded_info,SUBROUTINE,10964,calculate_timesteps_to_monday,
./models/07_hype_5_32_0_src/data.f90,load_coded_info,SUBROUTINE,10964,set_directory,
./models/07_hype_5_32_0_src/data.f90,load_coded_info,SUBROUTINE,10964,set_directory,
./models/07_hype_5_32_0_src/data.f90,load_coded_info,SUBROUTINE,10964,set_directory,
./models/07_hype_5_32_0_src/data.f90,load_coded_info,SUBROUTINE,10964,set_directory,
./models/07_hype_5_32_0_src/data.f90,load_coded_info,SUBROUTINE,10964,set_directory,
./models/07_hype_5_32_0_src/data.f90,load_coded_info,SUBROUTINE,10964,set_directory,
./models/07_hype_5_32_0_src/data.f90,load_coded_info,SUBROUTINE,10964,get_number_of_classgroups,
./models/07_hype_5_32_0_src/data.f90,load_coded_info,SUBROUTINE,10964,check_output_variables,
./models/07_hype_5_32_0_src/data.f90,load_coded_info,SUBROUTINE,10964,set_output,
./models/07_hype_5_32_0_src/data.f90,load_coded_info,SUBROUTINE,10964,check_output_variables,
./models/07_hype_5_32_0_src/data.f90,load_coded_info,SUBROUTINE,10964,set_output,
./models/07_hype_5_32_0_src/data.f90,load_coded_info,SUBROUTINE,10964,check_output_variables,
./models/07_hype_5_32_0_src/data.f90,load_coded_info,SUBROUTINE,10964,set_output,
./models/07_hype_5_32_0_src/data.f90,load_coded_info,SUBROUTINE,10964,check_output_variables,
./models/07_hype_5_32_0_src/data.f90,load_coded_info,SUBROUTINE,10964,set_output,
./models/07_hype_5_32_0_src/data.f90,load_coded_info,SUBROUTINE,10964,set_output,
./models/07_hype_5_32_0_src/data.f90,load_coded_info,SUBROUTINE,10964,set_output,
./models/07_hype_5_32_0_src/data.f90,load_coded_info,SUBROUTINE,10964,check_output_variables,
./models/07_hype_5_32_0_src/data.f90,load_coded_info,SUBROUTINE,10964,set_output,
./models/07_hype_5_32_0_src/data.f90,load_coded_info,SUBROUTINE,10964,set_output,
./models/07_hype_5_32_0_src/data.f90,load_coded_info,SUBROUTINE,10964,set_output,
./models/07_hype_5_32_0_src/data.f90,load_coded_info,SUBROUTINE,10964,set_output,
./models/07_hype_5_32_0_src/data.f90,load_coded_info,SUBROUTINE,10964,set_maxmap,
./models/07_hype_5_32_0_src/data.f90,load_coded_info,SUBROUTINE,10964,check_outputfiles_for_illegal_input,
./models/07_hype_5_32_0_src/data.f90,load_coded_info,SUBROUTINE,10964,propagate_external_msg,
./models/07_hype_5_32_0_src/data.f90,load_coded_info,SUBROUTINE,10964,set_outstate_dates,
./models/07_hype_5_32_0_src/data.f90,load_coded_info,SUBROUTINE,10964,set_outstate_dates,
./models/07_hype_5_32_0_src/data.f90,load_coded_info,SUBROUTINE,10964,set_criteria_settings,
./models/07_hype_5_32_0_src/data.f90,load_coded_info,SUBROUTINE,10964,format_date,
./models/07_hype_5_32_0_src/data.f90,load_coded_info,SUBROUTINE,10964,format_date,
./models/07_hype_5_32_0_src/data.f90,load_coded_info,SUBROUTINE,10964,format_date,
./models/07_hype_5_32_0_src/data.f90,load_coded_info,SUBROUTINE,10964,format_date,
./models/07_hype_5_32_0_src/data.f90,load_coded_info,SUBROUTINE,10964,format_date,
./models/07_hype_5_32_0_src/data.f90,load_coded_info,SUBROUTINE,10964,propagate_external_msg,
./models/07_hype_5_32_0_src/data.f90,load_coded_info,SUBROUTINE,10964,print_output_information_to_logfile,
./models/07_hype_5_32_0_src/data.f90,load_coded_info,SUBROUTINE,10964,propagate_external_msg,
./models/07_hype_5_32_0_src/data.f90,load_coded_info,SUBROUTINE,10964,propagate_external_msg,
./models/07_hype_5_32_0_src/data.f90,load_lakedata,SUBROUTINE,4084,propagate_external_msg,
./models/07_hype_5_32_0_src/data.f90,load_lakedata,SUBROUTINE,4084,propagate_external_msg,
./models/07_hype_5_32_0_src/data.f90,load_lakedata,SUBROUTINE,4084,propagate_external_msg,
./models/07_hype_5_32_0_src/data.f90,load_lakedata,SUBROUTINE,4084,count_data_comment_cols_and_rows,
./models/07_hype_5_32_0_src/data.f90,load_lakedata,SUBROUTINE,4084,propagate_external_msg,
./models/07_hype_5_32_0_src/data.f90,load_lakedata,SUBROUTINE,4084,propagate_external_msg,
./models/07_hype_5_32_0_src/data.f90,load_lakedata,SUBROUTINE,4084,skip_comment_rows,
./models/07_hype_5_32_0_src/data.f90,load_lakedata,SUBROUTINE,4084,read_column_headings,
./models/07_hype_5_32_0_src/data.f90,load_lakedata,SUBROUTINE,4084,propagate_external_msg,
./models/07_hype_5_32_0_src/data.f90,load_lakedata,SUBROUTINE,4084,propagate_external_msg,
./models/07_hype_5_32_0_src/data.f90,load_lakedata,SUBROUTINE,4084,propagate_external_msg,
./models/07_hype_5_32_0_src/data.f90,load_lakedata,SUBROUTINE,4084,propagate_external_msg,
./models/07_hype_5_32_0_src/data.f90,load_lakedata,SUBROUTINE,4084,read_basindata6,
./models/07_hype_5_32_0_src/data.f90,load_lakedata,SUBROUTINE,4084,propagate_external_msg,
./models/07_hype_5_32_0_src/data.f90,load_lakedata,SUBROUTINE,4084,propagate_external_msg,
./models/07_hype_5_32_0_src/data.f90,load_lakedata,SUBROUTINE,4084,propagate_external_msg,
./models/07_hype_5_32_0_src/data.f90,load_lakedata,SUBROUTINE,4084,propagate_external_msg,
./models/07_hype_5_32_0_src/data.f90,load_lakedata,SUBROUTINE,4084,propagate_external_msg,
./models/07_hype_5_32_0_src/data.f90,load_lakedata,SUBROUTINE,4084,string_convert_to_datetype,
./models/07_hype_5_32_0_src/data.f90,load_lakedata,SUBROUTINE,4084,string_convert_to_datetype,
./models/07_hype_5_32_0_src/data.f90,load_lakedata,SUBROUTINE,4084,get_dayno_from_monthday,
./models/07_hype_5_32_0_src/data.f90,load_lakedata,SUBROUTINE,4084,get_dayno_from_monthday,
./models/07_hype_5_32_0_src/data.f90,load_lakedata,SUBROUTINE,4084,string_convert_to_datetype,
./models/07_hype_5_32_0_src/data.f90,load_lakedata,SUBROUTINE,4084,string_convert_to_datetype,
./models/07_hype_5_32_0_src/data.f90,load_lakedata,SUBROUTINE,4084,string_convert_to_datetype,
./models/07_hype_5_32_0_src/data.f90,load_lakedata,SUBROUTINE,4084,string_convert_to_datetype,
./models/07_hype_5_32_0_src/data.f90,load_lakedata,SUBROUTINE,4084,get_dayno_from_monthday,
./models/07_hype_5_32_0_src/data.f90,load_lakedata,SUBROUTINE,4084,get_dayno_from_monthday,
./models/07_hype_5_32_0_src/data.f90,load_lakedata,SUBROUTINE,4084,start_lakedata_table,
./models/07_hype_5_32_0_src/data.f90,read_and_calc_basindata,SUBROUTINE,5754,skip_comment_rows,
./models/07_hype_5_32_0_src/data.f90,read_and_calc_basindata,SUBROUTINE,5754,read_column_headings,
./models/07_hype_5_32_0_src/data.f90,read_and_calc_basindata,SUBROUTINE,5754,propagate_external_msg,
./models/07_hype_5_32_0_src/data.f90,read_and_calc_basindata,SUBROUTINE,5754,propagate_external_msg,
./models/07_hype_5_32_0_src/data.f90,read_and_calc_basindata,SUBROUTINE,5754,read_basindata5,
./models/07_hype_5_32_0_src/data.f90,read_and_calc_basindata,SUBROUTINE,5754,propagate_external_msg,
./models/07_hype_5_32_0_src/data.f90,read_and_calc_basindata,SUBROUTINE,5754,propagate_external_msg,
./models/07_hype_5_32_0_src/data.f90,read_and_calc_basindata,SUBROUTINE,5754,propagate_external_msg,
./models/07_hype_5_32_0_src/data.f90,read_and_calc_basindata,SUBROUTINE,5754,propagate_external_msg,
./models/07_hype_5_32_0_src/data.f90,read_and_calc_basindata,SUBROUTINE,5754,propagate_external_msg,
./models/07_hype_5_32_0_src/data.f90,read_and_calc_basindata,SUBROUTINE,5754,propagate_external_msg,
./models/07_hype_5_32_0_src/data.f90,read_and_calc_basindata,SUBROUTINE,5754,propagate_external_msg,
./models/07_hype_5_32_0_src/data.f90,read_and_calc_basindata,SUBROUTINE,5754,propagate_external_msg,
./models/07_hype_5_32_0_src/data.f90,load_damdata,SUBROUTINE,4923,propagate_external_msg,
./models/07_hype_5_32_0_src/data.f90,load_damdata,SUBROUTINE,4923,count_data_comment_cols_and_rows,
./models/07_hype_5_32_0_src/data.f90,load_damdata,SUBROUTINE,4923,propagate_external_msg,
./models/07_hype_5_32_0_src/data.f90,load_damdata,SUBROUTINE,4923,propagate_external_msg,
./models/07_hype_5_32_0_src/data.f90,load_damdata,SUBROUTINE,4923,skip_comment_rows,
./models/07_hype_5_32_0_src/data.f90,load_damdata,SUBROUTINE,4923,read_column_headings,
./models/07_hype_5_32_0_src/data.f90,load_damdata,SUBROUTINE,4923,propagate_external_msg,
./models/07_hype_5_32_0_src/data.f90,load_damdata,SUBROUTINE,4923,propagate_external_msg,
./models/07_hype_5_32_0_src/data.f90,load_damdata,SUBROUTINE,4923,read_basindata6,
./models/07_hype_5_32_0_src/data.f90,load_damdata,SUBROUTINE,4923,propagate_external_msg,
./models/07_hype_5_32_0_src/data.f90,load_damdata,SUBROUTINE,4923,propagate_external_msg,
./models/07_hype_5_32_0_src/data.f90,load_damdata,SUBROUTINE,4923,string_convert_to_datetype,
./models/07_hype_5_32_0_src/data.f90,load_damdata,SUBROUTINE,4923,string_convert_to_datetype,
./models/07_hype_5_32_0_src/data.f90,load_damdata,SUBROUTINE,4923,get_dayno_from_monthday,
./models/07_hype_5_32_0_src/data.f90,load_damdata,SUBROUTINE,4923,get_dayno_from_monthday,
./models/07_hype_5_32_0_src/data.f90,reform_inputdata_for_submodel,SUBROUTINE,10016,allocate_basinvariables,
./models/07_hype_5_32_0_src/data.f90,load_ascii_qx_observations,SUBROUTINE,448,count_comment_rows,
./models/07_hype_5_32_0_src/data.f90,load_ascii_qx_observations,SUBROUTINE,448,check_station_txt,
./models/07_hype_5_32_0_src/data.f90,load_ascii_qx_observations,SUBROUTINE,448,check_obs_timeperiod,
./models/07_hype_5_32_0_src/data.f90,load_ascii_qx_observations,SUBROUTINE,448,find_common_timeperiod,
./models/07_hype_5_32_0_src/data.f90,load_ascii_qx_observations,SUBROUTINE,448,prepare_read_matrix,
./models/07_hype_5_32_0_src/data.f90,load_ascii_qx_observations,SUBROUTINE,448,count_comment_rows,
./models/07_hype_5_32_0_src/data.f90,load_ascii_qx_observations,SUBROUTINE,448,check_station_txt,
./models/07_hype_5_32_0_src/data.f90,load_ascii_qx_observations,SUBROUTINE,448,get_fileunit,
./models/07_hype_5_32_0_src/data.f90,load_ascii_qx_observations,SUBROUTINE,448,count_comment_rows,
./models/07_hype_5_32_0_src/data.f90,load_ascii_qx_observations,SUBROUTINE,448,count_data_cols,
./models/07_hype_5_32_0_src/data.f90,load_ascii_qx_observations,SUBROUTINE,448,check_xobs,
./models/07_hype_5_32_0_src/data.f90,load_ascii_qx_observations,SUBROUTINE,448,count_comment_rows,
./models/07_hype_5_32_0_src/data.f90,load_ascii_qx_observations,SUBROUTINE,448,count_data_cols,
./models/07_hype_5_32_0_src/data.f90,load_ascii_qx_observations,SUBROUTINE,448,check_xobs,
./models/07_hype_5_32_0_src/data.f90,load_ascii_qx_observations,SUBROUTINE,448,check_obs_timeperiod,
./models/07_hype_5_32_0_src/data.f90,load_ascii_qx_observations,SUBROUTINE,448,find_common_timeperiod,
./models/07_hype_5_32_0_src/data.f90,load_ascii_qx_observations,SUBROUTINE,448,check_obs_timeperiod,
./models/07_hype_5_32_0_src/data.f90,load_ascii_qx_observations,SUBROUTINE,448,find_common_timeperiod,
./models/07_hype_5_32_0_src/data.f90,load_ascii_qx_observations,SUBROUTINE,448,check_obs_timeperiod,
./models/07_hype_5_32_0_src/data.f90,load_ascii_qx_observations,SUBROUTINE,448,find_common_timeperiod,
./models/07_hype_5_32_0_src/data.f90,load_ascii_qx_observations,SUBROUTINE,448,prepare_read_matrix,
./models/07_hype_5_32_0_src/data.f90,load_ascii_qx_observations,SUBROUTINE,448,fileunit_free,
./models/07_hype_5_32_0_src/data.f90,load_ascii_qx_observations,SUBROUTINE,448,prepare_read_matrix,
./models/07_hype_5_32_0_src/data.f90,load_ascii_qx_observations,SUBROUTINE,448,initiate_xobsinformation,
./models/07_hype_5_32_0_src/data.f90,load_ascii_qx_observations,SUBROUTINE,448,prepare_read_matrix,
./models/07_hype_5_32_0_src/data.f90,load_ascii_qx_observations,SUBROUTINE,448,initiate_xobsinformation,
./models/07_hype_5_32_0_src/data.f90,load_ascii_qx_observations,SUBROUTINE,448,count_comment_rows,
./models/07_hype_5_32_0_src/data.f90,load_ascii_qx_observations,SUBROUTINE,448,count_data_cols,
./models/07_hype_5_32_0_src/data.f90,load_ascii_qx_observations,SUBROUTINE,448,check_xobs,
./models/07_hype_5_32_0_src/data.f90,load_ascii_qx_observations,SUBROUTINE,448,check_obs_timeperiod,
./models/07_hype_5_32_0_src/data.f90,load_ascii_qx_observations,SUBROUTINE,448,get_fileunit,
./models/07_hype_5_32_0_src/data.f90,load_ascii_qx_observations,SUBROUTINE,448,prepare_read_matrix,
./models/07_hype_5_32_0_src/data.f90,load_ascii_qx_observations,SUBROUTINE,448,fileunit_free,
./models/07_hype_5_32_0_src/data.f90,load_cropdata,SUBROUTINE,10569,propagate_external_msg,
./models/07_hype_5_32_0_src/data.f90,load_cropdata,SUBROUTINE,10569,count_data_comment_cols_and_rows,
./models/07_hype_5_32_0_src/data.f90,load_cropdata,SUBROUTINE,10569,initiate_cropdata,
./models/07_hype_5_32_0_src/data.f90,load_cropdata,SUBROUTINE,10569,skip_comment_rows,
./models/07_hype_5_32_0_src/data.f90,load_cropdata,SUBROUTINE,10569,read_column_headings,
./models/07_hype_5_32_0_src/data.f90,load_cropdata,SUBROUTINE,10569,propagate_external_msg,
./models/07_hype_5_32_0_src/data.f90,load_cropdata,SUBROUTINE,10569,propagate_external_msg,
./models/07_hype_5_32_0_src/data.f90,load_cropdata,SUBROUTINE,10569,read_basindata5,
./models/07_hype_5_32_0_src/data.f90,load_cropdata,SUBROUTINE,10569,set_cropdataindex,
./models/07_hype_5_32_0_src/data.f90,load_cropdata,SUBROUTINE,10569,propagate_external_msg,
./models/07_hype_5_32_0_src/data.f90,prepare_for_update,SUBROUTINE,1858,set_update_method_names,
./models/07_hype_5_32_0_src/data.f90,prepare_for_update,SUBROUTINE,1858,propagate_external_msg,
./models/07_hype_5_32_0_src/data.f90,prepare_for_update,SUBROUTINE,1858,propagate_external_msg,
./models/07_hype_5_32_0_src/data.f90,load_pointsourcedata,SUBROUTINE,7684,read_pointsourcedata,
./models/07_hype_5_32_0_src/data.f90,load_pointsourcedata,SUBROUTINE,7684,string_convert_to_datetype,
./models/07_hype_5_32_0_src/data.f90,load_pointsourcedata,SUBROUTINE,7684,add_date_to_array,
./models/07_hype_5_32_0_src/data.f90,load_pointsourcedata,SUBROUTINE,7684,string_convert_to_datetype,
./models/07_hype_5_32_0_src/data.f90,load_pointsourcedata,SUBROUTINE,7684,add_date_to_array,
./models/07_hype_5_32_0_src/data.f90,load_pointsourcedata,SUBROUTINE,7684,find_reorder_index,
./models/07_hype_5_32_0_src/data.f90,load_pointsourcedata,SUBROUTINE,7684,propagate_external_msg,
./models/07_hype_5_32_0_src/data.f90,load_pointsourcedata,SUBROUTINE,7684,find_reorder_index,
./models/07_hype_5_32_0_src/data.f90,load_pointsourcedata,SUBROUTINE,7684,propagate_external_msg,
./models/07_hype_5_32_0_src/data.f90,load_pointsourcedata,SUBROUTINE,7684,count_data_cols,
./models/07_hype_5_32_0_src/data.f90,load_pointsourcedata,SUBROUTINE,7684,propagate_external_msg,
./models/07_hype_5_32_0_src/data.f90,load_pointsourcedata,SUBROUTINE,7684,read_headings_pointsource_timeseries,
./models/07_hype_5_32_0_src/data.f90,load_pointsourcedata,SUBROUTINE,7684,check_obs_timeperiod,
./models/07_hype_5_32_0_src/data.f90,load_pointsourcedata,SUBROUTINE,7684,find_common_timeperiod,
./models/07_hype_5_32_0_src/data.f90,load_pointsourcedata,SUBROUTINE,7684,propagate_external_msg,
./models/07_hype_5_32_0_src/data.f90,load_pointsourcedata,SUBROUTINE,7684,prepare_read_matrix,
./models/07_hype_5_32_0_src/data.f90,load_pointsourcedata,SUBROUTINE,7684,check_obs_timeperiod,
./models/07_hype_5_32_0_src/data.f90,load_pointsourcedata,SUBROUTINE,7684,find_common_timeperiod,
./models/07_hype_5_32_0_src/data.f90,load_pointsourcedata,SUBROUTINE,7684,propagate_external_msg,
./models/07_hype_5_32_0_src/data.f90,load_pointsourcedata,SUBROUTINE,7684,prepare_read_matrix,
./models/07_hype_5_32_0_src/data.f90,load_pointsourcedata,SUBROUTINE,7684,check_obs_timeperiod,
./models/07_hype_5_32_0_src/data.f90,load_pointsourcedata,SUBROUTINE,7684,find_common_timeperiod,
./models/07_hype_5_32_0_src/data.f90,load_pointsourcedata,SUBROUTINE,7684,propagate_external_msg,
./models/07_hype_5_32_0_src/data.f90,load_pointsourcedata,SUBROUTINE,7684,prepare_read_matrix,
./models/07_hype_5_32_0_src/data.f90,load_pointsourcedata,SUBROUTINE,7684,propagate_external_msg,
./models/07_hype_5_32_0_src/data.f90,read_diffuse_sources_file,SUBROUTINE,6335,skip_comment_rows,
./models/07_hype_5_32_0_src/data.f90,read_diffuse_sources_file,SUBROUTINE,6335,read_column_headings,
./models/07_hype_5_32_0_src/data.f90,read_diffuse_sources_file,SUBROUTINE,6335,propagate_external_msg,
./models/07_hype_5_32_0_src/data.f90,read_diffuse_sources_file,SUBROUTINE,6335,propagate_external_msg,
./models/07_hype_5_32_0_src/data.f90,read_diffuse_sources_file,SUBROUTINE,6335,read_basindata5,
./models/07_hype_5_32_0_src/data.f90,load_netcdf_qx_observations,SUBROUTINE,944,load_and_check_qobs_netcdf,
./models/07_hype_5_32_0_src/data.f90,load_netcdf_qx_observations,SUBROUTINE,944,load_and_check_qobs_netcdf,
./models/07_hype_5_32_0_src/data.f90,load_netcdf_qx_observations,SUBROUTINE,944,initiate_xobsinformation,
./models/07_hype_5_32_0_src/data.f90,load_netcdf_qx_observations,SUBROUTINE,944,scalar_upper_case,
./models/07_hype_5_32_0_src/data.f90,load_netcdf_qx_observations,SUBROUTINE,944,check_xobs_netcdf,
./models/07_hype_5_32_0_src/data.f90,load_netcdf_qx_observations,SUBROUTINE,944,load_xobs_netcdf,
./models/07_hype_5_32_0_src/data.f90,load_netcdf_qx_observations,SUBROUTINE,944,scalar_upper_case,
./models/07_hype_5_32_0_src/data.f90,load_netcdf_qx_observations,SUBROUTINE,944,check_xobs_netcdf,
./models/07_hype_5_32_0_src/data.f90,load_netcdf_qx_observations,SUBROUTINE,944,load_xobs_netcdf,
./models/07_hype_5_32_0_src/data.f90,load_netcdf_qx_observations,SUBROUTINE,944,initiate_xobsinformation,
./models/07_hype_5_32_0_src/data.f90,load_netcdf_qx_observations,SUBROUTINE,944,scalar_upper_case,
./models/07_hype_5_32_0_src/data.f90,load_netcdf_qx_observations,SUBROUTINE,944,check_xobs_netcdf,
./models/07_hype_5_32_0_src/data.f90,load_netcdf_qx_observations,SUBROUTINE,944,check_xobs_netcdf,
./models/07_hype_5_32_0_src/data.f90,load_netcdf_qx_observations,SUBROUTINE,944,check_xobs_netcdf,
./models/07_hype_5_32_0_src/data.f90,load_netcdf_qx_observations,SUBROUTINE,944,load_xobs_netcdf,
./models/07_hype_5_32_0_src/data.f90,load_rrcurvedata,SUBROUTINE,7381,count_data_comment_cols_and_rows,
./models/07_hype_5_32_0_src/data.f90,load_rrcurvedata,SUBROUTINE,7381,skip_comment_rows,
./models/07_hype_5_32_0_src/data.f90,load_rrcurvedata,SUBROUTINE,7381,read_column_headings,
./models/07_hype_5_32_0_src/data.f90,load_rrcurvedata,SUBROUTINE,7381,propagate_external_msg,
./models/07_hype_5_32_0_src/data.f90,load_rrcurvedata,SUBROUTINE,7381,propagate_external_msg,
./models/07_hype_5_32_0_src/data.f90,load_rrcurvedata,SUBROUTINE,7381,read_basindata5,
./models/07_hype_5_32_0_src/data.f90,load_rrcurvedata,SUBROUTINE,7381,propagate_external_msg,
./models/07_hype_5_32_0_src/data.f90,load_rrcurvedata,SUBROUTINE,7381,propagate_external_msg,
./models/07_hype_5_32_0_src/data.f90,read_update_data,SUBROUTINE,9596,count_data_comment_cols_and_rows,
./models/07_hype_5_32_0_src/data.f90,read_update_data,SUBROUTINE,9596,propagate_external_msg,
./models/07_hype_5_32_0_src/data.f90,read_update_data,SUBROUTINE,9596,skip_comment_rows,
./models/07_hype_5_32_0_src/data.f90,read_update_data,SUBROUTINE,9596,read_column_headings,
./models/07_hype_5_32_0_src/data.f90,read_update_data,SUBROUTINE,9596,propagate_external_msg,
./models/07_hype_5_32_0_src/data.f90,read_update_data,SUBROUTINE,9596,propagate_external_msg,
./models/07_hype_5_32_0_src/data.f90,read_update_data,SUBROUTINE,9596,read_basindata5,
./models/07_hype_5_32_0_src/data.f90,load_optpar,SUBROUTINE,14230,read_parameterline,
./models/07_hype_5_32_0_src/data.f90,load_optpar,SUBROUTINE,14230,count_optim_par,
./models/07_hype_5_32_0_src/data.f90,reload_deposition,SUBROUTINE,7041,format_date,
./models/07_hype_5_32_0_src/data.f90,reload_deposition,SUBROUTINE,7041,count_data_comment_cols_and_rows,
./models/07_hype_5_32_0_src/data.f90,reload_deposition,SUBROUTINE,7041,skip_comment_rows,
./models/07_hype_5_32_0_src/data.f90,reload_deposition,SUBROUTINE,7041,read_column_headings,
./models/07_hype_5_32_0_src/data.f90,reload_deposition,SUBROUTINE,7041,read_basindata5,
./models/07_hype_5_32_0_src/data.f90,reload_deposition,SUBROUTINE,7041,convert_unclean_string_to_integer,
./models/07_hype_5_32_0_src/data.f90,reload_deposition,SUBROUTINE,7041,convert_unclean_string_to_integer,
./models/07_hype_5_32_0_src/data.f90,reload_deposition,SUBROUTINE,7041,convert_unclean_string_to_integer,
./models/07_hype_5_32_0_src/data.f90,reload_deposition,SUBROUTINE,7041,convert_unclean_string_to_integer,
./models/07_hype_5_32_0_src/data.f90,reload_deposition,SUBROUTINE,7041,convert_unclean_string_to_integer,
./models/07_hype_5_32_0_src/data.f90,load_permanent_soilleakage,SUBROUTINE,8495,read_seasonal_leakage,
./models/07_hype_5_32_0_src/data.f90,load_permanent_soilleakage,SUBROUTINE,8495,read_seasonal_leakage,
./models/07_hype_5_32_0_src/data.f90,load_permanent_soilleakage,SUBROUTINE,8495,read_first_monthly_leakage,
./models/07_hype_5_32_0_src/data.f90,load_permanent_soilleakage,SUBROUTINE,8495,read_seasonal_leakage,
./models/07_hype_5_32_0_src/data.f90,load_permanent_soilleakage,SUBROUTINE,8495,read_seasonal_leakage,
./models/07_hype_5_32_0_src/data.f90,load_permanent_soilleakage,SUBROUTINE,8495,find_seasonal_division_of_leakage,
./models/07_hype_5_32_0_src/data.f90,load_permanent_soilleakage,SUBROUTINE,8495,read_seasonal_leakage,
./models/07_hype_5_32_0_src/data.f90,load_permanent_soilleakage,SUBROUTINE,8495,find_seasonal_division_of_leakage,
./models/07_hype_5_32_0_src/data.f90,load_permanent_soilleakage,SUBROUTINE,8495,read_seasonal_leakage,
./models/07_hype_5_32_0_src/data.f90,load_permanent_soilleakage,SUBROUTINE,8495,read_one_year_monthly_leakage,
./models/07_hype_5_32_0_src/data.f90,load_permanent_soilleakage,SUBROUTINE,8495,read_one_year_monthly_leakage,
./models/07_hype_5_32_0_src/data.f90,load_aquiferdata,SUBROUTINE,3673,count_data_comment_cols_and_rows,
./models/07_hype_5_32_0_src/data.f90,load_aquiferdata,SUBROUTINE,3673,skip_comment_rows,
./models/07_hype_5_32_0_src/data.f90,load_aquiferdata,SUBROUTINE,3673,read_column_headings,
./models/07_hype_5_32_0_src/data.f90,load_aquiferdata,SUBROUTINE,3673,propagate_external_msg,
./models/07_hype_5_32_0_src/data.f90,load_aquiferdata,SUBROUTINE,3673,read_basindata5,
./models/07_hype_5_32_0_src/data.f90,load_aquiferdata,SUBROUTINE,3673,propagate_external_msg,
./models/07_hype_5_32_0_src/data.f90,load_aquiferdata,SUBROUTINE,3673,propagate_external_msg,
./models/07_hype_5_32_0_src/data.f90,load_management_data,SUBROUTINE,9158,count_data_comment_cols_and_rows,
./models/07_hype_5_32_0_src/data.f90,load_management_data,SUBROUTINE,9158,skip_comment_rows,
./models/07_hype_5_32_0_src/data.f90,load_management_data,SUBROUTINE,9158,read_column_headings,
./models/07_hype_5_32_0_src/data.f90,load_management_data,SUBROUTINE,9158,propagate_external_msg,
./models/07_hype_5_32_0_src/data.f90,load_management_data,SUBROUTINE,9158,read_basindata5,
./models/07_hype_5_32_0_src/data.f90,load_flooddata,SUBROUTINE,5291,count_data_comment_cols_and_rows,
./models/07_hype_5_32_0_src/data.f90,load_flooddata,SUBROUTINE,5291,skip_comment_rows,
./models/07_hype_5_32_0_src/data.f90,load_flooddata,SUBROUTINE,5291,read_column_headings,
./models/07_hype_5_32_0_src/data.f90,load_flooddata,SUBROUTINE,5291,propagate_external_msg,
./models/07_hype_5_32_0_src/data.f90,load_flooddata,SUBROUTINE,5291,propagate_external_msg,
./models/07_hype_5_32_0_src/data.f90,load_flooddata,SUBROUTINE,5291,read_basindata5,
./models/07_hype_5_32_0_src/data.f90,load_flooddata,SUBROUTINE,5291,propagate_external_msg,
./models/07_hype_5_32_0_src/data.f90,load_flooddata,SUBROUTINE,5291,propagate_external_msg,
./models/07_hype_5_32_0_src/data.f90,read_pointsourcedata,SUBROUTINE,8111,count_data_comment_cols_and_rows,
./models/07_hype_5_32_0_src/data.f90,read_pointsourcedata,SUBROUTINE,8111,skip_comment_rows,
./models/07_hype_5_32_0_src/data.f90,read_pointsourcedata,SUBROUTINE,8111,read_column_headings,
./models/07_hype_5_32_0_src/data.f90,read_pointsourcedata,SUBROUTINE,8111,propagate_external_msg,
./models/07_hype_5_32_0_src/data.f90,read_pointsourcedata,SUBROUTINE,8111,propagate_external_msg,
./models/07_hype_5_32_0_src/data.f90,read_pointsourcedata,SUBROUTINE,8111,read_basindata6,
./models/07_hype_5_32_0_src/data.f90,load_output_regions,SUBROUTINE,13700,propagate_external_msg,
./models/07_hype_5_32_0_src/data.f90,load_output_regions,SUBROUTINE,13700,count_data_comment_cols_and_rows,
./models/07_hype_5_32_0_src/data.f90,load_output_regions,SUBROUTINE,13700,propagate_external_msg,
./models/07_hype_5_32_0_src/data.f90,load_output_regions,SUBROUTINE,13700,skip_comment_rows,
./models/07_hype_5_32_0_src/data.f90,load_output_regions,SUBROUTINE,13700,read_column_headings,
./models/07_hype_5_32_0_src/data.f90,load_output_regions,SUBROUTINE,13700,propagate_external_msg,
./models/07_hype_5_32_0_src/data.f90,load_output_regions,SUBROUTINE,13700,propagate_external_msg,
./models/07_hype_5_32_0_src/data.f90,load_output_regions,SUBROUTINE,13700,propagate_external_msg,
./models/07_hype_5_32_0_src/data.f90,load_output_regions,SUBROUTINE,13700,read_basindata5,
./models/07_hype_5_32_0_src/data.f90,load_deposition,SUBROUTINE,6701,count_data_comment_cols_and_rows,
./models/07_hype_5_32_0_src/data.f90,load_deposition,SUBROUTINE,6701,skip_comment_rows,
./models/07_hype_5_32_0_src/data.f90,load_deposition,SUBROUTINE,6701,read_column_headings,
./models/07_hype_5_32_0_src/data.f90,load_deposition,SUBROUTINE,6701,propagate_external_msg,
./models/07_hype_5_32_0_src/data.f90,load_deposition,SUBROUTINE,6701,read_basindata5,
./models/07_hype_5_32_0_src/data.f90,load_deposition,SUBROUTINE,6701,convert_unclean_string_to_integer,
./models/07_hype_5_32_0_src/data.f90,load_deposition,SUBROUTINE,6701,convert_unclean_string_to_integer,
./models/07_hype_5_32_0_src/data.f90,load_deposition,SUBROUTINE,6701,convert_unclean_string_to_integer,
./models/07_hype_5_32_0_src/data.f90,load_deposition,SUBROUTINE,6701,convert_unclean_string_to_integer,
./models/07_hype_5_32_0_src/data.f90,load_deposition,SUBROUTINE,6701,convert_unclean_string_to_integer,
./models/07_hype_5_32_0_src/data.f90,load_deposition,SUBROUTINE,6701,propagate_external_msg,
./models/07_hype_5_32_0_src/data.f90,load_classdata,SUBROUTINE,2556,count_classdata,
./models/07_hype_5_32_0_src/data.f90,load_classdata,SUBROUTINE,2556,format_date,
./models/07_hype_5_32_0_src/data.f90,load_classdata,SUBROUTINE,2556,count_classdata,
./models/07_hype_5_32_0_src/data.f90,load_classdata,SUBROUTINE,2556,read_column_headings2,
./models/07_hype_5_32_0_src/data.f90,load_classdata,SUBROUTINE,2556,set_recharge_discharge_classes,
./models/07_hype_5_32_0_src/data.f90,load_classdata,SUBROUTINE,2556,set_soildepth_classdata,
./models/07_hype_5_32_0_src/data.f90,load_classdata,SUBROUTINE,2556,set_class_current_soildepth,
./models/07_hype_5_32_0_src/data.f90,load_classdata,SUBROUTINE,2556,set_coded_classes,
./models/07_hype_5_32_0_src/data.f90,load_branchdata,SUBROUTINE,3416,count_data_comment_cols_and_rows,
./models/07_hype_5_32_0_src/data.f90,load_branchdata,SUBROUTINE,3416,skip_comment_rows,
./models/07_hype_5_32_0_src/data.f90,load_branchdata,SUBROUTINE,3416,read_column_headings,
./models/07_hype_5_32_0_src/data.f90,load_branchdata,SUBROUTINE,3416,propagate_external_msg,
./models/07_hype_5_32_0_src/data.f90,load_branchdata,SUBROUTINE,3416,read_basindata5,
./models/07_hype_5_32_0_src/data.f90,load_branchdata,SUBROUTINE,3416,propagate_external_msg,
./models/07_hype_5_32_0_src/data.f90,load_branchdata,SUBROUTINE,3416,propagate_external_msg,
./models/07_hype_5_32_0_src/data.f90,load_branchdata,SUBROUTINE,3416,propagate_external_msg,
./models/07_hype_5_32_0_src/data.f90,load_branchdata,SUBROUTINE,3416,propagate_external_msg,
./models/07_hype_5_32_0_src/data.f90,get_current_pointsources,SUBROUTINE,8276,read_pointsourcedata,
./models/07_hype_5_32_0_src/data.f90,get_current_pointsources,SUBROUTINE,8276,string_convert_to_datetype,
./models/07_hype_5_32_0_src/data.f90,get_current_pointsources,SUBROUTINE,8276,string_convert_to_datetype,
./models/07_hype_5_32_0_src/data.f90,get_current_pointsources,SUBROUTINE,8276,find_reorder_index,
./models/07_hype_5_32_0_src/data.f90,get_current_pointsources,SUBROUTINE,8276,format_date,
./models/07_hype_5_32_0_src/data.f90,set_outvar_for_variable_new,SUBROUTINE,13355,propagate_external_msg,
./models/07_hype_5_32_0_src/data.f90,load_forcing_information_data_from_txt_file,SUBROUTINE,9415,get_seq_filename,
./models/07_hype_5_32_0_src/data.f90,load_forcing_information_data_from_txt_file,SUBROUTINE,9415,count_data_comment_and_cols,
./models/07_hype_5_32_0_src/data.f90,load_forcing_information_data_from_txt_file,SUBROUTINE,9415,skip_comment_rows,
./models/07_hype_5_32_0_src/data.f90,load_forcing_information_data_from_txt_file,SUBROUTINE,9415,read_column_headings,
./models/07_hype_5_32_0_src/data.f90,load_forcing_information_data_from_txt_file,SUBROUTINE,9415,propagate_external_msg,
./models/07_hype_5_32_0_src/data.f90,load_forcing_information_data_from_txt_file,SUBROUTINE,9415,propagate_external_msg,
./models/07_hype_5_32_0_src/data.f90,load_forcing_information_data_from_txt_file,SUBROUTINE,9415,read_basindata5,
./models/07_hype_5_32_0_src/data.f90,load_forcing_information_data_from_txt_file,SUBROUTINE,9415,propagate_external_msg,
./models/07_hype_5_32_0_src/data.f90,load_glacierdata,SUBROUTINE,3908,count_data_comment_cols_and_rows,
./models/07_hype_5_32_0_src/data.f90,load_glacierdata,SUBROUTINE,3908,skip_comment_rows,
./models/07_hype_5_32_0_src/data.f90,load_glacierdata,SUBROUTINE,3908,read_column_headings,
./models/07_hype_5_32_0_src/data.f90,load_glacierdata,SUBROUTINE,3908,propagate_external_msg,
./models/07_hype_5_32_0_src/data.f90,load_glacierdata,SUBROUTINE,3908,propagate_external_msg,
./models/07_hype_5_32_0_src/data.f90,load_glacierdata,SUBROUTINE,3908,propagate_external_msg,
./models/07_hype_5_32_0_src/data.f90,load_glacierdata,SUBROUTINE,3908,read_basindata5,
./models/07_hype_5_32_0_src/data.f90,get_current_time_pointsource,SUBROUTINE,2205,read_matrix_line,
./models/07_hype_5_32_0_src/data.f90,get_current_time_pointsource,SUBROUTINE,2205,read_matrix_line,
./models/07_hype_5_32_0_src/data.f90,get_current_time_pointsource,SUBROUTINE,2205,read_matrix_line,
./models/07_hype_5_32_0_src/data.f90,reload_classdata,SUBROUTINE,2908,format_date,
./models/07_hype_5_32_0_src/data.f90,reload_classdata,SUBROUTINE,2908,read_column_headings2,
./models/07_hype_5_32_0_src/data.f90,load_parameters,SUBROUTINE,14039,read_parameterline,
./models/07_hype_5_32_0_src/data.f90,load_parameters,SUBROUTINE,14039,propagate_external_msg,
./models/07_hype_5_32_0_src/data.f90,load_parameters,SUBROUTINE,14039,propagate_external_msg,
./models/07_hype_5_32_0_src/data.f90,load_parameters,SUBROUTINE,14039,propagate_external_msg,
./models/07_hype_5_32_0_src/data.f90,load_parameters,SUBROUTINE,14039,propagate_external_msg,
./models/07_hype_5_32_0_src/data.f90,load_basindata,SUBROUTINE,2366,load_classdata,
./models/07_hype_5_32_0_src/data.f90,load_basindata,SUBROUTINE,2366,load_geoclass,
./models/07_hype_5_32_0_src/data.f90,load_basindata,SUBROUTINE,2366,count_data_comment_cols_and_rows,
./models/07_hype_5_32_0_src/data.f90,load_basindata,SUBROUTINE,2366,allocate_basinvariables,
./models/07_hype_5_32_0_src/data.f90,load_basindata,SUBROUTINE,2366,read_and_calc_basindata,
./models/07_hype_5_32_0_src/data.f90,load_basindata,SUBROUTINE,2366,load_management_data,
./models/07_hype_5_32_0_src/data.f90,load_basindata,SUBROUTINE,2366,load_forcing_information_data,
./models/07_hype_5_32_0_src/data.f90,load_basindata,SUBROUTINE,2366,load_lakedata,
./models/07_hype_5_32_0_src/data.f90,load_basindata,SUBROUTINE,2366,load_damdata,
./models/07_hype_5_32_0_src/data.f90,load_basindata,SUBROUTINE,2366,load_flooddata,
./models/07_hype_5_32_0_src/data.f90,load_basindata,SUBROUTINE,2366,load_rrcurvedata,
./models/07_hype_5_32_0_src/data.f90,load_basindata,SUBROUTINE,2366,load_diffuse_sources_file,
./models/07_hype_5_32_0_src/data.f90,load_basindata,SUBROUTINE,2366,load_deposition,
./models/07_hype_5_32_0_src/data.f90,get_current_soilleakage,SUBROUTINE,8769,read_one_year_monthly_leakage,
./models/07_hype_5_32_0_src/data.f90,get_current_soilleakage,SUBROUTINE,8769,read_one_year_monthly_leakage,
./models/07_hype_5_32_0_src/data.f90,get_current_soilleakage,SUBROUTINE,8769,read_one_year_monthly_leakage,
./models/07_hype_5_32_0_src/data.f90,get_current_forcing,SUBROUTINE,1463,load_one_current_date_netcdf,
./models/07_hype_5_32_0_src/data.f90,calculate_path,SUBROUTINE,9886,find_connected_lakebasins,
./models/07_hype_5_32_0_src/data.f90,calculate_path,SUBROUTINE,9886,find_connected_lakebasins,
./models/07_hype_5_32_0_src/data.f90,close_observations,SUBROUTINE,1384,close_netcdf_file,
./models/07_hype_5_32_0_src/data.f90,close_observations,SUBROUTINE,1384,close_netcdf_file,
./models/07_hype_5_32_0_src/data.f90,close_observations,SUBROUTINE,1384,close_modeldefined_observations,
./models/07_hype_5_32_0_src/data.f90,reset_observations,SUBROUTINE,1276,close_observations,
./models/07_hype_5_32_0_src/data.f90,reset_observations,SUBROUTINE,1276,prepare_read_matrix,
./models/07_hype_5_32_0_src/data.f90,reset_observations,SUBROUTINE,1276,prepare_read_matrix,
./models/07_hype_5_32_0_src/data.f90,reset_observations,SUBROUTINE,1276,prepare_read_matrix,
./models/07_hype_5_32_0_src/data.f90,reset_observations,SUBROUTINE,1276,prepare_read_matrix,
./models/07_hype_5_32_0_src/data.f90,reset_observations,SUBROUTINE,1276,prepare_read_matrix,
./models/07_hype_5_32_0_src/data.f90,reset_observations,SUBROUTINE,1276,reload_modeldefined_observations,
./models/07_hype_5_32_0_src/data.f90,reset_observations,SUBROUTINE,1276,prepare_read_matrix,
./models/07_hype_5_32_0_src/data.f90,reset_observations,SUBROUTINE,1276,prepare_read_matrix,
./models/07_hype_5_32_0_src/data.f90,reset_observations,SUBROUTINE,1276,prepare_read_matrix,
./models/07_hype_5_32_0_src/data.f90,read_one_year_monthly_leakage,SUBROUTINE,9074,count_data_comment_and_cols,
./models/07_hype_5_32_0_src/data.f90,read_one_year_monthly_leakage,SUBROUTINE,9074,string_convert_to_datetype,
./models/07_hype_5_32_0_src/data.f90,read_one_year_monthly_leakage,SUBROUTINE,9074,find_reorder_index,
./models/07_hype_5_32_0_src/data.f90,load_netcdf_observations,SUBROUTINE,361,get_seq_filename,
./models/07_hype_5_32_0_src/data.f90,load_netcdf_observations,SUBROUTINE,361,load_one_netcdf_forcing_variable,
./models/07_hype_5_32_0_src/data.f90,load_netcdf_observations,SUBROUTINE,361,get_id_of_netcdf_variable,
./models/07_hype_5_32_0_src/data.f90,load_netcdf_observations,SUBROUTINE,361,load_netcdf_dates_of_forcing_variable,
./models/07_hype_5_32_0_src/data.f90,set_model_base_configuration,SUBROUTINE,3217,load_modeldefined_input,
./models/07_hype_5_32_0_src/data.f90,set_model_base_configuration,SUBROUTINE,3217,get_special_model_parameters,
./models/07_hype_5_32_0_src/data.f90,set_model_base_configuration,SUBROUTINE,3217,read_parameter_ensemble_task,
./models/07_hype_5_32_0_src/data.f90,set_model_base_configuration,SUBROUTINE,3217,calculate_special_optpar_parameters,
./models/07_hype_5_32_0_src/data.f90,set_model_base_configuration,SUBROUTINE,3217,count_parfile_simulations,
./models/07_hype_5_32_0_src/data.f90,set_model_base_configuration,SUBROUTINE,3217,calculate_special_partxt_parameters,
./models/07_hype_5_32_0_src/data.f90,set_model_base_configuration,SUBROUTINE,3217,calculate_special_model_parameters,
./models/07_hype_5_32_0_src/data.f90,set_model_base_configuration,SUBROUTINE,3217,propagate_external_msg,
./models/07_hype_5_32_0_src/data.f90,read_seasonal_leakage,SUBROUTINE,8933,propagate_external_msg,
./models/07_hype_5_32_0_src/data.f90,read_seasonal_leakage,SUBROUTINE,8933,count_data_comment_and_cols,
./models/07_hype_5_32_0_src/data.f90,read_seasonal_leakage,SUBROUTINE,8933,propagate_external_msg,
./models/07_hype_5_32_0_src/data.f90,read_seasonal_leakage,SUBROUTINE,8933,find_reorder_index,
./models/07_hype_5_32_0_src/data.f90,calculate_special_optpar_parameters,SUBROUTINE,14650,read_parameterline,
./models/07_hype_5_32_0_src/data.f90,load_ascii_forcing,SUBROUTINE,185,get_seq_filename,
./models/07_hype_5_32_0_src/data.f90,load_ascii_forcing,SUBROUTINE,185,load_one_forcing_variabel,
./models/07_hype_5_32_0_src/data.f90,count_classdata,SUBROUTINE,2793,count_data_rows,
./models/07_hype_5_32_0_src/data.f90,count_classdata,SUBROUTINE,2793,read_column_headings2,
./models/07_hype_5_32_0_src/data.f90,get_hyss_arguments,SUBROUTINE,10845,read_next_codestr_on_line,
./models/07_hype_5_32_0_src/data.f90,get_hyss_arguments,SUBROUTINE,10845,read_next_codestr_on_line,
./models/07_hype_5_32_0_src/data.f90,get_hyss_arguments,SUBROUTINE,10845,read_next_codestr_on_line,
./models/07_hype_5_32_0_src/data.f90,load_one_forcing_variabel,SUBROUTINE,252,count_comment_rows,
./models/07_hype_5_32_0_src/data.f90,load_one_forcing_variabel,SUBROUTINE,252,check_file_station_id_order,
./models/07_hype_5_32_0_src/data.f90,load_one_forcing_variabel,SUBROUTINE,252,check_obs_timeperiod,
./models/07_hype_5_32_0_src/data.f90,load_one_forcing_variabel,SUBROUTINE,252,get_fileunit,
./models/07_hype_5_32_0_src/data.f90,load_one_forcing_variabel,SUBROUTINE,252,prepare_read_matrix,
./models/07_hype_5_32_0_src/data.f90,load_one_forcing_variabel,SUBROUTINE,252,fileunit_free,
./models/07_hype_5_32_0_src/data.f90,set_outvar_output,SUBROUTINE,13154,set_outvar_for_variable_new,
./models/07_hype_5_32_0_src/data.f90,set_outvar_output,SUBROUTINE,13154,set_outvar_for_variable_new,
./models/07_hype_5_32_0_src/data.f90,get_current_classobs,FUNCTION,1797,read_matrix_line,
./models/07_hype_5_32_0_src/data.f90,get_current_classobs,FUNCTION,1797,get_one_current_observation_data_netcdf,
./models/07_hype_5_32_0_src/data.f90,load_geoclass,SUBROUTINE,3125,read_geoclass,
./models/07_hype_5_32_0_src/data.f90,load_geoclass,SUBROUTINE,3125,set_soildepth_classdata,
./models/07_hype_5_32_0_src/data.f90,load_geoclass,SUBROUTINE,3125,set_class_current_soildepth,
./models/07_hype_5_32_0_src/data.f90,load_geoclass,SUBROUTINE,3125,set_coded_classes,
./models/07_hype_5_32_0_src/data.f90,load_otest,SUBROUTINE,13960,read_parameterline,
./models/07_hype_5_32_0_src/data.f90,load_otest,SUBROUTINE,13960,allocate_outvar_test,
./models/07_hype_5_32_0_src/data.f90,load_otest,SUBROUTINE,13960,read_parameterline,
./models/07_hype_5_32_0_src/data.f90,load_otest,SUBROUTINE,13960,propagate_external_msg,
./models/07_hype_5_32_0_src/data.f90,calculate_special_partxt_parameters,SUBROUTINE,14757,add_number_to_filename,
./models/07_hype_5_32_0_src/data.f90,calculate_special_partxt_parameters,SUBROUTINE,14757,read_parameterline,
./models/07_hype_5_32_0_src/data.f90,get_current_otherobs,FUNCTION,1691,read_matrix_line,
./models/07_hype_5_32_0_src/data.f90,get_current_otherobs,FUNCTION,1691,get_one_current_observation_data_netcdf,
./models/07_hype_5_32_0_src/data.f90,get_current_oregobs,FUNCTION,1744,read_matrix_line,
./models/07_hype_5_32_0_src/data.f90,get_current_oregobs,FUNCTION,1744,get_one_current_observation_data_netcdf,
./models/07_hype_5_32_0_src/data.f90,load_observations,SUBROUTINE,149,load_ascii_forcing,
./models/07_hype_5_32_0_src/data.f90,load_observations,SUBROUTINE,149,load_ascii_qx_observations,
./models/07_hype_5_32_0_src/data.f90,load_observations,SUBROUTINE,149,load_netcdf_observations,
./models/07_hype_5_32_0_src/data.f90,load_observations,SUBROUTINE,149,load_netcdf_qx_observations,
./models/07_hype_5_32_0_src/data.f90,get_current_flow,FUNCTION,1572,read_matrix_line,
./models/07_hype_5_32_0_src/data.f90,get_current_flow,FUNCTION,1572,get_one_current_observation_data_netcdf,
./models/07_hype_5_32_0_src/data.f90,find_connected_lakebasins,SUBROUTINE,3629,find_lbtype,
./models/07_hype_5_32_0_src/data.f90,load_diffuse_sources_file,SUBROUTINE,6598,count_data_comment_cols_and_rows,
./models/07_hype_5_32_0_src/data.f90,load_diffuse_sources_file,SUBROUTINE,6598,read_diffuse_sources_file,
./models/07_hype_5_32_0_src/data.f90,initiate_output_routines,SUBROUTINE,14831,set_accload_to_zero,
./models/07_hype_5_32_0_src/data.f90,count_ensemble_simulations,SUBROUTINE,14892,add_number_to_filename,
./models/07_hype_5_32_0_src/data.f90,count_ensemble_simulations,SUBROUTINE,14892,get_fileunit,
./models/07_hype_5_32_0_src/data.f90,count_ensemble_simulations,SUBROUTINE,14892,fileunit_free,
./models/07_hype_5_32_0_src/data.f90,count_ensemble_simulations,SUBROUTINE,14892,count_parfile_simulations,
./models/07_hype_5_32_0_src/data.f90,get_current_wst,FUNCTION,1620,read_matrix_line,
./models/07_hype_5_32_0_src/data.f90,reload_diffuse_sources,SUBROUTINE,6650,format_date,
./models/07_hype_5_32_0_src/data.f90,reload_diffuse_sources,SUBROUTINE,6650,count_data_comment_cols_and_rows,
./models/07_hype_5_32_0_src/data.f90,reload_diffuse_sources,SUBROUTINE,6650,read_diffuse_sources_file,
./models/07_hype_5_32_0_src/data.f90,reload_diffuse_sources,SUBROUTINE,6650,format_date,
./models/07_hype_5_32_0_src/data.f90,find_seasonal_division_of_leakage,SUBROUTINE,8875,propagate_external_msg,
./models/07_hype_5_32_0_src/data.f90,find_seasonal_division_of_leakage,SUBROUTINE,8875,count_data_comment_and_cols,
./models/07_hype_5_32_0_src/data.f90,find_seasonal_division_of_leakage,SUBROUTINE,8875,propagate_external_msg,
./models/07_hype_5_32_0_src/data.f90,load_forcing_information_data,SUBROUTINE,9378,load_forcing_information_data_from_txt_file,
./models/07_hype_5_32_0_src/data.f90,set_yesno_variable_from_line,SUBROUTINE,13009,read_next_codestr_on_line,
./models/07_hype_5_32_0_src/data.f90,set_outvar_crit,SUBROUTINE,13216,set_outvar_for_variable_new,
./models/07_hype_5_32_0_src/data.f90,set_outvar_crit,SUBROUTINE,13216,set_outvar_for_variable_new,
./models/07_hype_5_32_0_src/data.f90,set_outvar_crit,SUBROUTINE,13216,set_outvar_for_variable_new,
./models/07_hype_5_32_0_src/data.f90,set_outvar_crit,SUBROUTINE,13216,set_outvar_for_variable_new,
./models/07_hype_5_32_0_src/data.f90,count_parfile_simulations,SUBROUTINE,14961,add_number_to_filename,
./models/07_hype_5_32_0_src/data.f90,count_parfile_simulations,SUBROUTINE,14961,add_number_to_filename,
./models/07_hype_5_32_0_src/data.f90,get_one_current_forcing_data,SUBROUTINE,1535,read_matrix_line,
./models/07_hype_5_32_0_src/data.f90,set_outvar,SUBROUTINE,13127,set_outvar_output,
./models/07_hype_5_32_0_src/data.f90,set_outvar,SUBROUTINE,13127,set_outvar_crit,
./models/07_hype_5_32_0_src/data.f90,load_ensemble_simulations,SUBROUTINE,14999,read_simulation_perf_and_par,
./models/07_hype_5_32_0_src/data.f90,finish_atmdep_file_deposition,SUBROUTINE,7349,model_specified_atmospheric_deposition,
./models/07_hype_5_32_0_src/data.f90,read_first_monthly_leakage,SUBROUTINE,9031,read_one_year_monthly_leakage,
./models/07_hype_5_32_0_src/data.f90,initiate_model_parameters,SUBROUTINE,3388,allocate_modelparameters,
./models/07_hype_5_32_0_src/data.f90,initiate_model_parameters,SUBROUTINE,3388,set_parameters_region_division,
./models/07_hype_5_32_0_src/glacier_soilmodel.f90,soilmodel_3,SUBROUTINE,112,add_dry_deposition_to_landclass,
./models/07_hype_5_32_0_src/glacier_soilmodel.f90,soilmodel_3,SUBROUTINE,112,calculate_rain_snow_from_precipitation,
./models/07_hype_5_32_0_src/glacier_soilmodel.f90,soilmodel_3,SUBROUTINE,112,calculate_potential_evaporation,
./models/07_hype_5_32_0_src/glacier_soilmodel.f90,soilmodel_3,SUBROUTINE,112,calculate_snow,
./models/07_hype_5_32_0_src/glacier_soilmodel.f90,soilmodel_3,SUBROUTINE,112,calculate_glacier_melt,
./models/07_hype_5_32_0_src/glacier_soilmodel.f90,soilmodel_3,SUBROUTINE,112,calculate_soiltemp,
./models/07_hype_5_32_0_src/glacier_soilmodel.f90,soilmodel_3,SUBROUTINE,112,calculate_frostdepth,
./models/07_hype_5_32_0_src/glacier_soilmodel.f90,soilmodel_3,SUBROUTINE,112,calculate_frostdepth,
./models/07_hype_5_32_0_src/glacier_soilmodel.f90,soilmodel_3,SUBROUTINE,112,calculate_frostdepth,
./models/07_hype_5_32_0_src/glacier_soilmodel.f90,soilmodel_3,SUBROUTINE,112,calculate_infiltration_flow_diversion,
./models/07_hype_5_32_0_src/glacier_soilmodel.f90,soilmodel_3,SUBROUTINE,112,add_infiltration,
./models/07_hype_5_32_0_src/glacier_soilmodel.f90,soilmodel_3,SUBROUTINE,112,percolation,
./models/07_hype_5_32_0_src/glacier_soilmodel.f90,soilmodel_3,SUBROUTINE,112,calculate_actual_soil_evapotranspiration,
./models/07_hype_5_32_0_src/glacier_soilmodel.f90,soilmodel_3,SUBROUTINE,112,calculate_soil_runoff,
./models/07_hype_5_32_0_src/glacier_soilmodel.f90,soilmodel_3,SUBROUTINE,112,calculate_tile_drainage,
./models/07_hype_5_32_0_src/glacier_soilmodel.f90,soilmodel_3,SUBROUTINE,112,add_local_diffuse_source_to_soil,
./models/07_hype_5_32_0_src/glacier_soilmodel.f90,soilmodel_3,SUBROUTINE,112,calculate_infiltration_flow_diversion,
./models/07_hype_5_32_0_src/glacier_soilmodel.f90,soilmodel_3,SUBROUTINE,112,add_infiltration,
./models/07_hype_5_32_0_src/glacier_soilmodel.f90,soilmodel_3,SUBROUTINE,112,percolation,
./models/07_hype_5_32_0_src/glacier_soilmodel.f90,soilmodel_3,SUBROUTINE,112,calculate_surface_runoff,
./models/07_hype_5_32_0_src/glacier_soilmodel.f90,soilmodel_3,SUBROUTINE,112,particle_processes_for_runoff,
./models/07_hype_5_32_0_src/glacier_soilmodel.f90,soilmodel_3,SUBROUTINE,112,carbon_runoff_delay,
./models/07_hype_5_32_0_src/glacier_soilmodel.f90,soilmodel_3,SUBROUTINE,112,add_macropore_flow,
./models/07_hype_5_32_0_src/glacier_soilmodel.f90,soilmodel_3,SUBROUTINE,112,percolation,
./models/07_hype_5_32_0_src/glacier_soilmodel.f90,soilmodel_3,SUBROUTINE,112,calculate_groundwater_table,
./models/07_hype_5_32_0_src/glacier_soilmodel.f90,soilmodel_3,SUBROUTINE,112,calculate_soil_moisture_deficit,
./models/07_hype_5_32_0_src/glacier_soilmodel.f90,soilmodel_3,SUBROUTINE,112,calculate_plant,
./models/07_hype_5_32_0_src/glacier_soilmodel.f90,soilmodel_3,SUBROUTINE,112,soil_tracer_processes,
./models/07_hype_5_32_0_src/glacier_soilmodel.f90,initiate_glacier,SUBROUTINE,550,get_glacier_parameters,
./models/07_hype_5_32_0_src/glacier_soilmodel.f90,initiate_glacier_state,SUBROUTINE,593,get_glacier_parameters,
./models/07_hype_5_32_0_src/hypetypes.f90,allocate_model_states,SUBROUTINE,1044,allocate_frozenstate_variables,
./models/07_hype_5_32_0_src/hypetypes.f90,allocate_model_states,SUBROUTINE,1044,allocate_soilstate_variables,
./models/07_hype_5_32_0_src/hypetypes.f90,allocate_model_states,SUBROUTINE,1044,allocate_aquiferstate_variables,
./models/07_hype_5_32_0_src/hypetypes.f90,allocate_model_states,SUBROUTINE,1044,allocate_riverstate_variables,
./models/07_hype_5_32_0_src/hypetypes.f90,allocate_model_states,SUBROUTINE,1044,allocate_lakestate_variables,
./models/07_hype_5_32_0_src/hypetypes.f90,allocate_model_states,SUBROUTINE,1044,allocate_miscstate_variables,
./models/07_hype_5_32_0_src/hypetypes.f90,deallocate_model_states,SUBROUTINE,1070,deallocate_frozenstate_variables,
./models/07_hype_5_32_0_src/hypetypes.f90,deallocate_model_states,SUBROUTINE,1070,deallocate_soilstate_variables,
./models/07_hype_5_32_0_src/hypetypes.f90,deallocate_model_states,SUBROUTINE,1070,deallocate_aquiferstate_variables,
./models/07_hype_5_32_0_src/hypetypes.f90,deallocate_model_states,SUBROUTINE,1070,deallocate_riverstate_variables,
./models/07_hype_5_32_0_src/hypetypes.f90,deallocate_model_states,SUBROUTINE,1070,deallocate_lakestate_variables,
./models/07_hype_5_32_0_src/hypetypes.f90,deallocate_model_states,SUBROUTINE,1070,deallocate_miscstate_variables,
./models/07_hype_5_32_0_src/hypetypes.f90,initiate_modelstate_submodel,SUBROUTINE,1092,initiate_frozenstate_submodel,
./models/07_hype_5_32_0_src/hypetypes.f90,initiate_modelstate_submodel,SUBROUTINE,1092,initiate_soilstate_submodel,
./models/07_hype_5_32_0_src/hypetypes.f90,initiate_modelstate_submodel,SUBROUTINE,1092,initiate_aquiferstate_submodel,
./models/07_hype_5_32_0_src/hypetypes.f90,initiate_modelstate_submodel,SUBROUTINE,1092,initiate_riverstate_submodel,
./models/07_hype_5_32_0_src/hypetypes.f90,initiate_modelstate_submodel,SUBROUTINE,1092,initiate_lakestate_submodel,
./models/07_hype_5_32_0_src/hypetypes.f90,initiate_modelstate_submodel,SUBROUTINE,1092,initiate_miscstate_submodel,
./models/07_hype_5_32_0_src/hypetypes.f90,initiate_state_zero,SUBROUTINE,1126,initiate_frozenstate_zero,
./models/07_hype_5_32_0_src/hypetypes.f90,initiate_state_zero,SUBROUTINE,1126,initiate_soilstate_zero,
./models/07_hype_5_32_0_src/hypetypes.f90,initiate_state_zero,SUBROUTINE,1126,initiate_aquiferstate_zero,
./models/07_hype_5_32_0_src/hypetypes.f90,initiate_state_zero,SUBROUTINE,1126,initiate_riverstate_zero,
./models/07_hype_5_32_0_src/hypetypes.f90,initiate_state_zero,SUBROUTINE,1126,initiate_lakestate_zero,
./models/07_hype_5_32_0_src/hypetypes.f90,initiate_state_zero,SUBROUTINE,1126,initiate_miscstate_zero,
./models/07_hype_5_32_0_src/hype_indata.f90,load_slc_output_for_routing_network,SUBROUTINE,1391,count_data_comment_cols_and_rows,
./models/07_hype_5_32_0_src/hype_indata.f90,load_slc_output_for_routing_network,SUBROUTINE,1391,skip_comment_rows,
./models/07_hype_5_32_0_src/hype_indata.f90,load_slc_output_for_routing_network,SUBROUTINE,1391,read_column_headings,
./models/07_hype_5_32_0_src/hype_indata.f90,load_slc_output_for_routing_network,SUBROUTINE,1391,read_basindata5,
./models/07_hype_5_32_0_src/hype_indata.f90,load_slc_output_for_routing_network,SUBROUTINE,1391,get_fileunit,
./models/07_hype_5_32_0_src/hype_indata.f90,load_slc_output_for_routing_network,SUBROUTINE,1391,count_comment_rows,
./models/07_hype_5_32_0_src/hype_indata.f90,load_slc_output_for_routing_network,SUBROUTINE,1391,check_station_txt,
./models/07_hype_5_32_0_src/hype_indata.f90,load_slc_output_for_routing_network,SUBROUTINE,1391,check_obs_timeperiod,
./models/07_hype_5_32_0_src/hype_indata.f90,load_slc_output_for_routing_network,SUBROUTINE,1391,prepare_read_matrix,
./models/07_hype_5_32_0_src/hype_indata.f90,load_xoms_files,SUBROUTINE,959,get_seq_filename,
./models/07_hype_5_32_0_src/hype_indata.f90,load_xoms_files,SUBROUTINE,959,get_fileunit,
./models/07_hype_5_32_0_src/hype_indata.f90,load_xoms_files,SUBROUTINE,959,count_comment_rows,
./models/07_hype_5_32_0_src/hype_indata.f90,load_xoms_files,SUBROUTINE,959,check_station_txt,
./models/07_hype_5_32_0_src/hype_indata.f90,load_xoms_files,SUBROUTINE,959,fileunit_free,
./models/07_hype_5_32_0_src/hype_indata.f90,load_xoms_files,SUBROUTINE,959,get_fileunit,
./models/07_hype_5_32_0_src/hype_indata.f90,load_xoms_files,SUBROUTINE,959,check_obs_timeperiod,
./models/07_hype_5_32_0_src/hype_indata.f90,load_xoms_files,SUBROUTINE,959,fileunit_free,
./models/07_hype_5_32_0_src/hype_indata.f90,load_xoms_files,SUBROUTINE,959,find_common_timeperiod,
./models/07_hype_5_32_0_src/hype_indata.f90,load_xoms_files,SUBROUTINE,959,get_fileunit,
./models/07_hype_5_32_0_src/hype_indata.f90,load_xoms_files,SUBROUTINE,959,prepare_read_matrix,
./models/07_hype_5_32_0_src/hype_indata.f90,load_regression_parameters,SUBROUTINE,1281,get_fileunit,
./models/07_hype_5_32_0_src/hype_indata.f90,load_regression_parameters,SUBROUTINE,1281,read_parameterline,
./models/07_hype_5_32_0_src/hype_indata.f90,load_regression_parameters,SUBROUTINE,1281,fileunit_free,
./models/07_hype_5_32_0_src/hype_indata.f90,load_data_for_regression_parameter_estimate,SUBROUTINE,1185,get_fileunit,
./models/07_hype_5_32_0_src/hype_indata.f90,load_data_for_regression_parameter_estimate,SUBROUTINE,1185,fileunit_free,
./models/07_hype_5_32_0_src/hype_indata.f90,load_data_for_regression_parameter_estimate,SUBROUTINE,1185,load_regression_parameters,
./models/07_hype_5_32_0_src/hype_indata.f90,reload_xoms_files,SUBROUTINE,1088,prepare_read_matrix,
./models/07_hype_5_32_0_src/hype_indata.f90,define_output_variables,SUBROUTINE,157,set_xobsoutvarindex,
./models/07_hype_5_32_0_src/hype_tests.f90,check_observations,SUBROUTINE,993,check_input,
./models/07_hype_5_32_0_src/hype_tests.f90,check_observations,SUBROUTINE,993,print_testresult_logical,
./models/07_hype_5_32_0_src/hype_tests.f90,check_observations,SUBROUTINE,993,print_test_process,
./models/07_hype_5_32_0_src/hype_tests.f90,check_observations,SUBROUTINE,993,clear_tests,
./models/07_hype_5_32_0_src/hype_tests.f90,check_observations,SUBROUTINE,993,get_seq_filename,
./models/07_hype_5_32_0_src/hype_tests.f90,check_observations,SUBROUTINE,993,add_generic_result,
./models/07_hype_5_32_0_src/hype_tests.f90,check_observations,SUBROUTINE,993,add_generic_result,
./models/07_hype_5_32_0_src/hype_tests.f90,check_observations,SUBROUTINE,993,check_input,
./models/07_hype_5_32_0_src/hype_tests.f90,check_observations,SUBROUTINE,993,count_comment_rows,
./models/07_hype_5_32_0_src/hype_tests.f90,check_observations,SUBROUTINE,993,check_file_station_id_order,
./models/07_hype_5_32_0_src/hype_tests.f90,check_observations,SUBROUTINE,993,add_generic_result,
./models/07_hype_5_32_0_src/hype_tests.f90,check_observations,SUBROUTINE,993,add_generic_result,
./models/07_hype_5_32_0_src/hype_tests.f90,check_observations,SUBROUTINE,993,check_obs_timeperiod,
./models/07_hype_5_32_0_src/hype_tests.f90,check_observations,SUBROUTINE,993,add_generic_result,
./models/07_hype_5_32_0_src/hype_tests.f90,check_observations,SUBROUTINE,993,add_generic_result,
./models/07_hype_5_32_0_src/hype_tests.f90,check_observations,SUBROUTINE,993,count_data_negative_in_file,
./models/07_hype_5_32_0_src/hype_tests.f90,check_observations,SUBROUTINE,993,count_data_missing_in_file,
./models/07_hype_5_32_0_src/hype_tests.f90,check_observations,SUBROUTINE,993,check_input,
./models/07_hype_5_32_0_src/hype_tests.f90,check_observations,SUBROUTINE,993,print_testresult_logical,
./models/07_hype_5_32_0_src/hype_tests.f90,check_observations,SUBROUTINE,993,print_test_process,
./models/07_hype_5_32_0_src/hype_tests.f90,check_observations,SUBROUTINE,993,clear_tests,
./models/07_hype_5_32_0_src/hype_tests.f90,check_observations,SUBROUTINE,993,get_seq_filename,
./models/07_hype_5_32_0_src/hype_tests.f90,check_observations,SUBROUTINE,993,add_generic_result,
./models/07_hype_5_32_0_src/hype_tests.f90,check_observations,SUBROUTINE,993,add_generic_result,
./models/07_hype_5_32_0_src/hype_tests.f90,check_observations,SUBROUTINE,993,check_input,
./models/07_hype_5_32_0_src/hype_tests.f90,check_observations,SUBROUTINE,993,open_netcdf_file_and_get_ids,
./models/07_hype_5_32_0_src/hype_tests.f90,check_observations,SUBROUTINE,993,get_netcdf_forcing_id_order,
./models/07_hype_5_32_0_src/hype_tests.f90,check_observations,SUBROUTINE,993,add_generic_result,
./models/07_hype_5_32_0_src/hype_tests.f90,check_observations,SUBROUTINE,993,check_netcdf_forcing_timeperiod,
./models/07_hype_5_32_0_src/hype_tests.f90,check_observations,SUBROUTINE,993,add_generic_result,
./models/07_hype_5_32_0_src/hype_tests.f90,check_observations,SUBROUTINE,993,add_generic_result,
./models/07_hype_5_32_0_src/hype_tests.f90,check_observations,SUBROUTINE,993,count_data_negative_in_ncfile,
./models/07_hype_5_32_0_src/hype_tests.f90,check_observations,SUBROUTINE,993,count_data_missing_in_ncfile,
./models/07_hype_5_32_0_src/hype_tests.f90,check_observations,SUBROUTINE,993,close_netcdf_file,
./models/07_hype_5_32_0_src/hype_tests.f90,check_observations,SUBROUTINE,993,check_input,
./models/07_hype_5_32_0_src/hype_tests.f90,check_observations,SUBROUTINE,993,print_testresult_logical,
./models/07_hype_5_32_0_src/hype_tests.f90,check_observations,SUBROUTINE,993,print_test_process,
./models/07_hype_5_32_0_src/hype_tests.f90,check_observations,SUBROUTINE,993,clear_tests,
./models/07_hype_5_32_0_src/hype_tests.f90,check_observations,SUBROUTINE,993,count_comment_rows,
./models/07_hype_5_32_0_src/hype_tests.f90,check_observations,SUBROUTINE,993,check_station_txt,
./models/07_hype_5_32_0_src/hype_tests.f90,check_observations,SUBROUTINE,993,add_generic_result,
./models/07_hype_5_32_0_src/hype_tests.f90,check_observations,SUBROUTINE,993,add_generic_result,
./models/07_hype_5_32_0_src/hype_tests.f90,check_observations,SUBROUTINE,993,check_obs_timeperiod,
./models/07_hype_5_32_0_src/hype_tests.f90,check_observations,SUBROUTINE,993,add_generic_result,
./models/07_hype_5_32_0_src/hype_tests.f90,check_observations,SUBROUTINE,993,add_generic_result,
./models/07_hype_5_32_0_src/hype_tests.f90,check_observations,SUBROUTINE,993,count_data_negative_in_file,
./models/07_hype_5_32_0_src/hype_tests.f90,check_observations,SUBROUTINE,993,check_input,
./models/07_hype_5_32_0_src/hype_tests.f90,check_observations,SUBROUTINE,993,print_testresult_logical,
./models/07_hype_5_32_0_src/hype_tests.f90,check_observations,SUBROUTINE,993,print_test_process,
./models/07_hype_5_32_0_src/hype_tests.f90,check_observations,SUBROUTINE,993,clear_tests,
./models/07_hype_5_32_0_src/hype_tests.f90,check_observations,SUBROUTINE,993,add_generic_result,
./models/07_hype_5_32_0_src/hype_tests.f90,check_observations,SUBROUTINE,993,add_generic_result,
./models/07_hype_5_32_0_src/hype_tests.f90,check_observations,SUBROUTINE,993,add_generic_result,
./models/07_hype_5_32_0_src/hype_tests.f90,check_observations,SUBROUTINE,993,open_netcdf_file_and_get_ids,
./models/07_hype_5_32_0_src/hype_tests.f90,check_observations,SUBROUTINE,993,add_generic_result,
./models/07_hype_5_32_0_src/hype_tests.f90,check_observations,SUBROUTINE,993,check_netcdf_station_id_order,
./models/07_hype_5_32_0_src/hype_tests.f90,check_observations,SUBROUTINE,993,add_generic_result,
./models/07_hype_5_32_0_src/hype_tests.f90,check_observations,SUBROUTINE,993,add_generic_result,
./models/07_hype_5_32_0_src/hype_tests.f90,check_observations,SUBROUTINE,993,check_netcdf_observation_timeperiod,
./models/07_hype_5_32_0_src/hype_tests.f90,check_observations,SUBROUTINE,993,add_generic_result,
./models/07_hype_5_32_0_src/hype_tests.f90,check_observations,SUBROUTINE,993,add_generic_result,
./models/07_hype_5_32_0_src/hype_tests.f90,check_observations,SUBROUTINE,993,count_data_negative_in_ncfile,
./models/07_hype_5_32_0_src/hype_tests.f90,check_observations,SUBROUTINE,993,close_netcdf_file,
./models/07_hype_5_32_0_src/hype_tests.f90,check_observations,SUBROUTINE,993,check_input,
./models/07_hype_5_32_0_src/hype_tests.f90,check_observations,SUBROUTINE,993,print_testresult_logical,
./models/07_hype_5_32_0_src/hype_tests.f90,check_observations,SUBROUTINE,993,print_test_process,
./models/07_hype_5_32_0_src/hype_tests.f90,check_observations,SUBROUTINE,993,clear_tests,
./models/07_hype_5_32_0_src/hype_tests.f90,check_observations,SUBROUTINE,993,check_station_txt,
./models/07_hype_5_32_0_src/hype_tests.f90,check_observations,SUBROUTINE,993,add_generic_result,
./models/07_hype_5_32_0_src/hype_tests.f90,check_observations,SUBROUTINE,993,add_generic_result,
./models/07_hype_5_32_0_src/hype_tests.f90,check_observations,SUBROUTINE,993,check_obs_timeperiod,
./models/07_hype_5_32_0_src/hype_tests.f90,check_observations,SUBROUTINE,993,add_generic_result,
./models/07_hype_5_32_0_src/hype_tests.f90,check_observations,SUBROUTINE,993,add_generic_result,
./models/07_hype_5_32_0_src/hype_tests.f90,check_observations,SUBROUTINE,993,print_testresult_logical,
./models/07_hype_5_32_0_src/hype_tests.f90,check_observations,SUBROUTINE,993,print_test_process,
./models/07_hype_5_32_0_src/hype_tests.f90,check_observations,SUBROUTINE,993,clear_tests,
./models/07_hype_5_32_0_src/hype_tests.f90,check_observations,SUBROUTINE,993,count_comment_rows,
./models/07_hype_5_32_0_src/hype_tests.f90,check_observations,SUBROUTINE,993,check_station_txt,
./models/07_hype_5_32_0_src/hype_tests.f90,check_observations,SUBROUTINE,993,add_generic_result,
./models/07_hype_5_32_0_src/hype_tests.f90,check_observations,SUBROUTINE,993,add_generic_result,
./models/07_hype_5_32_0_src/hype_tests.f90,check_observations,SUBROUTINE,993,check_obs_timeperiod,
./models/07_hype_5_32_0_src/hype_tests.f90,check_observations,SUBROUTINE,993,add_generic_result,
./models/07_hype_5_32_0_src/hype_tests.f90,check_observations,SUBROUTINE,993,add_generic_result,
./models/07_hype_5_32_0_src/hype_tests.f90,check_observations,SUBROUTINE,993,print_testresult_logical,
./models/07_hype_5_32_0_src/hype_tests.f90,check_observations,SUBROUTINE,993,print_test_process,
./models/07_hype_5_32_0_src/hype_tests.f90,check_observations,SUBROUTINE,993,clear_tests,
./models/07_hype_5_32_0_src/hype_tests.f90,check_observations,SUBROUTINE,993,count_comment_rows,
./models/07_hype_5_32_0_src/hype_tests.f90,check_observations,SUBROUTINE,993,count_data_cols,
./models/07_hype_5_32_0_src/hype_tests.f90,check_observations,SUBROUTINE,993,check_xobs_validity,
./models/07_hype_5_32_0_src/hype_tests.f90,check_observations,SUBROUTINE,993,add_generic_result,
./models/07_hype_5_32_0_src/hype_tests.f90,check_observations,SUBROUTINE,993,add_generic_result,
./models/07_hype_5_32_0_src/hype_tests.f90,check_observations,SUBROUTINE,993,check_obs_timeperiod,
./models/07_hype_5_32_0_src/hype_tests.f90,check_observations,SUBROUTINE,993,add_generic_result,
./models/07_hype_5_32_0_src/hype_tests.f90,check_observations,SUBROUTINE,993,add_generic_result,
./models/07_hype_5_32_0_src/hype_tests.f90,check_observations,SUBROUTINE,993,print_testresult_logical,
./models/07_hype_5_32_0_src/hype_tests.f90,check_observations,SUBROUTINE,993,print_test_process,
./models/07_hype_5_32_0_src/hype_tests.f90,check_observations,SUBROUTINE,993,clear_tests,
./models/07_hype_5_32_0_src/hype_tests.f90,check_observations,SUBROUTINE,993,scalar_upper_case,
./models/07_hype_5_32_0_src/hype_tests.f90,check_observations,SUBROUTINE,993,add_generic_result,
./models/07_hype_5_32_0_src/hype_tests.f90,check_observations,SUBROUTINE,993,open_netcdf_file_and_get_ids,
./models/07_hype_5_32_0_src/hype_tests.f90,check_observations,SUBROUTINE,993,add_generic_result,
./models/07_hype_5_32_0_src/hype_tests.f90,check_observations,SUBROUTINE,993,check_netcdf_station_id_order,
./models/07_hype_5_32_0_src/hype_tests.f90,check_observations,SUBROUTINE,993,add_generic_result,
./models/07_hype_5_32_0_src/hype_tests.f90,check_observations,SUBROUTINE,993,add_generic_result,
./models/07_hype_5_32_0_src/hype_tests.f90,check_observations,SUBROUTINE,993,add_generic_result,
./models/07_hype_5_32_0_src/hype_tests.f90,check_observations,SUBROUTINE,993,check_netcdf_observation_timeperiod,
./models/07_hype_5_32_0_src/hype_tests.f90,check_observations,SUBROUTINE,993,add_generic_result,
./models/07_hype_5_32_0_src/hype_tests.f90,check_observations,SUBROUTINE,993,add_generic_result,
./models/07_hype_5_32_0_src/hype_tests.f90,check_observations,SUBROUTINE,993,close_netcdf_file,
./models/07_hype_5_32_0_src/hype_tests.f90,check_observations,SUBROUTINE,993,print_testresult_logical,
./models/07_hype_5_32_0_src/hype_tests.f90,check_observations,SUBROUTINE,993,print_test_process,
./models/07_hype_5_32_0_src/hype_tests.f90,check_observations,SUBROUTINE,993,clear_tests,
./models/07_hype_5_32_0_src/hype_tests.f90,check_siltation,SUBROUTINE,5466,print_testresult_logical,
./models/07_hype_5_32_0_src/hype_tests.f90,check_siltation,SUBROUTINE,5466,add_generic_result,
./models/07_hype_5_32_0_src/hype_tests.f90,check_siltation,SUBROUTINE,5466,add_generic_result,
./models/07_hype_5_32_0_src/hype_tests.f90,check_siltation,SUBROUTINE,5466,add_generic_result,
./models/07_hype_5_32_0_src/hype_tests.f90,check_siltation,SUBROUTINE,5466,add_generic_result,
./models/07_hype_5_32_0_src/hype_tests.f90,check_siltation,SUBROUTINE,5466,add_generic_result,
./models/07_hype_5_32_0_src/hype_tests.f90,check_siltation,SUBROUTINE,5466,add_generic_result,
./models/07_hype_5_32_0_src/hype_tests.f90,check_siltation,SUBROUTINE,5466,add_generic_result,
./models/07_hype_5_32_0_src/hype_tests.f90,check_siltation,SUBROUTINE,5466,add_generic_result,
./models/07_hype_5_32_0_src/hype_tests.f90,check_siltation,SUBROUTINE,5466,add_generic_result,
./models/07_hype_5_32_0_src/hype_tests.f90,check_siltation,SUBROUTINE,5466,add_generic_result,
./models/07_hype_5_32_0_src/hype_tests.f90,check_siltation,SUBROUTINE,5466,add_generic_result,
./models/07_hype_5_32_0_src/hype_tests.f90,check_siltation,SUBROUTINE,5466,add_generic_result,
./models/07_hype_5_32_0_src/hype_tests.f90,check_siltation,SUBROUTINE,5466,add_generic_result,
./models/07_hype_5_32_0_src/hype_tests.f90,check_siltation,SUBROUTINE,5466,add_generic_result,
./models/07_hype_5_32_0_src/hype_tests.f90,check_siltation,SUBROUTINE,5466,print_test_process,
./models/07_hype_5_32_0_src/hype_tests.f90,check_nutrient_sources,SUBROUTINE,4675,check_input,
./models/07_hype_5_32_0_src/hype_tests.f90,check_nutrient_sources,SUBROUTINE,4675,check_input,
./models/07_hype_5_32_0_src/hype_tests.f90,check_nutrient_sources,SUBROUTINE,4675,check_input,
./models/07_hype_5_32_0_src/hype_tests.f90,check_nutrient_sources,SUBROUTINE,4675,check_input,
./models/07_hype_5_32_0_src/hype_tests.f90,check_nutrient_sources,SUBROUTINE,4675,check_input,
./models/07_hype_5_32_0_src/hype_tests.f90,check_nutrient_sources,SUBROUTINE,4675,check_input,
./models/07_hype_5_32_0_src/hype_tests.f90,check_nutrient_sources,SUBROUTINE,4675,check_input,
./models/07_hype_5_32_0_src/hype_tests.f90,check_nutrient_sources,SUBROUTINE,4675,check_input,
./models/07_hype_5_32_0_src/hype_tests.f90,check_nutrient_sources,SUBROUTINE,4675,check_input,
./models/07_hype_5_32_0_src/hype_tests.f90,check_nutrient_sources,SUBROUTINE,4675,check_input,
./models/07_hype_5_32_0_src/hype_tests.f90,check_nutrient_sources,SUBROUTINE,4675,check_input,
./models/07_hype_5_32_0_src/hype_tests.f90,check_nutrient_sources,SUBROUTINE,4675,check_input,
./models/07_hype_5_32_0_src/hype_tests.f90,check_nutrient_sources,SUBROUTINE,4675,check_input,
./models/07_hype_5_32_0_src/hype_tests.f90,check_nutrient_sources,SUBROUTINE,4675,check_input,
./models/07_hype_5_32_0_src/hype_tests.f90,check_nutrient_sources,SUBROUTINE,4675,check_input,
./models/07_hype_5_32_0_src/hype_tests.f90,check_nutrient_sources,SUBROUTINE,4675,check_input,
./models/07_hype_5_32_0_src/hype_tests.f90,check_nutrient_sources,SUBROUTINE,4675,check_param,
./models/07_hype_5_32_0_src/hype_tests.f90,check_nutrient_sources,SUBROUTINE,4675,print_testresult_logical,
./models/07_hype_5_32_0_src/hype_tests.f90,check_nutrient_sources,SUBROUTINE,4675,print_testresult_logical,
./models/07_hype_5_32_0_src/hype_tests.f90,check_nutrient_sources,SUBROUTINE,4675,check_input,
./models/07_hype_5_32_0_src/hype_tests.f90,check_nutrient_sources,SUBROUTINE,4675,check_input,
./models/07_hype_5_32_0_src/hype_tests.f90,check_nutrient_sources,SUBROUTINE,4675,check_input,
./models/07_hype_5_32_0_src/hype_tests.f90,check_nutrient_sources,SUBROUTINE,4675,print_testresult_logical,
./models/07_hype_5_32_0_src/hype_tests.f90,check_nutrient_sources,SUBROUTINE,4675,print_testresult_logical,
./models/07_hype_5_32_0_src/hype_tests.f90,check_nutrient_sources,SUBROUTINE,4675,print_testresult_logical,
./models/07_hype_5_32_0_src/hype_tests.f90,check_nutrient_sources,SUBROUTINE,4675,check_input,
./models/07_hype_5_32_0_src/hype_tests.f90,check_nutrient_sources,SUBROUTINE,4675,calculate_landarea,
./models/07_hype_5_32_0_src/hype_tests.f90,check_nutrient_sources,SUBROUTINE,4675,add_generic_result,
./models/07_hype_5_32_0_src/hype_tests.f90,check_nutrient_sources,SUBROUTINE,4675,add_generic_result,
./models/07_hype_5_32_0_src/hype_tests.f90,check_nutrient_sources,SUBROUTINE,4675,add_generic_result,
./models/07_hype_5_32_0_src/hype_tests.f90,check_nutrient_sources,SUBROUTINE,4675,add_generic_result,
./models/07_hype_5_32_0_src/hype_tests.f90,check_nutrient_sources,SUBROUTINE,4675,print_testresult_logical,
./models/07_hype_5_32_0_src/hype_tests.f90,check_nutrient_sources,SUBROUTINE,4675,print_testresult_logical,
./models/07_hype_5_32_0_src/hype_tests.f90,check_nutrient_sources,SUBROUTINE,4675,print_test_process,
./models/07_hype_5_32_0_src/hype_tests.f90,check_soil_leakage_as_input,SUBROUTINE,5282,check_input,
./models/07_hype_5_32_0_src/hype_tests.f90,check_soil_leakage_as_input,SUBROUTINE,5282,add_generic_result,
./models/07_hype_5_32_0_src/hype_tests.f90,check_soil_leakage_as_input,SUBROUTINE,5282,print_testresult_logical,
./models/07_hype_5_32_0_src/hype_tests.f90,check_soil_leakage_as_input,SUBROUTINE,5282,print_test_process,
./models/07_hype_5_32_0_src/hype_tests.f90,check_soil_leakage_as_input,SUBROUTINE,5282,check_input,
./models/07_hype_5_32_0_src/hype_tests.f90,check_soil_leakage_as_input,SUBROUTINE,5282,add_generic_result,
./models/07_hype_5_32_0_src/hype_tests.f90,check_soil_leakage_as_input,SUBROUTINE,5282,print_testresult_logical,
./models/07_hype_5_32_0_src/hype_tests.f90,check_soil_leakage_as_input,SUBROUTINE,5282,print_test_process,
./models/07_hype_5_32_0_src/hype_tests.f90,check_soil_leakage_as_input,SUBROUTINE,5282,check_input,
./models/07_hype_5_32_0_src/hype_tests.f90,check_soil_leakage_as_input,SUBROUTINE,5282,check_input,
./models/07_hype_5_32_0_src/hype_tests.f90,check_soil_leakage_as_input,SUBROUTINE,5282,add_generic_result,
./models/07_hype_5_32_0_src/hype_tests.f90,check_soil_leakage_as_input,SUBROUTINE,5282,print_testresult_logical,
./models/07_hype_5_32_0_src/hype_tests.f90,check_soil_leakage_as_input,SUBROUTINE,5282,print_test_process,
./models/07_hype_5_32_0_src/hype_tests.f90,check_soil_leakage_as_input,SUBROUTINE,5282,check_input,
./models/07_hype_5_32_0_src/hype_tests.f90,check_soil_leakage_as_input,SUBROUTINE,5282,check_input,
./models/07_hype_5_32_0_src/hype_tests.f90,check_soil_leakage_as_input,SUBROUTINE,5282,add_generic_result,
./models/07_hype_5_32_0_src/hype_tests.f90,check_soil_leakage_as_input,SUBROUTINE,5282,print_testresult_logical,
./models/07_hype_5_32_0_src/hype_tests.f90,check_soil_leakage_as_input,SUBROUTINE,5282,print_testresult_logical,
./models/07_hype_5_32_0_src/hype_tests.f90,check_soil_leakage_as_input,SUBROUTINE,5282,print_test_process,
./models/07_hype_5_32_0_src/hype_tests.f90,check_info_generic,SUBROUTINE,1681,add_generic_result,
./models/07_hype_5_32_0_src/hype_tests.f90,check_info_generic,SUBROUTINE,1681,add_generic_result,
./models/07_hype_5_32_0_src/hype_tests.f90,check_info_generic,SUBROUTINE,1681,add_generic_result,
./models/07_hype_5_32_0_src/hype_tests.f90,check_info_generic,SUBROUTINE,1681,add_generic_result,
./models/07_hype_5_32_0_src/hype_tests.f90,check_info_generic,SUBROUTINE,1681,add_generic_result,
./models/07_hype_5_32_0_src/hype_tests.f90,check_info_generic,SUBROUTINE,1681,add_generic_result,
./models/07_hype_5_32_0_src/hype_tests.f90,check_info_generic,SUBROUTINE,1681,add_generic_result,
./models/07_hype_5_32_0_src/hype_tests.f90,check_info_generic,SUBROUTINE,1681,add_generic_result,
./models/07_hype_5_32_0_src/hype_tests.f90,check_info_generic,SUBROUTINE,1681,add_generic_result,
./models/07_hype_5_32_0_src/hype_tests.f90,check_info_generic,SUBROUTINE,1681,print_testresult_logical,
./models/07_hype_5_32_0_src/hype_tests.f90,check_info_generic,SUBROUTINE,1681,print_test_process,
./models/07_hype_5_32_0_src/hype_tests.f90,check_geodata_generic,SUBROUTINE,1805,add_generic_result,
./models/07_hype_5_32_0_src/hype_tests.f90,check_geodata_generic,SUBROUTINE,1805,add_generic_result,
./models/07_hype_5_32_0_src/hype_tests.f90,check_geodata_generic,SUBROUTINE,1805,add_generic_result,
./models/07_hype_5_32_0_src/hype_tests.f90,check_geodata_generic,SUBROUTINE,1805,add_generic_result,
./models/07_hype_5_32_0_src/hype_tests.f90,check_geodata_generic,SUBROUTINE,1805,add_generic_result,
./models/07_hype_5_32_0_src/hype_tests.f90,check_geodata_generic,SUBROUTINE,1805,check_input,
./models/07_hype_5_32_0_src/hype_tests.f90,check_geodata_generic,SUBROUTINE,1805,add_generic_result,
./models/07_hype_5_32_0_src/hype_tests.f90,check_geodata_generic,SUBROUTINE,1805,check_input,
./models/07_hype_5_32_0_src/hype_tests.f90,check_geodata_generic,SUBROUTINE,1805,add_generic_result,
./models/07_hype_5_32_0_src/hype_tests.f90,check_geodata_generic,SUBROUTINE,1805,add_generic_result,
./models/07_hype_5_32_0_src/hype_tests.f90,check_geodata_generic,SUBROUTINE,1805,add_generic_result,
./models/07_hype_5_32_0_src/hype_tests.f90,check_geodata_generic,SUBROUTINE,1805,add_generic_result,
./models/07_hype_5_32_0_src/hype_tests.f90,check_geodata_generic,SUBROUTINE,1805,add_generic_result,
./models/07_hype_5_32_0_src/hype_tests.f90,check_geodata_generic,SUBROUTINE,1805,add_generic_result,
./models/07_hype_5_32_0_src/hype_tests.f90,check_geodata_generic,SUBROUTINE,1805,add_generic_result,
./models/07_hype_5_32_0_src/hype_tests.f90,check_geodata_generic,SUBROUTINE,1805,print_testresult_logical,
./models/07_hype_5_32_0_src/hype_tests.f90,check_geodata_generic,SUBROUTINE,1805,print_test_process,
./models/07_hype_5_32_0_src/hype_tests.f90,check_lakedata_generic,SUBROUTINE,2304,add_generic_result,
./models/07_hype_5_32_0_src/hype_tests.f90,check_lakedata_generic,SUBROUTINE,2304,add_generic_result,
./models/07_hype_5_32_0_src/hype_tests.f90,check_lakedata_generic,SUBROUTINE,2304,add_generic_result,
./models/07_hype_5_32_0_src/hype_tests.f90,check_lakedata_generic,SUBROUTINE,2304,print_testresult_logical,
./models/07_hype_5_32_0_src/hype_tests.f90,check_lakedata_generic,SUBROUTINE,2304,print_test_process,
./models/07_hype_5_32_0_src/hype_tests.f90,check_generic,SUBROUTINE,2493,add_generic_result,
./models/07_hype_5_32_0_src/hype_tests.f90,check_generic,SUBROUTINE,2493,print_testresult_logical,
./models/07_hype_5_32_0_src/hype_tests.f90,check_generic,SUBROUTINE,2493,check_param,
./models/07_hype_5_32_0_src/hype_tests.f90,check_generic,SUBROUTINE,2493,check_param,
./models/07_hype_5_32_0_src/hype_tests.f90,check_generic,SUBROUTINE,2493,add_generic_result,
./models/07_hype_5_32_0_src/hype_tests.f90,check_generic,SUBROUTINE,2493,print_testresult_logical,
./models/07_hype_5_32_0_src/hype_tests.f90,check_generic,SUBROUTINE,2493,check_param,
./models/07_hype_5_32_0_src/hype_tests.f90,check_generic,SUBROUTINE,2493,check_param,
./models/07_hype_5_32_0_src/hype_tests.f90,check_generic,SUBROUTINE,2493,check_param,
./models/07_hype_5_32_0_src/hype_tests.f90,check_generic,SUBROUTINE,2493,check_param,
./models/07_hype_5_32_0_src/hype_tests.f90,check_generic,SUBROUTINE,2493,check_param,
./models/07_hype_5_32_0_src/hype_tests.f90,check_generic,SUBROUTINE,2493,check_param,
./models/07_hype_5_32_0_src/hype_tests.f90,check_generic,SUBROUTINE,2493,check_param,
./models/07_hype_5_32_0_src/hype_tests.f90,check_generic,SUBROUTINE,2493,check_param,
./models/07_hype_5_32_0_src/hype_tests.f90,check_generic,SUBROUTINE,2493,check_param,
./models/07_hype_5_32_0_src/hype_tests.f90,check_generic,SUBROUTINE,2493,check_param,
./models/07_hype_5_32_0_src/hype_tests.f90,check_generic,SUBROUTINE,2493,check_param,
./models/07_hype_5_32_0_src/hype_tests.f90,check_generic,SUBROUTINE,2493,check_param,
./models/07_hype_5_32_0_src/hype_tests.f90,check_generic,SUBROUTINE,2493,add_generic_result,
./models/07_hype_5_32_0_src/hype_tests.f90,check_generic,SUBROUTINE,2493,add_generic_result,
./models/07_hype_5_32_0_src/hype_tests.f90,check_generic,SUBROUTINE,2493,print_testresult_logical,
./models/07_hype_5_32_0_src/hype_tests.f90,check_generic,SUBROUTINE,2493,add_generic_result,
./models/07_hype_5_32_0_src/hype_tests.f90,check_generic,SUBROUTINE,2493,print_testresult_logical,
./models/07_hype_5_32_0_src/hype_tests.f90,check_generic,SUBROUTINE,2493,add_generic_result,
./models/07_hype_5_32_0_src/hype_tests.f90,check_generic,SUBROUTINE,2493,add_generic_result,
./models/07_hype_5_32_0_src/hype_tests.f90,check_generic,SUBROUTINE,2493,print_testresult_logical,
./models/07_hype_5_32_0_src/hype_tests.f90,check_generic,SUBROUTINE,2493,check_param,
./models/07_hype_5_32_0_src/hype_tests.f90,check_generic,SUBROUTINE,2493,check_param,
./models/07_hype_5_32_0_src/hype_tests.f90,check_generic,SUBROUTINE,2493,check_param,
./models/07_hype_5_32_0_src/hype_tests.f90,check_generic,SUBROUTINE,2493,check_param,
./models/07_hype_5_32_0_src/hype_tests.f90,check_generic,SUBROUTINE,2493,print_testresult_logical,
./models/07_hype_5_32_0_src/hype_tests.f90,check_generic,SUBROUTINE,2493,print_test_process,
./models/07_hype_5_32_0_src/hype_tests.f90,check_rating_curves,SUBROUTINE,4077,check_param,
./models/07_hype_5_32_0_src/hype_tests.f90,check_rating_curves,SUBROUTINE,4077,check_param,
./models/07_hype_5_32_0_src/hype_tests.f90,check_rating_curves,SUBROUTINE,4077,print_testresult_logical,
./models/07_hype_5_32_0_src/hype_tests.f90,check_rating_curves,SUBROUTINE,4077,check_param,
./models/07_hype_5_32_0_src/hype_tests.f90,check_rating_curves,SUBROUTINE,4077,check_param,
./models/07_hype_5_32_0_src/hype_tests.f90,check_rating_curves,SUBROUTINE,4077,print_testresult_logical,
./models/07_hype_5_32_0_src/hype_tests.f90,check_rating_curves,SUBROUTINE,4077,print_testresult_logical,
./models/07_hype_5_32_0_src/hype_tests.f90,check_rating_curves,SUBROUTINE,4077,print_testresult_logical,
./models/07_hype_5_32_0_src/hype_tests.f90,valid_petmodel_options,FUNCTION,2793,check_param,
./models/07_hype_5_32_0_src/hype_tests.f90,valid_petmodel_options,FUNCTION,2793,check_forcing_exist,
./models/07_hype_5_32_0_src/hype_tests.f90,valid_petmodel_options,FUNCTION,2793,check_param,
./models/07_hype_5_32_0_src/hype_tests.f90,valid_petmodel_options,FUNCTION,2793,check_forcing_exist,
./models/07_hype_5_32_0_src/hype_tests.f90,valid_petmodel_options,FUNCTION,2793,check_param,
./models/07_hype_5_32_0_src/hype_tests.f90,valid_petmodel_options,FUNCTION,2793,check_param,
./models/07_hype_5_32_0_src/hype_tests.f90,valid_petmodel_options,FUNCTION,2793,uncheck_testcase,
./models/07_hype_5_32_0_src/hype_tests.f90,valid_petmodel_options,FUNCTION,2793,uncheck_testcase,
./models/07_hype_5_32_0_src/hype_tests.f90,valid_petmodel_options,FUNCTION,2793,check_param,
./models/07_hype_5_32_0_src/hype_tests.f90,valid_petmodel_options,FUNCTION,2793,check_param,
./models/07_hype_5_32_0_src/hype_tests.f90,valid_petmodel_options,FUNCTION,2793,check_input,
./models/07_hype_5_32_0_src/hype_tests.f90,valid_petmodel_options,FUNCTION,2793,add_generic_result,
./models/07_hype_5_32_0_src/hype_tests.f90,valid_petmodel_options,FUNCTION,2793,check_forcing_exist,
./models/07_hype_5_32_0_src/hype_tests.f90,valid_petmodel_options,FUNCTION,2793,check_param,
./models/07_hype_5_32_0_src/hype_tests.f90,valid_petmodel_options,FUNCTION,2793,check_param,
./models/07_hype_5_32_0_src/hype_tests.f90,valid_petmodel_options,FUNCTION,2793,uncheck_testcase,
./models/07_hype_5_32_0_src/hype_tests.f90,valid_petmodel_options,FUNCTION,2793,uncheck_testcase,
./models/07_hype_5_32_0_src/hype_tests.f90,valid_petmodel_options,FUNCTION,2793,check_param,
./models/07_hype_5_32_0_src/hype_tests.f90,valid_petmodel_options,FUNCTION,2793,check_input,
./models/07_hype_5_32_0_src/hype_tests.f90,valid_petmodel_options,FUNCTION,2793,check_input,
./models/07_hype_5_32_0_src/hype_tests.f90,valid_petmodel_options,FUNCTION,2793,add_generic_result,
./models/07_hype_5_32_0_src/hype_tests.f90,valid_petmodel_options,FUNCTION,2793,check_forcing_exist,
./models/07_hype_5_32_0_src/hype_tests.f90,valid_petmodel_options,FUNCTION,2793,check_forcing_exist,
./models/07_hype_5_32_0_src/hype_tests.f90,valid_petmodel_options,FUNCTION,2793,check_forcing_exist,
./models/07_hype_5_32_0_src/hype_tests.f90,valid_petmodel_options,FUNCTION,2793,check_forcing_exist,
./models/07_hype_5_32_0_src/hype_tests.f90,valid_petmodel_options,FUNCTION,2793,uncheck_testcase,
./models/07_hype_5_32_0_src/hype_tests.f90,valid_petmodel_options,FUNCTION,2793,uncheck_testcase,
./models/07_hype_5_32_0_src/hype_tests.f90,valid_petmodel_options,FUNCTION,2793,uncheck_testcase,
./models/07_hype_5_32_0_src/hype_tests.f90,valid_petmodel_options,FUNCTION,2793,check_param,
./models/07_hype_5_32_0_src/hype_tests.f90,valid_petmodel_options,FUNCTION,2793,check_param,
./models/07_hype_5_32_0_src/hype_tests.f90,valid_petmodel_options,FUNCTION,2793,uncheck_testcase,
./models/07_hype_5_32_0_src/hype_tests.f90,valid_petmodel_options,FUNCTION,2793,uncheck_testcase,
./models/07_hype_5_32_0_src/hype_tests.f90,valid_petmodel_options,FUNCTION,2793,check_param,
./models/07_hype_5_32_0_src/hype_tests.f90,valid_petmodel_options,FUNCTION,2793,check_param,
./models/07_hype_5_32_0_src/hype_tests.f90,valid_petmodel_options,FUNCTION,2793,check_input,
./models/07_hype_5_32_0_src/hype_tests.f90,valid_petmodel_options,FUNCTION,2793,check_input,
./models/07_hype_5_32_0_src/hype_tests.f90,valid_petmodel_options,FUNCTION,2793,add_generic_result,
./models/07_hype_5_32_0_src/hype_tests.f90,valid_petmodel_options,FUNCTION,2793,check_forcing_exist,
./models/07_hype_5_32_0_src/hype_tests.f90,valid_petmodel_options,FUNCTION,2793,check_forcing_exist,
./models/07_hype_5_32_0_src/hype_tests.f90,valid_petmodel_options,FUNCTION,2793,check_forcing_exist,
./models/07_hype_5_32_0_src/hype_tests.f90,valid_petmodel_options,FUNCTION,2793,check_forcing_exist,
./models/07_hype_5_32_0_src/hype_tests.f90,valid_petmodel_options,FUNCTION,2793,check_forcing_exist,
./models/07_hype_5_32_0_src/hype_tests.f90,valid_petmodel_options,FUNCTION,2793,uncheck_testcase,
./models/07_hype_5_32_0_src/hype_tests.f90,valid_petmodel_options,FUNCTION,2793,uncheck_testcase,
./models/07_hype_5_32_0_src/hype_tests.f90,valid_petmodel_options,FUNCTION,2793,check_param,
./models/07_hype_5_32_0_src/hype_tests.f90,valid_petmodel_options,FUNCTION,2793,check_param,
./models/07_hype_5_32_0_src/hype_tests.f90,valid_petmodel_options,FUNCTION,2793,check_param,
./models/07_hype_5_32_0_src/hype_tests.f90,valid_petmodel_options,FUNCTION,2793,uncheck_testcase,
./models/07_hype_5_32_0_src/hype_tests.f90,valid_petmodel_options,FUNCTION,2793,uncheck_testcase,
./models/07_hype_5_32_0_src/hype_tests.f90,valid_petmodel_options,FUNCTION,2793,check_param,
./models/07_hype_5_32_0_src/hype_tests.f90,valid_petmodel_options,FUNCTION,2793,check_input,
./models/07_hype_5_32_0_src/hype_tests.f90,valid_petmodel_options,FUNCTION,2793,check_input,
./models/07_hype_5_32_0_src/hype_tests.f90,valid_petmodel_options,FUNCTION,2793,add_generic_result,
./models/07_hype_5_32_0_src/hype_tests.f90,valid_petmodel_options,FUNCTION,2793,check_forcing_exist,
./models/07_hype_5_32_0_src/hype_tests.f90,valid_petmodel_options,FUNCTION,2793,check_forcing_exist,
./models/07_hype_5_32_0_src/hype_tests.f90,valid_petmodel_options,FUNCTION,2793,check_forcing_exist,
./models/07_hype_5_32_0_src/hype_tests.f90,valid_petmodel_options,FUNCTION,2793,check_forcing_exist,
./models/07_hype_5_32_0_src/hype_tests.f90,valid_petmodel_options,FUNCTION,2793,check_forcing_exist,
./models/07_hype_5_32_0_src/hype_tests.f90,valid_petmodel_options,FUNCTION,2793,uncheck_testcase,
./models/07_hype_5_32_0_src/hype_tests.f90,valid_petmodel_options,FUNCTION,2793,uncheck_testcase,
./models/07_hype_5_32_0_src/hype_tests.f90,valid_petmodel_options,FUNCTION,2793,check_param,
./models/07_hype_5_32_0_src/hype_tests.f90,valid_petmodel_options,FUNCTION,2793,check_forcing_exist,
./models/07_hype_5_32_0_src/hype_tests.f90,valid_petmodel_options,FUNCTION,2793,check_param,
./models/07_hype_5_32_0_src/hype_tests.f90,valid_petmodel_options,FUNCTION,2793,check_param,
./models/07_hype_5_32_0_src/hype_tests.f90,valid_petmodel_options,FUNCTION,2793,check_param,
./models/07_hype_5_32_0_src/hype_tests.f90,valid_petmodel_options,FUNCTION,2793,uncheck_testcase,
./models/07_hype_5_32_0_src/hype_tests.f90,valid_petmodel_options,FUNCTION,2793,check_param,
./models/07_hype_5_32_0_src/hype_tests.f90,check_geoclass_generic,SUBROUTINE,1964,add_generic_result,
./models/07_hype_5_32_0_src/hype_tests.f90,check_geoclass_generic,SUBROUTINE,1964,check_input,
./models/07_hype_5_32_0_src/hype_tests.f90,check_geoclass_generic,SUBROUTINE,1964,check_input,
./models/07_hype_5_32_0_src/hype_tests.f90,check_geoclass_generic,SUBROUTINE,1964,add_generic_result,
./models/07_hype_5_32_0_src/hype_tests.f90,check_geoclass_generic,SUBROUTINE,1964,add_generic_result,
./models/07_hype_5_32_0_src/hype_tests.f90,check_geoclass_generic,SUBROUTINE,1964,check_input,
./models/07_hype_5_32_0_src/hype_tests.f90,check_geoclass_generic,SUBROUTINE,1964,add_generic_result,
./models/07_hype_5_32_0_src/hype_tests.f90,check_geoclass_generic,SUBROUTINE,1964,add_generic_result,
./models/07_hype_5_32_0_src/hype_tests.f90,check_geoclass_generic,SUBROUTINE,1964,print_testresult_logical,
./models/07_hype_5_32_0_src/hype_tests.f90,check_geoclass_generic,SUBROUTINE,1964,print_test_process,
./models/07_hype_5_32_0_src/hype_tests.f90,check_regvol,SUBROUTINE,4186,add_generic_result,
./models/07_hype_5_32_0_src/hype_tests.f90,check_regvol,SUBROUTINE,4186,add_generic_result,
./models/07_hype_5_32_0_src/hype_tests.f90,check_regvol,SUBROUTINE,4186,print_testresult_logical,
./models/07_hype_5_32_0_src/hype_tests.f90,check_regvol,SUBROUTINE,4186,add_generic_result,
./models/07_hype_5_32_0_src/hype_tests.f90,check_regvol,SUBROUTINE,4186,print_testresult_logical,
./models/07_hype_5_32_0_src/hype_tests.f90,check_atmospheric_deposition,SUBROUTINE,3008,check_input,
./models/07_hype_5_32_0_src/hype_tests.f90,check_atmospheric_deposition,SUBROUTINE,3008,check_input,
./models/07_hype_5_32_0_src/hype_tests.f90,check_atmospheric_deposition,SUBROUTINE,3008,add_generic_result,
./models/07_hype_5_32_0_src/hype_tests.f90,check_atmospheric_deposition,SUBROUTINE,3008,check_input,
./models/07_hype_5_32_0_src/hype_tests.f90,check_atmospheric_deposition,SUBROUTINE,3008,add_generic_result,
./models/07_hype_5_32_0_src/hype_tests.f90,check_atmospheric_deposition,SUBROUTINE,3008,check_param,
./models/07_hype_5_32_0_src/hype_tests.f90,check_atmospheric_deposition,SUBROUTINE,3008,check_param,
./models/07_hype_5_32_0_src/hype_tests.f90,check_atmospheric_deposition,SUBROUTINE,3008,check_param,
./models/07_hype_5_32_0_src/hype_tests.f90,check_atmospheric_deposition,SUBROUTINE,3008,add_generic_result,
./models/07_hype_5_32_0_src/hype_tests.f90,check_atmospheric_deposition,SUBROUTINE,3008,print_testresult_logical,
./models/07_hype_5_32_0_src/hype_tests.f90,check_atmospheric_deposition,SUBROUTINE,3008,print_test_process,
./models/07_hype_5_32_0_src/hype_tests.f90,check_nutrient_soil,SUBROUTINE,5162,check_param,
./models/07_hype_5_32_0_src/hype_tests.f90,check_nutrient_soil,SUBROUTINE,5162,check_param,
./models/07_hype_5_32_0_src/hype_tests.f90,check_nutrient_soil,SUBROUTINE,5162,check_param,
./models/07_hype_5_32_0_src/hype_tests.f90,check_nutrient_soil,SUBROUTINE,5162,check_param,
./models/07_hype_5_32_0_src/hype_tests.f90,check_nutrient_soil,SUBROUTINE,5162,check_param,
./models/07_hype_5_32_0_src/hype_tests.f90,check_nutrient_soil,SUBROUTINE,5162,check_param,
./models/07_hype_5_32_0_src/hype_tests.f90,check_nutrient_soil,SUBROUTINE,5162,check_param,
./models/07_hype_5_32_0_src/hype_tests.f90,check_nutrient_soil,SUBROUTINE,5162,check_param,
./models/07_hype_5_32_0_src/hype_tests.f90,check_nutrient_soil,SUBROUTINE,5162,check_param,
./models/07_hype_5_32_0_src/hype_tests.f90,check_nutrient_soil,SUBROUTINE,5162,check_param,
./models/07_hype_5_32_0_src/hype_tests.f90,check_nutrient_soil,SUBROUTINE,5162,check_param,
./models/07_hype_5_32_0_src/hype_tests.f90,check_nutrient_soil,SUBROUTINE,5162,check_param,
./models/07_hype_5_32_0_src/hype_tests.f90,check_nutrient_soil,SUBROUTINE,5162,check_param,
./models/07_hype_5_32_0_src/hype_tests.f90,check_nutrient_soil,SUBROUTINE,5162,check_param,
./models/07_hype_5_32_0_src/hype_tests.f90,check_nutrient_soil,SUBROUTINE,5162,print_testresult_logical,
./models/07_hype_5_32_0_src/hype_tests.f90,check_nutrient_soil,SUBROUTINE,5162,check_param,
./models/07_hype_5_32_0_src/hype_tests.f90,check_nutrient_soil,SUBROUTINE,5162,check_param,
./models/07_hype_5_32_0_src/hype_tests.f90,check_nutrient_soil,SUBROUTINE,5162,check_param,
./models/07_hype_5_32_0_src/hype_tests.f90,check_nutrient_soil,SUBROUTINE,5162,print_testresult_logical,
./models/07_hype_5_32_0_src/hype_tests.f90,check_nutrient_soil,SUBROUTINE,5162,check_param,
./models/07_hype_5_32_0_src/hype_tests.f90,check_nutrient_soil,SUBROUTINE,5162,check_param,
./models/07_hype_5_32_0_src/hype_tests.f90,check_nutrient_soil,SUBROUTINE,5162,check_param,
./models/07_hype_5_32_0_src/hype_tests.f90,check_nutrient_soil,SUBROUTINE,5162,check_param,
./models/07_hype_5_32_0_src/hype_tests.f90,check_nutrient_soil,SUBROUTINE,5162,check_param,
./models/07_hype_5_32_0_src/hype_tests.f90,check_nutrient_soil,SUBROUTINE,5162,check_param,
./models/07_hype_5_32_0_src/hype_tests.f90,check_nutrient_soil,SUBROUTINE,5162,check_param,
./models/07_hype_5_32_0_src/hype_tests.f90,check_nutrient_soil,SUBROUTINE,5162,check_param,
./models/07_hype_5_32_0_src/hype_tests.f90,check_nutrient_soil,SUBROUTINE,5162,check_param,
./models/07_hype_5_32_0_src/hype_tests.f90,check_nutrient_soil,SUBROUTINE,5162,check_param,
./models/07_hype_5_32_0_src/hype_tests.f90,check_nutrient_soil,SUBROUTINE,5162,check_param,
./models/07_hype_5_32_0_src/hype_tests.f90,check_nutrient_soil,SUBROUTINE,5162,print_testresult_logical,
./models/07_hype_5_32_0_src/hype_tests.f90,check_nutrient_soil,SUBROUTINE,5162,print_testresult_logical,
./models/07_hype_5_32_0_src/hype_tests.f90,check_nutrient_soil,SUBROUTINE,5162,check_param,
./models/07_hype_5_32_0_src/hype_tests.f90,check_nutrient_soil,SUBROUTINE,5162,check_param,
./models/07_hype_5_32_0_src/hype_tests.f90,check_nutrient_soil,SUBROUTINE,5162,check_param,
./models/07_hype_5_32_0_src/hype_tests.f90,check_nutrient_soil,SUBROUTINE,5162,print_testresult_logical,
./models/07_hype_5_32_0_src/hype_tests.f90,check_nutrient_soil,SUBROUTINE,5162,print_testresult_logical,
./models/07_hype_5_32_0_src/hype_tests.f90,check_nutrient_soil,SUBROUTINE,5162,print_test_process,
./models/07_hype_5_32_0_src/hype_tests.f90,check_river_wetlands,SUBROUTINE,4335,check_input,
./models/07_hype_5_32_0_src/hype_tests.f90,check_river_wetlands,SUBROUTINE,4335,check_input,
./models/07_hype_5_32_0_src/hype_tests.f90,check_river_wetlands,SUBROUTINE,4335,print_testresult_logical,
./models/07_hype_5_32_0_src/hype_tests.f90,check_river_wetlands,SUBROUTINE,4335,print_test_process,
./models/07_hype_5_32_0_src/hype_tests.f90,valid_lakeriverice_options,FUNCTION,3808,check_param,
./models/07_hype_5_32_0_src/hype_tests.f90,valid_lakeriverice_options,FUNCTION,3808,check_param,
./models/07_hype_5_32_0_src/hype_tests.f90,valid_lakeriverice_options,FUNCTION,3808,check_param,
./models/07_hype_5_32_0_src/hype_tests.f90,valid_lakeriverice_options,FUNCTION,3808,check_param,
./models/07_hype_5_32_0_src/hype_tests.f90,valid_lakeriverice_options,FUNCTION,3808,uncheck_testcase,
./models/07_hype_5_32_0_src/hype_tests.f90,valid_lakeriverice_options,FUNCTION,3808,uncheck_testcase,
./models/07_hype_5_32_0_src/hype_tests.f90,valid_lakeriverice_options,FUNCTION,3808,check_param,
./models/07_hype_5_32_0_src/hype_tests.f90,valid_lakeriverice_options,FUNCTION,3808,check_param,
./models/07_hype_5_32_0_src/hype_tests.f90,valid_lakeriverice_options,FUNCTION,3808,check_param,
./models/07_hype_5_32_0_src/hype_tests.f90,valid_lakeriverice_options,FUNCTION,3808,check_param,
./models/07_hype_5_32_0_src/hype_tests.f90,valid_lakeriverice_options,FUNCTION,3808,uncheck_testcase,
./models/07_hype_5_32_0_src/hype_tests.f90,valid_lakeriverice_options,FUNCTION,3808,uncheck_testcase,
./models/07_hype_5_32_0_src/hype_tests.f90,valid_lakeriverice_options,FUNCTION,3808,check_param,
./models/07_hype_5_32_0_src/hype_tests.f90,valid_lakeriverice_options,FUNCTION,3808,check_param,
./models/07_hype_5_32_0_src/hype_tests.f90,valid_lakeriverice_options,FUNCTION,3808,check_param,
./models/07_hype_5_32_0_src/hype_tests.f90,valid_lakeriverice_options,FUNCTION,3808,check_param,
./models/07_hype_5_32_0_src/hype_tests.f90,valid_lakeriverice_options,FUNCTION,3808,check_param,
./models/07_hype_5_32_0_src/hype_tests.f90,valid_lakeriverice_options,FUNCTION,3808,check_param,
./models/07_hype_5_32_0_src/hype_tests.f90,valid_lakeriverice_options,FUNCTION,3808,check_param,
./models/07_hype_5_32_0_src/hype_tests.f90,valid_lakeriverice_options,FUNCTION,3808,check_param,
./models/07_hype_5_32_0_src/hype_tests.f90,valid_lakeriverice_options,FUNCTION,3808,check_param,
./models/07_hype_5_32_0_src/hype_tests.f90,valid_lakeriverice_options,FUNCTION,3808,check_param,
./models/07_hype_5_32_0_src/hype_tests.f90,valid_lakeriverice_options,FUNCTION,3808,check_param,
./models/07_hype_5_32_0_src/hype_tests.f90,valid_lakeriverice_options,FUNCTION,3808,add_generic_result,
./models/07_hype_5_32_0_src/hype_tests.f90,valid_lakeriverice_options,FUNCTION,3808,check_param,
./models/07_hype_5_32_0_src/hype_tests.f90,valid_lakeriverice_options,FUNCTION,3808,check_param,
./models/07_hype_5_32_0_src/hype_tests.f90,valid_lakeriverice_options,FUNCTION,3808,check_param,
./models/07_hype_5_32_0_src/hype_tests.f90,valid_lakeriverice_options,FUNCTION,3808,add_generic_result,
./models/07_hype_5_32_0_src/hype_tests.f90,valid_lakeriverice_options,FUNCTION,3808,check_param,
./models/07_hype_5_32_0_src/hype_tests.f90,valid_lakeriverice_options,FUNCTION,3808,add_generic_result,
./models/07_hype_5_32_0_src/hype_tests.f90,valid_lakeriverice_options,FUNCTION,3808,add_generic_result,
./models/07_hype_5_32_0_src/hype_tests.f90,valid_lakeriverice_options,FUNCTION,3808,check_param,
./models/07_hype_5_32_0_src/hype_tests.f90,valid_lakeriverice_options,FUNCTION,3808,check_param,
./models/07_hype_5_32_0_src/hype_tests.f90,valid_lakeriverice_options,FUNCTION,3808,check_param,
./models/07_hype_5_32_0_src/hype_tests.f90,valid_lakeriverice_options,FUNCTION,3808,check_param,
./models/07_hype_5_32_0_src/hype_tests.f90,stop_simulation_and_finalize_tests,SUBROUTINE,486,check_external_tests,
./models/07_hype_5_32_0_src/hype_tests.f90,stop_simulation_and_finalize_tests,SUBROUTINE,486,finalize_hype_tests,
./models/07_hype_5_32_0_src/hype_tests.f90,check_mgmtdata_generic,SUBROUTINE,2077,add_generic_result,
./models/07_hype_5_32_0_src/hype_tests.f90,check_mgmtdata_generic,SUBROUTINE,2077,check_input,
./models/07_hype_5_32_0_src/hype_tests.f90,check_mgmtdata_generic,SUBROUTINE,2077,check_input,
./models/07_hype_5_32_0_src/hype_tests.f90,check_mgmtdata_generic,SUBROUTINE,2077,add_generic_result,
./models/07_hype_5_32_0_src/hype_tests.f90,check_mgmtdata_generic,SUBROUTINE,2077,add_generic_result,
./models/07_hype_5_32_0_src/hype_tests.f90,check_mgmtdata_generic,SUBROUTINE,2077,print_testresult_logical,
./models/07_hype_5_32_0_src/hype_tests.f90,check_mgmtdata_generic,SUBROUTINE,2077,add_generic_result,
./models/07_hype_5_32_0_src/hype_tests.f90,check_mgmtdata_generic,SUBROUTINE,2077,print_testresult_logical,
./models/07_hype_5_32_0_src/hype_tests.f90,check_mgmtdata_generic,SUBROUTINE,2077,print_test_process,
./models/07_hype_5_32_0_src/hype_tests.f90,check_damdata_generic,SUBROUTINE,2399,check_input,
./models/07_hype_5_32_0_src/hype_tests.f90,check_damdata_generic,SUBROUTINE,2399,check_input,
./models/07_hype_5_32_0_src/hype_tests.f90,check_damdata_generic,SUBROUTINE,2399,check_input,
./models/07_hype_5_32_0_src/hype_tests.f90,check_damdata_generic,SUBROUTINE,2399,add_generic_result,
./models/07_hype_5_32_0_src/hype_tests.f90,check_damdata_generic,SUBROUTINE,2399,check_input,
./models/07_hype_5_32_0_src/hype_tests.f90,check_damdata_generic,SUBROUTINE,2399,check_param,
./models/07_hype_5_32_0_src/hype_tests.f90,check_damdata_generic,SUBROUTINE,2399,add_generic_result,
./models/07_hype_5_32_0_src/hype_tests.f90,check_damdata_generic,SUBROUTINE,2399,add_generic_result,
./models/07_hype_5_32_0_src/hype_tests.f90,check_damdata_generic,SUBROUTINE,2399,print_testresult_logical,
./models/07_hype_5_32_0_src/hype_tests.f90,check_damdata_generic,SUBROUTINE,2399,print_test_process,
./models/07_hype_5_32_0_src/hype_tests.f90,check_glaciers,SUBROUTINE,3592,print_testresult_logical,
./models/07_hype_5_32_0_src/hype_tests.f90,check_glaciers,SUBROUTINE,3592,check_param,
./models/07_hype_5_32_0_src/hype_tests.f90,check_glaciers,SUBROUTINE,3592,check_param,
./models/07_hype_5_32_0_src/hype_tests.f90,check_glaciers,SUBROUTINE,3592,check_param,
./models/07_hype_5_32_0_src/hype_tests.f90,check_glaciers,SUBROUTINE,3592,check_param,
./models/07_hype_5_32_0_src/hype_tests.f90,check_glaciers,SUBROUTINE,3592,check_param,
./models/07_hype_5_32_0_src/hype_tests.f90,check_glaciers,SUBROUTINE,3592,print_testresult_logical,
./models/07_hype_5_32_0_src/hype_tests.f90,check_glaciers,SUBROUTINE,3592,print_testresult_logical,
./models/07_hype_5_32_0_src/hype_tests.f90,check_glaciers,SUBROUTINE,3592,print_test_process,
./models/07_hype_5_32_0_src/hype_tests.f90,check_valid_river_rating_curve_data,SUBROUTINE,3745,add_generic_result,
./models/07_hype_5_32_0_src/hype_tests.f90,check_valid_river_rating_curve_data,SUBROUTINE,3745,add_generic_result,
./models/07_hype_5_32_0_src/hype_tests.f90,check_valid_river_rating_curve_data,SUBROUTINE,3745,add_generic_result,
./models/07_hype_5_32_0_src/hype_tests.f90,check_valid_river_rating_curve_data,SUBROUTINE,3745,add_generic_result,
./models/07_hype_5_32_0_src/hype_tests.f90,check_valid_river_rating_curve_data,SUBROUTINE,3745,add_generic_result,
./models/07_hype_5_32_0_src/hype_tests.f90,check_output_ranges,SUBROUTINE,630,propagate_external_msg,
./models/07_hype_5_32_0_src/hype_tests.f90,check_plant_uptake,FUNCTION,5106,add_generic_result,
./models/07_hype_5_32_0_src/hype_tests.f90,check_plant_uptake,FUNCTION,5106,add_generic_result,
./models/07_hype_5_32_0_src/hype_tests.f90,check_plant_uptake,FUNCTION,5106,check_input,
./models/07_hype_5_32_0_src/hype_tests.f90,check_plant_uptake,FUNCTION,5106,check_input,
./models/07_hype_5_32_0_src/hype_tests.f90,check_plant_uptake,FUNCTION,5106,check_input,
./models/07_hype_5_32_0_src/hype_tests.f90,check_plant_uptake,FUNCTION,5106,check_input,
./models/07_hype_5_32_0_src/hype_tests.f90,check_plant_uptake,FUNCTION,5106,check_input,
./models/07_hype_5_32_0_src/hype_tests.f90,check_plant_uptake,FUNCTION,5106,check_input,
./models/07_hype_5_32_0_src/hype_tests.f90,print_test_process,SUBROUTINE,5946,print_extended,
./models/07_hype_5_32_0_src/hype_tests.f90,check_outregion_generic,SUBROUTINE,2245,add_generic_result,
./models/07_hype_5_32_0_src/hype_tests.f90,check_outregion_generic,SUBROUTINE,2245,add_generic_result,
./models/07_hype_5_32_0_src/hype_tests.f90,check_outregion_generic,SUBROUTINE,2245,print_testresult_logical,
./models/07_hype_5_32_0_src/hype_tests.f90,check_outregion_generic,SUBROUTINE,2245,print_test_process,
./models/07_hype_5_32_0_src/hype_tests.f90,check_lakes,SUBROUTINE,3927,print_testresult_logical,
./models/07_hype_5_32_0_src/hype_tests.f90,check_lakes,SUBROUTINE,3927,print_testresult_logical,
./models/07_hype_5_32_0_src/hype_tests.f90,check_lakes,SUBROUTINE,3927,add_generic_result,
./models/07_hype_5_32_0_src/hype_tests.f90,check_lakes,SUBROUTINE,3927,print_testresult_logical,
./models/07_hype_5_32_0_src/hype_tests.f90,check_lakes,SUBROUTINE,3927,print_testresult_logical,
./models/07_hype_5_32_0_src/hype_tests.f90,check_lakes,SUBROUTINE,3927,print_testresult_logical,
./models/07_hype_5_32_0_src/hype_tests.f90,check_lakes,SUBROUTINE,3927,check_rating_curves,
./models/07_hype_5_32_0_src/hype_tests.f90,check_lakes,SUBROUTINE,3927,check_regvol,
./models/07_hype_5_32_0_src/hype_tests.f90,check_lakes,SUBROUTINE,3927,print_test_process,
./models/07_hype_5_32_0_src/hype_tests.f90,check_pointsourcedata,SUBROUTINE,4462,add_generic_result,
./models/07_hype_5_32_0_src/hype_tests.f90,check_pointsourcedata,SUBROUTINE,4462,add_generic_result,
./models/07_hype_5_32_0_src/hype_tests.f90,check_pointsourcedata,SUBROUTINE,4462,add_generic_result,
./models/07_hype_5_32_0_src/hype_tests.f90,check_pointsourcedata,SUBROUTINE,4462,add_generic_result,
./models/07_hype_5_32_0_src/hype_tests.f90,check_pointsourcedata,SUBROUTINE,4462,print_testresult_logical,
./models/07_hype_5_32_0_src/hype_tests.f90,check_pointsourcedata,SUBROUTINE,4462,print_test_process,
./models/07_hype_5_32_0_src/hype_tests.f90,check_veg_soil_surface,SUBROUTINE,4850,print_testresult_logical,
./models/07_hype_5_32_0_src/hype_tests.f90,check_veg_soil_surface,SUBROUTINE,4850,print_testresult_logical,
./models/07_hype_5_32_0_src/hype_tests.f90,check_veg_soil_surface,SUBROUTINE,4850,print_testresult_logical,
./models/07_hype_5_32_0_src/hype_tests.f90,check_veg_soil_surface,SUBROUTINE,4850,print_testresult_logical,
./models/07_hype_5_32_0_src/hype_tests.f90,check_veg_soil_surface,SUBROUTINE,4850,print_testresult_logical,
./models/07_hype_5_32_0_src/hype_tests.f90,check_veg_soil_surface,SUBROUTINE,4850,print_testresult_logical,
./models/07_hype_5_32_0_src/hype_tests.f90,check_veg_soil_surface,SUBROUTINE,4850,print_test_process,
./models/07_hype_5_32_0_src/hype_tests.f90,check_param,SUBROUTINE,5664,add_testcase,
./models/07_hype_5_32_0_src/hype_tests.f90,valid_surfacerunoff_options,FUNCTION,3219,check_param,
./models/07_hype_5_32_0_src/hype_tests.f90,valid_surfacerunoff_options,FUNCTION,3219,check_param,
./models/07_hype_5_32_0_src/hype_tests.f90,valid_surfacerunoff_options,FUNCTION,3219,check_param,
./models/07_hype_5_32_0_src/hype_tests.f90,valid_surfacerunoff_options,FUNCTION,3219,check_param,
./models/07_hype_5_32_0_src/hype_tests.f90,valid_surfacerunoff_options,FUNCTION,3219,add_generic_result,
./models/07_hype_5_32_0_src/hype_tests.f90,valid_surfacerunoff_options,FUNCTION,3219,check_param,
./models/07_hype_5_32_0_src/hype_tests.f90,valid_surfacerunoff_options,FUNCTION,3219,check_param,
./models/07_hype_5_32_0_src/hype_tests.f90,valid_surfacerunoff_options,FUNCTION,3219,check_param,
./models/07_hype_5_32_0_src/hype_tests.f90,valid_surfacerunoff_options,FUNCTION,3219,check_param,
./models/07_hype_5_32_0_src/hype_tests.f90,valid_surfacerunoff_options,FUNCTION,3219,check_param,
./models/07_hype_5_32_0_src/hype_tests.f90,valid_surfacerunoff_options,FUNCTION,3219,check_param,
./models/07_hype_5_32_0_src/hype_tests.f90,valid_surfacerunoff_options,FUNCTION,3219,check_param,
./models/07_hype_5_32_0_src/hype_tests.f90,valid_surfacerunoff_options,FUNCTION,3219,check_param,
./models/07_hype_5_32_0_src/hype_tests.f90,valid_surfacerunoff_options,FUNCTION,3219,check_param,
./models/07_hype_5_32_0_src/hype_tests.f90,valid_surfacerunoff_options,FUNCTION,3219,check_param,
./models/07_hype_5_32_0_src/hype_tests.f90,valid_surfacerunoff_options,FUNCTION,3219,check_param,
./models/07_hype_5_32_0_src/hype_tests.f90,valid_surfacerunoff_options,FUNCTION,3219,check_param,
./models/07_hype_5_32_0_src/hype_tests.f90,valid_surfacerunoff_options,FUNCTION,3219,check_param,
./models/07_hype_5_32_0_src/hype_tests.f90,valid_surfacerunoff_options,FUNCTION,3219,check_param,
./models/07_hype_5_32_0_src/hype_tests.f90,check_snow,SUBROUTINE,3287,print_testresult_logical,
./models/07_hype_5_32_0_src/hype_tests.f90,check_snow,SUBROUTINE,3287,print_testresult_logical,
./models/07_hype_5_32_0_src/hype_tests.f90,check_snow,SUBROUTINE,3287,print_testresult_logical,
./models/07_hype_5_32_0_src/hype_tests.f90,check_snow,SUBROUTINE,3287,print_testresult_logical,
./models/07_hype_5_32_0_src/hype_tests.f90,check_snow,SUBROUTINE,3287,print_testresult_logical,
./models/07_hype_5_32_0_src/hype_tests.f90,check_snow,SUBROUTINE,3287,print_testresult_logical,
./models/07_hype_5_32_0_src/hype_tests.f90,check_snow,SUBROUTINE,3287,check_param,
./models/07_hype_5_32_0_src/hype_tests.f90,check_snow,SUBROUTINE,3287,print_testresult_logical,
./models/07_hype_5_32_0_src/hype_tests.f90,check_snow,SUBROUTINE,3287,print_test_process,
./models/07_hype_5_32_0_src/hype_tests.f90,check_rivers,SUBROUTINE,3677,check_param,
./models/07_hype_5_32_0_src/hype_tests.f90,check_rivers,SUBROUTINE,3677,check_param,
./models/07_hype_5_32_0_src/hype_tests.f90,check_rivers,SUBROUTINE,3677,get_regest_parameter,
./models/07_hype_5_32_0_src/hype_tests.f90,check_rivers,SUBROUTINE,3677,get_regest_parameter,
./models/07_hype_5_32_0_src/hype_tests.f90,check_rivers,SUBROUTINE,3677,check_input,
./models/07_hype_5_32_0_src/hype_tests.f90,check_rivers,SUBROUTINE,3677,check_input,
./models/07_hype_5_32_0_src/hype_tests.f90,check_rivers,SUBROUTINE,3677,print_testresult_logical,
./models/07_hype_5_32_0_src/hype_tests.f90,check_rivers,SUBROUTINE,3677,print_testresult_logical,
./models/07_hype_5_32_0_src/hype_tests.f90,check_rivers,SUBROUTINE,3677,check_param,
./models/07_hype_5_32_0_src/hype_tests.f90,check_rivers,SUBROUTINE,3677,check_param,
./models/07_hype_5_32_0_src/hype_tests.f90,check_rivers,SUBROUTINE,3677,check_param,
./models/07_hype_5_32_0_src/hype_tests.f90,check_rivers,SUBROUTINE,3677,check_param,
./models/07_hype_5_32_0_src/hype_tests.f90,check_rivers,SUBROUTINE,3677,print_testresult_logical,
./models/07_hype_5_32_0_src/hype_tests.f90,check_rivers,SUBROUTINE,3677,check_valid_river_rating_curve_data,
./models/07_hype_5_32_0_src/hype_tests.f90,check_rivers,SUBROUTINE,3677,print_testresult_logical,
./models/07_hype_5_32_0_src/hype_tests.f90,check_rivers,SUBROUTINE,3677,print_test_process,
./models/07_hype_5_32_0_src/hype_tests.f90,valid_siltation_model,FUNCTION,5590,check_param,
./models/07_hype_5_32_0_src/hype_tests.f90,valid_siltation_model,FUNCTION,5590,check_input,
./models/07_hype_5_32_0_src/hype_tests.f90,valid_siltation_model,FUNCTION,5590,check_input,
./models/07_hype_5_32_0_src/hype_tests.f90,valid_siltation_model,FUNCTION,5590,check_input,
./models/07_hype_5_32_0_src/hype_tests.f90,valid_siltation_model,FUNCTION,5590,add_generic_result,
./models/07_hype_5_32_0_src/hype_tests.f90,valid_siltation_model,FUNCTION,5590,add_generic_result,
./models/07_hype_5_32_0_src/hype_tests.f90,check_aquifers,SUBROUTINE,4562,add_generic_result,
./models/07_hype_5_32_0_src/hype_tests.f90,check_aquifers,SUBROUTINE,4562,check_input,
./models/07_hype_5_32_0_src/hype_tests.f90,check_aquifers,SUBROUTINE,4562,print_testresult_logical,
./models/07_hype_5_32_0_src/hype_tests.f90,check_aquifers,SUBROUTINE,4562,print_test_process,
./models/07_hype_5_32_0_src/hype_tests.f90,valid_deepgroundwater_options,FUNCTION,4603,check_param,
./models/07_hype_5_32_0_src/hype_tests.f90,valid_deepgroundwater_options,FUNCTION,4603,check_param,
./models/07_hype_5_32_0_src/hype_tests.f90,valid_deepgroundwater_options,FUNCTION,4603,check_param,
./models/07_hype_5_32_0_src/hype_tests.f90,valid_deepgroundwater_options,FUNCTION,4603,check_input,
./models/07_hype_5_32_0_src/hype_tests.f90,valid_deepgroundwater_options,FUNCTION,4603,check_param,
./models/07_hype_5_32_0_src/hype_tests.f90,valid_deepgroundwater_options,FUNCTION,4603,check_param,
./models/07_hype_5_32_0_src/hype_tests.f90,valid_deepgroundwater_options,FUNCTION,4603,check_param,
./models/07_hype_5_32_0_src/hype_tests.f90,valid_deepgroundwater_options,FUNCTION,4603,check_param,
./models/07_hype_5_32_0_src/hype_tests.f90,valid_deepgroundwater_options,FUNCTION,4603,check_param,
./models/07_hype_5_32_0_src/hype_tests.f90,valid_deepgroundwater_options,FUNCTION,4603,check_file_existence,
./models/07_hype_5_32_0_src/hype_tests.f90,valid_deepgroundwater_options,FUNCTION,4603,check_param,
./models/07_hype_5_32_0_src/hype_tests.f90,valid_deepgroundwater_options,FUNCTION,4603,check_param,
./models/07_hype_5_32_0_src/hype_tests.f90,valid_deepgroundwater_options,FUNCTION,4603,check_input,
./models/07_hype_5_32_0_src/hype_tests.f90,valid_deepgroundwater_options,FUNCTION,4603,check_input,
./models/07_hype_5_32_0_src/hype_tests.f90,valid_deepgroundwater_options,FUNCTION,4603,check_input,
./models/07_hype_5_32_0_src/hype_tests.f90,valid_deepgroundwater_options,FUNCTION,4603,check_input,
./models/07_hype_5_32_0_src/hype_tests.f90,valid_deepgroundwater_options,FUNCTION,4603,check_input,
./models/07_hype_5_32_0_src/hype_tests.f90,valid_deepgroundwater_options,FUNCTION,4603,check_input,
./models/07_hype_5_32_0_src/hype_tests.f90,valid_deepgroundwater_options,FUNCTION,4603,check_input,
./models/07_hype_5_32_0_src/hype_tests.f90,valid_deepgroundwater_options,FUNCTION,4603,check_input,
./models/07_hype_5_32_0_src/hype_tests.f90,check_branchdata_generic,SUBROUTINE,2203,add_generic_result,
./models/07_hype_5_32_0_src/hype_tests.f90,check_branchdata_generic,SUBROUTINE,2203,print_testresult_logical,
./models/07_hype_5_32_0_src/hype_tests.f90,check_branchdata_generic,SUBROUTINE,2203,print_test_process,
./models/07_hype_5_32_0_src/hype_tests.f90,valid_infiltration_options,FUNCTION,3172,check_param,
./models/07_hype_5_32_0_src/hype_tests.f90,valid_infiltration_options,FUNCTION,3172,add_generic_result,
./models/07_hype_5_32_0_src/hype_tests.f90,valid_infiltration_options,FUNCTION,3172,check_param,
./models/07_hype_5_32_0_src/hype_tests.f90,valid_snowmelt_options,FUNCTION,3436,check_param,
./models/07_hype_5_32_0_src/hype_tests.f90,valid_snowmelt_options,FUNCTION,3436,check_param,
./models/07_hype_5_32_0_src/hype_tests.f90,valid_snowmelt_options,FUNCTION,3436,check_param,
./models/07_hype_5_32_0_src/hype_tests.f90,valid_snowmelt_options,FUNCTION,3436,check_param,
./models/07_hype_5_32_0_src/hype_tests.f90,valid_snowmelt_options,FUNCTION,3436,check_param,
./models/07_hype_5_32_0_src/hype_tests.f90,valid_snowmelt_options,FUNCTION,3436,check_param,
./models/07_hype_5_32_0_src/hype_tests.f90,valid_snowmelt_options,FUNCTION,3436,check_param,
./models/07_hype_5_32_0_src/hype_tests.f90,valid_snowmelt_options,FUNCTION,3436,check_forcing_exist,
./models/07_hype_5_32_0_src/hype_tests.f90,valid_snowmelt_options,FUNCTION,3436,uncheck_testcase,
./models/07_hype_5_32_0_src/hype_tests.f90,valid_snowmelt_options,FUNCTION,3436,check_forcing_exist,
./models/07_hype_5_32_0_src/hype_tests.f90,valid_snowmelt_options,FUNCTION,3436,check_forcing_exist,
./models/07_hype_5_32_0_src/hype_tests.f90,valid_snowmelt_options,FUNCTION,3436,uncheck_testcase,
./models/07_hype_5_32_0_src/hype_tests.f90,valid_snowmelt_options,FUNCTION,3436,uncheck_testcase,
./models/07_hype_5_32_0_src/hype_tests.f90,valid_snowmelt_options,FUNCTION,3436,check_param,
./models/07_hype_5_32_0_src/hype_tests.f90,valid_snowmelt_options,FUNCTION,3436,check_input,
./models/07_hype_5_32_0_src/hype_tests.f90,valid_connectivity_options,FUNCTION,4023,check_input,
./models/07_hype_5_32_0_src/hype_tests.f90,valid_connectivity_options,FUNCTION,4023,check_input,
./models/07_hype_5_32_0_src/hype_tests.f90,valid_connectivity_options,FUNCTION,4023,add_generic_result,
./models/07_hype_5_32_0_src/hype_tests.f90,valid_connectivity_options,FUNCTION,4023,add_generic_result,
./models/07_hype_5_32_0_src/hype_tests.f90,valid_connectivity_options,FUNCTION,4023,check_input,
./models/07_hype_5_32_0_src/hype_tests.f90,valid_connectivity_options,FUNCTION,4023,check_input,
./models/07_hype_5_32_0_src/hype_tests.f90,valid_growthstart_options,FUNCTION,4910,check_input,
./models/07_hype_5_32_0_src/hype_tests.f90,valid_growthstart_options,FUNCTION,4910,check_file_existence,
./models/07_hype_5_32_0_src/hype_tests.f90,valid_growthstart_options,FUNCTION,4910,check_input,
./models/07_hype_5_32_0_src/hype_tests.f90,valid_growthstart_options,FUNCTION,4910,check_input,
./models/07_hype_5_32_0_src/hype_tests.f90,valid_growthstart_options,FUNCTION,4910,check_input,
./models/07_hype_5_32_0_src/hype_tests.f90,valid_growthstart_options,FUNCTION,4910,check_file_existence,
./models/07_hype_5_32_0_src/hype_tests.f90,valid_growthstart_options,FUNCTION,4910,check_input,
./models/07_hype_5_32_0_src/hype_tests.f90,valid_growthstart_options,FUNCTION,4910,check_input,
./models/07_hype_5_32_0_src/hype_tests.f90,valid_growthstart_options,FUNCTION,4910,check_input,
./models/07_hype_5_32_0_src/hype_tests.f90,valid_growthstart_options,FUNCTION,4910,add_generic_result,
./models/07_hype_5_32_0_src/hype_tests.f90,check_erosion_on,FUNCTION,5018,check_param,
./models/07_hype_5_32_0_src/hype_tests.f90,check_erosion_on,FUNCTION,5018,check_param,
./models/07_hype_5_32_0_src/hype_tests.f90,check_erosion_on,FUNCTION,5018,add_generic_result,
./models/07_hype_5_32_0_src/hype_tests.f90,check_erosion_on,FUNCTION,5018,check_param,
./models/07_hype_5_32_0_src/hype_tests.f90,check_erosion_on,FUNCTION,5018,check_param,
./models/07_hype_5_32_0_src/hype_tests.f90,check_erosion_on,FUNCTION,5018,add_generic_result,
./models/07_hype_5_32_0_src/hype_tests.f90,check_erosion_on,FUNCTION,5018,check_input,
./models/07_hype_5_32_0_src/hype_tests.f90,check_erosion_on,FUNCTION,5018,add_generic_result,
./models/07_hype_5_32_0_src/hype_tests.f90,print_extended,SUBROUTINE,6032,print_param,
./models/07_hype_5_32_0_src/hype_tests.f90,print_extended,SUBROUTINE,6032,print_input,
./models/07_hype_5_32_0_src/hype_tests.f90,print_extended,SUBROUTINE,6032,print_forcing,
./models/07_hype_5_32_0_src/hype_tests.f90,print_extended,SUBROUTINE,6032,print_generic,
./models/07_hype_5_32_0_src/hype_tests.f90,check_evaporation,SUBROUTINE,2671,log_petmodels_used,
./models/07_hype_5_32_0_src/hype_tests.f90,check_evaporation,SUBROUTINE,2671,print_testresult_logical,
./models/07_hype_5_32_0_src/hype_tests.f90,check_evaporation,SUBROUTINE,2671,print_testresult_logical,
./models/07_hype_5_32_0_src/hype_tests.f90,check_evaporation,SUBROUTINE,2671,print_test_process,
./models/07_hype_5_32_0_src/hype_tests.f90,check_soil_water,SUBROUTINE,3086,print_testresult_logical,
./models/07_hype_5_32_0_src/hype_tests.f90,check_soil_water,SUBROUTINE,3086,print_testresult_logical,
./models/07_hype_5_32_0_src/hype_tests.f90,check_soil_water,SUBROUTINE,3086,print_testresult_logical,
./models/07_hype_5_32_0_src/hype_tests.f90,check_soil_water,SUBROUTINE,3086,check_param,
./models/07_hype_5_32_0_src/hype_tests.f90,check_soil_water,SUBROUTINE,3086,check_param,
./models/07_hype_5_32_0_src/hype_tests.f90,check_soil_water,SUBROUTINE,3086,check_param,
./models/07_hype_5_32_0_src/hype_tests.f90,check_soil_water,SUBROUTINE,3086,check_param,
./models/07_hype_5_32_0_src/hype_tests.f90,check_soil_water,SUBROUTINE,3086,print_testresult_logical,
./models/07_hype_5_32_0_src/hype_tests.f90,check_soil_water,SUBROUTINE,3086,print_test_process,
./models/07_hype_5_32_0_src/hype_tests.f90,valid_snowdensity_options,FUNCTION,3528,check_param,
./models/07_hype_5_32_0_src/hype_tests.f90,valid_snowdensity_options,FUNCTION,3528,check_param,
./models/07_hype_5_32_0_src/hype_tests.f90,valid_snowdensity_options,FUNCTION,3528,check_param,
./models/07_hype_5_32_0_src/hype_tests.f90,valid_snowdensity_options,FUNCTION,3528,check_param,
./models/07_hype_5_32_0_src/hype_tests.f90,valid_snowdensity_options,FUNCTION,3528,check_param,
./models/07_hype_5_32_0_src/hype_tests.f90,valid_snowdensity_options,FUNCTION,3528,check_param,
./models/07_hype_5_32_0_src/hype_tests.f90,valid_snowdensity_options,FUNCTION,3528,check_param,
./models/07_hype_5_32_0_src/hype_tests.f90,valid_sedresusp_model,FUNCTION,5435,check_param,
./models/07_hype_5_32_0_src/hype_tests.f90,valid_sedresusp_model,FUNCTION,5435,check_param,
./models/07_hype_5_32_0_src/hype_tests.f90,valid_sedresusp_model,FUNCTION,5435,check_param,
./models/07_hype_5_32_0_src/hype_tests.f90,valid_sedresusp_model,FUNCTION,5435,check_param,
./models/07_hype_5_32_0_src/hype_tests.f90,valid_sedresusp_model,FUNCTION,5435,check_param,
./models/07_hype_5_32_0_src/hype_tests.f90,valid_sedresusp_model,FUNCTION,5435,check_param,
./models/07_hype_5_32_0_src/hype_tests.f90,valid_sedresusp_model,FUNCTION,5435,check_param,
./models/07_hype_5_32_0_src/hype_tests.f90,valid_sedresusp_model,FUNCTION,5435,check_param,
./models/07_hype_5_32_0_src/hype_tests.f90,valid_sedresusp_model,FUNCTION,5435,check_param,
./models/07_hype_5_32_0_src/hype_tests.f90,valid_sedresusp_model,FUNCTION,5435,check_param,
./models/07_hype_5_32_0_src/hype_tests.f90,finalize_hype_tests,SUBROUTINE,601,clear_tests,
./models/07_hype_5_32_0_src/hype_tests.f90,valid_snowfall_options,FUNCTION,3358,check_param,
./models/07_hype_5_32_0_src/hype_tests.f90,valid_snowfall_options,FUNCTION,3358,check_forcing_exist,
./models/07_hype_5_32_0_src/hype_tests.f90,valid_snowfalldistribution_options,FUNCTION,3386,add_generic_result,
./models/07_hype_5_32_0_src/hype_tests.f90,valid_snowfalldistribution_options,FUNCTION,3386,check_param,
./models/07_hype_5_32_0_src/hype_tests.f90,valid_snowfalldistribution_options,FUNCTION,3386,check_param,
./models/07_hype_5_32_0_src/hype_tests.f90,valid_snowfalldistribution_options,FUNCTION,3386,check_param,
./models/07_hype_5_32_0_src/hype_tests.f90,valid_snowfalldistribution_options,FUNCTION,3386,check_forcing_exist,
./models/07_hype_5_32_0_src/hype_tests.f90,valid_snowfalldistribution_options,FUNCTION,3386,check_forcing_exist,
./models/07_hype_5_32_0_src/hype_tests.f90,valid_snowfalldistribution_options,FUNCTION,3386,add_generic_result,
./models/07_hype_5_32_0_src/hype_tests.f90,valid_snowfalldistribution_options,FUNCTION,3386,add_generic_result,
./models/07_hype_5_32_0_src/hype_tests.f90,valid_snowfalldistribution_options,FUNCTION,3386,add_generic_result,
./models/07_hype_5_32_0_src/hype_tests.f90,valid_snowfalldistribution_options,FUNCTION,3386,check_param,
./models/07_hype_5_32_0_src/hype_tests.f90,valid_snowfalldistribution_options,FUNCTION,3386,check_param,
./models/07_hype_5_32_0_src/hype_tests.f90,valid_snowfalldistribution_options,FUNCTION,3386,check_param,
./models/07_hype_5_32_0_src/hype_tests.f90,valid_snowfalldistribution_options,FUNCTION,3386,check_param,
./models/07_hype_5_32_0_src/hype_tests.f90,valid_snowfalldistribution_options,FUNCTION,3386,check_forcing_exist,
./models/07_hype_5_32_0_src/hype_tests.f90,valid_snowfalldistribution_options,FUNCTION,3386,check_forcing_exist,
./models/07_hype_5_32_0_src/hype_tests.f90,valid_snowevap_options,FUNCTION,3502,check_param,
./models/07_hype_5_32_0_src/hype_tests.f90,valid_snowevap_options,FUNCTION,3502,check_param,
./models/07_hype_5_32_0_src/hype_tests.f90,valid_snowheat_options,FUNCTION,3564,check_param,
./models/07_hype_5_32_0_src/hype_tests.f90,valid_snowheat_options,FUNCTION,3564,check_param,
./models/07_hype_5_32_0_src/hype_tests.f90,check_floodplains,SUBROUTINE,4273,check_file_existence,
./models/07_hype_5_32_0_src/hype_tests.f90,check_floodplains,SUBROUTINE,4273,print_testresult_logical,
./models/07_hype_5_32_0_src/hype_tests.f90,check_floodplains,SUBROUTINE,4273,print_test_process,
./models/07_hype_5_32_0_src/hype_tests.f90,valid_floodplain_options,FUNCTION,4306,check_param,
./models/07_hype_5_32_0_src/hype_tests.f90,valid_floodplain_options,FUNCTION,4306,check_param,
./models/07_hype_5_32_0_src/hype_tests.f90,valid_floodplain_options,FUNCTION,4306,check_param,
./models/07_hype_5_32_0_src/hype_tests.f90,valid_floodplain_options,FUNCTION,4306,check_param,
./models/07_hype_5_32_0_src/hype_tests.f90,valid_erosion_options,FUNCTION,4968,check_file_existence,
./models/07_hype_5_32_0_src/hype_tests.f90,valid_erosion_options,FUNCTION,4968,check_param,
./models/07_hype_5_32_0_src/hype_tests.f90,valid_erosion_options,FUNCTION,4968,check_param,
./models/07_hype_5_32_0_src/hype_tests.f90,valid_erosion_options,FUNCTION,4968,check_param,
./models/07_hype_5_32_0_src/hype_tests.f90,valid_erosion_options,FUNCTION,4968,check_param,
./models/07_hype_5_32_0_src/hype_tests.f90,valid_erosion_options,FUNCTION,4968,check_param,
./models/07_hype_5_32_0_src/hype_tests.f90,valid_erosion_options,FUNCTION,4968,check_param,
./models/07_hype_5_32_0_src/hype_tests.f90,valid_erosion_options,FUNCTION,4968,check_input,
./models/07_hype_5_32_0_src/hype_tests.f90,valid_erosion_options,FUNCTION,4968,check_input,
./models/07_hype_5_32_0_src/hype_tests.f90,valid_erosion_options,FUNCTION,4968,check_input,
./models/07_hype_5_32_0_src/hype_tests.f90,valid_erosion_options,FUNCTION,4968,check_input,
./models/07_hype_5_32_0_src/hype_tests.f90,valid_erosion_options,FUNCTION,4968,check_param,
./models/07_hype_5_32_0_src/hype_tests.f90,valid_erosion_options,FUNCTION,4968,check_param,
./models/07_hype_5_32_0_src/hype_tests.f90,valid_erosion_options,FUNCTION,4968,check_param,
./models/07_hype_5_32_0_src/hype_tests.f90,valid_erosion_options,FUNCTION,4968,check_param,
./models/07_hype_5_32_0_src/hype_tests.f90,valid_erosion_options,FUNCTION,4968,check_param,
./models/07_hype_5_32_0_src/hype_tests.f90,valid_erosion_options,FUNCTION,4968,check_param,
./models/07_hype_5_32_0_src/hype_tests.f90,valid_erosion_options,FUNCTION,4968,check_input,
./models/07_hype_5_32_0_src/hype_tests.f90,valid_erosion_options,FUNCTION,4968,check_input,
./models/07_hype_5_32_0_src/hype_tests.f90,check_input,SUBROUTINE,5726,add_testcase,
./models/07_hype_5_32_0_src/hype_tests.f90,run_hype_observation_tests,SUBROUTINE,798,write_comment_with_metadata,
./models/07_hype_5_32_0_src/hype_tests.f90,run_hype_observation_tests,SUBROUTINE,798,write_commentline_to_file,
./models/07_hype_5_32_0_src/hype_tests.f90,run_hype_observation_tests,SUBROUTINE,798,check_observations,
./models/07_hype_5_32_0_src/hype_tests.f90,run_hype_tests,SUBROUTINE,844,check_external_tests,
./models/07_hype_5_32_0_src/hype_tests.f90,run_hype_tests,SUBROUTINE,844,check_info_generic,
./models/07_hype_5_32_0_src/hype_tests.f90,run_hype_tests,SUBROUTINE,844,check_geodata_generic,
./models/07_hype_5_32_0_src/hype_tests.f90,run_hype_tests,SUBROUTINE,844,check_geoclass_generic,
./models/07_hype_5_32_0_src/hype_tests.f90,run_hype_tests,SUBROUTINE,844,check_lakedata_generic,
./models/07_hype_5_32_0_src/hype_tests.f90,run_hype_tests,SUBROUTINE,844,check_damdata_generic,
./models/07_hype_5_32_0_src/hype_tests.f90,run_hype_tests,SUBROUTINE,844,check_mgmtdata_generic,
./models/07_hype_5_32_0_src/hype_tests.f90,run_hype_tests,SUBROUTINE,844,check_branchdata_generic,
./models/07_hype_5_32_0_src/hype_tests.f90,run_hype_tests,SUBROUTINE,844,check_outregion_generic,
./models/07_hype_5_32_0_src/hype_tests.f90,run_hype_tests,SUBROUTINE,844,check_generic,
./models/07_hype_5_32_0_src/hype_tests.f90,run_hype_tests,SUBROUTINE,844,check_evaporation,
./models/07_hype_5_32_0_src/hype_tests.f90,run_hype_tests,SUBROUTINE,844,check_atmospheric_deposition,
./models/07_hype_5_32_0_src/hype_tests.f90,run_hype_tests,SUBROUTINE,844,check_soil_water,
./models/07_hype_5_32_0_src/hype_tests.f90,run_hype_tests,SUBROUTINE,844,check_snow,
./models/07_hype_5_32_0_src/hype_tests.f90,run_hype_tests,SUBROUTINE,844,check_glaciers,
./models/07_hype_5_32_0_src/hype_tests.f90,run_hype_tests,SUBROUTINE,844,check_rivers,
./models/07_hype_5_32_0_src/hype_tests.f90,run_hype_tests,SUBROUTINE,844,check_lakes,
./models/07_hype_5_32_0_src/hype_tests.f90,run_hype_tests,SUBROUTINE,844,check_floodplains,
./models/07_hype_5_32_0_src/hype_tests.f90,run_hype_tests,SUBROUTINE,844,check_river_wetlands,
./models/07_hype_5_32_0_src/hype_tests.f90,run_hype_tests,SUBROUTINE,844,check_pointsourcedata,
./models/07_hype_5_32_0_src/hype_tests.f90,run_hype_tests,SUBROUTINE,844,check_general_deep,
./models/07_hype_5_32_0_src/hype_tests.f90,run_hype_tests,SUBROUTINE,844,check_reggrw,
./models/07_hype_5_32_0_src/hype_tests.f90,run_hype_tests,SUBROUTINE,844,check_aquifers,
./models/07_hype_5_32_0_src/hype_tests.f90,run_hype_tests,SUBROUTINE,844,check_nutrient_sources,
./models/07_hype_5_32_0_src/hype_tests.f90,run_hype_tests,SUBROUTINE,844,check_veg_soil_surface,
./models/07_hype_5_32_0_src/hype_tests.f90,run_hype_tests,SUBROUTINE,844,check_nutrient_soil,
./models/07_hype_5_32_0_src/hype_tests.f90,run_hype_tests,SUBROUTINE,844,check_soil_leakage_as_input,
./models/07_hype_5_32_0_src/hype_tests.f90,run_hype_tests,SUBROUTINE,844,check_sediment_sedresusp,
./models/07_hype_5_32_0_src/hype_tests.f90,run_hype_tests,SUBROUTINE,844,check_siltation,
./models/07_hype_5_32_0_src/hype_tests.f90,check_actual_soil_evapotranspiration,FUNCTION,2974,check_param,
./models/07_hype_5_32_0_src/hype_tests.f90,check_actual_soil_evapotranspiration,FUNCTION,2974,check_param,
./models/07_hype_5_32_0_src/hype_tests.f90,check_actual_soil_evapotranspiration,FUNCTION,2974,check_param,
./models/07_hype_5_32_0_src/hype_tests.f90,check_actual_soil_evapotranspiration,FUNCTION,2974,uncheck_testcase,
./models/07_hype_5_32_0_src/hype_tests.f90,check_actual_soil_evapotranspiration,FUNCTION,2974,check_param,
./models/07_hype_5_32_0_src/hype_tests.f90,check_actual_soil_evapotranspiration,FUNCTION,2974,check_param,
./models/07_hype_5_32_0_src/hype_tests.f90,valid_frozensoil_options,FUNCTION,3141,check_param,
./models/07_hype_5_32_0_src/hype_tests.f90,valid_frozensoil_options,FUNCTION,3141,check_param,
./models/07_hype_5_32_0_src/hype_tests.f90,valid_frozensoil_options,FUNCTION,3141,check_param,
./models/07_hype_5_32_0_src/hype_tests.f90,valid_frozensoil_options,FUNCTION,3141,check_param,
./models/07_hype_5_32_0_src/hype_tests.f90,valid_frozensoil_options,FUNCTION,3141,check_param,
./models/07_hype_5_32_0_src/hype_tests.f90,valid_frozensoil_options,FUNCTION,3141,check_param,
./models/07_hype_5_32_0_src/hype_tests.f90,valid_frozensoil_options,FUNCTION,3141,check_param,
./models/07_hype_5_32_0_src/hype_tests.f90,valid_swtemperature_options,FUNCTION,3997,check_param,
./models/07_hype_5_32_0_src/hype_tests.f90,valid_swtemperature_options,FUNCTION,3997,add_generic_result,
./models/07_hype_5_32_0_src/hype_tests.f90,check_sediment_sedresusp,SUBROUTINE,5407,print_testresult_logical,
./models/07_hype_5_32_0_src/hype_tests.f90,check_sediment_sedresusp,SUBROUTINE,5407,print_test_process,
./models/07_hype_5_32_0_src/hype_tests.f90,add_generic_result,SUBROUTINE,5803,add_testcase,
./models/07_hype_5_32_0_src/hype_tests.f90,check_general_deep,SUBROUTINE,4524,print_testresult_logical,
./models/07_hype_5_32_0_src/hype_tests.f90,check_forcing_exist,SUBROUTINE,5770,add_testcase,
./models/07_hype_5_32_0_src/hype_tests.f90,check_reggrw,SUBROUTINE,4548,print_test_process,
./models/07_hype_5_32_0_src/hype_tests.f90,check_eroded_filtering_delay,FUNCTION,5076,check_input,
./models/07_hype_5_32_0_src/hype_tests.f90,check_eroded_filtering_delay,FUNCTION,5076,check_input,
./models/07_hype_5_32_0_src/hype_tests.f90,check_eroded_filtering_delay,FUNCTION,5076,check_param,
./models/07_hype_5_32_0_src/hype_tests.f90,check_eroded_filtering_delay,FUNCTION,5076,check_param,
./models/07_hype_5_32_0_src/hype_tests.f90,check_eroded_filtering_delay,FUNCTION,5076,check_param,
./models/07_hype_5_32_0_src/hype_tests.f90,check_eroded_filtering_delay,FUNCTION,5076,check_param,
./models/07_hype_5_32_0_src/hype_tests.f90,check_eroded_filtering_delay,FUNCTION,5076,check_param,
./models/07_hype_5_32_0_src/hype_tests.f90,check_eroded_filtering_delay,FUNCTION,5076,check_param,
./models/07_hype_5_32_0_src/hype_tests.f90,check_file_existence,SUBROUTINE,5637,add_generic_result,
./models/07_hype_5_32_0_src/hype_wbout.f90,prepare_waterbalance_files,SUBROUTINE,808,get_fileunit,
./models/07_hype_5_32_0_src/hype_wbout.f90,prepare_waterbalance_files,SUBROUTINE,808,get_fileunit,
./models/07_hype_5_32_0_src/hype_wbout.f90,prepare_waterbalance_files,SUBROUTINE,808,get_fileunit,
./models/07_hype_5_32_0_src/hype_wbout.f90,prepare_waterbalance_files,SUBROUTINE,808,get_fileunit,
./models/07_hype_5_32_0_src/hype_wbout.f90,print_waterbalance_timestep,SUBROUTINE,1012,format_date,
./models/07_hype_5_32_0_src/hype_wbout.f90,print_waterbalance_timestep,SUBROUTINE,1012,format_date,
./models/07_hype_5_32_0_src/hype_wbout.f90,print_waterbalance_timestep,SUBROUTINE,1012,format_date,
./models/07_hype_5_32_0_src/hype_wbout.f90,print_waterbalance_timestep,SUBROUTINE,1012,format_date,
./models/07_hype_5_32_0_src/hype_wbout.f90,print_waterbalance_timestep,SUBROUTINE,1012,write_mathsep,
./models/07_hype_5_32_0_src/hype_wbout.f90,print_waterbalance_timestep,SUBROUTINE,1012,write_mathsep,
./models/07_hype_5_32_0_src/hype_wbout.f90,print_waterbalance_timestep,SUBROUTINE,1012,write_mathsep,
./models/07_hype_5_32_0_src/hype_wbout.f90,print_waterbalance_timestep,SUBROUTINE,1012,write_mathsep,
./models/07_hype_5_32_0_src/hype_wbout.f90,print_waterbalance_timestep,SUBROUTINE,1012,write_mathsep,
./models/07_hype_5_32_0_src/hype_wbout.f90,print_initial_waterbalance_stores,SUBROUTINE,1083,write_mathsep,
./models/07_hype_5_32_0_src/hype_wbout.f90,close_waterbalance_files,SUBROUTINE,1117,fileunit_free,
./models/07_hype_5_32_0_src/hype_wbout.f90,close_waterbalance_files,SUBROUTINE,1117,fileunit_free,
./models/07_hype_5_32_0_src/hype_wbout.f90,close_waterbalance_files,SUBROUTINE,1117,fileunit_free,
./models/07_hype_5_32_0_src/hype_wbout.f90,close_waterbalance_files,SUBROUTINE,1117,fileunit_free,
./models/07_hype_5_32_0_src/irrigation.f90,calculate_irrigation,SUBROUTINE,476,get_irrigation_parameters,
./models/07_hype_5_32_0_src/irrigation.f90,calculate_irrigation,SUBROUTINE,476,irrigation_abstraction_sink,
./models/07_hype_5_32_0_src/irrigation.f90,calculate_irrigation,SUBROUTINE,476,set_class_precipitation_concentration_and_load,
./models/07_hype_5_32_0_src/irrigation.f90,calculate_irrigation,SUBROUTINE,476,set_class_precipitation_concentration_and_load,
./models/07_hype_5_32_0_src/irrigation.f90,calculate_irrigation,SUBROUTINE,476,set_class_precipitation_concentration_and_load,
./models/07_hype_5_32_0_src/irrigation.f90,calculate_irrigation,SUBROUTINE,476,set_evaporation_concentrations,
./models/07_hype_5_32_0_src/irrigation.f90,calculate_irrigation,SUBROUTINE,476,remove_water_of_set_concentration,
./models/07_hype_5_32_0_src/irrigation.f90,calculate_irrigation,SUBROUTINE,476,irrigation_abstraction_sink,
./models/07_hype_5_32_0_src/irrigation.f90,calculate_irrigation,SUBROUTINE,476,set_class_precipitation_concentration_and_load,
./models/07_hype_5_32_0_src/irrigation.f90,calculate_irrigation,SUBROUTINE,476,set_class_precipitation_concentration_and_load,
./models/07_hype_5_32_0_src/irrigation.f90,calculate_irrigation,SUBROUTINE,476,set_class_precipitation_concentration_and_load,
./models/07_hype_5_32_0_src/irrigation.f90,calculate_irrigation,SUBROUTINE,476,set_evaporation_concentrations,
./models/07_hype_5_32_0_src/irrigation.f90,calculate_irrigation,SUBROUTINE,476,remove_water_of_set_concentration,
./models/07_hype_5_32_0_src/irrigation.f90,calculate_irrigation_water_demand,SUBROUTINE,238,calculate_kcb,
./models/07_hype_5_32_0_src/irrigation.f90,initiate_irrigation,SUBROUTINE,60,find_irrigated_classes,
./models/07_hype_5_32_0_src/irrigation.f90,initiate_irrigation,SUBROUTINE,60,set_regional_irrigation,
./models/07_hype_5_32_0_src/main.f90,HYSS,PROGRAM,1,model_version_information,
./models/07_hype_5_32_0_src/main.f90,HYSS,PROGRAM,1,get_hyss_arguments,
./models/07_hype_5_32_0_src/main.f90,HYSS,PROGRAM,1,model_version_information,
./models/07_hype_5_32_0_src/main.f90,HYSS,PROGRAM,1,define_output_variables,
./models/07_hype_5_32_0_src/main.f90,HYSS,PROGRAM,1,define_model_parameters,
./models/07_hype_5_32_0_src/main.f90,HYSS,PROGRAM,1,load_coded_info,
./models/07_hype_5_32_0_src/main.f90,HYSS,PROGRAM,1,setup_for_hype_tests,
./models/07_hype_5_32_0_src/main.f90,HYSS,PROGRAM,1,load_basindata,
./models/07_hype_5_32_0_src/main.f90,HYSS,PROGRAM,1,load_cropdata,
./models/07_hype_5_32_0_src/main.f90,HYSS,PROGRAM,1,load_pointsourcedata,
./models/07_hype_5_32_0_src/main.f90,HYSS,PROGRAM,1,load_permanent_soilleakage,
./models/07_hype_5_32_0_src/main.f90,HYSS,PROGRAM,1,load_branchdata,
./models/07_hype_5_32_0_src/main.f90,HYSS,PROGRAM,1,load_aquiferdata,
./models/07_hype_5_32_0_src/main.f90,HYSS,PROGRAM,1,load_glacierdata,
./models/07_hype_5_32_0_src/main.f90,HYSS,PROGRAM,1,initiate_model_parameters,
./models/07_hype_5_32_0_src/main.f90,HYSS,PROGRAM,1,run_hype_observation_tests,
./models/07_hype_5_32_0_src/main.f90,HYSS,PROGRAM,1,load_submodel_information,
./models/07_hype_5_32_0_src/main.f90,HYSS,PROGRAM,1,load_output_regions,
./models/07_hype_5_32_0_src/main.f90,HYSS,PROGRAM,1,load_observations,
./models/07_hype_5_32_0_src/main.f90,HYSS,PROGRAM,1,load_otest,
./models/07_hype_5_32_0_src/main.f90,HYSS,PROGRAM,1,load_parameters,
./models/07_hype_5_32_0_src/main.f90,HYSS,PROGRAM,1,finish_lakedata_table,
./models/07_hype_5_32_0_src/main.f90,HYSS,PROGRAM,1,finish_atmdep_file_deposition,
./models/07_hype_5_32_0_src/main.f90,HYSS,PROGRAM,1,set_model_base_configuration,
./models/07_hype_5_32_0_src/main.f90,HYSS,PROGRAM,1,reform_inputdata_for_submodel,
./models/07_hype_5_32_0_src/main.f90,HYSS,PROGRAM,1,calculate_path,
./models/07_hype_5_32_0_src/main.f90,HYSS,PROGRAM,1,set_model_configuration,
./models/07_hype_5_32_0_src/main.f90,HYSS,PROGRAM,1,load_modeldefined_input,
./models/07_hype_5_32_0_src/main.f90,HYSS,PROGRAM,1,set_modelconfig_from_parameters,
./models/07_hype_5_32_0_src/main.f90,HYSS,PROGRAM,1,run_hype_tests,
./models/07_hype_5_32_0_src/main.f90,HYSS,PROGRAM,1,prepare_for_update,
./models/07_hype_5_32_0_src/main.f90,HYSS,PROGRAM,1,finalize_hype_tests,
./models/07_hype_5_32_0_src/main.f90,HYSS,PROGRAM,1,allocate_model_states,
./models/07_hype_5_32_0_src/main.f90,HYSS,PROGRAM,1,set_outvar,
./models/07_hype_5_32_0_src/main.f90,HYSS,PROGRAM,1,allocate_outvar,
./models/07_hype_5_32_0_src/main.f90,HYSS,PROGRAM,1,reallocate_outvar_information,
./models/07_hype_5_32_0_src/main.f90,HYSS,PROGRAM,1,set_outvar_test_information,
./models/07_hype_5_32_0_src/main.f90,HYSS,PROGRAM,1,allocate_accumulation,
./models/07_hype_5_32_0_src/main.f90,HYSS,PROGRAM,1,prepare_subbasin_output,
./models/07_hype_5_32_0_src/main.f90,HYSS,PROGRAM,1,load_optpar,
./models/07_hype_5_32_0_src/main.f90,HYSS,PROGRAM,1,MonteCarlo_simulation,
./models/07_hype_5_32_0_src/main.f90,HYSS,PROGRAM,1,set_optim_modpar,
./models/07_hype_5_32_0_src/main.f90,HYSS,PROGRAM,1,save_respar,
./models/07_hype_5_32_0_src/main.f90,HYSS,PROGRAM,1,bounded_MonteCarlo_simulation,
./models/07_hype_5_32_0_src/main.f90,HYSS,PROGRAM,1,set_optim_modpar,
./models/07_hype_5_32_0_src/main.f90,HYSS,PROGRAM,1,save_respar,
./models/07_hype_5_32_0_src/main.f90,HYSS,PROGRAM,1,stage_MonteCarlo,
./models/07_hype_5_32_0_src/main.f90,HYSS,PROGRAM,1,set_optim_modpar,
./models/07_hype_5_32_0_src/main.f90,HYSS,PROGRAM,1,save_respar,
./models/07_hype_5_32_0_src/main.f90,HYSS,PROGRAM,1,linesearch_methods_calibration,
./models/07_hype_5_32_0_src/main.f90,HYSS,PROGRAM,1,set_optim_modpar,
./models/07_hype_5_32_0_src/main.f90,HYSS,PROGRAM,1,save_respar,
./models/07_hype_5_32_0_src/main.f90,HYSS,PROGRAM,1,DEMC_simulation,
./models/07_hype_5_32_0_src/main.f90,HYSS,PROGRAM,1,set_optim_modpar,
./models/07_hype_5_32_0_src/main.f90,HYSS,PROGRAM,1,save_respar,
./models/07_hype_5_32_0_src/main.f90,HYSS,PROGRAM,1,save_ensemble_simulations,
./models/07_hype_5_32_0_src/main.f90,HYSS,PROGRAM,1,load_optpar,
./models/07_hype_5_32_0_src/main.f90,HYSS,PROGRAM,1,count_ensemble_simulations,
./models/07_hype_5_32_0_src/main.f90,HYSS,PROGRAM,1,set_optpar_index,
./models/07_hype_5_32_0_src/main.f90,HYSS,PROGRAM,1,prepare_outputfiles,
./models/07_hype_5_32_0_src/main.f90,HYSS,PROGRAM,1,set_optim_modpar,
./models/07_hype_5_32_0_src/main.f90,HYSS,PROGRAM,1,set_optim_modpar,
./models/07_hype_5_32_0_src/main.f90,HYSS,PROGRAM,1,load_parameters,
./models/07_hype_5_32_0_src/main.f90,HYSS,PROGRAM,1,finish_lakedata_table,
./models/07_hype_5_32_0_src/main.f90,HYSS,PROGRAM,1,finish_atmdep_file_deposition,
./models/07_hype_5_32_0_src/main.f90,HYSS,PROGRAM,1,initiate_output_routines,
./models/07_hype_5_32_0_src/main.f90,HYSS,PROGRAM,1,set_modelconfig_from_parameters,
./models/07_hype_5_32_0_src/main.f90,HYSS,PROGRAM,1,initiate_state_for_submodel,
./models/07_hype_5_32_0_src/main.f90,HYSS,PROGRAM,1,load_saved_state,
./models/07_hype_5_32_0_src/main.f90,HYSS,PROGRAM,1,initiate_model_state,
./models/07_hype_5_32_0_src/main.f90,HYSS,PROGRAM,1,initiate_model,
./models/07_hype_5_32_0_src/main.f90,HYSS,PROGRAM,1,get_current_forcing,
./models/07_hype_5_32_0_src/main.f90,HYSS,PROGRAM,1,calculate_time_for_model,
./models/07_hype_5_32_0_src/main.f90,HYSS,PROGRAM,1,log_progress,
./models/07_hype_5_32_0_src/main.f90,HYSS,PROGRAM,1,get_current_soilleakage,
./models/07_hype_5_32_0_src/main.f90,HYSS,PROGRAM,1,reset_soil_state,
./models/07_hype_5_32_0_src/main.f90,HYSS,PROGRAM,1,format_date,
./models/07_hype_5_32_0_src/main.f90,HYSS,PROGRAM,1,reload_diffuse_sources,
./models/07_hype_5_32_0_src/main.f90,HYSS,PROGRAM,1,reload_deposition,
./models/07_hype_5_32_0_src/main.f90,HYSS,PROGRAM,1,reload_classdata,
./models/07_hype_5_32_0_src/main.f90,HYSS,PROGRAM,1,reinitiate_model_at_timestep,
./models/07_hype_5_32_0_src/main.f90,HYSS,PROGRAM,1,initiate_outvar,
./models/07_hype_5_32_0_src/main.f90,HYSS,PROGRAM,1,model,
./models/07_hype_5_32_0_src/main.f90,HYSS,PROGRAM,1,revise_outvar,
./models/07_hype_5_32_0_src/main.f90,HYSS,PROGRAM,1,check_output_ranges,
./models/07_hype_5_32_0_src/main.f90,HYSS,PROGRAM,1,prepare_to_compute_crit,
./models/07_hype_5_32_0_src/main.f90,HYSS,PROGRAM,1,compute_outloads,
./models/07_hype_5_32_0_src/main.f90,HYSS,PROGRAM,1,calculate_criteria,
./models/07_hype_5_32_0_src/main.f90,HYSS,PROGRAM,1,write_simulation_assessment,
./models/07_hype_5_32_0_src/main.f90,HYSS,PROGRAM,1,write_subbasin_assessment,
./models/07_hype_5_32_0_src/main.f90,HYSS,PROGRAM,1,close_outputfiles,
./models/07_hype_5_32_0_src/main.f90,HYSS,PROGRAM,1,close_observations,
./models/07_hype_5_32_0_src/main.f90,HYSS,PROGRAM,1,reset_observations,
./models/07_hype_5_32_0_src/main.f90,HYSS,PROGRAM,1,save_mapfiles,
./models/07_hype_5_32_0_src/main.f90,HYSS,PROGRAM,1,set_modelconfig_from_parameters,
./models/07_hype_5_32_0_src/main.f90,HYSS,PROGRAM,1,initiate_state_for_submodel,
./models/07_hype_5_32_0_src/main.f90,HYSS,PROGRAM,1,load_saved_state,
./models/07_hype_5_32_0_src/main.f90,HYSS,PROGRAM,1,initiate_model_state,
./models/07_hype_5_32_0_src/main.f90,HYSS,PROGRAM,1,initiate_model,
./models/07_hype_5_32_0_src/main.f90,HYSS,PROGRAM,1,set_stateinfo,
./models/07_hype_5_32_0_src/main.f90,HYSS,PROGRAM,1,assim_initialize,
./models/07_hype_5_32_0_src/main.f90,HYSS,PROGRAM,1,reallocate_outvar_information,
./models/07_hype_5_32_0_src/main.f90,HYSS,PROGRAM,1,da_allocate_accumulation,
./models/07_hype_5_32_0_src/main.f90,HYSS,PROGRAM,1,prepare_outputfiles,
./models/07_hype_5_32_0_src/main.f90,HYSS,PROGRAM,1,prepare_outputfiles,
./models/07_hype_5_32_0_src/main.f90,HYSS,PROGRAM,1,initiate_output_routines,
./models/07_hype_5_32_0_src/main.f90,HYSS,PROGRAM,1,get_current_forcing,
./models/07_hype_5_32_0_src/main.f90,HYSS,PROGRAM,1,calculate_time_for_model,
./models/07_hype_5_32_0_src/main.f90,HYSS,PROGRAM,1,log_progress,
./models/07_hype_5_32_0_src/main.f90,HYSS,PROGRAM,1,get_current_soilleakage,
./models/07_hype_5_32_0_src/main.f90,HYSS,PROGRAM,1,generate_forcing_ensemble,
./models/07_hype_5_32_0_src/main.f90,HYSS,PROGRAM,1,ensemble_to_model2,
./models/07_hype_5_32_0_src/main.f90,HYSS,PROGRAM,1,initiate_outvar,
./models/07_hype_5_32_0_src/main.f90,HYSS,PROGRAM,1,model,
./models/07_hype_5_32_0_src/main.f90,HYSS,PROGRAM,1,revise_outvar,
./models/07_hype_5_32_0_src/main.f90,HYSS,PROGRAM,1,check_output_ranges,
./models/07_hype_5_32_0_src/main.f90,HYSS,PROGRAM,1,model_to_ensemble2,
./models/07_hype_5_32_0_src/main.f90,HYSS,PROGRAM,1,modelobservations_to_ensemble,
./models/07_hype_5_32_0_src/main.f90,HYSS,PROGRAM,1,enkf_analysis_main,
./models/07_hype_5_32_0_src/main.f90,HYSS,PROGRAM,1,updateEnsembleStatistics,
./models/07_hype_5_32_0_src/main.f90,HYSS,PROGRAM,1,meanORmedian_to_model2,
./models/07_hype_5_32_0_src/main.f90,HYSS,PROGRAM,1,finalize_ensemble_states_outstate,
./models/07_hype_5_32_0_src/main.f90,HYSS,PROGRAM,1,prepare_to_compute_crit,
./models/07_hype_5_32_0_src/main.f90,HYSS,PROGRAM,1,compute_outloads,
./models/07_hype_5_32_0_src/main.f90,HYSS,PROGRAM,1,statistics_to_modeloutput,
./models/07_hype_5_32_0_src/main.f90,HYSS,PROGRAM,1,statistics_to_modeloutput,
./models/07_hype_5_32_0_src/main.f90,HYSS,PROGRAM,1,calculate_criteria,
./models/07_hype_5_32_0_src/main.f90,HYSS,PROGRAM,1,write_simulation_assessment,
./models/07_hype_5_32_0_src/main.f90,HYSS,PROGRAM,1,write_subbasin_assessment,
./models/07_hype_5_32_0_src/main.f90,HYSS,PROGRAM,1,close_outputfiles,
./models/07_hype_5_32_0_src/main.f90,HYSS,PROGRAM,1,close_observations,
./models/07_hype_5_32_0_src/main.f90,HYSS,PROGRAM,1,save_mapfiles,
./models/07_hype_5_32_0_src/main.f90,HYSS,PROGRAM,1,finalize_assimilation,
./models/07_hype_5_32_0_src/main.f90,HYSS,PROGRAM,1,deallocate_worldvar,
./models/07_hype_5_32_0_src/main.f90,HYSS,PROGRAM,1,deallocate_modvar,
./models/07_hype_5_32_0_src/main.f90,HYSS,PROGRAM,1,deallocate_model_states,
./models/07_hype_5_32_0_src/model_hype.f90,model,SUBROUTINE,1477,calculate_regional_groundwater_flow,
./models/07_hype_5_32_0_src/model_hype.f90,model,SUBROUTINE,1477,calculate_current_flow_from_aquifer,
./models/07_hype_5_32_0_src/model_hype.f90,model,SUBROUTINE,1477,point_abstraction_from_aquifer,
./models/07_hype_5_32_0_src/model_hype.f90,model,SUBROUTINE,1477,calculate_subbasin_temperature,
./models/07_hype_5_32_0_src/model_hype.f90,model,SUBROUTINE,1477,calculate_subbasin_precipitation,
./models/07_hype_5_32_0_src/model_hype.f90,model,SUBROUTINE,1477,calculate_winddirspeed,
./models/07_hype_5_32_0_src/model_hype.f90,model,SUBROUTINE,1477,calculate_regional_snowfall_distribution,
./models/07_hype_5_32_0_src/model_hype.f90,model,SUBROUTINE,1477,calculate_extraterrestrial_radiation,
./models/07_hype_5_32_0_src/model_hype.f90,model,SUBROUTINE,1477,get_current_cloudiness,
./models/07_hype_5_32_0_src/model_hype.f90,model,SUBROUTINE,1477,calculate_subbasin_humidty_for_T1,
./models/07_hype_5_32_0_src/model_hype.f90,model,SUBROUTINE,1477,calculate_class_atmospheric_forcing,
./models/07_hype_5_32_0_src/model_hype.f90,model,SUBROUTINE,1477,set_class_precipitation_concentration_and_load,
./models/07_hype_5_32_0_src/model_hype.f90,model,SUBROUTINE,1477,soilmodel_4,
./models/07_hype_5_32_0_src/model_hype.f90,model,SUBROUTINE,1477,soilmodel_4,
./models/07_hype_5_32_0_src/model_hype.f90,model,SUBROUTINE,1477,soilmodel_0,
./models/07_hype_5_32_0_src/model_hype.f90,model,SUBROUTINE,1477,soilmodel_0,
./models/07_hype_5_32_0_src/model_hype.f90,model,SUBROUTINE,1477,soilmodel_3,
./models/07_hype_5_32_0_src/model_hype.f90,model,SUBROUTINE,1477,calculate_glacier_massbalance,
./models/07_hype_5_32_0_src/model_hype.f90,model,SUBROUTINE,1477,soilmodel_0,
./models/07_hype_5_32_0_src/model_hype.f90,model,SUBROUTINE,1477,soilmodel_0,
./models/07_hype_5_32_0_src/model_hype.f90,model,SUBROUTINE,1477,soilmodel_0,
./models/07_hype_5_32_0_src/model_hype.f90,model,SUBROUTINE,1477,soilmodel_0,
./models/07_hype_5_32_0_src/model_hype.f90,model,SUBROUTINE,1477,calculate_class_outvar_add,
./models/07_hype_5_32_0_src/model_hype.f90,model,SUBROUTINE,1477,calculate_class_outvar_add,
./models/07_hype_5_32_0_src/model_hype.f90,model,SUBROUTINE,1477,calculate_class_outvar_add,
./models/07_hype_5_32_0_src/model_hype.f90,model,SUBROUTINE,1477,calculate_class_outvar_add,
./models/07_hype_5_32_0_src/model_hype.f90,model,SUBROUTINE,1477,calculate_class_outvar_add_amount,
./models/07_hype_5_32_0_src/model_hype.f90,model,SUBROUTINE,1477,calculate_class_outvar_add_amount,
./models/07_hype_5_32_0_src/model_hype.f90,model,SUBROUTINE,1477,calculate_class_outvar_add,
./models/07_hype_5_32_0_src/model_hype.f90,model,SUBROUTINE,1477,calculate_class_outvar_add,
./models/07_hype_5_32_0_src/model_hype.f90,model,SUBROUTINE,1477,calculate_class_outvar_add,
./models/07_hype_5_32_0_src/model_hype.f90,model,SUBROUTINE,1477,calculate_class_outvar_add,
./models/07_hype_5_32_0_src/model_hype.f90,model,SUBROUTINE,1477,calculate_class_outvar_add,
./models/07_hype_5_32_0_src/model_hype.f90,model,SUBROUTINE,1477,calculate_class_outvar_add,
./models/07_hype_5_32_0_src/model_hype.f90,model,SUBROUTINE,1477,calculate_class_outvar_add,
./models/07_hype_5_32_0_src/model_hype.f90,model,SUBROUTINE,1477,calculate_class_outvar_add,
./models/07_hype_5_32_0_src/model_hype.f90,model,SUBROUTINE,1477,calculate_class_outvar_add,
./models/07_hype_5_32_0_src/model_hype.f90,model,SUBROUTINE,1477,calculate_class_outvar_add,
./models/07_hype_5_32_0_src/model_hype.f90,model,SUBROUTINE,1477,calculate_class_outvar_add,
./models/07_hype_5_32_0_src/model_hype.f90,model,SUBROUTINE,1477,calculate_class_outvar_for_substance_soil,
./models/07_hype_5_32_0_src/model_hype.f90,model,SUBROUTINE,1477,calculate_class_outvar_add,
./models/07_hype_5_32_0_src/model_hype.f90,model,SUBROUTINE,1477,calculate_class_outvar_add,
./models/07_hype_5_32_0_src/model_hype.f90,model,SUBROUTINE,1477,calculate_class_outvar_add,
./models/07_hype_5_32_0_src/model_hype.f90,model,SUBROUTINE,1477,calculate_class_outvar_add,
./models/07_hype_5_32_0_src/model_hype.f90,model,SUBROUTINE,1477,calculate_class_outvar_add,
./models/07_hype_5_32_0_src/model_hype.f90,model,SUBROUTINE,1477,calculate_class_outvar_add,
./models/07_hype_5_32_0_src/model_hype.f90,model,SUBROUTINE,1477,calculate_class_outvar_add,
./models/07_hype_5_32_0_src/model_hype.f90,model,SUBROUTINE,1477,calculate_class_outvar_add,
./models/07_hype_5_32_0_src/model_hype.f90,model,SUBROUTINE,1477,calculate_class_outvar_add,
./models/07_hype_5_32_0_src/model_hype.f90,model,SUBROUTINE,1477,calculate_class_outvar_add,
./models/07_hype_5_32_0_src/model_hype.f90,model,SUBROUTINE,1477,calculate_class_outvar_add,
./models/07_hype_5_32_0_src/model_hype.f90,model,SUBROUTINE,1477,calculate_class_outvar_add,
./models/07_hype_5_32_0_src/model_hype.f90,model,SUBROUTINE,1477,calculate_class_outvar_add,
./models/07_hype_5_32_0_src/model_hype.f90,model,SUBROUTINE,1477,calculate_class_outvar_add,
./models/07_hype_5_32_0_src/model_hype.f90,model,SUBROUTINE,1477,set_landclass_waterbalance_flows,
./models/07_hype_5_32_0_src/model_hype.f90,model,SUBROUTINE,1477,set_mainriver_floodplain_runoff_waterbalance_flows,
./models/07_hype_5_32_0_src/model_hype.f90,model,SUBROUTINE,1477,set_olake_floodplain_runoff_waterbalance_flows,
./models/07_hype_5_32_0_src/model_hype.f90,model,SUBROUTINE,1477,set_landclass_waterbalance_flows,
./models/07_hype_5_32_0_src/model_hype.f90,model,SUBROUTINE,1477,set_runoff_waterbalance_flows,
./models/07_hype_5_32_0_src/model_hype.f90,model,SUBROUTINE,1477,set_glacier_waterbalance_flows,
./models/07_hype_5_32_0_src/model_hype.f90,model,SUBROUTINE,1477,calculate_class_outvar_finish,
./models/07_hype_5_32_0_src/model_hype.f90,model,SUBROUTINE,1477,calculate_class_outvar_finish,
./models/07_hype_5_32_0_src/model_hype.f90,model,SUBROUTINE,1477,calculate_class_outvar_finish,
./models/07_hype_5_32_0_src/model_hype.f90,model,SUBROUTINE,1477,calculate_class_outvar_finish,
./models/07_hype_5_32_0_src/model_hype.f90,model,SUBROUTINE,1477,calculate_class_outvar_finish,
./models/07_hype_5_32_0_src/model_hype.f90,model,SUBROUTINE,1477,calculate_class_outvar_finish,
./models/07_hype_5_32_0_src/model_hype.f90,model,SUBROUTINE,1477,calculate_class_outvar_finish,
./models/07_hype_5_32_0_src/model_hype.f90,model,SUBROUTINE,1477,calculate_class_outvar_finish,
./models/07_hype_5_32_0_src/model_hype.f90,model,SUBROUTINE,1477,calculate_class_outvar_finish,
./models/07_hype_5_32_0_src/model_hype.f90,model,SUBROUTINE,1477,calculate_class_outvar_finish,
./models/07_hype_5_32_0_src/model_hype.f90,model,SUBROUTINE,1477,calculate_class_outvar_finish,
./models/07_hype_5_32_0_src/model_hype.f90,model,SUBROUTINE,1477,calculate_class_outvar_finish_scale,
./models/07_hype_5_32_0_src/model_hype.f90,model,SUBROUTINE,1477,calculate_class_outvar_finish,
./models/07_hype_5_32_0_src/model_hype.f90,model,SUBROUTINE,1477,calculate_class_outvar_finish,
./models/07_hype_5_32_0_src/model_hype.f90,model,SUBROUTINE,1477,calculate_class_outvar_finish,
./models/07_hype_5_32_0_src/model_hype.f90,model,SUBROUTINE,1477,calculate_class_outvar_finish,
./models/07_hype_5_32_0_src/model_hype.f90,model,SUBROUTINE,1477,calculate_class_outvar_finish,
./models/07_hype_5_32_0_src/model_hype.f90,model,SUBROUTINE,1477,calculate_class_outvar_finish,
./models/07_hype_5_32_0_src/model_hype.f90,model,SUBROUTINE,1477,calculate_class_outvar_finish,
./models/07_hype_5_32_0_src/model_hype.f90,model,SUBROUTINE,1477,calculate_class_outvar_finish,
./models/07_hype_5_32_0_src/model_hype.f90,model,SUBROUTINE,1477,calculate_class_outvar_finish,
./models/07_hype_5_32_0_src/model_hype.f90,model,SUBROUTINE,1477,calculate_class_outvar_finish,
./models/07_hype_5_32_0_src/model_hype.f90,model,SUBROUTINE,1477,calculate_class_outvar_finish,
./models/07_hype_5_32_0_src/model_hype.f90,model,SUBROUTINE,1477,calculate_class_outvar_finish,
./models/07_hype_5_32_0_src/model_hype.f90,model,SUBROUTINE,1477,calculate_class_outvar_finish,
./models/07_hype_5_32_0_src/model_hype.f90,model,SUBROUTINE,1477,calculate_class_outvar_finish,
./models/07_hype_5_32_0_src/model_hype.f90,model,SUBROUTINE,1477,calculate_class_outvar_finish,
./models/07_hype_5_32_0_src/model_hype.f90,model,SUBROUTINE,1477,calculate_class_outvar_finish,
./models/07_hype_5_32_0_src/model_hype.f90,model,SUBROUTINE,1477,calculate_class_outvar_finish,
./models/07_hype_5_32_0_src/model_hype.f90,model,SUBROUTINE,1477,calculate_class_outvar_finish,
./models/07_hype_5_32_0_src/model_hype.f90,model,SUBROUTINE,1477,calculate_class_outvar_finish,
./models/07_hype_5_32_0_src/model_hype.f90,model,SUBROUTINE,1477,calculate_class_outvar_finish,
./models/07_hype_5_32_0_src/model_hype.f90,model,SUBROUTINE,1477,calculate_class_outvar_finish,
./models/07_hype_5_32_0_src/model_hype.f90,model,SUBROUTINE,1477,calculate_class_outvar_finish,
./models/07_hype_5_32_0_src/model_hype.f90,model,SUBROUTINE,1477,calculate_class_outvar_finish,
./models/07_hype_5_32_0_src/model_hype.f90,model,SUBROUTINE,1477,calculate_class_outvar_finish,
./models/07_hype_5_32_0_src/model_hype.f90,model,SUBROUTINE,1477,set_class_outvar_missing,
./models/07_hype_5_32_0_src/model_hype.f90,model,SUBROUTINE,1477,set_class_outvar_missing,
./models/07_hype_5_32_0_src/model_hype.f90,model,SUBROUTINE,1477,set_class_outvar_missing,
./models/07_hype_5_32_0_src/model_hype.f90,model,SUBROUTINE,1477,set_class_outvar_missing,
./models/07_hype_5_32_0_src/model_hype.f90,model,SUBROUTINE,1477,set_class_outvar_missing,
./models/07_hype_5_32_0_src/model_hype.f90,model,SUBROUTINE,1477,calculate_class_outvar_finish,
./models/07_hype_5_32_0_src/model_hype.f90,model,SUBROUTINE,1477,calculate_class_outvar_finish,
./models/07_hype_5_32_0_src/model_hype.f90,model,SUBROUTINE,1477,calculate_class_outvar_finish,
./models/07_hype_5_32_0_src/model_hype.f90,model,SUBROUTINE,1477,calculate_class_outvar_finish,
./models/07_hype_5_32_0_src/model_hype.f90,model,SUBROUTINE,1477,calculate_class_outvar_finish,
./models/07_hype_5_32_0_src/model_hype.f90,model,SUBROUTINE,1477,calculate_class_outvar_finish,
./models/07_hype_5_32_0_src/model_hype.f90,model,SUBROUTINE,1477,calculate_class_outvar_finish,
./models/07_hype_5_32_0_src/model_hype.f90,model,SUBROUTINE,1477,calculate_class_outvar_finish,
./models/07_hype_5_32_0_src/model_hype.f90,model,SUBROUTINE,1477,calculate_class_outvar_finish,
./models/07_hype_5_32_0_src/model_hype.f90,model,SUBROUTINE,1477,calculate_class_outvar_finish,
./models/07_hype_5_32_0_src/model_hype.f90,model,SUBROUTINE,1477,calculate_class_outvar_finish,
./models/07_hype_5_32_0_src/model_hype.f90,model,SUBROUTINE,1477,calculate_class_outvar_finish,
./models/07_hype_5_32_0_src/model_hype.f90,model,SUBROUTINE,1477,calculate_class_outvar_finish,
./models/07_hype_5_32_0_src/model_hype.f90,model,SUBROUTINE,1477,calculate_class_outvar_finish,
./models/07_hype_5_32_0_src/model_hype.f90,model,SUBROUTINE,1477,calculate_class_outvar_finish,
./models/07_hype_5_32_0_src/model_hype.f90,model,SUBROUTINE,1477,calculate_class_outvar_finish,
./models/07_hype_5_32_0_src/model_hype.f90,model,SUBROUTINE,1477,calculate_class_outvar_finish,
./models/07_hype_5_32_0_src/model_hype.f90,model,SUBROUTINE,1477,calculate_class_outvar_finish,
./models/07_hype_5_32_0_src/model_hype.f90,model,SUBROUTINE,1477,calculate_class_outvar_finish_scale,
./models/07_hype_5_32_0_src/model_hype.f90,model,SUBROUTINE,1477,calculate_class_outvar_finish_scale,
./models/07_hype_5_32_0_src/model_hype.f90,model,SUBROUTINE,1477,calculate_class_outvar_finish_scale,
./models/07_hype_5_32_0_src/model_hype.f90,model,SUBROUTINE,1477,calculate_class_outvar_finish_scale,
./models/07_hype_5_32_0_src/model_hype.f90,model,SUBROUTINE,1477,calculate_class_outvar_finish_scale,
./models/07_hype_5_32_0_src/model_hype.f90,model,SUBROUTINE,1477,calculate_class_outvar_finish_scale,
./models/07_hype_5_32_0_src/model_hype.f90,model,SUBROUTINE,1477,calculate_class_outvar_finish,
./models/07_hype_5_32_0_src/model_hype.f90,model,SUBROUTINE,1477,calculate_class_outvar_finish,
./models/07_hype_5_32_0_src/model_hype.f90,model,SUBROUTINE,1477,calculate_class_outvar_for_substance_soil_finish,
./models/07_hype_5_32_0_src/model_hype.f90,model,SUBROUTINE,1477,calculate_relative_surface_soil_moisture,
./models/07_hype_5_32_0_src/model_hype.f90,model,SUBROUTINE,1477,recalculate_waterbalance_flows_unit,
./models/07_hype_5_32_0_src/model_hype.f90,model,SUBROUTINE,1477,set_output_runoff_concentrations_leakagemodel1,
./models/07_hype_5_32_0_src/model_hype.f90,model,SUBROUTINE,1477,accumulate_class_load,
./models/07_hype_5_32_0_src/model_hype.f90,model,SUBROUTINE,1477,accumulate_class_load,
./models/07_hype_5_32_0_src/model_hype.f90,model,SUBROUTINE,1477,accumulate_class_load,
./models/07_hype_5_32_0_src/model_hype.f90,model,SUBROUTINE,1477,accumulate_class_load,
./models/07_hype_5_32_0_src/model_hype.f90,model,SUBROUTINE,1477,accumulate_class_load,
./models/07_hype_5_32_0_src/model_hype.f90,model,SUBROUTINE,1477,accumulate_class_load,
./models/07_hype_5_32_0_src/model_hype.f90,model,SUBROUTINE,1477,accumulate_class_load,
./models/07_hype_5_32_0_src/model_hype.f90,model,SUBROUTINE,1477,accumulate_class_load,
./models/07_hype_5_32_0_src/model_hype.f90,model,SUBROUTINE,1477,accumulate_class_load,
./models/07_hype_5_32_0_src/model_hype.f90,model,SUBROUTINE,1477,accumulate_class_load,
./models/07_hype_5_32_0_src/model_hype.f90,model,SUBROUTINE,1477,accumulate_class_load,
./models/07_hype_5_32_0_src/model_hype.f90,model,SUBROUTINE,1477,get_slc_output_for_routing_network,
./models/07_hype_5_32_0_src/model_hype.f90,model,SUBROUTINE,1477,calculate_water_temperature,
./models/07_hype_5_32_0_src/model_hype.f90,model,SUBROUTINE,1477,calculate_lake_hypolimnion_depth,
./models/07_hype_5_32_0_src/model_hype.f90,model,SUBROUTINE,1477,calculate_internal_wetland,
./models/07_hype_5_32_0_src/model_hype.f90,model,SUBROUTINE,1477,calculate_local_river,
./models/07_hype_5_32_0_src/model_hype.f90,model,SUBROUTINE,1477,calculate_local_lake_model,
./models/07_hype_5_32_0_src/model_hype.f90,model,SUBROUTINE,1477,calculate_irrigation,
./models/07_hype_5_32_0_src/model_hype.f90,model,SUBROUTINE,1477,add_water_transfer_to_main_river,
./models/07_hype_5_32_0_src/model_hype.f90,model,SUBROUTINE,1477,point_abstraction_from_main_river_inflow,
./models/07_hype_5_32_0_src/model_hype.f90,model,SUBROUTINE,1477,add_point_sources_to_main_river,
./models/07_hype_5_32_0_src/model_hype.f90,model,SUBROUTINE,1477,add_aquifer_flow_to_river,
./models/07_hype_5_32_0_src/model_hype.f90,model,SUBROUTINE,1477,translation_in_river,
./models/07_hype_5_32_0_src/model_hype.f90,model,SUBROUTINE,1477,add_water,
./models/07_hype_5_32_0_src/model_hype.f90,model,SUBROUTINE,1477,calculate_river_characteristics,
./models/07_hype_5_32_0_src/model_hype.f90,model,SUBROUTINE,1477,calculate_class_atmospheric_forcing,
./models/07_hype_5_32_0_src/model_hype.f90,model,SUBROUTINE,1477,calculate_rain_snow_from_precipitation,
./models/07_hype_5_32_0_src/model_hype.f90,model,SUBROUTINE,1477,get_rivertempvol,
./models/07_hype_5_32_0_src/model_hype.f90,model,SUBROUTINE,1477,set_class_precipitation_concentration_and_load,
./models/07_hype_5_32_0_src/model_hype.f90,model,SUBROUTINE,1477,set_class_precipitation_concentration_and_load,
./models/07_hype_5_32_0_src/model_hype.f90,model,SUBROUTINE,1477,add_deposition_to_river_as_load,
./models/07_hype_5_32_0_src/model_hype.f90,model,SUBROUTINE,1477,calculate_fractional_riverarea,
./models/07_hype_5_32_0_src/model_hype.f90,model,SUBROUTINE,1477,calculate_potential_evaporation,
./models/07_hype_5_32_0_src/model_hype.f90,model,SUBROUTINE,1477,calculate_river_evaporation,
./models/07_hype_5_32_0_src/model_hype.f90,model,SUBROUTINE,1477,calculate_class_outvar_add,
./models/07_hype_5_32_0_src/model_hype.f90,model,SUBROUTINE,1477,calculate_class_outvar_add,
./models/07_hype_5_32_0_src/model_hype.f90,model,SUBROUTINE,1477,calculate_class_outvar_add,
./models/07_hype_5_32_0_src/model_hype.f90,model,SUBROUTINE,1477,calculate_class_outvar_add,
./models/07_hype_5_32_0_src/model_hype.f90,model,SUBROUTINE,1477,calculate_class_atmospheric_forcing,
./models/07_hype_5_32_0_src/model_hype.f90,model,SUBROUTINE,1477,calculate_rain_snow_from_precipitation,
./models/07_hype_5_32_0_src/model_hype.f90,model,SUBROUTINE,1477,calculate_fractional_riverarea,
./models/07_hype_5_32_0_src/model_hype.f90,model,SUBROUTINE,1477,T2_processes_in_river,
./models/07_hype_5_32_0_src/model_hype.f90,model,SUBROUTINE,1477,ice_processes_in_river,
./models/07_hype_5_32_0_src/model_hype.f90,model,SUBROUTINE,1477,calculate_river_groundwaterflow_removal,
./models/07_hype_5_32_0_src/model_hype.f90,model,SUBROUTINE,1477,calculate_floodplain_waterlevel,
./models/07_hype_5_32_0_src/model_hype.f90,model,SUBROUTINE,1477,calculate_river_floodplain_groundwaterflow_removal,
./models/07_hype_5_32_0_src/model_hype.f90,model,SUBROUTINE,1477,point_abstraction_from_main_river,
./models/07_hype_5_32_0_src/model_hype.f90,model,SUBROUTINE,1477,substance_processes_in_river,
./models/07_hype_5_32_0_src/model_hype.f90,model,SUBROUTINE,1477,tracer_processes_in_river,
./models/07_hype_5_32_0_src/model_hype.f90,model,SUBROUTINE,1477,calculate_waterbody_floodplain_interflow,
./models/07_hype_5_32_0_src/model_hype.f90,model,SUBROUTINE,1477,remove_water,
./models/07_hype_5_32_0_src/model_hype.f90,model,SUBROUTINE,1477,calculate_branched_flow,
./models/07_hype_5_32_0_src/model_hype.f90,model,SUBROUTINE,1477,calculate_class_atmospheric_forcing,
./models/07_hype_5_32_0_src/model_hype.f90,model,SUBROUTINE,1477,calculate_rain_snow_from_precipitation,
./models/07_hype_5_32_0_src/model_hype.f90,model,SUBROUTINE,1477,set_class_precipitation_concentration_and_load,
./models/07_hype_5_32_0_src/model_hype.f90,model,SUBROUTINE,1477,set_class_precipitation_concentration_and_load,
./models/07_hype_5_32_0_src/model_hype.f90,model,SUBROUTINE,1477,add_deposition_to_lake_as_load,
./models/07_hype_5_32_0_src/model_hype.f90,model,SUBROUTINE,1477,calculate_potential_evaporation,
./models/07_hype_5_32_0_src/model_hype.f90,model,SUBROUTINE,1477,calculate_actual_lake_evaporation,
./models/07_hype_5_32_0_src/model_hype.f90,model,SUBROUTINE,1477,calculate_class_outvar_add,
./models/07_hype_5_32_0_src/model_hype.f90,model,SUBROUTINE,1477,calculate_class_outvar_add,
./models/07_hype_5_32_0_src/model_hype.f90,model,SUBROUTINE,1477,calculate_class_outvar_add,
./models/07_hype_5_32_0_src/model_hype.f90,model,SUBROUTINE,1477,calculate_class_outvar_add,
./models/07_hype_5_32_0_src/model_hype.f90,model,SUBROUTINE,1477,add_water,
./models/07_hype_5_32_0_src/model_hype.f90,model,SUBROUTINE,1477,find_lakebasins,
./models/07_hype_5_32_0_src/model_hype.f90,model,SUBROUTINE,1477,add_regional_groundwater_flow_to_olake,
./models/07_hype_5_32_0_src/model_hype.f90,model,SUBROUTINE,1477,tracer_processes_in_lake,
./models/07_hype_5_32_0_src/model_hype.f90,model,SUBROUTINE,1477,point_abstraction_from_outlet_lake,
./models/07_hype_5_32_0_src/model_hype.f90,model,SUBROUTINE,1477,substance_processes_in_lake,
./models/07_hype_5_32_0_src/model_hype.f90,model,SUBROUTINE,1477,calculate_waterbody_floodplain_interflow,
./models/07_hype_5_32_0_src/model_hype.f90,model,SUBROUTINE,1477,calculate_flow_from_undivided_lake,
./models/07_hype_5_32_0_src/model_hype.f90,model,SUBROUTINE,1477,find_lakebasins,
./models/07_hype_5_32_0_src/model_hype.f90,model,SUBROUTINE,1477,calculate_flow_for_lakebasin_lake,
./models/07_hype_5_32_0_src/model_hype.f90,model,SUBROUTINE,1477,calculate_outlet_wetland,
./models/07_hype_5_32_0_src/model_hype.f90,model,SUBROUTINE,1477,calculate_class_atmospheric_forcing,
./models/07_hype_5_32_0_src/model_hype.f90,model,SUBROUTINE,1477,calculate_rain_snow_from_precipitation,
./models/07_hype_5_32_0_src/model_hype.f90,model,SUBROUTINE,1477,calculate_potential_evaporation,
./models/07_hype_5_32_0_src/model_hype.f90,model,SUBROUTINE,1477,accumulate_flow_to_downstream_subbasin,
./models/07_hype_5_32_0_src/model_hype.f90,model,SUBROUTINE,1477,set_outvar_xobs_scaled,
./models/07_hype_5_32_0_src/model_hype.f90,model,SUBROUTINE,1477,set_outvar_xobs_scaled,
./models/07_hype_5_32_0_src/model_hype.f90,model,SUBROUTINE,1477,calculate_class_outvar_finish,
./models/07_hype_5_32_0_src/model_hype.f90,model,SUBROUTINE,1477,calculate_class_outvar_finish,
./models/07_hype_5_32_0_src/model_hype.f90,model,SUBROUTINE,1477,get_rivertempvol,
./models/07_hype_5_32_0_src/model_hype.f90,model,SUBROUTINE,1477,set_outvar_xobs_scaled,
./models/07_hype_5_32_0_src/model_hype.f90,model,SUBROUTINE,1477,set_outvar_xobs_scaled,
./models/07_hype_5_32_0_src/model_hype.f90,model,SUBROUTINE,1477,set_outvar_xobs_scaled,
./models/07_hype_5_32_0_src/model_hype.f90,model,SUBROUTINE,1477,set_outvar_xobs_scaled,
./models/07_hype_5_32_0_src/model_hype.f90,model,SUBROUTINE,1477,set_outvar_xobs_scaled,
./models/07_hype_5_32_0_src/model_hype.f90,model,SUBROUTINE,1477,set_outvar_xobs_scaled,
./models/07_hype_5_32_0_src/model_hype.f90,model,SUBROUTINE,1477,set_outvar_xobs_scaled,
./models/07_hype_5_32_0_src/model_hype.f90,model,SUBROUTINE,1477,set_outvar_xobs_scaled,
./models/07_hype_5_32_0_src/model_hype.f90,model,SUBROUTINE,1477,set_outvar_xobs_scaled,
./models/07_hype_5_32_0_src/model_hype.f90,model,SUBROUTINE,1477,set_outvar_xobs_scaled,
./models/07_hype_5_32_0_src/model_hype.f90,model,SUBROUTINE,1477,set_outvar_xobs_scaled,
./models/07_hype_5_32_0_src/model_hype.f90,model,SUBROUTINE,1477,set_outvar_xobs_scaled,
./models/07_hype_5_32_0_src/model_hype.f90,model,SUBROUTINE,1477,set_outvar_xobs_scaled,
./models/07_hype_5_32_0_src/model_hype.f90,model,SUBROUTINE,1477,calculate_olake_waterstage,
./models/07_hype_5_32_0_src/model_hype.f90,model,SUBROUTINE,1477,calculate_olake_waterstage,
./models/07_hype_5_32_0_src/model_hype.f90,model,SUBROUTINE,1477,calculate_regamp_adjusted_waterstage,
./models/07_hype_5_32_0_src/model_hype.f90,model,SUBROUTINE,1477,calculate_olake_waterstage,
./models/07_hype_5_32_0_src/model_hype.f90,model,SUBROUTINE,1477,calculate_regamp_adjusted_waterstage,
./models/07_hype_5_32_0_src/model_hype.f90,model,SUBROUTINE,1477,set_outvar_xobs_scaled,
./models/07_hype_5_32_0_src/model_hype.f90,model,SUBROUTINE,1477,set_outvar_xobs_scaled,
./models/07_hype_5_32_0_src/model_hype.f90,model,SUBROUTINE,1477,set_outvar_xobs_scaled,
./models/07_hype_5_32_0_src/model_hype.f90,model,SUBROUTINE,1477,set_outvar_xobs_scaled,
./models/07_hype_5_32_0_src/model_hype.f90,model,SUBROUTINE,1477,set_outvar_xobs_scaled,
./models/07_hype_5_32_0_src/model_hype.f90,model,SUBROUTINE,1477,set_outvar_xobs_scaled,
./models/07_hype_5_32_0_src/model_hype.f90,model,SUBROUTINE,1477,set_outvar_xobs_scaled,
./models/07_hype_5_32_0_src/model_hype.f90,model,SUBROUTINE,1477,set_outvar_xobs_scaled,
./models/07_hype_5_32_0_src/model_hype.f90,model,SUBROUTINE,1477,set_outvar_xobs_scaled,
./models/07_hype_5_32_0_src/model_hype.f90,model,SUBROUTINE,1477,set_outvar_xobs_scaled,
./models/07_hype_5_32_0_src/model_hype.f90,model,SUBROUTINE,1477,set_outvar_xobs_scaled,
./models/07_hype_5_32_0_src/model_hype.f90,model,SUBROUTINE,1477,set_outvar_xobs_scaled,
./models/07_hype_5_32_0_src/model_hype.f90,model,SUBROUTINE,1477,set_outvar_xobs_scaled,
./models/07_hype_5_32_0_src/model_hype.f90,model,SUBROUTINE,1477,calculate_olake_waterstage,
./models/07_hype_5_32_0_src/model_hype.f90,model,SUBROUTINE,1477,calculate_olake_waterstage,
./models/07_hype_5_32_0_src/model_hype.f90,model,SUBROUTINE,1477,calculate_regamp_adjusted_waterstage,
./models/07_hype_5_32_0_src/model_hype.f90,model,SUBROUTINE,1477,calculate_olake_waterstage,
./models/07_hype_5_32_0_src/model_hype.f90,model,SUBROUTINE,1477,calculate_regamp_adjusted_waterstage,
./models/07_hype_5_32_0_src/model_hype.f90,model,SUBROUTINE,1477,compute_substance_load,
./models/07_hype_5_32_0_src/model_hype.f90,model,SUBROUTINE,1477,accumulate_class_load,
./models/07_hype_5_32_0_src/model_hype.f90,model,SUBROUTINE,1477,accumulate_class_load,
./models/07_hype_5_32_0_src/model_hype.f90,model,SUBROUTINE,1477,accumulate_basin_load,
./models/07_hype_5_32_0_src/model_hype.f90,model,SUBROUTINE,1477,accumulate_basin_load,
./models/07_hype_5_32_0_src/model_hype.f90,model,SUBROUTINE,1477,accumulate_basin_load,
./models/07_hype_5_32_0_src/model_hype.f90,model,SUBROUTINE,1477,accumulate_basin_load,
./models/07_hype_5_32_0_src/model_hype.f90,model,SUBROUTINE,1477,accumulate_basin_load,
./models/07_hype_5_32_0_src/model_hype.f90,model,SUBROUTINE,1477,accumulate_basin_load,
./models/07_hype_5_32_0_src/model_hype.f90,model,SUBROUTINE,1477,calculate_lake_volume_output,
./models/07_hype_5_32_0_src/model_hype.f90,model,SUBROUTINE,1477,set_all_observation_outvar,
./models/07_hype_5_32_0_src/model_hype.f90,model,SUBROUTINE,1477,calculate_aquifer,
./models/07_hype_5_32_0_src/model_hype.f90,model,SUBROUTINE,1477,set_all_aquifer_outvar,
./models/07_hype_5_32_0_src/model_hype.f90,model,SUBROUTINE,1477,accumulate_basin_load,
./models/07_hype_5_32_0_src/model_hype.f90,model,SUBROUTINE,1477,set_waterbalance_regional_flows,
./models/07_hype_5_32_0_src/model_hype.f90,model,SUBROUTINE,1477,calculate_delayed_water,
./models/07_hype_5_32_0_src/model_hype.f90,calculate_flow_for_lakebasin_lake,SUBROUTINE,5285,calculate_lakebasin_average_waterstage,
./models/07_hype_5_32_0_src/model_hype.f90,calculate_flow_for_lakebasin_lake,SUBROUTINE,5285,calculate_outflow_from_lakebasin_lake,
./models/07_hype_5_32_0_src/model_hype.f90,calculate_flow_for_lakebasin_lake,SUBROUTINE,5285,calculate_branched_flow,
./models/07_hype_5_32_0_src/model_hype.f90,calculate_flow_for_lakebasin_lake,SUBROUTINE,5285,check_connected_subbasins,
./models/07_hype_5_32_0_src/model_hype.f90,calculate_flow_for_lakebasin_lake,SUBROUTINE,5285,remove_outflow_from_lake,
./models/07_hype_5_32_0_src/model_hype.f90,calculate_flow_for_lakebasin_lake,SUBROUTINE,5285,add_water,
./models/07_hype_5_32_0_src/model_hype.f90,calculate_flow_for_lakebasin_lake,SUBROUTINE,5285,add_water,
./models/07_hype_5_32_0_src/model_hype.f90,calculate_flow_for_lakebasin_lake,SUBROUTINE,5285,remove_outflow_from_lake,
./models/07_hype_5_32_0_src/model_hype.f90,calculate_flow_for_lakebasin_lake,SUBROUTINE,5285,add_water,
./models/07_hype_5_32_0_src/model_hype.f90,calculate_flow_for_lakebasin_lake,SUBROUTINE,5285,remove_outflow_from_lake,
./models/07_hype_5_32_0_src/model_hype.f90,calculate_flow_for_lakebasin_lake,SUBROUTINE,5285,add_water,
./models/07_hype_5_32_0_src/model_hype.f90,calculate_flow_for_lakebasin_lake,SUBROUTINE,5285,add_water,
./models/07_hype_5_32_0_src/model_hype.f90,calculate_flow_for_lakebasin_lake,SUBROUTINE,5285,calculate_branched_flow,
./models/07_hype_5_32_0_src/model_hype.f90,calculate_flow_for_lakebasin_lake,SUBROUTINE,5285,apply_warupd,
./models/07_hype_5_32_0_src/model_hype.f90,calculate_flow_for_lakebasin_lake,SUBROUTINE,5285,apply_wendupd_lakebasin_lake,
./models/07_hype_5_32_0_src/model_hype.f90,calculate_flow_for_lakebasin_lake,SUBROUTINE,5285,calculate_branched_flow,
./models/07_hype_5_32_0_src/model_hype.f90,initiate_model,SUBROUTINE,1066,set_atmospheric_parameters_corrections,
./models/07_hype_5_32_0_src/model_hype.f90,initiate_model,SUBROUTINE,1066,initiate_soil_water,
./models/07_hype_5_32_0_src/model_hype.f90,initiate_model,SUBROUTINE,1066,calculate_soiltemp_memory,
./models/07_hype_5_32_0_src/model_hype.f90,initiate_model,SUBROUTINE,1066,sum_upstream_area,
./models/07_hype_5_32_0_src/model_hype.f90,initiate_model,SUBROUTINE,1066,calculate_landarea,
./models/07_hype_5_32_0_src/model_hype.f90,initiate_model,SUBROUTINE,1066,calculate_riverlength,
./models/07_hype_5_32_0_src/model_hype.f90,initiate_model,SUBROUTINE,1066,set_general_rating_k,
./models/07_hype_5_32_0_src/model_hype.f90,initiate_model,SUBROUTINE,1066,get_regest_parameter,
./models/07_hype_5_32_0_src/model_hype.f90,initiate_model,SUBROUTINE,1066,get_regest_parameter,
./models/07_hype_5_32_0_src/model_hype.f90,initiate_model,SUBROUTINE,1066,calculate_translation_time,
./models/07_hype_5_32_0_src/model_hype.f90,initiate_model,SUBROUTINE,1066,set_lake_outlets,
./models/07_hype_5_32_0_src/model_hype.f90,initiate_model,SUBROUTINE,1066,initiate_regional_groundwater_flow,
./models/07_hype_5_32_0_src/model_hype.f90,initiate_model,SUBROUTINE,1066,initiate_aquifer_model,
./models/07_hype_5_32_0_src/model_hype.f90,initiate_model,SUBROUTINE,1066,initiate_waterbalance_output,
./models/07_hype_5_32_0_src/model_hype.f90,initiate_model,SUBROUTINE,1066,calculate_delayed_water,
./models/07_hype_5_32_0_src/model_hype.f90,initiate_model,SUBROUTINE,1066,print_initial_waterbalance_stores,
./models/07_hype_5_32_0_src/model_hype.f90,calculate_local_river,SUBROUTINE,6083,add_diffuse_source_to_local_river,
./models/07_hype_5_32_0_src/model_hype.f90,calculate_local_river,SUBROUTINE,6083,translation_in_river,
./models/07_hype_5_32_0_src/model_hype.f90,calculate_local_river,SUBROUTINE,6083,add_water,
./models/07_hype_5_32_0_src/model_hype.f90,calculate_local_river,SUBROUTINE,6083,calculate_river_characteristics,
./models/07_hype_5_32_0_src/model_hype.f90,calculate_local_river,SUBROUTINE,6083,calculate_class_atmospheric_forcing,
./models/07_hype_5_32_0_src/model_hype.f90,calculate_local_river,SUBROUTINE,6083,calculate_rain_snow_from_precipitation,
./models/07_hype_5_32_0_src/model_hype.f90,calculate_local_river,SUBROUTINE,6083,get_rivertempvol,
./models/07_hype_5_32_0_src/model_hype.f90,calculate_local_river,SUBROUTINE,6083,set_class_precipitation_concentration_and_load,
./models/07_hype_5_32_0_src/model_hype.f90,calculate_local_river,SUBROUTINE,6083,set_class_precipitation_concentration_and_load,
./models/07_hype_5_32_0_src/model_hype.f90,calculate_local_river,SUBROUTINE,6083,add_deposition_to_river_as_load,
./models/07_hype_5_32_0_src/model_hype.f90,calculate_local_river,SUBROUTINE,6083,calculate_fractional_riverarea,
./models/07_hype_5_32_0_src/model_hype.f90,calculate_local_river,SUBROUTINE,6083,calculate_potential_evaporation,
./models/07_hype_5_32_0_src/model_hype.f90,calculate_local_river,SUBROUTINE,6083,calculate_river_evaporation,
./models/07_hype_5_32_0_src/model_hype.f90,calculate_local_river,SUBROUTINE,6083,calculate_class_outvar_add,
./models/07_hype_5_32_0_src/model_hype.f90,calculate_local_river,SUBROUTINE,6083,calculate_class_outvar_add,
./models/07_hype_5_32_0_src/model_hype.f90,calculate_local_river,SUBROUTINE,6083,calculate_class_outvar_add,
./models/07_hype_5_32_0_src/model_hype.f90,calculate_local_river,SUBROUTINE,6083,calculate_class_outvar_add,
./models/07_hype_5_32_0_src/model_hype.f90,calculate_local_river,SUBROUTINE,6083,calculate_class_atmospheric_forcing,
./models/07_hype_5_32_0_src/model_hype.f90,calculate_local_river,SUBROUTINE,6083,calculate_rain_snow_from_precipitation,
./models/07_hype_5_32_0_src/model_hype.f90,calculate_local_river,SUBROUTINE,6083,calculate_fractional_riverarea,
./models/07_hype_5_32_0_src/model_hype.f90,calculate_local_river,SUBROUTINE,6083,T2_processes_in_river,
./models/07_hype_5_32_0_src/model_hype.f90,calculate_local_river,SUBROUTINE,6083,ice_processes_in_river,
./models/07_hype_5_32_0_src/model_hype.f90,calculate_local_river,SUBROUTINE,6083,substance_processes_in_river,
./models/07_hype_5_32_0_src/model_hype.f90,calculate_local_river,SUBROUTINE,6083,tracer_processes_in_river,
./models/07_hype_5_32_0_src/model_hype.f90,calculate_local_river,SUBROUTINE,6083,remove_water,
./models/07_hype_5_32_0_src/model_hype.f90,calculate_local_river,SUBROUTINE,6083,get_rivertempvol,
./models/07_hype_5_32_0_src/model_hype.f90,calculate_class_outvar_for_substance_soil,SUBROUTINE,4528,calculate_class_outvar_add_accumulate,
./models/07_hype_5_32_0_src/model_hype.f90,calculate_class_outvar_for_substance_soil,SUBROUTINE,4528,calculate_class_outvar_add,
./models/07_hype_5_32_0_src/model_hype.f90,calculate_class_outvar_for_substance_soil,SUBROUTINE,4528,calculate_class_outvar_add,
./models/07_hype_5_32_0_src/model_hype.f90,calculate_class_outvar_for_substance_soil,SUBROUTINE,4528,calculate_class_outvar_add_accumulate,
./models/07_hype_5_32_0_src/model_hype.f90,calculate_class_outvar_for_substance_soil,SUBROUTINE,4528,calculate_class_outvar_add_accumulate,
./models/07_hype_5_32_0_src/model_hype.f90,calculate_class_outvar_for_substance_soil,SUBROUTINE,4528,calculate_class_outvar_add_accumulate,
./models/07_hype_5_32_0_src/model_hype.f90,calculate_class_outvar_for_substance_soil,SUBROUTINE,4528,calculate_class_outvar_add_accumulate,
./models/07_hype_5_32_0_src/model_hype.f90,calculate_class_outvar_for_substance_soil,SUBROUTINE,4528,calculate_class_outvar_add_accumulate,
./models/07_hype_5_32_0_src/model_hype.f90,calculate_class_outvar_for_substance_soil,SUBROUTINE,4528,calculate_class_outvar_add_accumulate,
./models/07_hype_5_32_0_src/model_hype.f90,calculate_class_outvar_for_substance_soil,SUBROUTINE,4528,calculate_class_outvar_add_accumulate,
./models/07_hype_5_32_0_src/model_hype.f90,calculate_class_outvar_for_substance_soil,SUBROUTINE,4528,calculate_class_outvar_add_accumulate,
./models/07_hype_5_32_0_src/model_hype.f90,calculate_class_outvar_for_substance_soil,SUBROUTINE,4528,calculate_class_outvar_add_accumulate,
./models/07_hype_5_32_0_src/model_hype.f90,calculate_class_outvar_for_substance_soil,SUBROUTINE,4528,calculate_class_outvar_add_accumulate,
./models/07_hype_5_32_0_src/model_hype.f90,calculate_class_outvar_for_substance_soil,SUBROUTINE,4528,calculate_class_outvar_add_accumulate,
./models/07_hype_5_32_0_src/model_hype.f90,calculate_class_outvar_for_substance_soil,SUBROUTINE,4528,calculate_class_outvar_add_accumulate,
./models/07_hype_5_32_0_src/model_hype.f90,calculate_class_outvar_for_substance_soil,SUBROUTINE,4528,calculate_class_outvar_add_accumulate,
./models/07_hype_5_32_0_src/model_hype.f90,calculate_class_outvar_for_substance_soil,SUBROUTINE,4528,calculate_class_outvar_add_accumulate,
./models/07_hype_5_32_0_src/model_hype.f90,calculate_class_outvar_for_substance_soil,SUBROUTINE,4528,calculate_class_outvar_add_accumulate,
./models/07_hype_5_32_0_src/model_hype.f90,calculate_class_outvar_for_substance_soil,SUBROUTINE,4528,calculate_class_outvar_add_accumulate,
./models/07_hype_5_32_0_src/model_hype.f90,calculate_class_outvar_for_substance_soil,SUBROUTINE,4528,calculate_class_outvar_add_accumulate,
./models/07_hype_5_32_0_src/model_hype.f90,calculate_class_outvar_for_substance_soil,SUBROUTINE,4528,calculate_class_outvar_add_accumulate,
./models/07_hype_5_32_0_src/model_hype.f90,calculate_class_outvar_for_substance_soil,SUBROUTINE,4528,calculate_class_outvar_add_accumulate,
./models/07_hype_5_32_0_src/model_hype.f90,calculate_class_outvar_for_substance_soil,SUBROUTINE,4528,calculate_class_outvar_add_accumulate,
./models/07_hype_5_32_0_src/model_hype.f90,calculate_class_outvar_for_substance_soil,SUBROUTINE,4528,calculate_class_outvar_add_accumulate,
./models/07_hype_5_32_0_src/model_hype.f90,calculate_class_outvar_for_substance_soil,SUBROUTINE,4528,calculate_class_outvar_add_accumulate,
./models/07_hype_5_32_0_src/model_hype.f90,calculate_class_outvar_for_substance_soil,SUBROUTINE,4528,calculate_class_outvar_add_accumulate,
./models/07_hype_5_32_0_src/model_hype.f90,calculate_class_outvar_for_substance_soil,SUBROUTINE,4528,calculate_class_outvar_add_accumulate,
./models/07_hype_5_32_0_src/model_hype.f90,calculate_local_lake_model,SUBROUTINE,6422,calculate_class_atmospheric_forcing,
./models/07_hype_5_32_0_src/model_hype.f90,calculate_local_lake_model,SUBROUTINE,6422,calculate_rain_snow_from_precipitation,
./models/07_hype_5_32_0_src/model_hype.f90,calculate_local_lake_model,SUBROUTINE,6422,set_class_precipitation_concentration_and_load,
./models/07_hype_5_32_0_src/model_hype.f90,calculate_local_lake_model,SUBROUTINE,6422,set_class_precipitation_concentration_and_load,
./models/07_hype_5_32_0_src/model_hype.f90,calculate_local_lake_model,SUBROUTINE,6422,add_deposition_to_lake_as_load,
./models/07_hype_5_32_0_src/model_hype.f90,calculate_local_lake_model,SUBROUTINE,6422,calculate_potential_evaporation,
./models/07_hype_5_32_0_src/model_hype.f90,calculate_local_lake_model,SUBROUTINE,6422,calculate_actual_lake_evaporation,
./models/07_hype_5_32_0_src/model_hype.f90,calculate_local_lake_model,SUBROUTINE,6422,calculate_class_outvar_add,
./models/07_hype_5_32_0_src/model_hype.f90,calculate_local_lake_model,SUBROUTINE,6422,calculate_class_outvar_add,
./models/07_hype_5_32_0_src/model_hype.f90,calculate_local_lake_model,SUBROUTINE,6422,calculate_class_outvar_add,
./models/07_hype_5_32_0_src/model_hype.f90,calculate_local_lake_model,SUBROUTINE,6422,calculate_class_outvar_add,
./models/07_hype_5_32_0_src/model_hype.f90,calculate_local_lake_model,SUBROUTINE,6422,calculate_class_outvar_add,
./models/07_hype_5_32_0_src/model_hype.f90,calculate_local_lake_model,SUBROUTINE,6422,calculate_class_outvar_add,
./models/07_hype_5_32_0_src/model_hype.f90,calculate_local_lake_model,SUBROUTINE,6422,add_water,
./models/07_hype_5_32_0_src/model_hype.f90,calculate_local_lake_model,SUBROUTINE,6422,tracer_processes_in_lake,
./models/07_hype_5_32_0_src/model_hype.f90,calculate_local_lake_model,SUBROUTINE,6422,substance_processes_in_lake,
./models/07_hype_5_32_0_src/model_hype.f90,calculate_local_lake_model,SUBROUTINE,6422,calculate_ilakesection_outflow,
./models/07_hype_5_32_0_src/model_hype.f90,calculate_local_lake_model,SUBROUTINE,6422,calculate_HDS_depressions_outflow,
./models/07_hype_5_32_0_src/model_hype.f90,calculate_local_lake_model,SUBROUTINE,6422,calculate_ilake_outflow,
./models/07_hype_5_32_0_src/model_hype.f90,calculate_internal_wetland,SUBROUTINE,5819,calculate_class_atmospheric_forcing,
./models/07_hype_5_32_0_src/model_hype.f90,calculate_internal_wetland,SUBROUTINE,5819,wetland_watermodel,
./models/07_hype_5_32_0_src/model_hype.f90,set_modelconfig_from_parameters,SUBROUTINE,803,set_class_current_soildepth,
./models/07_hype_5_32_0_src/model_hype.f90,set_modelconfig_from_parameters,SUBROUTINE,803,calculate_class_discharge_divisor,
./models/07_hype_5_32_0_src/model_hype.f90,initiate_model_state,SUBROUTINE,913,initiate_state_zero,
./models/07_hype_5_32_0_src/model_hype.f90,initiate_model_state,SUBROUTINE,913,initiate_soil_water_state,
./models/07_hype_5_32_0_src/model_hype.f90,initiate_model_state,SUBROUTINE,913,sum_upstream_area,
./models/07_hype_5_32_0_src/model_hype.f90,initiate_model_state,SUBROUTINE,913,calculate_landarea,
./models/07_hype_5_32_0_src/model_hype.f90,initiate_model_state,SUBROUTINE,913,calculate_riverlength,
./models/07_hype_5_32_0_src/model_hype.f90,initiate_model_state,SUBROUTINE,913,initiate_soil_npc_state,
./models/07_hype_5_32_0_src/model_hype.f90,initiate_model_state,SUBROUTINE,913,initiate_river_substance_state,
./models/07_hype_5_32_0_src/model_hype.f90,initiate_model_state,SUBROUTINE,913,initiate_lake_substance_state,
./models/07_hype_5_32_0_src/model_hype.f90,calculate_class_outvar_for_substance_soil_finish,SUBROUTINE,4688,calculate_class_outvar_finish,
./models/07_hype_5_32_0_src/model_hype.f90,calculate_class_outvar_for_substance_soil_finish,SUBROUTINE,4688,calculate_class_outvar_finish,
./models/07_hype_5_32_0_src/model_hype.f90,calculate_class_outvar_for_substance_soil_finish,SUBROUTINE,4688,calculate_class_outvar_finish,
./models/07_hype_5_32_0_src/model_hype.f90,calculate_class_outvar_for_substance_soil_finish,SUBROUTINE,4688,calculate_class_outvar_finish,
./models/07_hype_5_32_0_src/model_hype.f90,calculate_class_outvar_for_substance_soil_finish,SUBROUTINE,4688,calculate_class_outvar_finish,
./models/07_hype_5_32_0_src/model_hype.f90,calculate_class_outvar_for_substance_soil_finish,SUBROUTINE,4688,calculate_class_outvar_finish,
./models/07_hype_5_32_0_src/model_hype.f90,calculate_class_outvar_for_substance_soil_finish,SUBROUTINE,4688,calculate_class_outvar_finish,
./models/07_hype_5_32_0_src/model_hype.f90,calculate_class_outvar_for_substance_soil_finish,SUBROUTINE,4688,calculate_class_outvar_finish,
./models/07_hype_5_32_0_src/model_hype.f90,calculate_class_outvar_for_substance_soil_finish,SUBROUTINE,4688,set_class_outvar_missing,
./models/07_hype_5_32_0_src/model_hype.f90,calculate_class_outvar_for_substance_soil_finish,SUBROUTINE,4688,set_class_outvar_missing,
./models/07_hype_5_32_0_src/model_hype.f90,calculate_class_outvar_for_substance_soil_finish,SUBROUTINE,4688,set_class_outvar_missing,
./models/07_hype_5_32_0_src/model_hype.f90,calculate_class_outvar_for_substance_soil_finish,SUBROUTINE,4688,set_class_outvar_missing,
./models/07_hype_5_32_0_src/model_hype.f90,calculate_class_outvar_for_substance_soil_finish,SUBROUTINE,4688,set_class_outvar_missing,
./models/07_hype_5_32_0_src/model_hype.f90,calculate_class_outvar_for_substance_soil_finish,SUBROUTINE,4688,set_class_outvar_missing,
./models/07_hype_5_32_0_src/model_hype.f90,calculate_class_outvar_for_substance_soil_finish,SUBROUTINE,4688,set_class_outvar_missing,
./models/07_hype_5_32_0_src/model_hype.f90,calculate_class_outvar_for_substance_soil_finish,SUBROUTINE,4688,set_class_outvar_missing,
./models/07_hype_5_32_0_src/model_hype.f90,calculate_class_outvar_for_substance_soil_finish,SUBROUTINE,4688,calculate_class_outvar_finish_scale,
./models/07_hype_5_32_0_src/model_hype.f90,calculate_class_outvar_for_substance_soil_finish,SUBROUTINE,4688,calculate_class_outvar_finish_scale,
./models/07_hype_5_32_0_src/model_hype.f90,calculate_class_outvar_for_substance_soil_finish,SUBROUTINE,4688,calculate_class_outvar_finish_scale,
./models/07_hype_5_32_0_src/model_hype.f90,calculate_class_outvar_for_substance_soil_finish,SUBROUTINE,4688,calculate_class_outvar_finish_scale,
./models/07_hype_5_32_0_src/model_hype.f90,calculate_class_outvar_for_substance_soil_finish,SUBROUTINE,4688,set_class_outvar_missing,
./models/07_hype_5_32_0_src/model_hype.f90,calculate_class_outvar_for_substance_soil_finish,SUBROUTINE,4688,set_class_outvar_missing,
./models/07_hype_5_32_0_src/model_hype.f90,calculate_class_outvar_for_substance_soil_finish,SUBROUTINE,4688,set_class_outvar_missing,
./models/07_hype_5_32_0_src/model_hype.f90,calculate_class_outvar_for_substance_soil_finish,SUBROUTINE,4688,set_class_outvar_missing,
./models/07_hype_5_32_0_src/model_hype.f90,calculate_class_outvar_for_substance_soil_finish,SUBROUTINE,4688,set_class_outvar_missing,
./models/07_hype_5_32_0_src/model_hype.f90,calculate_class_outvar_for_substance_soil_finish,SUBROUTINE,4688,set_class_outvar_missing,
./models/07_hype_5_32_0_src/model_hype.f90,calculate_class_outvar_for_substance_soil_finish,SUBROUTINE,4688,set_class_outvar_missing,
./models/07_hype_5_32_0_src/model_hype.f90,calculate_class_outvar_for_substance_soil_finish,SUBROUTINE,4688,set_class_outvar_missing,
./models/07_hype_5_32_0_src/model_hype.f90,calculate_class_outvar_for_substance_soil_finish,SUBROUTINE,4688,calculate_class_outvar_finish,
./models/07_hype_5_32_0_src/model_hype.f90,calculate_class_outvar_for_substance_soil_finish,SUBROUTINE,4688,calculate_class_outvar_finish,
./models/07_hype_5_32_0_src/model_hype.f90,calculate_class_outvar_for_substance_soil_finish,SUBROUTINE,4688,calculate_class_outvar_finish_scale,
./models/07_hype_5_32_0_src/model_hype.f90,calculate_class_outvar_for_substance_soil_finish,SUBROUTINE,4688,calculate_class_outvar_finish,
./models/07_hype_5_32_0_src/model_hype.f90,calculate_class_outvar_for_substance_soil_finish,SUBROUTINE,4688,calculate_class_outvar_finish,
./models/07_hype_5_32_0_src/model_hype.f90,calculate_class_outvar_for_substance_soil_finish,SUBROUTINE,4688,calculate_class_outvar_finish,
./models/07_hype_5_32_0_src/model_hype.f90,calculate_class_outvar_for_substance_soil_finish,SUBROUTINE,4688,calculate_class_outvar_finish,
./models/07_hype_5_32_0_src/model_hype.f90,calculate_class_outvar_for_substance_soil_finish,SUBROUTINE,4688,calculate_class_outvar_finish,
./models/07_hype_5_32_0_src/model_hype.f90,calculate_class_outvar_for_substance_soil_finish,SUBROUTINE,4688,calculate_class_outvar_finish,
./models/07_hype_5_32_0_src/model_hype.f90,calculate_class_outvar_for_substance_soil_finish,SUBROUTINE,4688,calculate_class_outvar_finish,
./models/07_hype_5_32_0_src/model_hype.f90,calculate_class_outvar_for_substance_soil_finish,SUBROUTINE,4688,calculate_class_outvar_finish,
./models/07_hype_5_32_0_src/model_hype.f90,calculate_class_outvar_for_substance_soil_finish,SUBROUTINE,4688,calculate_class_outvar_finish,
./models/07_hype_5_32_0_src/model_hype.f90,calculate_class_outvar_for_substance_soil_finish,SUBROUTINE,4688,calculate_class_outvar_finish,
./models/07_hype_5_32_0_src/model_hype.f90,calculate_class_outvar_for_substance_soil_finish,SUBROUTINE,4688,calculate_class_outvar_finish,
./models/07_hype_5_32_0_src/model_hype.f90,calculate_class_outvar_for_substance_soil_finish,SUBROUTINE,4688,calculate_class_outvar_finish,
./models/07_hype_5_32_0_src/model_hype.f90,calculate_class_outvar_for_substance_soil_finish,SUBROUTINE,4688,calculate_class_outvar_finish,
./models/07_hype_5_32_0_src/model_hype.f90,calculate_class_outvar_for_substance_soil_finish,SUBROUTINE,4688,calculate_class_outvar_finish,
./models/07_hype_5_32_0_src/model_hype.f90,calculate_class_outvar_for_substance_soil_finish,SUBROUTINE,4688,set_class_outvar_missing,
./models/07_hype_5_32_0_src/model_hype.f90,calculate_class_outvar_for_substance_soil_finish,SUBROUTINE,4688,set_class_outvar_missing,
./models/07_hype_5_32_0_src/model_hype.f90,calculate_class_outvar_for_substance_soil_finish,SUBROUTINE,4688,set_class_outvar_missing,
./models/07_hype_5_32_0_src/model_hype.f90,calculate_class_outvar_for_substance_soil_finish,SUBROUTINE,4688,set_class_outvar_missing,
./models/07_hype_5_32_0_src/model_hype.f90,calculate_class_outvar_for_substance_soil_finish,SUBROUTINE,4688,set_class_outvar_missing,
./models/07_hype_5_32_0_src/model_hype.f90,calculate_class_outvar_for_substance_soil_finish,SUBROUTINE,4688,set_class_outvar_missing,
./models/07_hype_5_32_0_src/model_hype.f90,calculate_class_outvar_for_substance_soil_finish,SUBROUTINE,4688,set_class_outvar_missing,
./models/07_hype_5_32_0_src/model_hype.f90,calculate_class_outvar_for_substance_soil_finish,SUBROUTINE,4688,set_class_outvar_missing,
./models/07_hype_5_32_0_src/model_hype.f90,calculate_class_outvar_for_substance_soil_finish,SUBROUTINE,4688,set_class_outvar_missing,
./models/07_hype_5_32_0_src/model_hype.f90,calculate_class_outvar_for_substance_soil_finish,SUBROUTINE,4688,set_class_outvar_missing,
./models/07_hype_5_32_0_src/model_hype.f90,calculate_class_outvar_for_substance_soil_finish,SUBROUTINE,4688,set_class_outvar_missing,
./models/07_hype_5_32_0_src/model_hype.f90,calculate_class_outvar_for_substance_soil_finish,SUBROUTINE,4688,set_class_outvar_missing,
./models/07_hype_5_32_0_src/model_hype.f90,calculate_class_outvar_for_substance_soil_finish,SUBROUTINE,4688,set_class_outvar_missing,
./models/07_hype_5_32_0_src/model_hype.f90,calculate_class_outvar_for_substance_soil_finish,SUBROUTINE,4688,set_class_outvar_missing,
./models/07_hype_5_32_0_src/model_hype.f90,calculate_class_outvar_for_substance_soil_finish,SUBROUTINE,4688,set_class_outvar_missing,
./models/07_hype_5_32_0_src/model_hype.f90,calculate_class_outvar_for_substance_soil_finish,SUBROUTINE,4688,set_class_outvar_missing,
./models/07_hype_5_32_0_src/model_hype.f90,calculate_class_outvar_for_substance_soil_finish,SUBROUTINE,4688,set_class_outvar_missing,
./models/07_hype_5_32_0_src/model_hype.f90,calculate_class_outvar_for_substance_soil_finish,SUBROUTINE,4688,set_class_outvar_missing,
./models/07_hype_5_32_0_src/model_hype.f90,calculate_lake_volume_output,SUBROUTINE,4183,calculate_lake_volume,
./models/07_hype_5_32_0_src/model_hype.f90,calculate_lake_volume_output,SUBROUTINE,4183,calculate_lake_volume,
./models/07_hype_5_32_0_src/model_hype.f90,set_output_runoff_concentrations_leakagemodel1,SUBROUTINE,4812,calculate_class_outvar_initialize,
./models/07_hype_5_32_0_src/model_hype.f90,set_output_runoff_concentrations_leakagemodel1,SUBROUTINE,4812,calculate_class_outvar_add,
./models/07_hype_5_32_0_src/model_hype.f90,set_output_runoff_concentrations_leakagemodel1,SUBROUTINE,4812,calculate_class_outvar_finish,
./models/07_hype_5_32_0_src/model_hype.f90,set_output_runoff_concentrations_leakagemodel1,SUBROUTINE,4812,calculate_class_outvar_initialize,
./models/07_hype_5_32_0_src/model_hype.f90,set_output_runoff_concentrations_leakagemodel1,SUBROUTINE,4812,calculate_class_outvar_add,
./models/07_hype_5_32_0_src/model_hype.f90,set_output_runoff_concentrations_leakagemodel1,SUBROUTINE,4812,calculate_class_outvar_finish,
./models/07_hype_5_32_0_src/model_hype.f90,set_output_runoff_concentrations_leakagemodel1,SUBROUTINE,4812,calculate_class_outvar_initialize,
./models/07_hype_5_32_0_src/model_hype.f90,set_output_runoff_concentrations_leakagemodel1,SUBROUTINE,4812,calculate_class_outvar_initialize,
./models/07_hype_5_32_0_src/model_hype.f90,set_output_runoff_concentrations_leakagemodel1,SUBROUTINE,4812,calculate_class_outvar_initialize,
./models/07_hype_5_32_0_src/model_hype.f90,set_output_runoff_concentrations_leakagemodel1,SUBROUTINE,4812,calculate_class_outvar_add,
./models/07_hype_5_32_0_src/model_hype.f90,set_output_runoff_concentrations_leakagemodel1,SUBROUTINE,4812,calculate_class_outvar_add,
./models/07_hype_5_32_0_src/model_hype.f90,set_output_runoff_concentrations_leakagemodel1,SUBROUTINE,4812,calculate_class_outvar_initialize,
./models/07_hype_5_32_0_src/model_hype.f90,set_output_runoff_concentrations_leakagemodel1,SUBROUTINE,4812,calculate_class_outvar_initialize,
./models/07_hype_5_32_0_src/model_hype.f90,set_output_runoff_concentrations_leakagemodel1,SUBROUTINE,4812,calculate_class_outvar_initialize,
./models/07_hype_5_32_0_src/model_hype.f90,set_output_runoff_concentrations_leakagemodel1,SUBROUTINE,4812,calculate_class_outvar_add,
./models/07_hype_5_32_0_src/model_hype.f90,set_output_runoff_concentrations_leakagemodel1,SUBROUTINE,4812,calculate_class_outvar_add,
./models/07_hype_5_32_0_src/model_hype.f90,set_output_runoff_concentrations_leakagemodel1,SUBROUTINE,4812,calculate_class_outvar_initialize,
./models/07_hype_5_32_0_src/model_hype.f90,set_output_runoff_concentrations_leakagemodel1,SUBROUTINE,4812,calculate_class_outvar_add,
./models/07_hype_5_32_0_src/model_hype.f90,set_output_runoff_concentrations_leakagemodel1,SUBROUTINE,4812,calculate_class_outvar_finish,
./models/07_hype_5_32_0_src/model_hype.f90,set_output_runoff_concentrations_leakagemodel1,SUBROUTINE,4812,calculate_class_outvar_initialize,
./models/07_hype_5_32_0_src/model_hype.f90,set_output_runoff_concentrations_leakagemodel1,SUBROUTINE,4812,calculate_class_outvar_add,
./models/07_hype_5_32_0_src/model_hype.f90,set_output_runoff_concentrations_leakagemodel1,SUBROUTINE,4812,calculate_class_outvar_finish,
./models/07_hype_5_32_0_src/model_hype.f90,set_output_runoff_concentrations_leakagemodel1,SUBROUTINE,4812,calculate_class_outvar_initialize,
./models/07_hype_5_32_0_src/model_hype.f90,set_output_runoff_concentrations_leakagemodel1,SUBROUTINE,4812,calculate_class_outvar_add,
./models/07_hype_5_32_0_src/model_hype.f90,set_output_runoff_concentrations_leakagemodel1,SUBROUTINE,4812,calculate_class_outvar_finish,
./models/07_hype_5_32_0_src/model_hype.f90,set_all_observation_outvar,SUBROUTINE,4918,set_outvar_xobs,
./models/07_hype_5_32_0_src/model_hype.f90,set_all_observation_outvar,SUBROUTINE,4918,set_outvar_xobs,
./models/07_hype_5_32_0_src/model_hype.f90,set_all_observation_outvar,SUBROUTINE,4918,set_outvar_xobs,
./models/07_hype_5_32_0_src/model_hype.f90,set_all_observation_outvar,SUBROUTINE,4918,set_outvar_xobs,
./models/07_hype_5_32_0_src/model_hype.f90,set_all_observation_outvar,SUBROUTINE,4918,set_outvar_xobs,
./models/07_hype_5_32_0_src/model_hype.f90,set_all_observation_outvar,SUBROUTINE,4918,set_outvar_xobs,
./models/07_hype_5_32_0_src/model_hype.f90,set_all_observation_outvar,SUBROUTINE,4918,set_outvar_xobs,
./models/07_hype_5_32_0_src/model_hype.f90,set_all_observation_outvar,SUBROUTINE,4918,set_outvar_xobs,
./models/07_hype_5_32_0_src/model_hype.f90,set_all_observation_outvar,SUBROUTINE,4918,set_outvar_xobs,
./models/07_hype_5_32_0_src/model_hype.f90,set_all_observation_outvar,SUBROUTINE,4918,set_outvar_xobs,
./models/07_hype_5_32_0_src/model_hype.f90,set_all_observation_outvar,SUBROUTINE,4918,set_outvar_xobs,
./models/07_hype_5_32_0_src/model_hype.f90,set_all_observation_outvar,SUBROUTINE,4918,set_outvar_xobs,
./models/07_hype_5_32_0_src/model_hype.f90,set_all_observation_outvar,SUBROUTINE,4918,set_outvar_xobs,
./models/07_hype_5_32_0_src/model_hype.f90,set_all_observation_outvar,SUBROUTINE,4918,set_outvar_xobs,
./models/07_hype_5_32_0_src/model_hype.f90,set_all_observation_outvar,SUBROUTINE,4918,set_outvar_xobs,
./models/07_hype_5_32_0_src/model_hype.f90,set_all_observation_outvar,SUBROUTINE,4918,set_outvar_xobs,
./models/07_hype_5_32_0_src/model_hype.f90,set_all_observation_outvar,SUBROUTINE,4918,set_outvar_xobs,
./models/07_hype_5_32_0_src/model_hype.f90,set_all_observation_outvar,SUBROUTINE,4918,set_outvar_xobs,
./models/07_hype_5_32_0_src/model_hype.f90,set_all_observation_outvar,SUBROUTINE,4918,set_outvar_xobs,
./models/07_hype_5_32_0_src/model_hype.f90,set_all_observation_outvar,SUBROUTINE,4918,set_outvar_xobs,
./models/07_hype_5_32_0_src/model_hype.f90,set_all_observation_outvar,SUBROUTINE,4918,set_outvar_xobs,
./models/07_hype_5_32_0_src/model_hype.f90,set_all_observation_outvar,SUBROUTINE,4918,set_outvar_xobs,
./models/07_hype_5_32_0_src/model_hype.f90,set_all_observation_outvar,SUBROUTINE,4918,set_outvar_xobs,
./models/07_hype_5_32_0_src/model_hype.f90,set_all_observation_outvar,SUBROUTINE,4918,set_outvar_xobs,
./models/07_hype_5_32_0_src/model_hype.f90,set_all_observation_outvar,SUBROUTINE,4918,set_outvar_xobs,
./models/07_hype_5_32_0_src/model_hype.f90,set_all_observation_outvar,SUBROUTINE,4918,set_outvar_xobs,
./models/07_hype_5_32_0_src/model_hype.f90,set_all_observation_outvar,SUBROUTINE,4918,set_outvar_xobs,
./models/07_hype_5_32_0_src/model_hype.f90,set_all_observation_outvar,SUBROUTINE,4918,set_outvar_xobs,
./models/07_hype_5_32_0_src/model_hype.f90,set_all_observation_outvar,SUBROUTINE,4918,set_outvar_xobs,
./models/07_hype_5_32_0_src/model_hype.f90,set_all_observation_outvar,SUBROUTINE,4918,set_outvar_xobs,
./models/07_hype_5_32_0_src/model_hype.f90,set_all_observation_outvar,SUBROUTINE,4918,set_outvar_xobs,
./models/07_hype_5_32_0_src/model_hype.f90,set_all_observation_outvar,SUBROUTINE,4918,set_outvar_xobs,
./models/07_hype_5_32_0_src/model_hype.f90,set_all_observation_outvar,SUBROUTINE,4918,set_outvar_xobs,
./models/07_hype_5_32_0_src/model_hype.f90,set_all_observation_outvar,SUBROUTINE,4918,set_outvar_xobs,
./models/07_hype_5_32_0_src/model_hype.f90,set_all_observation_outvar,SUBROUTINE,4918,set_outvar_xobs,
./models/07_hype_5_32_0_src/model_hype.f90,set_all_observation_outvar,SUBROUTINE,4918,set_outvar_xobs,
./models/07_hype_5_32_0_src/model_hype.f90,set_all_observation_outvar,SUBROUTINE,4918,set_outvar_xobs,
./models/07_hype_5_32_0_src/model_hype.f90,set_all_observation_outvar,SUBROUTINE,4918,set_outvar_xobs,
./models/07_hype_5_32_0_src/model_hype.f90,set_all_observation_outvar,SUBROUTINE,4918,set_outvar_xobs,
./models/07_hype_5_32_0_src/model_hype.f90,set_all_observation_outvar,SUBROUTINE,4918,set_outvar_xobs,
./models/07_hype_5_32_0_src/model_hype.f90,set_all_observation_outvar,SUBROUTINE,4918,set_outvar_xobs,
./models/07_hype_5_32_0_src/model_hype.f90,set_all_observation_outvar,SUBROUTINE,4918,set_outvar_xobs,
./models/07_hype_5_32_0_src/model_hype.f90,set_all_observation_outvar,SUBROUTINE,4918,set_outvar_xobs,
./models/07_hype_5_32_0_src/model_hype.f90,set_all_observation_outvar,SUBROUTINE,4918,set_outvar_xobs,
./models/07_hype_5_32_0_src/model_hype.f90,set_all_observation_outvar,SUBROUTINE,4918,set_outvar_xobs,
./models/07_hype_5_32_0_src/model_hype.f90,set_all_observation_outvar,SUBROUTINE,4918,set_outvar_xobs,
./models/07_hype_5_32_0_src/model_hype.f90,set_all_observation_outvar,SUBROUTINE,4918,set_outvar_xobs,
./models/07_hype_5_32_0_src/model_hype.f90,set_all_observation_outvar,SUBROUTINE,4918,set_outvar_xobs,
./models/07_hype_5_32_0_src/model_hype.f90,set_all_observation_outvar,SUBROUTINE,4918,set_outvar_xobsmean,
./models/07_hype_5_32_0_src/model_hype.f90,set_all_observation_outvar,SUBROUTINE,4918,set_outvar_xobsstate,
./models/07_hype_5_32_0_src/model_hype.f90,set_all_observation_outvar,SUBROUTINE,4918,set_outvar_xobs,
./models/07_hype_5_32_0_src/model_hype.f90,set_all_observation_outvar,SUBROUTINE,4918,set_outvar_xobs,
./models/07_hype_5_32_0_src/model_hype.f90,set_all_observation_outvar,SUBROUTINE,4918,set_outvar_xobs,
./models/07_hype_5_32_0_src/model_hype.f90,set_all_observation_outvar,SUBROUTINE,4918,set_outvar_xobs,
./models/07_hype_5_32_0_src/model_hype.f90,set_all_observation_outvar,SUBROUTINE,4918,set_outvar_xobs,
./models/07_hype_5_32_0_src/model_hype.f90,set_all_observation_outvar,SUBROUTINE,4918,set_outvar_xobs,
./models/07_hype_5_32_0_src/model_hype.f90,set_all_observation_outvar,SUBROUTINE,4918,set_outvar_xobs,
./models/07_hype_5_32_0_src/model_hype.f90,set_all_observation_outvar,SUBROUTINE,4918,set_outvar_xobs,
./models/07_hype_5_32_0_src/model_hype.f90,set_all_observation_outvar,SUBROUTINE,4918,set_outvar_xobs,
./models/07_hype_5_32_0_src/model_hype.f90,set_all_observation_outvar,SUBROUTINE,4918,set_outvar_xobs,
./models/07_hype_5_32_0_src/model_hype.f90,set_all_observation_outvar,SUBROUTINE,4918,set_outvar_xobs,
./models/07_hype_5_32_0_src/model_hype.f90,set_all_observation_outvar,SUBROUTINE,4918,set_outvar_xobs,
./models/07_hype_5_32_0_src/model_hype.f90,set_all_observation_outvar,SUBROUTINE,4918,set_outvar_xobs,
./models/07_hype_5_32_0_src/model_hype.f90,set_all_observation_outvar,SUBROUTINE,4918,set_outvar_xobs,
./models/07_hype_5_32_0_src/model_hype.f90,set_all_observation_outvar,SUBROUTINE,4918,set_outvar_xobs,
./models/07_hype_5_32_0_src/model_hype.f90,calculate_flow_from_undivided_lake,SUBROUTINE,5163,calculate_outflow_from_outlet_lake,
./models/07_hype_5_32_0_src/model_hype.f90,calculate_flow_from_undivided_lake,SUBROUTINE,5163,remove_outflow_from_lake,
./models/07_hype_5_32_0_src/model_hype.f90,calculate_flow_from_undivided_lake,SUBROUTINE,5163,apply_warupd,
./models/07_hype_5_32_0_src/model_hype.f90,calculate_flow_from_undivided_lake,SUBROUTINE,5163,apply_wendupd,
./models/07_hype_5_32_0_src/model_hype.f90,calculate_flow_from_undivided_lake,SUBROUTINE,5163,recalculate_branched_flow,
./models/07_hype_5_32_0_src/model_hype.f90,calculate_outlet_wetland,SUBROUTINE,5978,calculate_class_atmospheric_forcing,
./models/07_hype_5_32_0_src/model_hype.f90,calculate_outlet_wetland,SUBROUTINE,5978,wetland_watermodel,
./models/07_hype_5_32_0_src/model_hype.f90,calculate_outlet_wetland,SUBROUTINE,5978,calculate_branched_flow,
./models/07_hype_5_32_0_src/model_hype.f90,calculate_special_model_parameters,SUBROUTINE,685,calculate_landarea,
./models/07_hype_5_32_0_src/model_hype.f90,calculate_special_model_parameters,SUBROUTINE,685,calculate_riverlength,
./models/07_hype_5_32_0_src/model_hype.f90,calculate_special_model_parameters,SUBROUTINE,685,calculate_translation_time,
./models/07_hype_5_32_0_src/model_hype.f90,calculate_special_model_parameters,SUBROUTINE,685,get_regest_parameter,
./models/07_hype_5_32_0_src/model_hype.f90,calculate_special_model_parameters,SUBROUTINE,685,get_regest_parameter,
./models/07_hype_5_32_0_src/model_hype.f90,calculate_special_model_parameters,SUBROUTINE,685,calculate_translation_time,
./models/07_hype_5_32_0_src/model_hype.f90,reinitiate_model_at_timestep,SUBROUTINE,1447,calculate_soiltemp_memory,
./models/07_hype_5_32_0_src/npc_soil_proc.f90,crop_sources,SUBROUTINE,521,find_croppart,
./models/07_hype_5_32_0_src/npc_soil_proc.f90,crop_sources,SUBROUTINE,521,add_source_to_water,
./models/07_hype_5_32_0_src/npc_soil_proc.f90,crop_sources,SUBROUTINE,521,production_pool,
./models/07_hype_5_32_0_src/npc_soil_proc.f90,crop_sources,SUBROUTINE,521,production_pool,
./models/07_hype_5_32_0_src/npc_soil_proc.f90,crop_sources,SUBROUTINE,521,production_pool,
./models/07_hype_5_32_0_src/npc_soil_proc.f90,crop_sources,SUBROUTINE,521,add_source_to_water,
./models/07_hype_5_32_0_src/npc_soil_proc.f90,crop_sources,SUBROUTINE,521,production_pool,
./models/07_hype_5_32_0_src/npc_soil_proc.f90,crop_sources,SUBROUTINE,521,production_pool,
./models/07_hype_5_32_0_src/npc_soil_proc.f90,crop_sources,SUBROUTINE,521,production_pool,
./models/07_hype_5_32_0_src/npc_soil_proc.f90,crop_sources,SUBROUTINE,521,production_pool,
./models/07_hype_5_32_0_src/npc_soil_proc.f90,crop_sources,SUBROUTINE,521,production_pool,
./models/07_hype_5_32_0_src/npc_soil_proc.f90,crop_sources,SUBROUTINE,521,production_pool,
./models/07_hype_5_32_0_src/npc_soil_proc.f90,crop_sources,SUBROUTINE,521,production_pool,
./models/07_hype_5_32_0_src/npc_soil_proc.f90,crop_sources,SUBROUTINE,521,production_pool,
./models/07_hype_5_32_0_src/npc_soil_proc.f90,crop_sources,SUBROUTINE,521,production_pool,
./models/07_hype_5_32_0_src/npc_soil_proc.f90,crop_sources,SUBROUTINE,521,production_pool,
./models/07_hype_5_32_0_src/npc_soil_proc.f90,crop_sources,SUBROUTINE,521,production_pool,
./models/07_hype_5_32_0_src/npc_soil_proc.f90,crop_sources,SUBROUTINE,521,production_pool,
./models/07_hype_5_32_0_src/npc_soil_proc.f90,crop_sources,SUBROUTINE,521,production_pool,
./models/07_hype_5_32_0_src/npc_soil_proc.f90,particle_processes_for_runoff,SUBROUTINE,774,calculate_MMF_erosion,
./models/07_hype_5_32_0_src/npc_soil_proc.f90,particle_processes_for_runoff,SUBROUTINE,774,retention_pool,
./models/07_hype_5_32_0_src/npc_soil_proc.f90,particle_processes_for_runoff,SUBROUTINE,774,retention_pool,
./models/07_hype_5_32_0_src/npc_soil_proc.f90,particle_processes_for_runoff,SUBROUTINE,774,calculate_delay_pool_processes,
./models/07_hype_5_32_0_src/npc_soil_proc.f90,particle_processes_for_runoff,SUBROUTINE,774,calculate_hbvsed_erosion,
./models/07_hype_5_32_0_src/npc_soil_proc.f90,particle_processes_for_runoff,SUBROUTINE,774,retention_pool,
./models/07_hype_5_32_0_src/npc_soil_proc.f90,particle_processes_for_runoff,SUBROUTINE,774,retention_pool,
./models/07_hype_5_32_0_src/npc_soil_proc.f90,particle_processes_for_runoff,SUBROUTINE,774,calculate_hbvsed_erosion,
./models/07_hype_5_32_0_src/npc_soil_proc.f90,particle_processes_for_runoff,SUBROUTINE,774,retention_pool,
./models/07_hype_5_32_0_src/npc_soil_proc.f90,particle_processes_for_runoff,SUBROUTINE,774,retention_pool,
./models/07_hype_5_32_0_src/npc_soil_proc.f90,particle_processes_for_runoff,SUBROUTINE,774,calculate_delay_pool_processes,
./models/07_hype_5_32_0_src/npc_soil_proc.f90,calculate_plant,SUBROUTINE,358,find_croppart,
./models/07_hype_5_32_0_src/npc_soil_proc.f90,calculate_plant,SUBROUTINE,358,find_croppart,
./models/07_hype_5_32_0_src/npc_soil_proc.f90,calculate_plant,SUBROUTINE,358,find_croppart,
./models/07_hype_5_32_0_src/npc_soil_proc.f90,get_current_crop_and_ground_cover,SUBROUTINE,1172,find_croppart,
./models/07_hype_5_32_0_src/npc_soil_proc.f90,soil_carbon_pool_transformations,SUBROUTINE,2482,retention_pool,
./models/07_hype_5_32_0_src/npc_soil_proc.f90,soil_carbon_pool_transformations,SUBROUTINE,2482,production_pool,
./models/07_hype_5_32_0_src/npc_soil_proc.f90,soil_carbon_pool_transformations,SUBROUTINE,2482,retention_pool,
./models/07_hype_5_32_0_src/npc_soil_proc.f90,soil_carbon_pool_transformations,SUBROUTINE,2482,production_pool,
./models/07_hype_5_32_0_src/npc_soil_proc.f90,soil_carbon_pool_transformations,SUBROUTINE,2482,retention_pool,
./models/07_hype_5_32_0_src/npc_soil_proc.f90,soil_carbon_pool_transformations,SUBROUTINE,2482,production_pool,
./models/07_hype_5_32_0_src/npc_soil_proc.f90,soil_carbon_pool_transformations,SUBROUTINE,2482,retention_pool,
./models/07_hype_5_32_0_src/npc_soil_proc.f90,soil_carbon_pool_transformations,SUBROUTINE,2482,production_pool,
./models/07_hype_5_32_0_src/npc_soil_proc.f90,soil_carbon_pool_transformations,SUBROUTINE,2482,retention_pool,
./models/07_hype_5_32_0_src/npc_soil_proc.f90,soil_carbon_pool_transformations,SUBROUTINE,2482,production_pool,
./models/07_hype_5_32_0_src/npc_soil_proc.f90,soil_carbon_pool_transformations,SUBROUTINE,2482,retention_pool,
./models/07_hype_5_32_0_src/npc_soil_proc.f90,soil_carbon_pool_transformations,SUBROUTINE,2482,production_pool,
./models/07_hype_5_32_0_src/npc_soil_proc.f90,soil_carbon_pool_transformations,SUBROUTINE,2482,retention_pool,
./models/07_hype_5_32_0_src/npc_soil_proc.f90,soil_carbon_pool_transformations,SUBROUTINE,2482,production_pool,
./models/07_hype_5_32_0_src/npc_soil_proc.f90,soil_carbon_pool_transformations,SUBROUTINE,2482,retention_pool,
./models/07_hype_5_32_0_src/npc_soil_proc.f90,soil_carbon_pool_transformations,SUBROUTINE,2482,production_pool,
./models/07_hype_5_32_0_src/npc_soil_proc.f90,soil_carbon_pool_transformations,SUBROUTINE,2482,retention_pool,
./models/07_hype_5_32_0_src/npc_soil_proc.f90,soil_carbon_pool_transformations,SUBROUTINE,2482,production_pool,
./models/07_hype_5_32_0_src/npc_soil_proc.f90,soil_carbon_pool_transformations,SUBROUTINE,2482,retention_pool,
./models/07_hype_5_32_0_src/npc_soil_proc.f90,soil_carbon_pool_transformations,SUBROUTINE,2482,production_pool,
./models/07_hype_5_32_0_src/npc_soil_proc.f90,soil_carbon_pool_transformations,SUBROUTINE,2482,retention_pool,
./models/07_hype_5_32_0_src/npc_soil_proc.f90,soil_carbon_pool_transformations,SUBROUTINE,2482,production_pool,
./models/07_hype_5_32_0_src/npc_soil_proc.f90,soil_carbon_pool_transformations,SUBROUTINE,2482,retention_pool,
./models/07_hype_5_32_0_src/npc_soil_proc.f90,soil_carbon_pool_transformations,SUBROUTINE,2482,production_pool,
./models/07_hype_5_32_0_src/npc_soil_proc.f90,soil_carbon_pool_transformations,SUBROUTINE,2482,retention_pool,
./models/07_hype_5_32_0_src/npc_soil_proc.f90,soil_carbon_pool_transformations,SUBROUTINE,2482,production_pool,
./models/07_hype_5_32_0_src/npc_soil_proc.f90,soil_carbon_pool_transformations,SUBROUTINE,2482,retention_pool,
./models/07_hype_5_32_0_src/npc_soil_proc.f90,soil_carbon_pool_transformations,SUBROUTINE,2482,production_pool,
./models/07_hype_5_32_0_src/npc_soil_proc.f90,soil_carbon_pool_transformations,SUBROUTINE,2482,retention_pool,
./models/07_hype_5_32_0_src/npc_soil_proc.f90,soil_carbon_pool_transformations,SUBROUTINE,2482,production_pool,
./models/07_hype_5_32_0_src/npc_soil_proc.f90,soil_pool_transformations,SUBROUTINE,1757,retention_pool,
./models/07_hype_5_32_0_src/npc_soil_proc.f90,soil_pool_transformations,SUBROUTINE,1757,retention_pool,
./models/07_hype_5_32_0_src/npc_soil_proc.f90,soil_pool_transformations,SUBROUTINE,1757,production_pool,
./models/07_hype_5_32_0_src/npc_soil_proc.f90,soil_pool_transformations,SUBROUTINE,1757,retention_pool,
./models/07_hype_5_32_0_src/npc_soil_proc.f90,soil_pool_transformations,SUBROUTINE,1757,retention_pool,
./models/07_hype_5_32_0_src/npc_soil_proc.f90,soil_pool_transformations,SUBROUTINE,1757,production_pool,
./models/07_hype_5_32_0_src/npc_soil_proc.f90,soil_pool_transformations,SUBROUTINE,1757,production_pool,
./models/07_hype_5_32_0_src/npc_soil_proc.f90,soil_pool_transformations,SUBROUTINE,1757,retention_pool,
./models/07_hype_5_32_0_src/npc_soil_proc.f90,soil_pool_transformations,SUBROUTINE,1757,retention_pool,
./models/07_hype_5_32_0_src/npc_soil_proc.f90,soil_pool_transformations,SUBROUTINE,1757,production_pool,
./models/07_hype_5_32_0_src/npc_soil_proc.f90,soil_pool_transformations,SUBROUTINE,1757,retention_pool,
./models/07_hype_5_32_0_src/npc_soil_proc.f90,soil_pool_transformations,SUBROUTINE,1757,retention_pool,
./models/07_hype_5_32_0_src/npc_soil_proc.f90,soil_pool_transformations,SUBROUTINE,1757,production_pool,
./models/07_hype_5_32_0_src/npc_soil_proc.f90,soil_pool_transformations,SUBROUTINE,1757,production_pool,
./models/07_hype_5_32_0_src/npc_soil_proc.f90,soil_pool_transformations,SUBROUTINE,1757,retention_pool,
./models/07_hype_5_32_0_src/npc_soil_proc.f90,soil_pool_transformations,SUBROUTINE,1757,retention_pool,
./models/07_hype_5_32_0_src/npc_soil_proc.f90,soil_pool_transformations,SUBROUTINE,1757,production_pool,
./models/07_hype_5_32_0_src/npc_soil_proc.f90,soil_pool_transformations,SUBROUTINE,1757,retention_pool,
./models/07_hype_5_32_0_src/npc_soil_proc.f90,soil_pool_transformations,SUBROUTINE,1757,retention_pool,
./models/07_hype_5_32_0_src/npc_soil_proc.f90,soil_pool_transformations,SUBROUTINE,1757,production_pool,
./models/07_hype_5_32_0_src/npc_soil_proc.f90,soil_pool_transformations,SUBROUTINE,1757,production_pool,
./models/07_hype_5_32_0_src/npc_soil_proc.f90,soil_pool_transformations,SUBROUTINE,1757,new_concentration,
./models/07_hype_5_32_0_src/npc_soil_proc.f90,soil_pool_transformations,SUBROUTINE,1757,new_concentration,
./models/07_hype_5_32_0_src/npc_soil_proc.f90,soil_pool_transformations,SUBROUTINE,1757,new_concentration,
./models/07_hype_5_32_0_src/npc_soil_proc.f90,soil_pool_transformations,SUBROUTINE,1757,new_concentration,
./models/07_hype_5_32_0_src/npc_soil_proc.f90,soil_pool_transformations,SUBROUTINE,1757,new_concentration,
./models/07_hype_5_32_0_src/npc_soil_proc.f90,soil_pool_transformations,SUBROUTINE,1757,new_concentration,
./models/07_hype_5_32_0_src/npc_soil_proc.f90,soil_pool_transformations,SUBROUTINE,1757,retention_pool,
./models/07_hype_5_32_0_src/npc_soil_proc.f90,soil_pool_transformations,SUBROUTINE,1757,retention_pool,
./models/07_hype_5_32_0_src/npc_soil_proc.f90,soil_pool_transformations,SUBROUTINE,1757,production_pool,
./models/07_hype_5_32_0_src/npc_soil_proc.f90,soil_pool_transformations,SUBROUTINE,1757,retention_pool,
./models/07_hype_5_32_0_src/npc_soil_proc.f90,soil_pool_transformations,SUBROUTINE,1757,retention_pool,
./models/07_hype_5_32_0_src/npc_soil_proc.f90,soil_pool_transformations,SUBROUTINE,1757,production_pool,
./models/07_hype_5_32_0_src/npc_soil_proc.f90,soil_pool_transformations,SUBROUTINE,1757,production_pool,
./models/07_hype_5_32_0_src/npc_soil_proc.f90,soil_pool_transformations,SUBROUTINE,1757,production_pool,
./models/07_hype_5_32_0_src/npc_soil_proc.f90,soil_pool_transformations,SUBROUTINE,1757,retention_pool,
./models/07_hype_5_32_0_src/npc_soil_proc.f90,soil_pool_transformations,SUBROUTINE,1757,retention_pool,
./models/07_hype_5_32_0_src/npc_soil_proc.f90,soil_pool_transformations,SUBROUTINE,1757,production_pool,
./models/07_hype_5_32_0_src/npc_soil_proc.f90,soil_pool_transformations,SUBROUTINE,1757,retention_pool,
./models/07_hype_5_32_0_src/npc_soil_proc.f90,soil_pool_transformations,SUBROUTINE,1757,retention_pool,
./models/07_hype_5_32_0_src/npc_soil_proc.f90,soil_pool_transformations,SUBROUTINE,1757,production_pool,
./models/07_hype_5_32_0_src/npc_soil_proc.f90,soil_pool_transformations,SUBROUTINE,1757,production_pool,
./models/07_hype_5_32_0_src/npc_soil_proc.f90,soil_pool_transformations,SUBROUTINE,1757,production_pool,
./models/07_hype_5_32_0_src/npc_soil_proc.f90,soil_pool_transformations,SUBROUTINE,1757,retention_pool,
./models/07_hype_5_32_0_src/npc_soil_proc.f90,soil_pool_transformations,SUBROUTINE,1757,retention_pool,
./models/07_hype_5_32_0_src/npc_soil_proc.f90,soil_pool_transformations,SUBROUTINE,1757,production_pool,
./models/07_hype_5_32_0_src/npc_soil_proc.f90,soil_pool_transformations,SUBROUTINE,1757,retention_pool,
./models/07_hype_5_32_0_src/npc_soil_proc.f90,soil_pool_transformations,SUBROUTINE,1757,retention_pool,
./models/07_hype_5_32_0_src/npc_soil_proc.f90,soil_pool_transformations,SUBROUTINE,1757,production_pool,
./models/07_hype_5_32_0_src/npc_soil_proc.f90,soil_pool_transformations,SUBROUTINE,1757,production_pool,
./models/07_hype_5_32_0_src/npc_soil_proc.f90,soil_pool_transformations,SUBROUTINE,1757,production_pool,
./models/07_hype_5_32_0_src/npc_soil_proc.f90,soil_pool_transformations,SUBROUTINE,1757,new_concentration,
./models/07_hype_5_32_0_src/npc_soil_proc.f90,soil_pool_transformations,SUBROUTINE,1757,new_concentration,
./models/07_hype_5_32_0_src/npc_soil_proc.f90,soil_pool_transformations,SUBROUTINE,1757,new_concentration,
./models/07_hype_5_32_0_src/npc_soil_proc.f90,soil_pool_transformations,SUBROUTINE,1757,new_concentration,
./models/07_hype_5_32_0_src/npc_soil_proc.f90,soil_pool_transformations,SUBROUTINE,1757,new_concentration,
./models/07_hype_5_32_0_src/npc_soil_proc.f90,soil_pool_transformations,SUBROUTINE,1757,new_concentration,
./models/07_hype_5_32_0_src/npc_soil_proc.f90,plant_uptake,SUBROUTINE,1954,retention_pool,
./models/07_hype_5_32_0_src/npc_soil_proc.f90,plant_uptake,SUBROUTINE,1954,retention_pool,
./models/07_hype_5_32_0_src/npc_soil_proc.f90,plant_uptake,SUBROUTINE,1954,retention_pool,
./models/07_hype_5_32_0_src/npc_soil_proc.f90,plant_uptake,SUBROUTINE,1954,retention_pool,
./models/07_hype_5_32_0_src/npc_soil_proc.f90,plant_uptake,SUBROUTINE,1954,new_concentration,
./models/07_hype_5_32_0_src/npc_soil_proc.f90,plant_uptake,SUBROUTINE,1954,new_concentration,
./models/07_hype_5_32_0_src/npc_soil_proc.f90,add_local_diffuse_source_to_soil,SUBROUTINE,2349,find_lowest_soillayer,
./models/07_hype_5_32_0_src/npc_soil_proc.f90,add_local_diffuse_source_to_soil,SUBROUTINE,2349,inflow_lowest_soillayer,
./models/07_hype_5_32_0_src/npc_soil_proc.f90,add_local_diffuse_source_to_soil,SUBROUTINE,2349,inflow_lowest_soillayer,
./models/07_hype_5_32_0_src/npc_soil_proc.f90,add_local_diffuse_source_to_soil,SUBROUTINE,2349,production_pool,
./models/07_hype_5_32_0_src/npc_soil_proc.f90,add_local_diffuse_source_to_soil,SUBROUTINE,2349,add_source_to_water,
./models/07_hype_5_32_0_src/npc_soil_proc.f90,soil_substance_processes9,SUBROUTINE,1453,crop_sources,
./models/07_hype_5_32_0_src/npc_soil_proc.f90,soil_substance_processes9,SUBROUTINE,1453,weathering,
./models/07_hype_5_32_0_src/npc_soil_proc.f90,soil_substance_processes9,SUBROUTINE,1453,soil_pool_transformations,
./models/07_hype_5_32_0_src/npc_soil_proc.f90,soil_substance_processes9,SUBROUTINE,1453,plant_uptake,
./models/07_hype_5_32_0_src/npc_soil_proc.f90,soil_substance_processes9,SUBROUTINE,1453,calculate_soil_profile_denitrification,
./models/07_hype_5_32_0_src/npc_soil_proc.f90,soil_substance_processes,SUBROUTINE,1578,crop_sources,
./models/07_hype_5_32_0_src/npc_soil_proc.f90,soil_substance_processes,SUBROUTINE,1578,weathering,
./models/07_hype_5_32_0_src/npc_soil_proc.f90,soil_substance_processes,SUBROUTINE,1578,soil_pool_transformations,
./models/07_hype_5_32_0_src/npc_soil_proc.f90,soil_substance_processes,SUBROUTINE,1578,plant_uptake,
./models/07_hype_5_32_0_src/npc_soil_proc.f90,soil_substance_processes,SUBROUTINE,1578,calculate_soil_profile_denitrification,
./models/07_hype_5_32_0_src/npc_soil_proc.f90,class_riparian_zone_processes,SUBROUTINE,2860,riparian_moisturefactor,
./models/07_hype_5_32_0_src/npc_soil_proc.f90,calculate_MMF_erosion,SUBROUTINE,1095,get_current_crop_and_ground_cover,
./models/07_hype_5_32_0_src/npc_soil_proc.f90,calculate_soil_profile_denitrification,SUBROUTINE,2052,soil_denitrification,
./models/07_hype_5_32_0_src/npc_soil_proc.f90,add_dry_deposition_to_landclass,SUBROUTINE,260,set_class_deposition,
./models/07_hype_5_32_0_src/npc_soil_proc.f90,add_dry_deposition_to_landclass,SUBROUTINE,260,add_source_to_water,
./models/07_hype_5_32_0_src/npc_soil_proc.f90,add_dry_deposition_to_landclass,SUBROUTINE,260,atmdep_in_loss,
./models/07_hype_5_32_0_src/npc_soil_proc.f90,add_dry_deposition_to_landclass,SUBROUTINE,260,production_pool,
./models/07_hype_5_32_0_src/npc_soil_proc.f90,add_dry_deposition_to_landclass,SUBROUTINE,260,add_source_to_water,
./models/07_hype_5_32_0_src/npc_soil_proc.f90,balance_spsoil,SUBROUTINE,2150,freundlich,
./models/07_hype_5_32_0_src/npc_soil_proc.f90,atmdep_in_loss,SUBROUTINE,325,production_pool,
./models/07_hype_5_32_0_src/npc_soil_proc.f90,soil_denitrification,SUBROUTINE,2102,retention_pool,
./models/07_hype_5_32_0_src/npc_soil_proc.f90,soil_denitrification,SUBROUTINE,2102,new_concentration,
./models/07_hype_5_32_0_src/npc_sw_proc.f90,lake_siltation_and_flushing,SUBROUTINE,1038,sediment_pool_density,
./models/07_hype_5_32_0_src/npc_sw_proc.f90,lake_siltation_and_flushing,SUBROUTINE,1038,sediment_pool_density,
./models/07_hype_5_32_0_src/npc_sw_proc.f90,lake_siltation_and_flushing,SUBROUTINE,1038,sediment_pool_density,
./models/07_hype_5_32_0_src/npc_sw_proc.f90,lake_siltation_and_flushing,SUBROUTINE,1038,sediment_pool_density,
./models/07_hype_5_32_0_src/npc_sw_proc.f90,lake_siltation_and_flushing,SUBROUTINE,1038,add_source_to_water,
./models/07_hype_5_32_0_src/npc_sw_proc.f90,lake_siltation_and_flushing,SUBROUTINE,1038,retention_pool,
./models/07_hype_5_32_0_src/npc_sw_proc.f90,lake_siltation_and_flushing,SUBROUTINE,1038,add_source_to_water,
./models/07_hype_5_32_0_src/npc_sw_proc.f90,lake_siltation_and_flushing,SUBROUTINE,1038,set_flushing_status,
./models/07_hype_5_32_0_src/npc_sw_proc.f90,lake_siltation_and_flushing,SUBROUTINE,1038,find_lakebasins,
./models/07_hype_5_32_0_src/npc_sw_proc.f90,lake_siltation_and_flushing,SUBROUTINE,1038,set_flushing_status,
./models/07_hype_5_32_0_src/npc_sw_proc.f90,lake_siltation_and_flushing,SUBROUTINE,1038,set_flushing_status,
./models/07_hype_5_32_0_src/npc_sw_proc.f90,lake_siltation_and_flushing,SUBROUTINE,1038,set_flushing_status,
./models/07_hype_5_32_0_src/npc_sw_proc.f90,production_mineralisation,SUBROUTINE,628,retention_pool,
./models/07_hype_5_32_0_src/npc_sw_proc.f90,production_mineralisation,SUBROUTINE,628,production_pool,
./models/07_hype_5_32_0_src/npc_sw_proc.f90,production_mineralisation,SUBROUTINE,628,production_pool,
./models/07_hype_5_32_0_src/npc_sw_proc.f90,production_mineralisation,SUBROUTINE,628,retention_pool,
./models/07_hype_5_32_0_src/npc_sw_proc.f90,production_mineralisation,SUBROUTINE,628,production_pool,
./models/07_hype_5_32_0_src/npc_sw_proc.f90,production_mineralisation,SUBROUTINE,628,retention_pool,
./models/07_hype_5_32_0_src/npc_sw_proc.f90,production_mineralisation,SUBROUTINE,628,production_pool,
./models/07_hype_5_32_0_src/npc_sw_proc.f90,river_sedimentation_resuspension,SUBROUTINE,1405,retention_pool,
./models/07_hype_5_32_0_src/npc_sw_proc.f90,river_sedimentation_resuspension,SUBROUTINE,1405,production_pool,
./models/07_hype_5_32_0_src/npc_sw_proc.f90,river_sedimentation_resuspension,SUBROUTINE,1405,retention_pool,
./models/07_hype_5_32_0_src/npc_sw_proc.f90,river_sedimentation_resuspension,SUBROUTINE,1405,production_pool,
./models/07_hype_5_32_0_src/npc_sw_proc.f90,river_sedimentation_resuspension,SUBROUTINE,1405,retention_pool,
./models/07_hype_5_32_0_src/npc_sw_proc.f90,river_sedimentation_resuspension,SUBROUTINE,1405,production_pool,
./models/07_hype_5_32_0_src/npc_sw_proc.f90,river_sedimentation_resuspension,SUBROUTINE,1405,retention_pool,
./models/07_hype_5_32_0_src/npc_sw_proc.f90,river_sedimentation_resuspension,SUBROUTINE,1405,production_pool,
./models/07_hype_5_32_0_src/npc_sw_proc.f90,river_sedimentation_resuspension,SUBROUTINE,1405,retention_pool,
./models/07_hype_5_32_0_src/npc_sw_proc.f90,river_sedimentation_resuspension,SUBROUTINE,1405,production_pool,
./models/07_hype_5_32_0_src/npc_sw_proc.f90,river_sedimentation_resuspension,SUBROUTINE,1405,retention_pool,
./models/07_hype_5_32_0_src/npc_sw_proc.f90,river_sedimentation_resuspension,SUBROUTINE,1405,production_pool,
./models/07_hype_5_32_0_src/npc_sw_proc.f90,river_sedimentation_resuspension,SUBROUTINE,1405,retention_pool,
./models/07_hype_5_32_0_src/npc_sw_proc.f90,river_sedimentation_resuspension,SUBROUTINE,1405,production_pool,
./models/07_hype_5_32_0_src/npc_sw_proc.f90,river_sedimentation_resuspension,SUBROUTINE,1405,retention_pool,
./models/07_hype_5_32_0_src/npc_sw_proc.f90,river_sedimentation_resuspension,SUBROUTINE,1405,production_pool,
./models/07_hype_5_32_0_src/npc_sw_proc.f90,river_sedimentation_resuspension,SUBROUTINE,1405,new_concentration,
./models/07_hype_5_32_0_src/npc_sw_proc.f90,river_sedimentation_resuspension,SUBROUTINE,1405,new_concentration,
./models/07_hype_5_32_0_src/npc_sw_proc.f90,add_point_sources_to_main_river,SUBROUTINE,1850,find_next_pointsource,
./models/07_hype_5_32_0_src/npc_sw_proc.f90,substance_processes_in_lake,SUBROUTINE,428,denitrification_water,
./models/07_hype_5_32_0_src/npc_sw_proc.f90,substance_processes_in_lake,SUBROUTINE,428,production_mineralisation,
./models/07_hype_5_32_0_src/npc_sw_proc.f90,substance_processes_in_lake,SUBROUTINE,428,macrophyte_uptake,
./models/07_hype_5_32_0_src/npc_sw_proc.f90,substance_processes_in_lake,SUBROUTINE,428,lake_sedimentation,
./models/07_hype_5_32_0_src/npc_sw_proc.f90,substance_processes_in_lake,SUBROUTINE,428,lake_sedimentation,
./models/07_hype_5_32_0_src/npc_sw_proc.f90,substance_processes_in_lake,SUBROUTINE,428,lake_siltation_and_flushing,
./models/07_hype_5_32_0_src/npc_sw_proc.f90,macrophyte_uptake,SUBROUTINE,803,retention_pool,
./models/07_hype_5_32_0_src/npc_sw_proc.f90,macrophyte_uptake,SUBROUTINE,803,retention_pool,
./models/07_hype_5_32_0_src/npc_sw_proc.f90,add_deposition_to_river_as_load,SUBROUTINE,257,set_class_deposition,
./models/07_hype_5_32_0_src/npc_sw_proc.f90,add_deposition_to_river_as_load,SUBROUTINE,257,calculate_water_fractions,
./models/07_hype_5_32_0_src/npc_sw_proc.f90,add_deposition_to_river_as_load,SUBROUTINE,257,add_source_to_water,
./models/07_hype_5_32_0_src/npc_sw_proc.f90,add_deposition_to_river_as_load,SUBROUTINE,257,add_source_to_water,
./models/07_hype_5_32_0_src/npc_sw_proc.f90,add_deposition_to_river_as_load,SUBROUTINE,257,add_source_to_water,
./models/07_hype_5_32_0_src/npc_sw_proc.f90,oc_production_mineralisation,SUBROUTINE,1688,new_concentration,
./models/07_hype_5_32_0_src/npc_sw_proc.f90,oc_production_mineralisation,SUBROUTINE,1688,new_concentration,
./models/07_hype_5_32_0_src/npc_sw_proc.f90,substance_processes_in_river,SUBROUTINE,327,production_mineralisation,
./models/07_hype_5_32_0_src/npc_sw_proc.f90,substance_processes_in_river,SUBROUTINE,327,macrophyte_uptake,
./models/07_hype_5_32_0_src/npc_sw_proc.f90,internal_lake_load,SUBROUTINE,1628,add_source_to_water,
./models/07_hype_5_32_0_src/npc_sw_proc.f90,denitrification_water,SUBROUTINE,567,retention_pool,
./models/07_hype_5_32_0_src/npc_sw_proc.f90,denitrification_water,SUBROUTINE,567,new_concentration,
./models/07_hype_5_32_0_src/npc_sw_proc.f90,denitrification_water,SUBROUTINE,567,new_concentration,
./models/07_hype_5_32_0_src/npc_sw_proc.f90,add_deposition_to_lake_as_load,SUBROUTINE,218,set_class_deposition,
./models/07_hype_5_32_0_src/npc_sw_proc.f90,lake_sedimentation,SUBROUTINE,909,sedimentation,
./models/07_hype_5_32_0_src/npc_sw_proc.f90,lake_sedimentation,SUBROUTINE,909,new_concentration,
./models/07_hype_5_32_0_src/npc_sw_proc.f90,calculate_river_wetland,SUBROUTINE,1964,calculate_riverwetland_np,
./models/07_hype_5_32_0_src/optim.f90,new_Brent_method,SUBROUTINE,2410,find_optpar,
./models/07_hype_5_32_0_src/optim.f90,new_Brent_method,SUBROUTINE,2410,load_qNstarting_vector,
./models/07_hype_5_32_0_src/optim.f90,new_Brent_method,SUBROUTINE,2410,function_to_minim,
./models/07_hype_5_32_0_src/optim.f90,new_Brent_method,SUBROUTINE,2410,print_calib_HYSSlog,
./models/07_hype_5_32_0_src/optim.f90,new_Brent_method,SUBROUTINE,2410,linesearch_HYSS,
./models/07_hype_5_32_0_src/optim.f90,new_Brent_method,SUBROUTINE,2410,print_calib_HYSSlog,
./models/07_hype_5_32_0_src/optim.f90,new_Brent_method,SUBROUTINE,2410,print_calib_HYSSlog_noimp,
./models/07_hype_5_32_0_src/optim.f90,new_Brent_method,SUBROUTINE,2410,print_calib_HYSSlog_noimp,
./models/07_hype_5_32_0_src/optim.f90,new_Brent_method,SUBROUTINE,2410,linesearch_methods_interruptor_printandstop_core_function,
./models/07_hype_5_32_0_src/optim.f90,new_Brent_method,SUBROUTINE,2410,linesearch_HYSS,
./models/07_hype_5_32_0_src/optim.f90,new_Brent_method,SUBROUTINE,2410,print_calib_HYSSlog,
./models/07_hype_5_32_0_src/optim.f90,new_Brent_method,SUBROUTINE,2410,print_calib_HYSSlog_noimp,
./models/07_hype_5_32_0_src/optim.f90,new_Brent_method,SUBROUTINE,2410,linesearch_methods_interruptor,
./models/07_hype_5_32_0_src/optim.f90,run_model_simout,SUBROUTINE,426,prepare_outputfiles,
./models/07_hype_5_32_0_src/optim.f90,run_model_simout,SUBROUTINE,426,set_optim_modpar,
./models/07_hype_5_32_0_src/optim.f90,run_model_simout,SUBROUTINE,426,finish_lakedata_table,
./models/07_hype_5_32_0_src/optim.f90,run_model_simout,SUBROUTINE,426,finish_atmdep_file_deposition,
./models/07_hype_5_32_0_src/optim.f90,run_model_simout,SUBROUTINE,426,initiate_output_routines,
./models/07_hype_5_32_0_src/optim.f90,run_model_simout,SUBROUTINE,426,set_modelconfig_from_parameters,
./models/07_hype_5_32_0_src/optim.f90,run_model_simout,SUBROUTINE,426,initiate_state_for_submodel,
./models/07_hype_5_32_0_src/optim.f90,run_model_simout,SUBROUTINE,426,load_saved_state,
./models/07_hype_5_32_0_src/optim.f90,run_model_simout,SUBROUTINE,426,initiate_model_state,
./models/07_hype_5_32_0_src/optim.f90,run_model_simout,SUBROUTINE,426,initiate_model,
./models/07_hype_5_32_0_src/optim.f90,run_model_simout,SUBROUTINE,426,get_current_forcing,
./models/07_hype_5_32_0_src/optim.f90,run_model_simout,SUBROUTINE,426,calculate_time_for_model,
./models/07_hype_5_32_0_src/optim.f90,run_model_simout,SUBROUTINE,426,get_current_soilleakage,
./models/07_hype_5_32_0_src/optim.f90,run_model_simout,SUBROUTINE,426,initiate_outvar,
./models/07_hype_5_32_0_src/optim.f90,run_model_simout,SUBROUTINE,426,model,
./models/07_hype_5_32_0_src/optim.f90,run_model_simout,SUBROUTINE,426,revise_outvar,
./models/07_hype_5_32_0_src/optim.f90,run_model_simout,SUBROUTINE,426,prepare_to_compute_crit,
./models/07_hype_5_32_0_src/optim.f90,run_model_simout,SUBROUTINE,426,calculate_criteria,
./models/07_hype_5_32_0_src/optim.f90,run_model_simout,SUBROUTINE,426,calculate_criteria,
./models/07_hype_5_32_0_src/optim.f90,run_model_simout,SUBROUTINE,426,close_outputfiles,
./models/07_hype_5_32_0_src/optim.f90,run_model_simout,SUBROUTINE,426,reset_observations,
./models/07_hype_5_32_0_src/optim.f90,run_model_simout,SUBROUTINE,426,save_mapfiles,
./models/07_hype_5_32_0_src/optim.f90,linesearch_HYSS,SUBROUTINE,2087,function_to_minim,
./models/07_hype_5_32_0_src/optim.f90,linesearch_HYSS,SUBROUTINE,2087,function_to_minim,
./models/07_hype_5_32_0_src/optim.f90,linesearch_HYSS,SUBROUTINE,2087,linesearch_check_decim,
./models/07_hype_5_32_0_src/optim.f90,DEMC_simulation,SUBROUTINE,592,find_optpar,
./models/07_hype_5_32_0_src/optim.f90,DEMC_simulation,SUBROUTINE,592,allocate_MCvariables,
./models/07_hype_5_32_0_src/optim.f90,DEMC_simulation,SUBROUTINE,592,prepare_save_all_simulations,
./models/07_hype_5_32_0_src/optim.f90,DEMC_simulation,SUBROUTINE,592,get_randompar,
./models/07_hype_5_32_0_src/optim.f90,DEMC_simulation,SUBROUTINE,592,run_model_simout,
./models/07_hype_5_32_0_src/optim.f90,DEMC_simulation,SUBROUTINE,592,run_model_perf,
./models/07_hype_5_32_0_src/optim.f90,DEMC_simulation,SUBROUTINE,592,DEMC_acceptreject_proposal,
./models/07_hype_5_32_0_src/optim.f90,DEMC_simulation,SUBROUTINE,592,write_simulation_results_perf_and_par,
./models/07_hype_5_32_0_src/optim.f90,DEMC_simulation,SUBROUTINE,592,write_DEMC_calibration_log,
./models/07_hype_5_32_0_src/optim.f90,DEMC_simulation,SUBROUTINE,592,DEMC_draw_R1R2,
./models/07_hype_5_32_0_src/optim.f90,DEMC_simulation,SUBROUTINE,592,DEMC_proposalgeneration,
./models/07_hype_5_32_0_src/optim.f90,DEMC_simulation,SUBROUTINE,592,DEMC_crossover,
./models/07_hype_5_32_0_src/optim.f90,DEMC_simulation,SUBROUTINE,592,DEMC_controlparameters,
./models/07_hype_5_32_0_src/optim.f90,DEMC_simulation,SUBROUTINE,592,run_model_simout,
./models/07_hype_5_32_0_src/optim.f90,DEMC_simulation,SUBROUTINE,592,run_model_perf,
./models/07_hype_5_32_0_src/optim.f90,DEMC_simulation,SUBROUTINE,592,DEMC_acceptreject_proposal,
./models/07_hype_5_32_0_src/optim.f90,DEMC_simulation,SUBROUTINE,592,write_simulation_results_perf_and_par,
./models/07_hype_5_32_0_src/optim.f90,DEMC_simulation,SUBROUTINE,592,write_DEMC_calibration_log,
./models/07_hype_5_32_0_src/optim.f90,DEMC_simulation,SUBROUTINE,592,DEMC_runmedianparameters,
./models/07_hype_5_32_0_src/optim.f90,QN_inv_hessian_update,SUBROUTINE,3048,linesearch_methods_interruptor_printandstop,
./models/07_hype_5_32_0_src/optim.f90,QN_inv_hessian_update,SUBROUTINE,3048,DFP_inv_hessian_update,
./models/07_hype_5_32_0_src/optim.f90,QN_inv_hessian_update,SUBROUTINE,3048,BFGS_inv_hessian_update,
./models/07_hype_5_32_0_src/optim.f90,linesearch_methods_interruptor,SUBROUTINE,1925,linesearch_methods_interruptor_printandstop,
./models/07_hype_5_32_0_src/optim.f90,linesearch_methods_interruptor,SUBROUTINE,1925,linesearch_methods_interruptor_printandstop,
./models/07_hype_5_32_0_src/optim.f90,linesearch_methods_interruptor,SUBROUTINE,1925,linesearch_methods_interruptor_printandstop,
./models/07_hype_5_32_0_src/optim.f90,linesearch_methods_interruptor,SUBROUTINE,1925,linesearch_methods_interruptor_printandstop,
./models/07_hype_5_32_0_src/optim.f90,quasiNewton_algorithm,SUBROUTINE,2664,find_optpar,
./models/07_hype_5_32_0_src/optim.f90,quasiNewton_algorithm,SUBROUTINE,2664,load_qNstarting_vector,
./models/07_hype_5_32_0_src/optim.f90,quasiNewton_algorithm,SUBROUTINE,2664,function_to_minim,
./models/07_hype_5_32_0_src/optim.f90,quasiNewton_algorithm,SUBROUTINE,2664,grad_criterium_function,
./models/07_hype_5_32_0_src/optim.f90,quasiNewton_algorithm,SUBROUTINE,2664,print_calib_HYSSlog,
./models/07_hype_5_32_0_src/optim.f90,quasiNewton_algorithm,SUBROUTINE,2664,direction_multiplier,
./models/07_hype_5_32_0_src/optim.f90,quasiNewton_algorithm,SUBROUTINE,2664,grad_criterium_function,
./models/07_hype_5_32_0_src/optim.f90,quasiNewton_algorithm,SUBROUTINE,2664,QN_inv_hessian_update,
./models/07_hype_5_32_0_src/optim.f90,quasiNewton_algorithm,SUBROUTINE,2664,print_calib_HYSSlog,
./models/07_hype_5_32_0_src/optim.f90,quasiNewton_algorithm,SUBROUTINE,2664,linesearch_methods_interruptor,
./models/07_hype_5_32_0_src/optim.f90,bounded_MonteCarlo_simulation,SUBROUTINE,1251,find_optpar,
./models/07_hype_5_32_0_src/optim.f90,bounded_MonteCarlo_simulation,SUBROUTINE,1251,allocate_MCvariables,
./models/07_hype_5_32_0_src/optim.f90,bounded_MonteCarlo_simulation,SUBROUTINE,1251,get_randompar,
./models/07_hype_5_32_0_src/optim.f90,bounded_MonteCarlo_simulation,SUBROUTINE,1251,run_model_simout,
./models/07_hype_5_32_0_src/optim.f90,bounded_MonteCarlo_simulation,SUBROUTINE,1251,run_model_perf,
./models/07_hype_5_32_0_src/optim.f90,bounded_MonteCarlo_simulation,SUBROUTINE,1251,bookkeep_result_from_simulation,
./models/07_hype_5_32_0_src/optim.f90,bounded_MonteCarlo_simulation,SUBROUTINE,1251,reduce_parameter_space,
./models/07_hype_5_32_0_src/optim.f90,bounded_MonteCarlo_simulation,SUBROUTINE,1251,get_randompar,
./models/07_hype_5_32_0_src/optim.f90,bounded_MonteCarlo_simulation,SUBROUTINE,1251,run_model_simout,
./models/07_hype_5_32_0_src/optim.f90,bounded_MonteCarlo_simulation,SUBROUTINE,1251,run_model_perf,
./models/07_hype_5_32_0_src/optim.f90,bounded_MonteCarlo_simulation,SUBROUTINE,1251,bookkeep_result_from_simulation,
./models/07_hype_5_32_0_src/optim.f90,run_model_perf,SUBROUTINE,315,set_optim_modpar,
./models/07_hype_5_32_0_src/optim.f90,run_model_perf,SUBROUTINE,315,finish_lakedata_table,
./models/07_hype_5_32_0_src/optim.f90,run_model_perf,SUBROUTINE,315,finish_atmdep_file_deposition,
./models/07_hype_5_32_0_src/optim.f90,run_model_perf,SUBROUTINE,315,set_modelconfig_from_parameters,
./models/07_hype_5_32_0_src/optim.f90,run_model_perf,SUBROUTINE,315,initiate_state_for_submodel,
./models/07_hype_5_32_0_src/optim.f90,run_model_perf,SUBROUTINE,315,load_saved_state,
./models/07_hype_5_32_0_src/optim.f90,run_model_perf,SUBROUTINE,315,initiate_model_state,
./models/07_hype_5_32_0_src/optim.f90,run_model_perf,SUBROUTINE,315,initiate_model,
./models/07_hype_5_32_0_src/optim.f90,run_model_perf,SUBROUTINE,315,get_current_forcing,
./models/07_hype_5_32_0_src/optim.f90,run_model_perf,SUBROUTINE,315,calculate_time_for_model,
./models/07_hype_5_32_0_src/optim.f90,run_model_perf,SUBROUTINE,315,get_current_soilleakage,
./models/07_hype_5_32_0_src/optim.f90,run_model_perf,SUBROUTINE,315,initiate_outvar,
./models/07_hype_5_32_0_src/optim.f90,run_model_perf,SUBROUTINE,315,model,
./models/07_hype_5_32_0_src/optim.f90,run_model_perf,SUBROUTINE,315,revise_outvar,
./models/07_hype_5_32_0_src/optim.f90,run_model_perf,SUBROUTINE,315,prepare_to_compute_crit,
./models/07_hype_5_32_0_src/optim.f90,run_model_perf,SUBROUTINE,315,calculate_criteria,
./models/07_hype_5_32_0_src/optim.f90,run_model_perf,SUBROUTINE,315,calculate_criteria,
./models/07_hype_5_32_0_src/optim.f90,run_model_perf,SUBROUTINE,315,reset_observations,
./models/07_hype_5_32_0_src/optim.f90,run_model_crit,SUBROUTINE,214,set_optim_modpar,
./models/07_hype_5_32_0_src/optim.f90,run_model_crit,SUBROUTINE,214,finish_lakedata_table,
./models/07_hype_5_32_0_src/optim.f90,run_model_crit,SUBROUTINE,214,finish_atmdep_file_deposition,
./models/07_hype_5_32_0_src/optim.f90,run_model_crit,SUBROUTINE,214,set_modelconfig_from_parameters,
./models/07_hype_5_32_0_src/optim.f90,run_model_crit,SUBROUTINE,214,initiate_state_for_submodel,
./models/07_hype_5_32_0_src/optim.f90,run_model_crit,SUBROUTINE,214,load_saved_state,
./models/07_hype_5_32_0_src/optim.f90,run_model_crit,SUBROUTINE,214,initiate_model_state,
./models/07_hype_5_32_0_src/optim.f90,run_model_crit,SUBROUTINE,214,initiate_model,
./models/07_hype_5_32_0_src/optim.f90,run_model_crit,SUBROUTINE,214,get_current_forcing,
./models/07_hype_5_32_0_src/optim.f90,run_model_crit,SUBROUTINE,214,calculate_time_for_model,
./models/07_hype_5_32_0_src/optim.f90,run_model_crit,SUBROUTINE,214,get_current_soilleakage,
./models/07_hype_5_32_0_src/optim.f90,run_model_crit,SUBROUTINE,214,initiate_outvar,
./models/07_hype_5_32_0_src/optim.f90,run_model_crit,SUBROUTINE,214,model,
./models/07_hype_5_32_0_src/optim.f90,run_model_crit,SUBROUTINE,214,revise_outvar,
./models/07_hype_5_32_0_src/optim.f90,run_model_crit,SUBROUTINE,214,prepare_to_compute_crit,
./models/07_hype_5_32_0_src/optim.f90,run_model_crit,SUBROUTINE,214,calculate_criteria,
./models/07_hype_5_32_0_src/optim.f90,run_model_crit,SUBROUTINE,214,reset_observations,
./models/07_hype_5_32_0_src/optim.f90,MonteCarlo_simulation,SUBROUTINE,1177,find_optpar,
./models/07_hype_5_32_0_src/optim.f90,MonteCarlo_simulation,SUBROUTINE,1177,allocate_MCvariables,
./models/07_hype_5_32_0_src/optim.f90,MonteCarlo_simulation,SUBROUTINE,1177,prepare_save_all_simulations,
./models/07_hype_5_32_0_src/optim.f90,MonteCarlo_simulation,SUBROUTINE,1177,get_randompar,
./models/07_hype_5_32_0_src/optim.f90,MonteCarlo_simulation,SUBROUTINE,1177,run_model_simout,
./models/07_hype_5_32_0_src/optim.f90,MonteCarlo_simulation,SUBROUTINE,1177,run_model_perf,
./models/07_hype_5_32_0_src/optim.f90,MonteCarlo_simulation,SUBROUTINE,1177,bookkeep_result_from_simulation,
./models/07_hype_5_32_0_src/optim.f90,MonteCarlo_simulation,SUBROUTINE,1177,write_simulation_results_perf_and_par,
./models/07_hype_5_32_0_src/optim.f90,linesearch_methods_calibration,SUBROUTINE,1859,quasiNewton_algorithm,
./models/07_hype_5_32_0_src/optim.f90,linesearch_methods_calibration,SUBROUTINE,1859,new_Brent_method,
./models/07_hype_5_32_0_src/optim.f90,DEMC_runmedianparameters,SUBROUTINE,728,calculate_median,
./models/07_hype_5_32_0_src/optim.f90,DEMC_runmedianparameters,SUBROUTINE,728,run_model_simout,
./models/07_hype_5_32_0_src/optim.f90,DEMC_runmedianparameters,SUBROUTINE,728,run_model_perf,
./models/07_hype_5_32_0_src/optim.f90,param_scanning,SUBROUTINE,1420,find_optpar,
./models/07_hype_5_32_0_src/optim.f90,param_scanning,SUBROUTINE,1420,function_to_minim,
./models/07_hype_5_32_0_src/optim.f90,stage_MonteCarlo_core_function,SUBROUTINE,1608,get_randompar_by_radius,
./models/07_hype_5_32_0_src/optim.f90,stage_MonteCarlo_core_function,SUBROUTINE,1608,run_model_perf,
./models/07_hype_5_32_0_src/optim.f90,stage_MonteCarlo_core_function,SUBROUTINE,1608,function_to_minim,
./models/07_hype_5_32_0_src/optim.f90,stage_MonteCarlo_core_function,SUBROUTINE,1608,bookkeep_result_from_simulation,
./models/07_hype_5_32_0_src/optim.f90,stage_MonteCarlo_core_function,SUBROUTINE,1608,write_stageMC_calibration_log,
./models/07_hype_5_32_0_src/optim.f90,stage_MonteCarlo_core_function,SUBROUTINE,1608,write_simulation_results_perf_and_par,
./models/07_hype_5_32_0_src/optim.f90,function_to_minim,SUBROUTINE,2339,run_model_crit,
./models/07_hype_5_32_0_src/optim.f90,write_DEMC_calibration_log,SUBROUTINE,1025,write_DEMC_calibration_log_tail,
./models/07_hype_5_32_0_src/optim.f90,stage_MonteCarlo,SUBROUTINE,1524,find_optpar,
./models/07_hype_5_32_0_src/optim.f90,stage_MonteCarlo,SUBROUTINE,1524,allocate_MCvariables,
./models/07_hype_5_32_0_src/optim.f90,stage_MonteCarlo,SUBROUTINE,1524,prepare_save_all_simulations,
./models/07_hype_5_32_0_src/optim.f90,stage_MonteCarlo,SUBROUTINE,1524,stage_MonteCarlo_core_function,
./models/07_hype_5_32_0_src/optim.f90,stage_MonteCarlo,SUBROUTINE,1524,stage_MonteCarlo_core_function,
./models/07_hype_5_32_0_src/optim.f90,stage_MonteCarlo,SUBROUTINE,1524,write_stageMC_calibration_log_tail,
./models/07_hype_5_32_0_src/optim.f90,write_stageMC_calibration_log,SUBROUTINE,1718,write_stageMC_calibration_log_tail,
./models/07_hype_5_32_0_src/optim.f90,direction_multiplier,SUBROUTINE,2910,linesearch_HYSS,
./models/07_hype_5_32_0_src/optim.f90,load_qNstarting_vector,SUBROUTINE,2787,read_next_codestr_on_line,
./models/07_hype_5_32_0_src/optim.f90,grad_criterium_function,SUBROUTINE,2834,get_epsilon,
./models/07_hype_5_32_0_src/optim.f90,grad_criterium_function,SUBROUTINE,2834,function_to_minim,
./models/07_hype_5_32_0_src/optim.f90,find_optpar,SUBROUTINE,84,set_optpar_index,
./models/07_hype_5_32_0_src/optim.f90,linesearch_methods_interruptor_printandstop,SUBROUTINE,2015,linesearch_methods_interruptor_printandstop_core_function,
./models/07_hype_5_32_0_src/output.f90,open_subbasinfiles,SUBROUTINE,124,prepare_ens_fileunit_array,
./models/07_hype_5_32_0_src/output.f90,open_subbasinfiles,SUBROUTINE,124,create_filename_for_basin,
./models/07_hype_5_32_0_src/output.f90,open_subbasinfiles,SUBROUTINE,124,create_filename_for_basin,
./models/07_hype_5_32_0_src/output.f90,open_subbasinfiles,SUBROUTINE,124,get_fileunit,
./models/07_hype_5_32_0_src/output.f90,open_subbasinfiles,SUBROUTINE,124,create_filename_for_basin,
./models/07_hype_5_32_0_src/output.f90,open_subbasinfiles,SUBROUTINE,124,create_filename_for_basin,
./models/07_hype_5_32_0_src/output.f90,open_subbasinfiles,SUBROUTINE,124,get_fileunit,
./models/07_hype_5_32_0_src/output.f90,open_subbasinfiles,SUBROUTINE,124,get_classgroup_classes,
./models/07_hype_5_32_0_src/output.f90,open_subbasinfiles,SUBROUTINE,124,write_integer_array_to_string,
./models/07_hype_5_32_0_src/output.f90,open_subbasinfiles,SUBROUTINE,124,create_filename_for_basin,
./models/07_hype_5_32_0_src/output.f90,open_subbasinfiles,SUBROUTINE,124,create_filename_for_basin,
./models/07_hype_5_32_0_src/output.f90,open_subbasinfiles,SUBROUTINE,124,create_filename_for_basin,
./models/07_hype_5_32_0_src/output.f90,open_subbasinfiles,SUBROUTINE,124,create_filename_for_basin,
./models/07_hype_5_32_0_src/output.f90,open_subbasinfiles,SUBROUTINE,124,get_fileunit,
./models/07_hype_5_32_0_src/output.f90,open_subbasinfiles,SUBROUTINE,124,write_commentline_to_file,
./models/07_hype_5_32_0_src/output.f90,write_simulation_assessment,SUBROUTINE,1819,find_acrit_corresponding_to_crit,
./models/07_hype_5_32_0_src/output.f90,open_timefiles,SUBROUTINE,810,create_filename_for_variable,
./models/07_hype_5_32_0_src/output.f90,open_timefiles,SUBROUTINE,810,create_filename_for_variable,
./models/07_hype_5_32_0_src/output.f90,open_timefiles,SUBROUTINE,810,create_filename_for_variable,
./models/07_hype_5_32_0_src/output.f90,open_timefiles,SUBROUTINE,810,create_filename_for_variable,
./models/07_hype_5_32_0_src/output.f90,open_timefiles,SUBROUTINE,810,get_fileunit,
./models/07_hype_5_32_0_src/output.f90,open_timefiles,SUBROUTINE,810,write_commentline_to_file,
./models/07_hype_5_32_0_src/output.f90,open_timefiles,SUBROUTINE,810,write_integer_header,
./models/07_hype_5_32_0_src/output.f90,open_timefiles,SUBROUTINE,810,write_integer_header,
./models/07_hype_5_32_0_src/output.f90,open_timefiles,SUBROUTINE,810,write_comment_with_metadata,
./models/07_hype_5_32_0_src/output.f90,open_timefiles,SUBROUTINE,810,write_commentline_to_file,
./models/07_hype_5_32_0_src/output.f90,open_timefiles,SUBROUTINE,810,write_integer_header,
./models/07_hype_5_32_0_src/output.f90,open_timefiles,SUBROUTINE,810,write_integer_header,
./models/07_hype_5_32_0_src/output.f90,open_timefiles_classes,SUBROUTINE,953,create_filename_for_variable,
./models/07_hype_5_32_0_src/output.f90,open_timefiles_classes,SUBROUTINE,953,create_filename_for_variable,
./models/07_hype_5_32_0_src/output.f90,open_timefiles_classes,SUBROUTINE,953,create_filename_for_variable,
./models/07_hype_5_32_0_src/output.f90,open_timefiles_classes,SUBROUTINE,953,create_filename_for_variable,
./models/07_hype_5_32_0_src/output.f90,open_timefiles_classes,SUBROUTINE,953,get_classgroup_classes,
./models/07_hype_5_32_0_src/output.f90,open_timefiles_classes,SUBROUTINE,953,write_integer_array_to_string,
./models/07_hype_5_32_0_src/output.f90,open_timefiles_classes,SUBROUTINE,953,get_fileunit,
./models/07_hype_5_32_0_src/output.f90,open_timefiles_classes,SUBROUTINE,953,write_commentline_to_file,
./models/07_hype_5_32_0_src/output.f90,open_timefiles_classes,SUBROUTINE,953,write_integer_header,
./models/07_hype_5_32_0_src/output.f90,open_timefiles_classes,SUBROUTINE,953,write_integer_header,
./models/07_hype_5_32_0_src/output.f90,open_timefiles_classes,SUBROUTINE,953,write_comment_with_metadata,
./models/07_hype_5_32_0_src/output.f90,open_timefiles_classes,SUBROUTINE,953,write_commentline_to_file,
./models/07_hype_5_32_0_src/output.f90,open_timefiles_classes,SUBROUTINE,953,write_integer_header,
./models/07_hype_5_32_0_src/output.f90,open_timefiles_classes,SUBROUTINE,953,write_integer_header,
./models/07_hype_5_32_0_src/output.f90,save_mapfiles,SUBROUTINE,1381,create_filename_for_variable,
./models/07_hype_5_32_0_src/output.f90,save_mapfiles,SUBROUTINE,1381,create_filename_for_variable,
./models/07_hype_5_32_0_src/output.f90,save_mapfiles,SUBROUTINE,1381,write_commentline_to_file,
./models/07_hype_5_32_0_src/output.f90,save_mapfiles,SUBROUTINE,1381,write_comment_with_metadata,
./models/07_hype_5_32_0_src/output.f90,save_mapfiles,SUBROUTINE,1381,write_commentline_to_file,
./models/07_hype_5_32_0_src/output.f90,save_mapfiles,SUBROUTINE,1381,write_dataline,
./models/07_hype_5_32_0_src/output.f90,save_mapfiles,SUBROUTINE,1381,write_dataline,
./models/07_hype_5_32_0_src/output.f90,close_subbasinfiles,SUBROUTINE,752,fileunit_free,
./models/07_hype_5_32_0_src/output.f90,close_subbasinfiles,SUBROUTINE,752,fileunit_free,
./models/07_hype_5_32_0_src/output.f90,close_subbasinfiles,SUBROUTINE,752,fileunit_free,
./models/07_hype_5_32_0_src/output.f90,save_loadfiles,SUBROUTINE,1530,write_dataline,
./models/07_hype_5_32_0_src/output.f90,save_loadfiles,SUBROUTINE,1530,set_accload_to_zero,
./models/07_hype_5_32_0_src/output.f90,write_timefiles_netcdf,SUBROUTINE,1150,compute_print_output_flags,
./models/07_hype_5_32_0_src/output.f90,write_timefiles_netcdf,SUBROUTINE,1150,calculate_seconds_beginning_period,
./models/07_hype_5_32_0_src/output.f90,write_timefiles_netcdf,SUBROUTINE,1150,calculate_next_time_index_of_ncfile,
./models/07_hype_5_32_0_src/output.f90,write_timefiles_netcdf,SUBROUTINE,1150,compute_timeoutput,
./models/07_hype_5_32_0_src/output.f90,write_timefiles_netcdf,SUBROUTINE,1150,write_data_to_netcdf,
./models/07_hype_5_32_0_src/output.f90,write_timefiles_netcdf_in_parallel,SUBROUTINE,1257,compute_print_output_flags,
./models/07_hype_5_32_0_src/output.f90,write_timefiles_netcdf_in_parallel,SUBROUTINE,1257,calculate_seconds_beginning_period,
./models/07_hype_5_32_0_src/output.f90,write_timefiles_netcdf_in_parallel,SUBROUTINE,1257,calculate_next_time_index_of_ncfile,
./models/07_hype_5_32_0_src/output.f90,write_timefiles_netcdf_in_parallel,SUBROUTINE,1257,compute_timeoutput,
./models/07_hype_5_32_0_src/output.f90,write_timefiles_netcdf_in_parallel,SUBROUTINE,1257,write_data_to_netcdf,
./models/07_hype_5_32_0_src/output.f90,write_subbasinfiles,SUBROUTINE,472,compute_print_output_flags,
./models/07_hype_5_32_0_src/output.f90,write_subbasinfiles,SUBROUTINE,472,compute_basinoutput,
./models/07_hype_5_32_0_src/output.f90,write_subbasinfiles_in_parallel,SUBROUTINE,519,compute_print_output_flags,
./models/07_hype_5_32_0_src/output.f90,write_subbasinfiles_in_parallel,SUBROUTINE,519,compute_basinoutput,
./models/07_hype_5_32_0_src/output.f90,write_regionfiles,SUBROUTINE,567,compute_print_output_flags,
./models/07_hype_5_32_0_src/output.f90,write_regionfiles,SUBROUTINE,567,compute_regionoutput,
./models/07_hype_5_32_0_src/output.f90,write_regionfiles_in_parallel,SUBROUTINE,611,compute_print_output_flags,
./models/07_hype_5_32_0_src/output.f90,write_regionfiles_in_parallel,SUBROUTINE,611,compute_regionoutput,
./models/07_hype_5_32_0_src/output.f90,write_subbasinfiles_class,SUBROUTINE,658,compute_print_output_flags,
./models/07_hype_5_32_0_src/output.f90,write_subbasinfiles_class,SUBROUTINE,658,compute_basinoutput,
./models/07_hype_5_32_0_src/output.f90,write_subbasinfiles_class_in_parallel,SUBROUTINE,705,compute_print_output_flags,
./models/07_hype_5_32_0_src/output.f90,write_subbasinfiles_class_in_parallel,SUBROUTINE,705,compute_basinoutput,
./models/07_hype_5_32_0_src/output.f90,write_timefiles,SUBROUTINE,1103,compute_print_output_flags,
./models/07_hype_5_32_0_src/output.f90,write_timefiles,SUBROUTINE,1103,compute_timeoutput,
./models/07_hype_5_32_0_src/output.f90,write_timefiles_in_parallel,SUBROUTINE,1208,compute_print_output_flags,
./models/07_hype_5_32_0_src/output.f90,write_timefiles_in_parallel,SUBROUTINE,1208,compute_timeoutput,
./models/07_hype_5_32_0_src/output.f90,save_respar,SUBROUTINE,2043,get_parametervalues,
./models/07_hype_5_32_0_src/output.f90,close_timefiles,SUBROUTINE,1316,fileunit_free,
./models/07_hype_5_32_0_src/output.f90,close_timefiles_class,SUBROUTINE,1349,fileunit_free,
./models/07_hype_5_32_0_src/output.f90,write_simulation_results_perf_and_par,SUBROUTINE,2299,write_dataline,
./models/07_hype_5_32_0_src/output.f90,prepare_outputfiles,SUBROUTINE,64,open_subbasinfiles,
./models/07_hype_5_32_0_src/output.f90,prepare_outputfiles,SUBROUTINE,64,open_timefiles,
./models/07_hype_5_32_0_src/output.f90,prepare_outputfiles,SUBROUTINE,64,open_timefiles_classes,
./models/07_hype_5_32_0_src/output.f90,prepare_outputfiles,SUBROUTINE,64,open_timefiles_netcdf,
./models/07_hype_5_32_0_src/output.f90,prepare_outputfiles,SUBROUTINE,64,open_subbasinfiles,
./models/07_hype_5_32_0_src/output.f90,prepare_outputfiles,SUBROUTINE,64,open_timefiles,
./models/07_hype_5_32_0_src/output.f90,prepare_outputfiles,SUBROUTINE,64,open_timefiles_classes,
./models/07_hype_5_32_0_src/output.f90,prepare_outputfiles,SUBROUTINE,64,open_timefiles_netcdf,
./models/07_hype_5_32_0_src/output.f90,prepare_outputfiles,SUBROUTINE,64,open_modeldefined_outputfiles,
./models/07_hype_5_32_0_src/output.f90,close_outputfiles,SUBROUTINE,96,close_subbasinfiles,
./models/07_hype_5_32_0_src/output.f90,close_outputfiles,SUBROUTINE,96,close_timefiles,
./models/07_hype_5_32_0_src/output.f90,close_outputfiles,SUBROUTINE,96,close_timefiles_class,
./models/07_hype_5_32_0_src/output.f90,close_outputfiles,SUBROUTINE,96,close_timefiles_netcdf,
./models/07_hype_5_32_0_src/output.f90,close_outputfiles,SUBROUTINE,96,close_subbasinfiles,
./models/07_hype_5_32_0_src/output.f90,close_outputfiles,SUBROUTINE,96,close_timefiles,
./models/07_hype_5_32_0_src/output.f90,close_outputfiles,SUBROUTINE,96,close_timefiles_class,
./models/07_hype_5_32_0_src/output.f90,close_outputfiles,SUBROUTINE,96,close_timefiles_netcdf,
./models/07_hype_5_32_0_src/output.f90,close_outputfiles,SUBROUTINE,96,close_modeldefined_outputfiles,
./models/07_hype_5_32_0_src/output.f90,save_ensemble_simulations,SUBROUTINE,2256,write_ensemble_simulations_heading,
./models/07_hype_5_32_0_src/output.f90,save_ensemble_simulations,SUBROUTINE,2256,write_simulation_results_perf_and_par,
./models/07_hype_5_32_0_src/output.f90,prepare_save_all_simulations,SUBROUTINE,2165,write_ensemble_simulations_heading,
./models/07_hype_5_32_0_src/random_routines.f90,FFT991,SUBROUTINE,1264,FFT99A,
./models/07_hype_5_32_0_src/random_routines.f90,FFT991,SUBROUTINE,1264,VPASSM,
./models/07_hype_5_32_0_src/random_routines.f90,FFT991,SUBROUTINE,1264,VPASSM,
./models/07_hype_5_32_0_src/random_routines.f90,FFT991,SUBROUTINE,1264,FFT99B,
./models/07_hype_5_32_0_src/random_routines.f90,init_randxy_data,SUBROUTINE,137,adjust_nxl4fft,
./models/07_hype_5_32_0_src/random_routines.f90,init_randxy_data,SUBROUTINE,137,adjust_nxl4fft,
./models/07_hype_5_32_0_src/random_routines.f90,init_randxy_data,SUBROUTINE,137,corr_to_spec,
./models/07_hype_5_32_0_src/random_routines.f90,init_randxy_data,SUBROUTINE,137,random_field,
./models/07_hype_5_32_0_src/random_routines.f90,init_randxy_data,SUBROUTINE,137,interpol_grid2point,
./models/07_hype_5_32_0_src/random_routines.f90,corr_to_spec,SUBROUTINE,362,gen_corr,
./models/07_hype_5_32_0_src/random_routines.f90,corr_to_spec,SUBROUTINE,362,fft2d,
./models/07_hype_5_32_0_src/random_routines.f90,random_field,SUBROUTINE,325,fft2d,
./models/07_hype_5_32_0_src/random_routines.f90,SET99,SUBROUTINE,1418,FAX,
./models/07_hype_5_32_0_src/random_routines.f90,SET99,SUBROUTINE,1418,FFTRIG,
./models/07_hype_5_32_0_src/random_routines.f90,resample_randxy_data,SUBROUTINE,115,random_field,
./models/07_hype_5_32_0_src/random_routines.f90,resample_randxy_data,SUBROUTINE,115,interpol_grid2point,
./models/07_hype_5_32_0_src/readwrite.f90,open_timefiles_netcdf,SUBROUTINE,2095,set_netcdfoutput_time_definition,
./models/07_hype_5_32_0_src/readwrite.f90,open_timefiles_netcdf,SUBROUTINE,2095,set_netcdfoutput_time_definition,
./models/07_hype_5_32_0_src/readwrite.f90,open_timefiles_netcdf,SUBROUTINE,2095,prepare_ens_fileunit_array,
./models/07_hype_5_32_0_src/readwrite.f90,open_timefiles_netcdf,SUBROUTINE,2095,create_filename_for_variable,
./models/07_hype_5_32_0_src/readwrite.f90,open_timefiles_netcdf,SUBROUTINE,2095,create_filename_for_variable,
./models/07_hype_5_32_0_src/readwrite.f90,open_timefiles_netcdf,SUBROUTINE,2095,create_filename_for_variable,
./models/07_hype_5_32_0_src/readwrite.f90,open_timefiles_netcdf,SUBROUTINE,2095,create_filename_for_variable,
./models/07_hype_5_32_0_src/readwrite.f90,open_timefiles_netcdf,SUBROUTINE,2095,scalar_lower_case,
./models/07_hype_5_32_0_src/readwrite.f90,open_timefiles_netcdf,SUBROUTINE,2095,format_date,
./models/07_hype_5_32_0_src/readwrite.f90,load_and_check_qobs_netcdf,SUBROUTINE,1818,open_netcdf_file_and_get_ids,
./models/07_hype_5_32_0_src/readwrite.f90,load_and_check_qobs_netcdf,SUBROUTINE,1818,check_station_array,
./models/07_hype_5_32_0_src/readwrite.f90,load_and_check_qobs_netcdf,SUBROUTINE,1818,check_netcdf_observation_timeperiod,
./models/07_hype_5_32_0_src/readwrite.f90,load_and_check_qobs_netcdf,SUBROUTINE,1818,find_common_timeperiod,
./models/07_hype_5_32_0_src/readwrite.f90,load_and_check_qobs_netcdf,SUBROUTINE,1818,close_netcdf_file,
./models/07_hype_5_32_0_src/readwrite.f90,get_first_column_string_for_dataline,SUBROUTINE,3003,format_date,
./models/07_hype_5_32_0_src/readwrite.f90,get_first_column_string_for_dataline,SUBROUTINE,3003,format_date,
./models/07_hype_5_32_0_src/readwrite.f90,get_first_column_string_for_dataline,SUBROUTINE,3003,format_date,
./models/07_hype_5_32_0_src/readwrite.f90,get_first_column_string_for_dataline,SUBROUTINE,3003,format_date,
./models/07_hype_5_32_0_src/readwrite.f90,get_first_column_string_for_dataline,SUBROUTINE,3003,format_date,
./models/07_hype_5_32_0_src/readwrite.f90,get_first_column_string_for_dataline,SUBROUTINE,3003,format_date,
./models/07_hype_5_32_0_src/readwrite.f90,get_first_column_string_for_dataline,SUBROUTINE,3003,format_date,
./models/07_hype_5_32_0_src/readwrite.f90,get_first_column_string_for_dataline,SUBROUTINE,3003,format_date,
./models/07_hype_5_32_0_src/readwrite.f90,get_first_column_string_for_dataline,SUBROUTINE,3003,format_date,
./models/07_hype_5_32_0_src/readwrite.f90,get_first_column_string_for_dataline,SUBROUTINE,3003,format_date,
./models/07_hype_5_32_0_src/readwrite.f90,get_first_column_string_for_dataline,SUBROUTINE,3003,format_date,
./models/07_hype_5_32_0_src/readwrite.f90,get_first_column_string_for_dataline,SUBROUTINE,3003,format_date,
./models/07_hype_5_32_0_src/readwrite.f90,get_first_column_string_for_dataline,SUBROUTINE,3003,format_date,
./models/07_hype_5_32_0_src/readwrite.f90,get_first_column_string_for_dataline,SUBROUTINE,3003,format_date,
./models/07_hype_5_32_0_src/readwrite.f90,get_first_column_string_for_dataline,SUBROUTINE,3003,format_date,
./models/07_hype_5_32_0_src/readwrite.f90,get_first_column_string_for_dataline,SUBROUTINE,3003,format_date,
./models/07_hype_5_32_0_src/readwrite.f90,get_first_column_string_for_dataline,SUBROUTINE,3003,format_date,
./models/07_hype_5_32_0_src/readwrite.f90,check_obs_timeperiod,SUBROUTINE,502,read_next_date_on_line,
./models/07_hype_5_32_0_src/readwrite.f90,check_obs_timeperiod,SUBROUTINE,502,read_next_date_on_line,
./models/07_hype_5_32_0_src/readwrite.f90,check_obs_timeperiod,SUBROUTINE,502,read_next_date_on_line,
./models/07_hype_5_32_0_src/readwrite.f90,check_obs_timeperiod,SUBROUTINE,502,format_date,
./models/07_hype_5_32_0_src/readwrite.f90,check_obs_timeperiod,SUBROUTINE,502,format_date,
./models/07_hype_5_32_0_src/readwrite.f90,check_obs_timeperiod,SUBROUTINE,502,format_date,
./models/07_hype_5_32_0_src/readwrite.f90,check_obs_timeperiod,SUBROUTINE,502,format_date,
./models/07_hype_5_32_0_src/readwrite.f90,check_netcdf_forcing_timeperiod,SUBROUTINE,1020,lower_case,
./models/07_hype_5_32_0_src/readwrite.f90,check_netcdf_forcing_timeperiod,SUBROUTINE,1020,transform_time_since_to_datetype,
./models/07_hype_5_32_0_src/readwrite.f90,check_netcdf_forcing_timeperiod,SUBROUTINE,1020,get_date_from_time_since,
./models/07_hype_5_32_0_src/readwrite.f90,check_netcdf_forcing_timeperiod,SUBROUTINE,1020,get_date_from_time_since,
./models/07_hype_5_32_0_src/readwrite.f90,check_netcdf_forcing_timeperiod,SUBROUTINE,1020,format_date,
./models/07_hype_5_32_0_src/readwrite.f90,check_netcdf_forcing_timeperiod,SUBROUTINE,1020,format_date,
./models/07_hype_5_32_0_src/readwrite.f90,check_netcdf_forcing_timeperiod,SUBROUTINE,1020,format_date,
./models/07_hype_5_32_0_src/readwrite.f90,check_netcdf_forcing_timeperiod,SUBROUTINE,1020,format_date,
./models/07_hype_5_32_0_src/readwrite.f90,check_netcdf_observation_timeperiod,SUBROUTINE,1163,lower_case,
./models/07_hype_5_32_0_src/readwrite.f90,check_netcdf_observation_timeperiod,SUBROUTINE,1163,transform_time_since_to_datetype,
./models/07_hype_5_32_0_src/readwrite.f90,check_netcdf_observation_timeperiod,SUBROUTINE,1163,get_date_from_time_since,
./models/07_hype_5_32_0_src/readwrite.f90,check_netcdf_observation_timeperiod,SUBROUTINE,1163,get_date_from_time_since,
./models/07_hype_5_32_0_src/readwrite.f90,check_netcdf_observation_timeperiod,SUBROUTINE,1163,format_date,
./models/07_hype_5_32_0_src/readwrite.f90,check_netcdf_observation_timeperiod,SUBROUTINE,1163,format_date,
./models/07_hype_5_32_0_src/readwrite.f90,check_netcdf_observation_timeperiod,SUBROUTINE,1163,format_date,
./models/07_hype_5_32_0_src/readwrite.f90,check_netcdf_observation_timeperiod,SUBROUTINE,1163,format_date,
./models/07_hype_5_32_0_src/readwrite.f90,check_xobs_netcdf,SUBROUTINE,1944,open_netcdf_file_and_get_ids,
./models/07_hype_5_32_0_src/readwrite.f90,check_xobs_netcdf,SUBROUTINE,1944,check_station_array,
./models/07_hype_5_32_0_src/readwrite.f90,check_xobs_netcdf,SUBROUTINE,1944,check_netcdf_observation_timeperiod,
./models/07_hype_5_32_0_src/readwrite.f90,check_xobs_netcdf,SUBROUTINE,1944,find_common_timeperiod,
./models/07_hype_5_32_0_src/readwrite.f90,check_xobs_netcdf,SUBROUTINE,1944,close_netcdf_file,
./models/07_hype_5_32_0_src/readwrite.f90,read_parameterline,SUBROUTINE,4619,lower_case,
./models/07_hype_5_32_0_src/readwrite.f90,read_basindata6,SUBROUTINE,3914,read_next_column,
./models/07_hype_5_32_0_src/readwrite.f90,read_basindata6,SUBROUTINE,3914,convert_string_to_real,
./models/07_hype_5_32_0_src/readwrite.f90,read_basindata6,SUBROUTINE,3914,convert_string_to_integer,
./models/07_hype_5_32_0_src/readwrite.f90,load_xobs_netcdf,SUBROUTINE,2037,close_netcdf_file,
./models/07_hype_5_32_0_src/readwrite.f90,create_filename_for_variable,SUBROUTINE,2887,scalar_upper_case,
./models/07_hype_5_32_0_src/readwrite.f90,read_basindata5,SUBROUTINE,3829,read_next_column,
./models/07_hype_5_32_0_src/readwrite.f90,read_basindata5,SUBROUTINE,3829,convert_string_to_real,
./models/07_hype_5_32_0_src/readwrite.f90,read_basindata5,SUBROUTINE,3829,convert_string_to_integer,
./models/07_hype_5_32_0_src/readwrite.f90,read_column_headings2,SUBROUTINE,4041,lower_case,
./models/07_hype_5_32_0_src/readwrite.f90,read_next_integer_on_info_line,SUBROUTINE,4351,read_next_codestr_on_line,
./models/07_hype_5_32_0_src/readwrite.f90,read_next_integer_on_info_line,SUBROUTINE,4351,convert_string_to_integer,
./models/07_hype_5_32_0_src/readwrite.f90,read_geoclass,SUBROUTINE,3752,count_data_rows,
./models/07_hype_5_32_0_src/readwrite.f90,check_file_station_id_order,SUBROUTINE,130,count_data_cols,
./models/07_hype_5_32_0_src/readwrite.f90,check_file_station_id_order,SUBROUTINE,130,find_reorder_index,
./models/07_hype_5_32_0_src/readwrite.f90,open_netcdf_file_and_get_ids,SUBROUTINE,883,scalar_lower_case,
./models/07_hype_5_32_0_src/readwrite.f90,open_netcdf_file_and_get_ids,SUBROUTINE,883,scalar_upper_case,
./models/07_hype_5_32_0_src/readwrite.f90,open_netcdf_file_and_get_ids,SUBROUTINE,883,scalar_lower_case,
./models/07_hype_5_32_0_src/readwrite.f90,calculate_seconds_beginning_period,SUBROUTINE,2369,read_one_current_date_netcdf,
./models/07_hype_5_32_0_src/readwrite.f90,calculate_seconds_beginning_period,SUBROUTINE,2369,get_time_since_from_date,
./models/07_hype_5_32_0_src/readwrite.f90,calculate_seconds_beginning_period,SUBROUTINE,2369,get_time_since_from_date,
./models/07_hype_5_32_0_src/readwrite.f90,load_one_netcdf_forcing_variable,SUBROUTINE,774,open_netcdf_file_and_get_ids,
./models/07_hype_5_32_0_src/readwrite.f90,load_one_netcdf_forcing_variable,SUBROUTINE,774,get_netcdf_forcing_id_order,
./models/07_hype_5_32_0_src/readwrite.f90,load_one_netcdf_forcing_variable,SUBROUTINE,774,check_netcdf_forcing_timeperiod,
./models/07_hype_5_32_0_src/readwrite.f90,load_one_netcdf_forcing_variable,SUBROUTINE,774,read_netcdf_forcing_matrix,
./models/07_hype_5_32_0_src/readwrite.f90,load_one_netcdf_forcing_variable,SUBROUTINE,774,close_netcdf_file,
./models/07_hype_5_32_0_src/readwrite.f90,get_netcdf_forcing_id_order,SUBROUTINE,832,find_reorder_index,
./models/07_hype_5_32_0_src/readwrite.f90,close_timefiles_netcdf,SUBROUTINE,2472,close_netcdf_file,
./models/07_hype_5_32_0_src/readwrite.f90,close_timefiles_netcdf,SUBROUTINE,2472,scalar_upper_case,
./models/07_hype_5_32_0_src/readwrite.f90,check_station_txt,SUBROUTINE,249,count_data_cols,
./models/07_hype_5_32_0_src/readwrite.f90,check_station_txt,SUBROUTINE,249,check_station_array,
./models/07_hype_5_32_0_src/readwrite.f90,load_netcdf_dates_of_forcing_variable,SUBROUTINE,1352,open_netcdf_file_and_get_ids,
./models/07_hype_5_32_0_src/readwrite.f90,load_netcdf_dates_of_forcing_variable,SUBROUTINE,1352,get_id_of_netcdf_variable,
./models/07_hype_5_32_0_src/readwrite.f90,load_netcdf_dates_of_forcing_variable,SUBROUTINE,1352,read_one_current_date_netcdf,
./models/07_hype_5_32_0_src/readwrite.f90,load_netcdf_dates_of_forcing_variable,SUBROUTINE,1352,get_date_from_time_since,
./models/07_hype_5_32_0_src/readwrite.f90,load_netcdf_dates_of_forcing_variable,SUBROUTINE,1352,close_netcdf_file,
./models/07_hype_5_32_0_src/readwrite.f90,prepare_read_matrix,SUBROUTINE,448,read_next_date_on_line,
./models/07_hype_5_32_0_src/readwrite.f90,write_dataline,SUBROUTINE,3104,get_first_column_string_for_dataline,
./models/07_hype_5_32_0_src/readwrite.f90,write_dataline,SUBROUTINE,3104,get_first_column_string_for_dataline,
./models/07_hype_5_32_0_src/readwrite.f90,write_dataline,SUBROUTINE,3104,write_sepsep,
./models/07_hype_5_32_0_src/readwrite.f90,write_dataline,SUBROUTINE,3104,write_mathsep,
./models/07_hype_5_32_0_src/readwrite.f90,check_netcdf_station_id_order,SUBROUTINE,975,check_station_array,
./models/07_hype_5_32_0_src/readwrite.f90,get_number_of_classgroups,SUBROUTINE,3724,read_geoclass,
./models/07_hype_5_32_0_src/readwrite.f90,load_one_current_date_netcdf,SUBROUTINE,1398,read_one_current_date_netcdf,
./models/07_hype_5_32_0_src/readwrite.f90,load_one_current_date_netcdf,SUBROUTINE,1398,get_date_from_time_since,
./models/07_hype_5_32_0_src/readwrite.f90,write_data_to_netcdf,SUBROUTINE,2435,scalar_lower_case,
./models/07_hype_5_32_0_src/readwrite.f90,get_date_from_time_since,SUBROUTINE,1529,transform_time_since_to_datetype,
./models/07_hype_5_32_0_src/readwrite.f90,read_column_headings,SUBROUTINE,4002,read_column_headings2,
./models/07_hype_5_32_0_src/regional_groundwater.f90,calculate_river_groundwaterflow_removal,SUBROUTINE,365,calculate_water_fractions,
./models/07_hype_5_32_0_src/regional_groundwater.f90,calculate_river_groundwaterflow_removal,SUBROUTINE,365,remove_water_of_set_concentration,
./models/07_hype_5_32_0_src/regional_groundwater.f90,calculate_river_groundwaterflow_removal,SUBROUTINE,365,remove_water_of_set_concentration,
./models/07_hype_5_32_0_src/regional_groundwater.f90,calculate_river_groundwaterflow_removal,SUBROUTINE,365,remove_water_of_set_concentration,
./models/07_hype_5_32_0_src/regional_groundwater.f90,calculate_river_floodplain_groundwaterflow_removal,SUBROUTINE,486,remove_water_of_set_concentration,
./models/07_hype_5_32_0_src/regional_groundwater.f90,calculate_aquifer,SUBROUTINE,620,calculate_aquifer_percolation,
./models/07_hype_5_32_0_src/regional_groundwater.f90,calculate_aquifer,SUBROUTINE,620,calculate_percolation_delay,
./models/07_hype_5_32_0_src/regional_groundwater.f90,calculate_aquifer,SUBROUTINE,620,add_water,
./models/07_hype_5_32_0_src/regional_groundwater.f90,calculate_aquifer,SUBROUTINE,620,soil_denitrification,
./models/07_hype_5_32_0_src/regional_groundwater.f90,calculate_aquifer,SUBROUTINE,620,calculate_aquifer_outflow,
./models/07_hype_5_32_0_src/regional_groundwater.f90,calculate_aquifer,SUBROUTINE,620,remove_water,
./models/07_hype_5_32_0_src/regional_groundwater.f90,calculate_regional_groundwater_flow,SUBROUTINE,212,calculate_soillayer_groundwaterflow_removal,
./models/07_hype_5_32_0_src/regional_groundwater.f90,calculate_regional_groundwater_flow,SUBROUTINE,212,calculate_soillayer_groundwaterflow_removal,
./models/07_hype_5_32_0_src/regional_groundwater.f90,calculate_regional_groundwater_flow,SUBROUTINE,212,calculate_soillayer_groundwaterflow_removal,
./models/07_hype_5_32_0_src/regional_groundwater.f90,calculate_soillayer_groundwaterflow_removal,SUBROUTINE,325,remove_water_of_set_concentration,
./models/07_hype_5_32_0_src/regional_groundwater.f90,calculate_aquifer_outflow,SUBROUTINE,762,remove_water,
./models/07_hype_5_32_0_src/regional_groundwater.f90,add_regional_groundwater_flow_to_soil,SUBROUTINE,852,find_lowest_soillayer,
./models/07_hype_5_32_0_src/regional_groundwater.f90,add_regional_groundwater_flow_to_soil,SUBROUTINE,852,inflow_lowest_soillayer,
./models/07_hype_5_32_0_src/regional_groundwater.f90,add_regional_groundwater_flow_to_olake,SUBROUTINE,901,add_water,
./models/07_hype_5_32_0_src/soilmodel0.f90,soilmodel_0,SUBROUTINE,101,set_model_for_substances,
./models/07_hype_5_32_0_src/soilmodel0.f90,soilmodel_0,SUBROUTINE,101,distribute_soil_load,
./models/07_hype_5_32_0_src/soilmodel0.f90,soilmodel_0,SUBROUTINE,101,add_dry_deposition_to_landclass,
./models/07_hype_5_32_0_src/soilmodel0.f90,soilmodel_0,SUBROUTINE,101,update_rootzone_concentration,
./models/07_hype_5_32_0_src/soilmodel0.f90,soilmodel_0,SUBROUTINE,101,set_model_for_substances,
./models/07_hype_5_32_0_src/soilmodel0.f90,soilmodel_0,SUBROUTINE,101,add_dry_deposition_to_landclass,
./models/07_hype_5_32_0_src/soilmodel0.f90,soilmodel_0,SUBROUTINE,101,add_dry_deposition_to_landclass,
./models/07_hype_5_32_0_src/soilmodel0.f90,soilmodel_0,SUBROUTINE,101,apply_irrigation,
./models/07_hype_5_32_0_src/soilmodel0.f90,soilmodel_0,SUBROUTINE,101,zero_rootzone_model_values,
./models/07_hype_5_32_0_src/soilmodel0.f90,soilmodel_0,SUBROUTINE,101,update_rootzone_concentration,
./models/07_hype_5_32_0_src/soilmodel0.f90,soilmodel_0,SUBROUTINE,101,calculate_potential_evaporation,
./models/07_hype_5_32_0_src/soilmodel0.f90,soilmodel_0,SUBROUTINE,101,calculate_rain_snow_from_precipitation,
./models/07_hype_5_32_0_src/soilmodel0.f90,soilmodel_0,SUBROUTINE,101,calculate_snow,
./models/07_hype_5_32_0_src/soilmodel0.f90,soilmodel_0,SUBROUTINE,101,calculate_soiltemp,
./models/07_hype_5_32_0_src/soilmodel0.f90,soilmodel_0,SUBROUTINE,101,calculate_frostdepth,
./models/07_hype_5_32_0_src/soilmodel0.f90,soilmodel_0,SUBROUTINE,101,calculate_frostdepth,
./models/07_hype_5_32_0_src/soilmodel0.f90,soilmodel_0,SUBROUTINE,101,calculate_frostdepth,
./models/07_hype_5_32_0_src/soilmodel0.f90,soilmodel_0,SUBROUTINE,101,calculate_infiltration_flow_diversion,
./models/07_hype_5_32_0_src/soilmodel0.f90,soilmodel_0,SUBROUTINE,101,add_infiltration,
./models/07_hype_5_32_0_src/soilmodel0.f90,soilmodel_0,SUBROUTINE,101,percolation,
./models/07_hype_5_32_0_src/soilmodel0.f90,soilmodel_0,SUBROUTINE,101,calculate_actual_soil_evapotranspiration,
./models/07_hype_5_32_0_src/soilmodel0.f90,soilmodel_0,SUBROUTINE,101,calculate_soil_runoff,
./models/07_hype_5_32_0_src/soilmodel0.f90,soilmodel_0,SUBROUTINE,101,calculate_tile_drainage,
./models/07_hype_5_32_0_src/soilmodel0.f90,soilmodel_0,SUBROUTINE,101,find_lowest_soillayer,
./models/07_hype_5_32_0_src/soilmodel0.f90,soilmodel_0,SUBROUTINE,101,inflow_lowest_soillayer,
./models/07_hype_5_32_0_src/soilmodel0.f90,soilmodel_0,SUBROUTINE,101,update_rootzone_concentration,
./models/07_hype_5_32_0_src/soilmodel0.f90,soilmodel_0,SUBROUTINE,101,add_regional_groundwater_flow_to_soil,
./models/07_hype_5_32_0_src/soilmodel0.f90,soilmodel_0,SUBROUTINE,101,zero_rootzone_model_values,
./models/07_hype_5_32_0_src/soilmodel0.f90,soilmodel_0,SUBROUTINE,101,update_rootzone_concentration,
./models/07_hype_5_32_0_src/soilmodel0.f90,soilmodel_0,SUBROUTINE,101,calculate_infiltration_flow_diversion,
./models/07_hype_5_32_0_src/soilmodel0.f90,soilmodel_0,SUBROUTINE,101,add_infiltration,
./models/07_hype_5_32_0_src/soilmodel0.f90,soilmodel_0,SUBROUTINE,101,percolation,
./models/07_hype_5_32_0_src/soilmodel0.f90,soilmodel_0,SUBROUTINE,101,calculate_surface_runoff,
./models/07_hype_5_32_0_src/soilmodel0.f90,soilmodel_0,SUBROUTINE,101,particle_processes_for_runoff,
./models/07_hype_5_32_0_src/soilmodel0.f90,soilmodel_0,SUBROUTINE,101,carbon_runoff_delay,
./models/07_hype_5_32_0_src/soilmodel0.f90,soilmodel_0,SUBROUTINE,101,particle_processes_for_runoff,
./models/07_hype_5_32_0_src/soilmodel0.f90,soilmodel_0,SUBROUTINE,101,carbon_runoff_delay,
./models/07_hype_5_32_0_src/soilmodel0.f90,soilmodel_0,SUBROUTINE,101,add_macropore_flow,
./models/07_hype_5_32_0_src/soilmodel0.f90,soilmodel_0,SUBROUTINE,101,percolation,
./models/07_hype_5_32_0_src/soilmodel0.f90,soilmodel_0,SUBROUTINE,101,calculate_groundwater_table,
./models/07_hype_5_32_0_src/soilmodel0.f90,soilmodel_0,SUBROUTINE,101,calculate_soil_moisture_deficit,
./models/07_hype_5_32_0_src/soilmodel0.f90,soilmodel_0,SUBROUTINE,101,calculate_plant,
./models/07_hype_5_32_0_src/soilmodel0.f90,soilmodel_0,SUBROUTINE,101,soil_tracer_processes,
./models/07_hype_5_32_0_src/soilmodel0.f90,soilmodel_0,SUBROUTINE,101,calculate_plant,
./models/07_hype_5_32_0_src/soilmodel0.f90,soilmodel_0,SUBROUTINE,101,soil_tracer_processes,
./models/07_hype_5_32_0_src/soilmodel0.f90,soilmodel_0,SUBROUTINE,101,calculate_plant,
./models/07_hype_5_32_0_src/soilmodel0.f90,soilmodel_0,SUBROUTINE,101,soil_tracer_processes,
./models/07_hype_5_32_0_src/soilmodel4.f90,soilmodel_4,SUBROUTINE,98,add_dry_deposition_to_landclass,
./models/07_hype_5_32_0_src/soilmodel4.f90,soilmodel_4,SUBROUTINE,98,calculate_potential_evaporation,
./models/07_hype_5_32_0_src/soilmodel4.f90,soilmodel_4,SUBROUTINE,98,calculate_floodplain_waterlevel,
./models/07_hype_5_32_0_src/soilmodel4.f90,soilmodel_4,SUBROUTINE,98,calculate_rain_snow_from_precipitation,
./models/07_hype_5_32_0_src/soilmodel4.f90,soilmodel_4,SUBROUTINE,98,calculate_snow,
./models/07_hype_5_32_0_src/soilmodel4.f90,soilmodel_4,SUBROUTINE,98,calculate_soiltemp,
./models/07_hype_5_32_0_src/soilmodel4.f90,soilmodel_4,SUBROUTINE,98,calculate_frostdepth,
./models/07_hype_5_32_0_src/soilmodel4.f90,soilmodel_4,SUBROUTINE,98,calculate_frostdepth,
./models/07_hype_5_32_0_src/soilmodel4.f90,soilmodel_4,SUBROUTINE,98,calculate_frostdepth,
./models/07_hype_5_32_0_src/soilmodel4.f90,soilmodel_4,SUBROUTINE,98,calculate_infiltration_flow_diversion,
./models/07_hype_5_32_0_src/soilmodel4.f90,soilmodel_4,SUBROUTINE,98,add_infiltration,
./models/07_hype_5_32_0_src/soilmodel4.f90,soilmodel_4,SUBROUTINE,98,percolation,
./models/07_hype_5_32_0_src/soilmodel4.f90,soilmodel_4,SUBROUTINE,98,calculate_actual_soil_evapotranspiration,
./models/07_hype_5_32_0_src/soilmodel4.f90,soilmodel_4,SUBROUTINE,98,calculate_soil_runoff,
./models/07_hype_5_32_0_src/soilmodel4.f90,soilmodel_4,SUBROUTINE,98,calculate_tile_drainage,
./models/07_hype_5_32_0_src/soilmodel4.f90,soilmodel_4,SUBROUTINE,98,add_local_diffuse_source_to_soil,
./models/07_hype_5_32_0_src/soilmodel4.f90,soilmodel_4,SUBROUTINE,98,calculate_infiltration_flow_diversion,
./models/07_hype_5_32_0_src/soilmodel4.f90,soilmodel_4,SUBROUTINE,98,add_infiltration,
./models/07_hype_5_32_0_src/soilmodel4.f90,soilmodel_4,SUBROUTINE,98,percolation,
./models/07_hype_5_32_0_src/soilmodel4.f90,soilmodel_4,SUBROUTINE,98,calculate_surface_runoff,
./models/07_hype_5_32_0_src/soilmodel4.f90,soilmodel_4,SUBROUTINE,98,particle_processes_for_runoff,
./models/07_hype_5_32_0_src/soilmodel4.f90,soilmodel_4,SUBROUTINE,98,carbon_runoff_delay,
./models/07_hype_5_32_0_src/soilmodel4.f90,soilmodel_4,SUBROUTINE,98,add_macropore_flow,
./models/07_hype_5_32_0_src/soilmodel4.f90,soilmodel_4,SUBROUTINE,98,percolation,
./models/07_hype_5_32_0_src/soilmodel4.f90,soilmodel_4,SUBROUTINE,98,calculate_groundwater_table,
./models/07_hype_5_32_0_src/soilmodel4.f90,soilmodel_4,SUBROUTINE,98,calculate_soil_moisture_deficit,
./models/07_hype_5_32_0_src/soilmodel4.f90,soilmodel_4,SUBROUTINE,98,calculate_plant,
./models/07_hype_5_32_0_src/soilmodel4.f90,soilmodel_4,SUBROUTINE,98,soil_tracer_processes,
./models/07_hype_5_32_0_src/soilmodel4.f90,soilmodel_4,SUBROUTINE,98,add_precipitation_to_floodplain,
./models/07_hype_5_32_0_src/soilmodel4.f90,soilmodel_4,SUBROUTINE,98,calculate_floodplain_evaporation,
./models/07_hype_5_32_0_src/soilmodel4.f90,soilmodel_4,SUBROUTINE,98,flood_infiltration,
./models/07_hype_5_32_0_src/soilmodel4.f90,soilmodel_4,SUBROUTINE,98,remove_water,
./models/07_hype_5_32_0_src/soilmodel4.f90,soilmodel_4,SUBROUTINE,98,add_water,
./models/07_hype_5_32_0_src/soilmodel4.f90,soilmodel_4,SUBROUTINE,98,add_water,
./models/07_hype_5_32_0_src/soilmodel5.f90,distribute_soil_load,SUBROUTINE,263,add_source_to_water,
./models/07_hype_5_32_0_src/soilmodel5.f90,soil_traveltime_processes,SUBROUTINE,50,decay_of_simplesubstance,
./models/07_hype_5_32_0_src/soilmodel5.f90,soil_traveltime_processes,SUBROUTINE,50,decay_of_simplesubstance_sorbedphase,
./models/07_hype_5_32_0_src/soil_proc.f90,calculate_snow,SUBROUTINE,433,calculate_snowheat_processes,
./models/07_hype_5_32_0_src/soil_proc.f90,calculate_snow,SUBROUTINE,433,calculate_snowmelt,
./models/07_hype_5_32_0_src/soil_proc.f90,calculate_snow,SUBROUTINE,433,calculate_snowmelt,
./models/07_hype_5_32_0_src/soil_proc.f90,calculate_snow,SUBROUTINE,433,add_water,
./models/07_hype_5_32_0_src/soil_proc.f90,calculate_snow,SUBROUTINE,433,remove_water,
./models/07_hype_5_32_0_src/soil_proc.f90,calculate_snow,SUBROUTINE,433,remove_water_of_set_concentration,
./models/07_hype_5_32_0_src/soil_proc.f90,calculate_snow,SUBROUTINE,433,calculate_snowdepth,
./models/07_hype_5_32_0_src/soil_proc.f90,calculate_snow,SUBROUTINE,433,calculate_fractional_snowcover,
./models/07_hype_5_32_0_src/soil_proc.f90,calculate_actual_soil_evapotranspiration,SUBROUTINE,1341,remove_water_of_set_concentration,
./models/07_hype_5_32_0_src/soil_proc.f90,initiate_soil_water,SUBROUTINE,132,calculate_porevolumes,
./models/07_hype_5_32_0_src/soil_proc.f90,initiate_soil_water,SUBROUTINE,132,calculate_soil_runoff_recession_coefficients,
./models/07_hype_5_32_0_src/soil_proc.f90,initiate_soil_water,SUBROUTINE,132,get_regest_parameter,
./models/07_hype_5_32_0_src/soil_proc.f90,initiate_soil_water,SUBROUTINE,132,get_regest_parameter,
./models/07_hype_5_32_0_src/soil_proc.f90,initiate_soil_water,SUBROUTINE,132,get_regest_parameter,
./models/07_hype_5_32_0_src/soil_proc.f90,recalculate_soil_state_variables,SUBROUTINE,345,calculate_porevolumes,
./models/07_hype_5_32_0_src/soil_proc.f90,add_macropore_flow,SUBROUTINE,2126,calculate_groundwater_table,
./models/07_hype_5_32_0_src/soil_proc.f90,add_macropore_flow,SUBROUTINE,2126,add_water,
./models/07_hype_5_32_0_src/soil_proc.f90,add_macropore_flow,SUBROUTINE,2126,add_water,
./models/07_hype_5_32_0_src/soil_proc.f90,calculate_tile_drainage,SUBROUTINE,1460,remove_water,
./models/07_hype_5_32_0_src/soil_proc.f90,calculate_soil_runoff,SUBROUTINE,1551,calculate_pressurelevel_soillayer_runoff,
./models/07_hype_5_32_0_src/soil_proc.f90,percolation,SUBROUTINE,2033,remove_water_of_set_concentration,
./models/07_hype_5_32_0_src/soil_proc.f90,percolation,SUBROUTINE,2033,add_water,
./models/07_hype_5_32_0_src/soil_proc.f90,percolation,SUBROUTINE,2033,remove_water_of_set_concentration,
./models/07_hype_5_32_0_src/soil_proc.f90,percolation,SUBROUTINE,2033,add_water,
./models/07_hype_5_32_0_src/soil_proc.f90,calculate_unfrozen_soil_water,SUBROUTINE,2380,calculate_linearly_interp_soil_temperature,
./models/07_hype_5_32_0_src/soil_proc.f90,set_evaporation_concentrations,SUBROUTINE,1228,craig_gordon_18O,
./models/07_hype_5_32_0_src/soil_proc.f90,set_evaporation_concentrations,SUBROUTINE,1228,craig_gordon_2H,
./models/07_hype_5_32_0_src/soil_proc.f90,calculate_surface_runoff,SUBROUTINE,1967,remove_water,
./models/07_hype_5_32_0_src/soil_proc.f90,calculate_pressurelevel_soillayer_runoff,SUBROUTINE,1643,remove_water,
./models/07_hype_5_32_0_src/soil_proc.f90,set_evapotranspiration_concentrations,SUBROUTINE,1271,set_evaporation_concentrations,
./models/07_hype_5_32_0_src/soil_proc.f90,add_infiltration,SUBROUTINE,1900,add_water,
./models/07_hype_5_32_0_src/soil_proc.f90,flood_infiltration,SUBROUTINE,1932,add_water,
./models/07_hype_5_32_0_src/soil_proc.f90,calculate_soiltemp,SUBROUTINE,2312,calculate_weighted_temperature,
./models/07_hype_5_32_0_src/soil_proc.f90,calculate_soiltemp,SUBROUTINE,2312,calculate_weighted_temperature,
./models/07_hype_5_32_0_src/soil_proc.f90,initiate_soil_water_state,SUBROUTINE,95,calculate_porevolumes,
./models/07_hype_5_32_0_src/statedata.f90,load_saved_state,SUBROUTINE,112,format_date,
./models/07_hype_5_32_0_src/statedata.f90,load_saved_state,SUBROUTINE,112,format_date,
./models/07_hype_5_32_0_src/statedata.f90,load_saved_state,SUBROUTINE,112,read_and_perform_state_check,
./models/07_hype_5_32_0_src/statedata.f90,load_saved_state,SUBROUTINE,112,read_and_perform_state_check_bin,
./models/07_hype_5_32_0_src/statedata.f90,load_saved_state,SUBROUTINE,112,read_and_perform_state_check_bin,
./models/07_hype_5_32_0_src/statedata.f90,load_saved_state,SUBROUTINE,112,get_frozenstate_variables_arraysize,
./models/07_hype_5_32_0_src/statedata.f90,load_saved_state,SUBROUTINE,112,divide_large_array,
./models/07_hype_5_32_0_src/statedata.f90,load_saved_state,SUBROUTINE,112,set_frozenstate_variables_from_array,
./models/07_hype_5_32_0_src/statedata.f90,load_saved_state,SUBROUTINE,112,get_soilstate_variables_arraysize,
./models/07_hype_5_32_0_src/statedata.f90,load_saved_state,SUBROUTINE,112,divide_large_array,
./models/07_hype_5_32_0_src/statedata.f90,load_saved_state,SUBROUTINE,112,set_soilstate_variables_from_array,
./models/07_hype_5_32_0_src/statedata.f90,load_saved_state,SUBROUTINE,112,get_aquiferstate_variables_arraysize,
./models/07_hype_5_32_0_src/statedata.f90,load_saved_state,SUBROUTINE,112,divide_large_array,
./models/07_hype_5_32_0_src/statedata.f90,load_saved_state,SUBROUTINE,112,set_aquiferstate_variables_from_array,
./models/07_hype_5_32_0_src/statedata.f90,load_saved_state,SUBROUTINE,112,get_riverstate_variables_arraysize,
./models/07_hype_5_32_0_src/statedata.f90,load_saved_state,SUBROUTINE,112,divide_large_array,
./models/07_hype_5_32_0_src/statedata.f90,load_saved_state,SUBROUTINE,112,set_riverstate_variables_from_array,
./models/07_hype_5_32_0_src/statedata.f90,load_saved_state,SUBROUTINE,112,get_lakestate_variables_arraysize,
./models/07_hype_5_32_0_src/statedata.f90,load_saved_state,SUBROUTINE,112,divide_large_array,
./models/07_hype_5_32_0_src/statedata.f90,load_saved_state,SUBROUTINE,112,set_lakestate_variables_from_array,
./models/07_hype_5_32_0_src/statedata.f90,load_saved_state,SUBROUTINE,112,get_miscstate_variables_arraysize,
./models/07_hype_5_32_0_src/statedata.f90,load_saved_state,SUBROUTINE,112,divide_large_array,
./models/07_hype_5_32_0_src/statedata.f90,load_saved_state,SUBROUTINE,112,set_miscstate_variables_from_array,
./models/07_hype_5_32_0_src/statedata.f90,finalize_outstate,SUBROUTINE,315,format_date,
./models/07_hype_5_32_0_src/statedata.f90,finalize_outstate,SUBROUTINE,315,format_date,
./models/07_hype_5_32_0_src/statedata.f90,finalize_outstate,SUBROUTINE,315,write_state_check,
./models/07_hype_5_32_0_src/statedata.f90,finalize_outstate,SUBROUTINE,315,write_state_check_bin,
./models/07_hype_5_32_0_src/statedata.f90,finalize_outstate,SUBROUTINE,315,get_frozenstate_variables_arraysize,
./models/07_hype_5_32_0_src/statedata.f90,finalize_outstate,SUBROUTINE,315,divide_large_array,
./models/07_hype_5_32_0_src/statedata.f90,finalize_outstate,SUBROUTINE,315,set_frozenstate_variables_to_array,
./models/07_hype_5_32_0_src/statedata.f90,finalize_outstate,SUBROUTINE,315,get_soilstate_variables_arraysize,
./models/07_hype_5_32_0_src/statedata.f90,finalize_outstate,SUBROUTINE,315,divide_large_array,
./models/07_hype_5_32_0_src/statedata.f90,finalize_outstate,SUBROUTINE,315,set_soilstate_variables_to_array,
./models/07_hype_5_32_0_src/statedata.f90,finalize_outstate,SUBROUTINE,315,get_aquiferstate_variables_arraysize,
./models/07_hype_5_32_0_src/statedata.f90,finalize_outstate,SUBROUTINE,315,divide_large_array,
./models/07_hype_5_32_0_src/statedata.f90,finalize_outstate,SUBROUTINE,315,set_aquiferstate_variables_to_array,
./models/07_hype_5_32_0_src/statedata.f90,finalize_outstate,SUBROUTINE,315,get_riverstate_variables_arraysize,
./models/07_hype_5_32_0_src/statedata.f90,finalize_outstate,SUBROUTINE,315,divide_large_array,
./models/07_hype_5_32_0_src/statedata.f90,finalize_outstate,SUBROUTINE,315,set_riverstate_variables_to_array,
./models/07_hype_5_32_0_src/statedata.f90,finalize_outstate,SUBROUTINE,315,get_lakestate_variables_arraysize,
./models/07_hype_5_32_0_src/statedata.f90,finalize_outstate,SUBROUTINE,315,divide_large_array,
./models/07_hype_5_32_0_src/statedata.f90,finalize_outstate,SUBROUTINE,315,set_lakestate_variables_to_array,
./models/07_hype_5_32_0_src/statedata.f90,finalize_outstate,SUBROUTINE,315,get_miscstate_variables_arraysize,
./models/07_hype_5_32_0_src/statedata.f90,finalize_outstate,SUBROUTINE,315,divide_large_array,
./models/07_hype_5_32_0_src/statedata.f90,finalize_outstate,SUBROUTINE,315,set_miscstate_variables_to_array,
./models/07_hype_5_32_0_src/statedata.f90,read_and_perform_state_check,SUBROUTINE,759,read_state_check,
./models/07_hype_5_32_0_src/statedata.f90,read_and_perform_state_check_bin,SUBROUTINE,901,read_state_check_bin,
./models/07_hype_5_32_0_src/statedata.f90,reset_soil_state,SUBROUTINE,491,get_reset_soilstate_variables_arraysize,
./models/07_hype_5_32_0_src/statedata.f90,reset_soil_state,SUBROUTINE,491,divide_large_array,
./models/07_hype_5_32_0_src/statedata.f90,reset_soil_state,SUBROUTINE,491,read_array_from_file2,
./models/07_hype_5_32_0_src/statedata.f90,reset_soil_state,SUBROUTINE,491,set_reset_soilstate_variables_from_array,
./models/07_hype_5_32_0_src/statedata.f90,reset_soil_state,SUBROUTINE,491,get_reset_miscstate_variables_arraysize,
./models/07_hype_5_32_0_src/statedata.f90,reset_soil_state,SUBROUTINE,491,divide_large_array,
./models/07_hype_5_32_0_src/statedata.f90,reset_soil_state,SUBROUTINE,491,read_array_from_file2,
./models/07_hype_5_32_0_src/statedata.f90,reset_soil_state,SUBROUTINE,491,set_reset_miscstate_variables_from_array,
./models/07_hype_5_32_0_src/statedata.f90,save_soil_state_file,SUBROUTINE,559,get_reset_soilstate_variables_arraysize,
./models/07_hype_5_32_0_src/statedata.f90,save_soil_state_file,SUBROUTINE,559,divide_large_array,
./models/07_hype_5_32_0_src/statedata.f90,save_soil_state_file,SUBROUTINE,559,set_reset_soilstate_variables_to_array,
./models/07_hype_5_32_0_src/statedata.f90,save_soil_state_file,SUBROUTINE,559,write_array_to_file2,
./models/07_hype_5_32_0_src/statedata.f90,save_soil_state_file,SUBROUTINE,559,get_reset_miscstate_variables_arraysize,
./models/07_hype_5_32_0_src/statedata.f90,save_soil_state_file,SUBROUTINE,559,divide_large_array,
./models/07_hype_5_32_0_src/statedata.f90,save_soil_state_file,SUBROUTINE,559,set_reset_miscstate_variables_to_array,
./models/07_hype_5_32_0_src/statedata.f90,save_soil_state_file,SUBROUTINE,559,write_array_to_file2,
./models/07_hype_5_32_0_src/statedata.f90,initiate_state_for_submodel,SUBROUTINE,52,deallocate_model_states,
./models/07_hype_5_32_0_src/statedata.f90,initiate_state_for_submodel,SUBROUTINE,52,allocate_model_states,
./models/07_hype_5_32_0_src/statedata.f90,initiate_state_for_submodel,SUBROUTINE,52,load_saved_state,
./models/07_hype_5_32_0_src/statedata.f90,initiate_state_for_submodel,SUBROUTINE,52,allocate_model_states,
./models/07_hype_5_32_0_src/statedata.f90,initiate_state_for_submodel,SUBROUTINE,52,initiate_modelstate_submodel,
./models/07_hype_5_32_0_src/statedata.f90,initiate_state_for_submodel,SUBROUTINE,52,deallocate_model_states,
./models/07_hype_5_32_0_src/statedata.f90,initiate_state_for_submodel,SUBROUTINE,52,initiate_model_state,
./models/07_hype_5_32_0_src/statedata.f90,initiate_state_for_submodel,SUBROUTINE,52,initiate_model,
./models/07_hype_5_32_0_src/sw_proc.f90,get_current_lake_outflow_parameters,SUBROUTINE,1846,get_current_production_flow,
./models/07_hype_5_32_0_src/sw_proc.f90,get_current_lake_outflow_parameters,SUBROUTINE,1846,get_current_rating_parameters,
./models/07_hype_5_32_0_src/sw_proc.f90,get_current_lake_outflow_parameters,SUBROUTINE,1846,get_current_production_flow,
./models/07_hype_5_32_0_src/sw_proc.f90,get_current_lake_outflow_parameters,SUBROUTINE,1846,get_current_rating_parameters,
./models/07_hype_5_32_0_src/sw_proc.f90,get_current_lake_outflow_parameters,SUBROUTINE,1846,get_current_production_flow,
./models/07_hype_5_32_0_src/sw_proc.f90,get_current_lake_outflow_parameters,SUBROUTINE,1846,get_current_rating_parameters,
./models/07_hype_5_32_0_src/sw_proc.f90,get_current_lake_outflow_parameters,SUBROUTINE,1846,get_current_rating_parameters,
./models/07_hype_5_32_0_src/sw_proc.f90,get_current_lake_outflow_parameters,SUBROUTINE,1846,get_current_production_flow,
./models/07_hype_5_32_0_src/sw_proc.f90,get_current_lake_outflow_parameters,SUBROUTINE,1846,get_current_rating_parameters,
./models/07_hype_5_32_0_src/sw_proc.f90,calculate_river_evaporation,SUBROUTINE,389,calculate_water_fractions,
./models/07_hype_5_32_0_src/sw_proc.f90,calculate_river_evaporation,SUBROUTINE,389,remove_water_of_set_concentration,
./models/07_hype_5_32_0_src/sw_proc.f90,calculate_river_evaporation,SUBROUTINE,389,remove_water_of_set_concentration,
./models/07_hype_5_32_0_src/sw_proc.f90,calculate_river_evaporation,SUBROUTINE,389,remove_water_of_set_concentration,
./models/07_hype_5_32_0_src/sw_proc.f90,calculate_regional_floodplain_flows,SUBROUTINE,6175,calculate_interflow_between_floodplains2,
./models/07_hype_5_32_0_src/sw_proc.f90,calculate_regional_floodplain_flows,SUBROUTINE,6175,calculate_interflow_between_floodplains2,
./models/07_hype_5_32_0_src/sw_proc.f90,calculate_regional_floodplain_flows,SUBROUTINE,6175,calculate_interflow_between_floodplains2,
./models/07_hype_5_32_0_src/sw_proc.f90,calculate_regional_floodplain_flows,SUBROUTINE,6175,calculate_interflow_between_floodplains2,
./models/07_hype_5_32_0_src/sw_proc.f90,calculate_regional_floodplain_flows,SUBROUTINE,6175,calculate_interflow_between_floodplains2,
./models/07_hype_5_32_0_src/sw_proc.f90,calculate_ilakesection_outflow,SUBROUTINE,2553,remove_outflow_from_lake,
./models/07_hype_5_32_0_src/sw_proc.f90,point_abstraction_from_main_river_inflow,SUBROUTINE,1153,calculate_water_fractions,
./models/07_hype_5_32_0_src/sw_proc.f90,point_abstraction_from_main_river_inflow,SUBROUTINE,1153,find_next_pointsource,
./models/07_hype_5_32_0_src/sw_proc.f90,point_abstraction_from_main_river_inflow,SUBROUTINE,1153,calculate_water_fractions,
./models/07_hype_5_32_0_src/sw_proc.f90,point_abstraction_from_main_river,SUBROUTINE,1278,calculate_water_fractions,
./models/07_hype_5_32_0_src/sw_proc.f90,point_abstraction_from_main_river,SUBROUTINE,1278,find_next_pointsource,
./models/07_hype_5_32_0_src/sw_proc.f90,point_abstraction_from_main_river,SUBROUTINE,1278,calculate_water_fractions,
./models/07_hype_5_32_0_src/sw_proc.f90,calculate_two_floodplain_equilibriumlevel_dp,SUBROUTINE,5713,calculate_floodplain_volume,
./models/07_hype_5_32_0_src/sw_proc.f90,calculate_two_floodplain_equilibriumlevel_dp,SUBROUTINE,5713,calculate_floodplain_volume,
./models/07_hype_5_32_0_src/sw_proc.f90,calculate_two_floodplain_equilibriumlevel_dp,SUBROUTINE,5713,calculate_floodplain_volume,
./models/07_hype_5_32_0_src/sw_proc.f90,calculate_two_floodplain_equilibriumlevel_dp,SUBROUTINE,5713,calculate_equilibrium_floodplain_level_eq1dp,
./models/07_hype_5_32_0_src/sw_proc.f90,calculate_two_floodplain_equilibriumlevel_dp,SUBROUTINE,5713,calculate_floodplain_volume,
./models/07_hype_5_32_0_src/sw_proc.f90,calculate_two_floodplain_equilibriumlevel_dp,SUBROUTINE,5713,calculate_floodplain_volume,
./models/07_hype_5_32_0_src/sw_proc.f90,calculate_two_floodplain_equilibriumlevel_dp,SUBROUTINE,5713,calculate_equilibrium_floodplain_level_eq2dp,
./models/07_hype_5_32_0_src/sw_proc.f90,calculate_two_floodplain_equilibriumlevel_dp,SUBROUTINE,5713,calculate_equilibrium_floodplain_level_eq3dp,
./models/07_hype_5_32_0_src/sw_proc.f90,calculate_outflow_from_outlet_lake,SUBROUTINE,2878,calculate_olake_waterstage,
./models/07_hype_5_32_0_src/sw_proc.f90,calculate_outflow_from_outlet_lake,SUBROUTINE,2878,get_current_lake_outflow_parameters,
./models/07_hype_5_32_0_src/sw_proc.f90,calculate_outflow_from_outlet_lake,SUBROUTINE,2878,calculate_outlet_outflow_of_twooutletforsubbasin_lake,
./models/07_hype_5_32_0_src/sw_proc.f90,calculate_outflow_from_outlet_lake,SUBROUTINE,2878,calculate_outlet_outflow_of_twooutletforsubbasin_lake,
./models/07_hype_5_32_0_src/sw_proc.f90,calculate_outflow_from_outlet_lake,SUBROUTINE,2878,recalculate_branched_flow_two_outlets,
./models/07_hype_5_32_0_src/sw_proc.f90,calculate_outflow_from_outlet_lake,SUBROUTINE,2878,calculate_outlet_outflow_of_oneoutletpersubbasin_lake,
./models/07_hype_5_32_0_src/sw_proc.f90,calculate_outflow_from_outlet_lake,SUBROUTINE,2878,calculate_branched_flow,
./models/07_hype_5_32_0_src/sw_proc.f90,water_transfer_from_outlet_lake,SUBROUTINE,1538,find_next_watertransfer,
./models/07_hype_5_32_0_src/sw_proc.f90,point_abstraction_from_aquifer,SUBROUTINE,1471,remove_water,
./models/07_hype_5_32_0_src/sw_proc.f90,T2_processes_in_lake,SUBROUTINE,4928,calculate_watersurface_heatbalance,
./models/07_hype_5_32_0_src/sw_proc.f90,T2_processes_in_lake,SUBROUTINE,4928,calculate_T2_transfer,
./models/07_hype_5_32_0_src/sw_proc.f90,T2_processes_in_lake,SUBROUTINE,4928,calculate_watersurface_heatbalance,
./models/07_hype_5_32_0_src/sw_proc.f90,T2_processes_in_lake,SUBROUTINE,4928,calculate_T2_transfer,
./models/07_hype_5_32_0_src/sw_proc.f90,T2_processes_in_lake,SUBROUTINE,4928,calculate_T2_transfer_upper2lower,
./models/07_hype_5_32_0_src/sw_proc.f90,calculate_interflow_between_floodplains2,SUBROUTINE,6272,calculate_floodplain_waterlevel,
./models/07_hype_5_32_0_src/sw_proc.f90,calculate_interflow_between_floodplains2,SUBROUTINE,6272,calculate_floodplain_waterlevel,
./models/07_hype_5_32_0_src/sw_proc.f90,calculate_interflow_between_floodplains2,SUBROUTINE,6272,calculate_two_floodplain_equilibriumlevel_dp,
./models/07_hype_5_32_0_src/sw_proc.f90,calculate_interflow_between_floodplains2,SUBROUTINE,6272,calculate_floodplain_volume,
./models/07_hype_5_32_0_src/sw_proc.f90,calculate_interflow_between_floodplains2,SUBROUTINE,6272,calculate_floodplain_volume,
./models/07_hype_5_32_0_src/sw_proc.f90,point_abstraction_from_outlet_lake,SUBROUTINE,1401,find_next_pointsource,
./models/07_hype_5_32_0_src/sw_proc.f90,remove_outflow_from_lake,SUBROUTINE,3212,remove_water_of_set_concentration,
./models/07_hype_5_32_0_src/sw_proc.f90,calculate_floodplain_equilibriumlevel,SUBROUTINE,5618,calculate_floodplain_waterlevel,
./models/07_hype_5_32_0_src/sw_proc.f90,recalculate_branched_flow,SUBROUTINE,3622,recalculate_branched_flow_two_outlets,
./models/07_hype_5_32_0_src/sw_proc.f90,recalculate_branched_flow,SUBROUTINE,3622,calculate_branched_flow,
./models/07_hype_5_32_0_src/sw_proc.f90,wetland_watermodel,SUBROUTINE,6368,percolation,
./models/07_hype_5_32_0_src/sw_proc.f90,wetland_watermodel,SUBROUTINE,6368,wetland_substance_processes,
./models/07_hype_5_32_0_src/sw_proc.f90,wetland_watermodel,SUBROUTINE,6368,remove_water,
./models/07_hype_5_32_0_src/sw_proc.f90,add_precipitation_to_river,SUBROUTINE,294,calculate_water_fractions,
./models/07_hype_5_32_0_src/sw_proc.f90,add_precipitation_to_river,SUBROUTINE,294,add_water,
./models/07_hype_5_32_0_src/sw_proc.f90,add_precipitation_to_river,SUBROUTINE,294,add_water,
./models/07_hype_5_32_0_src/sw_proc.f90,add_precipitation_to_river,SUBROUTINE,294,add_water,
./models/07_hype_5_32_0_src/sw_proc.f90,calculate_ilake_outflow,SUBROUTINE,2463,remove_outflow_from_lake,
./models/07_hype_5_32_0_src/sw_proc.f90,ice_processes_in_river,SUBROUTINE,4217,get_rivertempvol,
./models/07_hype_5_32_0_src/sw_proc.f90,ice_processes_in_river,SUBROUTINE,4217,calculate_waterice_heatflow,
./models/07_hype_5_32_0_src/sw_proc.f90,ice_processes_in_river,SUBROUTINE,4217,calculate_icedepth,
./models/07_hype_5_32_0_src/sw_proc.f90,ice_processes_in_river,SUBROUTINE,4217,calculate_snow_on_ice,
./models/07_hype_5_32_0_src/sw_proc.f90,ice_processes_in_river,SUBROUTINE,4217,calculate_snowdepth,
./models/07_hype_5_32_0_src/sw_proc.f90,ice_processes_in_river,SUBROUTINE,4217,calculate_icedepth,
./models/07_hype_5_32_0_src/sw_proc.f90,ice_processes_in_river,SUBROUTINE,4217,riverice_riverwater_interaction,
./models/07_hype_5_32_0_src/sw_proc.f90,ice_processes_in_lake,SUBROUTINE,4599,calculate_icedepth,
./models/07_hype_5_32_0_src/sw_proc.f90,ice_processes_in_lake,SUBROUTINE,4599,calculate_snow_on_ice,
./models/07_hype_5_32_0_src/sw_proc.f90,ice_processes_in_lake,SUBROUTINE,4599,calculate_snowdepth,
./models/07_hype_5_32_0_src/sw_proc.f90,ice_processes_in_lake,SUBROUTINE,4599,calculate_icedepth,
./models/07_hype_5_32_0_src/sw_proc.f90,ice_processes_in_lake,SUBROUTINE,4599,calculate_lakeice_lakewater_interaction,
./models/07_hype_5_32_0_src/sw_proc.f90,calculate_fractional_riverarea,SUBROUTINE,230,calculate_water_fractions,
./models/07_hype_5_32_0_src/sw_proc.f90,calculate_floodplain_evaporation,SUBROUTINE,528,remove_water_of_set_concentration,
./models/07_hype_5_32_0_src/sw_proc.f90,get_rivertempvol,SUBROUTINE,591,calculate_water_fractions,
./models/07_hype_5_32_0_src/sw_proc.f90,T2_processes_in_river,SUBROUTINE,4100,get_rivertempvol,
./models/07_hype_5_32_0_src/sw_proc.f90,T2_processes_in_river,SUBROUTINE,4100,calculate_watersurface_heatbalance,
./models/07_hype_5_32_0_src/sw_proc.f90,T2_processes_in_river,SUBROUTINE,4100,calculate_T2_transfer,
./models/07_hype_5_32_0_src/sw_proc.f90,T2_processes_in_river,SUBROUTINE,4100,set_rivertemp,
./models/07_hype_5_32_0_src/sw_proc.f90,T2_processes_in_river,SUBROUTINE,4100,set_rivertemp,
./models/07_hype_5_32_0_src/sw_proc.f90,riverice_riverwater_interaction,SUBROUTINE,4382,get_rivertempvol,
./models/07_hype_5_32_0_src/sw_proc.f90,riverice_riverwater_interaction,SUBROUTINE,4382,set_rivertemp,
./models/07_hype_5_32_0_src/sw_proc.f90,calculate_watersurface_heatbalance,SUBROUTINE,5473,calculate_T2_transfer,
./models/07_hype_5_32_0_src/sw_proc.f90,T2_processes_in_wetland,SUBROUTINE,6476,calculate_watersurface_heatbalance,
./models/07_hype_5_32_0_src/sw_proc.f90,T2_processes_in_wetland,SUBROUTINE,6476,calculate_T2_transfer,
./models/07_hype_5_32_0_src/sw_proc.f90,calculate_waterbody_floodplain_interflow,SUBROUTINE,6077,calculate_floodplain_waterlevel,
./models/07_hype_5_32_0_src/sw_proc.f90,calculate_waterbody_floodplain_interflow,SUBROUTINE,6077,calculate_floodplain_equilibriumlevel,
./models/07_hype_5_32_0_src/sw_proc.f90,calculate_waterbody_floodplain_interflow,SUBROUTINE,6077,remove_water,
./models/07_hype_5_32_0_src/sw_proc.f90,calculate_waterbody_floodplain_interflow,SUBROUTINE,6077,add_water,
./models/07_hype_5_32_0_src/sw_proc.f90,calculate_waterbody_floodplain_interflow,SUBROUTINE,6077,calculate_floodplain_volume,
./models/07_hype_5_32_0_src/sw_proc.f90,calculate_waterbody_floodplain_interflow,SUBROUTINE,6077,remove_water,
./models/07_hype_5_32_0_src/sw_proc.f90,calculate_waterbody_floodplain_interflow,SUBROUTINE,6077,add_water,
./models/07_hype_5_32_0_src/sw_proc.f90,calculate_waterbody_floodplain_interflow,SUBROUTINE,6077,calculate_floodplain_waterlevel,
./models/07_hype_5_32_0_src/sw_proc.f90,calculate_actual_lake_evaporation,SUBROUTINE,676,set_evaporation_concentrations,
./models/07_hype_5_32_0_src/sw_proc.f90,calculate_actual_lake_evaporation,SUBROUTINE,676,remove_water_of_set_concentration,
./models/07_hype_5_32_0_src/sw_proc.f90,calc_qbank,SUBROUTINE,1017,update_qbank,
./models/07_hype_5_32_0_src/sw_proc.f90,calculate_HDS_depressions_outflow,SUBROUTINE,6786,small_depressions_delta_water,
./models/07_hype_5_32_0_src/sw_proc.f90,calculate_HDS_depressions_outflow,SUBROUTINE,6786,remove_outflow_from_lake,
./models/07_hype_5_32_0_src/sw_proc.f90,add_precipitation_to_floodplain,SUBROUTINE,357,add_water,
./models/07_hype_5_32_0_src/sw_proc.f90,calculate_outflow_from_lakebasin_lake,SUBROUTINE,2780,get_current_lake_outflow_parameters,
./models/07_hype_5_32_0_src/sw_proc.f90,calculate_outflow_from_lakebasin_lake,SUBROUTINE,2780,calculate_outlet_outflow_of_oneoutletpersubbasin_lake,
./models/07_hype_5_32_0_src/sw_proc.f90,calculate_outflow_from_lakebasin_lake,SUBROUTINE,2780,calculate_branched_flow,
./models/07_hype_5_32_0_src/sw_proc.f90,calculate_outflow_from_lakebasin_lake,SUBROUTINE,2780,get_current_lake_outflow_parameters,
./models/07_hype_5_32_0_src/sw_proc.f90,calculate_outflow_from_lakebasin_lake,SUBROUTINE,2780,calculate_outlet_outflow_of_oneoutletpersubbasin_lake,
./models/07_hype_5_32_0_src/sw_proc.f90,calculate_flow_from_outlet_lake_waterstage,SUBROUTINE,3161,calculate_olake_waterstage,
./models/07_hype_5_32_0_src/sw_proc.f90,calculate_flow_from_outlet_lake_waterstage,SUBROUTINE,3161,get_current_lake_outflow_parameters,
./models/07_hype_5_32_0_src/sw_proc.f90,calculate_snow_on_ice,SUBROUTINE,4563,calculate_snowmelt,
./models/07_hype_5_32_0_src/t_proc.f90,add_tracer_point_source_to_river,SUBROUTINE,49,find_next_pointsource,
./models/07_hype_5_32_0_src/t_proc.f90,add_tracer_point_source_to_lake,SUBROUTINE,153,find_next_pointsource,
./models/07_hype_5_32_0_src/t_proc.f90,sedimentation_resuspension_of_tracer,SUBROUTINE,512,retention_pool,
./models/07_hype_5_32_0_src/t_proc.f90,sedimentation_resuspension_of_tracer,SUBROUTINE,512,production_pool,
./models/07_hype_5_32_0_src/t_proc.f90,sedimentation_resuspension_of_tracer,SUBROUTINE,512,retention_pool,
./models/07_hype_5_32_0_src/t_proc.f90,sedimentation_resuspension_of_tracer,SUBROUTINE,512,production_pool,
./models/07_hype_5_32_0_src/t_proc.f90,sedimentation_resuspension_of_tracer,SUBROUTINE,512,retention_pool,
./models/07_hype_5_32_0_src/t_proc.f90,sedimentation_resuspension_of_tracer,SUBROUTINE,512,production_pool,
./models/07_hype_5_32_0_src/t_proc.f90,sedimentation_resuspension_of_tracer,SUBROUTINE,512,retention_pool,
./models/07_hype_5_32_0_src/t_proc.f90,sedimentation_resuspension_of_tracer,SUBROUTINE,512,production_pool,
./models/07_hype_5_32_0_src/t_proc.f90,sedimentation_resuspension_of_tracer,SUBROUTINE,512,new_concentration,
./models/07_hype_5_32_0_src/t_proc.f90,soil_tracer_processes,SUBROUTINE,256,decay_of_tracer,
./models/07_hype_5_32_0_src/t_proc.f90,soil_tracer_processes,SUBROUTINE,256,decay_of_tracer_sorbedphase,
./models/07_hype_5_32_0_src/t_proc.f90,soil_tracer_processes,SUBROUTINE,256,decay_of_tracer_sorbedphase,
./models/07_hype_5_32_0_src/t_proc.f90,soil_tracer_processes,SUBROUTINE,256,release_from_source,
./models/07_hype_5_32_0_src/t_proc.f90,soil_tracer_processes,SUBROUTINE,256,sorption_of_tracer,
./models/07_hype_5_32_0_src/t_proc.f90,soil_tracer_processes,SUBROUTINE,256,decay_of_tracer,
./models/07_hype_5_32_0_src/t_proc.f90,soil_tracer_processes,SUBROUTINE,256,decay_of_tracer_sorbedphase,
./models/07_hype_5_32_0_src/t_proc.f90,soil_tracer_processes,SUBROUTINE,256,sorption_of_tracer,
./models/07_hype_5_32_0_src/t_proc.f90,soil_tracer_processes,SUBROUTINE,256,decay_of_tracer,
./models/07_hype_5_32_0_src/t_proc.f90,soil_tracer_processes,SUBROUTINE,256,decay_of_tracer_sorbedphase,
./models/07_hype_5_32_0_src/t_proc.f90,soil_tracer_processes,SUBROUTINE,256,sorption_of_tracer,
./models/07_hype_5_32_0_src/t_proc.f90,soil_tracer_processes,SUBROUTINE,256,T1_incorporation,
./models/07_hype_5_32_0_src/t_proc.f90,soil_tracer_processes,SUBROUTINE,256,T1_incorporation,
./models/07_hype_5_32_0_src/t_proc.f90,T1_crop_sources,SUBROUTINE,624,find_croppart,
./models/07_hype_5_32_0_src/t_proc.f90,T1_incorporation,SUBROUTINE,671,find_croppart,
./models/07_hype_5_32_0_src/t_proc.f90,tracer_processes_in_lake,SUBROUTINE,346,decay_of_tracer,
./models/07_hype_5_32_0_src/t_proc.f90,tracer_processes_in_lake,SUBROUTINE,346,sedimentation,
./models/07_hype_5_32_0_src/t_proc.f90,tracer_processes_in_lake,SUBROUTINE,346,new_concentration,
./models/07_hype_5_32_0_src/t_proc.f90,tracer_processes_in_river,SUBROUTINE,316,decay_of_tracer,
./models/07_hype_5_32_0_src/t_proc.f90,tracer_processes_in_river,SUBROUTINE,316,sedimentation_resuspension_of_tracer,
./models/07_hype_5_32_0_src/t_proc.f90,tracer_processes_in_river,SUBROUTINE,316,decay_of_tracer_sorbedphase,
./models/07_hype_5_32_0_src/update.f90,apply_warupd,SUBROUTINE,97,calculate_olake_waterstage,
./models/07_hype_5_32_0_src/update.f90,apply_warupd,SUBROUTINE,97,calculate_flow_from_outlet_lake_waterstage,
./models/07_hype_5_32_0_src/update.f90,apply_warupd,SUBROUTINE,97,calculate_flow_from_outlet_lake_waterstage,
./models/07_hype_5_32_0_src/update.f90,apply_wendupd_lakebasin_lake,SUBROUTINE,216,calculate_olake_waterstage,
./models/07_hype_5_32_0_src/update.f90,apply_wendupd_lakebasin_lake,SUBROUTINE,216,calculate_non_regamp_adjusted_waterstage,
./models/07_hype_5_32_0_src/update.f90,apply_wendupd,SUBROUTINE,171,calculate_olake_waterstage,
./models/07_hype_5_32_0_src/update.f90,apply_wendupd,SUBROUTINE,171,calculate_non_regamp_adjusted_waterstage,
./models/07_hype_5_32_0_src/worvar.f90,add_date_to_filename,FUNCTION,1498,format_date,
./models/07_hype_5_32_0_src/worvar.f90,add_date_to_filename,FUNCTION,1498,format_date,
