file,function,type,line,call,call_line
./models/01_CTSM/.github/workflows/validate_xml.py,is_in_any_submodule,python,29,is_in_submodule,35
./models/01_CTSM/.github/workflows/validate_xml.py,main,python,51,get_submodule_paths,53
./models/01_CTSM/.github/workflows/validate_xml.py,main,python,51,is_in_any_submodule,56
./models/01_CTSM/.github/workflows/validate_xml.py,main,python,51,validate_xml,58
./models/01_CTSM/.github/workflows/validate_xml.py,<module>,python,,main,67
./models/01_CTSM/.lib/git-fleximod/git_fleximod/cli.py,find_root_dir,python,7,ParamGen.append,19
./models/01_CTSM/.lib/git-fleximod/git_fleximod/cli.py,find_root_dir,python,7,ParamGen.append,21
./models/01_CTSM/.lib/git-fleximod/git_fleximod/cli.py,get_parser,python,31,find_root_dir,60
./models/01_CTSM/.lib/git-fleximod/git_fleximod/gitinterface.py,GitInterface.git_operation,python,51,ParamGen.append,57
./models/01_CTSM/.lib/git-fleximod/git_fleximod/gitmodules.py,GitModules.sections,python,81,ParamGen.append,91
./models/01_CTSM/.lib/git-fleximod/git_fleximod/git_fleximod.py,<module>,python,,main,365
./models/01_CTSM/.lib/git-fleximod/git_fleximod/git_fleximod.py,commandline_arguments,python,26,fxrequired_allowed_values,36
./models/01_CTSM/.lib/git-fleximod/git_fleximod/git_fleximod.py,commandline_arguments,python,26,ParamGen.append,51
./models/01_CTSM/.lib/git-fleximod/git_fleximod/git_fleximod.py,submodule_sparse_checkout,python,75,git_toplevelroot,96
./models/01_CTSM/.lib/git-fleximod/git_fleximod/git_fleximod.py,submodule_sparse_checkout,python,75,GenericXML.read,136
./models/01_CTSM/.lib/git-fleximod/git_fleximod/git_fleximod.py,submodules_status,python,189,init_submodule_from_gitmodules,195
./models/01_CTSM/.lib/git-fleximod/git_fleximod/git_fleximod.py,submodules_status,python,189,submodules_status,206
./models/01_CTSM/.lib/git-fleximod/git_fleximod/git_fleximod.py,submodules_update,python,219,init_submodule_from_gitmodules,221
./models/01_CTSM/.lib/git-fleximod/git_fleximod/git_fleximod.py,submodules_update,python,219,fxrequired_allowed_values,227
./models/01_CTSM/.lib/git-fleximod/git_fleximod/git_fleximod.py,submodules_update,python,219,git_toplevelroot,230
./models/01_CTSM/.lib/git-fleximod/git_fleximod/git_fleximod.py,submodules_update,python,219,ParamGen.append,252
./models/01_CTSM/.lib/git-fleximod/git_fleximod/git_fleximod.py,submodules_update,python,219,submodules_update,254
./models/01_CTSM/.lib/git-fleximod/git_fleximod/git_fleximod.py,submodules_test,python,269,submodules_status,285
./models/01_CTSM/.lib/git-fleximod/git_fleximod/git_fleximod.py,main,python,305,commandline_arguments,314
./models/01_CTSM/.lib/git-fleximod/git_fleximod/git_fleximod.py,main,python,305,submodules_update,348
./models/01_CTSM/.lib/git-fleximod/git_fleximod/git_fleximod.py,main,python,305,submodules_status,350
./models/01_CTSM/.lib/git-fleximod/git_fleximod/git_fleximod.py,main,python,305,local_mods_output,356
./models/01_CTSM/.lib/git-fleximod/git_fleximod/git_fleximod.py,main,python,305,submodules_test,358
./models/01_CTSM/.lib/git-fleximod/git_fleximod/metoflexi.py,get_parser,python,25,find_root_dir,41
./models/01_CTSM/.lib/git-fleximod/git_fleximod/metoflexi.py,commandline_arguments,python,73,get_parser,74
./models/01_CTSM/.lib/git-fleximod/git_fleximod/metoflexi.py,commandline_arguments,python,73,ParamGen.append,85
./models/01_CTSM/.lib/git-fleximod/git_fleximod/metoflexi.py,ExternalRepoTranslator.translate_single_repo,python,118,ExternalRepoTranslator.__init__,141
./models/01_CTSM/.lib/git-fleximod/git_fleximod/metoflexi.py,ExternalRepoTranslator.translate_single_repo,python,118,ExternalRepoTranslator.translate_repo,142
./models/01_CTSM/.lib/git-fleximod/git_fleximod/metoflexi.py,ExternalRepoTranslator.translate_repo,python,196,GenericXML.read,206
./models/01_CTSM/.lib/git-fleximod/git_fleximod/metoflexi.py,_main,python,225,commandline_arguments,226
./models/01_CTSM/.lib/git-fleximod/git_fleximod/metoflexi.py,_main,python,225,ExternalRepoTranslator.__init__,230
./models/01_CTSM/.lib/git-fleximod/git_fleximod/metoflexi.py,_main,python,225,ExternalRepoTranslator.translate_repo,232
./models/01_CTSM/.lib/git-fleximod/git_fleximod/metoflexi.py,<module>,python,,_main,236
./models/01_CTSM/.lib/git-fleximod/git_fleximod/submodule.py,Submodule.sparse_checkout,python,203,GenericXML.read,266
./models/01_CTSM/.lib/git-fleximod/git_fleximod/utils.py,str_to_bool,python,138,fatal_error,154
./models/01_CTSM/.lib/git-fleximod/git_fleximod/utils.py,split_remote_url,python,174,is_remote_url,179
./models/01_CTSM/.lib/git-fleximod/git_fleximod/utils.py,expand_local_url,python,195,is_remote_url,204
./models/01_CTSM/.lib/git-fleximod/git_fleximod/utils.py,expand_local_url,python,195,printlog,218
./models/01_CTSM/.lib/git-fleximod/git_fleximod/utils.py,execute_subprocess,python,259,log_process_output,290
./models/01_CTSM/.lib/git-fleximod/git_fleximod/utils.py,execute_subprocess,python,259,failed_command_msg,293
./models/01_CTSM/.lib/git-fleximod/git_fleximod/utils.py,execute_subprocess,python,259,fatal_error,297
./models/01_CTSM/.lib/git-fleximod/git_fleximod/utils.py,execute_subprocess,python,259,failed_command_msg,299
./models/01_CTSM/.lib/git-fleximod/git_fleximod/utils.py,execute_subprocess,python,259,fatal_error,303
./models/01_CTSM/.lib/git-fleximod/git_fleximod/utils.py,execute_subprocess,python,259,failed_command_msg,314
./models/01_CTSM/.lib/git-fleximod/git_fleximod/utils.py,execute_subprocess,python,259,log_process_output,318
./models/01_CTSM/.lib/git-fleximod/git_fleximod/utils.py,execute_subprocess,python,259,fatal_error,319
./models/01_CTSM/.lib/git-fleximod/git_fleximod/utils.py,failed_command_msg,python,336,last_n_lines,344
./models/01_CTSM/.lib/git-fleximod/git_fleximod/utils.py,failed_command_msg,python,336,indent_string,348
./models/01_CTSM/.lib/git-fleximod/tests/conftest.py,test_repo,python,90,write_sparse_checkout_file,102
./models/01_CTSM/.lib/git-fleximod/tests/test_c_required.py,test_required,python,4,GenericXML.read,10
./models/01_CTSM/cime/setup.py,<module>,python,,GenericXML.read,6
./models/01_CTSM/cime/.github/scripts/ghcr-prune.py,<module>,python,,GitHubPaginate.__init__,245
./models/01_CTSM/cime/.github/scripts/ghcr-prune.py,<module>,python,,GitHubPaginate.remove_container,251
./models/01_CTSM/cime/.github/scripts/ghcr-prune.py,GitHubPaginate.filter_results,python,151,ParamGen.append,172
./models/01_CTSM/cime/.github/scripts/ghcr-prune.py,GitHubPaginate.filter_results,python,151,ParamGen.append,209
./models/01_CTSM/cime/CIME/aprun.py,_get_aprun_cmd_for_case_impl,python,13,ParamGen.append,103
./models/01_CTSM/cime/CIME/aprun.py,get_aprun_cmd_for_case,python,154,ParamGen.append,167
./models/01_CTSM/cime/CIME/aprun.py,get_aprun_cmd_for_case,python,154,_get_aprun_cmd_for_case_impl,181
./models/01_CTSM/cime/CIME/bless_test_results.py,bless_test_results,python,210,Foo.add,250
./models/01_CTSM/cime/CIME/bless_test_results.py,bless_test_results,python,210,TestStatus.get_name,276
./models/01_CTSM/cime/CIME/bless_test_results.py,bless_test_results,python,210,ParamGen.append,285
./models/01_CTSM/cime/CIME/bless_test_results.py,bless_test_results,python,210,TestStatus.get_overall_test_status,307
./models/01_CTSM/cime/CIME/bless_test_results.py,bless_test_results,python,210,is_hist_bless_needed,328
./models/01_CTSM/cime/CIME/bless_test_results.py,bless_test_results,python,210,ParamGen.append,388
./models/01_CTSM/cime/CIME/bless_test_results.py,bless_test_results,python,210,ParamGen.append,394
./models/01_CTSM/cime/CIME/bless_test_results.py,bless_test_results,python,210,bless_namelists,401
./models/01_CTSM/cime/CIME/bless_test_results.py,bless_test_results,python,210,ParamGen.append,412
./models/01_CTSM/cime/CIME/bless_test_results.py,bless_test_results,python,210,bless_history,420
./models/01_CTSM/cime/CIME/bless_test_results.py,bless_test_results,python,210,ParamGen.append,430
./models/01_CTSM/cime/CIME/bless_test_results.py,bless_test_results,python,210,_bless_throughput,433
./models/01_CTSM/cime/CIME/bless_test_results.py,bless_test_results,python,210,ParamGen.append,443
./models/01_CTSM/cime/CIME/bless_test_results.py,bless_test_results,python,210,_bless_memory,446
./models/01_CTSM/cime/CIME/bless_test_results.py,bless_test_results,python,210,ParamGen.append,456
./models/01_CTSM/cime/CIME/bless_test_results.py,is_hist_bless_needed,python,497,ParamGen.append,505
./models/01_CTSM/cime/CIME/bless_test_results.py,is_hist_bless_needed,python,497,ParamGen.append,509
./models/01_CTSM/cime/CIME/bless_test_results.py,is_hist_bless_needed,python,497,TestStatus.phase_statuses_dump,512
./models/01_CTSM/cime/CIME/bless_test_results.py,is_hist_bless_needed,python,497,ParamGen.append,532
./models/01_CTSM/cime/CIME/bless_test_results.py,is_hist_bless_needed,python,497,TestStatus.phase_statuses_dump,535
./models/01_CTSM/cime/CIME/build.py,CmakeTmpBuildDir.get_makefile_vars,python,114,get_standard_cmake_args,130
./models/01_CTSM/cime/CIME/build.py,CmakeTmpBuildDir.get_makefile_vars,python,114,ParamGen.append,146
./models/01_CTSM/cime/CIME/build.py,generate_makefile_macro,python,159,CmakeTmpBuildDir.__init__,166
./models/01_CTSM/cime/CIME/build.py,generate_makefile_macro,python,159,_get_compset_comps,168
./models/01_CTSM/cime/CIME/build.py,generate_makefile_macro,python,159,CmakeTmpBuildDir.get_makefile_vars,186
./models/01_CTSM/cime/CIME/build.py,generate_makefile_macro,python,159,CmakeTmpBuildDir.get_makefile_vars,191
./models/01_CTSM/cime/CIME/build.py,get_standard_makefile_args,python,219,xml_to_make_variable,223
./models/01_CTSM/cime/CIME/build.py,_get_compset_comps,python,228,ParamGen.append,238
./models/01_CTSM/cime/CIME/build.py,get_standard_cmake_args,python,242,uses_kokkos,267
./models/01_CTSM/cime/CIME/build.py,get_standard_cmake_args,python,242,_get_compset_comps,268
./models/01_CTSM/cime/CIME/build.py,get_standard_cmake_args,python,242,xml_to_make_variable,272
./models/01_CTSM/cime/CIME/build.py,get_standard_cmake_args,python,242,xml_to_make_variable,276
./models/01_CTSM/cime/CIME/build.py,_build_model,python,315,ParamGen.append,386
./models/01_CTSM/cime/CIME/build.py,_build_model,python,315,ParamGen.append,388
./models/01_CTSM/cime/CIME/build.py,_build_model,python,315,ParamGen.append,450
./models/01_CTSM/cime/CIME/build.py,_build_model_cmake,python,456,_create_build_metadata_for_component,497
./models/01_CTSM/cime/CIME/build.py,_build_model_cmake,python,456,ParamGen.append,500
./models/01_CTSM/cime/CIME/build.py,_build_model_cmake,python,456,get_standard_cmake_args,503
./models/01_CTSM/cime/CIME/build.py,_build_model_cmake,python,456,ParamGen.append,550
./models/01_CTSM/cime/CIME/build.py,_build_model_cmake,python,456,ParamGen.append,592
./models/01_CTSM/cime/CIME/build.py,_build_checks,python,607,create_dirs,709
./models/01_CTSM/cime/CIME/build.py,_build_checks,python,607,create_namelists,714
./models/01_CTSM/cime/CIME/build.py,_build_libraries,python,720,ParamGen.append,758
./models/01_CTSM/cime/CIME/build.py,_build_libraries,python,720,uses_kokkos,763
./models/01_CTSM/cime/CIME/build.py,_build_libraries,python,720,ParamGen.append,764
./models/01_CTSM/cime/CIME/build.py,_build_libraries,python,720,ParamGen.append,769
./models/01_CTSM/cime/CIME/build.py,_build_libraries,python,720,ParamGen.append,775
./models/01_CTSM/cime/CIME/build.py,_build_libraries,python,720,generate_makefile_macro,797
./models/01_CTSM/cime/CIME/build.py,_build_libraries,python,720,ParamGen.append,842
./models/01_CTSM/cime/CIME/build.py,_build_libraries,python,720,_build_model_thread,868
./models/01_CTSM/cime/CIME/build.py,_build_libraries,python,720,ParamGen.append,881
./models/01_CTSM/cime/CIME/build.py,_build_model_thread,python,889,ParamGen.append,934
./models/01_CTSM/cime/CIME/build.py,_clean_impl,python,964,get_standard_makefile_args,999
./models/01_CTSM/cime/CIME/build.py,_case_build_impl,python,1033,chdir,1067
./models/01_CTSM/cime/CIME/build.py,_case_build_impl,python,1033,Case.get_primary_job,1070
./models/01_CTSM/cime/CIME/build.py,_case_build_impl,python,1033,ParamGen.append,1124
./models/01_CTSM/cime/CIME/build.py,_case_build_impl,python,1033,_build_checks,1182
./models/01_CTSM/cime/CIME/build.py,_case_build_impl,python,1033,_build_libraries,1197
./models/01_CTSM/cime/CIME/build.py,_case_build_impl,python,1033,_build_model_cmake,1214
./models/01_CTSM/cime/CIME/build.py,_case_build_impl,python,1033,_build_model,1232
./models/01_CTSM/cime/CIME/build.py,_case_build_impl,python,1033,Case.read_xml,1248
./models/01_CTSM/cime/CIME/build.py,_case_build_impl,python,1033,post_build,1251
./models/01_CTSM/cime/CIME/build.py,case_build,python,1295,_case_build_impl,1307
./models/01_CTSM/cime/CIME/build.py,clean,python,1329,_clean_impl,1331
./models/01_CTSM/cime/CIME/buildlib.py,build_cime_component_lib,python,47,run_gmake,90
./models/01_CTSM/cime/CIME/buildnml.py,create_namelist_infile,python,112,ParamGen.append,124
./models/01_CTSM/cime/CIME/buildnml.py,create_namelist_infile,python,112,ParamGen.append,126
./models/01_CTSM/cime/CIME/buildnml.py,create_namelist_infile,python,112,ParamGen.append,135
./models/01_CTSM/cime/CIME/buildnml.py,create_namelist_infile,python,112,ParamGen.append,137
./models/01_CTSM/cime/CIME/code_checker.py,get_all_checkable_files,python,120,_should_pylint_skip,148
./models/01_CTSM/cime/CIME/code_checker.py,check_code,python,156,get_all_checkable_files,167
./models/01_CTSM/cime/CIME/code_checker.py,check_code,python,156,ParamGen.append,170
./models/01_CTSM/cime/CIME/code_checker.py,check_code,python,156,ParamGen.append,176
./models/01_CTSM/cime/CIME/code_checker.py,check_code,python,156,get_all_checkable_files,184
./models/01_CTSM/cime/CIME/code_checker.py,check_code,python,156,_run_pylint,192
./models/01_CTSM/cime/CIME/compare_namelists.py,_interpret_value,python,64,_normalize_lists,83
./models/01_CTSM/cime/CIME/compare_namelists.py,_interpret_value,python,64,_interpret_value,98
./models/01_CTSM/cime/CIME/compare_namelists.py,_interpret_value,python,64,ParamGen.append,116
./models/01_CTSM/cime/CIME/compare_namelists.py,_interpret_value,python,64,ParamGen.append,118
./models/01_CTSM/cime/CIME/compare_namelists.py,_parse_namelists,python,127,_interpret_value,320
./models/01_CTSM/cime/CIME/compare_namelists.py,_parse_namelists,python,127,_interpret_value,340
./models/01_CTSM/cime/CIME/compare_namelists.py,_normalize_string_value,python,385,_normalize_string_value,402
./models/01_CTSM/cime/CIME/compare_namelists.py,_compare_values,python,423,_compare_values,443
./models/01_CTSM/cime/CIME/compare_namelists.py,_compare_values,python,423,_compare_values,463
./models/01_CTSM/cime/CIME/compare_namelists.py,_compare_values,python,423,_normalize_string_value,489
./models/01_CTSM/cime/CIME/compare_namelists.py,_compare_values,python,423,_normalize_string_value,490
./models/01_CTSM/cime/CIME/compare_namelists.py,_compare_namelists,python,500,_compare_values,653
./models/01_CTSM/cime/CIME/compare_namelists.py,compare_namelist_files,python,681,_parse_namelists,689
./models/01_CTSM/cime/CIME/compare_namelists.py,compare_namelist_files,python,681,_parse_namelists,690
./models/01_CTSM/cime/CIME/compare_namelists.py,compare_namelist_files,python,681,_compare_namelists,691
./models/01_CTSM/cime/CIME/compare_namelists.py,is_namelist_file,python,696,compare_namelist_files,699
./models/01_CTSM/cime/CIME/compare_test_results.py,compare_namelists,python,19,case_cmpgen_namelists,22
./models/01_CTSM/cime/CIME/compare_test_results.py,compare_test_results,python,52,TestStatus.get_name,93
./models/01_CTSM/cime/CIME/compare_test_results.py,compare_test_results,python,52,append_status_cprnc_log,146
./models/01_CTSM/cime/CIME/compare_test_results.py,compare_test_results,python,52,compare_namelists,157
./models/01_CTSM/cime/CIME/compare_test_results.py,compare_test_results,python,52,compare_history,169
./models/01_CTSM/cime/CIME/compare_test_results.py,compare_test_results,python,52,append_status_cprnc_log,196
./models/01_CTSM/cime/CIME/compare_test_results.py,compare_test_results,python,52,append_status_cprnc_log,199
./models/01_CTSM/cime/CIME/config.py,print_rst_table,python,26,ParamGen.append,32
./models/01_CTSM/cime/CIME/config.py,ConfigBase.load,python,79,ConfigBase._load_file,105
./models/01_CTSM/cime/CIME/config.py,ConfigBase.print_variable_rst,python,153,print_rst_header,154
./models/01_CTSM/cime/CIME/config.py,ConfigBase.print_variable_rst,python,153,print_rst_table,163
./models/01_CTSM/cime/CIME/config.py,ConfigBase.print_method_rst,python,165,print_rst_header,166
./models/01_CTSM/cime/CIME/config.py,Config.load_defaults,python,201,ConfigBase.load,202
./models/01_CTSM/cime/CIME/cs_status.py,cs_status,python,15,_get_xfails,54
./models/01_CTSM/cime/CIME/cs_status.py,cs_status,python,15,TestStatus.set_status,63
./models/01_CTSM/cime/CIME/cs_status.py,cs_status,python,15,_overall_output,67
./models/01_CTSM/cime/CIME/cs_status.py,cs_status,python,15,_overall_output,74
./models/01_CTSM/cime/CIME/cs_status.py,cs_status,python,15,TestStatus.phase_statuses_dump,80
./models/01_CTSM/cime/CIME/cs_status.py,cs_status,python,15,TestStatus.get_name,84
./models/01_CTSM/cime/CIME/cs_status.py,cs_status,python,15,TestStatus.increment_non_pass_counts,87
./models/01_CTSM/cime/CIME/cs_status.py,_get_xfails,python,107,ExpectedFailsFile.get_expected_fails,117
./models/01_CTSM/cime/CIME/cs_status.py,_overall_output,python,123,TestStatus.get_name,131
./models/01_CTSM/cime/CIME/cs_status.py,_overall_output,python,123,TestStatus.get_overall_test_status,132
./models/01_CTSM/cime/CIME/cs_status.py,_overall_output,python,123,IndentFormatter.format,136
./models/01_CTSM/cime/CIME/date.py,get_file_date,python,6,date.hms_to_second,62
./models/01_CTSM/cime/CIME/date.py,get_file_date,python,6,date.__init__,65
./models/01_CTSM/cime/CIME/date.py,date.__str__,python,207,IndentFormatter.format,213
./models/01_CTSM/cime/CIME/date.py,date.__eq__,python,246,date.year,248
./models/01_CTSM/cime/CIME/date.py,date.__eq__,python,246,date.month,249
./models/01_CTSM/cime/CIME/date.py,date.__eq__,python,246,date.day,250
./models/01_CTSM/cime/CIME/date.py,date.__eq__,python,246,date.second_of_day,251
./models/01_CTSM/cime/CIME/date.py,date.__lt__,python,257,date.year,258
./models/01_CTSM/cime/CIME/date.py,date.__lt__,python,257,date.year,260
./models/01_CTSM/cime/CIME/date.py,date.__lt__,python,257,date.month,263
./models/01_CTSM/cime/CIME/date.py,date.__lt__,python,257,date.month,265
./models/01_CTSM/cime/CIME/date.py,date.__lt__,python,257,date.day,268
./models/01_CTSM/cime/CIME/date.py,date.__lt__,python,257,date.day,270
./models/01_CTSM/cime/CIME/date.py,date.__lt__,python,257,date.second_of_day,273
./models/01_CTSM/cime/CIME/get_tests.py,get_test_data,python,174,_get_key_data,187
./models/01_CTSM/cime/CIME/get_tests.py,get_test_data,python,174,_get_key_data,188
./models/01_CTSM/cime/CIME/get_tests.py,get_test_data,python,174,_get_key_data,189
./models/01_CTSM/cime/CIME/get_tests.py,get_test_data,python,174,_get_key_data,190
./models/01_CTSM/cime/CIME/get_tests.py,get_test_data,python,174,_get_key_data,191
./models/01_CTSM/cime/CIME/get_tests.py,get_test_suite,python,202,get_test_suites,209
./models/01_CTSM/cime/CIME/get_tests.py,get_test_suite,python,202,get_test_data,220
./models/01_CTSM/cime/CIME/get_tests.py,get_test_suite,python,202,ParamGen.append,238
./models/01_CTSM/cime/CIME/get_tests.py,get_test_suite,python,202,get_test_suite,249
./models/01_CTSM/cime/CIME/get_tests.py,get_test_suite,python,202,ParamGen.append,253
./models/01_CTSM/cime/CIME/get_tests.py,suite_has_test,python,259,get_test_suite,264
./models/01_CTSM/cime/CIME/get_tests.py,get_build_groups,python,271,get_test_suites,284
./models/01_CTSM/cime/CIME/get_tests.py,get_build_groups,python,271,get_test_data,287
./models/01_CTSM/cime/CIME/get_tests.py,get_build_groups,python,271,ParamGen.append,289
./models/01_CTSM/cime/CIME/get_tests.py,get_build_groups,python,271,suite_has_test,297
./models/01_CTSM/cime/CIME/get_tests.py,get_build_groups,python,271,Foo.add,298
./models/01_CTSM/cime/CIME/get_tests.py,get_build_groups,python,271,ParamGen.append,306
./models/01_CTSM/cime/CIME/get_tests.py,get_build_groups,python,271,ParamGen.append,312
./models/01_CTSM/cime/CIME/get_tests.py,is_perf_test,python,318,get_test_suites,334
./models/01_CTSM/cime/CIME/get_tests.py,is_perf_test,python,318,get_test_data,336
./models/01_CTSM/cime/CIME/get_tests.py,is_perf_test,python,318,suite_has_test,337
./models/01_CTSM/cime/CIME/get_tests.py,infer_arch_from_tests,python,344,get_test_suites,364
./models/01_CTSM/cime/CIME/get_tests.py,infer_arch_from_tests,python,344,ParamGen.append,391
./models/01_CTSM/cime/CIME/get_tests.py,get_full_test_names,python,397,get_test_suites,423
./models/01_CTSM/cime/CIME/get_tests.py,get_full_test_names,python,397,Foo.add,432
./models/01_CTSM/cime/CIME/get_tests.py,get_full_test_names,python,397,get_test_suite,434
./models/01_CTSM/cime/CIME/get_tests.py,get_full_test_names,python,397,Foo.add,437
./models/01_CTSM/cime/CIME/get_tests.py,get_full_test_names,python,397,get_test_suite,450
./models/01_CTSM/cime/CIME/get_tests.py,get_recommended_test_time,python,462,get_test_suites,475
./models/01_CTSM/cime/CIME/get_tests.py,get_recommended_test_time,python,462,get_test_data,477
./models/01_CTSM/cime/CIME/get_tests.py,get_recommended_test_time,python,462,suite_has_test,479
./models/01_CTSM/cime/CIME/get_tests.py,key_test_time,python,492,get_recommended_test_time,494
./models/01_CTSM/cime/CIME/get_timing.py,_TimingParser._gettime_nuopc,python,169,ParamGen.append,177
./models/01_CTSM/cime/CIME/get_timing.py,_TimingParser._gettime_nuopc,python,169,ParamGen.append,185
./models/01_CTSM/cime/CIME/get_timing.py,_TimingParser.getMEDtime,python,220,ParamGen.append,227
./models/01_CTSM/cime/CIME/get_timing.py,_TimingParser.getMEDtime,python,220,ParamGen.append,230
./models/01_CTSM/cime/CIME/get_timing.py,_TimingParser.getMEDtime,python,220,ParamGen.append,233
./models/01_CTSM/cime/CIME/get_timing.py,_TimingParser.getMEDtime,python,220,ParamGen.append,236
./models/01_CTSM/cime/CIME/get_timing.py,_TimingParser.getMEDtime,python,220,ParamGen.append,239
./models/01_CTSM/cime/CIME/get_timing.py,_TimingParser.getMEDtime,python,220,ParamGen.append,244
./models/01_CTSM/cime/CIME/get_timing.py,_TimingParser.getCOMMtime,python,269,ParamGen.append,273
./models/01_CTSM/cime/CIME/get_timing.py,_TimingParser.getCOMMtime,python,269,ParamGen.append,276
./models/01_CTSM/cime/CIME/get_timing.py,_TimingParser._getTiming,python,308,_GetTimingInfo.__init__,311
./models/01_CTSM/cime/CIME/get_timing.py,_TimingParser._getTiming,python,308,chdir,431
./models/01_CTSM/cime/CIME/get_timing.py,get_timing,python,929,_TimingParser.__init__,930
./models/01_CTSM/cime/CIME/get_timing.py,get_timing,python,929,_TimingParser.getTiming,931
./models/01_CTSM/cime/CIME/hist_utils.py,_iter_model_file_substrs,python,55,Case.get_compset_components,56
./models/01_CTSM/cime/CIME/hist_utils.py,_iter_model_file_substrs,python,55,ParamGen.append,57
./models/01_CTSM/cime/CIME/hist_utils.py,copy_histfiles,python,62,_iter_model_file_substrs,84
./models/01_CTSM/cime/CIME/hist_utils.py,copy_histfiles,python,62,ArchiveBase.exclude_testing,85
./models/01_CTSM/cime/CIME/hist_utils.py,copy_histfiles,python,62,ArchiveBase.get_latest_hist_files,91
./models/01_CTSM/cime/CIME/hist_utils.py,rename_all_hist_files,python,136,_iter_model_file_substrs,148
./models/01_CTSM/cime/CIME/hist_utils.py,rename_all_hist_files,python,136,ArchiveBase.get_all_hist_files,155
./models/01_CTSM/cime/CIME/hist_utils.py,_hists_match,python,177,ParamGen.append,227
./models/01_CTSM/cime/CIME/hist_utils.py,_hists_match,python,177,ParamGen.append,229
./models/01_CTSM/cime/CIME/hist_utils.py,_hists_match,python,177,ParamGen.append,231
./models/01_CTSM/cime/CIME/hist_utils.py,_hists_match,python,177,ParamGen.append,257
./models/01_CTSM/cime/CIME/hist_utils.py,_hists_match,python,177,ParamGen.append,268
./models/01_CTSM/cime/CIME/hist_utils.py,_compare_hists,python,285,_iter_model_file_substrs,313
./models/01_CTSM/cime/CIME/hist_utils.py,_compare_hists,python,285,ArchiveBase.exclude_testing,314
./models/01_CTSM/cime/CIME/hist_utils.py,_compare_hists,python,285,ArchiveBase.get_latest_hist_files,323
./models/01_CTSM/cime/CIME/hist_utils.py,_compare_hists,python,285,ArchiveBase.get_latest_hist_files,326
./models/01_CTSM/cime/CIME/hist_utils.py,_compare_hists,python,285,_hists_match,334
./models/01_CTSM/cime/CIME/hist_utils.py,_compare_hists,python,285,cprnc,364
./models/01_CTSM/cime/CIME/hist_utils.py,compare_test,python,417,_compare_hists,437
./models/01_CTSM/cime/CIME/hist_utils.py,cprnc,python,447,GenericXML.read,522
./models/01_CTSM/cime/CIME/hist_utils.py,compare_baseline,python,561,_compare_hists,587
./models/01_CTSM/cime/CIME/hist_utils.py,_generate_baseline_impl,python,624,_iter_model_file_substrs,655
./models/01_CTSM/cime/CIME/hist_utils.py,_generate_baseline_impl,python,624,ArchiveBase.get_all_hist_files,659
./models/01_CTSM/cime/CIME/hist_utils.py,_generate_baseline_impl,python,624,ArchiveBase.get_latest_hist_files,664
./models/01_CTSM/cime/CIME/hist_utils.py,_generate_baseline_impl,python,624,Case.get_latest_cpl_log,691
./models/01_CTSM/cime/CIME/hist_utils.py,generate_baseline,python,730,_generate_baseline_impl,732
./models/01_CTSM/cime/CIME/jenkins_generic_job.py,cleanup_queue,python,8,Case.get_job_info,16
./models/01_CTSM/cime/CIME/jenkins_generic_job.py,cleanup_queue,python,8,ParamGen.append,24
./models/01_CTSM/cime/CIME/jenkins_generic_job.py,cleanup_queue,python,8,Case.cancel_batch_jobs,26
./models/01_CTSM/cime/CIME/jenkins_generic_job.py,scan_for_test_ids,python,62,Foo.add,73
./models/01_CTSM/cime/CIME/jenkins_generic_job.py,archive_old_test_data,python,79,Foo.add,149
./models/01_CTSM/cime/CIME/jenkins_generic_job.py,archive_old_test_data,python,79,scan_for_test_ids,184
./models/01_CTSM/cime/CIME/jenkins_generic_job.py,handle_old_test_data,python,216,archive_old_test_data,234
./models/01_CTSM/cime/CIME/jenkins_generic_job.py,handle_old_test_data,python,216,delete_old_test_data,248
./models/01_CTSM/cime/CIME/jenkins_generic_job.py,jenkins_generic_job,python,261,Machines.has_batch_system,293
./models/01_CTSM/cime/CIME/jenkins_generic_job.py,jenkins_generic_job,python,261,Foo.capitalize,332
./models/01_CTSM/cime/CIME/jenkins_generic_job.py,jenkins_generic_job,python,261,ParamGen.append,353
./models/01_CTSM/cime/CIME/jenkins_generic_job.py,jenkins_generic_job,python,261,ParamGen.append,355
./models/01_CTSM/cime/CIME/jenkins_generic_job.py,jenkins_generic_job,python,261,ParamGen.append,358
./models/01_CTSM/cime/CIME/jenkins_generic_job.py,jenkins_generic_job,python,261,ParamGen.append,361
./models/01_CTSM/cime/CIME/jenkins_generic_job.py,jenkins_generic_job,python,261,ParamGen.append,364
./models/01_CTSM/cime/CIME/jenkins_generic_job.py,jenkins_generic_job,python,261,ParamGen.append,367
./models/01_CTSM/cime/CIME/jenkins_generic_job.py,jenkins_generic_job,python,261,ParamGen.append,370
./models/01_CTSM/cime/CIME/jenkins_generic_job.py,jenkins_generic_job,python,261,ParamGen.append,373
./models/01_CTSM/cime/CIME/jenkins_generic_job.py,jenkins_generic_job,python,261,ParamGen.append,376
./models/01_CTSM/cime/CIME/jenkins_generic_job.py,jenkins_generic_job,python,261,ParamGen.append,379
./models/01_CTSM/cime/CIME/jenkins_generic_job.py,jenkins_generic_job,python,261,cleanup_queue,437
./models/01_CTSM/cime/CIME/locked_files.py,check_lockedfiles,python,57,check_lockedfile,86
./models/01_CTSM/cime/CIME/locked_files.py,check_lockedfile,python,89,diff_lockedfile,93
./models/01_CTSM/cime/CIME/locked_files.py,check_lockedfile,python,89,check_diff,96
./models/01_CTSM/cime/CIME/locked_files.py,diff_lockedfile,python,99,_get_case_env,110
./models/01_CTSM/cime/CIME/locked_files.py,check_diff,python,147,GenericXML.pop,151
./models/01_CTSM/cime/CIME/locked_files.py,check_diff,python,147,ParamGen.append,198
./models/01_CTSM/cime/CIME/namelist.py,is_valid_fortran_namelist_literal,python,343,fortran_namelist_base_value,603
./models/01_CTSM/cime/CIME/namelist.py,literal_to_python_value,python,610,fortran_namelist_base_value,678
./models/01_CTSM/cime/CIME/namelist.py,literal_to_python_value,python,610,is_valid_fortran_namelist_literal,683
./models/01_CTSM/cime/CIME/namelist.py,literal_to_python_value,python,610,is_valid_fortran_namelist_literal,693
./models/01_CTSM/cime/CIME/namelist.py,literal_to_python_value,python,610,character_literal_to_string,700
./models/01_CTSM/cime/CIME/namelist.py,expand_literal_list,python,715,ParamGen.append,733
./models/01_CTSM/cime/CIME/namelist.py,compress_literal_list,python,738,ParamGen.append,769
./models/01_CTSM/cime/CIME/namelist.py,compress_literal_list,python,738,ParamGen.append,771
./models/01_CTSM/cime/CIME/namelist.py,compress_literal_list,python,738,ParamGen.append,776
./models/01_CTSM/cime/CIME/namelist.py,compress_literal_list,python,738,ParamGen.append,778
./models/01_CTSM/cime/CIME/namelist.py,compress_literal_list,python,738,ParamGen.append,783
./models/01_CTSM/cime/CIME/namelist.py,compress_literal_list,python,738,ParamGen.append,785
./models/01_CTSM/cime/CIME/namelist.py,merge_literal_lists,python,789,expand_literal_list,815
./models/01_CTSM/cime/CIME/namelist.py,merge_literal_lists,python,789,expand_literal_list,816
./models/01_CTSM/cime/CIME/namelist.py,merge_literal_lists,python,789,ParamGen.append,820
./models/01_CTSM/cime/CIME/namelist.py,merge_literal_lists,python,789,ParamGen.append,822
./models/01_CTSM/cime/CIME/namelist.py,merge_literal_lists,python,789,compress_literal_list,829
./models/01_CTSM/cime/CIME/namelist.py,parse,python,832,GenericXML.read,878
./models/01_CTSM/cime/CIME/namelist.py,parse,python,832,GenericXML.read,881
./models/01_CTSM/cime/CIME/namelist.py,parse,python,832,_NamelistParser.__init__,885
./models/01_CTSM/cime/CIME/namelist.py,parse,python,832,Namelist.__init__,892
./models/01_CTSM/cime/CIME/namelist.py,Namelist.get_value,python,996,ParamGen.append,1020
./models/01_CTSM/cime/CIME/namelist.py,Namelist.set_variable_value,python,1031,get_fortran_variable_indices,1061
./models/01_CTSM/cime/CIME/namelist.py,Namelist.set_variable_value,python,1031,get_fortran_name_only,1062
./models/01_CTSM/cime/CIME/namelist.py,Namelist.set_variable_value,python,1031,GenericXML.pop,1090
./models/01_CTSM/cime/CIME/namelist.py,Namelist.merge_nl,python,1114,Namelist.get_group_names,1164
./models/01_CTSM/cime/CIME/namelist.py,Namelist.merge_nl,python,1114,Namelist.get_variable_names,1165
./models/01_CTSM/cime/CIME/namelist.py,Namelist.merge_nl,python,1114,Namelist.get_variable_value,1167
./models/01_CTSM/cime/CIME/namelist.py,Namelist.merge_nl,python,1114,merge_literal_lists,1169
./models/01_CTSM/cime/CIME/namelist.py,Namelist.merge_nl,python,1114,merge_literal_lists,1171
./models/01_CTSM/cime/CIME/namelist.py,Namelist._write,python,1215,convert_bool,1248
./models/01_CTSM/cime/CIME/namelist.py,Namelist._write,python,1215,convert_bool,1259
./models/01_CTSM/cime/CIME/namelist.py,Namelist._write,python,1215,ParamGen.append,1265
./models/01_CTSM/cime/CIME/namelist.py,Namelist._write_nuopc,python,1290,ParamGen.append,1347
./models/01_CTSM/cime/CIME/namelist.py,_NamelistParser._advance,python,1456,_NamelistEOF.__init__,1518
./models/01_CTSM/cime/CIME/namelist.py,_NamelistParser._expect_char,python,1616,_NamelistParseError.__init__,1636
./models/01_CTSM/cime/CIME/namelist.py,_NamelistParser._parse_variable_name,python,1672,is_valid_fortran_name,1737
./models/01_CTSM/cime/CIME/namelist.py,_NamelistParser._parse_variable_name,python,1672,_NamelistParseError.__init__,1744
./models/01_CTSM/cime/CIME/namelist.py,_NamelistParser._parse_character_literal,python,1747,is_valid_fortran_namelist_literal,1787
./models/01_CTSM/cime/CIME/namelist.py,_NamelistParser._parse_character_literal,python,1747,_NamelistParseError.__init__,1788
./models/01_CTSM/cime/CIME/namelist.py,_NamelistParser._parse_complex_literal,python,1793,is_valid_fortran_namelist_literal,1814
./models/01_CTSM/cime/CIME/namelist.py,_NamelistParser._parse_complex_literal,python,1793,_NamelistParseError.__init__,1815
./models/01_CTSM/cime/CIME/namelist.py,_NamelistParser._parse_literal,python,1866,ParamGen.append,2000
./models/01_CTSM/cime/CIME/namelist.py,_NamelistParser._parse_literal,python,1866,ParamGen.append,2001
./models/01_CTSM/cime/CIME/namelist.py,_NamelistParser._parse_literal,python,1866,ParamGen.append,2007
./models/01_CTSM/cime/CIME/namelist.py,_NamelistParser._parse_literal,python,1866,is_valid_fortran_namelist_literal,2023
./models/01_CTSM/cime/CIME/namelist.py,_NamelistParser._parse_literal,python,1866,_NamelistParseError.__init__,2026
./models/01_CTSM/cime/CIME/namelist.py,_NamelistParser._expect_separator,python,2031,_NamelistParseError.__init__,2116
./models/01_CTSM/cime/CIME/namelist.py,_NamelistParser._parse_name_and_values,python,2133,ParamGen.append,2221
./models/01_CTSM/cime/CIME/namelist.py,_NamelistParser._parse_name_and_values,python,2133,get_fortran_variable_indices,2222
./models/01_CTSM/cime/CIME/namelist.py,_NamelistParser._parse_namelist_group,python,2231,_NamelistParseError.__init__,2293
./models/01_CTSM/cime/CIME/namelist.py,_NamelistParser._parse_namelist_group,python,2231,merge_literal_lists,2307
./models/01_CTSM/cime/CIME/namelist.py,_NamelistParser._parse_namelist_group,python,2231,merge_literal_lists,2316
./models/01_CTSM/cime/CIME/namelist.py,_NamelistParser.parse_namelist,python,2319,merge_literal_lists,2379
./models/01_CTSM/cime/CIME/nmlgen.py,NamelistGenerator._sub_fields,python,404,ParamGen.append,440
./models/01_CTSM/cime/CIME/nmlgen.py,NamelistGenerator._sub_fields,python,404,ParamGen.append,442
./models/01_CTSM/cime/CIME/nmlgen.py,NamelistGenerator._sub_paths,python,462,ParamGen.append,494
./models/01_CTSM/cime/CIME/nmlgen.py,NamelistGenerator._sub_paths,python,462,ParamGen.append,509
./models/01_CTSM/cime/CIME/nmlgen.py,NamelistGenerator._sub_paths,python,462,ParamGen.append,514
./models/01_CTSM/cime/CIME/nmlgen.py,NamelistGenerator._sub_paths,python,462,IndentFormatter.format,516
./models/01_CTSM/cime/CIME/nmlgen.py,NamelistGenerator._sub_paths,python,462,ParamGen.append,518
./models/01_CTSM/cime/CIME/nmlgen.py,NamelistGenerator.create_stream_file_and_update_shr_strdata_nml,python,530,IndentFormatter.format,593
./models/01_CTSM/cime/CIME/nmlgen.py,NamelistGenerator._convert_to_abs_file_path,python,735,ParamGen.append,756
./models/01_CTSM/cime/CIME/nmlgen.py,NamelistGenerator._convert_to_abs_file_path,python,735,ParamGen.append,758
./models/01_CTSM/cime/CIME/nmlgen.py,NamelistGenerator._convert_to_abs_file_path,python,735,ParamGen.append,767
./models/01_CTSM/cime/CIME/nmlgen.py,NamelistGenerator._get_input_file_hash,python,782,Foo.add,789
./models/01_CTSM/cime/CIME/provenance.py,_read_success_data,python,78,GenericXML.read,84
./models/01_CTSM/cime/CIME/provenance.py,get_test_success,python,125,_read_success_data,133
./models/01_CTSM/cime/CIME/provenance.py,get_test_success,python,125,_is_test_working,134
./models/01_CTSM/cime/CIME/provenance.py,save_test_success,python,144,_read_success_data,151
./models/01_CTSM/cime/CIME/provenance.py,save_test_success,python,144,_is_test_working,157
./models/01_CTSM/cime/CIME/simple_compare.py,_compare_data,python,54,_skip_comments_and_whitespace,99
./models/01_CTSM/cime/CIME/simple_compare.py,_compare_data,python,54,_skip_comments_and_whitespace,100
./models/01_CTSM/cime/CIME/simple_compare.py,_compare_data,python,54,_normalize_string_value,119
./models/01_CTSM/cime/CIME/simple_compare.py,_compare_data,python,54,_normalize_string_value,120
./models/01_CTSM/cime/CIME/simple_compare.py,compare_files,python,140,_compare_data,149
./models/01_CTSM/cime/CIME/simple_compare.py,compare_files,python,140,_compare_data,154
./models/01_CTSM/cime/CIME/simple_compare.py,compare_runconfigfiles,python,167,_parse_runconfig,177
./models/01_CTSM/cime/CIME/simple_compare.py,compare_runconfigfiles,python,167,_parse_runconfig,178
./models/01_CTSM/cime/CIME/simple_compare.py,compare_runconfigfiles,python,167,findDiff,179
./models/01_CTSM/cime/CIME/simple_compare.py,compare_runconfigfiles,python,167,findDiff,184
./models/01_CTSM/cime/CIME/simple_compare.py,findDiff,python,222,findDiff,234
./models/01_CTSM/cime/CIME/status.py,append_testlog,python,22,append_status,26
./models/01_CTSM/cime/CIME/status.py,append_case_status,python,29,append_status,34
./models/01_CTSM/cime/CIME/status.py,run_and_log_case_status,python,70,append_case_status,87
./models/01_CTSM/cime/CIME/status.py,run_and_log_case_status,python,70,append_case_status,104
./models/01_CTSM/cime/CIME/status.py,run_and_log_case_status,python,70,append_case_status,112
./models/01_CTSM/cime/CIME/status.py,run_and_log_case_status,python,70,append_case_status,125
./models/01_CTSM/cime/CIME/status.py,run_and_log_case_status,python,70,append_case_status,132
./models/01_CTSM/cime/CIME/test_scheduler.py,_translate_test_names_for_new_pecount,python,67,ParamGen.append,116
./models/01_CTSM/cime/CIME/test_scheduler.py,_translate_test_names_for_new_pecount,python,67,ParamGen.append,127
./models/01_CTSM/cime/CIME/test_scheduler.py,_order_tests_by_runtime,python,159,_get_time_est,162
./models/01_CTSM/cime/CIME/test_scheduler.py,TestScheduler.__init__,python,188,_translate_test_names_for_new_pecount,272
./models/01_CTSM/cime/CIME/test_scheduler.py,TestScheduler.__init__,python,188,ParamGen.append,372
./models/01_CTSM/cime/CIME/test_scheduler.py,TestScheduler.__init__,python,188,ParamGen.append,379
./models/01_CTSM/cime/CIME/test_scheduler.py,TestScheduler.__init__,python,188,_order_tests_by_runtime,395
./models/01_CTSM/cime/CIME/test_scheduler.py,TestScheduler.__init__,python,188,TestStatus.set_status,432
./models/01_CTSM/cime/CIME/test_scheduler.py,TestScheduler.__init__,python,188,TestStatus.set_status,439
./models/01_CTSM/cime/CIME/test_scheduler.py,TestScheduler._create_newcase_phase,python,644,_get_time_est,756
./models/01_CTSM/cime/CIME/test_scheduler.py,TestScheduler._xml_phase,python,783,EntryID.add_elements_by_group,817
./models/01_CTSM/cime/CIME/test_scheduler.py,TestScheduler._xml_phase,python,783,EntryID.add_elements_by_group,818
./models/01_CTSM/cime/CIME/test_scheduler.py,TestScheduler._xml_phase,python,783,Tests.get_test_node,878
./models/01_CTSM/cime/CIME/test_scheduler.py,TestScheduler._xml_phase,python,783,EnvTest.set_test_parameter,891
./models/01_CTSM/cime/CIME/test_scheduler.py,TestScheduler._xml_phase,python,783,EnvTest.set_test_parameter,895
./models/01_CTSM/cime/CIME/test_scheduler.py,TestScheduler._xml_phase,python,783,EnvTest.set_test_parameter,899
./models/01_CTSM/cime/CIME/test_scheduler.py,TestScheduler._xml_phase,python,783,EnvTest.set_test_parameter,913
./models/01_CTSM/cime/CIME/test_scheduler.py,TestScheduler._xml_phase,python,783,EnvTest.set_test_parameter,915
./models/01_CTSM/cime/CIME/test_scheduler.py,TestScheduler._xml_phase,python,783,EnvTest.set_test_parameter,923
./models/01_CTSM/cime/CIME/test_scheduler.py,TestScheduler._xml_phase,python,783,EnvTest.set_test_parameter,929
./models/01_CTSM/cime/CIME/test_scheduler.py,TestScheduler._xml_phase,python,783,EnvTest.set_test_parameter,930
./models/01_CTSM/cime/CIME/test_scheduler.py,TestScheduler._xml_phase,python,783,EnvTest.set_test_parameter,931
./models/01_CTSM/cime/CIME/test_scheduler.py,TestScheduler._xml_phase,python,783,EnvTest.set_test_parameter,932
./models/01_CTSM/cime/CIME/test_scheduler.py,TestScheduler._xml_phase,python,783,EnvTest.set_test_parameter,936
./models/01_CTSM/cime/CIME/test_scheduler.py,TestScheduler._xml_phase,python,783,EnvTest.set_test_parameter,940
./models/01_CTSM/cime/CIME/test_scheduler.py,TestScheduler._xml_phase,python,783,EnvTest.set_test_parameter,942
./models/01_CTSM/cime/CIME/test_scheduler.py,TestScheduler._xml_phase,python,783,EnvTest.set_test_parameter,944
./models/01_CTSM/cime/CIME/test_scheduler.py,TestScheduler._xml_phase,python,783,EnvTest.set_initial_values,979
./models/01_CTSM/cime/CIME/test_scheduler.py,TestScheduler._setup_phase,python,1008,_run_cmpgen_namelists,1019
./models/01_CTSM/cime/CIME/test_scheduler.py,TestScheduler._setup_phase,python,1008,Tests.support_single_exe,1026
./models/01_CTSM/cime/CIME/test_scheduler.py,TestScheduler._sharedlib_build_phase,python,1035,_run_cmpgen_namelists,1060
./models/01_CTSM/cime/CIME/test_scheduler.py,TestScheduler._wait_for_something_to_finish,python,1198,ParamGen.append,1205
./models/01_CTSM/cime/CIME/test_scheduler.py,TestScheduler._update_test_status_file,python,1215,TestStatus.set_status,1223
./models/01_CTSM/cime/CIME/test_status.py,_test_helper1,python,104,TestStatus.__init__,105
./models/01_CTSM/cime/CIME/test_status.py,_test_helper1,python,104,TestStatus._parse_test_status,106
./models/01_CTSM/cime/CIME/test_status.py,_test_helper2,python,110,TestStatus.__init__,124
./models/01_CTSM/cime/CIME/test_status.py,_test_helper2,python,110,TestStatus._parse_test_status,125
./models/01_CTSM/cime/CIME/test_status.py,_test_helper2,python,110,TestStatus.get_overall_test_status,126
./models/01_CTSM/cime/CIME/test_status.py,TestStatus.phase_statuses_dump,python,288,ExpectedFails.expected_fails_comment,309
./models/01_CTSM/cime/CIME/test_status.py,TestStatus._parse_test_status_file,python,402,GenericXML.read,404
./models/01_CTSM/cime/CIME/test_utils.py,get_tests_from_xml,python,15,ParamGen.append,39
./models/01_CTSM/cime/CIME/test_utils.py,get_tests_from_xml,python,15,ParamGen.append,46
./models/01_CTSM/cime/CIME/test_utils.py,get_tests_from_xml,python,15,ParamGen.append,51
./models/01_CTSM/cime/CIME/test_utils.py,get_tests_from_xml,python,15,Testlist.get_tests,61
./models/01_CTSM/cime/CIME/test_utils.py,test_to_string,python,98,GenericXML.pop,140
./models/01_CTSM/cime/CIME/user_mod_support.py,apply_user_mods,python,12,build_include_dirs_list,33
./models/01_CTSM/cime/CIME/user_mod_support.py,apply_user_mods,python,12,GenericXML.read,46
./models/01_CTSM/cime/CIME/user_mod_support.py,apply_user_mods,python,12,GenericXML.read,112
./models/01_CTSM/cime/CIME/user_mod_support.py,build_include_dirs_list,python,124,ParamGen.append,149
./models/01_CTSM/cime/CIME/user_mod_support.py,build_include_dirs_list,python,124,build_include_dirs_list,159
./models/01_CTSM/cime/CIME/utils.py,set_logger_indent,python,105,IndentFormatter.__init__,108
./models/01_CTSM/cime/CIME/utils.py,_read_cime_config_file,python,227,GenericXML.read,281
./models/01_CTSM/cime/CIME/utils.py,_read_cime_config_file,python,227,expect,283
./models/01_CTSM/cime/CIME/utils.py,_read_cime_config_file,python,227,expect,291
./models/01_CTSM/cime/CIME/utils.py,_read_cime_config_file,python,227,expect,299
./models/01_CTSM/cime/CIME/utils.py,get_cime_config,python,315,_read_cime_config_file,318
./models/01_CTSM/cime/CIME/utils.py,copy_local_macros_to_dir,python,331,safe_copy,354
./models/01_CTSM/cime/CIME/utils.py,get_cime_root,python,364,expect,374
./models/01_CTSM/cime/CIME/utils.py,get_config_path,python,385,get_cime_root,386
./models/01_CTSM/cime/CIME/utils.py,get_schema_path,python,391,get_config_path,392
./models/01_CTSM/cime/CIME/utils.py,get_template_path,python,397,get_cime_root,398
./models/01_CTSM/cime/CIME/utils.py,get_tools_path,python,403,get_cime_root,404
./models/01_CTSM/cime/CIME/utils.py,get_src_root,python,409,get_cime_config,414
./models/01_CTSM/cime/CIME/utils.py,get_src_root,python,409,get_cime_root,433
./models/01_CTSM/cime/CIME/utils.py,get_src_root,python,409,get_cime_root,434
./models/01_CTSM/cime/CIME/utils.py,get_src_root,python,409,get_cime_root,436
./models/01_CTSM/cime/CIME/utils.py,get_cime_default_driver,python,443,get_cime_config,448
./models/01_CTSM/cime/CIME/utils.py,get_cime_default_driver,python,443,expect,463
./models/01_CTSM/cime/CIME/utils.py,get_all_cime_models,python,470,get_config_path,471
./models/01_CTSM/cime/CIME/utils.py,get_all_cime_models,python,470,ParamGen.append,476
./models/01_CTSM/cime/CIME/utils.py,set_model,python,483,get_cime_config,487
./models/01_CTSM/cime/CIME/utils.py,set_model,python,483,get_all_cime_models,488
./models/01_CTSM/cime/CIME/utils.py,set_model,python,483,expect,491
./models/01_CTSM/cime/CIME/utils.py,get_model,python,500,get_all_cime_models,521
./models/01_CTSM/cime/CIME/utils.py,get_model,python,500,expect,525
./models/01_CTSM/cime/CIME/utils.py,get_model,python,500,get_cime_config,531
./models/01_CTSM/cime/CIME/utils.py,get_model,python,500,get_src_root,539
./models/01_CTSM/cime/CIME/utils.py,get_model,python,500,set_model,555
./models/01_CTSM/cime/CIME/utils.py,get_model,python,500,get_cime_root,558
./models/01_CTSM/cime/CIME/utils.py,get_model,python,500,expect,568
./models/01_CTSM/cime/CIME/utils.py,_convert_to_fd,python,578,_get_path,579
./models/01_CTSM/cime/CIME/utils.py,file_contains_python_function,python,601,_line_defines_python_function,609
./models/01_CTSM/cime/CIME/utils.py,fixup_sys_path,python,616,get_cime_root,617
./models/01_CTSM/cime/CIME/utils.py,fixup_sys_path,python,616,get_tools_path,622
./models/01_CTSM/cime/CIME/utils.py,import_and_run_sub_or_cmd,python,632,fixup_sys_path,648
./models/01_CTSM/cime/CIME/utils.py,import_and_run_sub_or_cmd,python,632,expect,656
./models/01_CTSM/cime/CIME/utils.py,import_and_run_sub_or_cmd,python,632,run_sub_or_cmd,668
./models/01_CTSM/cime/CIME/utils.py,import_and_run_sub_or_cmd,python,632,expect,677
./models/01_CTSM/cime/CIME/utils.py,run_sub_or_cmd,python,683,file_contains_python_function,692
./models/01_CTSM/cime/CIME/utils.py,run_sub_or_cmd,python,683,fixup_sys_path,701
./models/01_CTSM/cime/CIME/utils.py,run_sub_or_cmd,python,683,import_from_file,704
./models/01_CTSM/cime/CIME/utils.py,run_sub_or_cmd,python,683,redirect_logger,709
./models/01_CTSM/cime/CIME/utils.py,run_sub_or_cmd,python,683,redirect_stdout_stderr,710
./models/01_CTSM/cime/CIME/utils.py,run_sub_or_cmd,python,683,expect,723
./models/01_CTSM/cime/CIME/utils.py,run_sub_or_cmd,python,683,run_cmd,744
./models/01_CTSM/cime/CIME/utils.py,run_sub_or_cmd,python,683,expect,752
./models/01_CTSM/cime/CIME/utils.py,run_sub_or_cmd,python,683,expect,754
./models/01_CTSM/cime/CIME/utils.py,run_sub_or_cmd,python,683,Case.read_xml,758
./models/01_CTSM/cime/CIME/utils.py,run_cmd,python,761,_convert_to_fd,786
./models/01_CTSM/cime/CIME/utils.py,run_cmd,python,761,_convert_to_fd,791
./models/01_CTSM/cime/CIME/utils.py,run_cmd,python,761,get_cime_root,825
./models/01_CTSM/cime/CIME/utils.py,run_cmd,python,761,get_tools_path,825
./models/01_CTSM/cime/CIME/utils.py,run_cmd,python,761,get_cime_root,827
./models/01_CTSM/cime/CIME/utils.py,run_cmd,python,761,Timeout.__init__,830
./models/01_CTSM/cime/CIME/utils.py,run_cmd_no_fail,python,895,run_cmd,923
./models/01_CTSM/cime/CIME/utils.py,run_cmd_no_fail,python,895,_get_path,942
./models/01_CTSM/cime/CIME/utils.py,run_cmd_no_fail,python,895,_get_path,946
./models/01_CTSM/cime/CIME/utils.py,run_cmd_no_fail,python,895,expect,950
./models/01_CTSM/cime/CIME/utils.py,normalize_case_id,python,960,expect,974
./models/01_CTSM/cime/CIME/utils.py,parse_test_name,python,986,GenericXML.pop,1044
./models/01_CTSM/cime/CIME/utils.py,parse_test_name,python,986,expect,1051
./models/01_CTSM/cime/CIME/utils.py,parse_test_name,python,986,check_name,1051
./models/01_CTSM/cime/CIME/utils.py,parse_test_name,python,986,expect,1053
./models/01_CTSM/cime/CIME/utils.py,parse_test_name,python,986,GenericXML.pop,1064
./models/01_CTSM/cime/CIME/utils.py,parse_test_name,python,986,expect,1072
./models/01_CTSM/cime/CIME/utils.py,get_full_test_name,python,1082,parse_test_name,1145
./models/01_CTSM/cime/CIME/utils.py,get_full_test_name,python,1082,expect,1158
./models/01_CTSM/cime/CIME/utils.py,get_full_test_name,python,1082,expect,1173
./models/01_CTSM/cime/CIME/utils.py,get_full_test_name,python,1082,expect,1181
./models/01_CTSM/cime/CIME/utils.py,get_full_test_name,python,1082,expect,1198
./models/01_CTSM/cime/CIME/utils.py,get_full_test_name,python,1082,expect,1216
./models/01_CTSM/cime/CIME/utils.py,get_current_branch,python,1226,run_cmd,1246
./models/01_CTSM/cime/CIME/utils.py,get_current_commit,python,1253,run_cmd,1261
./models/01_CTSM/cime/CIME/utils.py,get_current_commit,python,1253,run_cmd,1265
./models/01_CTSM/cime/CIME/utils.py,get_model_config_location_within_cime,python,1272,get_model,1273
./models/01_CTSM/cime/CIME/utils.py,get_scripts_root,python,1277,get_cime_root,1284
./models/01_CTSM/cime/CIME/utils.py,get_model_config_root,python,1287,get_model,1295
./models/01_CTSM/cime/CIME/utils.py,get_model_config_root,python,1287,get_cime_root,1297
./models/01_CTSM/cime/CIME/utils.py,get_model_config_root,python,1287,get_model_config_location_within_cime,1297
./models/01_CTSM/cime/CIME/utils.py,get_current_submodule_status,python,1331,run_cmd,1339
./models/01_CTSM/cime/CIME/utils.py,copy_globs,python,1347,safe_copy,1366
./models/01_CTSM/cime/CIME/utils.py,safe_copy,python,1404,copy_over_file,1430
./models/01_CTSM/cime/CIME/utils.py,safe_copy,python,1404,run_cmd_no_fail,1447
./models/01_CTSM/cime/CIME/utils.py,safe_recursive_copy,python,1457,expect,1468
./models/01_CTSM/cime/CIME/utils.py,safe_recursive_copy,python,1457,safe_copy,1472
./models/01_CTSM/cime/CIME/utils.py,find_proc_id,python,1491,expect,1495
./models/01_CTSM/cime/CIME/utils.py,find_proc_id,python,1491,expect,1499
./models/01_CTSM/cime/CIME/utils.py,find_proc_id,python,1491,run_cmd,1510
./models/01_CTSM/cime/CIME/utils.py,find_proc_id,python,1491,expect,1511
./models/01_CTSM/cime/CIME/utils.py,find_proc_id,python,1491,run_cmd,1516
./models/01_CTSM/cime/CIME/utils.py,find_proc_id,python,1491,expect,1517
./models/01_CTSM/cime/CIME/utils.py,find_proc_id,python,1491,find_proc_id,1521
./models/01_CTSM/cime/CIME/utils.py,get_project,python,1540,get_cime_config,1559
./models/01_CTSM/cime/CIME/utils.py,get_charge_account,python,1588,get_cime_config,1613
./models/01_CTSM/cime/CIME/utils.py,find_files,python,1632,ParamGen.append,1640
./models/01_CTSM/cime/CIME/utils.py,configure_logging,python,1682,_LessThanFilter.__init__,1692
./models/01_CTSM/cime/CIME/utils.py,parse_args_and_handle_standard_logging_options,python,1722,_check_for_invalid_args,1734
./models/01_CTSM/cime/CIME/utils.py,parse_args_and_handle_standard_logging_options,python,1722,configure_logging,1737
./models/01_CTSM/cime/CIME/utils.py,convert_to_type,python,1757,expect,1770
./models/01_CTSM/cime/CIME/utils.py,convert_to_type,python,1757,expect,1778
./models/01_CTSM/cime/CIME/utils.py,convert_to_type,python,1757,expect,1790
./models/01_CTSM/cime/CIME/utils.py,convert_to_type,python,1757,expect,1798
./models/01_CTSM/cime/CIME/utils.py,convert_to_string,python,1833,expect,1848
./models/01_CTSM/cime/CIME/utils.py,convert_to_string,python,1833,expect,1853
./models/01_CTSM/cime/CIME/utils.py,convert_to_string,python,1833,expect,1859
./models/01_CTSM/cime/CIME/utils.py,convert_to_string,python,1833,expect,1862
./models/01_CTSM/cime/CIME/utils.py,convert_to_string,python,1833,expect,1865
./models/01_CTSM/cime/CIME/utils.py,convert_to_seconds,python,1873,expect,1887
./models/01_CTSM/cime/CIME/utils.py,compute_total_time,python,1935,ParamGen.append,1957
./models/01_CTSM/cime/CIME/utils.py,compute_total_time,python,1935,ParamGen.append,1968
./models/01_CTSM/cime/CIME/utils.py,format_time,python,1978,expect,1997
./models/01_CTSM/cime/CIME/utils.py,format_time,python,1978,expect,2014
./models/01_CTSM/cime/CIME/utils.py,format_time,python,1978,expect,2021
./models/01_CTSM/cime/CIME/utils.py,format_time,python,1978,expect,2026
./models/01_CTSM/cime/CIME/utils.py,format_time,python,1978,expect,2035
./models/01_CTSM/cime/CIME/utils.py,format_time,python,1978,expect,2039
./models/01_CTSM/cime/CIME/utils.py,format_time,python,1978,expect,2054
./models/01_CTSM/cime/CIME/utils.py,format_time,python,1978,expect,2059
./models/01_CTSM/cime/CIME/utils.py,gunzip_existing_file,python,2200,GenericXML.read,2202
./models/01_CTSM/cime/CIME/utils.py,gzip_existing_file,python,2205,expect,2220
./models/01_CTSM/cime/CIME/utils.py,find_system_test,python,2244,Case.get_compset_components,2259
./models/01_CTSM/cime/CIME/utils.py,find_system_test,python,2244,ParamGen.append,2269
./models/01_CTSM/cime/CIME/utils.py,find_system_test,python,2244,expect,2280
./models/01_CTSM/cime/CIME/utils.py,find_system_test,python,2244,expect,2281
./models/01_CTSM/cime/CIME/utils.py,find_system_test,python,2244,expect,2285
./models/01_CTSM/cime/CIME/utils.py,_get_most_recent_lid_impl,python,2292,ParamGen.append,2306
./models/01_CTSM/cime/CIME/utils.py,get_lids,python,2328,_get_most_recent_lid_impl,2331
./models/01_CTSM/cime/CIME/utils.py,new_lid,python,2334,batch_jobid,2336
./models/01_CTSM/cime/CIME/utils.py,stringify_bool,python,2413,expect,2415
./models/01_CTSM/cime/CIME/utils.py,resolve_mail_type_args,python,2472,expect,2479
./models/01_CTSM/cime/CIME/utils.py,copyifnewer,python,2487,safe_copy,2490
./models/01_CTSM/cime/CIME/utils.py,run_bld_cmd_ensure_logging,python,2540,run_cmd,2542
./models/01_CTSM/cime/CIME/utils.py,run_bld_cmd_ensure_logging,python,2540,expect,2545
./models/01_CTSM/cime/CIME/utils.py,run_bld_cmd_ensure_logging,python,2540,filter_unicode,2545
./models/01_CTSM/cime/CIME/utils.py,model_log,python,2570,get_model,2571
./models/01_CTSM/cime/CIME/utils.py,get_htmlroot,python,2577,get_cime_config,2590
./models/01_CTSM/cime/CIME/utils.py,get_urlroot,python,2607,get_cime_config,2620
./models/01_CTSM/cime/CIME/utils.py,clear_folder,python,2637,clear_folder,2645
./models/01_CTSM/cime/CIME/utils.py,is_comp_standalone,python,2676,get_model,2691
./models/01_CTSM/cime/CIME/wait_for_tests.py,get_test_time,python,37,TestStatus.get_comment,40
./models/01_CTSM/cime/CIME/wait_for_tests.py,create_cdash_config_xml,python,125,create_cdash_xml_boiler,136
./models/01_CTSM/cime/CIME/wait_for_tests.py,create_cdash_config_xml,python,125,get_test_phase,154
./models/01_CTSM/cime/CIME/wait_for_tests.py,create_cdash_config_xml,python,125,get_nml_diff,156
./models/01_CTSM/cime/CIME/wait_for_tests.py,create_cdash_config_xml,python,125,ParamGen.append,160
./models/01_CTSM/cime/CIME/wait_for_tests.py,create_cdash_build_xml,python,172,create_cdash_xml_boiler,183
./models/01_CTSM/cime/CIME/wait_for_tests.py,create_cdash_build_xml,python,172,ParamGen.append,197
./models/01_CTSM/cime/CIME/wait_for_tests.py,create_cdash_build_xml,python,172,get_test_time,206
./models/01_CTSM/cime/CIME/wait_for_tests.py,create_cdash_test_xml,python,221,create_cdash_xml_boiler,232
./models/01_CTSM/cime/CIME/wait_for_tests.py,create_cdash_test_xml,python,221,get_test_time,275
./models/01_CTSM/cime/CIME/wait_for_tests.py,create_cdash_test_xml,python,221,get_test_output,295
./models/01_CTSM/cime/CIME/wait_for_tests.py,create_cdash_xml_fakes,python,306,create_cdash_config_xml,324
./models/01_CTSM/cime/CIME/wait_for_tests.py,create_cdash_xml_fakes,python,306,create_cdash_build_xml,335
./models/01_CTSM/cime/CIME/wait_for_tests.py,create_cdash_xml_fakes,python,306,create_cdash_test_xml,346
./models/01_CTSM/cime/CIME/wait_for_tests.py,create_cdash_upload_xml,python,359,ParamGen.append,381
./models/01_CTSM/cime/CIME/wait_for_tests.py,create_cdash_xml,python,464,create_cdash_xml_fakes,538
./models/01_CTSM/cime/CIME/wait_for_tests.py,create_cdash_xml,python,464,create_cdash_upload_xml,547
./models/01_CTSM/cime/CIME/wait_for_tests.py,wait_for_test,python,569,TestStatus.get_name,604
./models/01_CTSM/cime/CIME/wait_for_tests.py,wait_for_test,python,569,TestStatus.get_overall_test_status,605
./models/01_CTSM/cime/CIME/wait_for_tests.py,wait_for_test,python,569,TestStatus.phase_statuses_dump,616
./models/01_CTSM/cime/CIME/wait_for_tests.py,wait_for_tests_impl,python,648,ParamGen.append,679
./models/01_CTSM/cime/CIME/wait_for_tests.py,wait_for_tests_impl,python,648,ParamGen.append,708
./models/01_CTSM/cime/CIME/wait_for_tests.py,wait_for_tests,python,720,set_up_signal_handlers,740
./models/01_CTSM/cime/CIME/wait_for_tests.py,wait_for_tests,python,720,wait_for_tests_impl,743
./models/01_CTSM/cime/CIME/wait_for_tests.py,wait_for_tests,python,720,create_cdash_xml,830
./models/01_CTSM/cime/CIME/baselines/performance.py,perf_compare_throughput_baseline,python,12,Case.get_baseline_dir,31
./models/01_CTSM/cime/CIME/baselines/performance.py,perf_compare_throughput_baseline,python,12,load_coupler_customization,33
./models/01_CTSM/cime/CIME/baselines/performance.py,perf_compare_throughput_baseline,python,12,read_baseline_file,37
./models/01_CTSM/cime/CIME/baselines/performance.py,perf_compare_throughput_baseline,python,12,perf_compare_throughput_baseline,50
./models/01_CTSM/cime/CIME/baselines/performance.py,perf_compare_throughput_baseline,python,12,_perf_compare_throughput_baseline,54
./models/01_CTSM/cime/CIME/baselines/performance.py,perf_compare_memory_baseline,python,61,Case.get_baseline_dir,80
./models/01_CTSM/cime/CIME/baselines/performance.py,perf_compare_memory_baseline,python,61,load_coupler_customization,82
./models/01_CTSM/cime/CIME/baselines/performance.py,perf_compare_memory_baseline,python,61,read_baseline_file,86
./models/01_CTSM/cime/CIME/baselines/performance.py,perf_compare_memory_baseline,python,61,perf_compare_memory_baseline,94
./models/01_CTSM/cime/CIME/baselines/performance.py,perf_compare_memory_baseline,python,61,_perf_compare_memory_baseline,98
./models/01_CTSM/cime/CIME/baselines/performance.py,perf_write_baseline,python,105,load_coupler_customization,120
./models/01_CTSM/cime/CIME/baselines/performance.py,perf_write_baseline,python,105,perf_get_throughput,124
./models/01_CTSM/cime/CIME/baselines/performance.py,perf_write_baseline,python,105,write_baseline_file,130
./models/01_CTSM/cime/CIME/baselines/performance.py,perf_write_baseline,python,105,perf_get_memory,136
./models/01_CTSM/cime/CIME/baselines/performance.py,perf_write_baseline,python,105,write_baseline_file,142
./models/01_CTSM/cime/CIME/baselines/performance.py,perf_get_throughput,python,168,perf_get_throughput,187
./models/01_CTSM/cime/CIME/baselines/performance.py,perf_get_throughput,python,168,_perf_get_throughput,189
./models/01_CTSM/cime/CIME/baselines/performance.py,perf_get_memory,python,194,perf_get_memory,213
./models/01_CTSM/cime/CIME/baselines/performance.py,perf_get_memory,python,194,_perf_get_memory,215
./models/01_CTSM/cime/CIME/baselines/performance.py,_perf_get_memory,python,237,perf_get_memory_list,260
./models/01_CTSM/cime/CIME/baselines/performance.py,_perf_get_memory,python,237,_format_baseline,265
./models/01_CTSM/cime/CIME/baselines/performance.py,perf_get_memory_list,python,270,get_latest_cpl_logs,272
./models/01_CTSM/cime/CIME/baselines/performance.py,perf_get_memory_list,python,270,get_cpl_mem_usage,279
./models/01_CTSM/cime/CIME/baselines/performance.py,_perf_get_throughput,python,293,get_latest_cpl_logs,309
./models/01_CTSM/cime/CIME/baselines/performance.py,_perf_get_throughput,python,293,get_cpl_throughput,312
./models/01_CTSM/cime/CIME/baselines/performance.py,_perf_get_throughput,python,293,_format_baseline,321
./models/01_CTSM/cime/CIME/baselines/performance.py,get_latest_cpl_logs,python,326,ParamGen.append,339
./models/01_CTSM/cime/CIME/baselines/performance.py,get_latest_cpl_logs,python,326,ParamGen.append,350
./models/01_CTSM/cime/CIME/baselines/performance.py,get_cpl_mem_usage,python,355,ParamGen.append,384
./models/01_CTSM/cime/CIME/baselines/performance.py,get_cpl_mem_usage,python,355,GenericXML.pop,388
./models/01_CTSM/cime/CIME/baselines/performance.py,get_cpl_throughput,python,393,GenericXML.read,409
./models/01_CTSM/cime/CIME/baselines/performance.py,_perf_compare_throughput_baseline,python,442,_perf_get_throughput,464
./models/01_CTSM/cime/CIME/baselines/performance.py,_perf_compare_throughput_baseline,python,442,_parse_baseline,467
./models/01_CTSM/cime/CIME/baselines/performance.py,_perf_compare_throughput_baseline,python,442,_parse_baseline,475
./models/01_CTSM/cime/CIME/baselines/performance.py,_perf_compare_memory_baseline,python,500,_perf_get_memory,523
./models/01_CTSM/cime/CIME/baselines/performance.py,_perf_compare_memory_baseline,python,500,_parse_baseline,528
./models/01_CTSM/cime/CIME/baselines/performance.py,_perf_compare_memory_baseline,python,500,_parse_baseline,536
./models/01_CTSM/cime/CIME/BuildTools/configure.py,configure,python,36,CmakeTmpBuildDir.get_makefile_vars,99
./models/01_CTSM/cime/CIME/BuildTools/configure.py,configure,python,36,copy_depends_files,104
./models/01_CTSM/cime/CIME/BuildTools/configure.py,configure,python,36,generate_env_mach_specific,107
./models/01_CTSM/cime/CIME/BuildTools/configure.py,generate_env_mach_specific,python,181,FakeCase.__init__,213
./models/01_CTSM/cime/CIME/BuildTools/configure.py,generate_env_mach_specific,python,181,EnvMachSpecific.make_env_mach_specific_file,216
./models/01_CTSM/cime/CIME/case/case.py,Case.__init__,python,104,ConfigBase.load,140
./models/01_CTSM/cime/CIME/case/case.py,Case.__init__,python,104,Machines.probe_machine_name,200
./models/01_CTSM/cime/CIME/case/case.py,Case.initialize_derived_attributes,python,228,EnvMachPes.get_max_thread_count,251
./models/01_CTSM/cime/CIME/case/case.py,Case.initialize_derived_attributes,python,228,EnvMachPes.get_spare_nodes,269
./models/01_CTSM/cime/CIME/case/case.py,Case.initialize_derived_attributes,python,228,EnvMachPes.get_total_tasks,272
./models/01_CTSM/cime/CIME/case/case.py,Case.initialize_derived_attributes,python,228,EnvMachPes.get_tasks_per_node,273
./models/01_CTSM/cime/CIME/case/case.py,Case.initialize_derived_attributes,python,228,EnvMachPes.get_total_nodes,276
./models/01_CTSM/cime/CIME/case/case.py,Case.check_timestamps,python,401,GenericXML.check_timestamp,404
./models/01_CTSM/cime/CIME/case/case.py,Case.check_timestamps,python,401,GenericXML.check_timestamp,407
./models/01_CTSM/cime/CIME/case/case.py,Case.copy,python,409,Case.new_hash,426
./models/01_CTSM/cime/CIME/case/case.py,Case.flush,python,435,GenericXML.get_id,450
./models/01_CTSM/cime/CIME/case/case.py,Case.get_values,python,456,ParamGen.append,472
./models/01_CTSM/cime/CIME/case/case.py,Case.get_values,python,456,ParamGen.append,475
./models/01_CTSM/cime/CIME/case/case.py,Case.get_record_fields,python,514,ParamGen.append,533
./models/01_CTSM/cime/CIME/case/case.py,Case.get_record_fields,python,514,GenericXML.get_raw_record,533
./models/01_CTSM/cime/CIME/case/case.py,Case.get_record_fields,python,514,ParamGen.append,535
./models/01_CTSM/cime/CIME/case/case.py,Case.get_record_fields,python,514,ParamGen.append,537
./models/01_CTSM/cime/CIME/case/case.py,Case.get_record_fields,python,514,EntryID.get_groups,539
./models/01_CTSM/cime/CIME/case/case.py,Case.get_record_fields,python,514,ParamGen.append,546
./models/01_CTSM/cime/CIME/case/case.py,Case.get_record_fields,python,514,ParamGen.append,554
./models/01_CTSM/cime/CIME/case/case.py,Case.get_record_fields,python,514,GenericXML.get_raw_record,554
./models/01_CTSM/cime/CIME/case/case.py,Case.get_record_fields,python,514,EntryID.get_groups,556
./models/01_CTSM/cime/CIME/case/case.py,Case.get_record_fields,python,514,ParamGen.append,558
./models/01_CTSM/cime/CIME/case/case.py,Case._set_compset,python,673,Compsets.get_compset_match,718
./models/01_CTSM/cime/CIME/case/case.py,Case._valid_compset_impl,python,825,ParamGen.append,883
./models/01_CTSM/cime/CIME/case/case.py,Case.valid_compset,python,924,Component.get_valid_model_components,935
./models/01_CTSM/cime/CIME/case/case.py,Case.get_compset_components,python,1004,ParamGen.append,1027
./models/01_CTSM/cime/CIME/case/case.py,Case.set_comp_classes,python,1038,EnvBase.set_components,1041
./models/01_CTSM/cime/CIME/case/case.py,Case._get_component_config_data,python,1043,EntryID.add_elements_by_group,1057
./models/01_CTSM/cime/CIME/case/case.py,Case._get_component_config_data,python,1043,EntryID.add_elements_by_group,1062
./models/01_CTSM/cime/CIME/case/case.py,Case._get_component_config_data,python,1043,Component.get_forcing_description,1077
./models/01_CTSM/cime/CIME/case/case.py,Case._get_component_config_data,python,1043,EntryID.add_elements_by_group,1087
./models/01_CTSM/cime/CIME/case/case.py,Case._get_component_config_data,python,1043,Component.get_valid_model_components,1093
./models/01_CTSM/cime/CIME/case/case.py,Case._get_component_config_data,python,1043,EntryID.add_elements_by_group,1150
./models/01_CTSM/cime/CIME/case/case.py,Case._setup_mach_pes,python,1153,GenericXML.get_id,1160
./models/01_CTSM/cime/CIME/case/case.py,Case._setup_mach_pes,python,1153,Pes.find_pes_layout,1195
./models/01_CTSM/cime/CIME/case/case.py,Case._setup_mach_pes,python,1153,Pes.find_pes_layout,1205
./models/01_CTSM/cime/CIME/case/case.py,Case._setup_mach_pes,python,1153,Pes.find_pes_layout,1217
./models/01_CTSM/cime/CIME/case/case.py,Case._setup_mach_pes,python,1153,EnvMachPes.add_comment,1240
./models/01_CTSM/cime/CIME/case/case.py,Case._setup_mach_pes,python,1153,ParamGen.append,1274
./models/01_CTSM/cime/CIME/case/case.py,Case.configure,python,1299,Grids.get_grid_info,1349
./models/01_CTSM/cime/CIME/case/case.py,Case.configure,python,1299,Machines.probe_machine_name,1382
./models/01_CTSM/cime/CIME/case/case.py,Case.configure,python,1299,Machines.get_node_names,1394
./models/01_CTSM/cime/CIME/case/case.py,Case.configure,python,1299,Machines.get_machines_dir,1467
./models/01_CTSM/cime/CIME/case/case.py,Case.configure,python,1299,EntryID.add_elements_by_group,1603
./models/01_CTSM/cime/CIME/case/case.py,Case.configure,python,1299,Workflow.get_workflow_jobs,1607
./models/01_CTSM/cime/CIME/case/case.py,Case.configure,python,1299,EnvBatch.set_job_defaults,1620
./models/01_CTSM/cime/CIME/case/case.py,Case.configure,python,1299,EnvBatch.get_submit_args,1626
./models/01_CTSM/cime/CIME/case/case.py,Case.set_initial_test_values,python,1657,EnvTest.set_initial_values,1659
./models/01_CTSM/cime/CIME/case/case.py,Case._set_pio_xml,python,1665,PIO.get_defaults,1673
./models/01_CTSM/cime/CIME/case/case.py,Case._create_caseroot_tools,python,1680,ParamGen.append,1719
./models/01_CTSM/cime/CIME/case/case.py,Case._create_caseroot_tools,python,1680,ParamGen.append,1720
./models/01_CTSM/cime/CIME/case/case.py,Case._create_caseroot_sourcemods,python,1759,IndentFormatter.format,1802
./models/01_CTSM/cime/CIME/case/case.py,Case.apply_user_mods,python,1908,ParamGen.append,1923
./models/01_CTSM/cime/CIME/case/case.py,Case.apply_user_mods,python,1908,ParamGen.append,1927
./models/01_CTSM/cime/CIME/case/case.py,Case.cancel_batch_jobs,python,2027,EnvBatch.cancel_job,2030
./models/01_CTSM/cime/CIME/case/case.py,Case.get_mpirun_cmd,python,2034,EnvMachSpecific.get_aprun_mode,2075
./models/01_CTSM/cime/CIME/case/case.py,Case.get_mpirun_cmd,python,2034,EnvMachSpecific.get_aprun_args,2084
./models/01_CTSM/cime/CIME/case/case.py,Case._check_testlists,python,2160,Testlist.get_tests,2180
./models/01_CTSM/cime/CIME/case/case.py,Case.set_file,python,2211,GenericXML.get_id,2221
./models/01_CTSM/cime/CIME/case/case.py,Case.record_cmd,python,2308,ParamGen.append,2319
./models/01_CTSM/cime/CIME/case/case.py,Case.record_cmd,python,2308,ParamGen.append,2322
./models/01_CTSM/cime/CIME/case/case.py,Case.record_cmd,python,2308,ParamGen.append,2323
./models/01_CTSM/cime/CIME/case/case.py,Case.record_cmd,python,2308,ParamGen.append,2324
./models/01_CTSM/cime/CIME/case/case.py,Case.record_cmd,python,2308,ParamGen.append,2325
./models/01_CTSM/cime/CIME/case/case.py,Case.create,python,2384,ConfigBase.load,2425
./models/01_CTSM/cime/CIME/case/case.py,Case.preview_run,python,2546,EnvBatch.get_job_overrides,2577
./models/01_CTSM/cime/CIME/case/case_clone.py,create_clone,python,14,Case.create_caseroot,127
./models/01_CTSM/cime/CIME/case/case_clone.py,create_clone,python,14,GenericXML.read,219
./models/01_CTSM/cime/CIME/case/case_cmpgen_namelists.py,_do_full_nl_gen,python,106,_do_full_nl_gen_impl,108
./models/01_CTSM/cime/CIME/case/case_cmpgen_namelists.py,case_cmpgen_namelists,python,111,_do_full_nl_comp,165
./models/01_CTSM/cime/CIME/case/case_cmpgen_namelists.py,case_cmpgen_namelists,python,111,_do_full_nl_gen,175
./models/01_CTSM/cime/CIME/case/case_cmpgen_namelists.py,case_cmpgen_namelists,python,111,TestStatus.set_status,178
./models/01_CTSM/cime/CIME/case/case_cmpgen_namelists.py,case_cmpgen_namelists,python,111,TestStatus.set_status,185
./models/01_CTSM/cime/CIME/case/case_run.py,_pre_run_check,python,21,create_namelists,26
./models/01_CTSM/cime/CIME/case/case_run.py,_pre_run_check,python,21,create_namelists,75
./models/01_CTSM/cime/CIME/case/case_run.py,_pre_run_check,python,21,create_namelists,78
./models/01_CTSM/cime/CIME/case/case_run.py,_run_model_impl,python,100,_pre_run_check,108
./models/01_CTSM/cime/CIME/case/case_run.py,_run_model_impl,python,100,Case.read_xml,200
./models/01_CTSM/cime/CIME/case/case_run.py,_run_model_impl,python,100,case_st_archive,248
./models/01_CTSM/cime/CIME/case/case_run.py,_run_model_impl,python,100,restore_from_archive,249
./models/01_CTSM/cime/CIME/case/case_run.py,_run_model_impl,python,100,create_namelists,252
./models/01_CTSM/cime/CIME/case/case_run.py,_run_model_impl,python,100,_post_run_check,268
./models/01_CTSM/cime/CIME/case/case_run.py,_run_model,python,279,_run_model_impl,281
./models/01_CTSM/cime/CIME/case/case_run.py,_post_run_check,python,302,ParamGen.append,325
./models/01_CTSM/cime/CIME/case/case_run.py,_post_run_check,python,302,ParamGen.append,329
./models/01_CTSM/cime/CIME/case/case_run.py,_post_run_check,python,302,ParamGen.append,335
./models/01_CTSM/cime/CIME/case/case_run.py,_post_run_check,python,302,GenericXML.read,349
./models/01_CTSM/cime/CIME/case/case_run.py,_resubmit_check,python,367,Case.get_primary_job,393
./models/01_CTSM/cime/CIME/case/case_run.py,_resubmit_check,python,367,submit,395
./models/01_CTSM/cime/CIME/case/case_run.py,case_run,python,438,_do_external,458
./models/01_CTSM/cime/CIME/case/case_run.py,case_run,python,438,_run_model,498
./models/01_CTSM/cime/CIME/case/case_run.py,case_run,python,438,_do_data_assimilation,536
./models/01_CTSM/cime/CIME/case/case_run.py,case_run,python,438,_save_logs,552
./models/01_CTSM/cime/CIME/case/case_run.py,case_run,python,438,_do_external,581
./models/01_CTSM/cime/CIME/case/case_run.py,case_run,python,438,_save_logs,589
./models/01_CTSM/cime/CIME/case/case_run.py,case_run,python,438,_resubmit_check,605
./models/01_CTSM/cime/CIME/case/case_setup.py,_build_usernl_files,python,35,_get_user_nl_list,79
./models/01_CTSM/cime/CIME/case/case_setup.py,_create_macros,python,177,Case.read_xml,202
./models/01_CTSM/cime/CIME/case/case_setup.py,_create_macros,python,177,_create_macros_cmake,206
./models/01_CTSM/cime/CIME/case/case_setup.py,_case_setup_impl,python,215,Case.get_primary_job,258
./models/01_CTSM/cime/CIME/case/case_setup.py,_case_setup_impl,python,215,Case.read_xml,293
./models/01_CTSM/cime/CIME/case/case_setup.py,_case_setup_impl,python,215,_create_macros,299
./models/01_CTSM/cime/CIME/case/case_setup.py,_case_setup_impl,python,215,Case.get_primary_job,347
./models/01_CTSM/cime/CIME/case/case_setup.py,_case_setup_impl,python,215,Case.initialize_derived_attributes,352
./models/01_CTSM/cime/CIME/case/case_setup.py,_case_setup_impl,python,215,Case.initialize_derived_attributes,367
./models/01_CTSM/cime/CIME/case/case_setup.py,_case_setup_impl,python,215,EnvBatch.set_job_defaults,436
./models/01_CTSM/cime/CIME/case/case_setup.py,_case_setup_impl,python,215,Case.get_primary_job,436
./models/01_CTSM/cime/CIME/case/case_setup.py,_case_setup_impl,python,215,EnvBatch.make_all_batch_files,439
./models/01_CTSM/cime/CIME/case/case_setup.py,_case_setup_impl,python,215,EnvBatch.make_batch_script,447
./models/01_CTSM/cime/CIME/case/case_setup.py,_case_setup_impl,python,215,_build_usernl_files,474
./models/01_CTSM/cime/CIME/case/case_setup.py,_case_setup_impl,python,215,_build_usernl_files,492
./models/01_CTSM/cime/CIME/case/case_setup.py,_case_setup_impl,python,215,create_dirs,495
./models/01_CTSM/cime/CIME/case/case_setup.py,_case_setup_impl,python,215,create_namelists,506
./models/01_CTSM/cime/CIME/case/case_setup.py,_case_setup_impl,python,215,EnvMachSpecific.get_overrides_nodes,511
./models/01_CTSM/cime/CIME/case/case_setup.py,_case_setup_impl,python,215,EnvMachSpecific.make_env_mach_specific_file,513
./models/01_CTSM/cime/CIME/case/case_setup.py,_case_setup_impl,python,215,EnvMachSpecific.make_env_mach_specific_file,514
./models/01_CTSM/cime/CIME/case/case_setup.py,_case_setup_impl,python,215,EnvMachSpecific.save_all_env_info,516
./models/01_CTSM/cime/CIME/case/case_setup.py,case_setup,python,524,_case_setup_impl,530
./models/01_CTSM/cime/CIME/case/case_setup.py,case_setup,python,524,TestStatus.set_status,554
./models/01_CTSM/cime/CIME/case/case_setup.py,case_setup,python,524,TestStatus.set_status,558
./models/01_CTSM/cime/CIME/case/case_setup.py,case_setup,python,524,TestStatus.set_status,560
./models/01_CTSM/cime/CIME/case/case_st_archive.py,_get_datenames,python,42,ParamGen.append,67
./models/01_CTSM/cime/CIME/case/case_st_archive.py,_datetime_str,python,71,IndentFormatter.format,83
./models/01_CTSM/cime/CIME/case/case_st_archive.py,_datetime_str,python,71,date.year,84
./models/01_CTSM/cime/CIME/case/case_st_archive.py,_datetime_str,python,71,date.month,85
./models/01_CTSM/cime/CIME/case/case_st_archive.py,_datetime_str,python,71,date.day,86
./models/01_CTSM/cime/CIME/case/case_st_archive.py,_datetime_str,python,71,date.second_of_day,87
./models/01_CTSM/cime/CIME/case/case_st_archive.py,_datetime_str_mpas,python,91,IndentFormatter.format,105
./models/01_CTSM/cime/CIME/case/case_st_archive.py,_datetime_str_mpas,python,91,date.year,106
./models/01_CTSM/cime/CIME/case/case_st_archive.py,_datetime_str_mpas,python,91,date.month,107
./models/01_CTSM/cime/CIME/case/case_st_archive.py,_datetime_str_mpas,python,91,date.day,108
./models/01_CTSM/cime/CIME/case/case_st_archive.py,_datetime_str_mpas,python,91,date.hour,109
./models/01_CTSM/cime/CIME/case/case_st_archive.py,_datetime_str_mpas,python,91,date.minute,110
./models/01_CTSM/cime/CIME/case/case_st_archive.py,_datetime_str_mpas,python,91,date.second,111
./models/01_CTSM/cime/CIME/case/case_st_archive.py,_get_ninst_info,python,116,ParamGen.append,129
./models/01_CTSM/cime/CIME/case/case_st_archive.py,_get_component_archive_entries,python,140,ArchiveBase.get_entry,149
./models/01_CTSM/cime/CIME/case/case_st_archive.py,_archive_rpointer_files,python,159,_datetime_str,185
./models/01_CTSM/cime/CIME/case/case_st_archive.py,_archive_rpointer_files,python,159,_datetime_str,222
./models/01_CTSM/cime/CIME/case/case_st_archive.py,_archive_rpointer_files,python,159,_datetime_str,235
./models/01_CTSM/cime/CIME/case/case_st_archive.py,_archive_rpointer_files,python,159,_datetime_str_mpas,236
./models/01_CTSM/cime/CIME/case/case_st_archive.py,_archive_log_files,python,262,_get_archive_fn_desc,285
./models/01_CTSM/cime/CIME/case/case_st_archive.py,_archive_history_files,python,292,_get_archive_fn_desc,337
./models/01_CTSM/cime/CIME/case/case_st_archive.py,_archive_history_files,python,292,_get_archive_fn_desc,353
./models/01_CTSM/cime/CIME/case/case_st_archive.py,_archive_history_files,python,292,ArchiveBase.get_all_hist_files,362
./models/01_CTSM/cime/CIME/case/case_st_archive.py,_archive_history_files,python,292,_get_archive_fn_desc,380
./models/01_CTSM/cime/CIME/case/case_st_archive.py,get_histfiles_for_restarts,python,387,ArchiveBase.get_entry_value,399
./models/01_CTSM/cime/CIME/case/case_st_archive.py,get_histfiles_for_restarts,python,387,Foo.add,435
./models/01_CTSM/cime/CIME/case/case_st_archive.py,_archive_restarts_date,python,446,Case.get_compset_components,476
./models/01_CTSM/cime/CIME/case/case_st_archive.py,_archive_restarts_date,python,446,ParamGen.append,477
./models/01_CTSM/cime/CIME/case/case_st_archive.py,_archive_restarts_date,python,446,ParamGen.append,478
./models/01_CTSM/cime/CIME/case/case_st_archive.py,_archive_restarts_date,python,446,_get_component_archive_entries,482
./models/01_CTSM/cime/CIME/case/case_st_archive.py,_archive_restarts_date,python,446,_archive_restarts_date_comp,489
./models/01_CTSM/cime/CIME/case/case_st_archive.py,_archive_restarts_date_comp,python,511,_datetime_str,536
./models/01_CTSM/cime/CIME/case/case_st_archive.py,_archive_restarts_date_comp,python,511,_archive_rpointer_files,544
./models/01_CTSM/cime/CIME/case/case_st_archive.py,_archive_restarts_date_comp,python,511,_get_ninst_info,546
./models/01_CTSM/cime/CIME/case/case_st_archive.py,_archive_restarts_date_comp,python,511,ArchiveBase.get_rest_file_extensions,573
./models/01_CTSM/cime/CIME/case/case_st_archive.py,_archive_restarts_date_comp,python,511,get_histfiles_for_restarts,622
./models/01_CTSM/cime/CIME/case/case_st_archive.py,_archive_restarts_date_comp,python,511,ParamGen.append,629
./models/01_CTSM/cime/CIME/case/case_st_archive.py,_archive_restarts_date_comp,python,511,_get_archive_fn_desc,669
./models/01_CTSM/cime/CIME/case/case_st_archive.py,_archive_process,python,849,Case.get_compset_components,875
./models/01_CTSM/cime/CIME/case/case_st_archive.py,_archive_process,python,849,ParamGen.append,876
./models/01_CTSM/cime/CIME/case/case_st_archive.py,_archive_process,python,849,ParamGen.append,877
./models/01_CTSM/cime/CIME/case/case_st_archive.py,_archive_process,python,849,_get_archive_file_fn,879
./models/01_CTSM/cime/CIME/case/case_st_archive.py,_archive_process,python,849,_archive_log_files,882
./models/01_CTSM/cime/CIME/case/case_st_archive.py,_archive_process,python,849,_get_datenames,885
./models/01_CTSM/cime/CIME/case/case_st_archive.py,_archive_process,python,849,_datetime_str,895
./models/01_CTSM/cime/CIME/case/case_st_archive.py,_archive_process,python,849,_archive_restarts_date,897
./models/01_CTSM/cime/CIME/case/case_st_archive.py,_archive_process,python,849,_get_component_archive_entries,917
./models/01_CTSM/cime/CIME/case/case_st_archive.py,_archive_process,python,849,_archive_history_files,930
./models/01_CTSM/cime/CIME/case/case_st_archive.py,archive_last_restarts,python,988,_get_datenames,1007
./models/01_CTSM/cime/CIME/case/case_st_archive.py,archive_last_restarts,python,988,_get_archive_file_fn,1013
./models/01_CTSM/cime/CIME/case/case_st_archive.py,archive_last_restarts,python,988,_archive_restarts_date,1015
./models/01_CTSM/cime/CIME/case/case_st_archive.py,case_st_archive,python,1030,_archive_process,1078
./models/01_CTSM/cime/CIME/case/case_st_archive.py,case_st_archive,python,1030,GenericXML.read,1106
./models/01_CTSM/cime/CIME/case/case_st_archive.py,test_st_archive,python,1119,Archive.get_all_config_archive_files,1125
./models/01_CTSM/cime/CIME/case/case_st_archive.py,test_st_archive,python,1119,Files.get_schema,1133
./models/01_CTSM/cime/CIME/case/case_st_archive.py,test_st_archive,python,1119,GenericXML.read,1135
./models/01_CTSM/cime/CIME/case/case_st_archive.py,test_st_archive,python,1119,ParamGen.append,1138
./models/01_CTSM/cime/CIME/case/case_st_archive.py,test_st_archive,python,1119,GenericXML.get_optional_child,1139
./models/01_CTSM/cime/CIME/case/case_st_archive.py,test_st_archive,python,1119,_archive_process,1156
./models/01_CTSM/cime/CIME/case/case_st_archive.py,test_st_archive,python,1119,_check_disposition,1169
./models/01_CTSM/cime/CIME/case/case_st_archive.py,test_st_archive,python,1119,restore_from_archive,1175
./models/01_CTSM/cime/CIME/case/case_st_archive.py,test_env_archive,python,1192,ParamGen.append,1217
./models/01_CTSM/cime/CIME/case/case_st_archive.py,test_env_archive,python,1192,GenericXML.get_optional_child,1242
./models/01_CTSM/cime/CIME/case/case_st_archive.py,test_env_archive,python,1192,ParamGen.append,1262
./models/01_CTSM/cime/CIME/case/case_st_archive.py,test_env_archive,python,1192,_archive_process,1264
./models/01_CTSM/cime/CIME/case/case_st_archive.py,test_env_archive,python,1192,_check_disposition,1277
./models/01_CTSM/cime/CIME/case/case_st_archive.py,test_env_archive,python,1192,restore_from_archive,1283
./models/01_CTSM/cime/CIME/case/case_st_archive.py,_check_disposition,python,1300,ParamGen.append,1321
./models/01_CTSM/cime/CIME/case/case_submit.py,_submit,python,32,Case.get_first_job,49
./models/01_CTSM/cime/CIME/case/case_submit.py,_submit,python,32,EnvBatch.get_batch_system_type,98
./models/01_CTSM/cime/CIME/case/case_submit.py,_submit,python,32,EnvBatch.get_batch_system_type,104
./models/01_CTSM/cime/CIME/case/case_submit.py,_submit,python,32,EnvBatch.make_all_batch_files,126
./models/01_CTSM/cime/CIME/case/case_submit.py,_submit,python,32,EnvBatch.get_batch_system_type,150
./models/01_CTSM/cime/CIME/case/case_submit.py,_submit,python,32,EnvBatch.get_batch_system_type,160
./models/01_CTSM/cime/CIME/case/case_submit.py,_submit,python,32,EnvBatch.make_all_batch_files,168
./models/01_CTSM/cime/CIME/case/case_submit.py,_submit,python,32,check_case,174
./models/01_CTSM/cime/CIME/case/case_submit.py,_submit,python,32,Case.get_primary_job,176
./models/01_CTSM/cime/CIME/case/case_submit.py,_submit,python,32,check_DA_settings,177
./models/01_CTSM/cime/CIME/case/case_submit.py,_submit,python,32,ParamGen.append,201
./models/01_CTSM/cime/CIME/case/case_submit.py,_submit,python,32,ParamGen.append,206
./models/01_CTSM/cime/CIME/case/case_submit.py,submit,python,215,TestStatus.set_status,250
./models/01_CTSM/cime/CIME/case/case_submit.py,submit,python,215,GenericXML.read,257
./models/01_CTSM/cime/CIME/case/case_submit.py,submit,python,215,_submit,270
./models/01_CTSM/cime/CIME/case/case_submit.py,submit,python,215,TestStatus.set_status,299
./models/01_CTSM/cime/CIME/case/case_test.py,_signal_handler,python,23,_iter_signal_names,25
./models/01_CTSM/cime/CIME/case/case_test.py,case_test,python,55,_set_up_signal_handlers,62
./models/01_CTSM/cime/CIME/case/case_test.py,case_test,python,55,TestStatus.set_status,73
./models/01_CTSM/cime/CIME/case/case_test.py,case_test,python,55,SystemTestsCommon.run,82
./models/01_CTSM/cime/CIME/case/check_input_data.py,_download_checksum_file,python,17,Inputdata.get_next_server,26
./models/01_CTSM/cime/CIME/case/check_input_data.py,_download_checksum_file,python,17,_reformat_chksum_file,71
./models/01_CTSM/cime/CIME/case/check_input_data.py,_download_checksum_file,python,17,_merge_chksum_files,73
./models/01_CTSM/cime/CIME/case/check_input_data.py,_check_all_input_data_impl,python,171,_download_checksum_file,192
./models/01_CTSM/cime/CIME/case/check_input_data.py,_check_all_input_data_impl,python,171,_downloadfromserver,199
./models/01_CTSM/cime/CIME/case/check_input_data.py,_check_all_input_data_impl,python,171,_download_checksum_file,216
./models/01_CTSM/cime/CIME/case/check_input_data.py,_check_all_input_data_impl,python,171,_downloadfromserver,217
./models/01_CTSM/cime/CIME/case/check_input_data.py,check_all_input_data,python,227,_check_all_input_data_impl,244
./models/01_CTSM/cime/CIME/case/check_input_data.py,_downloadfromserver,python,249,Inputdata.get_next_server,260
./models/01_CTSM/cime/CIME/case/check_input_data.py,_downloadfromserver,python,249,check_input_data,264
./models/01_CTSM/cime/CIME/case/check_input_data.py,stage_refcase,python,277,_downloadfromserver,325
./models/01_CTSM/cime/CIME/case/check_input_data.py,_check_input_data_impl,python,375,_download_if_in_repo,501
./models/01_CTSM/cime/CIME/case/check_input_data.py,_check_input_data_impl,python,375,_download_if_in_repo,542
./models/01_CTSM/cime/CIME/case/check_input_data.py,_check_input_data_impl,python,375,_download_if_in_repo,550
./models/01_CTSM/cime/CIME/case/check_input_data.py,_check_input_data_impl,python,375,verify_chksum,560
./models/01_CTSM/cime/CIME/case/check_input_data.py,_check_input_data_impl,python,375,verify_chksum,570
./models/01_CTSM/cime/CIME/case/check_input_data.py,check_input_data,python,593,_check_input_data_impl,614
./models/01_CTSM/cime/CIME/case/check_input_data.py,verify_chksum,python,628,md5,658
./models/01_CTSM/cime/CIME/case/check_input_data.py,md5,python,675,GenericXML.read,681
./models/01_CTSM/cime/CIME/case/preview_namelists.py,create_dirs,python,13,ParamGen.append,28
./models/01_CTSM/cime/CIME/case/preview_namelists.py,create_namelists,python,61,create_dirs,67
./models/01_CTSM/cime/CIME/case/preview_namelists.py,create_namelists,python,61,GenericXML.pop,84
./models/01_CTSM/cime/CIME/ParamGen/paramgen.py,ParamGen.from_xml_nml,python,119,IndentFormatter.format,174
./models/01_CTSM/cime/CIME/ParamGen/paramgen.py,ParamGen._impose_guards,python,313,ParamGen.is_guarded_dict,354
./models/01_CTSM/cime/CIME/ParamGen/paramgen.py,ParamGen._impose_guards,python,313,ParamGen.append,360
./models/01_CTSM/cime/CIME/ParamGen/paramgen.py,ParamGen._reduce_recursive,python,373,ParamGen._expand_vars,382
./models/01_CTSM/cime/CIME/ParamGen/paramgen.py,ParamGen._reduce_recursive,python,373,ParamGen.is_guarded_dict,386
./models/01_CTSM/cime/CIME/ParamGen/paramgen.py,ParamGen._reduce_recursive,python,373,ParamGen._expand_vars,398
./models/01_CTSM/cime/CIME/ParamGen/paramgen_utils.py,get_expandable_vars,python,124,Foo.add,147
./models/01_CTSM/cime/CIME/ParamGen/paramgen_utils.py,eval_formula,python,189,has_unexpanded_var,216
./models/01_CTSM/cime/CIME/ParamGen/paramgen_utils.py,eval_formula,python,189,_check_comparison_types,219
./models/01_CTSM/cime/CIME/scripts/create_clone.py,<module>,python,,_main_func,171
./models/01_CTSM/cime/CIME/scripts/create_clone.py,parse_command_line,python,12,setup_standard_logging_options,16
./models/01_CTSM/cime/CIME/scripts/create_clone.py,parse_command_line,python,12,parse_args_and_handle_standard_logging_options,98
./models/01_CTSM/cime/CIME/scripts/create_clone.py,_main_func,python,126,parse_command_line,139
./models/01_CTSM/cime/CIME/scripts/create_newcase.py,<module>,python,,_main_func,451
./models/01_CTSM/cime/CIME/scripts/create_newcase.py,parse_command_line,python,23,setup_standard_logging_options,29
./models/01_CTSM/cime/CIME/scripts/create_newcase.py,parse_command_line,python,23,get_src_root,31
./models/01_CTSM/cime/CIME/scripts/create_newcase.py,parse_command_line,python,23,parse_args_and_handle_standard_logging_options,267
./models/01_CTSM/cime/CIME/scripts/create_newcase.py,parse_command_line,python,23,check_name,295
./models/01_CTSM/cime/CIME/scripts/create_newcase.py,_main_func,python,346,get_cime_root,348
./models/01_CTSM/cime/CIME/scripts/create_newcase.py,_main_func,python,346,parse_command_line,378
./models/01_CTSM/cime/CIME/scripts/create_newcase.py,_main_func,python,346,Case.create,415
./models/01_CTSM/cime/CIME/scripts/create_newcase.py,_main_func,python,346,Case.record_cmd,445
./models/01_CTSM/cime/CIME/scripts/create_test.py,<module>,python,,_main_func,1183
./models/01_CTSM/cime/CIME/scripts/create_test.py,parse_command_line,python,52,setup_standard_logging_options,61
./models/01_CTSM/cime/CIME/scripts/create_test.py,parse_command_line,python,52,get_default_setting,89
./models/01_CTSM/cime/CIME/scripts/create_test.py,parse_command_line,python,52,get_default_setting,115
./models/01_CTSM/cime/CIME/scripts/create_test.py,parse_command_line,python,52,get_default_setting,125
./models/01_CTSM/cime/CIME/scripts/create_test.py,parse_command_line,python,52,get_default_setting,135
./models/01_CTSM/cime/CIME/scripts/create_test.py,parse_command_line,python,52,get_default_setting,141
./models/01_CTSM/cime/CIME/scripts/create_test.py,parse_command_line,python,52,get_default_setting,150
./models/01_CTSM/cime/CIME/scripts/create_test.py,parse_command_line,python,52,get_default_setting,160
./models/01_CTSM/cime/CIME/scripts/create_test.py,parse_command_line,python,52,get_default_setting,174
./models/01_CTSM/cime/CIME/scripts/create_test.py,parse_command_line,python,52,get_default_setting,268
./models/01_CTSM/cime/CIME/scripts/create_test.py,parse_command_line,python,52,get_default_setting,305
./models/01_CTSM/cime/CIME/scripts/create_test.py,parse_command_line,python,52,get_default_setting,316
./models/01_CTSM/cime/CIME/scripts/create_test.py,parse_command_line,python,52,get_default_setting,328
./models/01_CTSM/cime/CIME/scripts/create_test.py,parse_command_line,python,52,get_default_setting,337
./models/01_CTSM/cime/CIME/scripts/create_test.py,parse_command_line,python,52,get_default_setting,350
./models/01_CTSM/cime/CIME/scripts/create_test.py,parse_command_line,python,52,get_default_setting,354
./models/01_CTSM/cime/CIME/scripts/create_test.py,parse_command_line,python,52,get_default_setting,382
./models/01_CTSM/cime/CIME/scripts/create_test.py,parse_command_line,python,52,get_default_setting,391
./models/01_CTSM/cime/CIME/scripts/create_test.py,parse_command_line,python,52,get_default_setting,428
./models/01_CTSM/cime/CIME/scripts/create_test.py,parse_command_line,python,52,get_default_setting,437
./models/01_CTSM/cime/CIME/scripts/create_test.py,parse_command_line,python,52,get_default_setting,446
./models/01_CTSM/cime/CIME/scripts/create_test.py,parse_command_line,python,52,get_default_setting,455
./models/01_CTSM/cime/CIME/scripts/create_test.py,parse_command_line,python,52,get_default_setting,464
./models/01_CTSM/cime/CIME/scripts/create_test.py,parse_command_line,python,52,add_mail_type_args,512
./models/01_CTSM/cime/CIME/scripts/create_test.py,parse_command_line,python,52,parse_args_and_handle_standard_logging_options,514
./models/01_CTSM/cime/CIME/scripts/create_test.py,parse_command_line,python,52,resolve_mail_type_args,516
./models/01_CTSM/cime/CIME/scripts/create_test.py,parse_command_line,python,52,get_timestamp,600
./models/01_CTSM/cime/CIME/scripts/create_test.py,parse_command_line,python,52,id_generator,600
./models/01_CTSM/cime/CIME/scripts/create_test.py,parse_command_line,python,52,check_name,603
./models/01_CTSM/cime/CIME/scripts/create_test.py,parse_command_line,python,52,GenericXML.read,612
./models/01_CTSM/cime/CIME/scripts/create_test.py,parse_command_line,python,52,parse_test_name,629
./models/01_CTSM/cime/CIME/scripts/create_test.py,parse_command_line,python,52,Machines.has_batch_system,706
./models/01_CTSM/cime/CIME/scripts/create_test.py,parse_command_line,python,52,get_current_branch,728
./models/01_CTSM/cime/CIME/scripts/create_test.py,parse_command_line,python,52,get_cime_root,728
./models/01_CTSM/cime/CIME/scripts/create_test.py,single_submit_impl,python,819,Machines.has_batch_system,825
./models/01_CTSM/cime/CIME/scripts/create_test.py,single_submit_impl,python,819,ParamGen.append,837
./models/01_CTSM/cime/CIME/scripts/create_test.py,single_submit_impl,python,819,ParamGen.append,838
./models/01_CTSM/cime/CIME/scripts/create_test.py,single_submit_impl,python,819,ParamGen.append,851
./models/01_CTSM/cime/CIME/scripts/create_test.py,single_submit_impl,python,819,ParamGen.append,853
./models/01_CTSM/cime/CIME/scripts/create_test.py,single_submit_impl,python,819,ParamGen.append,855
./models/01_CTSM/cime/CIME/scripts/create_test.py,single_submit_impl,python,819,EnvBatch.get_submit_args,869
./models/01_CTSM/cime/CIME/scripts/create_test.py,single_submit_impl,python,819,EnvBatch.select_best_queue,879
./models/01_CTSM/cime/CIME/scripts/create_test.py,single_submit_impl,python,819,EnvBatch.get_queue_specs,880
./models/01_CTSM/cime/CIME/scripts/create_test.py,single_submit_impl,python,819,EnvBatch.get_batch_directives,896
./models/01_CTSM/cime/CIME/scripts/create_test.py,create_test,python,918,TestScheduler.run_tests,1011
./models/01_CTSM/cime/CIME/scripts/create_test.py,create_test,python,918,TestScheduler._get_test_dir,1027
./models/01_CTSM/cime/CIME/scripts/create_test.py,create_test,python,918,TestScheduler._get_procs_needed,1028
./models/01_CTSM/cime/CIME/scripts/create_test.py,create_test,python,918,single_submit_impl,1045
./models/01_CTSM/cime/CIME/scripts/create_test.py,_main_func,python,1060,parse_command_line,1115
./models/01_CTSM/cime/CIME/scripts/create_test.py,_main_func,python,1060,create_test,1122
./models/01_CTSM/cime/CIME/scripts/query_config.py,<module>,python,,_main_func,384
./models/01_CTSM/cime/CIME/scripts/query_config.py,_main_func,python,30,parse_command_line,31
./models/01_CTSM/cime/CIME/scripts/query_config.py,_main_func,python,30,query_grids,34
./models/01_CTSM/cime/CIME/scripts/query_config.py,_main_func,python,30,query_compsets,37
./models/01_CTSM/cime/CIME/scripts/query_config.py,_main_func,python,30,query_component_settings,40
./models/01_CTSM/cime/CIME/scripts/query_config.py,_main_func,python,30,query_machines,43
./models/01_CTSM/cime/CIME/scripts/query_config.py,parse_command_line,python,46,get_compset_active_components,49
./models/01_CTSM/cime/CIME/scripts/query_config.py,parse_command_line,python,46,get_components,52
./models/01_CTSM/cime/CIME/scripts/query_config.py,parse_command_line,python,46,Machines.list_available_machines,63
./models/01_CTSM/cime/CIME/scripts/query_config.py,get_components,python,169,get_component_classes,173
./models/01_CTSM/cime/CIME/scripts/query_config.py,get_component_classes,python,183,Component.get_valid_model_components,188
./models/01_CTSM/cime/CIME/scripts/query_config.py,query_grids,python,191,GenericXML.get_raw_record,202
./models/01_CTSM/cime/CIME/scripts/query_config.py,query_compsets,python,207,print_compset,213
./models/01_CTSM/cime/CIME/scripts/query_config.py,query_compsets,python,207,print_compset,215
./models/01_CTSM/cime/CIME/scripts/query_config.py,print_compset,python,218,GenericXML.get_raw_record,250
./models/01_CTSM/cime/CIME/scripts/query_config.py,query_component_settings,python,255,get_component_classes,256
./models/01_CTSM/cime/CIME/scripts/query_config.py,query_component_settings,python,255,_query_component_settings,267
./models/01_CTSM/cime/CIME/scripts/query_config.py,query_component_settings,python,255,_query_component_settings,269
./models/01_CTSM/cime/CIME/scripts/query_config.py,_query_component_settings,python,272,get_component_classes,275
./models/01_CTSM/cime/CIME/scripts/query_config.py,_query_component_settings,python,272,ParamGen.append,291
./models/01_CTSM/cime/CIME/scripts/query_config.py,_query_component_settings,python,272,GenericXML.get_raw_record,328
./models/01_CTSM/cime/CIME/scripts/query_config.py,query_machines,python,333,GenericXML.get_raw_record,343
./models/01_CTSM/cime/CIME/scripts/query_config.py,query_machines,python,333,Machines.set_machine,345
./models/01_CTSM/cime/CIME/scripts/query_config.py,query_machines,python,333,GenericXML.get_raw_record,348
./models/01_CTSM/cime/CIME/scripts/query_config.py,query_machines,python,333,print_machine_values,354
./models/01_CTSM/cime/CIME/scripts/query_config.py,print_machine_values,python,357,Machines.probe_machine_name,369
./models/01_CTSM/cime/CIME/scripts/query_config.py,print_machine_values,python,357,Machines.list_available_machines,372
./models/01_CTSM/cime/CIME/scripts/query_config.py,print_machine_values,python,357,Machines.set_machine,379
./models/01_CTSM/cime/CIME/scripts/query_testlists.py,<module>,python,,_main_func,269
./models/01_CTSM/cime/CIME/scripts/query_testlists.py,parse_command_line,python,25,setup_standard_logging_options,31
./models/01_CTSM/cime/CIME/scripts/query_testlists.py,parse_command_line,python,25,parse_args_and_handle_standard_logging_options,92
./models/01_CTSM/cime/CIME/scripts/query_testlists.py,parse_command_line,python,25,_check_argument_compatibility,94
./models/01_CTSM/cime/CIME/scripts/query_testlists.py,parse_command_line,python,25,_process_list_type,97
./models/01_CTSM/cime/CIME/scripts/query_testlists.py,_main_func,python,242,parse_command_line,244
./models/01_CTSM/cime/CIME/scripts/query_testlists.py,_main_func,python,242,count_test_data,261
./models/01_CTSM/cime/CIME/scripts/query_testlists.py,_main_func,python,242,list_test_data,263
./models/01_CTSM/cime/CIME/scripts/query_testlists.py,_main_func,python,242,print_test_data,265
./models/01_CTSM/cime/CIME/SystemTests/eri.py,ERI.run_phase,python,53,check_all_input_data,162
./models/01_CTSM/cime/CIME/SystemTests/eri.py,ERI.run_phase,python,53,_get_rest_date,178
./models/01_CTSM/cime/CIME/SystemTests/eri.py,ERI.run_phase,python,53,_helper,209
./models/01_CTSM/cime/CIME/SystemTests/eri.py,ERI.run_phase,python,53,_get_rest_date,225
./models/01_CTSM/cime/CIME/SystemTests/eri.py,ERI.run_phase,python,53,_helper,258
./models/01_CTSM/cime/CIME/SystemTests/ldsta.py,_date_to_datetime,python,21,date.year,23
./models/01_CTSM/cime/CIME/SystemTests/ldsta.py,_date_to_datetime,python,21,date.month,24
./models/01_CTSM/cime/CIME/SystemTests/ldsta.py,_date_to_datetime,python,21,date.day,25
./models/01_CTSM/cime/CIME/SystemTests/ldsta.py,_date_to_datetime,python,21,date.hour,26
./models/01_CTSM/cime/CIME/SystemTests/ldsta.py,_date_to_datetime,python,21,date.minute,27
./models/01_CTSM/cime/CIME/SystemTests/ldsta.py,_date_to_datetime,python,21,date.second,28
./models/01_CTSM/cime/CIME/SystemTests/ldsta.py,LDSTA.run_phase,python,39,_date_to_datetime,45
./models/01_CTSM/cime/CIME/SystemTests/ldsta.py,LDSTA.run_phase,python,39,_date_to_datetime,61
./models/01_CTSM/cime/CIME/SystemTests/mvk.py,<module>,python,,MVKConfig.__init__,335
./models/01_CTSM/cime/CIME/SystemTests/mvk.py,MVKConfig.generate_namelist,python,54,Namelist.set_variable_value,71
./models/01_CTSM/cime/CIME/SystemTests/mvk.py,MVKConfig.generate_namelist,python,54,Namelist.set_variable_value,72
./models/01_CTSM/cime/CIME/SystemTests/mvk.py,MVKConfig.generate_namelist,python,54,Namelist.set_variable_value,73
./models/01_CTSM/cime/CIME/SystemTests/mvk.py,MVKConfig.generate_namelist,python,54,Namelist.set_variable_value,74
./models/01_CTSM/cime/CIME/SystemTests/mvk.py,MVK.__init__,python,109,ConfigBase.load,124
./models/01_CTSM/cime/CIME/SystemTests/mvk.py,MVK.__init__,python,109,MVKConfig.__init__,127
./models/01_CTSM/cime/CIME/SystemTests/mvk.py,MVK._generate_baseline,python,183,ArchiveBase.get_all_hist_files,199
./models/01_CTSM/cime/CIME/SystemTests/mvk.py,MVK.update_testlog,python,261,Foo.capitalize,282
./models/01_CTSM/cime/CIME/SystemTests/pem.py,PEM.__init__,python,18,Case.get_compset_components,21
./models/01_CTSM/cime/CIME/SystemTests/pgn.py,PGN.build_phase,python,72,IndentFormatter.format,107
./models/01_CTSM/cime/CIME/SystemTests/pgn.py,PGN.build_phase,python,72,IndentFormatter.format,110
./models/01_CTSM/cime/CIME/SystemTests/pgn.py,PGN._compare_baseline,python,155,Foo.capitalize,233
./models/01_CTSM/cime/CIME/SystemTests/pgn.py,PGN.run_phase,python,258,IndentFormatter.format,277
./models/01_CTSM/cime/CIME/SystemTests/pgn.py,PGN._generate_baseline,python,299,IndentFormatter.format,321
./models/01_CTSM/cime/CIME/SystemTests/pgn.py,PGN._generate_baseline,python,299,IndentFormatter.format,329
./models/01_CTSM/cime/CIME/SystemTests/pre.py,PRE._case_two_setup,python,49,ParamGen.append,68
./models/01_CTSM/cime/CIME/SystemTests/system_tests_common.py,fix_single_exe_case,python,51,is_single_exe_case,62
./models/01_CTSM/cime/CIME/SystemTests/system_tests_common.py,SystemTestsCommon._resetup_case,python,324,fix_single_exe_case,342
./models/01_CTSM/cime/CIME/SystemTests/system_tests_common.py,SystemTestsCommon._check_for_memleak,python,826,perf_check_for_memory_leak,840
./models/01_CTSM/cime/CIME/SystemTests/system_tests_common.py,SystemTestsCommon._check_for_memleak,python,826,perf_check_for_memory_leak,844
./models/01_CTSM/cime/CIME/SystemTests/system_tests_common.py,TESTRUNPASS.build_phase,python,1105,FakeTest.build_phase,1117
./models/01_CTSM/cime/CIME/SystemTests/system_tests_common.py,TESTRUNDIFF.build_phase,python,1129,FakeTest.build_phase,1145
./models/01_CTSM/cime/CIME/SystemTests/system_tests_common.py,TESTRUNFAIL.build_phase,python,1176,FakeTest.build_phase,1194
./models/01_CTSM/cime/CIME/SystemTests/system_tests_common.py,TESTRUNFAILRESET.run_indv,python,1207,EnvTest.get_test_parameter,1218
./models/01_CTSM/cime/CIME/SystemTests/system_tests_common.py,TESTBUILDFAIL.build_phase,python,1244,TESTRUNPASS.build_phase,1246
./models/01_CTSM/cime/CIME/SystemTests/system_tests_common.py,TESTBUILDFAILEXC.__init__,python,1261,FakeTest.__init__,1262
./models/01_CTSM/cime/CIME/SystemTests/system_tests_common.py,TESTRUNUSERXMLCHANGE.build_phase,python,1267,FakeTest.build_phase,1288
./models/01_CTSM/cime/CIME/SystemTests/system_tests_common.py,TESTRUNSLOWPASS.build_phase,python,1295,FakeTest.build_phase,1308
./models/01_CTSM/cime/CIME/SystemTests/system_tests_common.py,TESTMEMLEAKFAIL.build_phase,python,1312,FakeTest.build_phase,1325
./models/01_CTSM/cime/CIME/SystemTests/system_tests_common.py,TESTMEMLEAKPASS.build_phase,python,1329,FakeTest.build_phase,1342
./models/01_CTSM/cime/CIME/SystemTests/test_mods.py,find_test_mods,python,12,ParamGen.append,79
./models/01_CTSM/cime/CIME/SystemTests/tsc.py,TSC._run_with_specified_dtime,python,90,IndentFormatter.format,113
./models/01_CTSM/cime/CIME/SystemTests/tsc.py,TSC._run_with_specified_dtime,python,90,IndentFormatter.format,117
./models/01_CTSM/cime/CIME/SystemTests/tsc.py,TSC._compare_baseline,python,157,TestStatus.set_status,159
./models/01_CTSM/cime/CIME/SystemTests/tsc.py,TSC._compare_baseline,python,157,Foo.capitalize,222
./models/01_CTSM/cime/CIME/SystemTests/tsc.py,TSC._generate_baseline,python,248,ArchiveBase.get_all_hist_files,261
./models/01_CTSM/cime/CIME/SystemTests/test_utils/user_nl_utils.py,append_to_user_nl_files,python,9,_get_list_of_user_nl_files,35
./models/01_CTSM/cime/CIME/tests/base.py,BaseTestCase.tearDown,python,69,ParamGen.append,81
./models/01_CTSM/cime/CIME/tests/base.py,BaseTestCase.tearDown,python,69,ParamGen.append,85
./models/01_CTSM/cime/CIME/tests/base.py,BaseTestCase._create_test,python,199,ParamGen.append,214
./models/01_CTSM/cime/CIME/tests/base.py,BaseTestCase._create_test,python,199,ParamGen.append,223
./models/01_CTSM/cime/CIME/tests/base.py,BaseTestCase._create_test,python,199,ParamGen.append,225
./models/01_CTSM/cime/CIME/tests/base.py,BaseTestCase._create_test,python,199,ParamGen.append,227
./models/01_CTSM/cime/CIME/tests/base.py,BaseTestCase._create_test,python,199,ParamGen.append,231
./models/01_CTSM/cime/CIME/tests/base.py,BaseTestCase._create_test,python,199,ParamGen.append,235
./models/01_CTSM/cime/CIME/tests/base.py,BaseTestCase._create_test,python,199,ParamGen.append,237
./models/01_CTSM/cime/CIME/tests/base.py,BaseTestCase._create_test,python,199,ParamGen.append,238
./models/01_CTSM/cime/CIME/tests/base.py,BaseTestCase._create_test,python,199,ParamGen.append,245
./models/01_CTSM/cime/CIME/tests/base.py,BaseTestCase._create_test,python,199,ParamGen.append,262
./models/01_CTSM/cime/CIME/tests/case_fake.py,CaseFake.copy,python,59,CaseFake.set_exeroot,72
./models/01_CTSM/cime/CIME/tests/case_fake.py,CaseFake.copy,python,59,CaseFake.set_rundir,73
./models/01_CTSM/cime/CIME/tests/scripts_regression_tests.py,<module>,python,,_main_func,295
./models/01_CTSM/cime/CIME/tests/scripts_regression_tests.py,configure_tests,python,140,write_provenance_info,216
./models/01_CTSM/cime/CIME/tests/scripts_regression_tests.py,_main_func,python,221,setup_arguments,249
./models/01_CTSM/cime/CIME/tests/scripts_regression_tests.py,_main_func,python,221,configure_tests,268
./models/01_CTSM/cime/CIME/tests/scripts_regression_tests.py,_main_func,python,221,SystemTestsCommon.run,287
./models/01_CTSM/cime/CIME/tests/test_sys_cime_case.py,TestCimeCase.test_cime_case_st_archive_resubmit,python,213,case_st_archive,220
./models/01_CTSM/cime/CIME/tests/test_sys_cime_case.py,TestCimeCase.test_cime_case_st_archive_resubmit,python,213,case_st_archive,225
./models/01_CTSM/cime/CIME/tests/test_sys_cime_case.py,TestCimeCase.test_xml_caching,python,633,Case.read_xml,664
./models/01_CTSM/cime/CIME/tests/test_sys_cime_case.py,TestCimeCase.test_configure,python,696,GenericXML.read,715
./models/01_CTSM/cime/CIME/tests/test_sys_cime_case.py,TestCimeCase.test_configure,python,696,GenericXML.read,718
./models/01_CTSM/cime/CIME/tests/test_sys_create_newcase.py,TestCreateNewcase.test_a_createnewcase,python,27,ParamGen.append,50
./models/01_CTSM/cime/CIME/tests/test_sys_create_newcase.py,TestCreateNewcase.test_a_createnewcase,python,27,Case.read_xml,128
./models/01_CTSM/cime/CIME/tests/test_sys_create_newcase.py,TestCreateNewcase.test_a_createnewcase,python,27,ParamGen.append,130
./models/01_CTSM/cime/CIME/tests/test_sys_create_newcase.py,TestCreateNewcase.test_b_user_mods,python,179,ParamGen.append,186
./models/01_CTSM/cime/CIME/tests/test_sys_create_newcase.py,TestCreateNewcase.test_b_user_mods,python,179,GenericXML.read,218
./models/01_CTSM/cime/CIME/tests/test_sys_create_newcase.py,TestCreateNewcase.test_b_user_mods,python,179,ParamGen.append,227
./models/01_CTSM/cime/CIME/tests/test_sys_create_newcase.py,TestCreateNewcase.test_c_create_clone_keepexe,python,229,ParamGen.append,245
./models/01_CTSM/cime/CIME/tests/test_sys_create_newcase.py,TestCreateNewcase.test_d_create_clone_new_user,python,247,ParamGen.append,254
./models/01_CTSM/cime/CIME/tests/test_sys_create_newcase.py,TestCreateNewcase.test_d_create_clone_new_user,python,247,ParamGen.append,283
./models/01_CTSM/cime/CIME/tests/test_sys_create_newcase.py,TestCreateNewcase.test_dd_create_clone_not_writable,python,285,ParamGen.append,292
./models/01_CTSM/cime/CIME/tests/test_sys_create_newcase.py,TestCreateNewcase.test_dd_create_clone_not_writable,python,285,ParamGen.append,298
./models/01_CTSM/cime/CIME/tests/test_sys_create_newcase.py,TestCreateNewcase.test_e_xmlquery,python,300,ParamGen.append,359
./models/01_CTSM/cime/CIME/tests/test_sys_create_newcase.py,TestCreateNewcase.test_f_createnewcase_with_user_compset,python,361,ParamGen.append,368
./models/01_CTSM/cime/CIME/tests/test_sys_create_newcase.py,TestCreateNewcase.test_f_createnewcase_with_user_compset,python,361,ParamGen.append,402
./models/01_CTSM/cime/CIME/tests/test_sys_create_newcase.py,TestCreateNewcase.test_g_createnewcase_with_user_compset_and_env_mach_pes,python,404,ParamGen.append,413
./models/01_CTSM/cime/CIME/tests/test_sys_create_newcase.py,TestCreateNewcase.test_g_createnewcase_with_user_compset_and_env_mach_pes,python,404,ParamGen.append,443
./models/01_CTSM/cime/CIME/tests/test_sys_create_newcase.py,TestCreateNewcase.test_h_primary_component,python,445,ParamGen.append,452
./models/01_CTSM/cime/CIME/tests/test_sys_create_newcase.py,TestCreateNewcase.test_h_primary_component,python,445,Case.set_comp_classes,478
./models/01_CTSM/cime/CIME/tests/test_sys_create_newcase.py,TestCreateNewcase.test_h_primary_component,python,445,Case._find_primary_component,479
./models/01_CTSM/cime/CIME/tests/test_sys_create_newcase.py,TestCreateNewcase.test_h_primary_component,python,445,Case._find_primary_component,488
./models/01_CTSM/cime/CIME/tests/test_sys_create_newcase.py,TestCreateNewcase.test_h_primary_component,python,445,Case._find_primary_component,496
./models/01_CTSM/cime/CIME/tests/test_sys_create_newcase.py,TestCreateNewcase.test_h_primary_component,python,445,Case._find_primary_component,507
./models/01_CTSM/cime/CIME/tests/test_sys_create_newcase.py,TestCreateNewcase.test_h_primary_component,python,445,Case._find_primary_component,516
./models/01_CTSM/cime/CIME/tests/test_sys_create_newcase.py,TestCreateNewcase.test_h_primary_component,python,445,Case._find_primary_component,526
./models/01_CTSM/cime/CIME/tests/test_sys_create_newcase.py,TestCreateNewcase.test_h_primary_component,python,445,Case._find_primary_component,534
./models/01_CTSM/cime/CIME/tests/test_sys_create_newcase.py,TestCreateNewcase.test_h_primary_component,python,445,Case._find_primary_component,542
./models/01_CTSM/cime/CIME/tests/test_sys_create_newcase.py,TestCreateNewcase.test_h_primary_component,python,445,Case._find_primary_component,550
./models/01_CTSM/cime/CIME/tests/test_sys_create_newcase.py,TestCreateNewcase.test_h_primary_component,python,445,ParamGen.append,557
./models/01_CTSM/cime/CIME/tests/test_sys_create_newcase.py,TestCreateNewcase.test_j_createnewcase_user_compset_vs_alias,python,559,ParamGen.append,570
./models/01_CTSM/cime/CIME/tests/test_sys_create_newcase.py,TestCreateNewcase.test_j_createnewcase_user_compset_vs_alias,python,559,GenericXML.read,602
./models/01_CTSM/cime/CIME/tests/test_sys_create_newcase.py,TestCreateNewcase.test_j_createnewcase_user_compset_vs_alias,python,559,ParamGen.append,612
./models/01_CTSM/cime/CIME/tests/test_sys_create_newcase.py,TestCreateNewcase.test_j_createnewcase_user_compset_vs_alias,python,559,GenericXML.read,643
./models/01_CTSM/cime/CIME/tests/test_sys_create_newcase.py,TestCreateNewcase.test_j_createnewcase_user_compset_vs_alias,python,559,ParamGen.append,655
./models/01_CTSM/cime/CIME/tests/test_sys_create_newcase.py,TestCreateNewcase.test_j_createnewcase_user_compset_vs_alias,python,559,ParamGen.append,656
./models/01_CTSM/cime/CIME/tests/test_sys_create_newcase.py,TestCreateNewcase.test_ka_createnewcase_extra_machines_dir,python,688,ParamGen.append,700
./models/01_CTSM/cime/CIME/tests/test_sys_create_newcase.py,TestCreateNewcase.test_ka_createnewcase_extra_machines_dir,python,688,ParamGen.append,749
./models/01_CTSM/cime/CIME/tests/test_sys_create_newcase.py,TestCreateNewcase.test_ka_createnewcase_extra_machines_dir,python,688,CmakeTmpBuildDir.get_makefile_vars,758
./models/01_CTSM/cime/CIME/tests/test_sys_create_newcase.py,TestCreateNewcase.test_m_createnewcase_alternate_drivers,python,766,ParamGen.append,805
./models/01_CTSM/cime/CIME/tests/test_sys_create_newcase.py,TestCreateNewcase.test_m_createnewcase_alternate_drivers,python,766,ParamGen.append,819
./models/01_CTSM/cime/CIME/tests/test_sys_full_system.py,TestFullSystem.test_full_system,python,13,TestStatus.set_status,73
./models/01_CTSM/cime/CIME/tests/test_sys_grid_generation.py,TestGridGeneration.test_gen_domain,python,18,ParamGen.append,32
./models/01_CTSM/cime/CIME/tests/test_sys_grid_generation.py,TestGridGeneration.test_gen_domain,python,18,ParamGen.append,37
./models/01_CTSM/cime/CIME/tests/test_sys_test_scheduler.py,TestTestScheduler.test_chksum,python,35,Mocker.assert_called_with,51
./models/01_CTSM/cime/CIME/tests/test_sys_test_scheduler.py,TestTestScheduler.test_testmods,python,58,TestScheduler._create_newcase_phase,73
./models/01_CTSM/cime/CIME/tests/test_sys_test_scheduler.py,TestTestScheduler.test_testmods_malformed,python,82,TestScheduler._create_newcase_phase,94
./models/01_CTSM/cime/CIME/tests/test_sys_test_scheduler.py,TestTestScheduler.test_testmods_missing,python,104,TestScheduler._create_newcase_phase,116
./models/01_CTSM/cime/CIME/tests/test_sys_test_scheduler.py,TestTestScheduler.test_a_phases,python,125,TestScheduler._update_test_status,154
./models/01_CTSM/cime/CIME/tests/test_sys_test_scheduler.py,TestTestScheduler.test_a_phases,python,125,TestScheduler._update_test_status,157
./models/01_CTSM/cime/CIME/tests/test_sys_test_scheduler.py,TestTestScheduler.test_a_phases,python,125,TestScheduler._is_broken,160
./models/01_CTSM/cime/CIME/tests/test_sys_test_scheduler.py,TestTestScheduler.test_a_phases,python,125,TestScheduler._work_remains,161
./models/01_CTSM/cime/CIME/tests/test_sys_test_scheduler.py,TestTestScheduler.test_a_phases,python,125,TestScheduler._update_test_status,163
./models/01_CTSM/cime/CIME/tests/test_sys_test_scheduler.py,TestTestScheduler.test_a_phases,python,125,TestScheduler._is_broken,166
./models/01_CTSM/cime/CIME/tests/test_sys_test_scheduler.py,TestTestScheduler.test_a_phases,python,125,TestScheduler._work_remains,167
./models/01_CTSM/cime/CIME/tests/test_sys_test_scheduler.py,TestTestScheduler.test_a_phases,python,125,TestScheduler._update_test_status,172
./models/01_CTSM/cime/CIME/tests/test_sys_test_scheduler.py,TestTestScheduler.test_a_phases,python,125,TestScheduler._update_test_status,176
./models/01_CTSM/cime/CIME/tests/test_sys_test_scheduler.py,TestTestScheduler.test_a_phases,python,125,TestScheduler._work_remains,179
./models/01_CTSM/cime/CIME/tests/test_sys_test_scheduler.py,TestTestScheduler.test_a_phases,python,125,TestScheduler._update_test_status,182
./models/01_CTSM/cime/CIME/tests/test_sys_test_scheduler.py,TestTestScheduler.test_a_phases,python,125,TestScheduler._is_broken,185
./models/01_CTSM/cime/CIME/tests/test_sys_test_scheduler.py,TestTestScheduler.test_a_phases,python,125,TestScheduler._update_test_status,187
./models/01_CTSM/cime/CIME/tests/test_sys_test_scheduler.py,TestTestScheduler.test_a_phases,python,125,TestScheduler._is_broken,190
./models/01_CTSM/cime/CIME/tests/test_sys_test_scheduler.py,TestTestScheduler.test_a_phases,python,125,TestScheduler._work_remains,192
./models/01_CTSM/cime/CIME/tests/test_sys_test_scheduler.py,TestTestScheduler.test_a_phases,python,125,TestScheduler._update_test_status,196
./models/01_CTSM/cime/CIME/tests/test_sys_test_scheduler.py,TestTestScheduler.test_a_phases,python,125,TestScheduler._update_test_status,201
./models/01_CTSM/cime/CIME/tests/test_sys_test_scheduler.py,TestTestScheduler.test_a_phases,python,125,TestScheduler._update_test_status,205
./models/01_CTSM/cime/CIME/tests/test_sys_test_scheduler.py,TestTestScheduler.test_a_phases,python,125,TestScheduler._is_broken,206
./models/01_CTSM/cime/CIME/tests/test_sys_test_scheduler.py,TestTestScheduler.test_a_phases,python,125,TestScheduler._work_remains,207
./models/01_CTSM/cime/CIME/tests/test_sys_test_scheduler.py,TestTestScheduler.test_a_phases,python,125,TestScheduler._update_test_status,210
./models/01_CTSM/cime/CIME/tests/test_sys_test_scheduler.py,TestTestScheduler.test_a_phases,python,125,TestScheduler._update_test_status,214
./models/01_CTSM/cime/CIME/tests/test_sys_test_scheduler.py,TestTestScheduler.test_a_phases,python,125,TestScheduler._update_test_status,217
./models/01_CTSM/cime/CIME/tests/test_sys_test_scheduler.py,TestTestScheduler.test_a_phases,python,125,TestScheduler._is_broken,221
./models/01_CTSM/cime/CIME/tests/test_sys_test_scheduler.py,TestTestScheduler.test_a_phases,python,125,TestScheduler._work_remains,222
./models/01_CTSM/cime/CIME/tests/test_sys_test_scheduler.py,TestTestScheduler.test_b_full,python,224,TestScheduler.run_tests,253
./models/01_CTSM/cime/CIME/tests/test_sys_test_scheduler.py,TestTestScheduler.test_b_full,python,224,TestStatus.get_name,264
./models/01_CTSM/cime/CIME/tests/test_sys_test_scheduler.py,TestTestScheduler.test_force_rebuild,python,353,TestScheduler.run_tests,378
./models/01_CTSM/cime/CIME/tests/test_sys_test_scheduler.py,TestTestScheduler.test_c_use_existing,python,407,TestScheduler.run_tests,436
./models/01_CTSM/cime/CIME/tests/test_sys_test_scheduler.py,TestTestScheduler.test_c_use_existing,python,407,TestStatus.get_name,448
./models/01_CTSM/cime/CIME/tests/test_sys_test_scheduler.py,TestTestScheduler.test_c_use_existing,python,407,TestStatus.set_status,457
./models/01_CTSM/cime/CIME/tests/test_sys_test_scheduler.py,TestTestScheduler.test_c_use_existing,python,407,TestStatus.set_status,465
./models/01_CTSM/cime/CIME/tests/test_sys_test_scheduler.py,TestTestScheduler.test_c_use_existing,python,407,TestScheduler.run_tests,503
./models/01_CTSM/cime/CIME/tests/test_sys_test_scheduler.py,TestTestScheduler.test_c_use_existing,python,407,TestStatus.get_name,511
./models/01_CTSM/cime/CIME/tests/test_sys_test_scheduler.py,TestTestScheduler.test_c_use_existing,python,407,TestScheduler.run_tests,545
./models/01_CTSM/cime/CIME/tests/test_sys_test_scheduler.py,TestTestScheduler.test_c_use_existing,python,407,TestStatus.get_name,553
./models/01_CTSM/cime/CIME/tests/test_sys_unittest.py,TestUnitTest.test_a_unit_test,python,74,ParamGen.append,81
./models/01_CTSM/cime/CIME/tests/test_sys_unittest.py,TestUnitTest.test_a_unit_test,python,74,ParamGen.append,93
./models/01_CTSM/cime/CIME/tests/test_sys_unittest.py,TestUnitTest.test_b_cime_f90_unit_tests,python,95,ParamGen.append,106
./models/01_CTSM/cime/CIME/tests/test_sys_unittest.py,TestUnitTest.test_b_cime_f90_unit_tests,python,95,ParamGen.append,116
./models/01_CTSM/cime/CIME/tests/test_sys_user_concurrent_mods.py,TestUserConcurrentMods.test_user_concurrent_mods,python,11,GenericXML.read,25
./models/01_CTSM/cime/CIME/tests/test_sys_user_concurrent_mods.py,TestUserConcurrentMods.test_user_concurrent_mods,python,11,GenericXML.read,37
./models/01_CTSM/cime/CIME/tests/test_sys_wait_for_tests.py,TestWaitForTests.test_wait_for_test_wait_for_pend,python,169,TestStatus.set_status,183
./models/01_CTSM/cime/CIME/tests/test_sys_wait_for_tests.py,TestWaitForTests.test_wait_for_test_wait_for_missing_run_phase,python,196,TestStatus.set_status,210
./models/01_CTSM/cime/CIME/tests/test_sys_wait_for_tests.py,TestWaitForTests.live_test_impl,python,320,TestStatus.set_status,335
./models/01_CTSM/cime/CIME/tests/test_unit_baselines_performance.py,TestUnitBaselinesPerformance.test_read_baseline_file_multi_line,python,130,Mocker.assert_called_with,139
./models/01_CTSM/cime/CIME/tests/test_unit_baselines_performance.py,TestUnitBaselinesPerformance.test_read_baseline_file_content,python,142,Mocker.assert_called_with,150
./models/01_CTSM/cime/CIME/tests/test_unit_baselines_performance.py,TestUnitBaselinesPerformance.test_write_baseline_file,python,153,Mocker.assert_called_with,157
./models/01_CTSM/cime/CIME/tests/test_unit_baselines_performance.py,TestUnitBaselinesPerformance.test__perf_get_throughput,python,161,create_mock_case,165
./models/01_CTSM/cime/CIME/tests/test_unit_baselines_performance.py,TestUnitBaselinesPerformance.test__perf_get_memory_override,python,172,create_mock_case,176
./models/01_CTSM/cime/CIME/tests/test_unit_baselines_performance.py,TestUnitBaselinesPerformance.test__perf_get_memory,python,183,create_mock_case,187
./models/01_CTSM/cime/CIME/tests/test_unit_baselines_performance.py,TestUnitBaselinesPerformance.test_write_baseline_skip,python,195,create_mock_case,203
./models/01_CTSM/cime/CIME/tests/test_unit_baselines_performance.py,TestUnitBaselinesPerformance.test_write_baseline_runtimeerror,python,219,create_mock_case,227
./models/01_CTSM/cime/CIME/tests/test_unit_baselines_performance.py,TestUnitBaselinesPerformance.test_write_baseline_runtimeerror,python,219,Mocker.assert_called,231
./models/01_CTSM/cime/CIME/tests/test_unit_baselines_performance.py,TestUnitBaselinesPerformance.test_write_baseline_runtimeerror,python,219,Mocker.assert_called,232
./models/01_CTSM/cime/CIME/tests/test_unit_baselines_performance.py,TestUnitBaselinesPerformance.test_perf_write_baseline,python,238,create_mock_case,246
./models/01_CTSM/cime/CIME/tests/test_unit_baselines_performance.py,TestUnitBaselinesPerformance.test_perf_write_baseline,python,238,Mocker.assert_called,250
./models/01_CTSM/cime/CIME/tests/test_unit_baselines_performance.py,TestUnitBaselinesPerformance.test_perf_write_baseline,python,238,Mocker.assert_called,251
./models/01_CTSM/cime/CIME/tests/test_unit_baselines_performance.py,TestUnitBaselinesPerformance.test_perf_compare_throughput_baseline_no_baseline_file,python,262,create_mock_case,270
./models/01_CTSM/cime/CIME/tests/test_unit_baselines_performance.py,TestUnitBaselinesPerformance.test_perf_compare_throughput_baseline_no_baseline,python,285,create_mock_case,293
./models/01_CTSM/cime/CIME/tests/test_unit_baselines_performance.py,TestUnitBaselinesPerformance.test_perf_compare_throughput_baseline_no_tolerance,python,317,create_mock_case,325
./models/01_CTSM/cime/CIME/tests/test_unit_baselines_performance.py,TestUnitBaselinesPerformance.test_perf_compare_throughput_baseline_above_threshold,python,349,create_mock_case,357
./models/01_CTSM/cime/CIME/tests/test_unit_baselines_performance.py,TestUnitBaselinesPerformance.test_perf_compare_throughput_baseline,python,381,create_mock_case,389
./models/01_CTSM/cime/CIME/tests/test_unit_baselines_performance.py,TestUnitBaselinesPerformance.test_perf_compare_memory_baseline_no_baseline,python,413,create_mock_case,426
./models/01_CTSM/cime/CIME/tests/test_unit_baselines_performance.py,TestUnitBaselinesPerformance.test_perf_compare_memory_baseline_not_enough_samples,python,448,create_mock_case,459
./models/01_CTSM/cime/CIME/tests/test_unit_baselines_performance.py,TestUnitBaselinesPerformance.test_perf_compare_memory_baseline_no_baseline_file,python,476,create_mock_case,489
./models/01_CTSM/cime/CIME/tests/test_unit_baselines_performance.py,TestUnitBaselinesPerformance.test_perf_compare_memory_baseline_no_tolerance,python,504,create_mock_case,517
./models/01_CTSM/cime/CIME/tests/test_unit_baselines_performance.py,TestUnitBaselinesPerformance.test_perf_compare_memory_baseline_above_threshold,python,539,create_mock_case,552
./models/01_CTSM/cime/CIME/tests/test_unit_baselines_performance.py,TestUnitBaselinesPerformance.test_perf_compare_memory_baseline,python,574,create_mock_case,587
./models/01_CTSM/cime/CIME/tests/test_unit_baselines_performance.py,TestUnitBaselinesPerformance.test_get_latest_cpl_logs_found_multiple,python,606,touch,612
./models/01_CTSM/cime/CIME/tests/test_unit_baselines_performance.py,TestUnitBaselinesPerformance.test_get_latest_cpl_logs_found_multiple,python,606,touch,615
./models/01_CTSM/cime/CIME/tests/test_unit_baselines_performance.py,TestUnitBaselinesPerformance.test_get_latest_cpl_logs_found_single,python,630,touch,636
./models/01_CTSM/cime/CIME/tests/test_unit_bless_test_results.py,TestUnitBlessTestResults.test_bless_memory_force_error,python,227,Mocker.assert_called,245
./models/01_CTSM/cime/CIME/tests/test_unit_bless_test_results.py,TestUnitBlessTestResults.test_bless_memory_force,python,249,Mocker.assert_called,262
./models/01_CTSM/cime/CIME/tests/test_unit_bless_test_results.py,TestUnitBlessTestResults.test_bless_throughput_force_error,python,323,Mocker.assert_called,338
./models/01_CTSM/cime/CIME/tests/test_unit_bless_test_results.py,TestUnitBlessTestResults.test_bless_throughput_force,python,342,Mocker.assert_called,355
./models/01_CTSM/cime/CIME/tests/test_unit_case.py,TestCaseSubmit.test_check_case,python,23,Mocker.assert_called_with,29
./models/01_CTSM/cime/CIME/tests/test_unit_case.py,TestCaseSubmit.test__submit,python,34,Mocker.assert_called_with,41
./models/01_CTSM/cime/CIME/tests/test_unit_case.py,TestCaseSubmit.test_submit,python,47,make_valid_case,63
./models/01_CTSM/cime/CIME/tests/test_unit_case.py,TestCaseSubmit.test_submit,python,47,submit,65
./models/01_CTSM/cime/CIME/tests/test_unit_case.py,TestCaseSubmit.test_submit,python,47,Mocker.assert_called_with,67
./models/01_CTSM/cime/CIME/tests/test_unit_case.py,TestCase.test_fix_sys_argv_quotes,python,91,make_valid_case,96
./models/01_CTSM/cime/CIME/tests/test_unit_case.py,TestCase.test_fix_sys_argv_quotes,python,91,Case.fix_sys_argv_quotes,99
./models/01_CTSM/cime/CIME/tests/test_unit_case.py,TestCase.test_fix_sys_argv_quotes_incomplete,python,104,make_valid_case,109
./models/01_CTSM/cime/CIME/tests/test_unit_case.py,TestCase.test_fix_sys_argv_quotes_incomplete,python,104,Case.fix_sys_argv_quotes,112
./models/01_CTSM/cime/CIME/tests/test_unit_case.py,TestCase.test_fix_sys_argv_quotes_val,python,117,make_valid_case,122
./models/01_CTSM/cime/CIME/tests/test_unit_case.py,TestCase.test_fix_sys_argv_quotes_val,python,117,Case.fix_sys_argv_quotes,125
./models/01_CTSM/cime/CIME/tests/test_unit_case.py,TestCase.test_fix_sys_argv_quotes_val_quoted,python,130,make_valid_case,135
./models/01_CTSM/cime/CIME/tests/test_unit_case.py,TestCase.test_fix_sys_argv_quotes_val_quoted,python,130,Case.fix_sys_argv_quotes,138
./models/01_CTSM/cime/CIME/tests/test_unit_case.py,TestCase.test_fix_sys_argv_quotes_kv,python,143,make_valid_case,152
./models/01_CTSM/cime/CIME/tests/test_unit_case.py,TestCase.test_fix_sys_argv_quotes_kv,python,143,Case.fix_sys_argv_quotes,155
./models/01_CTSM/cime/CIME/tests/test_unit_case.py,TestCase.test_new_hash,python,164,make_valid_case,168
./models/01_CTSM/cime/CIME/tests/test_unit_case.py,TestCase.test_new_hash,python,164,Case.new_hash,176
./models/01_CTSM/cime/CIME/tests/test_unit_case.py,TestCase.test_new_hash,python,164,Case.new_hash,186
./models/01_CTSM/cime/CIME/tests/test_unit_case.py,TestCase.test_copy,python,201,Case.create,223
./models/01_CTSM/cime/CIME/tests/test_unit_case.py,TestCase.test_copy,python,201,Mocker.assert_called_with,232
./models/01_CTSM/cime/CIME/tests/test_unit_case.py,TestCase.test_copy,python,201,Mocker.assert_called,257
./models/01_CTSM/cime/CIME/tests/test_unit_case.py,TestCase.test_copy,python,201,Mocker.assert_called,258
./models/01_CTSM/cime/CIME/tests/test_unit_case.py,TestCase.test_copy,python,201,Mocker.assert_called,259
./models/01_CTSM/cime/CIME/tests/test_unit_case.py,TestCase.test_copy,python,201,Mocker.assert_called_with,261
./models/01_CTSM/cime/CIME/tests/test_unit_case.py,TestCase.test_copy,python,201,Mocker.assert_called_with,269
./models/01_CTSM/cime/CIME/tests/test_unit_case.py,TestCase.test_create,python,282,Case.create,297
./models/01_CTSM/cime/CIME/tests/test_unit_case.py,TestCase.test_create,python,282,Mocker.assert_called_with,306
./models/01_CTSM/cime/CIME/tests/test_unit_case.py,TestCase.test_create,python,282,Mocker.assert_called,331
./models/01_CTSM/cime/CIME/tests/test_unit_case.py,TestCase.test_create,python,282,Mocker.assert_called,332
./models/01_CTSM/cime/CIME/tests/test_unit_case.py,TestCase.test_create,python,282,Mocker.assert_called,333
./models/01_CTSM/cime/CIME/tests/test_unit_case.py,TestCase.test_create,python,282,Mocker.assert_called_with,335
./models/01_CTSM/cime/CIME/tests/test_unit_case.py,TestCase_RecordCmd.test_error,python,357,make_valid_case,373
./models/01_CTSM/cime/CIME/tests/test_unit_case.py,TestCase_RecordCmd.test_error,python,357,Case.record_cmd,374
./models/01_CTSM/cime/CIME/tests/test_unit_case.py,TestCase_RecordCmd.test_init,python,382,Case.record_cmd,393
./models/01_CTSM/cime/CIME/tests/test_unit_case.py,TestCase_RecordCmd.test_init,python,382,Mocker.assert_called_with,395
./models/01_CTSM/cime/CIME/tests/test_unit_case.py,TestCase_RecordCmd.test_init,python,382,Mocker.assert_called_with,399
./models/01_CTSM/cime/CIME/tests/test_unit_case.py,TestCase_RecordCmd.test_sub_relative,python,416,Case.record_cmd,427
./models/01_CTSM/cime/CIME/tests/test_unit_case.py,TestCase_RecordCmd.test_sub_relative,python,416,Mocker.assert_called_with,439
./models/01_CTSM/cime/CIME/tests/test_unit_case.py,TestCase_RecordCmd.test_cmd_arg,python,444,make_valid_case,459
./models/01_CTSM/cime/CIME/tests/test_unit_case.py,TestCase_RecordCmd.test_cmd_arg,python,444,Case.record_cmd,460
./models/01_CTSM/cime/CIME/tests/test_unit_case.py,TestCase_RecordCmd.test_cmd_arg,python,444,Mocker.assert_called_with,467
./models/01_CTSM/cime/CIME/tests/test_unit_case_run.py,TestCaseSubmit.test_post_run_check,python,24,_case_post_run_check,31
./models/01_CTSM/cime/CIME/tests/test_unit_case_run.py,TestCaseSubmit.test_post_run_check_no_termination,python,38,_case_post_run_check,43
./models/01_CTSM/cime/CIME/tests/test_unit_case_setup.py,TestCaseSetup.test_create_macros_cmake,python,30,create_machines_dir,36
./models/01_CTSM/cime/CIME/tests/test_unit_case_setup.py,TestCaseSetup.test_create_macros_cmake,python,30,Mocker.assert_called_with,58
./models/01_CTSM/cime/CIME/tests/test_unit_case_setup.py,TestCaseSetup.test_create_macros,python,63,create_machines_dir,71
./models/01_CTSM/cime/CIME/tests/test_unit_case_setup.py,TestCaseSetup.test_create_macros,python,63,Mocker.assert_called_with,101
./models/01_CTSM/cime/CIME/tests/test_unit_case_setup.py,TestCaseSetup.test_create_macros_copy_user,python,109,create_machines_dir,117
./models/01_CTSM/cime/CIME/tests/test_unit_case_setup.py,TestCaseSetup.test_create_macros_copy_user,python,109,touch,124
./models/01_CTSM/cime/CIME/tests/test_unit_case_setup.py,TestCaseSetup.test_create_macros_copy_extra,python,157,create_machines_dir,165
./models/01_CTSM/cime/CIME/tests/test_unit_case_setup.py,TestCaseSetup.test_create_macros_copy_extra,python,157,touch,173
./models/01_CTSM/cime/CIME/tests/test_unit_compare_test_results.py,TestCaseFake._compare_test_results,python,43,TestStatus.set_status,49
./models/01_CTSM/cime/CIME/tests/test_unit_compare_two.py,TestSystemTestsCompareTwo.test_resetup_case_single_exe,python,291,SystemTestsCompareTwoFake.__init__,297
./models/01_CTSM/cime/CIME/tests/test_unit_compare_two.py,TestSystemTestsCompareTwo.test_resetup_case_single_exe,python,291,Mocker.assert_called_with,323
./models/01_CTSM/cime/CIME/tests/test_unit_compare_two.py,TestSystemTestsCompareTwo.test_setup,python,325,SystemTestsCompareTwoFake.__init__,334
./models/01_CTSM/cime/CIME/tests/test_unit_compare_two.py,TestSystemTestsCompareTwo.test_setup_separate_builds_sharedlibroot,python,354,SystemTestsCompareTwoFake.__init__,364
./models/01_CTSM/cime/CIME/tests/test_unit_compare_two.py,TestSystemTestsCompareTwo.test_setup_case2_exists,python,371,SystemTestsCompareTwoFake.__init__,380
./models/01_CTSM/cime/CIME/tests/test_unit_compare_two.py,TestSystemTestsCompareTwo.test_setup_error,python,395,SystemTestsCompareTwoFake.__init__,405
./models/01_CTSM/cime/CIME/tests/test_unit_compare_two.py,TestSystemTestsCompareTwo.test_run_phase_passes,python,412,SystemTestsCompareTwoFake.__init__,418
./models/01_CTSM/cime/CIME/tests/test_unit_compare_two.py,TestSystemTestsCompareTwo.test_run_phase_internal_calls,python,429,SystemTestsCompareTwoFake.__init__,443
./models/01_CTSM/cime/CIME/tests/test_unit_compare_two.py,TestSystemTestsCompareTwo.test_run_phase_internal_calls_multisubmit_phase1,python,462,SystemTestsCompareTwoFake.__init__,472
./models/01_CTSM/cime/CIME/tests/test_unit_compare_two.py,TestSystemTestsCompareTwo.test_run_phase_internal_calls_multisubmit_phase2,python,499,SystemTestsCompareTwoFake.__init__,509
./models/01_CTSM/cime/CIME/tests/test_unit_compare_two.py,TestSystemTestsCompareTwo.test_internal_calls_multisubmit_failed_state,python,538,SystemTestsCompareTwoFake.__init__,555
./models/01_CTSM/cime/CIME/tests/test_unit_compare_two.py,TestSystemTestsCompareTwo.test_run1_fails,python,589,SystemTestsCompareTwoFake.__init__,595
./models/01_CTSM/cime/CIME/tests/test_unit_compare_two.py,TestSystemTestsCompareTwo.test_run2_fails,python,609,SystemTestsCompareTwoFake.__init__,615
./models/01_CTSM/cime/CIME/tests/test_unit_compare_two.py,TestSystemTestsCompareTwo.test_compare_passes,python,629,SystemTestsCompareTwoFake.__init__,635
./models/01_CTSM/cime/CIME/tests/test_unit_compare_two.py,TestSystemTestsCompareTwo.test_compare_fails,python,647,SystemTestsCompareTwoFake.__init__,653
./models/01_CTSM/cime/CIME/tests/test_unit_config.py,TestConfig.test_ignore,python,22,touch,46
./models/01_CTSM/cime/CIME/tests/test_unit_config.py,TestConfig.test_ignore,python,22,spy,49
./models/01_CTSM/cime/CIME/tests/test_unit_cs_status.py,TestCsStatus.create_test_status_core_passes,python,44,TestStatus.set_status,49
./models/01_CTSM/cime/CIME/tests/test_unit_cs_status.py,TestCsStatus.set_phase_to_status,python,65,TestStatus.set_status,68
./models/01_CTSM/cime/CIME/tests/test_unit_cs_status.py,TestCsStatus.test_count_fails,python,161,ParamGen.append,193
./models/01_CTSM/cime/CIME/tests/test_unit_cs_status.py,TestCsStatus.test_count_fails,python,161,ParamGen.append,209
./models/01_CTSM/cime/CIME/tests/test_unit_expected_fails_file.py,TestExpectedFailsFile.test_basic,python,20,ExpectedFailsFile.get_expected_fails,50
./models/01_CTSM/cime/CIME/tests/test_unit_expected_fails_file.py,TestExpectedFailsFile.test_basic,python,20,ExpectedFails.add_failure,53
./models/01_CTSM/cime/CIME/tests/test_unit_expected_fails_file.py,TestExpectedFailsFile.test_basic,python,20,ExpectedFails.add_failure,54
./models/01_CTSM/cime/CIME/tests/test_unit_expected_fails_file.py,TestExpectedFailsFile.test_basic,python,20,ExpectedFails.add_failure,56
./models/01_CTSM/cime/CIME/tests/test_unit_expected_fails_file.py,TestExpectedFailsFile.test_basic,python,20,ExpectedFails.add_failure,57
./models/01_CTSM/cime/CIME/tests/test_unit_expected_fails_file.py,TestExpectedFailsFile.test_same_test_appears_twice,python,62,ExpectedFailsFile.get_expected_fails,88
./models/01_CTSM/cime/CIME/tests/test_unit_expected_fails_file.py,TestExpectedFailsFile.test_same_test_appears_twice,python,62,ExpectedFails.add_failure,91
./models/01_CTSM/cime/CIME/tests/test_unit_expected_fails_file.py,TestExpectedFailsFile.test_same_test_appears_twice,python,62,ExpectedFails.add_failure,92
./models/01_CTSM/cime/CIME/tests/test_unit_grids.py,TestGrids.test_get_grid_info_basic,python,256,Grids.get_grid_info,268
./models/01_CTSM/cime/CIME/tests/test_unit_grids.py,TestGrids.test_get_grid_info_extra_required_gridmaps,python,276,Grids.get_grid_info,294
./models/01_CTSM/cime/CIME/tests/test_unit_grids.py,TestGrids.test_get_grid_info_extra_gridmaps,python,304,Grids.get_grid_info,323
./models/01_CTSM/cime/CIME/tests/test_unit_grids.py,TestGrids.test_get_grid_info_3glc,python,333,Grids.get_grid_info,362
./models/01_CTSM/cime/CIME/tests/test_unit_grids.py,TestComponentGrids.test_check_num_elements_right_ndomains,python,389,_ComponentGrids.check_num_elements,395
./models/01_CTSM/cime/CIME/tests/test_unit_grids.py,TestComponentGrids.test_check_num_elements_right_nmaps,python,410,_ComponentGrids.check_num_elements,416
./models/01_CTSM/cime/CIME/tests/test_unit_locked_files.py,create_batch_system,python,13,GenericXML.make_child,14
./models/01_CTSM/cime/CIME/tests/test_unit_locked_files.py,create_batch_system,python,13,GenericXML.make_child,17
./models/01_CTSM/cime/CIME/tests/test_unit_locked_files.py,create_batch_system,python,13,GenericXML.make_child,18
./models/01_CTSM/cime/CIME/tests/test_unit_locked_files.py,create_batch_system,python,13,GenericXML.make_child,21
./models/01_CTSM/cime/CIME/tests/test_unit_locked_files.py,create_batch_system,python,13,GenericXML.make_child,22
./models/01_CTSM/cime/CIME/tests/test_unit_locked_files.py,create_batch_system,python,13,GenericXML.make_child,23
./models/01_CTSM/cime/CIME/tests/test_unit_locked_files.py,create_batch_system,python,13,GenericXML.make_child,24
./models/01_CTSM/cime/CIME/tests/test_unit_locked_files.py,create_batch_system,python,13,GenericXML.make_child,25
./models/01_CTSM/cime/CIME/tests/test_unit_locked_files.py,create_fake_env,python,30,create_batch_system,41
./models/01_CTSM/cime/CIME/tests/test_unit_locked_files.py,create_fake_env,python,30,GenericXML.remove_child,45
./models/01_CTSM/cime/CIME/tests/test_unit_locked_files.py,create_fake_env,python,30,create_batch_system,47
./models/01_CTSM/cime/CIME/tests/test_unit_locked_files.py,TestLockedFiles.test_diff_lockedfile_detect_difference,python,184,create_fake_env,190
./models/01_CTSM/cime/CIME/tests/test_unit_locked_files.py,TestLockedFiles.test_diff_lockedfile_not_supported,python,199,touch,209
./models/01_CTSM/cime/CIME/tests/test_unit_locked_files.py,TestLockedFiles.test_diff_lockedfile,python,223,create_fake_env,229
./models/01_CTSM/cime/CIME/tests/test_unit_locked_files.py,TestLockedFiles.test_check_lockedfile,python,233,create_fake_env,239
./models/01_CTSM/cime/CIME/tests/test_unit_locked_files.py,TestLockedFiles.test_check_lockedfiles_skip,python,244,create_fake_env,250
./models/01_CTSM/cime/CIME/tests/test_unit_locked_files.py,TestLockedFiles.test_check_lockedfiles,python,254,create_fake_env,260
./models/01_CTSM/cime/CIME/tests/test_unit_locked_files.py,TestLockedFiles.test_check_lockedfiles_quiet,python,265,create_fake_env,271
./models/01_CTSM/cime/CIME/tests/test_unit_locked_files.py,TestLockedFiles.test_is_locked,python,276,touch,282
./models/01_CTSM/cime/CIME/tests/test_unit_locked_files.py,TestLockedFiles.test_unlock_file_error_path,python,290,touch,296
./models/01_CTSM/cime/CIME/tests/test_unit_locked_files.py,TestLockedFiles.test_unlock_file,python,301,touch,307
./models/01_CTSM/cime/CIME/tests/test_unit_locked_files.py,TestLockedFiles.test_lock_file_newname,python,313,touch,317
./models/01_CTSM/cime/CIME/tests/test_unit_locked_files.py,TestLockedFiles.test_lock_file_error_path,python,325,touch,329
./models/01_CTSM/cime/CIME/tests/test_unit_locked_files.py,TestLockedFiles.test_lock_file,python,334,touch,338
./models/01_CTSM/cime/CIME/tests/test_unit_nmlgen.py,TestNamelistGenerator.test_init_defaults,python,10,NamelistGenerator.init_defaults,49
./models/01_CTSM/cime/CIME/tests/test_unit_paramgen.py,TestParamGen.test_reduce,python,174,ParamGen.reduce,178
./models/01_CTSM/cime/CIME/tests/test_unit_paramgen.py,TestParamGen.test_nested_reduce,python,181,ParamGen.reduce,185
./models/01_CTSM/cime/CIME/tests/test_unit_paramgen.py,TestParamGen.test_outer_guards,python,188,ParamGen.reduce,195
./models/01_CTSM/cime/CIME/tests/test_unit_paramgen.py,TestParamGen.test_match,python,198,ParamGen.reduce,209
./models/01_CTSM/cime/CIME/tests/test_unit_paramgen.py,TestParamGen.test_match,python,198,ParamGen.reduce,213
./models/01_CTSM/cime/CIME/tests/test_unit_paramgen.py,TestParamGen.test_undefined_var,python,216,ParamGen.reduce,230
./models/01_CTSM/cime/CIME/tests/test_unit_paramgen.py,TestParamGen.test_expandable_vars,python,233,ParamGen.reduce,247
./models/01_CTSM/cime/CIME/tests/test_unit_paramgen.py,TestParamGen.test_formula_expansion,python,250,ParamGen.reduce,262
./models/01_CTSM/cime/CIME/tests/test_unit_paramgen.py,TestParamGenYamlConstructor.test_mom_input,python,273,ParamGen.reduce,294
./models/01_CTSM/cime/CIME/tests/test_unit_paramgen.py,TestParamGenYamlConstructor.input_data_list_expand_func,python,,DummyCase.get_value,286
./models/01_CTSM/cime/CIME/tests/test_unit_paramgen.py,TestParamGenYamlConstructor.input_data_list_expand_func,python,,DummyCase.get_value,324
./models/01_CTSM/cime/CIME/tests/test_unit_paramgen.py,TestParamGenYamlConstructor.test_input_data_list,python,311,ParamGen.reduce,332
./models/01_CTSM/cime/CIME/tests/test_unit_paramgen.py,TestParamGenYamlConstructor.test_input_data_list,python,311,ParamGen.reduce,343
./models/01_CTSM/cime/CIME/tests/test_unit_paramgen.py,TestParamGenXmlConstructor.test_single_key_val_guard,python,363,ParamGen.reduce,375
./models/01_CTSM/cime/CIME/tests/test_unit_paramgen.py,TestParamGenXmlConstructor.test_mixed_guard,python,380,ParamGen.reduce,392
./models/01_CTSM/cime/CIME/tests/test_unit_paramgen.py,TestParamGenXmlConstructor.test_mixed_guard_first,python,397,ParamGen.reduce,410
./models/01_CTSM/cime/CIME/tests/test_unit_paramgen.py,TestParamGenXmlConstructor.test_no_match,python,415,ParamGen.reduce,427
./models/01_CTSM/cime/CIME/tests/test_unit_paramgen.py,TestParamGenXmlConstructor.test_default_var,python,432,ParamGen.reduce,444
./models/01_CTSM/cime/CIME/tests/test_unit_system_tests.py,create_mock_case,python,41,touch,61
./models/01_CTSM/cime/CIME/tests/test_unit_system_tests.py,TestUnitSystemTests.test_compare_throughput,python,292,SystemTestsCommon._compare_throughput,312
./models/01_CTSM/cime/CIME/tests/test_unit_system_tests.py,TestUnitSystemTests.test_compare_throughput,python,292,TestStatus.get_overall_test_status,314
./models/01_CTSM/cime/CIME/tests/test_unit_system_tests.py,TestUnitSystemTests.test_compare_throughput_error_diff,python,323,SystemTestsCommon._compare_throughput,342
./models/01_CTSM/cime/CIME/tests/test_unit_system_tests.py,TestUnitSystemTests.test_compare_throughput_error_diff,python,323,TestStatus.get_overall_test_status,344
./models/01_CTSM/cime/CIME/tests/test_unit_system_tests.py,TestUnitSystemTests.test_compare_throughput_fail,python,350,SystemTestsCommon._compare_throughput,372
./models/01_CTSM/cime/CIME/tests/test_unit_system_tests.py,TestUnitSystemTests.test_compare_throughput_fail,python,350,TestStatus.get_overall_test_status,374
./models/01_CTSM/cime/CIME/tests/test_unit_system_tests.py,TestUnitSystemTests.test_compare_memory,python,383,SystemTestsCommon._compare_memory,403
./models/01_CTSM/cime/CIME/tests/test_unit_system_tests.py,TestUnitSystemTests.test_compare_memory,python,383,TestStatus.get_overall_test_status,405
./models/01_CTSM/cime/CIME/tests/test_unit_system_tests.py,TestUnitSystemTests.test_compare_memory_error_diff,python,414,SystemTestsCommon._compare_memory,433
./models/01_CTSM/cime/CIME/tests/test_unit_system_tests.py,TestUnitSystemTests.test_compare_memory_error_diff,python,414,TestStatus.get_overall_test_status,435
./models/01_CTSM/cime/CIME/tests/test_unit_system_tests.py,TestUnitSystemTests.test_compare_memory_error_fail,python,441,SystemTestsCommon._compare_memory,463
./models/01_CTSM/cime/CIME/tests/test_unit_system_tests.py,TestUnitSystemTests.test_compare_memory_error_fail,python,441,TestStatus.get_overall_test_status,465
./models/01_CTSM/cime/CIME/tests/test_unit_system_tests.py,TestUnitSystemTests.test_generate_baseline,python,472,create_mock_case,474
./models/01_CTSM/cime/CIME/tests/test_unit_system_tests.py,TestUnitSystemTests.test_dry_run,python,584,Mocker.assert_called,617
./models/01_CTSM/cime/CIME/tests/test_unit_system_tests.py,TestUnitSystemTests.test_dry_run,python,584,Mocker.assert_called,651
./models/01_CTSM/cime/CIME/tests/test_unit_system_tests_mvk.py,create_complex_case,python,24,ParamGen.append,44
./models/01_CTSM/cime/CIME/tests/test_unit_system_tests_mvk.py,create_complex_case,python,24,write_evv_output,67
./models/01_CTSM/cime/CIME/tests/test_unit_system_tests_mvk.py,TestSystemTestsMVK.test_testmod_complex,python,125,create_complex_case,173
./models/01_CTSM/cime/CIME/tests/test_unit_system_tests_mvk.py,TestSystemTestsMVK.test_update_testlog,python,222,write_evv_output,237
./models/01_CTSM/cime/CIME/tests/test_unit_system_tests_mvk.py,TestSystemTestsMVK.test_update_testlog,python,222,create_complex_case,243
./models/01_CTSM/cime/CIME/tests/test_unit_system_tests_mvk.py,TestSystemTestsMVK.test_update_testlog,python,222,MVK.update_testlog,247
./models/01_CTSM/cime/CIME/tests/test_unit_system_tests_mvk.py,TestSystemTestsMVK.test_update_testlog_urlroot_None,python,261,write_evv_output,276
./models/01_CTSM/cime/CIME/tests/test_unit_system_tests_mvk.py,TestSystemTestsMVK.test_update_testlog_urlroot_None,python,261,create_complex_case,284
./models/01_CTSM/cime/CIME/tests/test_unit_system_tests_mvk.py,TestSystemTestsMVK.test_update_testlog_urlroot_None,python,261,MVK.update_testlog,288
./models/01_CTSM/cime/CIME/tests/test_unit_system_tests_mvk.py,TestSystemTestsMVK.test_update_testlog_htmlroot,python,303,write_evv_output,318
./models/01_CTSM/cime/CIME/tests/test_unit_system_tests_mvk.py,TestSystemTestsMVK.test_update_testlog_htmlroot,python,303,create_complex_case,326
./models/01_CTSM/cime/CIME/tests/test_unit_system_tests_mvk.py,TestSystemTestsMVK.test_update_testlog_htmlroot,python,303,MVK.update_testlog,330
./models/01_CTSM/cime/CIME/tests/test_unit_system_tests_mvk.py,TestSystemTestsMVK.test_testmod_simple,python,344,create_complex_case,374
./models/01_CTSM/cime/CIME/tests/test_unit_system_tests_mvk.py,TestSystemTestsMVK.test_build_phase,python,433,create_complex_case,446
./models/01_CTSM/cime/CIME/tests/test_unit_system_tests_mvk.py,TestSystemTestsMVK.test_build_phase,python,433,Mocker.assert_called,471
./models/01_CTSM/cime/CIME/tests/test_unit_system_tests_mvk.py,TestSystemTestsMVK.test__generate_baseline,python,479,create_complex_case,492
./models/01_CTSM/cime/CIME/tests/test_unit_system_tests_mvk.py,TestSystemTestsMVK.test__compare_baseline_resubmit,python,549,create_complex_case,562
./models/01_CTSM/cime/CIME/tests/test_unit_system_tests_mvk.py,TestSystemTestsMVK.test__compare_baseline,python,582,create_complex_case,595
./models/01_CTSM/cime/CIME/tests/test_unit_system_tests_mvk.py,TestSystemTestsMVK.test_generate_namelist_multiple_components,python,637,create_simple_case,643
./models/01_CTSM/cime/CIME/tests/test_unit_system_tests_mvk.py,TestSystemTestsMVK.test_generate_namelist,python,668,create_simple_case,674
./models/01_CTSM/cime/CIME/tests/test_unit_system_tests_mvk.py,TestSystemTestsMVK.test_compare_baseline,python,697,create_simple_case,698
./models/01_CTSM/cime/CIME/tests/test_unit_system_tests_mvk.py,TestSystemTestsMVK.test_compare_baseline,python,697,create_simple_case,704
./models/01_CTSM/cime/CIME/tests/test_unit_system_tests_mvk.py,TestSystemTestsMVK.test_compare_baseline,python,697,create_simple_case,710
./models/01_CTSM/cime/CIME/tests/test_unit_system_tests_mvk.py,TestSystemTestsMVK.test_mvk,python,717,create_simple_case,718
./models/01_CTSM/cime/CIME/tests/test_unit_system_tests_mvk.py,TestSystemTestsMVK.test_mvk,python,717,create_simple_case,725
./models/01_CTSM/cime/CIME/tests/test_unit_test_status.py,TestTestStatus.test_psdump_oneCorePhaseFailsAbsentFromXFails,python,77,ExpectedFails.add_failure,81
./models/01_CTSM/cime/CIME/tests/test_unit_test_status.py,TestTestStatus.test_psdump_oneCorePhaseFailsInXFails,python,92,ExpectedFails.add_failure,96
./models/01_CTSM/cime/CIME/tests/test_unit_test_status.py,TestTestStatus.test_psdump_oneCorePhasePassesInXFails,python,111,ExpectedFails.add_failure,115
./models/01_CTSM/cime/CIME/tests/test_unit_test_status.py,TestTestStatus.test_psdump_unexpectedPass_shouldBePresent,python,141,ExpectedFails.add_failure,145
./models/01_CTSM/cime/CIME/tests/test_unit_two_link_to_case2_output.py,TestLinkToCase2Output.setup_test_and_directories,python,81,SystemTestsCompareTwoFake.__init__,88
./models/01_CTSM/cime/CIME/tests/test_unit_two_link_to_case2_output.py,TestLinkToCase2Output.setup_test_and_directories,python,81,CaseFake.make_rundir,89
./models/01_CTSM/cime/CIME/tests/test_unit_two_link_to_case2_output.py,TestLinkToCase2Output.setup_test_and_directories,python,81,CaseFake.make_rundir,90
./models/01_CTSM/cime/CIME/tests/test_unit_user_mod_support.py,TestUserModSupport.assertResults,python,80,GenericXML.read,98
./models/01_CTSM/cime/CIME/tests/test_unit_user_mod_support.py,TestUserModSupport.assertResults,python,80,GenericXML.read,109
./models/01_CTSM/cime/CIME/tests/test_unit_user_mod_support.py,TestUserModSupport.assertResults,python,80,GenericXML.read,118
./models/01_CTSM/cime/CIME/tests/test_unit_user_nl_utils.py,TestUserNLCopier.assertFileContentsEqual,python,39,GenericXML.read,45
./models/01_CTSM/cime/CIME/tests/test_unit_utils.py,match_all_lines,python,174,GenericXML.pop,178
./models/01_CTSM/cime/CIME/tests/test_unit_utils.py,TestUtils.assertMatchAllLines,python,289,match_all_lines,293
./models/01_CTSM/cime/CIME/tests/test_unit_utils.py,TestUtils.test_run_and_log_case_status,python,320,MockTime.__init__,326
./models/01_CTSM/cime/CIME/tests/test_unit_utils.py,TestUtils.test_run_and_log_case_status_case_submit_on_batch,python,331,MockTime.__init__,337
./models/01_CTSM/cime/CIME/tests/test_unit_utils.py,TestUtils.test_run_and_log_case_status_case_submit_no_batch,python,344,MockTime.__init__,350
./models/01_CTSM/cime/CIME/tests/test_unit_utils.py,TestUtils.test_run_and_log_case_status_case_submit_error_on_batch,python,357,MockTime.__init__,364
./models/01_CTSM/cime/CIME/tests/test_unit_utils.py,TestUtils.test_run_and_log_case_status_custom_msg,python,372,MockTime.__init__,384
./models/01_CTSM/cime/CIME/tests/test_unit_utils.py,TestUtils.test_run_and_log_case_status_custom_msg,python,372,Mocker.assert_called_with,395
./models/01_CTSM/cime/CIME/tests/test_unit_utils.py,TestUtils.test_run_and_log_case_status_custom_msg,python,372,Mocker.assert_called_with,396
./models/01_CTSM/cime/CIME/tests/test_unit_utils.py,TestUtils.test_run_and_log_case_status_custom_msg_error_on_batch,python,398,MockTime.__init__,410
./models/01_CTSM/cime/CIME/tests/test_unit_utils.py,TestUtils.test_run_and_log_case_status_custom_msg_error_on_batch,python,398,Mocker.assert_called_with,423
./models/01_CTSM/cime/CIME/tests/test_unit_utils.py,TestUtils.test_run_and_log_case_status_error,python,426,MockTime.__init__,433
./models/01_CTSM/cime/CIME/tests/test_unit_xml_archive_base.py,TestXMLArchiveBase.test_exclude_testing,python,47,GenericXML.read_fd,50
./models/01_CTSM/cime/CIME/tests/test_unit_xml_archive_base.py,TestXMLArchiveBase.test_exclude_testing,python,47,ArchiveBase.exclude_testing,53
./models/01_CTSM/cime/CIME/tests/test_unit_xml_archive_base.py,TestXMLArchiveBase.test_exclude_testing,python,47,ArchiveBase.exclude_testing,56
./models/01_CTSM/cime/CIME/tests/test_unit_xml_archive_base.py,TestXMLArchiveBase.test_exclude_testing,python,47,ArchiveBase.exclude_testing,59
./models/01_CTSM/cime/CIME/tests/test_unit_xml_archive_base.py,TestXMLArchiveBase.test_exclude_testing,python,47,ArchiveBase.exclude_testing,62
./models/01_CTSM/cime/CIME/tests/test_unit_xml_archive_base.py,TestXMLArchiveBase.test_match_files,python,64,GenericXML.read_fd,67
./models/01_CTSM/cime/CIME/tests/test_unit_xml_archive_base.py,TestXMLArchiveBase.test_match_files,python,64,ArchiveBase.get_all_hist_files,92
./models/01_CTSM/cime/CIME/tests/test_unit_xml_archive_base.py,TestXMLArchiveBase.test_extension_included,python,105,GenericXML.read_fd,108
./models/01_CTSM/cime/CIME/tests/test_unit_xml_archive_base.py,TestXMLArchiveBase.test_extension_included,python,105,ArchiveBase.get_all_hist_files,132
./models/01_CTSM/cime/CIME/tests/test_unit_xml_archive_base.py,TestXMLArchiveBase.test_suffix,python,145,GenericXML.read_fd,148
./models/01_CTSM/cime/CIME/tests/test_unit_xml_archive_base.py,TestXMLArchiveBase.test_suffix,python,145,ArchiveBase.get_all_hist_files,174
./models/01_CTSM/cime/CIME/tests/test_unit_xml_env_batch.py,FakeCaseWWorkflow.get_env,python,240,_open_temp_file,246
./models/01_CTSM/cime/CIME/tests/test_unit_xml_env_batch.py,TestXMLEnvBatch.test_compare_xml,python,283,_open_temp_file,285
./models/01_CTSM/cime/CIME/tests/test_unit_xml_env_batch.py,TestXMLEnvBatch.test_compare_xml,python,283,_open_temp_file,288
./models/01_CTSM/cime/CIME/tests/test_unit_xml_env_batch.py,TestXMLEnvBatch.test_compare_xml_same,python,320,_open_temp_file,322
./models/01_CTSM/cime/CIME/tests/test_unit_xml_env_batch.py,TestXMLEnvBatch.test_compare_xml_same,python,320,_open_temp_file,325
./models/01_CTSM/cime/CIME/tests/test_unit_xml_env_batch.py,TestXMLEnvBatch.test_get_submit_args_job_queue,python,511,EnvBatch.get_submit_args,562
./models/01_CTSM/cime/CIME/tests/test_unit_xml_env_batch.py,TestXMLEnvBatch.test_get_submit_args,python,568,EnvBatch.get_submit_args,653
./models/01_CTSM/cime/CIME/tests/test_unit_xml_env_batch.py,TestXMLEnvBatch.test_get_queue_specs,python,660,EnvBatch.get_queue_specs,687
./models/01_CTSM/cime/CIME/tests/test_unit_xml_env_batch.py,TestXMLEnvBatch.test_set_job_defaults_honor_walltimemax,python,717,EnvBatch.set_job_defaults,744
./models/01_CTSM/cime/CIME/tests/test_unit_xml_env_batch.py,TestXMLEnvBatch.test_set_job_defaults_honor_walltimemin,python,773,EnvBatch.set_job_defaults,800
./models/01_CTSM/cime/CIME/tests/test_unit_xml_env_batch.py,TestXMLEnvBatch.test_set_job_defaults_user_walltime,python,829,EnvBatch.set_job_defaults,856
./models/01_CTSM/cime/CIME/tests/test_unit_xml_env_batch.py,TestXMLEnvBatch.test_set_job_defaults_walltimemax_none,python,885,EnvBatch.set_job_defaults,912
./models/01_CTSM/cime/CIME/tests/test_unit_xml_env_batch.py,TestXMLEnvBatch.test_set_job_defaults_walltimemin_none,python,941,EnvBatch.set_job_defaults,968
./models/01_CTSM/cime/CIME/tests/test_unit_xml_env_batch.py,TestXMLEnvBatch.test_set_job_defaults_walltimedef,python,997,EnvBatch.set_job_defaults,1024
./models/01_CTSM/cime/CIME/tests/test_unit_xml_env_batch.py,TestXMLEnvBatch.test_set_job_defaults,python,1053,EnvBatch.set_job_defaults,1080
./models/01_CTSM/cime/CIME/tests/test_unit_xml_env_batch.py,TestXMLEnvBatch.run_get_job_overrides,python,1229,FakeCaseWWorkflow.__init__,1239
./models/01_CTSM/cime/CIME/tests/test_unit_xml_env_batch.py,TestXMLEnvBatch.run_get_job_overrides,python,1229,EnvBatch.get_job_overrides,1259
./models/01_CTSM/cime/CIME/tests/test_unit_xml_env_mach_specific.py,TestXMLEnvMachSpecific.test_aprun_get_args,python,14,EnvMachSpecific.get_aprun_args,61
./models/01_CTSM/cime/CIME/tests/test_unit_xml_env_mach_specific.py,TestXMLEnvMachSpecific.test_get_aprun_mode_not_valid,python,71,EnvMachSpecific.get_aprun_mode,114
./models/01_CTSM/cime/CIME/tests/test_unit_xml_env_mach_specific.py,TestXMLEnvMachSpecific.test_get_aprun_mode_user_defined,python,121,EnvMachSpecific.get_aprun_mode,163
./models/01_CTSM/cime/CIME/tests/test_unit_xml_env_mach_specific.py,TestXMLEnvMachSpecific.test_get_aprun_mode_default,python,167,EnvMachSpecific.get_aprun_mode,208
./models/01_CTSM/cime/CIME/tests/test_unit_xml_env_mach_specific.py,TestXMLEnvMachSpecific.test_init_path,python,326,EnvMachSpecific.get_module_system_init_path,331
./models/01_CTSM/cime/CIME/tests/test_unit_xml_env_mach_specific.py,TestXMLEnvMachSpecific.test_cmd_path,python,338,EnvMachSpecific.get_module_system_cmd_path,343
./models/01_CTSM/cime/CIME/tests/test_unit_xml_grids.py,TestXMLGrids.test_read_config_grids,python,100,write_config_grids,102
./models/01_CTSM/cime/CIME/tests/test_unit_xml_grids.py,TestXMLGrids.test_read_config_grids,python,100,Grids._read_config_grids,106
./models/01_CTSM/cime/CIME/tests/test_unit_xml_grids.py,TestXMLGrids.test_read_config_grids,python,100,Grids._read_config_grids,113
./models/01_CTSM/cime/CIME/tests/test_unit_xml_grids.py,TestXMLGrids.test_read_config_grids,python,100,Grids._read_config_grids,115
./models/01_CTSM/cime/CIME/tests/test_unit_xml_grids.py,TestXMLGrids.test_read_config_grids,python,100,Grids._read_config_grids,122
./models/01_CTSM/cime/CIME/tests/test_unit_xml_grids.py,TestXMLGrids.test_read_config_grids,python,100,Grids._read_config_grids,132
./models/01_CTSM/cime/CIME/tests/test_unit_xml_grids.py,TestXMLGrids.test_read_config_grids,python,100,Grids._read_config_grids,134
./models/01_CTSM/cime/CIME/tests/test_unit_xml_grids.py,TestXMLGrids.test_read_config_grids,python,100,Grids._read_config_grids,138
./models/01_CTSM/cime/CIME/tests/test_unit_xml_grids.py,TestXMLGrids.test_read_config_grids,python,100,Grids._read_config_grids,148
./models/01_CTSM/cime/CIME/tests/test_unit_xml_grids.py,TestXMLGrids.test_read_config_grids,python,100,Grids._read_config_grids,150
./models/01_CTSM/cime/CIME/tests/test_unit_xml_grids.py,TestXMLGrids.test_read_config_grids,python,100,Grids._read_config_grids,157
./models/01_CTSM/cime/CIME/tests/test_unit_xml_namelist_definition.py,TestXMLNamelistDefinition.test_set_nodes,python,10,NamelistDefinition.set_nodes,31
./models/01_CTSM/cime/CIME/tests/test_unit_xml_tests.py,TestXMLTests.test_support_single_exe,python,21,touch,25
./models/01_CTSM/cime/CIME/tests/test_unit_xml_tests.py,TestXMLTests.test_support_single_exe,python,21,Tests.support_single_exe,48
./models/01_CTSM/cime/CIME/tests/test_unit_xml_tests.py,TestXMLTests.test_support_single_exe_error,python,54,touch,58
./models/01_CTSM/cime/CIME/tests/test_unit_xml_tests.py,TestXMLTests.test_support_single_exe_error,python,54,Tests.support_single_exe,83
./models/01_CTSM/cime/CIME/tests/utils.py,make_fake_teststatus,python,70,TestStatus.set_status,75
./models/01_CTSM/cime/CIME/tests/utils.py,make_fake_teststatus,python,70,TestStatus.set_status,82
./models/01_CTSM/cime/CIME/tests/utils.py,MakefileTester.query_var,python,152,GenericXML.read,194
./models/01_CTSM/cime/CIME/tests/utils.py,CMakeTester.query_var,python,250,GenericXML.read,295
./models/01_CTSM/cime/CIME/tests/utils.py,Mocker.__getattr__,python,392,Mocker.__init__,396
./models/01_CTSM/cime/CIME/tests/utils.py,Mocker.patch,python,427,Mocker.__init__,439
./models/01_CTSM/cime/CIME/tests/utils.py,Mocker.patch,python,427,Mocker.__init__,444
./models/01_CTSM/cime/CIME/Tools/generate_cylc_workflow.py,<module>,python,,_main_func,213
./models/01_CTSM/cime/CIME/Tools/generate_cylc_workflow.py,parse_command_line,python,21,setup_standard_logging_options,27
./models/01_CTSM/cime/CIME/Tools/generate_cylc_workflow.py,parse_command_line,python,21,parse_args_and_handle_standard_logging_options,50
./models/01_CTSM/cime/CIME/Tools/generate_cylc_workflow.py,cylc_batch_job_template,python,83,EnvBatch.get_batch_system_type,86
./models/01_CTSM/cime/CIME/Tools/generate_cylc_workflow.py,cylc_batch_job_template,python,83,EnvBatch.get_submit_args,88
./models/01_CTSM/cime/CIME/Tools/generate_cylc_workflow.py,cylc_batch_job_template,python,83,cylc_get_case_path_string,89
./models/01_CTSM/cime/CIME/Tools/generate_cylc_workflow.py,cylc_script_job_template,python,111,cylc_get_case_path_string,112
./models/01_CTSM/cime/CIME/Tools/generate_cylc_workflow.py,_main_func,python,122,parse_command_line,124
./models/01_CTSM/cime/CIME/Tools/generate_cylc_workflow.py,_main_func,python,122,cylc_get_ensemble_first_and_last,144
./models/01_CTSM/cime/CIME/Tools/generate_cylc_workflow.py,_main_func,python,122,cylc_get_case_path_string,163
./models/01_CTSM/cime/CIME/Tools/generate_cylc_workflow.py,_main_func,python,122,EnvBatch.get_job_overrides,172
./models/01_CTSM/cime/CIME/Tools/generate_cylc_workflow.py,_main_func,python,122,cylc_batch_job_template,174
./models/01_CTSM/cime/CIME/Tools/generate_cylc_workflow.py,_main_func,python,122,EnvBatch.get_job_overrides,185
./models/01_CTSM/cime/CIME/Tools/generate_cylc_workflow.py,_main_func,python,122,cylc_batch_job_template,188
./models/01_CTSM/cime/CIME/Tools/generate_cylc_workflow.py,_main_func,python,122,cylc_script_job_template,192
./models/01_CTSM/cime/CIME/Tools/generate_cylc_workflow.py,_main_func,python,122,EnvBatch.get_batch_directives,198
./models/01_CTSM/cime/CIME/Tools/standard_script_setup.py,<module>,python,,check_minimum_python_version,40
./models/01_CTSM/cime/CIME/Tools/standard_script_setup.py,<module>,python,,check_minimum_python_version,42
./models/01_CTSM/cime/CIME/Tools/testreporter.py,<module>,python,,_main_func,259
./models/01_CTSM/cime/CIME/Tools/testreporter.py,parse_command_line,python,23,setup_standard_logging_options,27
./models/01_CTSM/cime/CIME/Tools/testreporter.py,parse_command_line,python,23,parse_args_and_handle_standard_logging_options,47
./models/01_CTSM/cime/CIME/Tools/testreporter.py,get_testreporter_xml,python,60,TestReporter.setup_header,95
./models/01_CTSM/cime/CIME/Tools/testreporter.py,get_testreporter_xml,python,60,TestReporter.add_result,230
./models/01_CTSM/cime/CIME/Tools/testreporter.py,_main_func,python,236,parse_command_line,239
./models/01_CTSM/cime/CIME/Tools/testreporter.py,_main_func,python,236,get_testreporter_xml,241
./models/01_CTSM/cime/CIME/Tools/testreporter.py,_main_func,python,236,TestReporter.push2testdb,253
./models/01_CTSM/cime/CIME/Tools/xmlconvertors/config_pes_converter.py,<module>,python,,pes_compare,309
./models/01_CTSM/cime/CIME/Tools/xmlconvertors/config_pes_converter.py,PesTree.__init__,python,201,GenericXML.read,207
./models/01_CTSM/cime/CIME/Tools/xmlconvertors/config_pes_converter.py,PesTree.writexml,python,236,ParamGen.append,240
./models/01_CTSM/cime/CIME/Tools/xmlconvertors/config_pes_converter.py,PesTree.writexml,python,236,ParamGen.append,241
./models/01_CTSM/cime/CIME/Tools/xmlconvertors/config_pes_converter.py,PesTree.writexml,python,236,ParamGen.append,242
./models/01_CTSM/cime/CIME/Tools/xmlconvertors/config_pes_converter.py,PesTree.writexml,python,236,ParamGen.append,244
./models/01_CTSM/cime/CIME/Tools/xmlconvertors/config_pes_converter.py,diff_tree,python,253,ParamGen.append,263
./models/01_CTSM/cime/CIME/Tools/xmlconvertors/config_pes_converter.py,diff_tree,python,253,ParamGen.append,265
./models/01_CTSM/cime/CIME/Tools/xmlconvertors/config_pes_converter.py,diff_tree,python,253,ParamGen.append,272
./models/01_CTSM/cime/CIME/Tools/xmlconvertors/config_pes_converter.py,diff_tree,python,253,ParamGen.append,273
./models/01_CTSM/cime/CIME/Tools/xmlconvertors/config_pes_converter.py,diff_tree,python,253,ParamGen.append,276
./models/01_CTSM/cime/CIME/Tools/xmlconvertors/config_pes_converter.py,diff_tree,python,253,ParamGen.append,278
./models/01_CTSM/cime/CIME/Tools/xmlconvertors/config_pes_converter.py,diff_tree,python,253,ParamGen.append,284
./models/01_CTSM/cime/CIME/Tools/xmlconvertors/config_pes_converter.py,pes_compare,python,297,parse_command_line,298
./models/01_CTSM/cime/CIME/Tools/xmlconvertors/config_pes_converter.py,pes_compare,python,297,PesTree.__init__,300
./models/01_CTSM/cime/CIME/Tools/xmlconvertors/config_pes_converter.py,pes_compare,python,297,PesTree.__init__,301
./models/01_CTSM/cime/CIME/Tools/xmlconvertors/config_pes_converter.py,pes_compare,python,297,diff_tree,304
./models/01_CTSM/cime/CIME/Tools/xmlconvertors/grid_xml_converter.py,<module>,python,,grid_compare,502
./models/01_CTSM/cime/CIME/Tools/xmlconvertors/grid_xml_converter.py,GridTree.writexml,python,351,ParamGen.append,356
./models/01_CTSM/cime/CIME/Tools/xmlconvertors/grid_xml_converter.py,GridTree.writexml,python,351,ParamGen.append,357
./models/01_CTSM/cime/CIME/Tools/xmlconvertors/grid_xml_converter.py,GridTree.writexml,python,351,ParamGen.append,358
./models/01_CTSM/cime/CIME/Tools/xmlconvertors/grid_xml_converter.py,GridTree.writexml,python,351,ParamGen.append,361
./models/01_CTSM/cime/CIME/Tools/xmlconvertors/grid_xml_converter.py,DomainTree.writexml,python,385,ParamGen.append,390
./models/01_CTSM/cime/CIME/Tools/xmlconvertors/grid_xml_converter.py,DomainTree.writexml,python,385,ParamGen.append,391
./models/01_CTSM/cime/CIME/Tools/xmlconvertors/grid_xml_converter.py,DomainTree.writexml,python,385,ParamGen.append,392
./models/01_CTSM/cime/CIME/Tools/xmlconvertors/grid_xml_converter.py,DomainTree.writexml,python,385,ParamGen.append,394
./models/01_CTSM/cime/CIME/Tools/xmlconvertors/grid_xml_converter.py,GridmapTree.populate,python,404,GridmapNode.set_data,412
./models/01_CTSM/cime/CIME/Tools/xmlconvertors/grid_xml_converter.py,GridmapTree.writexml,python,415,ParamGen.append,420
./models/01_CTSM/cime/CIME/Tools/xmlconvertors/grid_xml_converter.py,GridmapTree.writexml,python,415,ParamGen.append,421
./models/01_CTSM/cime/CIME/Tools/xmlconvertors/grid_xml_converter.py,GridmapTree.writexml,python,415,ParamGen.append,422
./models/01_CTSM/cime/CIME/Tools/xmlconvertors/grid_xml_converter.py,GridmapTree.writexml,python,415,ParamGen.append,424
./models/01_CTSM/cime/CIME/Tools/xmlconvertors/grid_xml_converter.py,diff_tree,python,432,ParamGen.append,442
./models/01_CTSM/cime/CIME/Tools/xmlconvertors/grid_xml_converter.py,diff_tree,python,432,ParamGen.append,444
./models/01_CTSM/cime/CIME/Tools/xmlconvertors/grid_xml_converter.py,diff_tree,python,432,ParamGen.append,451
./models/01_CTSM/cime/CIME/Tools/xmlconvertors/grid_xml_converter.py,diff_tree,python,432,ParamGen.append,452
./models/01_CTSM/cime/CIME/Tools/xmlconvertors/grid_xml_converter.py,diff_tree,python,432,ParamGen.append,455
./models/01_CTSM/cime/CIME/Tools/xmlconvertors/grid_xml_converter.py,diff_tree,python,432,ParamGen.append,457
./models/01_CTSM/cime/CIME/Tools/xmlconvertors/grid_xml_converter.py,diff_tree,python,432,ParamGen.append,463
./models/01_CTSM/cime/CIME/Tools/xmlconvertors/grid_xml_converter.py,grid_compare,python,474,parse_command_line,475
./models/01_CTSM/cime/CIME/Tools/xmlconvertors/grid_xml_converter.py,grid_compare,python,474,diff_tree,485
./models/01_CTSM/cime/CIME/Tools/xmlconvertors/grid_xml_converter.py,grid_compare,python,474,diff_tree,490
./models/01_CTSM/cime/CIME/Tools/xmlconvertors/grid_xml_converter.py,grid_compare,python,474,diff_tree,495
./models/01_CTSM/cime/CIME/XML/archive.py,Archive.__init__,python,15,Files.get_schema,21
./models/01_CTSM/cime/CIME/XML/archive.py,Archive.setup,python,24,GenericXML.make_child,28
./models/01_CTSM/cime/CIME/XML/archive.py,Archive.setup,python,24,ParamGen.append,38
./models/01_CTSM/cime/CIME/XML/archive.py,Archive.setup,python,24,Archive.__init__,44
./models/01_CTSM/cime/CIME/XML/archive.py,Archive.setup,python,24,GenericXML.add_child,68
./models/01_CTSM/cime/CIME/XML/archive.py,Archive.get_all_config_archive_files,python,70,ParamGen.append,89
./models/01_CTSM/cime/CIME/XML/archive_base.py,ArchiveBase._get_file_node_text,python,47,ParamGen.append,59
./models/01_CTSM/cime/CIME/XML/archive_base.py,ArchiveBase.get_latest_hist_files,python,99,_get_extension,114
./models/01_CTSM/cime/CIME/XML/archive_base.py,ArchiveBase.get_latest_hist_files,python,99,ParamGen.append,118
./models/01_CTSM/cime/CIME/XML/archive_base.py,_get_extension,python,194,ParamGen.append,247
./models/01_CTSM/cime/CIME/XML/archive_base.py,_get_extension,python,194,ParamGen.append,250
./models/01_CTSM/cime/CIME/XML/batch.py,Batch.__init__,python,16,Files.get_schema,39
./models/01_CTSM/cime/CIME/XML/batch.py,Batch.get_batch_jobs,python,149,ParamGen.append,164
./models/01_CTSM/cime/CIME/XML/component.py,Component.__init__,python,14,Files.get_schema,26
./models/01_CTSM/cime/CIME/XML/component.py,Component._get_value_match,python,50,ParamGen.append,77
./models/01_CTSM/cime/CIME/XML/component.py,Component._get_value_match,python,50,ParamGen.append,100
./models/01_CTSM/cime/CIME/XML/component.py,Component._get_value_match,python,50,ParamGen.append,107
./models/01_CTSM/cime/CIME/XML/component.py,Component._get_description_v3,python,146,GenericXML.pop,207
./models/01_CTSM/cime/CIME/XML/component.py,Component.return_values,python,332,ParamGen.append,363
./models/01_CTSM/cime/CIME/XML/compsets.py,Compsets.__init__,python,14,Files.get_schema,17
./models/01_CTSM/cime/CIME/XML/compsets.py,Compsets.get_compset_match,python,22,ParamGen.append,40
./models/01_CTSM/cime/CIME/XML/compsets.py,Compsets.get_compset_var_settings,python,47,ParamGen.append,63
./models/01_CTSM/cime/CIME/XML/compsets.py,Compsets.get_compset_longnames,python,108,ParamGen.append,112
./models/01_CTSM/cime/CIME/XML/entry_id.py,EntryID._get_value_match,python,90,ParamGen.append,138
./models/01_CTSM/cime/CIME/XML/entry_id.py,EntryID.get_groups,python,208,ParamGen.append,216
./models/01_CTSM/cime/CIME/XML/entry_id.py,EntryID.get_values,python,319,ParamGen.append,337
./models/01_CTSM/cime/CIME/XML/entry_id.py,EntryID.get_values,python,319,ParamGen.append,340
./models/01_CTSM/cime/CIME/XML/entry_id.py,EntryID.get_elements_from_child_content,python,408,ParamGen.append,418
./models/01_CTSM/cime/CIME/XML/entry_id.py,EntryID.add_elements_by_group,python,422,EntryID.get_elements_from_child_content,432
./models/01_CTSM/cime/CIME/XML/entry_id.py,EntryID.add_elements_by_group,python,422,GenericXML.get_element_text,440
./models/01_CTSM/cime/CIME/XML/entry_id.py,EntryID.compare_xml,python,474,GenericXML.scan_optional_child,482
./models/01_CTSM/cime/CIME/XML/env_archive.py,EnvArchive.get_rpointer_contents,python,27,ParamGen.append,33
./models/01_CTSM/cime/CIME/XML/env_base.py,EnvBase.__init__,python,13,Headers.get_header_node,29
./models/01_CTSM/cime/CIME/XML/env_base.py,EnvBase.scan_children,python,102,EnvBase.get_children,109
./models/01_CTSM/cime/CIME/XML/env_batch.py,EnvBatch.get_jobs,python,119,ParamGen.append,124
./models/01_CTSM/cime/CIME/XML/env_batch.py,EnvBatch.create_job_groups,python,128,ParamGen.append,141
./models/01_CTSM/cime/CIME/XML/env_batch.py,EnvBatch.set_batch_system,python,177,GenericXML.get_optional_child,185
./models/01_CTSM/cime/CIME/XML/env_batch.py,EnvBatch.set_batch_system,python,177,GenericXML.remove_child,190
./models/01_CTSM/cime/CIME/XML/env_batch.py,EnvBatch.get_batch_directives,python,530,ParamGen.append,603
./models/01_CTSM/cime/CIME/XML/env_batch.py,EnvBatch._get_arg_nodes,python,623,ParamGen.append,639
./models/01_CTSM/cime/CIME/XML/env_batch.py,EnvBatch.submit_jobs,python,764,ParamGen.append,841
./models/01_CTSM/cime/CIME/XML/env_batch.py,EnvBatch.submit_jobs,python,764,get_job_deps,863
./models/01_CTSM/cime/CIME/XML/env_batch.py,EnvBatch.submit_jobs,python,764,ParamGen.append,884
./models/01_CTSM/cime/CIME/XML/env_batch.py,EnvBatch._build_run_args,python,924,EnvBatch._get_supported_args,934
./models/01_CTSM/cime/CIME/XML/env_batch.py,EnvBatch._submit_single_job,python,967,ParamGen.append,1102
./models/01_CTSM/cime/CIME/XML/env_batch.py,EnvBatch._get_all_queue_names,python,1258,ParamGen.append,1264
./models/01_CTSM/cime/CIME/XML/env_batch.py,EnvBatch.get_all_queues,python,1348,ParamGen.append,1358
./models/01_CTSM/cime/CIME/XML/env_batch.py,EnvBatch.get_all_queues,python,1348,GenericXML.pop,1365
./models/01_CTSM/cime/CIME/XML/env_batch.py,EnvBatch.zip,python,1419,ParamGen.append,1436
./models/01_CTSM/cime/CIME/XML/env_batch.py,get_job_deps,python,1574,ParamGen.append,1596
./models/01_CTSM/cime/CIME/XML/env_batch.py,get_job_deps,python,1574,ParamGen.append,1604
./models/01_CTSM/cime/CIME/XML/env_batch.py,get_job_deps,python,1574,ParamGen.append,1607
./models/01_CTSM/cime/CIME/XML/env_mach_pes.py,EnvMachPes.get_total_tasks,python,110,ParamGen.append,134
./models/01_CTSM/cime/CIME/XML/env_mach_specific.py,EnvMachSpecific.populate,python,49,Machines.get_first_child_nodes,60
./models/01_CTSM/cime/CIME/XML/env_mach_specific.py,EnvMachSpecific.make_env_mach_specific_file,python,230,ParamGen.append,246
./models/01_CTSM/cime/CIME/XML/env_mach_specific.py,EnvMachSpecific.make_env_mach_specific_file,python,230,ParamGen.append,247
./models/01_CTSM/cime/CIME/XML/env_mach_specific.py,EnvMachSpecific.make_env_mach_specific_file,python,230,ParamGen.append,250
./models/01_CTSM/cime/CIME/XML/env_mach_specific.py,EnvMachSpecific.make_env_mach_specific_file,python,230,ParamGen.append,252
./models/01_CTSM/cime/CIME/XML/env_mach_specific.py,EnvMachSpecific.make_env_mach_specific_file,python,230,ParamGen.append,255
./models/01_CTSM/cime/CIME/XML/env_mach_specific.py,EnvMachSpecific.make_env_mach_specific_file,python,230,ParamGen.append,257
./models/01_CTSM/cime/CIME/XML/env_mach_specific.py,EnvMachSpecific.make_env_mach_specific_file,python,230,Case.get_primary_job,262
./models/01_CTSM/cime/CIME/XML/env_mach_specific.py,EnvMachSpecific.make_env_mach_specific_file,python,230,ParamGen.append,271
./models/01_CTSM/cime/CIME/XML/env_mach_specific.py,EnvMachSpecific.make_env_mach_specific_file,python,230,ParamGen.append,282
./models/01_CTSM/cime/CIME/XML/env_mach_specific.py,EnvMachSpecific.make_env_mach_specific_file,python,230,ParamGen.append,285
./models/01_CTSM/cime/CIME/XML/env_mach_specific.py,EnvMachSpecific.make_env_mach_specific_file,python,230,ParamGen.append,287
./models/01_CTSM/cime/CIME/XML/env_mach_specific.py,EnvMachSpecific.make_env_mach_specific_file,python,230,ParamGen.append,292
./models/01_CTSM/cime/CIME/XML/env_mach_specific.py,EnvMachSpecific.make_env_mach_specific_file,python,230,ParamGen.append,295
./models/01_CTSM/cime/CIME/XML/env_mach_specific.py,EnvMachSpecific.make_env_mach_specific_file,python,230,ParamGen.append,297
./models/01_CTSM/cime/CIME/XML/env_mach_specific.py,EnvMachSpecific._compute_actions,python,331,ParamGen.append,364
./models/01_CTSM/cime/CIME/XML/env_mach_specific.py,EnvMachSpecific._compute_actions,python,331,ParamGen.append,366
./models/01_CTSM/cime/CIME/XML/env_mach_specific.py,EnvMachSpecific._get_module_commands,python,420,ParamGen.append,452
./models/01_CTSM/cime/CIME/XML/env_mach_specific.py,EnvMachSpecific._get_module_commands,python,420,ParamGen.append,460
./models/01_CTSM/cime/CIME/XML/env_mach_specific.py,EnvMachSpecific.get_mpirun,python,714,ParamGen.append,738
./models/01_CTSM/cime/CIME/XML/env_test.py,EnvTest.get_settings_for_phase,python,83,ParamGen.append,93
./models/01_CTSM/cime/CIME/XML/env_workflow.py,EnvWorkflow.create_job_groups,python,30,ParamGen.append,43
./models/01_CTSM/cime/CIME/XML/env_workflow.py,EnvWorkflow.get_jobs,python,68,ParamGen.append,72
./models/01_CTSM/cime/CIME/XML/files.py,Files.get_components,python,160,ParamGen.append,169
./models/01_CTSM/cime/CIME/XML/generic_xml.py,_Element.__deepcopy__,python,36,_Element.__init__,37
./models/01_CTSM/cime/CIME/XML/generic_xml.py,GenericXML.__init__,python,69,_Element.__init__,107
./models/01_CTSM/cime/CIME/XML/generic_xml.py,GenericXML.read_fd,python,160,_Element.__init__,167
./models/01_CTSM/cime/CIME/XML/generic_xml.py,GenericXML.read_fd,python,160,_Element.__init__,178
./models/01_CTSM/cime/CIME/XML/generic_xml.py,GenericXML.pop,python,244,GenericXML.pop,259
./models/01_CTSM/cime/CIME/XML/generic_xml.py,GenericXML.add_child,python,293,ParamGen.append,310
./models/01_CTSM/cime/CIME/XML/generic_xml.py,GenericXML.make_child,python,328,_Element.__init__,338
./models/01_CTSM/cime/CIME/XML/generic_xml.py,GenericXML.make_child,python,328,_Element.__init__,340
./models/01_CTSM/cime/CIME/XML/generic_xml.py,GenericXML.make_child_comment,python,347,_Element.__init__,357
./models/01_CTSM/cime/CIME/XML/generic_xml.py,GenericXML.make_child_comment,python,347,ParamGen.append,358
./models/01_CTSM/cime/CIME/XML/generic_xml.py,GenericXML.get_children,python,361,ParamGen.append,392
./models/01_CTSM/cime/CIME/XML/generic_xml.py,GenericXML.get_children,python,361,_Element.__init__,392
./models/01_CTSM/cime/CIME/XML/generic_xml.py,GenericXML.scan_children,python,552,_Element.__init__,603
./models/01_CTSM/cime/CIME/XML/grids.py,Grids.__init__,python,33,Files.get_schema,39
./models/01_CTSM/cime/CIME/XML/grids.py,Grids._get_grid_names,python,53,ParamGen.append,61
./models/01_CTSM/cime/CIME/XML/grids.py,Grids._get_grid_names,python,53,ParamGen.append,63
./models/01_CTSM/cime/CIME/XML/grids.py,Grids.get_grid_info,python,67,_ComponentGrids.__init__,98
./models/01_CTSM/cime/CIME/XML/grids.py,Grids.get_grid_info,python,67,_ComponentGrids.check_num_elements,109
./models/01_CTSM/cime/CIME/XML/grids.py,Grids._get_domains,python,252,_ComponentGrids.get_comp_gridname,255
./models/01_CTSM/cime/CIME/XML/grids.py,Grids._get_domains,python,252,_ComponentGrids.get_compnames,257
./models/01_CTSM/cime/CIME/XML/grids.py,Grids._get_domains,python,252,_ComponentGrids.get_comp_gridlist,258
./models/01_CTSM/cime/CIME/XML/grids.py,Grids._get_domains_for_one_grid,python,292,_add_grid_info,326
./models/01_CTSM/cime/CIME/XML/grids.py,Grids._get_domains_for_one_grid,python,292,_add_grid_info,332
./models/01_CTSM/cime/CIME/XML/grids.py,Grids._get_domains_for_one_grid,python,292,_add_grid_info,374
./models/01_CTSM/cime/CIME/XML/grids.py,Grids._get_domains_for_one_grid,python,292,_add_grid_info,381
./models/01_CTSM/cime/CIME/XML/grids.py,Grids._get_domains_for_one_grid,python,292,_add_grid_info,390
./models/01_CTSM/cime/CIME/XML/grids.py,Grids._get_domains_for_one_grid,python,292,_add_grid_info,397
./models/01_CTSM/cime/CIME/XML/grids.py,Grids._get_gridmaps,python,399,_ComponentGrids.get_compnames,421
./models/01_CTSM/cime/CIME/XML/grids.py,Grids._get_gridmaps,python,399,_ComponentGrids.get_comp_gridlist,426
./models/01_CTSM/cime/CIME/XML/grids.py,Grids._get_gridmaps,python,399,_ComponentGrids.get_comp_gridlist,427
./models/01_CTSM/cime/CIME/XML/grids.py,Grids._get_gridmaps,python,399,ParamGen.append,456
./models/01_CTSM/cime/CIME/XML/grids.py,Grids._get_gridmaps,python,399,_get_unset_gridmap_value,459
./models/01_CTSM/cime/CIME/XML/grids.py,Grids._get_gridmaps,python,399,_ComponentGrids.get_comp_gridname,468
./models/01_CTSM/cime/CIME/XML/grids.py,Grids._get_gridmaps,python,399,_strip_grid_from_name,470
./models/01_CTSM/cime/CIME/XML/grids.py,Grids._get_gridmaps,python,399,_strip_grid_from_name,471
./models/01_CTSM/cime/CIME/XML/grids.py,Grids._get_gridmaps,python,399,_ComponentGrids.get_comp_gridname,472
./models/01_CTSM/cime/CIME/XML/grids.py,Grids._get_gridmaps,python,399,_ComponentGrids.get_comp_gridname,473
./models/01_CTSM/cime/CIME/XML/grids.py,Grids._get_gridmaps_for_one_grid_pair,python,502,_add_grid_info,556
./models/01_CTSM/cime/CIME/XML/grids.py,Grids.print_values,python,558,ParamGen.append,639
./models/01_CTSM/cime/CIME/XML/grids.py,_ComponentGrids.get_compnames,python,715,ParamGen.append,733
./models/01_CTSM/cime/CIME/XML/grids.py,_ComponentGrids.get_gridmap_total_nmaps,python,760,_get_compnames_from_mapname,767
./models/01_CTSM/cime/CIME/XML/grids.py,_get_unset_gridmap_value,python,875,_get_compnames_from_mapname,881
./models/01_CTSM/cime/CIME/XML/grids.py,_get_unset_gridmap_value,python,875,_ComponentGrids.get_comp_gridname,882
./models/01_CTSM/cime/CIME/XML/grids.py,_get_unset_gridmap_value,python,875,_ComponentGrids.get_comp_gridname,883
./models/01_CTSM/cime/CIME/XML/inputdata.py,Inputdata.__init__,python,13,Files.get_schema,21
./models/01_CTSM/cime/CIME/XML/machines.py,Machines.__init__,python,44,ParamGen.append,82
./models/01_CTSM/cime/CIME/XML/machines.py,Machines.__init__,python,44,Files.get_schema,87
./models/01_CTSM/cime/CIME/XML/machines.py,Machines.__init__,python,44,Files.get_schema,90
./models/01_CTSM/cime/CIME/XML/machines.py,Machines.__init__,python,44,Files.get_schema,96
./models/01_CTSM/cime/CIME/XML/machines.py,Machines.__init__,python,44,ParamGen.append,115
./models/01_CTSM/cime/CIME/XML/machines.py,Machines.__init__,python,44,ParamGen.append,122
./models/01_CTSM/cime/CIME/XML/machines.py,Machines.get_node_names,python,160,ParamGen.append,167
./models/01_CTSM/cime/CIME/XML/machines.py,Machines.list_available_machines,python,177,ParamGen.append,185
./models/01_CTSM/cime/CIME/XML/machines.py,Machines.list_available_machines,python,177,ParamGen.append,196
./models/01_CTSM/cime/CIME/XML/machines.py,Machines.probe_machine_name,python,201,ParamGen.append,214
./models/01_CTSM/cime/CIME/XML/machines.py,Machines.probe_machine_name,python,201,ParamGen.append,220
./models/01_CTSM/cime/CIME/XML/machines.py,Machines.env_formatter,python,,Machines._get_resolved_environment_variable,601
./models/01_CTSM/cime/CIME/XML/machines.py,Machines._filter_children_by_compiler,python,617,GenericXML.pop,640
./models/01_CTSM/cime/CIME/XML/machines.py,Machines._get_children_filter_attribute_regex,python,647,match_value_by_attribute_regex,664
./models/01_CTSM/cime/CIME/XML/namelist_definition.py,NamelistDefinition.__init__,python,79,Files.get_schema,87
./models/01_CTSM/cime/CIME/XML/namelist_definition.py,NamelistDefinition.__init__,python,79,CaseInsensitiveDict.__init__,96
./models/01_CTSM/cime/CIME/XML/namelist_definition.py,NamelistDefinition.set_nodes,python,107,ParamGen.append,125
./models/01_CTSM/cime/CIME/XML/namelist_definition.py,NamelistDefinition.set_nodes,python,107,ParamGen.append,130
./models/01_CTSM/cime/CIME/XML/namelist_definition.py,NamelistDefinition.get_per_stream_entries,python,181,ParamGen.append,187
./models/01_CTSM/cime/CIME/XML/namelist_definition.py,NamelistDefinition._split_defaults_text,python,230,ParamGen.append,246
./models/01_CTSM/cime/CIME/XML/namelist_definition.py,NamelistDefinition._split_defaults_text,python,230,ParamGen.append,253
./models/01_CTSM/cime/CIME/XML/namelist_definition.py,NamelistDefinition.is_valid_value,python,325,ParamGen.append,339
./models/01_CTSM/cime/CIME/XML/namelist_definition.py,NamelistDefinition.is_valid_value,python,325,ParamGen.append,369
./models/01_CTSM/cime/CIME/XML/namelist_definition.py,NamelistDefinition.validate,python,427,Namelist.get_group_names,436
./models/01_CTSM/cime/CIME/XML/namelist_definition.py,NamelistDefinition.validate,python,427,Namelist.get_variable_names,437
./models/01_CTSM/cime/CIME/XML/namelist_definition.py,NamelistDefinition.validate,python,427,Namelist.get_variable_value,461
./models/01_CTSM/cime/CIME/XML/pes.py,Pes.__init__,python,13,Files.get_schema,19
./models/01_CTSM/cime/CIME/XML/pio.py,PIO.get_defaults,python,40,ParamGen.append,60
./models/01_CTSM/cime/CIME/XML/postprocessing.py,Postprocessing.__init__,python,14,Files.get_schema,30
./models/01_CTSM/cime/CIME/XML/testlist.py,Testlist.__init__,python,47,Files.get_schema,54
./models/01_CTSM/cime/CIME/XML/testlist.py,Testlist.get_tests,python,63,ParamGen.append,140
./models/01_CTSM/cime/CIME/XML/test_reporter.py,TestReporter.push2testdb,python,68,GenericXML.read,84
./models/01_CTSM/cime/CIME/XML/workflow.py,Workflow.__init__,python,14,Files.get_schema,24
./models/01_CTSM/cime/CIME/XML/workflow.py,Workflow.get_workflow_jobs,python,34,ParamGen.append,54
./models/01_CTSM/cime/CIME/XML/workflow.py,Workflow.get_workflow_jobs,python,34,ParamGen.append,83
./models/01_CTSM/cime/doc/generate_xmlschema.py,generate_xml_from_schema,python,7,ParamGen.append,15
./models/01_CTSM/cime/doc/generate_xmlschema.py,generate_xml_from_schema,python,7,ParamGen.append,19
./models/01_CTSM/cime/doc/generate_xmlschema.py,generate_xml_from_schema,python,7,ParamGen.append,25
./models/01_CTSM/cime/doc/generate_xmlschema.py,generate_xml_from_schema,python,7,ParamGen.append,27
./models/01_CTSM/cime/doc/generate_xmlschema.py,generate_xml_from_schema,python,7,generate_xml_from_schema,29
./models/01_CTSM/cime/doc/generate_xmlschema.py,generate_xml_from_schema,python,7,ParamGen.append,30
./models/01_CTSM/cime/doc/generate_xmlschema.py,<module>,python,,generate_xml_from_schema,54
./models/01_CTSM/cime/doc/generate_xmlschema.py,<module>,python,,generate_code_block,56
./models/01_CTSM/cime/scripts/fortran_unit_testing/run_tests.py,<module>,python,,_main,487
./models/01_CTSM/cime/scripts/fortran_unit_testing/run_tests.py,parse_command_line,python,31,setup_standard_logging_options,38
./models/01_CTSM/cime/scripts/fortran_unit_testing/run_tests.py,parse_command_line,python,31,parse_args_and_handle_standard_logging_options,141
./models/01_CTSM/cime/scripts/fortran_unit_testing/run_tests.py,parse_command_line,python,31,Printer.print_error,145
./models/01_CTSM/cime/scripts/fortran_unit_testing/run_tests.py,cmake_stage,python,173,ParamGen.append,224
./models/01_CTSM/cime/scripts/fortran_unit_testing/run_tests.py,cmake_stage,python,173,ParamGen.append,226
./models/01_CTSM/cime/scripts/fortran_unit_testing/run_tests.py,cmake_stage,python,173,ParamGen.append,229
./models/01_CTSM/cime/scripts/fortran_unit_testing/run_tests.py,cmake_stage,python,173,ParamGen.append,231
./models/01_CTSM/cime/scripts/fortran_unit_testing/run_tests.py,cmake_stage,python,173,ParamGen.append,234
./models/01_CTSM/cime/scripts/fortran_unit_testing/run_tests.py,make_stage,python,242,ParamGen.append,257
./models/01_CTSM/cime/scripts/fortran_unit_testing/run_tests.py,find_pfunit,python,262,CmakeTmpBuildDir.get_makefile_vars,272
./models/01_CTSM/cime/scripts/fortran_unit_testing/run_tests.py,_main,python,291,parse_command_line,309
./models/01_CTSM/cime/scripts/fortran_unit_testing/run_tests.py,_main,python,291,parse,319
./models/01_CTSM/cime/scripts/fortran_unit_testing/run_tests.py,_main,python,291,ParamGen.append,325
./models/01_CTSM/cime/scripts/fortran_unit_testing/run_tests.py,_main,python,291,find_pfunit,407
./models/01_CTSM/cime/scripts/fortran_unit_testing/run_tests.py,_main,python,291,cmake_stage,450
./models/01_CTSM/cime/scripts/fortran_unit_testing/run_tests.py,_main,python,291,make_stage,461
./models/01_CTSM/cime/scripts/fortran_unit_testing/run_tests.py,_main,python,291,ParamGen.append,474
./models/01_CTSM/cime/scripts/fortran_unit_testing/python/xml_test_list.py,suites_from_xml,python,63,ParamGen.append,98
./models/01_CTSM/cime/scripts/fortran_unit_testing/python/xml_test_list.py,suites_from_xml,python,63,ParamGen.append,100
./models/01_CTSM/cime/scripts/fortran_unit_testing/python/xml_test_list.py,suites_from_xml,python,63,ParamGen.append,102
./models/01_CTSM/cime/scripts/fortran_unit_testing/python/xml_test_list.py,suites_from_xml,python,63,TestSuiteSpec.__init__,103
./models/01_CTSM/cime/tools/utils/find_circular_dependency.py,<module>,python,,usage,102
./models/01_CTSM/cime/tools/utils/find_circular_dependency.py,<module>,python,,main,105
./models/01_CTSM/cime/tools/utils/find_circular_dependency.py,<module>,python,,usage,107
./models/01_CTSM/cime/tools/utils/find_circular_dependency.py,find_dependencies,python,28,ParamGen.append,41
./models/01_CTSM/cime/tools/utils/find_circular_dependency.py,find_dependencies,python,28,ParamGen.append,44
./models/01_CTSM/cime/tools/utils/find_circular_dependency.py,find_dependencies,python,28,find_dependencies,45
./models/01_CTSM/cime/tools/utils/find_circular_dependency.py,find_dependencies,python,28,ParamGen.append,49
./models/01_CTSM/cime/tools/utils/find_circular_dependency.py,find_circular_dep,python,52,find_dependencies,83
./models/01_CTSM/cime/tools/utils/find_circular_dependency.py,main,python,86,find_circular_dep,92
./models/01_CTSM/cime_config/SystemTests/fsurdatmodifyctsm.py,FSURDATMODIFYCTSM.__init__,python,24,create_namelists,34
./models/01_CTSM/cime_config/SystemTests/fsurdatmodifyctsm.py,FSURDATMODIFYCTSM.__init__,python,24,check_all_input_data,36
./models/01_CTSM/cime_config/SystemTests/lilacsmoke.py,LILACSMOKE._run_build_cmd,python,392,GenericXML.read,404
./models/01_CTSM/cime_config/SystemTests/lreprstruct.py,LREPRSTRUCT._case_one_setup,python,40,GenericXML.read,57
./models/01_CTSM/cime_config/SystemTests/pvt.py,PVT.__init__,python,22,error,44
./models/01_CTSM/cime_config/SystemTests/rxcropmaturity.py,RXCROPMATURITYSHARED.__init__,python,30,error,82
./models/01_CTSM/cime_config/SystemTests/rxcropmaturity.py,RXCROPMATURITYSHARED.__init__,python,30,error,94
./models/01_CTSM/cime_config/SystemTests/rxcropmaturity.py,RXCROPMATURITYSHARED._run_phase,python,109,check_all_input_data,157
./models/01_CTSM/cime_config/SystemTests/rxcropmaturity.py,RXCROPMATURITYSHARED._get_rx_dates,python,219,error,254
./models/01_CTSM/cime_config/SystemTests/rxcropmaturity.py,RXCROPMATURITYSHARED._get_rx_dates,python,219,error,264
./models/01_CTSM/cime_config/SystemTests/rxcropmaturity.py,RXCROPMATURITYSHARED._run_fsurdat_modifier,python,281,error,293
./models/01_CTSM/cime_config/SystemTests/rxcropmaturity.py,RXCROPMATURITYSHARED._modify_user_nl_allruns,python,402,ParamGen.append,421
./models/01_CTSM/cime_config/SystemTests/rxcropmaturity.py,RXCROPMATURITYSHARED._run_generate_gdds,python,424,error,464
./models/01_CTSM/cime_config/SystemTests/rxcropmaturity.py,RXCROPMATURITYSHARED._get_flanduse_timeseries_in,python,509,create_namelists,510
./models/01_CTSM/cime_config/SystemTests/systemtest_utils.py,cmds_to_run_via_conda,python,32,cmds_to_setup_conda,34
./models/01_CTSM/cime_config/SystemTests/systemtest_utils.py,run_python_script,python,44,cmds_to_run_via_conda,47
./models/01_CTSM/cime_config/SystemTests/systemtest_utils.py,run_python_script,python,44,cmds_to_run_via_conda,58
./models/01_CTSM/cime_config/SystemTests/systemtest_utils.py,find_user_nl_option,python,91,GenericXML.read,106
./models/01_CTSM/components/cdeps/cime_config/stream_cdeps.py,StreamCDEPS.create_stream_xml,python,71,ParamGen.append,116
./models/01_CTSM/components/cdeps/cime_config/stream_cdeps.py,StreamCDEPS.create_stream_xml,python,71,ParamGen.append,310
./models/01_CTSM/components/cdeps/cime_config/stream_cdeps.py,StreamCDEPS.create_stream_xml,python,71,IndentFormatter.format,361
./models/01_CTSM/components/cdeps/cime_config/stream_cdeps.py,StreamCDEPS._get_input_file_hash,python,412,Foo.add,422
./models/01_CTSM/components/cdeps/cime_config/stream_cdeps.py,StreamCDEPS._get_value_match,python,425,ParamGen.append,464
./models/01_CTSM/components/cdeps/cime_config/stream_cdeps.py,StreamCDEPS._sub_glc_fields,python,509,ParamGen.append,545
./models/01_CTSM/components/cdeps/cime_config/stream_cdeps.py,StreamCDEPS._sub_glc_fields,python,509,ParamGen.append,547
./models/01_CTSM/components/cdeps/cime_config/stream_cdeps.py,StreamCDEPS._sub_paths,python,593,ParamGen.append,641
./models/01_CTSM/components/cdeps/cime_config/stream_cdeps.py,StreamCDEPS._sub_paths,python,593,ParamGen.append,668
./models/01_CTSM/components/cdeps/cime_config/stream_cdeps.py,StreamCDEPS._sub_paths,python,593,ParamGen.append,673
./models/01_CTSM/components/cdeps/cime_config/stream_cdeps.py,StreamCDEPS._sub_paths,python,593,IndentFormatter.format,675
./models/01_CTSM/components/cdeps/cime_config/stream_cdeps.py,StreamCDEPS._sub_paths,python,593,ParamGen.append,677
./models/01_CTSM/components/cdeps/cime_config/stream_cdeps.py,StreamCDEPS.update_input_data_list,python,692,ParamGen.append,702
./models/01_CTSM/components/cdeps/fox/wkml/rgb2wkml.py,<module>,python,,ParamGen.append,36
./models/01_CTSM/components/cism/.lib/git-fleximod/git_fleximod/cli.py,find_root_dir,python,7,ParamGen.append,15
./models/01_CTSM/components/cism/.lib/git-fleximod/git_fleximod/cli.py,find_root_dir,python,7,ParamGen.append,17
./models/01_CTSM/components/cism/.lib/git-fleximod/git_fleximod/cli.py,get_parser,python,27,find_root_dir,56
./models/01_CTSM/components/cism/.lib/git-fleximod/git_fleximod/gitinterface.py,GitInterface.git_operation,python,51,ParamGen.append,57
./models/01_CTSM/components/cism/.lib/git-fleximod/git_fleximod/gitmodules.py,GitModules.sections,python,81,ParamGen.append,91
./models/01_CTSM/components/cism/.lib/git-fleximod/git_fleximod/git_fleximod.py,<module>,python,,main,364
./models/01_CTSM/components/cism/.lib/git-fleximod/git_fleximod/git_fleximod.py,commandline_arguments,python,26,fxrequired_allowed_values,36
./models/01_CTSM/components/cism/.lib/git-fleximod/git_fleximod/git_fleximod.py,commandline_arguments,python,26,ParamGen.append,51
./models/01_CTSM/components/cism/.lib/git-fleximod/git_fleximod/git_fleximod.py,submodule_sparse_checkout,python,75,git_toplevelroot,96
./models/01_CTSM/components/cism/.lib/git-fleximod/git_fleximod/git_fleximod.py,submodule_sparse_checkout,python,75,GenericXML.read,136
./models/01_CTSM/components/cism/.lib/git-fleximod/git_fleximod/git_fleximod.py,submodules_status,python,189,init_submodule_from_gitmodules,195
./models/01_CTSM/components/cism/.lib/git-fleximod/git_fleximod/git_fleximod.py,submodules_status,python,189,submodules_status,206
./models/01_CTSM/components/cism/.lib/git-fleximod/git_fleximod/git_fleximod.py,submodules_update,python,218,init_submodule_from_gitmodules,220
./models/01_CTSM/components/cism/.lib/git-fleximod/git_fleximod/git_fleximod.py,submodules_update,python,218,fxrequired_allowed_values,226
./models/01_CTSM/components/cism/.lib/git-fleximod/git_fleximod/git_fleximod.py,submodules_update,python,218,git_toplevelroot,229
./models/01_CTSM/components/cism/.lib/git-fleximod/git_fleximod/git_fleximod.py,submodules_update,python,218,ParamGen.append,251
./models/01_CTSM/components/cism/.lib/git-fleximod/git_fleximod/git_fleximod.py,submodules_update,python,218,submodules_update,253
./models/01_CTSM/components/cism/.lib/git-fleximod/git_fleximod/git_fleximod.py,submodules_test,python,268,submodules_status,284
./models/01_CTSM/components/cism/.lib/git-fleximod/git_fleximod/git_fleximod.py,main,python,304,commandline_arguments,313
./models/01_CTSM/components/cism/.lib/git-fleximod/git_fleximod/git_fleximod.py,main,python,304,submodules_update,347
./models/01_CTSM/components/cism/.lib/git-fleximod/git_fleximod/git_fleximod.py,main,python,304,submodules_status,349
./models/01_CTSM/components/cism/.lib/git-fleximod/git_fleximod/git_fleximod.py,main,python,304,local_mods_output,355
./models/01_CTSM/components/cism/.lib/git-fleximod/git_fleximod/git_fleximod.py,main,python,304,submodules_test,357
./models/01_CTSM/components/cism/.lib/git-fleximod/git_fleximod/metoflexi.py,get_parser,python,25,find_root_dir,41
./models/01_CTSM/components/cism/.lib/git-fleximod/git_fleximod/metoflexi.py,commandline_arguments,python,73,get_parser,74
./models/01_CTSM/components/cism/.lib/git-fleximod/git_fleximod/metoflexi.py,commandline_arguments,python,73,ParamGen.append,85
./models/01_CTSM/components/cism/.lib/git-fleximod/git_fleximod/metoflexi.py,ExternalRepoTranslator.translate_single_repo,python,118,ExternalRepoTranslator.__init__,141
./models/01_CTSM/components/cism/.lib/git-fleximod/git_fleximod/metoflexi.py,ExternalRepoTranslator.translate_single_repo,python,118,ExternalRepoTranslator.translate_repo,142
./models/01_CTSM/components/cism/.lib/git-fleximod/git_fleximod/metoflexi.py,ExternalRepoTranslator.translate_repo,python,196,GenericXML.read,206
./models/01_CTSM/components/cism/.lib/git-fleximod/git_fleximod/metoflexi.py,_main,python,225,commandline_arguments,226
./models/01_CTSM/components/cism/.lib/git-fleximod/git_fleximod/metoflexi.py,_main,python,225,ExternalRepoTranslator.__init__,230
./models/01_CTSM/components/cism/.lib/git-fleximod/git_fleximod/metoflexi.py,_main,python,225,ExternalRepoTranslator.translate_repo,232
./models/01_CTSM/components/cism/.lib/git-fleximod/git_fleximod/metoflexi.py,<module>,python,,_main,236
./models/01_CTSM/components/cism/.lib/git-fleximod/git_fleximod/submodule.py,Submodule.sparse_checkout,python,187,GenericXML.read,243
./models/01_CTSM/components/cism/.lib/git-fleximod/git_fleximod/utils.py,str_to_bool,python,138,fatal_error,154
./models/01_CTSM/components/cism/.lib/git-fleximod/git_fleximod/utils.py,split_remote_url,python,174,is_remote_url,179
./models/01_CTSM/components/cism/.lib/git-fleximod/git_fleximod/utils.py,expand_local_url,python,195,is_remote_url,204
./models/01_CTSM/components/cism/.lib/git-fleximod/git_fleximod/utils.py,expand_local_url,python,195,printlog,218
./models/01_CTSM/components/cism/.lib/git-fleximod/git_fleximod/utils.py,execute_subprocess,python,259,log_process_output,290
./models/01_CTSM/components/cism/.lib/git-fleximod/git_fleximod/utils.py,execute_subprocess,python,259,failed_command_msg,293
./models/01_CTSM/components/cism/.lib/git-fleximod/git_fleximod/utils.py,execute_subprocess,python,259,fatal_error,297
./models/01_CTSM/components/cism/.lib/git-fleximod/git_fleximod/utils.py,execute_subprocess,python,259,failed_command_msg,299
./models/01_CTSM/components/cism/.lib/git-fleximod/git_fleximod/utils.py,execute_subprocess,python,259,fatal_error,303
./models/01_CTSM/components/cism/.lib/git-fleximod/git_fleximod/utils.py,execute_subprocess,python,259,failed_command_msg,315
./models/01_CTSM/components/cism/.lib/git-fleximod/git_fleximod/utils.py,execute_subprocess,python,259,log_process_output,318
./models/01_CTSM/components/cism/.lib/git-fleximod/git_fleximod/utils.py,execute_subprocess,python,259,fatal_error,319
./models/01_CTSM/components/cism/.lib/git-fleximod/git_fleximod/utils.py,failed_command_msg,python,336,last_n_lines,344
./models/01_CTSM/components/cism/.lib/git-fleximod/git_fleximod/utils.py,failed_command_msg,python,336,indent_string,348
./models/01_CTSM/components/cism/.lib/git-fleximod/tests/conftest.py,test_repo,python,90,write_sparse_checkout_file,102
./models/01_CTSM/components/cism/.lib/git-fleximod/tests/test_c_required.py,test_required,python,4,GenericXML.read,10
./models/01_CTSM/components/cism/cime_config/SystemTests/multivssingle.py,MULTIVSSINGLE._case_two_setup,python,68,ParamGen.append,87
./models/01_CTSM/components/cism/cime_config/SystemTests/multivssingle.py,MULTIVSSINGLE._case_two_setup,python,68,ParamGen.append,88
./models/01_CTSM/components/cism/doc/source/_themes/sphinx_rtd_theme/tests/util.py,build,python,18,GenericXML.pop,33
./models/01_CTSM/components/cism/doc/source/_themes/sphinx_rtd_theme/tests/util.py,build,python,18,ParamGen.append,36
./models/01_CTSM/components/cism/doc/source/_themes/sphinx_rtd_theme/tests/util.py,build,python,18,build_all,42
./models/01_CTSM/components/cism/doc/source/_themes/sphinx_rtd_theme/tests/util.py,build_all,python,56,build,59
./models/01_CTSM/python/ctsm/config_utils.py,get_config_value,python,50,_handle_config_value,85
./models/01_CTSM/python/ctsm/config_utils.py,get_config_value_or_array,python,97,_handle_config_value,119
./models/01_CTSM/python/ctsm/config_utils.py,_handle_config_value,python,131,_convert_to_bool,154
./models/01_CTSM/python/ctsm/ctsm_logging.py,setup_logging_pre_config,python,35,setup_logging,43
./models/01_CTSM/python/ctsm/ctsm_logging.py,setup_logging_for_tests,python,46,setup_logging,48
./models/01_CTSM/python/ctsm/lilac_build_ctsm.py,main,python,49,_commandline_args,59
./models/01_CTSM/python/ctsm/lilac_build_ctsm.py,main,python,49,rebuild_ctsm,64
./models/01_CTSM/python/ctsm/lilac_build_ctsm.py,main,python,49,build_ctsm,66
./models/01_CTSM/python/ctsm/lilac_build_ctsm.py,build_ctsm,python,90,_create_build_dir,155
./models/01_CTSM/python/ctsm/lilac_build_ctsm.py,build_ctsm,python,90,_check_and_transform_os,172
./models/01_CTSM/python/ctsm/lilac_build_ctsm.py,build_ctsm,python,90,_fill_out_machine_files,173
./models/01_CTSM/python/ctsm/lilac_build_ctsm.py,build_ctsm,python,90,_create_case,190
./models/01_CTSM/python/ctsm/lilac_build_ctsm.py,build_ctsm,python,90,_stage_runtime_inputs,200
./models/01_CTSM/python/ctsm/lilac_build_ctsm.py,build_ctsm,python,90,_build_case,208
./models/01_CTSM/python/ctsm/lilac_build_ctsm.py,rebuild_ctsm,python,211,_get_case_dir,223
./models/01_CTSM/python/ctsm/lilac_build_ctsm.py,rebuild_ctsm,python,211,_build_case,239
./models/01_CTSM/python/ctsm/lilac_build_ctsm.py,_commandline_args,python,247,ParamGen.append,327
./models/01_CTSM/python/ctsm/lilac_build_ctsm.py,_commandline_args,python,247,ParamGen.append,345
./models/01_CTSM/python/ctsm/lilac_build_ctsm.py,_commandline_args,python,247,ParamGen.append,352
./models/01_CTSM/python/ctsm/lilac_build_ctsm.py,_commandline_args,python,247,ParamGen.append,362
./models/01_CTSM/python/ctsm/lilac_build_ctsm.py,_commandline_args,python,247,ParamGen.append,374
./models/01_CTSM/python/ctsm/lilac_build_ctsm.py,_commandline_args,python,247,ParamGen.append,382
./models/01_CTSM/python/ctsm/lilac_build_ctsm.py,_commandline_args,python,247,ParamGen.append,397
./models/01_CTSM/python/ctsm/lilac_build_ctsm.py,_commandline_args,python,247,ParamGen.append,405
./models/01_CTSM/python/ctsm/lilac_build_ctsm.py,_commandline_args,python,247,ParamGen.append,411
./models/01_CTSM/python/ctsm/lilac_build_ctsm.py,_commandline_args,python,247,ParamGen.append,418
./models/01_CTSM/python/ctsm/lilac_build_ctsm.py,_commandline_args,python,247,ParamGen.append,432
./models/01_CTSM/python/ctsm/lilac_build_ctsm.py,_commandline_args,python,247,ParamGen.append,440
./models/01_CTSM/python/ctsm/lilac_build_ctsm.py,_commandline_args,python,247,ParamGen.append,447
./models/01_CTSM/python/ctsm/lilac_build_ctsm.py,_commandline_args,python,247,ParamGen.append,456
./models/01_CTSM/python/ctsm/lilac_build_ctsm.py,_commandline_args,python,247,ParamGen.append,463
./models/01_CTSM/python/ctsm/lilac_build_ctsm.py,_commandline_args,python,247,ParamGen.append,474
./models/01_CTSM/python/ctsm/lilac_build_ctsm.py,_commandline_args,python,247,ParamGen.append,485
./models/01_CTSM/python/ctsm/lilac_build_ctsm.py,_commandline_args,python,247,_confirm_args_absent,491
./models/01_CTSM/python/ctsm/lilac_build_ctsm.py,_commandline_args,python,247,_confirm_args_present,503
./models/01_CTSM/python/ctsm/lilac_build_ctsm.py,_commandline_args,python,247,_confirm_args_absent,510
./models/01_CTSM/python/ctsm/lilac_build_ctsm.py,_commandline_args,python,247,_confirm_args_present,517
./models/01_CTSM/python/ctsm/lilac_build_ctsm.py,_commandline_args,python,247,error,524
./models/01_CTSM/python/ctsm/lilac_build_ctsm.py,_commandline_args,python,247,error,528
./models/01_CTSM/python/ctsm/lilac_build_ctsm.py,_confirm_args_absent,python,533,NamelistGenerator.get_default,550
./models/01_CTSM/python/ctsm/lilac_build_ctsm.py,_confirm_args_absent,python,533,error,551
./models/01_CTSM/python/ctsm/lilac_build_ctsm.py,_confirm_args_present,python,554,error,568
./models/01_CTSM/python/ctsm/lilac_build_ctsm.py,_create_case,python,687,_get_case_dir,721
./models/01_CTSM/python/ctsm/lilac_build_ctsm.py,_stage_runtime_inputs,python,792,_xmlquery,801
./models/01_CTSM/python/ctsm/lilac_build_ctsm.py,_stage_runtime_inputs,python,792,_xmlquery,814
./models/01_CTSM/python/ctsm/lilac_build_ctsm.py,_build_case,python,852,_get_case_dir,863
./models/01_CTSM/python/ctsm/lilac_build_ctsm.py,_xmlquery,python,874,_get_case_dir,876
./models/01_CTSM/python/ctsm/lilac_download_input_data.py,main,python,31,_commandline_args,34
./models/01_CTSM/python/ctsm/lilac_download_input_data.py,main,python,31,download_input_data,37
./models/01_CTSM/python/ctsm/lilac_download_input_data.py,download_input_data,python,40,_create_lilac_input_data_list,46
./models/01_CTSM/python/ctsm/lilac_download_input_data.py,download_input_data,python,40,check_all_input_data,48
./models/01_CTSM/python/ctsm/lilac_make_runtime_inputs.py,buildnml,python,139,GenericXML.read,151
./models/01_CTSM/python/ctsm/lilac_make_runtime_inputs.py,buildnml,python,139,determine_bldnml_opts,200
./models/01_CTSM/python/ctsm/lilac_make_runtime_inputs.py,buildnml,python,139,CaseFake.__init__,214
./models/01_CTSM/python/ctsm/lilac_make_runtime_inputs.py,buildnml,python,139,IndentFormatter.format,223
./models/01_CTSM/python/ctsm/lilac_make_runtime_inputs.py,buildnml,python,139,IndentFormatter.format,229
./models/01_CTSM/python/ctsm/lilac_make_runtime_inputs.py,main,python,314,parse_command_line,324
./models/01_CTSM/python/ctsm/lilac_make_runtime_inputs.py,main,python,314,buildnml,327
./models/01_CTSM/python/ctsm/longitude.py,_check_lon_value_given_type,python,34,_check_lon_type_180,39
./models/01_CTSM/python/ctsm/longitude.py,_check_lon_value_given_type,python,34,_check_lon_type_360,41
./models/01_CTSM/python/ctsm/longitude.py,_convert_lon_type_180_to_360,python,46,_check_lon_type_180,50
./models/01_CTSM/python/ctsm/longitude.py,_convert_lon_type_360_to_180,python,86,_check_lon_type_360,90
./models/01_CTSM/python/ctsm/longitude.py,Longitude.__init__,python,129,_check_lon_value_given_type,140
./models/01_CTSM/python/ctsm/longitude.py,Longitude._check_lons_same_type,python,145,Longitude.lon_type,152
./models/01_CTSM/python/ctsm/longitude.py,Longitude.__eq__,python,156,check_other_is_lontype,157
./models/01_CTSM/python/ctsm/longitude.py,Longitude.__lt__,python,160,check_other_is_lontype,161
./models/01_CTSM/python/ctsm/longitude.py,Longitude.__gt__,python,165,check_other_is_lontype,166
./models/01_CTSM/python/ctsm/longitude.py,Longitude.__le__,python,170,check_other_is_lontype,171
./models/01_CTSM/python/ctsm/longitude.py,Longitude.__ge__,python,175,check_other_is_lontype,176
./models/01_CTSM/python/ctsm/longitude.py,Longitude.get,python,187,_convert_lon_type_360_to_180,194
./models/01_CTSM/python/ctsm/longitude.py,Longitude.get,python,187,_convert_lon_type_180_to_360,196
./models/01_CTSM/python/ctsm/machine.py,create_machine,python,46,_get_account,94
./models/01_CTSM/python/ctsm/machine_utils.py,get_machine_name,python,19,_machine_from_hostname,26
./models/01_CTSM/python/ctsm/mesh_maker.py,main,python,219,get_parser,223
./models/01_CTSM/python/ctsm/mesh_maker.py,main,python,219,process_and_check_args,230
./models/01_CTSM/python/ctsm/mesh_maker.py,main,python,219,check_input_file,239
./models/01_CTSM/python/ctsm/mesh_maker.py,main,python,219,MeshType.calculate_corners,274
./models/01_CTSM/python/ctsm/mesh_maker.py,main,python,219,MeshType.calculate_nodes,275
./models/01_CTSM/python/ctsm/mesh_maker.py,main,python,219,MeshType.create_esmf,276
./models/01_CTSM/python/ctsm/mesh_maker.py,read_main,python,279,get_parser,283
./models/01_CTSM/python/ctsm/mesh_maker.py,read_main,python,279,process_and_check_args,290
./models/01_CTSM/python/ctsm/mesh_maker.py,read_main,python,279,MeshType.read_file,308
./models/01_CTSM/python/ctsm/mesh_maker.py,read_main,python,279,MeshType.create_esmf,309
./models/01_CTSM/python/ctsm/mesh_maker.py,<module>,python,,main,313
./models/01_CTSM/python/ctsm/mesh_plotter.py,main,python,135,get_parser,139
./models/01_CTSM/python/ctsm/mesh_plotter.py,main,python,135,process_and_check_args,146
./models/01_CTSM/python/ctsm/mesh_plotter.py,main,python,135,MeshType.read_file,163
./models/01_CTSM/python/ctsm/mesh_plotter.py,main,python,135,MeshPlotType.make_mesh_plot,174
./models/01_CTSM/python/ctsm/mesh_plotter.py,<module>,python,,main,178
./models/01_CTSM/python/ctsm/mksurfdata_download_input_data.py,main,python,26,_commandline_args,29
./models/01_CTSM/python/ctsm/mksurfdata_download_input_data.py,main,python,26,download_input_data,32
./models/01_CTSM/python/ctsm/mksurfdata_download_input_data.py,download_input_data,python,35,_create_input_data_list,41
./models/01_CTSM/python/ctsm/mksurfdata_download_input_data.py,download_input_data,python,35,check_all_input_data,44
./models/01_CTSM/python/ctsm/path_utils.py,path_to_cime,python,37,path_to_ctsm_root,47
./models/01_CTSM/python/ctsm/path_utils.py,path_to_cime,python,37,_path_to_cesm_root,54
./models/01_CTSM/python/ctsm/path_utils.py,add_cime_lib_to_path,python,82,path_to_cime,91
./models/01_CTSM/python/ctsm/path_utils.py,add_cime_lib_to_path,python,82,prepend_to_python_path,92
./models/01_CTSM/python/ctsm/path_utils.py,add_cime_lib_to_path,python,82,prepend_to_python_path,94
./models/01_CTSM/python/ctsm/path_utils.py,add_ctsm_systests_to_path,python,98,path_to_cime,102
./models/01_CTSM/python/ctsm/path_utils.py,add_ctsm_systests_to_path,python,98,prepend_to_python_path,104
./models/01_CTSM/python/ctsm/path_utils.py,_path_to_cesm_root,python,113,path_to_ctsm_root,118
./models/01_CTSM/python/ctsm/run_ctsm_py_tests.py,main,python,16,_commandline_args,22
./models/01_CTSM/python/ctsm/run_ctsm_py_tests.py,main,python,16,_get_verbosity_level,23
./models/01_CTSM/python/ctsm/run_ctsm_py_tests.py,main,python,16,SystemTestsCommon.run,44
./models/01_CTSM/python/ctsm/run_sys_tests.py,main,python,46,_commandline_args,56
./models/01_CTSM/python/ctsm/run_sys_tests.py,main,python,46,run_sys_tests,75
./models/01_CTSM/python/ctsm/run_sys_tests.py,run_sys_tests,python,98,_get_testid_base,170
./models/01_CTSM/python/ctsm/run_sys_tests.py,run_sys_tests,python,98,_get_testroot_base,172
./models/01_CTSM/python/ctsm/run_sys_tests.py,run_sys_tests,python,98,_get_testroot,173
./models/01_CTSM/python/ctsm/run_sys_tests.py,run_sys_tests,python,98,_make_testroot,175
./models/01_CTSM/python/ctsm/run_sys_tests.py,run_sys_tests,python,98,_record_git_status,202
./models/01_CTSM/python/ctsm/run_sys_tests.py,run_sys_tests,python,98,_get_create_test_args,207
./models/01_CTSM/python/ctsm/run_sys_tests.py,run_sys_tests,python,98,_make_cs_status_for_suite,227
./models/01_CTSM/python/ctsm/run_sys_tests.py,run_sys_tests,python,98,_run_test_suite,228
./models/01_CTSM/python/ctsm/run_sys_tests.py,run_sys_tests,python,98,_make_cs_status_non_suite,241
./models/01_CTSM/python/ctsm/run_sys_tests.py,run_sys_tests,python,98,_check_py_env,255
./models/01_CTSM/python/ctsm/run_sys_tests.py,run_sys_tests,python,98,_run_create_test,256
./models/01_CTSM/python/ctsm/run_sys_tests.py,_commandline_args,python,272,JobLauncherBase.get_queue,452
./models/01_CTSM/python/ctsm/run_sys_tests.py,_commandline_args,python,272,JobLauncherBase.get_walltime,460
./models/01_CTSM/python/ctsm/run_sys_tests.py,_commandline_args,python,272,JobLauncherBase.get_extra_args,469
./models/01_CTSM/python/ctsm/run_sys_tests.py,_commandline_args,python,272,_check_arg_validity,509
./models/01_CTSM/python/ctsm/run_sys_tests.py,_get_testroot,python,539,_get_testdir_name,541
./models/01_CTSM/python/ctsm/run_sys_tests.py,_make_testroot,python,548,_get_testdir_name,557
./models/01_CTSM/python/ctsm/run_sys_tests.py,_make_cs_status_for_suite,python,643,_cs_status_xfail_arg,650
./models/01_CTSM/python/ctsm/run_sys_tests.py,_make_cs_status_for_suite,python,643,_cs_status_xfail_arg,657
./models/01_CTSM/python/ctsm/run_sys_tests.py,_make_cs_status_non_suite,python,662,_cs_status_xfail_arg,667
./models/01_CTSM/python/ctsm/run_sys_tests.py,_run_test_suite,python,681,_get_compilers_for_suite,694
./models/01_CTSM/python/ctsm/run_sys_tests.py,_run_test_suite,python,681,_run_create_test,705
./models/01_CTSM/python/ctsm/run_sys_tests.py,_get_testmod_list,python,716,ParamGen.append,727
./models/01_CTSM/python/ctsm/run_sys_tests.py,_check_py_env,python,732,_get_testmod_list,777
./models/01_CTSM/python/ctsm/run_sys_tests.py,_get_compilers_for_suite,python,790,_check_py_env,802
./models/01_CTSM/python/ctsm/run_sys_tests.py,_get_compilers_for_suite,python,790,_check_py_env,803
./models/01_CTSM/python/ctsm/run_sys_tests.py,_run_create_test,python,809,_build_create_test_cmd,810
./models/01_CTSM/python/ctsm/run_sys_tests.py,_run_create_test,python,809,JobLauncherBase.run_command,819
./models/01_CTSM/python/ctsm/subset_data.py,get_parser,python,104,_add_lon_type_arg,142
./models/01_CTSM/python/ctsm/subset_data.py,get_parser,python,104,_add_lon_type_arg,255
./models/01_CTSM/python/ctsm/subset_data.py,check_args,python,452,process_args,465
./models/01_CTSM/python/ctsm/subset_data.py,check_args,python,452,check_surf_year,505
./models/01_CTSM/python/ctsm/subset_data.py,setup_files,python,608,setup_user_mods,619
./models/01_CTSM/python/ctsm/subset_data.py,setup_files,python,608,determine_num_pft,671
./models/01_CTSM/python/ctsm/subset_data.py,subset_point,python,696,determine_num_pft,704
./models/01_CTSM/python/ctsm/subset_data.py,subset_point,python,696,SinglePointCase.create_surfdata_at_point,733
./models/01_CTSM/python/ctsm/subset_data.py,subset_point,python,696,SinglePointCase.create_landuse_at_point,742
./models/01_CTSM/python/ctsm/subset_data.py,subset_point,python,696,SinglePointCase.create_datmdomain_at_point,749
./models/01_CTSM/python/ctsm/subset_data.py,subset_point,python,696,SinglePointCase.create_datm_at_point,753
./models/01_CTSM/python/ctsm/subset_data.py,subset_region,python,788,_set_up_regional_case,797
./models/01_CTSM/python/ctsm/subset_data.py,subset_region,python,788,RegionalCase.create_domain_at_reg,801
./models/01_CTSM/python/ctsm/subset_data.py,subset_region,python,788,RegionalCase.create_surfdata_at_reg,805
./models/01_CTSM/python/ctsm/subset_data.py,subset_region,python,788,RegionalCase.create_landuse_at_reg,814
./models/01_CTSM/python/ctsm/subset_data.py,main,python,863,get_parser,872
./models/01_CTSM/python/ctsm/subset_data.py,main,python,863,check_args,876
./models/01_CTSM/python/ctsm/subset_data.py,main,python,863,GenericXML.read,882
./models/01_CTSM/python/ctsm/subset_data.py,main,python,863,setup_files,892
./models/01_CTSM/python/ctsm/subset_data.py,main,python,863,subset_point,895
./models/01_CTSM/python/ctsm/subset_data.py,main,python,863,subset_region,897
./models/01_CTSM/python/ctsm/utils.py,fill_template_file,python,48,GenericXML.read,59
./models/01_CTSM/python/ctsm/utils.py,add_tag_to_filename,python,66,abort,106
./models/01_CTSM/python/ctsm/utils.py,add_tag_to_filename,python,66,abort,119
./models/01_CTSM/python/ctsm/utils.py,write_output,python,177,update_metadata,199
./models/01_CTSM/python/ctsm/utils.py,parse_isoduration,python,227,get_isosplit,235
./models/01_CTSM/python/ctsm/utils.py,parse_isoduration,python,227,get_isosplit,236
./models/01_CTSM/python/ctsm/utils.py,parse_isoduration,python,227,get_isosplit,237
./models/01_CTSM/python/ctsm/crop_calendars/check_constant_vars.py,loop_through_bad_patches,python,42,ParamGen.append,113
./models/01_CTSM/python/ctsm/crop_calendars/check_constant_vars.py,loop_through_bad_patches,python,42,ParamGen.append,118
./models/01_CTSM/python/ctsm/crop_calendars/check_constant_vars.py,check_one_constant_var_loop_through_timesteps,python,158,loop_through_bad_patches,226
./models/01_CTSM/python/ctsm/crop_calendars/check_constant_vars.py,check_one_constant_var,python,252,check_one_constant_var_setup,268
./models/01_CTSM/python/ctsm/crop_calendars/check_constant_vars.py,check_one_constant_var,python,252,check_one_constant_var_loop_through_timesteps,288
./models/01_CTSM/python/ctsm/crop_calendars/check_constant_vars.py,check_one_constant_var,python,252,ensure_all_patches_checked,322
./models/01_CTSM/python/ctsm/crop_calendars/check_constant_vars.py,check_constant_vars,python,339,check_one_constant_var,377
./models/01_CTSM/python/ctsm/crop_calendars/check_rxboth_run.py,<module>,python,,main,173
./models/01_CTSM/python/ctsm/crop_calendars/check_rx_obeyed.py,check_rx_obeyed_handle_gdharv,python,32,get_pct_harv_at_mature,60
./models/01_CTSM/python/ctsm/crop_calendars/check_rx_obeyed.py,check_rx_obeyed_setup,python,64,get_pct_harv_at_mature,77
./models/01_CTSM/python/ctsm/crop_calendars/check_rx_obeyed.py,check_rx_obeyed,python,130,check_rx_obeyed_setup,136
./models/01_CTSM/python/ctsm/crop_calendars/check_rx_obeyed.py,check_rx_obeyed,python,130,check_rx_obeyed_handle_gdharv,164
./models/01_CTSM/python/ctsm/crop_calendars/check_rx_obeyed.py,check_rx_obeyed,python,130,get_extreme_info,187
./models/01_CTSM/python/ctsm/crop_calendars/check_rx_obeyed.py,check_rx_obeyed,python,130,get_extreme_info,196
./models/01_CTSM/python/ctsm/crop_calendars/check_rx_obeyed.py,check_rx_obeyed,python,130,ParamGen.append,219
./models/01_CTSM/python/ctsm/crop_calendars/check_rx_obeyed.py,check_rx_obeyed,python,130,summarize_results,230
./models/01_CTSM/python/ctsm/crop_calendars/convert_axis_time2gs.py,print_pandas_ymp,python,,ParamGen.append,142
./models/01_CTSM/python/ctsm/crop_calendars/convert_axis_time2gs.py,print_pandas_ymp,python,,ParamGen.append,143
./models/01_CTSM/python/ctsm/crop_calendars/convert_axis_time2gs.py,handle_years_with_sowing_then_inactive,python,301,pym_to_pg,350
./models/01_CTSM/python/ctsm/crop_calendars/convert_axis_time2gs.py,handle_years_with_sowing_then_inactive,python,301,pym_to_pg,351
./models/01_CTSM/python/ctsm/crop_calendars/convert_axis_time2gs.py,ignore_harvests_planted_in_final_year,python,361,ignore_lastyear_complete_season,372
./models/01_CTSM/python/ctsm/crop_calendars/convert_axis_time2gs.py,ignore_harvests_planted_in_final_year,python,361,ignore_lastyear_complete_season,375
./models/01_CTSM/python/ctsm/crop_calendars/convert_axis_time2gs.py,create_dataset,python,400,set_up_ds_with_gs_axis,425
./models/01_CTSM/python/ctsm/crop_calendars/convert_axis_time2gs.py,create_dataset,python,400,print_onepatch_wrong_n_gs,461
./models/01_CTSM/python/ctsm/crop_calendars/convert_axis_time2gs.py,create_dataset,python,400,print_onepatch_wrong_n_gs,482
./models/01_CTSM/python/ctsm/crop_calendars/convert_axis_time2gs.py,convert_axis_time2gs,python,515,convert_axis_time2gs_setup,529
./models/01_CTSM/python/ctsm/crop_calendars/convert_axis_time2gs.py,convert_axis_time2gs,python,515,handle_years_with_no_sowing,571
./models/01_CTSM/python/ctsm/crop_calendars/convert_axis_time2gs.py,convert_axis_time2gs,python,515,handle_years_with_sowing_then_inactive,578
./models/01_CTSM/python/ctsm/crop_calendars/convert_axis_time2gs.py,convert_axis_time2gs,python,515,ignore_harvests_planted_in_final_year,599
./models/01_CTSM/python/ctsm/crop_calendars/convert_axis_time2gs.py,convert_axis_time2gs,python,515,create_dataset,604
./models/01_CTSM/python/ctsm/crop_calendars/cropcal_figs_module.py,make_map,python,55,deal_with_ticklabels,149
./models/01_CTSM/python/ctsm/crop_calendars/cropcal_figs_module.py,make_map,python,55,set_ticks,161
./models/01_CTSM/python/ctsm/crop_calendars/cropcal_figs_module.py,make_map,python,55,set_ticks,165
./models/01_CTSM/python/ctsm/crop_calendars/cropcal_figs_module.py,deal_with_ticklabels,python,175,set_ticks,180
./models/01_CTSM/python/ctsm/crop_calendars/cropcal_figs_module.py,deal_with_ticklabels,python,175,set_ticks,207
./models/01_CTSM/python/ctsm/crop_calendars/cropcal_module.py,import_rx_dates,python,242,unexpected_negative_rx_gdd,278
./models/01_CTSM/python/ctsm/crop_calendars/cropcal_module.py,import_output,python,339,check_and_trim_years,361
./models/01_CTSM/python/ctsm/crop_calendars/cropcal_module.py,import_output,python,339,check_and_trim_years,365
./models/01_CTSM/python/ctsm/crop_calendars/cropcal_module.py,import_output,python,339,handle_zombie_crops,390
./models/01_CTSM/python/ctsm/crop_calendars/cropcal_module.py,import_output,python,339,check_no_zeros,394
./models/01_CTSM/python/ctsm/crop_calendars/cropcal_module.py,import_output,python,339,get_gs_len_da,404
./models/01_CTSM/python/ctsm/crop_calendars/cropcal_module.py,import_output,python,339,get_gs_len_da,405
./models/01_CTSM/python/ctsm/crop_calendars/cropcal_module.py,import_output,python,339,check_no_negative,416
./models/01_CTSM/python/ctsm/crop_calendars/cropcal_module.py,import_output,python,339,check_no_zeros,420
./models/01_CTSM/python/ctsm/crop_calendars/cropcal_module.py,import_output,python,339,check_v0_le_v1,425
./models/01_CTSM/python/ctsm/crop_calendars/cropcal_module.py,import_output,python,339,convert_time_to_int_year,443
./models/01_CTSM/python/ctsm/crop_calendars/cropcal_utils.py,ivt_str2int,python,100,define_pftlist,104
./models/01_CTSM/python/ctsm/crop_calendars/cropcal_utils.py,ivt_str2int,python,100,ivt_str2int,108
./models/01_CTSM/python/ctsm/crop_calendars/cropcal_utils.py,ivt_int2str,python,119,define_pftlist,123
./models/01_CTSM/python/ctsm/crop_calendars/cropcal_utils.py,ivt_int2str,python,119,ivt_int2str,127
./models/01_CTSM/python/ctsm/crop_calendars/cropcal_utils.py,is_each_vegtype,python,201,is_this_vegtype,213
./models/01_CTSM/python/ctsm/crop_calendars/cropcal_utils.py,define_crop_list,python,216,define_pftlist,228
./models/01_CTSM/python/ctsm/crop_calendars/cropcal_utils.py,define_crop_list,python,216,is_each_vegtype,229
./models/01_CTSM/python/ctsm/crop_calendars/cropcal_utils.py,define_mgdcrop_list_nograsses,python,233,define_pftlist,238
./models/01_CTSM/python/ctsm/crop_calendars/cropcal_utils.py,define_mgdcrop_list_nograsses,python,233,is_each_vegtype,239
./models/01_CTSM/python/ctsm/crop_calendars/cropcal_utils.py,define_mgdcrop_list_withgrasses,python,243,define_pftlist,256
./models/01_CTSM/python/ctsm/crop_calendars/cropcal_utils.py,define_mgdcrop_list_withgrasses,python,243,is_each_vegtype,257
./models/01_CTSM/python/ctsm/crop_calendars/cropcal_utils.py,vegtype_str2int,python,261,define_pftlist,274
./models/01_CTSM/python/ctsm/crop_calendars/cropcal_utils.py,lon_axis_type180_to_type360,python,360,make_lon_increasing,392
./models/01_CTSM/python/ctsm/crop_calendars/cropcal_utils.py,lon_axis_type180_to_type360,python,360,is_strictly_increasing,397
./models/01_CTSM/python/ctsm/crop_calendars/cropcal_utils.py,make_lon_increasing,python,420,is_strictly_increasing,428
./models/01_CTSM/python/ctsm/crop_calendars/cropcal_utils.py,make_lon_increasing,python,420,is_strictly_increasing,432
./models/01_CTSM/python/ctsm/crop_calendars/cropcal_utils.py,make_lon_increasing,python,420,is_strictly_increasing,435
./models/01_CTSM/python/ctsm/crop_calendars/cropcal_utils.py,get_timestep_year,python,456,get_beg_inst_timestep_year,462
./models/01_CTSM/python/ctsm/crop_calendars/cropcal_utils.py,get_integer_years,python,468,get_timestep_year,472
./models/01_CTSM/python/ctsm/crop_calendars/generate_gdd20_baseline.py,_get_gddn_for_cft,python,152,_get_cft_list,167
./models/01_CTSM/python/ctsm/crop_calendars/generate_gdd20_baseline.py,_get_gddn_for_cft,python,152,_get_cft_list,171
./models/01_CTSM/python/ctsm/crop_calendars/generate_gdd20_baseline.py,_get_gddn_for_cft,python,152,_get_cft_list,175
./models/01_CTSM/python/ctsm/crop_calendars/generate_gdd20_baseline.py,generate_gdd20_baseline,python,235,ParamGen.append,249
./models/01_CTSM/python/ctsm/crop_calendars/generate_gdd20_baseline.py,generate_gdd20_baseline,python,235,_add_time_axis,270
./models/01_CTSM/python/ctsm/crop_calendars/generate_gdd20_baseline.py,generate_gdd20_baseline,python,235,setup_output_dataset,273
./models/01_CTSM/python/ctsm/crop_calendars/generate_gdd20_baseline.py,generate_gdd20_baseline,python,235,_get_gddn_for_cft,282
./models/01_CTSM/python/ctsm/crop_calendars/generate_gdd20_baseline.py,generate_gdd20_baseline,python,235,_add_time_axis,292
./models/01_CTSM/python/ctsm/crop_calendars/generate_gdd20_baseline.py,generate_gdd20_baseline,python,235,_get_output_varname,307
./models/01_CTSM/python/ctsm/crop_calendars/generate_gdd20_baseline.py,main,python,322,_parse_args,326
./models/01_CTSM/python/ctsm/crop_calendars/generate_gdd20_baseline.py,main,python,322,generate_gdd20_baseline,327
./models/01_CTSM/python/ctsm/crop_calendars/generate_gdds.py,<module>,python,,main,495
./models/01_CTSM/python/ctsm/crop_calendars/generate_gdds.py,main,python,34,ParamGen.append,266
./models/01_CTSM/python/ctsm/crop_calendars/generate_gdds.py,main,python,34,ParamGen.append,267
./models/01_CTSM/python/ctsm/crop_calendars/generate_gdds_functions.py,error,python,65,error,70
./models/01_CTSM/python/ctsm/crop_calendars/generate_gdds_functions.py,check_sdates,python,74,log,78
./models/01_CTSM/python/ctsm/crop_calendars/generate_gdds_functions.py,check_sdates,python,74,log,97
./models/01_CTSM/python/ctsm/crop_calendars/generate_gdds_functions.py,check_sdates,python,74,log,107
./models/01_CTSM/python/ctsm/crop_calendars/generate_gdds_functions.py,check_sdates,python,74,log,109
./models/01_CTSM/python/ctsm/crop_calendars/generate_gdds_functions.py,check_sdates,python,74,log,111
./models/01_CTSM/python/ctsm/crop_calendars/generate_gdds_functions.py,check_sdates,python,74,log,113
./models/01_CTSM/python/ctsm/crop_calendars/generate_gdds_functions.py,check_sdates,python,74,log,114
./models/01_CTSM/python/ctsm/crop_calendars/generate_gdds_functions.py,check_sdates,python,74,log,115
./models/01_CTSM/python/ctsm/crop_calendars/generate_gdds_functions.py,check_sdates,python,74,log,116
./models/01_CTSM/python/ctsm/crop_calendars/generate_gdds_functions.py,check_sdates,python,74,log,123
./models/01_CTSM/python/ctsm/crop_calendars/generate_gdds_functions.py,check_sdates,python,74,error,140
./models/01_CTSM/python/ctsm/crop_calendars/generate_gdds_functions.py,check_sdates,python,74,log,146
./models/01_CTSM/python/ctsm/crop_calendars/generate_gdds_functions.py,check_sdates,python,74,log,148
./models/01_CTSM/python/ctsm/crop_calendars/generate_gdds_functions.py,check_sdates,python,74,log,155
./models/01_CTSM/python/ctsm/crop_calendars/generate_gdds_functions.py,check_sdates,python,74,error,157
./models/01_CTSM/python/ctsm/crop_calendars/generate_gdds_functions.py,import_rx_dates,python,160,error,167
./models/01_CTSM/python/ctsm/crop_calendars/generate_gdds_functions.py,yp_list_to_ds,python,203,log,223
./models/01_CTSM/python/ctsm/crop_calendars/generate_gdds_functions.py,import_and_process_1yr,python,247,log,273
./models/01_CTSM/python/ctsm/crop_calendars/generate_gdds_functions.py,import_and_process_1yr,python,247,log,274
./models/01_CTSM/python/ctsm/crop_calendars/generate_gdds_functions.py,import_and_process_1yr,python,247,error,289
./models/01_CTSM/python/ctsm/crop_calendars/generate_gdds_functions.py,import_and_process_1yr,python,247,log,318
./models/01_CTSM/python/ctsm/crop_calendars/generate_gdds_functions.py,import_and_process_1yr,python,247,error,337
./models/01_CTSM/python/ctsm/crop_calendars/generate_gdds_functions.py,import_and_process_1yr,python,247,error,339
./models/01_CTSM/python/ctsm/crop_calendars/generate_gdds_functions.py,import_and_process_1yr,python,247,log,348
./models/01_CTSM/python/ctsm/crop_calendars/generate_gdds_functions.py,import_and_process_1yr,python,247,log,358
./models/01_CTSM/python/ctsm/crop_calendars/generate_gdds_functions.py,import_and_process_1yr,python,247,error,377
./models/01_CTSM/python/ctsm/crop_calendars/generate_gdds_functions.py,import_and_process_1yr,python,247,error,384
./models/01_CTSM/python/ctsm/crop_calendars/generate_gdds_functions.py,import_and_process_1yr,python,247,log,397
./models/01_CTSM/python/ctsm/crop_calendars/generate_gdds_functions.py,import_and_process_1yr,python,247,error,404
./models/01_CTSM/python/ctsm/crop_calendars/generate_gdds_functions.py,import_and_process_1yr,python,247,error,412
./models/01_CTSM/python/ctsm/crop_calendars/generate_gdds_functions.py,import_and_process_1yr,python,247,error,435
./models/01_CTSM/python/ctsm/crop_calendars/generate_gdds_functions.py,import_and_process_1yr,python,247,log,438
./models/01_CTSM/python/ctsm/crop_calendars/generate_gdds_functions.py,import_and_process_1yr,python,247,log,463
./models/01_CTSM/python/ctsm/crop_calendars/generate_gdds_functions.py,import_and_process_1yr,python,247,error,471
./models/01_CTSM/python/ctsm/crop_calendars/generate_gdds_functions.py,import_and_process_1yr,python,247,error,479
./models/01_CTSM/python/ctsm/crop_calendars/generate_gdds_functions.py,import_and_process_1yr,python,247,error,495
./models/01_CTSM/python/ctsm/crop_calendars/generate_gdds_functions.py,import_and_process_1yr,python,247,error,503
./models/01_CTSM/python/ctsm/crop_calendars/generate_gdds_functions.py,import_and_process_1yr,python,247,import_rx_dates,507
./models/01_CTSM/python/ctsm/crop_calendars/generate_gdds_functions.py,import_and_process_1yr,python,247,check_sdates,508
./models/01_CTSM/python/ctsm/crop_calendars/generate_gdds_functions.py,import_and_process_1yr,python,247,import_rx_dates,512
./models/01_CTSM/python/ctsm/crop_calendars/generate_gdds_functions.py,import_and_process_1yr,python,247,log,566
./models/01_CTSM/python/ctsm/crop_calendars/generate_gdds_functions.py,import_and_process_1yr,python,247,error,576
./models/01_CTSM/python/ctsm/crop_calendars/generate_gdds_functions.py,import_and_process_1yr,python,247,error,587
./models/01_CTSM/python/ctsm/crop_calendars/generate_gdds_functions.py,import_and_process_1yr,python,247,error,593
./models/01_CTSM/python/ctsm/crop_calendars/generate_gdds_functions.py,import_and_process_1yr,python,247,log,607
./models/01_CTSM/python/ctsm/crop_calendars/generate_gdds_functions.py,import_and_process_1yr,python,247,log,622
./models/01_CTSM/python/ctsm/crop_calendars/generate_gdds_functions.py,import_and_process_1yr,python,247,this_crop_map_to_patches,628
./models/01_CTSM/python/ctsm/crop_calendars/generate_gdds_functions.py,import_and_process_1yr,python,247,error,655
./models/01_CTSM/python/ctsm/crop_calendars/generate_gdds_functions.py,import_and_process_1yr,python,247,log,665
./models/01_CTSM/python/ctsm/crop_calendars/generate_gdds_functions.py,import_and_process_1yr,python,247,log,672
./models/01_CTSM/python/ctsm/crop_calendars/generate_gdds_functions.py,import_and_process_1yr,python,247,log,675
./models/01_CTSM/python/ctsm/crop_calendars/generate_gdds_functions.py,import_and_process_1yr,python,247,this_crop_map_to_patches,685
./models/01_CTSM/python/ctsm/crop_calendars/generate_gdds_functions.py,import_and_process_1yr,python,247,log,702
./models/01_CTSM/python/ctsm/crop_calendars/generate_gdds_functions.py,import_and_process_1yr,python,247,error,709
./models/01_CTSM/python/ctsm/crop_calendars/generate_gdds_functions.py,import_and_process_1yr,python,247,log,717
./models/01_CTSM/python/ctsm/crop_calendars/generate_gdds_functions.py,import_and_process_1yr,python,247,error,724
./models/01_CTSM/python/ctsm/crop_calendars/generate_gdds_functions.py,import_and_process_1yr,python,247,log,731
./models/01_CTSM/python/ctsm/crop_calendars/generate_gdds_functions.py,import_and_process_1yr,python,247,error,738
./models/01_CTSM/python/ctsm/crop_calendars/generate_gdds_functions.py,import_and_process_1yr,python,247,log,754
./models/01_CTSM/python/ctsm/crop_calendars/generate_gdds_functions.py,import_and_process_1yr,python,247,error,761
./models/01_CTSM/python/ctsm/crop_calendars/generate_gdds_functions.py,import_and_process_1yr,python,247,log,774
./models/01_CTSM/python/ctsm/crop_calendars/generate_gdds_functions.py,import_and_process_1yr,python,247,error,781
./models/01_CTSM/python/ctsm/crop_calendars/generate_gdds_functions.py,import_and_process_1yr,python,247,log,797
./models/01_CTSM/python/ctsm/crop_calendars/generate_gdds_functions.py,import_and_process_1yr,python,247,error,804
./models/01_CTSM/python/ctsm/crop_calendars/generate_gdds_functions.py,import_and_process_1yr,python,247,log,814
./models/01_CTSM/python/ctsm/crop_calendars/generate_gdds_functions.py,make_figures,python,1066,error,1084
./models/01_CTSM/python/ctsm/crop_calendars/generate_gdds_functions.py,make_figures,python,1066,error,1092
./models/01_CTSM/python/ctsm/crop_calendars/generate_gdds_functions.py,make_figures,python,1066,ParamGen.append,1142
./models/01_CTSM/python/ctsm/crop_calendars/generate_gdds_functions.py,make_figures,python,1066,log,1155
./models/01_CTSM/python/ctsm/crop_calendars/generate_gdds_functions.py,make_figures,python,1066,get_multicrop_maps,1183
./models/01_CTSM/python/ctsm/crop_calendars/generate_gdds_functions.py,make_figures,python,1066,get_multicrop_maps,1186
./models/01_CTSM/python/ctsm/crop_calendars/generate_gdds_functions.py,make_figures,python,1066,Foo.capitalize,1197
./models/01_CTSM/python/ctsm/crop_calendars/generate_gdds_functions.py,make_figures,python,1066,error,1216
./models/01_CTSM/python/ctsm/crop_calendars/generate_gdds_functions.py,make_figures,python,1066,make_gengdd_map,1225
./models/01_CTSM/python/ctsm/crop_calendars/generate_gdds_functions.py,make_figures,python,1066,error,1241
./models/01_CTSM/python/ctsm/crop_calendars/generate_gdds_functions.py,make_figures,python,1066,make_gengdd_map,1245
./models/01_CTSM/python/ctsm/crop_calendars/generate_gdds_functions.py,make_figures,python,1066,get_bounds_ncolors,1266
./models/01_CTSM/python/ctsm/crop_calendars/generate_gdds_functions.py,make_figures,python,1066,get_bounds_ncolors,1269
./models/01_CTSM/python/ctsm/crop_calendars/generate_gdds_functions.py,make_figures,python,1066,ParamGen.append,1283
./models/01_CTSM/python/ctsm/crop_calendars/generate_gdds_functions.py,make_figures,python,1066,ParamGen.append,1287
./models/01_CTSM/python/ctsm/crop_calendars/generate_gdds_functions.py,make_figures,python,1066,make_gengdd_map,1290
./models/01_CTSM/python/ctsm/crop_calendars/generate_gdds_functions.py,make_figures,python,1066,get_non_nans,1306
./models/01_CTSM/python/ctsm/crop_calendars/generate_gdds_functions.py,make_figures,python,1066,get_non_nans,1307
./models/01_CTSM/python/ctsm/crop_calendars/generate_gdds_functions.py,make_figures,python,1066,get_non_nans,1316
./models/01_CTSM/python/ctsm/crop_calendars/generate_gdds_functions.py,make_figures,python,1066,get_non_nans,1317
./models/01_CTSM/python/ctsm/crop_calendars/generate_gdds_functions.py,make_figures,python,1066,ParamGen.append,1318
./models/01_CTSM/python/ctsm/crop_calendars/generate_gdds_functions.py,make_figures,python,1066,ParamGen.append,1319
./models/01_CTSM/python/ctsm/crop_calendars/generate_gdds_functions.py,make_figures,python,1066,error,1326
./models/01_CTSM/python/ctsm/crop_calendars/generate_gdds_functions.py,make_figures,python,1066,make_plot,1334
./models/01_CTSM/python/ctsm/crop_calendars/generate_gdds_functions.py,make_figures,python,1066,make_plot,1335
./models/01_CTSM/python/ctsm/crop_calendars/generate_gdds_functions.py,make_figures,python,1066,set_boxplot_props,1336
./models/01_CTSM/python/ctsm/crop_calendars/generate_gdds_functions.py,make_figures,python,1066,set_boxplot_props,1337
./models/01_CTSM/python/ctsm/crop_calendars/generate_gdds_functions.py,make_figures,python,1066,log,1379
./models/01_CTSM/python/ctsm/crop_calendars/grid_one_variable.py,grid_the_data,python,60,ParamGen.append,67
./models/01_CTSM/python/ctsm/crop_calendars/grid_one_variable.py,grid_the_data,python,60,ParamGen.append,69
./models/01_CTSM/python/ctsm/crop_calendars/grid_one_variable.py,grid_the_data,python,60,ParamGen.append,71
./models/01_CTSM/python/ctsm/crop_calendars/grid_one_variable.py,grid_the_data,python,60,ParamGen.append,74
./models/01_CTSM/python/ctsm/crop_calendars/grid_one_variable.py,get_ixy_jxy_das,python,107,get_thisvar_da,111
./models/01_CTSM/python/ctsm/crop_calendars/grid_one_variable.py,get_ixy_jxy_das,python,107,get_thisvar_da,117
./models/01_CTSM/python/ctsm/crop_calendars/grid_one_variable.py,get_ixy_jxy_das,python,107,get_thisvar_da,125
./models/01_CTSM/python/ctsm/crop_calendars/grid_one_variable.py,get_ixy_jxy_das,python,107,get_thisvar_da,126
./models/01_CTSM/python/ctsm/crop_calendars/grid_one_variable.py,get_new_dim_list,python,130,ParamGen.append,141
./models/01_CTSM/python/ctsm/crop_calendars/grid_one_variable.py,grid_one_variable,python,147,get_ixy_jxy_das,161
./models/01_CTSM/python/ctsm/crop_calendars/grid_one_variable.py,grid_one_variable,python,147,get_new_dim_list,173
./models/01_CTSM/python/ctsm/crop_calendars/grid_one_variable.py,grid_one_variable,python,147,create_filled_array,176
./models/01_CTSM/python/ctsm/crop_calendars/grid_one_variable.py,grid_one_variable,python,147,grid_the_data,179
./models/01_CTSM/python/ctsm/crop_calendars/grid_one_variable.py,grid_one_variable,python,147,convert_to_da,182
./models/01_CTSM/python/ctsm/crop_calendars/import_ds.py,manual_mfdataset,python,47,mfdataset_preproc,55
./models/01_CTSM/python/ctsm/crop_calendars/import_ds.py,mfdataset_preproc,python,69,compute_derived_vars,160
./models/01_CTSM/python/ctsm/crop_calendars/import_ds.py,import_ds,python,195,process_inputs,212
./models/01_CTSM/python/ctsm/crop_calendars/import_ds.py,import_ds,python,195,ParamGen.append,228
./models/01_CTSM/python/ctsm/crop_calendars/import_ds.py,import_ds,python,195,mfdataset_preproc,243
./models/01_CTSM/python/ctsm/crop_calendars/import_ds.py,import_ds,python,195,manual_mfdataset,253
./models/01_CTSM/python/ctsm/crop_calendars/import_ds.py,import_ds,python,195,mfdataset_preproc,267
./models/01_CTSM/python/ctsm/crop_calendars/interpolate_gdds.py,<module>,python,,main,167
./models/01_CTSM/python/ctsm/crop_calendars/interpolate_gdds.py,_setup_process_args,python,32,_file_missing,51
./models/01_CTSM/python/ctsm/crop_calendars/interpolate_gdds.py,_setup_process_args,python,32,_file_missing,58
./models/01_CTSM/python/ctsm/crop_calendars/interpolate_gdds.py,main,python,154,_setup_process_args,161
./models/01_CTSM/python/ctsm/crop_calendars/interpolate_gdds.py,main,python,154,interpolate_gdds,163
./models/01_CTSM/python/ctsm/crop_calendars/process_ggcmi_shdates.py,get_dayssince_jan1y1,python,37,get_cft,41
./models/01_CTSM/python/ctsm/crop_calendars/process_ggcmi_shdates.py,get_dayssince_jan1y1,python,37,get_cft,42
./models/01_CTSM/python/ctsm/crop_calendars/process_ggcmi_shdates.py,main,python,48,process_ggcmi_shdates_args,53
./models/01_CTSM/python/ctsm/crop_calendars/process_ggcmi_shdates.py,main,python,48,process_ggcmi_shdates,54
./models/01_CTSM/python/ctsm/crop_calendars/process_ggcmi_shdates.py,strip_dataset,python,354,ParamGen.append,361
./models/01_CTSM/python/ctsm/crop_calendars/process_ggcmi_shdates.py,process_ggcmi_shdates,python,366,setup_crop_dict,404
./models/01_CTSM/python/ctsm/crop_calendars/process_ggcmi_shdates.py,process_ggcmi_shdates,python,366,setup_var_dict,405
./models/01_CTSM/python/ctsm/crop_calendars/process_ggcmi_shdates.py,process_ggcmi_shdates,python,366,get_dayssince_jan1y1,426
./models/01_CTSM/python/ctsm/crop_calendars/process_ggcmi_shdates.py,process_ggcmi_shdates,python,366,create_output_files,440
./models/01_CTSM/python/ctsm/crop_calendars/process_ggcmi_shdates.py,process_ggcmi_shdates,python,366,strip_dataset,517
./models/01_CTSM/python/ctsm/crop_calendars/process_ggcmi_shdates.py,process_ggcmi_shdates,python,366,fill_convert_int,521
./models/01_CTSM/python/ctsm/crop_calendars/process_ggcmi_shdates.py,process_ggcmi_shdates,python,366,add_time_dim,524
./models/01_CTSM/python/ctsm/crop_calendars/process_ggcmi_shdates.py,process_ggcmi_shdates,python,366,set_var_attrs,526
./models/01_CTSM/python/ctsm/crop_calendars/regrid_ggcmi_shdates.py,main,python,32,regrid_ggcmi_shdates_arg_process,39
./models/01_CTSM/python/ctsm/crop_calendars/regrid_ggcmi_shdates.py,main,python,32,regrid_ggcmi_shdates,40
./models/01_CTSM/python/ctsm/crop_calendars/regrid_ggcmi_shdates.py,regrid_ggcmi_shdates,python,110,run_and_check,125
./models/01_CTSM/python/ctsm/crop_calendars/regrid_ggcmi_shdates.py,regrid_ggcmi_shdates,python,110,get_template_da_out,145
./models/01_CTSM/python/ctsm/crop_calendars/regrid_ggcmi_shdates.py,regrid_ggcmi_shdates,python,110,run_and_check,185
./models/01_CTSM/python/ctsm/crop_calendars/regrid_ggcmi_shdates.py,regrid_ggcmi_shdates,python,110,run_and_check,188
./models/01_CTSM/python/ctsm/crop_calendars/regrid_ggcmi_shdates.py,regrid_ggcmi_shdates,python,110,run_and_check,191
./models/01_CTSM/python/ctsm/crop_calendars/regrid_ggcmi_shdates.py,regrid_ggcmi_shdates,python,110,run_and_check,193
./models/01_CTSM/python/ctsm/crop_calendars/regrid_ggcmi_shdates.py,regrid_ggcmi_shdates_arg_process,python,235,define_arguments,250
./models/01_CTSM/python/ctsm/crop_calendars/xr_flexsel.py,xr_flexsel,python,16,handle_callable,35
./models/01_CTSM/python/ctsm/crop_calendars/xr_flexsel.py,xr_flexsel,python,16,handle_vegtype,38
./models/01_CTSM/python/ctsm/crop_calendars/xr_flexsel.py,xr_flexsel,python,16,set_type_from_slice,49
./models/01_CTSM/python/ctsm/crop_calendars/xr_flexsel.py,xr_flexsel,python,16,set_type_from_ndarray,51
./models/01_CTSM/python/ctsm/crop_calendars/xr_flexsel.py,xr_flexsel,python,16,do_warn_about_seltype_interp,65
./models/01_CTSM/python/ctsm/crop_calendars/xr_flexsel.py,xr_flexsel,python,16,trim_along_relevant_1d_axes,71
./models/01_CTSM/python/ctsm/crop_calendars/xr_flexsel.py,xr_flexsel,python,16,perform_selection,74
./models/01_CTSM/python/ctsm/joblauncher/job_launcher_factory.py,create_job_launcher,python,18,_assert_not_none,61
./models/01_CTSM/python/ctsm/joblauncher/job_launcher_factory.py,create_job_launcher,python,18,_assert_not_none,62
./models/01_CTSM/python/ctsm/modify_input_files/fsurdat_modifier.py,main,python,25,fsurdat_modifier_arg_process,32
./models/01_CTSM/python/ctsm/modify_input_files/fsurdat_modifier.py,main,python,25,fsurdat_modifier,33
./models/01_CTSM/python/ctsm/modify_input_files/fsurdat_modifier.py,read_cfg_subgrid,python,105,check_range,147
./models/01_CTSM/python/ctsm/modify_input_files/fsurdat_modifier.py,read_cfg_subgrid,python,105,check_range,154
./models/01_CTSM/python/ctsm/modify_input_files/fsurdat_modifier.py,modify_optional,python,240,ModifyFsurdat.set_idealized,263
./models/01_CTSM/python/ctsm/modify_input_files/fsurdat_modifier.py,modify_optional,python,240,ModifyFsurdat.set_dom_pft,267
./models/01_CTSM/python/ctsm/modify_input_files/fsurdat_modifier.py,modify_optional,python,240,ModifyFsurdat.setvar_lev0,271
./models/01_CTSM/python/ctsm/modify_input_files/fsurdat_modifier.py,modify_optional,python,240,ModifyFsurdat.setvar_lev0,275
./models/01_CTSM/python/ctsm/modify_input_files/fsurdat_modifier.py,modify_optional,python,240,ModifyFsurdat.setvar_lev0,279
./models/01_CTSM/python/ctsm/modify_input_files/fsurdat_modifier.py,modify_optional,python,240,ModifyFsurdat.zero_nonveg,283
./models/01_CTSM/python/ctsm/modify_input_files/fsurdat_modifier.py,modify_optional,python,240,ModifyFsurdat.set_dom_pft,289
./models/01_CTSM/python/ctsm/modify_input_files/fsurdat_modifier.py,modify_optional,python,240,ModifyFsurdat.evenly_split_cropland,295
./models/01_CTSM/python/ctsm/modify_input_files/fsurdat_modifier.py,fsurdat_modifier,python,536,GenericXML.read,541
./models/01_CTSM/python/ctsm/modify_input_files/fsurdat_modifier.py,fsurdat_modifier,python,536,read_cfg_required_basic_opts,589
./models/01_CTSM/python/ctsm/modify_input_files/fsurdat_modifier.py,fsurdat_modifier,python,536,read_cfg_option_control,611
./models/01_CTSM/python/ctsm/modify_input_files/fsurdat_modifier.py,fsurdat_modifier,python,536,read_cfg_optional_basic_opts,627
./models/01_CTSM/python/ctsm/modify_input_files/fsurdat_modifier.py,fsurdat_modifier,python,536,modify_optional,632
./models/01_CTSM/python/ctsm/modify_input_files/fsurdat_modifier.py,fsurdat_modifier,python,536,read_cfg_subgrid,650
./models/01_CTSM/python/ctsm/modify_input_files/fsurdat_modifier.py,fsurdat_modifier,python,536,ModifyFsurdat.get_urb_dens,650
./models/01_CTSM/python/ctsm/modify_input_files/fsurdat_modifier.py,fsurdat_modifier,python,536,ModifyFsurdat.set_varlist,651
./models/01_CTSM/python/ctsm/modify_input_files/fsurdat_modifier.py,fsurdat_modifier,python,536,check_no_subgrid_section,654
./models/01_CTSM/python/ctsm/modify_input_files/fsurdat_modifier.py,fsurdat_modifier,python,536,read_cfg_var_list,657
./models/01_CTSM/python/ctsm/modify_input_files/fsurdat_modifier.py,fsurdat_modifier,python,536,ModifyFsurdat.check_varlist,658
./models/01_CTSM/python/ctsm/modify_input_files/fsurdat_modifier.py,fsurdat_modifier,python,536,ModifyFsurdat.set_varlist,661
./models/01_CTSM/python/ctsm/modify_input_files/fsurdat_modifier.py,fsurdat_modifier,python,536,check_no_varlist_section,664
./models/01_CTSM/python/ctsm/modify_input_files/mesh_mask_modifier.py,main,python,21,mesh_mask_modifier,37
./models/01_CTSM/python/ctsm/modify_input_files/mesh_mask_modifier.py,mesh_mask_modifier,python,40,GenericXML.read,44
./models/01_CTSM/python/ctsm/modify_input_files/mesh_mask_modifier.py,mesh_mask_modifier,python,40,ModifyMeshMask.set_mesh_mask,92
./models/01_CTSM/python/ctsm/site_and_regional/mesh_type.py,MeshType.calculate_node_coords,python,375,error,409
./models/01_CTSM/python/ctsm/site_and_regional/mesh_type.py,MeshType.calculate_node_coords,python,375,error,414
./models/01_CTSM/python/ctsm/site_and_regional/modify_singlept_site_neon.py,check_neon_time,python,409,download_file,420
./models/01_CTSM/python/ctsm/site_and_regional/modify_singlept_site_neon.py,update_fields_with_neon,python,550,print_soil_quality,598
./models/01_CTSM/python/ctsm/site_and_regional/modify_singlept_site_neon.py,main,python,611,get_parser,613
./models/01_CTSM/python/ctsm/site_and_regional/modify_singlept_site_neon.py,main,python,611,find_surffile,635
./models/01_CTSM/python/ctsm/site_and_regional/modify_singlept_site_neon.py,main,python,611,get_neon,642
./models/01_CTSM/python/ctsm/site_and_regional/modify_singlept_site_neon.py,main,python,611,find_soil_structure,652
./models/01_CTSM/python/ctsm/site_and_regional/modify_singlept_site_neon.py,main,python,611,print_neon_data_soil_structure,671
./models/01_CTSM/python/ctsm/site_and_regional/modify_singlept_site_neon.py,main,python,611,update_fields_with_neon,674
./models/01_CTSM/python/ctsm/site_and_regional/modify_singlept_site_neon.py,main,python,611,fill_interpolate,678
./models/01_CTSM/python/ctsm/site_and_regional/modify_singlept_site_neon.py,main,python,611,fill_interpolate,679
./models/01_CTSM/python/ctsm/site_and_regional/modify_singlept_site_neon.py,main,python,611,fill_interpolate,680
./models/01_CTSM/python/ctsm/site_and_regional/modify_singlept_site_neon.py,main,python,611,sort_print_soil_layers,692
./models/01_CTSM/python/ctsm/site_and_regional/modify_singlept_site_neon.py,main,python,611,update_agri_site_info,695
./models/01_CTSM/python/ctsm/site_and_regional/modify_singlept_site_neon.py,main,python,611,update_time_tag,704
./models/01_CTSM/python/ctsm/site_and_regional/modify_singlept_site_neon.py,main,python,611,update_metadata,707
./models/01_CTSM/python/ctsm/site_and_regional/neon_surf_wrapper.py,main,python,93,get_parser,97
./models/01_CTSM/python/ctsm/site_and_regional/neon_surf_wrapper.py,main,python,93,execute,226
./models/01_CTSM/python/ctsm/site_and_regional/neon_surf_wrapper.py,main,python,93,execute,227
./models/01_CTSM/python/ctsm/site_and_regional/plumber2_surf_wrapper.py,main,python,90,get_args,95
./models/01_CTSM/python/ctsm/site_and_regional/plumber2_surf_wrapper.py,main,python,90,execute,192
./models/01_CTSM/python/ctsm/site_and_regional/plumber2_surf_wrapper.py,<module>,python,,main,196
./models/01_CTSM/python/ctsm/site_and_regional/plumber2_usermods.py,main,python,153,write_usermods,173
./models/01_CTSM/python/ctsm/site_and_regional/plumber2_usermods.py,<module>,python,,main,188
./models/01_CTSM/python/ctsm/site_and_regional/regional_case.py,RegionalCase.extract_mesh_at_reg,python,307,MeshType.calculate_corners,327
./models/01_CTSM/python/ctsm/site_and_regional/regional_case.py,RegionalCase.extract_mesh_at_reg,python,307,MeshType.calculate_nodes,328
./models/01_CTSM/python/ctsm/site_and_regional/regional_case.py,RegionalCase.extract_mesh_at_reg,python,307,MeshType.create_esmf,329
./models/01_CTSM/python/ctsm/site_and_regional/regional_case.py,RegionalCase.subset_mesh_at_reg,python,395,ParamGen.append,423
./models/01_CTSM/python/ctsm/site_and_regional/regional_case.py,RegionalCase.subset_mesh_at_reg,python,395,ParamGen.append,439
./models/01_CTSM/python/ctsm/site_and_regional/run_tower.py,check_neon_listing,python,76,parse_neon_listing,84
./models/01_CTSM/python/ctsm/site_and_regional/run_tower.py,parse_neon_listing,python,88,NamelistDefinition.get_group,124
./models/01_CTSM/python/ctsm/site_and_regional/run_tower.py,parse_neon_listing,python,88,ParamGen.append,172
./models/01_CTSM/python/ctsm/site_and_regional/run_tower.py,setup_plumber_data,python,177,ParamGen.append,209
./models/01_CTSM/python/ctsm/site_and_regional/run_tower.py,main,python,214,check_neon_listing,259
./models/01_CTSM/python/ctsm/site_and_regional/run_tower.py,main,python,214,TowerSite.set_default_user_mods_dirs,278
./models/01_CTSM/python/ctsm/site_and_regional/run_tower.py,main,python,214,TowerSite.build_base_case,279
./models/01_CTSM/python/ctsm/site_and_regional/run_tower.py,main,python,214,TowerSite.run_case,290
./models/01_CTSM/python/ctsm/site_and_regional/run_tower.py,main,python,214,setup_plumber_data,305
./models/01_CTSM/python/ctsm/site_and_regional/run_tower.py,main,python,214,TowerSite.set_default_user_mods_dirs,314
./models/01_CTSM/python/ctsm/site_and_regional/run_tower.py,main,python,214,TowerSite.build_base_case,315
./models/01_CTSM/python/ctsm/site_and_regional/run_tower.py,main,python,214,TowerSite.run_case,325
./models/01_CTSM/python/ctsm/site_and_regional/single_point_case.py,SinglePointCase.convert_plon_to_filetype_if_needed,python,148,Longitude.lon_type,155
./models/01_CTSM/python/ctsm/site_and_regional/single_point_case.py,SinglePointCase.create_datm_at_point,python,679,ParamGen.append,723
./models/01_CTSM/python/ctsm/site_and_regional/single_point_case.py,SinglePointCase.create_datm_at_point,python,679,ParamGen.append,724
./models/01_CTSM/python/ctsm/site_and_regional/single_point_case.py,SinglePointCase.create_datm_at_point,python,679,ParamGen.append,725
./models/01_CTSM/python/ctsm/site_and_regional/tower_site.py,TowerSite.build_base_case,python,114,Case.create,178
./models/01_CTSM/python/ctsm/site_and_regional/tower_site.py,TowerSite.run_case,python,318,submit,406
./models/01_CTSM/python/ctsm/site_and_regional/tower_site.py,TowerSite.run_case,python,318,create_namelists,489
./models/01_CTSM/python/ctsm/site_and_regional/tower_site.py,TowerSite.run_case,python,318,check_all_input_data,493
./models/01_CTSM/python/ctsm/site_and_regional/tower_site.py,TowerSite.run_case,python,318,submit,495
./models/01_CTSM/python/ctsm/test/test_sys_py_env_create.py,get_unique_env_name,python,42,does_env_exist,48
./models/01_CTSM/python/ctsm/test/test_sys_py_env_create.py,get_unique_env_name,python,42,get_conda_envs,48
./models/01_CTSM/python/ctsm/test/test_sys_py_env_create.py,get_unique_env_name,python,42,get_unique_env_name,49
./models/01_CTSM/python/ctsm/test/test_sys_py_env_create.py,TestSysPyEnvCreate.tearDown,python,70,get_conda_envs,73
./models/01_CTSM/python/ctsm/test/test_sys_py_env_create.py,TestSysPyEnvCreate.tearDown,python,70,does_env_exist,75
./models/01_CTSM/python/ctsm/test/test_sys_py_env_create.py,TestSysPyEnvCreate._create_empty_env,python,79,get_unique_env_name,89
./models/01_CTSM/python/ctsm/test/test_sys_py_env_create.py,TestSysPyEnvCreate._create_empty_env,python,79,does_env_exist,115
./models/01_CTSM/python/ctsm/test/test_sys_py_env_create.py,TestSysPyEnvCreate._create_empty_env,python,79,get_conda_envs,115
./models/01_CTSM/python/ctsm/test/test_sys_py_env_create.py,TestSysPyEnvCreate.test_py_env_create_old,python,196,get_unique_env_name,202
./models/01_CTSM/python/ctsm/test/test_sys_py_env_create.py,TestSysPyEnvCreate.test_complete_py_env_create,python,301,get_conda_envs,328
./models/01_CTSM/python/ctsm/test/test_sys_py_env_create.py,TestSysPyEnvCreate.test_complete_py_env_create,python,301,does_env_exist,330
./models/01_CTSM/python/ctsm/test/test_sys_py_env_create.py,TestSysPyEnvCreate.test_complete_py_env_create_mamba,python,332,get_conda_envs,359
./models/01_CTSM/python/ctsm/test/test_sys_py_env_create.py,TestSysPyEnvCreate.test_complete_py_env_create_mamba,python,332,does_env_exist,361
./models/01_CTSM/python/ctsm/test/test_sys_subset_data.py,TestSubsetDataSys._do_test_subset_data_pt_surface,python,282,_get_sitename_str_point,324
./models/01_CTSM/python/ctsm/test/test_sys_subset_data.py,TestSubsetDataSys._do_test_subset_data_pt_landuse,python,356,_get_sitename_str_point,399
./models/01_CTSM/python/ctsm/test/test_sys_subset_data.py,TestSubsetDataSys._do_test_subset_data_pt_datm,python,431,_get_sitename_str_point,465
./models/01_CTSM/python/ctsm/test/test_sys_subset_data.py,TestSubsetDataSys._do_test_subset_data_pt_datm,python,431,ParamGen.append,471
./models/01_CTSM/python/ctsm/test/test_unit_gen_mksurfdata_jobscript_single.py,TestFGenMkSurfJobscriptSingle.assertFileContentsEqual,python,28,GenericXML.read,36
./models/01_CTSM/python/ctsm/test/test_unit_longitude.py,TestLongitude.test_list_as_lon,python,424,Longitude.lon_type,432
./models/01_CTSM/python/ctsm/test/test_unit_longitude.py,TestLongitude.test_array_as_lon,python,434,Longitude.lon_type,442
./models/01_CTSM/python/ctsm/test/test_unit_longitude.py,TestLongitude.test_lon_type_getter,python,444,Longitude.lon_type,447
./models/01_CTSM/python/ctsm/test/test_unit_longitude.py,TestLongitude.test_get_str,python,461,Longitude.get_str,464
./models/01_CTSM/python/ctsm/test/test_unit_longitude.py,TestLongitude.test_get_str,python,461,Longitude.get_str,465
./models/01_CTSM/python/ctsm/test/test_unit_longitude.py,TestLongitude.test_get_str,python,461,Longitude.get_str,467
./models/01_CTSM/python/ctsm/test/test_unit_longitude.py,TestLongitude.test_get_str,python,461,Longitude.get_str,468
./models/01_CTSM/python/ctsm/test/test_unit_machine.py,TestCreateMachine.assertNoBatchInfo,python,54,JobLauncherNoBatch.get_nice_level,61
./models/01_CTSM/python/ctsm/test/test_unit_machine.py,TestCreateMachine.assertQsubInfo,python,63,JobLauncherBase.get_queue,68
./models/01_CTSM/python/ctsm/test/test_unit_machine.py,TestCreateMachine.assertQsubInfo,python,63,JobLauncherBase.get_walltime,69
./models/01_CTSM/python/ctsm/test/test_unit_machine.py,TestCreateMachine.assertQsubInfo,python,63,JobLauncherBase.get_account,70
./models/01_CTSM/python/ctsm/test/test_unit_machine.py,TestCreateMachine.assertQsubInfo,python,63,JobLauncherBase.get_required_args,71
./models/01_CTSM/python/ctsm/test/test_unit_machine.py,TestCreateMachine.assertQsubInfo,python,63,JobLauncherBase.get_extra_args,72
./models/01_CTSM/python/ctsm/test/test_unit_run_sys_tests.py,TestRunSysTests.test_createTestCommand_testnames,python,87,JobLauncherFake.get_commands,109
./models/01_CTSM/python/ctsm/test/test_unit_run_sys_tests.py,TestRunSysTests.test_createTestCommand_testfileAndExtraArgs,python,131,JobLauncherFake.get_commands,159
./models/01_CTSM/python/ctsm/test/test_unit_run_sys_tests.py,TestRunSysTests.test_createTestCommands_testsuite,python,178,JobLauncherFake.get_commands,200
./models/01_CTSM/python/ctsm/test/test_unit_run_sys_tests.py,TestRunSysTests.test_createTestCommands_testsuiteSpecifiedCompilers,python,238,JobLauncherFake.get_commands,256
./models/01_CTSM/python/ctsm/test/test_unit_run_sys_tests.py,TestRunSysTests.test_withDryRun_nothingDone,python,261,JobLauncherFake.get_commands,266
./models/01_CTSM/python/ctsm/test/test_unit_singlept_data.py,TestSinglePointCase.test_check_dom_pft_too_big,python,110,SinglePointCase.check_dom_pft,138
./models/01_CTSM/python/ctsm/test/test_unit_singlept_data.py,TestSinglePointCase.test_check_dom_pft_too_small,python,140,SinglePointCase.check_dom_pft,168
./models/01_CTSM/python/ctsm/test/test_unit_singlept_data.py,TestSinglePointCase.test_check_dom_pft_numpft,python,170,SinglePointCase.check_dom_pft,199
./models/01_CTSM/python/ctsm/test/test_unit_singlept_data.py,TestSinglePointCase.test_check_dom_pft_mixed_range,python,201,SinglePointCase.check_dom_pft,232
./models/01_CTSM/python/ctsm/test/test_unit_singlept_data.py,TestSinglePointCase.test_check_nonveg_nodompft,python,234,SinglePointCase.check_nonveg,266
./models/01_CTSM/python/ctsm/test/test_unit_singlept_data.py,TestSinglePointCase.test_check_pct_pft_notsamenumbers,python,268,SinglePointCase.check_pct_pft,299
./models/01_CTSM/python/ctsm/test/test_unit_singlept_data.py,TestSinglePointCase.test_check_pct_pft_sum_not1,python,301,SinglePointCase.check_pct_pft,332
./models/01_CTSM/python/ctsm/test/test_unit_singlept_data.py,TestSinglePointCase.test_check_pct_pft_fraction_topct,python,334,SinglePointCase.check_pct_pft,362
./models/01_CTSM/python/ctsm/test/test_unit_singlept_data_surfdata.py,TestSinglePointCaseSurfaceNoCrop.test_modify_surfdata_atpoint_nocrop_1pft_pctnatpft,python,174,SinglePointCase.modify_surfdata_atpoint,201
./models/01_CTSM/python/ctsm/test/test_unit_singlept_data_surfdata.py,TestSinglePointCaseSurfaceNoCrop.test_modify_surfdata_atpoint_nocrop_1pft_pctnatveg,python,209,SinglePointCase.modify_surfdata_atpoint,236
./models/01_CTSM/python/ctsm/test/test_unit_singlept_data_surfdata.py,TestSinglePointCaseSurfaceNoCrop.test_modify_surfdata_atpoint_nocrop_1pft_pctcrop,python,240,SinglePointCase.modify_surfdata_atpoint,267
./models/01_CTSM/python/ctsm/test/test_unit_singlept_data_surfdata.py,TestSinglePointCaseSurfaceNoCrop.test_modify_surfdata_atpoint_nocrop_1pft_glacier,python,271,SinglePointCase.modify_surfdata_atpoint,299
./models/01_CTSM/python/ctsm/test/test_unit_singlept_data_surfdata.py,TestSinglePointCaseSurfaceNoCrop.test_modify_surfdata_atpoint_nocrop_1pft_wetland,python,303,SinglePointCase.modify_surfdata_atpoint,331
./models/01_CTSM/python/ctsm/test/test_unit_singlept_data_surfdata.py,TestSinglePointCaseSurfaceNoCrop.test_modify_surfdata_atpoint_nocrop_1pft_lake,python,335,SinglePointCase.modify_surfdata_atpoint,363
./models/01_CTSM/python/ctsm/test/test_unit_singlept_data_surfdata.py,TestSinglePointCaseSurfaceNoCrop.test_modify_surfdata_atpoint_nocrop_1pft_unisnow,python,367,SinglePointCase.modify_surfdata_atpoint,396
./models/01_CTSM/python/ctsm/test/test_unit_singlept_data_surfdata.py,TestSinglePointCaseSurfaceNoCrop.test_modify_surfdata_atpoint_nocrop_1pft_capsat,python,400,SinglePointCase.modify_surfdata_atpoint,428
./models/01_CTSM/python/ctsm/test/test_unit_singlept_data_surfdata.py,TestSinglePointCaseSurfaceNoCrop.test_modify_surfdata_atpoint_nocrop_multipft,python,433,SinglePointCase.modify_surfdata_atpoint,462
./models/01_CTSM/python/ctsm/test/test_unit_singlept_data_surfdata.py,TestSinglePointCaseSurfaceNoCrop.test_modify_surfdata_atpoint_nocrop_urban_nononveg,python,472,SinglePointCase.modify_surfdata_atpoint,502
./models/01_CTSM/python/ctsm/test/test_unit_singlept_data_surfdata.py,TestSinglePointCaseSurfaceNoCrop.test_modify_surfdata_atpoint_nocrop_urban_include_nonveg,python,509,SinglePointCase.modify_surfdata_atpoint,542
./models/01_CTSM/python/ctsm/test/test_unit_singlept_data_surfdata.py,TestSinglePointCaseSurfaceNoCrop.test_modify_surfdata_atpoint_nocrop_wetland_include_nonveg,python,549,SinglePointCase.modify_surfdata_atpoint,578
./models/01_CTSM/python/ctsm/test/test_unit_singlept_data_surfdata.py,TestSinglePointCaseSurfaceNoCrop.test_modify_surfdata_atpoint_nocrop_nopft_zero_nonveg,python,582,SinglePointCase.modify_surfdata_atpoint,614
./models/01_CTSM/python/ctsm/test/test_unit_singlept_data_surfdata.py,TestSinglePointCaseSurfaceNoCrop.test_modify_surfdata_atpoint_nocrop_nopft_include_nonveg,python,618,SinglePointCase.modify_surfdata_atpoint,650
./models/01_CTSM/python/ctsm/test/test_unit_singlept_data_surfdata.py,TestSinglePointCaseSurfaceCrop.test_modify_surfdata_atpoint_crop_1pft_pctnatpft,python,795,SinglePointCase.modify_surfdata_atpoint,822
./models/01_CTSM/python/ctsm/test/test_unit_singlept_data_surfdata.py,TestSinglePointCaseSurfaceCrop.test_modify_surfdata_atpoint_crop_1pft_pctnatveg,python,830,SinglePointCase.modify_surfdata_atpoint,857
./models/01_CTSM/python/ctsm/test/test_unit_singlept_data_surfdata.py,TestSinglePointCaseSurfaceCrop.test_modify_surfdata_atpoint_crop_1pft_pctcrop,python,861,SinglePointCase.modify_surfdata_atpoint,888
./models/01_CTSM/python/ctsm/test/test_unit_singlept_data_surfdata.py,TestSinglePointCaseSurfaceCrop.test_modify_surfdata_atpoint_crop_1pft_glacier,python,892,SinglePointCase.modify_surfdata_atpoint,920
./models/01_CTSM/python/ctsm/test/test_unit_singlept_data_surfdata.py,TestSinglePointCaseSurfaceCrop.test_modify_surfdata_atpoint_crop_1pft_wetland,python,924,SinglePointCase.modify_surfdata_atpoint,952
./models/01_CTSM/python/ctsm/test/test_unit_singlept_data_surfdata.py,TestSinglePointCaseSurfaceCrop.test_modify_surfdata_atpoint_crop_1pft_lake,python,956,SinglePointCase.modify_surfdata_atpoint,984
./models/01_CTSM/python/ctsm/test/test_unit_singlept_data_surfdata.py,TestSinglePointCaseSurfaceCrop.test_modify_surfdata_atpoint_crop_1pft_unisnow,python,988,SinglePointCase.modify_surfdata_atpoint,1016
./models/01_CTSM/python/ctsm/test/test_unit_singlept_data_surfdata.py,TestSinglePointCaseSurfaceCrop.test_modify_surfdata_atpoint_crop_1pft_capsat,python,1020,SinglePointCase.modify_surfdata_atpoint,1048
./models/01_CTSM/python/ctsm/test/test_unit_singlept_data_surfdata.py,TestSinglePointCaseSurfaceCrop.test_modify_surfdata_atpoint_crop_multipft,python,1053,SinglePointCase.modify_surfdata_atpoint,1081
./models/01_CTSM/python/ctsm/test/test_unit_singlept_data_surfdata.py,TestSinglePointCaseSurfaceCrop.test_modify_surfdata_atpoint_crop_urban_nononveg,python,1090,SinglePointCase.modify_surfdata_atpoint,1120
./models/01_CTSM/python/ctsm/test/test_unit_singlept_data_surfdata.py,TestSinglePointCaseSurfaceCrop.test_modify_surfdata_atpoint_crop_urban_include_nonveg,python,1127,SinglePointCase.modify_surfdata_atpoint,1160
./models/01_CTSM/python/ctsm/test/test_unit_singlept_data_surfdata.py,TestSinglePointCaseSurfaceCrop.test_modify_surfdata_atpoint_crop_lake_include_nonveg,python,1167,SinglePointCase.modify_surfdata_atpoint,1196
./models/01_CTSM/python/ctsm/test/test_unit_singlept_data_surfdata.py,TestSinglePointCaseSurfaceCrop.test_modify_surfdata_atpoint_crop_nopft_zero_nonveg,python,1200,SinglePointCase.modify_surfdata_atpoint,1232
./models/01_CTSM/python/ctsm/test/test_unit_singlept_data_surfdata.py,TestSinglePointCaseSurfaceCrop.test_modify_surfdata_atpoint_crop_nopft_include_nonveg,python,1236,SinglePointCase.modify_surfdata_atpoint,1268
./models/01_CTSM/python/ctsm/test/test_unit_sspmatrix.py,SSPCaseFake.create_clone,python,47,SSPCaseFake.make_case_dirs,58
./models/01_CTSM/python/ctsm/test/test_unit_sspmatrix.py,TestSSPMatrix.setUp,python,87,SSPCaseFake.__init__,96
./models/01_CTSM/python/ctsm/test/test_unit_subset_data.py,TestSubsetData.test_check_region_bounds_none_error,python,752,RegionalCase.check_region_bounds,780
./models/01_CTSM/python/ctsm/test/test_unit_subset_data.py,TestSubsetData.test_check_region_bounds_lat_eq_error,python,782,RegionalCase.check_region_bounds,810
./models/01_CTSM/python/ctsm/test/test_unit_subset_data.py,TestSubsetData.test_subset_lon_lat,python,812,setup_fake_dataset,834
./models/01_CTSM/python/ctsm/test/test_unit_subset_data.py,TestSubsetData.test_subset_lon_lat,python,812,RegionalCase._subset_lon_lat,863
./models/01_CTSM/python/ctsm/test/test_unit_utils.py,TestUtilsFillTemplateFile.test_fillTemplateFile_basic,python,31,GenericXML.read,54
./models/01_CTSM/python/ctsm/test/joblauncher/test_unit_job_launcher_no_batch.py,TestJobLauncherNoBatch.assertFileContentsEqual,python,30,GenericXML.read,36
./models/01_CTSM/python/ctsm/test/joblauncher/test_unit_job_launcher_no_batch.py,TestJobLauncherNoBatch.test_runCommand,python,40,JobLauncherBase.run_command,44
./models/01_CTSM/python/ctsm/test/joblauncher/test_unit_job_launcher_no_batch.py,TestJobLauncherNoBatch.test_runCommand,python,40,JobLauncherNoBatch.wait_for_last_process_to_complete,49
./models/01_CTSM/python/ctsm/test/joblauncher/test_unit_job_launcher_no_batch.py,TestJobLauncherNoBatch.test_runCommand_dryRun,python,53,JobLauncherBase.run_command,56
./models/01_CTSM/python/ctsm/test/joblauncher/test_unit_job_launcher_no_batch.py,TestJobLauncherNoBatch.test_runCommand_dryRun,python,53,JobLauncherNoBatch.wait_for_last_process_to_complete,67
./models/01_CTSM/python/ctsm/toolchain/gen_mksurfdata_jobscript_multi.py,main,python,153,get_parser,160
./models/01_CTSM/python/ctsm/toolchain/gen_mksurfdata_jobscript_multi.py,main,python,153,write_runscript,411
./models/01_CTSM/python/ctsm/toolchain/gen_mksurfdata_jobscript_single.py,get_parser,python,105,base_get_parser,109
./models/01_CTSM/python/ctsm/toolchain/gen_mksurfdata_jobscript_single.py,main,python,272,get_parser,279
./models/01_CTSM/python/ctsm/toolchain/gen_mksurfdata_jobscript_single.py,main,python,272,check_parser_args,281
./models/01_CTSM/python/ctsm/toolchain/gen_mksurfdata_jobscript_single.py,main,python,272,write_runscript_part1,297
./models/01_CTSM/python/ctsm/toolchain/gen_mksurfdata_jobscript_single.py,main,python,272,get_mpirun,308
./models/01_CTSM/python/ctsm/toolchain/gen_mksurfdata_jobscript_single.py,main,python,272,write_runscript_part2,312
./models/01_CTSM/python/ctsm/toolchain/gen_mksurfdata_namelist.py,main,python,237,get_parser,242
./models/01_CTSM/python/ctsm/toolchain/gen_mksurfdata_namelist.py,main,python,237,process_hires_options,260
./models/01_CTSM/python/ctsm/toolchain/gen_mksurfdata_namelist.py,main,python,237,open_mesh_file,263
./models/01_CTSM/python/ctsm/toolchain/gen_mksurfdata_namelist.py,main,python,237,check_ssp_years,272
./models/01_CTSM/python/ctsm/toolchain/gen_mksurfdata_namelist.py,main,python,237,determine_pft_years,275
./models/01_CTSM/python/ctsm/toolchain/gen_mksurfdata_namelist.py,main,python,237,determine_input_rawdata,299
./models/01_CTSM/python/ctsm/toolchain/gen_mksurfdata_namelist.py,main,python,237,determine_output_mesh,306
./models/01_CTSM/python/ctsm/toolchain/gen_mksurfdata_namelist.py,main,python,237,get_file_paths,328
./models/01_CTSM/python/ctsm/toolchain/gen_mksurfdata_namelist.py,main,python,237,write_nml_rawinput,375
./models/01_CTSM/python/ctsm/toolchain/gen_mksurfdata_namelist.py,main,python,237,write_nml_outdata,390
./models/01_CTSM/python/ctsm/toolchain/gen_mksurfdata_namelist.py,get_file_paths,python,445,handle_transient_run,462
./models/01_CTSM/python/ctsm/toolchain/gen_mksurfdata_namelist.py,determine_output_mesh,python,719,ParamGen.append,745
./models/01_CTSM/tools/contrib/add_tillage_to_paramsfile.py,main,python,48,make_dataarray,119
./models/01_CTSM/tools/contrib/add_tillage_to_paramsfile.py,main,python,48,make_dataarray,122
./models/01_CTSM/tools/contrib/add_tillage_to_paramsfile.py,<module>,python,,main,169
./models/01_CTSM/tools/contrib/remove_duplicate_tests.py,<module>,python,,get_front_matter,156
./models/01_CTSM/tools/contrib/remove_duplicate_tests.py,<module>,python,,parse_xml,159
./models/01_CTSM/tools/contrib/remove_duplicate_tests.py,<module>,python,,remove_duplicate_machines,162
./models/01_CTSM/tools/contrib/remove_duplicate_tests.py,<module>,python,,write_xml,171
./models/01_CTSM/tools/contrib/remove_duplicate_tests.py,get_front_matter,python,26,ParamGen.append,40
./models/01_CTSM/tools/contrib/remove_duplicate_tests.py,print_tests_info,python,96,print_test_info,109
./models/01_CTSM/tools/contrib/remove_duplicate_tests.py,remove_duplicate_machines,python,118,ParamGen.append,142
./models/01_CTSM/tools/contrib/remove_duplicate_tests.py,remove_duplicate_machines,python,118,Foo.add,144
./models/01_CTSM/tools/contrib/remove_duplicate_tests.py,remove_duplicate_machines,python,118,ParamGen.append,148
./models/01_CTSM/tools/contrib/tweak_latlons.py,<module>,python,,ParamGen.append,267
./models/01_CTSM/tools/contrib/tweak_latlons.py,<module>,python,,main,269
./models/01_CTSM/tools/contrib/tweak_latlons.py,main,python,121,get_tweak,137
./models/01_CTSM/tools/contrib/tweak_latlons.py,main,python,121,apply_tweak,149
./models/01_CTSM/tools/contrib/tweak_latlons.py,main,python,121,check,174
./models/01_CTSM/tools/contrib/tweak_latlons.py,main,python,121,check,175
./models/01_CTSM/tools/contrib/tweak_latlons.py,main,python,121,redirect_argv,192
