file,function,type,line,call,call_line
./models/13_ORCHIDEE-MAN-2025/src_driver/dim2_driver.f90,driver,PROGRAM,1,Init_orchidee_para,
./models/13_ORCHIDEE-MAN-2025/src_driver/dim2_driver.f90,driver,PROGRAM,1,init_timer,
./models/13_ORCHIDEE-MAN-2025/src_driver/dim2_driver.f90,driver,PROGRAM,1,start_timer,
./models/13_ORCHIDEE-MAN-2025/src_driver/dim2_driver.f90,driver,PROGRAM,1,start_timer,
./models/13_ORCHIDEE-MAN-2025/src_driver/dim2_driver.f90,driver,PROGRAM,1,forcing_info,
./models/13_ORCHIDEE-MAN-2025/src_driver/dim2_driver.f90,driver,PROGRAM,1,forcing_grid,
./models/13_ORCHIDEE-MAN-2025/src_driver/dim2_driver.f90,driver,PROGRAM,1,ipslerr_p,
./models/13_ORCHIDEE-MAN-2025/src_driver/dim2_driver.f90,driver,PROGRAM,1,ipslerr_p,
./models/13_ORCHIDEE-MAN-2025/src_driver/dim2_driver.f90,driver,PROGRAM,1,ipslerr_p,
./models/13_ORCHIDEE-MAN-2025/src_driver/dim2_driver.f90,driver,PROGRAM,1,ipslerr_p,
./models/13_ORCHIDEE-MAN-2025/src_driver/dim2_driver.f90,driver,PROGRAM,1,ipslerr_p,
./models/13_ORCHIDEE-MAN-2025/src_driver/dim2_driver.f90,driver,PROGRAM,1,ipslerr_p,
./models/13_ORCHIDEE-MAN-2025/src_driver/dim2_driver.f90,driver,PROGRAM,1,intersurf_initialize_2d,
./models/13_ORCHIDEE-MAN-2025/src_driver/dim2_driver.f90,driver,PROGRAM,1,intersurf_main_2d,
./models/13_ORCHIDEE-MAN-2025/src_driver/dim2_driver.f90,driver,PROGRAM,1,Finalize_mpi,
./models/13_ORCHIDEE-MAN-2025/src_driver/forcesoil.f90,forcesoil,PROGRAM,1,Init_orchidee_para,
./models/13_ORCHIDEE-MAN-2025/src_driver/forcesoil.f90,forcesoil,PROGRAM,1,init_timer,
./models/13_ORCHIDEE-MAN-2025/src_driver/forcesoil.f90,forcesoil,PROGRAM,1,nccheck,
./models/13_ORCHIDEE-MAN-2025/src_driver/forcesoil.f90,forcesoil,PROGRAM,1,nccheck,
./models/13_ORCHIDEE-MAN-2025/src_driver/forcesoil.f90,forcesoil,PROGRAM,1,nccheck,
./models/13_ORCHIDEE-MAN-2025/src_driver/forcesoil.f90,forcesoil,PROGRAM,1,nccheck,
./models/13_ORCHIDEE-MAN-2025/src_driver/forcesoil.f90,forcesoil,PROGRAM,1,nccheck,
./models/13_ORCHIDEE-MAN-2025/src_driver/forcesoil.f90,forcesoil,PROGRAM,1,nccheck,
./models/13_ORCHIDEE-MAN-2025/src_driver/forcesoil.f90,forcesoil,PROGRAM,1,nccheck,
./models/13_ORCHIDEE-MAN-2025/src_driver/forcesoil.f90,forcesoil,PROGRAM,1,nccheck,
./models/13_ORCHIDEE-MAN-2025/src_driver/forcesoil.f90,forcesoil,PROGRAM,1,nccheck,
./models/13_ORCHIDEE-MAN-2025/src_driver/forcesoil.f90,forcesoil,PROGRAM,1,nccheck,
./models/13_ORCHIDEE-MAN-2025/src_driver/forcesoil.f90,forcesoil,PROGRAM,1,nccheck,
./models/13_ORCHIDEE-MAN-2025/src_driver/forcesoil.f90,forcesoil,PROGRAM,1,nccheck,
./models/13_ORCHIDEE-MAN-2025/src_driver/forcesoil.f90,forcesoil,PROGRAM,1,nccheck,
./models/13_ORCHIDEE-MAN-2025/src_driver/forcesoil.f90,forcesoil,PROGRAM,1,nccheck,
./models/13_ORCHIDEE-MAN-2025/src_driver/forcesoil.f90,forcesoil,PROGRAM,1,nccheck,
./models/13_ORCHIDEE-MAN-2025/src_driver/forcesoil.f90,forcesoil,PROGRAM,1,nccheck,
./models/13_ORCHIDEE-MAN-2025/src_driver/forcesoil.f90,forcesoil,PROGRAM,1,nccheck,
./models/13_ORCHIDEE-MAN-2025/src_driver/forcesoil.f90,forcesoil,PROGRAM,1,nccheck,
./models/13_ORCHIDEE-MAN-2025/src_driver/forcesoil.f90,forcesoil,PROGRAM,1,nccheck,
./models/13_ORCHIDEE-MAN-2025/src_driver/forcesoil.f90,forcesoil,PROGRAM,1,nccheck,
./models/13_ORCHIDEE-MAN-2025/src_driver/forcesoil.f90,forcesoil,PROGRAM,1,nccheck,
./models/13_ORCHIDEE-MAN-2025/src_driver/forcesoil.f90,forcesoil,PROGRAM,1,nccheck,
./models/13_ORCHIDEE-MAN-2025/src_driver/forcesoil.f90,forcesoil,PROGRAM,1,nccheck,
./models/13_ORCHIDEE-MAN-2025/src_driver/forcesoil.f90,forcesoil,PROGRAM,1,nccheck,
./models/13_ORCHIDEE-MAN-2025/src_driver/forcesoil.f90,forcesoil,PROGRAM,1,nccheck,
./models/13_ORCHIDEE-MAN-2025/src_driver/forcesoil.f90,forcesoil,PROGRAM,1,nccheck,
./models/13_ORCHIDEE-MAN-2025/src_driver/forcesoil.f90,forcesoil,PROGRAM,1,nccheck,
./models/13_ORCHIDEE-MAN-2025/src_driver/forcesoil.f90,forcesoil,PROGRAM,1,control_initialize,
./models/13_ORCHIDEE-MAN-2025/src_driver/forcesoil.f90,forcesoil,PROGRAM,1,ipslerr_p,
./models/13_ORCHIDEE-MAN-2025/src_driver/forcesoil.f90,forcesoil,PROGRAM,1,ipslerr_p,
./models/13_ORCHIDEE-MAN-2025/src_driver/forcesoil.f90,forcesoil,PROGRAM,1,ipslerr_p,
./models/13_ORCHIDEE-MAN-2025/src_driver/forcesoil.f90,forcesoil,PROGRAM,1,nccheck,
./models/13_ORCHIDEE-MAN-2025/src_driver/forcesoil.f90,forcesoil,PROGRAM,1,nccheck,
./models/13_ORCHIDEE-MAN-2025/src_driver/forcesoil.f90,forcesoil,PROGRAM,1,nccheck,
./models/13_ORCHIDEE-MAN-2025/src_driver/forcesoil.f90,forcesoil,PROGRAM,1,nccheck,
./models/13_ORCHIDEE-MAN-2025/src_driver/forcesoil.f90,forcesoil,PROGRAM,1,nccheck,
./models/13_ORCHIDEE-MAN-2025/src_driver/forcesoil.f90,forcesoil,PROGRAM,1,nccheck,
./models/13_ORCHIDEE-MAN-2025/src_driver/forcesoil.f90,forcesoil,PROGRAM,1,nccheck,
./models/13_ORCHIDEE-MAN-2025/src_driver/forcesoil.f90,forcesoil,PROGRAM,1,nccheck,
./models/13_ORCHIDEE-MAN-2025/src_driver/forcesoil.f90,forcesoil,PROGRAM,1,nccheck,
./models/13_ORCHIDEE-MAN-2025/src_driver/forcesoil.f90,forcesoil,PROGRAM,1,nccheck,
./models/13_ORCHIDEE-MAN-2025/src_driver/forcesoil.f90,forcesoil,PROGRAM,1,nccheck,
./models/13_ORCHIDEE-MAN-2025/src_driver/forcesoil.f90,forcesoil,PROGRAM,1,nccheck,
./models/13_ORCHIDEE-MAN-2025/src_driver/forcesoil.f90,forcesoil,PROGRAM,1,nccheck,
./models/13_ORCHIDEE-MAN-2025/src_driver/forcesoil.f90,forcesoil,PROGRAM,1,nccheck,
./models/13_ORCHIDEE-MAN-2025/src_driver/forcesoil.f90,forcesoil,PROGRAM,1,nccheck,
./models/13_ORCHIDEE-MAN-2025/src_driver/forcesoil.f90,forcesoil,PROGRAM,1,nccheck,
./models/13_ORCHIDEE-MAN-2025/src_driver/forcesoil.f90,forcesoil,PROGRAM,1,nccheck,
./models/13_ORCHIDEE-MAN-2025/src_driver/forcesoil.f90,forcesoil,PROGRAM,1,nccheck,
./models/13_ORCHIDEE-MAN-2025/src_driver/forcesoil.f90,forcesoil,PROGRAM,1,nccheck,
./models/13_ORCHIDEE-MAN-2025/src_driver/forcesoil.f90,forcesoil,PROGRAM,1,nccheck,
./models/13_ORCHIDEE-MAN-2025/src_driver/forcesoil.f90,forcesoil,PROGRAM,1,nccheck,
./models/13_ORCHIDEE-MAN-2025/src_driver/forcesoil.f90,forcesoil,PROGRAM,1,nccheck,
./models/13_ORCHIDEE-MAN-2025/src_driver/forcesoil.f90,forcesoil,PROGRAM,1,nccheck,
./models/13_ORCHIDEE-MAN-2025/src_driver/forcesoil.f90,forcesoil,PROGRAM,1,nccheck,
./models/13_ORCHIDEE-MAN-2025/src_driver/forcesoil.f90,forcesoil,PROGRAM,1,nccheck,
./models/13_ORCHIDEE-MAN-2025/src_driver/forcesoil.f90,forcesoil,PROGRAM,1,nccheck,
./models/13_ORCHIDEE-MAN-2025/src_driver/forcesoil.f90,forcesoil,PROGRAM,1,nccheck,
./models/13_ORCHIDEE-MAN-2025/src_driver/forcesoil.f90,forcesoil,PROGRAM,1,nccheck,
./models/13_ORCHIDEE-MAN-2025/src_driver/forcesoil.f90,forcesoil,PROGRAM,1,nccheck,
./models/13_ORCHIDEE-MAN-2025/src_driver/forcesoil.f90,forcesoil,PROGRAM,1,nccheck,
./models/13_ORCHIDEE-MAN-2025/src_driver/forcesoil.f90,forcesoil,PROGRAM,1,nccheck,
./models/13_ORCHIDEE-MAN-2025/src_driver/forcesoil.f90,forcesoil,PROGRAM,1,nccheck,
./models/13_ORCHIDEE-MAN-2025/src_driver/forcesoil.f90,forcesoil,PROGRAM,1,nccheck,
./models/13_ORCHIDEE-MAN-2025/src_driver/forcesoil.f90,forcesoil,PROGRAM,1,nccheck,
./models/13_ORCHIDEE-MAN-2025/src_driver/forcesoil.f90,forcesoil,PROGRAM,1,nccheck,
./models/13_ORCHIDEE-MAN-2025/src_driver/forcesoil.f90,forcesoil,PROGRAM,1,nccheck,
./models/13_ORCHIDEE-MAN-2025/src_driver/forcesoil.f90,forcesoil,PROGRAM,1,nccheck,
./models/13_ORCHIDEE-MAN-2025/src_driver/forcesoil.f90,forcesoil,PROGRAM,1,nccheck,
./models/13_ORCHIDEE-MAN-2025/src_driver/forcesoil.f90,forcesoil,PROGRAM,1,nccheck,
./models/13_ORCHIDEE-MAN-2025/src_driver/forcesoil.f90,forcesoil,PROGRAM,1,nccheck,
./models/13_ORCHIDEE-MAN-2025/src_driver/forcesoil.f90,forcesoil,PROGRAM,1,nccheck,
./models/13_ORCHIDEE-MAN-2025/src_driver/forcesoil.f90,forcesoil,PROGRAM,1,nccheck,
./models/13_ORCHIDEE-MAN-2025/src_driver/forcesoil.f90,forcesoil,PROGRAM,1,nccheck,
./models/13_ORCHIDEE-MAN-2025/src_driver/forcesoil.f90,forcesoil,PROGRAM,1,nccheck,
./models/13_ORCHIDEE-MAN-2025/src_driver/forcesoil.f90,forcesoil,PROGRAM,1,nccheck,
./models/13_ORCHIDEE-MAN-2025/src_driver/forcesoil.f90,forcesoil,PROGRAM,1,nccheck,
./models/13_ORCHIDEE-MAN-2025/src_driver/forcesoil.f90,forcesoil,PROGRAM,1,nccheck,
./models/13_ORCHIDEE-MAN-2025/src_driver/forcesoil.f90,forcesoil,PROGRAM,1,nccheck,
./models/13_ORCHIDEE-MAN-2025/src_driver/forcesoil.f90,forcesoil,PROGRAM,1,nccheck,
./models/13_ORCHIDEE-MAN-2025/src_driver/forcesoil.f90,forcesoil,PROGRAM,1,nccheck,
./models/13_ORCHIDEE-MAN-2025/src_driver/forcesoil.f90,forcesoil,PROGRAM,1,nccheck,
./models/13_ORCHIDEE-MAN-2025/src_driver/forcesoil.f90,forcesoil,PROGRAM,1,nccheck,
./models/13_ORCHIDEE-MAN-2025/src_driver/forcesoil.f90,forcesoil,PROGRAM,1,nccheck,
./models/13_ORCHIDEE-MAN-2025/src_driver/forcesoil.f90,forcesoil,PROGRAM,1,nccheck,
./models/13_ORCHIDEE-MAN-2025/src_driver/forcesoil.f90,forcesoil,PROGRAM,1,nccheck,
./models/13_ORCHIDEE-MAN-2025/src_driver/forcesoil.f90,forcesoil,PROGRAM,1,nccheck,
./models/13_ORCHIDEE-MAN-2025/src_driver/forcesoil.f90,forcesoil,PROGRAM,1,nccheck,
./models/13_ORCHIDEE-MAN-2025/src_driver/forcesoil.f90,forcesoil,PROGRAM,1,nccheck,
./models/13_ORCHIDEE-MAN-2025/src_driver/forcesoil.f90,forcesoil,PROGRAM,1,nccheck,
./models/13_ORCHIDEE-MAN-2025/src_driver/forcesoil.f90,forcesoil,PROGRAM,1,nccheck,
./models/13_ORCHIDEE-MAN-2025/src_driver/forcesoil.f90,forcesoil,PROGRAM,1,nccheck,
./models/13_ORCHIDEE-MAN-2025/src_driver/forcesoil.f90,forcesoil,PROGRAM,1,nccheck,
./models/13_ORCHIDEE-MAN-2025/src_driver/forcesoil.f90,forcesoil,PROGRAM,1,nccheck,
./models/13_ORCHIDEE-MAN-2025/src_driver/forcesoil.f90,forcesoil,PROGRAM,1,nccheck,
./models/13_ORCHIDEE-MAN-2025/src_driver/forcesoil.f90,forcesoil,PROGRAM,1,nccheck,
./models/13_ORCHIDEE-MAN-2025/src_driver/forcesoil.f90,forcesoil,PROGRAM,1,nccheck,
./models/13_ORCHIDEE-MAN-2025/src_driver/forcesoil.f90,forcesoil,PROGRAM,1,nccheck,
./models/13_ORCHIDEE-MAN-2025/src_driver/forcesoil.f90,forcesoil,PROGRAM,1,nccheck,
./models/13_ORCHIDEE-MAN-2025/src_driver/forcesoil.f90,forcesoil,PROGRAM,1,stomate_io_carbon_permafrost_read,
./models/13_ORCHIDEE-MAN-2025/src_driver/forcesoil.f90,forcesoil,PROGRAM,1,stomate_init_index,
./models/13_ORCHIDEE-MAN-2025/src_driver/forcesoil.f90,forcesoil,PROGRAM,1,soilcarbon_leak,
./models/13_ORCHIDEE-MAN-2025/src_driver/forcesoil.f90,forcesoil,PROGRAM,1,erodep_cupdate,
./models/13_ORCHIDEE-MAN-2025/src_driver/forcesoil.f90,forcesoil,PROGRAM,1,soilcarbon,
./models/13_ORCHIDEE-MAN-2025/src_driver/forcesoil.f90,forcesoil,PROGRAM,1,deep_carbcycle,
./models/13_ORCHIDEE-MAN-2025/src_driver/forcing_tools.f90,forcing_getglogrid,SUBROUTINE,2023,forcing_checkdim,
./models/13_ORCHIDEE-MAN-2025/src_driver/forcing_tools.f90,forcing_getglogrid,SUBROUTINE,2023,forcing_checkdim,
./models/13_ORCHIDEE-MAN-2025/src_driver/forcing_tools.f90,forcing_getglogrid,SUBROUTINE,2023,forcing_checkdim,
./models/13_ORCHIDEE-MAN-2025/src_driver/forcing_tools.f90,forcing_getglogrid,SUBROUTINE,2023,forcing_checkdim,
./models/13_ORCHIDEE-MAN-2025/src_driver/forcing_tools.f90,forcing_getglogrid,SUBROUTINE,2023,forcing_checkdim,
./models/13_ORCHIDEE-MAN-2025/src_driver/forcing_tools.f90,forcing_getglogrid,SUBROUTINE,2023,forcing_checkdim,
./models/13_ORCHIDEE-MAN-2025/src_driver/forcing_tools.f90,forcing_getglogrid,SUBROUTINE,2023,forcing_checkdim,
./models/13_ORCHIDEE-MAN-2025/src_driver/forcing_tools.f90,forcing_getglogrid,SUBROUTINE,2023,forcing_checkdim,
./models/13_ORCHIDEE-MAN-2025/src_driver/forcing_tools.f90,forcing_getglogrid,SUBROUTINE,2023,forcing_checkdim,
./models/13_ORCHIDEE-MAN-2025/src_driver/forcing_tools.f90,forcing_getglogrid,SUBROUTINE,2023,forcing_contfrac1d,
./models/13_ORCHIDEE-MAN-2025/src_driver/forcing_tools.f90,forcing_getglogrid,SUBROUTINE,2023,forcing_contfrac2d,
./models/13_ORCHIDEE-MAN-2025/src_driver/forcing_tools.f90,forcing_getglogrid,SUBROUTINE,2023,forcing_buildindex,
./models/13_ORCHIDEE-MAN-2025/src_driver/forcing_tools.f90,forcing_getglogrid,SUBROUTINE,2023,forcing_buildindex,
./models/13_ORCHIDEE-MAN-2025/src_driver/forcing_tools.f90,forcing_getglogrid,SUBROUTINE,2023,forcing_checkindex,
./models/13_ORCHIDEE-MAN-2025/src_driver/forcing_tools.f90,forcing_getglogrid,SUBROUTINE,2023,forcing_close,
./models/13_ORCHIDEE-MAN-2025/src_driver/forcing_tools.f90,forcing_zoomgrid,SUBROUTINE,2769,forcing_writetestvar,
./models/13_ORCHIDEE-MAN-2025/src_driver/forcing_tools.f90,forcing_readslab,SUBROUTINE,1124,forcing_readslab_root,
./models/13_ORCHIDEE-MAN-2025/src_driver/forcing_tools.f90,forcing_time,SUBROUTINE,3465,forcing_printdate,
./models/13_ORCHIDEE-MAN-2025/src_driver/forcing_tools.f90,forcing_time,SUBROUTINE,3465,forcing_printdate,
./models/13_ORCHIDEE-MAN-2025/src_driver/forcing_tools.f90,forcing_time,SUBROUTINE,3465,forcing_printdate,
./models/13_ORCHIDEE-MAN-2025/src_driver/forcing_tools.f90,forcing_time,SUBROUTINE,3465,forcing_printdate,
./models/13_ORCHIDEE-MAN-2025/src_driver/forcing_tools.f90,forcing_time,SUBROUTINE,3465,forcing_printdate,
./models/13_ORCHIDEE-MAN-2025/src_driver/forcing_tools.f90,forcing_time,SUBROUTINE,3465,forcing_printdate,
./models/13_ORCHIDEE-MAN-2025/src_driver/forcing_tools.f90,forcing_open,SUBROUTINE,303,forcing_filenamecheck,
./models/13_ORCHIDEE-MAN-2025/src_driver/forcing_tools.f90,forcing_open,SUBROUTINE,303,forcing_getglogrid,
./models/13_ORCHIDEE-MAN-2025/src_driver/forcing_tools.f90,forcing_open,SUBROUTINE,303,forcing_zoomgrid,
./models/13_ORCHIDEE-MAN-2025/src_driver/forcing_tools.f90,forcing_open,SUBROUTINE,303,forcing_time,
./models/13_ORCHIDEE-MAN-2025/src_driver/forcing_tools.f90,forcing_open,SUBROUTINE,303,forcing_vertical,
./models/13_ORCHIDEE-MAN-2025/src_driver/forcing_tools.f90,forcing_open,SUBROUTINE,303,forcing_integration_time,
./models/13_ORCHIDEE-MAN-2025/src_driver/forcing_tools.f90,forcing_open,SUBROUTINE,303,forcing_printdate,
./models/13_ORCHIDEE-MAN-2025/src_driver/forcing_tools.f90,forcing_open,SUBROUTINE,303,forcing_printdate,
./models/13_ORCHIDEE-MAN-2025/src_driver/forcing_tools.f90,forcing_readslab_root,SUBROUTINE,1289,forcing_varforslab,
./models/13_ORCHIDEE-MAN-2025/src_driver/forcing_tools.f90,forcing_readslab_root,SUBROUTINE,1289,forcing_attributetimeaxe,
./models/13_ORCHIDEE-MAN-2025/src_driver/forcing_tools.f90,forcing_readslab_root,SUBROUTINE,1289,forcing_varforslab,
./models/13_ORCHIDEE-MAN-2025/src_driver/forcing_tools.f90,forcing_readslab_root,SUBROUTINE,1289,forcing_attributetimeaxe,
./models/13_ORCHIDEE-MAN-2025/src_driver/forcing_tools.f90,forcing_readslab_root,SUBROUTINE,1289,forcing_varforslab,
./models/13_ORCHIDEE-MAN-2025/src_driver/forcing_tools.f90,forcing_readslab_root,SUBROUTINE,1289,forcing_attributetimeaxe,
./models/13_ORCHIDEE-MAN-2025/src_driver/forcing_tools.f90,forcing_readslab_root,SUBROUTINE,1289,forcing_varforslab,
./models/13_ORCHIDEE-MAN-2025/src_driver/forcing_tools.f90,forcing_readslab_root,SUBROUTINE,1289,forcing_attributetimeaxe,
./models/13_ORCHIDEE-MAN-2025/src_driver/forcing_tools.f90,forcing_readslab_root,SUBROUTINE,1289,forcing_varforslab,
./models/13_ORCHIDEE-MAN-2025/src_driver/forcing_tools.f90,forcing_readslab_root,SUBROUTINE,1289,forcing_attributetimeaxe,
./models/13_ORCHIDEE-MAN-2025/src_driver/forcing_tools.f90,forcing_readslab_root,SUBROUTINE,1289,forcing_varforslab,
./models/13_ORCHIDEE-MAN-2025/src_driver/forcing_tools.f90,forcing_readslab_root,SUBROUTINE,1289,forcing_attributetimeaxe,
./models/13_ORCHIDEE-MAN-2025/src_driver/forcing_tools.f90,forcing_readslab_root,SUBROUTINE,1289,forcing_varforslab,
./models/13_ORCHIDEE-MAN-2025/src_driver/forcing_tools.f90,forcing_readslab_root,SUBROUTINE,1289,forcing_attributetimeaxe,
./models/13_ORCHIDEE-MAN-2025/src_driver/forcing_tools.f90,forcing_readslab_root,SUBROUTINE,1289,forcing_varforslab,
./models/13_ORCHIDEE-MAN-2025/src_driver/forcing_tools.f90,forcing_readslab_root,SUBROUTINE,1289,forcing_attributetimeaxe,
./models/13_ORCHIDEE-MAN-2025/src_driver/forcing_tools.f90,forcing_readslab_root,SUBROUTINE,1289,forcing_varforslab,
./models/13_ORCHIDEE-MAN-2025/src_driver/forcing_tools.f90,forcing_readslab_root,SUBROUTINE,1289,forcing_attributetimeaxe,
./models/13_ORCHIDEE-MAN-2025/src_driver/forcing_tools.f90,forcing_readslab_root,SUBROUTINE,1289,forcing_varforslab,
./models/13_ORCHIDEE-MAN-2025/src_driver/forcing_tools.f90,forcing_readslab_root,SUBROUTINE,1289,forcing_varforslab,
./models/13_ORCHIDEE-MAN-2025/src_driver/forcing_tools.f90,forcing_spreadprec,SUBROUTINE,763,forcing_printdate,
./models/13_ORCHIDEE-MAN-2025/src_driver/forcing_tools.f90,forcing_spreadprec,SUBROUTINE,763,forcing_printdate,
./models/13_ORCHIDEE-MAN-2025/src_driver/forcing_tools.f90,forcing_spreadprec,SUBROUTINE,763,forcing_printdate,
./models/13_ORCHIDEE-MAN-2025/src_driver/forcing_tools.f90,forcing_spreadprec,SUBROUTINE,763,forcing_printdate,
./models/13_ORCHIDEE-MAN-2025/src_driver/forcing_tools.f90,forcing_solarint,SUBROUTINE,930,solarang,
./models/13_ORCHIDEE-MAN-2025/src_driver/forcing_tools.f90,forcing_interpol,SUBROUTINE,657,forcing_printdate,
./models/13_ORCHIDEE-MAN-2025/src_driver/forcing_tools.f90,forcing_interpol,SUBROUTINE,657,forcing_printdate,
./models/13_ORCHIDEE-MAN-2025/src_driver/forcing_tools.f90,forcing_interpol,SUBROUTINE,657,forcing_printdate,
./models/13_ORCHIDEE-MAN-2025/src_driver/forcing_tools.f90,forcing_interpol,SUBROUTINE,657,forcing_printdate,
./models/13_ORCHIDEE-MAN-2025/src_driver/forcing_tools.f90,forcing_interpol,SUBROUTINE,657,forcing_printdate,
./models/13_ORCHIDEE-MAN-2025/src_driver/forcing_tools.f90,forcing_interpol,SUBROUTINE,657,forcing_printdate,
./models/13_ORCHIDEE-MAN-2025/src_driver/forcing_tools.f90,forcing_checkindex,SUBROUTINE,2585,forcing_writetestvar,
./models/13_ORCHIDEE-MAN-2025/src_driver/forcing_tools.f90,forcing_integration_time,SUBROUTINE,180,forcing_printdate,
./models/13_ORCHIDEE-MAN-2025/src_driver/forcing_tools.f90,forcing_getvalues,SUBROUTINE,504,forcing_readslab,
./models/13_ORCHIDEE-MAN-2025/src_driver/forcing_tools.f90,forcing_getvalues,SUBROUTINE,504,forcing_printdate,
./models/13_ORCHIDEE-MAN-2025/src_driver/forcing_tools.f90,forcing_getvalues,SUBROUTINE,504,forcing_printdate,
./models/13_ORCHIDEE-MAN-2025/src_driver/forcing_tools.f90,forcing_getvalues,SUBROUTINE,504,forcing_readslab,
./models/13_ORCHIDEE-MAN-2025/src_driver/forcing_tools.f90,forcing_getvalues,SUBROUTINE,504,forcing_printdate,
./models/13_ORCHIDEE-MAN-2025/src_driver/forcing_tools.f90,forcing_getvalues,SUBROUTINE,504,forcing_printdate,
./models/13_ORCHIDEE-MAN-2025/src_driver/forcing_tools.f90,forcing_getvalues,SUBROUTINE,504,forcing_interpol,
./models/13_ORCHIDEE-MAN-2025/src_driver/forcing_tools.f90,forcing_getvalues,SUBROUTINE,504,forcing_interpol,
./models/13_ORCHIDEE-MAN-2025/src_driver/forcing_tools.f90,forcing_getvalues,SUBROUTINE,504,forcing_interpol,
./models/13_ORCHIDEE-MAN-2025/src_driver/forcing_tools.f90,forcing_getvalues,SUBROUTINE,504,forcing_interpol,
./models/13_ORCHIDEE-MAN-2025/src_driver/forcing_tools.f90,forcing_getvalues,SUBROUTINE,504,forcing_interpol,
./models/13_ORCHIDEE-MAN-2025/src_driver/forcing_tools.f90,forcing_getvalues,SUBROUTINE,504,forcing_interpol,
./models/13_ORCHIDEE-MAN-2025/src_driver/forcing_tools.f90,forcing_getvalues,SUBROUTINE,504,forcing_interpol,
./models/13_ORCHIDEE-MAN-2025/src_driver/forcing_tools.f90,forcing_getvalues,SUBROUTINE,504,forcing_spreadprec,
./models/13_ORCHIDEE-MAN-2025/src_driver/forcing_tools.f90,forcing_getvalues,SUBROUTINE,504,forcing_solarint,
./models/13_ORCHIDEE-MAN-2025/src_driver/forcing_tools.f90,forcing_getvalues,SUBROUTINE,504,forcing_closest,
./models/13_ORCHIDEE-MAN-2025/src_driver/forcing_tools.f90,forcing_getvalues,SUBROUTINE,504,forcing_interpol,
./models/13_ORCHIDEE-MAN-2025/src_driver/forcing_tools.f90,forcing_closest,SUBROUTINE,587,forcing_printdate,
./models/13_ORCHIDEE-MAN-2025/src_driver/forcing_tools.f90,forcing_closest,SUBROUTINE,587,forcing_printdate,
./models/13_ORCHIDEE-MAN-2025/src_driver/forcing_tools.f90,forcing_closest,SUBROUTINE,587,forcing_printdate,
./models/13_ORCHIDEE-MAN-2025/src_driver/forcing_tools.f90,Sort,SUBROUTINE,4172,Swap,
./models/13_ORCHIDEE-MAN-2025/src_driver/getlandseamask.f90,getlandseamask_init,SUBROUTINE,66,topo_getsize,
./models/13_ORCHIDEE-MAN-2025/src_driver/getlandseamask.f90,getlandseamask_init,SUBROUTINE,66,topo_getvar,
./models/13_ORCHIDEE-MAN-2025/src_driver/getlandseamask.f90,getlandseamask_init,SUBROUTINE,66,opencontfrac,
./models/13_ORCHIDEE-MAN-2025/src_driver/getlandseamask.f90,getlandseamask_init,SUBROUTINE,66,readcontfrac,
./models/13_ORCHIDEE-MAN-2025/src_driver/getlandseamask.f90,getlandseamask_init,SUBROUTINE,66,interpol,
./models/13_ORCHIDEE-MAN-2025/src_driver/getlandseamask.f90,readcontfrac,SUBROUTINE,501,change_to_lowercase,
./models/13_ORCHIDEE-MAN-2025/src_driver/getlandseamask.f90,readcontfrac,SUBROUTINE,501,change_to_lowercase,
./models/13_ORCHIDEE-MAN-2025/src_driver/getlandseamask.f90,topo_getvar,SUBROUTINE,730,change_to_lowercase,
./models/13_ORCHIDEE-MAN-2025/src_driver/getlandseamask.f90,opencontfrac,SUBROUTINE,450,change_to_lowercase,
./models/13_ORCHIDEE-MAN-2025/src_driver/getlandseamask.f90,topo_getsize,SUBROUTINE,680,change_to_lowercase,
./models/13_ORCHIDEE-MAN-2025/src_driver/globgrd.f90,globgrd_getdomsz,SUBROUTINE,65,forcing_getglogrid,
./models/13_ORCHIDEE-MAN-2025/src_driver/globgrd.f90,globgrd_getdomsz,SUBROUTINE,65,forcing_zoomgrid,
./models/13_ORCHIDEE-MAN-2025/src_driver/globgrd.f90,globgrd_getdomsz,SUBROUTINE,65,forcing_givegridsize,
./models/13_ORCHIDEE-MAN-2025/src_driver/globgrd.f90,globgrd_getwrf,SUBROUTINE,480,grid_initproj,
./models/13_ORCHIDEE-MAN-2025/src_driver/globgrd.f90,globgrd_getgrid,SUBROUTINE,248,globgrd_getwrf,
./models/13_ORCHIDEE-MAN-2025/src_driver/globgrd.f90,globgrd_getgrid,SUBROUTINE,248,globgrd_getregular,
./models/13_ORCHIDEE-MAN-2025/src_driver/globgrd.f90,globgrd_getgrid,SUBROUTINE,248,forcing_givegrid,
./models/13_ORCHIDEE-MAN-2025/src_driver/globgrd.f90,globgrd_getgrid,SUBROUTINE,248,forcing_close,
./models/13_ORCHIDEE-MAN-2025/src_driver/globgrd.f90,globgrd_writegrid,SUBROUTINE,617,forcing_givegridsize,
./models/13_ORCHIDEE-MAN-2025/src_driver/globgrd.f90,globgrd_writegrid,SUBROUTINE,617,forcing_givegrid,
./models/13_ORCHIDEE-MAN-2025/src_driver/orchideedriver.f90,orchidedriver,PROGRAM,1,Init_orchidee_para,
./models/13_ORCHIDEE-MAN-2025/src_driver/orchideedriver.f90,orchidedriver,PROGRAM,1,init_timer,
./models/13_ORCHIDEE-MAN-2025/src_driver/orchideedriver.f90,orchidedriver,PROGRAM,1,start_timer,
./models/13_ORCHIDEE-MAN-2025/src_driver/orchideedriver.f90,orchidedriver,PROGRAM,1,start_timer,
./models/13_ORCHIDEE-MAN-2025/src_driver/orchideedriver.f90,orchidedriver,PROGRAM,1,globgrd_getdomsz,
./models/13_ORCHIDEE-MAN-2025/src_driver/orchideedriver.f90,orchidedriver,PROGRAM,1,globgrd_getgrid,
./models/13_ORCHIDEE-MAN-2025/src_driver/orchideedriver.f90,orchidedriver,PROGRAM,1,grid_set_glo,
./models/13_ORCHIDEE-MAN-2025/src_driver/orchideedriver.f90,orchidedriver,PROGRAM,1,grid_allocate_glo,
./models/13_ORCHIDEE-MAN-2025/src_driver/orchideedriver.f90,orchidedriver,PROGRAM,1,Init_orchidee_data_para_driver,
./models/13_ORCHIDEE-MAN-2025/src_driver/orchideedriver.f90,orchidedriver,PROGRAM,1,grid_init,
./models/13_ORCHIDEE-MAN-2025/src_driver/orchideedriver.f90,orchidedriver,PROGRAM,1,grid_init,
./models/13_ORCHIDEE-MAN-2025/src_driver/orchideedriver.f90,orchidedriver,PROGRAM,1,grid_stuff,
./models/13_ORCHIDEE-MAN-2025/src_driver/orchideedriver.f90,orchidedriver,PROGRAM,1,forcing_integration_time,
./models/13_ORCHIDEE-MAN-2025/src_driver/orchideedriver.f90,orchidedriver,PROGRAM,1,forcing_open,
./models/13_ORCHIDEE-MAN-2025/src_driver/orchideedriver.f90,orchidedriver,PROGRAM,1,control_initialize,
./models/13_ORCHIDEE-MAN-2025/src_driver/orchideedriver.f90,orchidedriver,PROGRAM,1,ioipslctrl_restini,
./models/13_ORCHIDEE-MAN-2025/src_driver/orchideedriver.f90,orchidedriver,PROGRAM,1,xios_orchidee_init,
./models/13_ORCHIDEE-MAN-2025/src_driver/orchideedriver.f90,orchidedriver,PROGRAM,1,ioipslctrl_history,
./models/13_ORCHIDEE-MAN-2025/src_driver/orchideedriver.f90,orchidedriver,PROGRAM,1,forcing_getvalues,
./models/13_ORCHIDEE-MAN-2025/src_driver/orchideedriver.f90,orchidedriver,PROGRAM,1,stop_timer,
./models/13_ORCHIDEE-MAN-2025/src_driver/orchideedriver.f90,orchidedriver,PROGRAM,1,start_timer,
./models/13_ORCHIDEE-MAN-2025/src_driver/orchideedriver.f90,orchidedriver,PROGRAM,1,xios_orchidee_update_calendar,
./models/13_ORCHIDEE-MAN-2025/src_driver/orchideedriver.f90,orchidedriver,PROGRAM,1,stop_timer,
./models/13_ORCHIDEE-MAN-2025/src_driver/orchideedriver.f90,orchidedriver,PROGRAM,1,start_timer,
./models/13_ORCHIDEE-MAN-2025/src_driver/orchideedriver.f90,orchidedriver,PROGRAM,1,sechiba_initialize,
./models/13_ORCHIDEE-MAN-2025/src_driver/orchideedriver.f90,orchidedriver,PROGRAM,1,stop_timer,
./models/13_ORCHIDEE-MAN-2025/src_driver/orchideedriver.f90,orchidedriver,PROGRAM,1,start_timer,
./models/13_ORCHIDEE-MAN-2025/src_driver/orchideedriver.f90,orchidedriver,PROGRAM,1,sechiba_main,
./models/13_ORCHIDEE-MAN-2025/src_driver/orchideedriver.f90,orchidedriver,PROGRAM,1,stop_timer,
./models/13_ORCHIDEE-MAN-2025/src_driver/orchideedriver.f90,orchidedriver,PROGRAM,1,start_timer,
./models/13_ORCHIDEE-MAN-2025/src_driver/orchideedriver.f90,orchidedriver,PROGRAM,1,stop_timer,
./models/13_ORCHIDEE-MAN-2025/src_driver/orchideedriver.f90,orchidedriver,PROGRAM,1,stop_timer,
./models/13_ORCHIDEE-MAN-2025/src_driver/orchideedriver.f90,orchidedriver,PROGRAM,1,Finalize_mpi,
./models/13_ORCHIDEE-MAN-2025/src_driver/readdim2.f90,forcing_read_interpol,SUBROUTINE,660,ipslerr_p,
./models/13_ORCHIDEE-MAN-2025/src_driver/readdim2.f90,forcing_read_interpol,SUBROUTINE,660,forcing_just_read,
./models/13_ORCHIDEE-MAN-2025/src_driver/readdim2.f90,forcing_read_interpol,SUBROUTINE,660,flinget_buffer,
./models/13_ORCHIDEE-MAN-2025/src_driver/readdim2.f90,forcing_read_interpol,SUBROUTINE,660,forcing_zoom,
./models/13_ORCHIDEE-MAN-2025/src_driver/readdim2.f90,forcing_read_interpol,SUBROUTINE,660,forcing_landind,
./models/13_ORCHIDEE-MAN-2025/src_driver/readdim2.f90,forcing_read_interpol,SUBROUTINE,660,grid_init,
./models/13_ORCHIDEE-MAN-2025/src_driver/readdim2.f90,forcing_read_interpol,SUBROUTINE,660,grid_stuff,
./models/13_ORCHIDEE-MAN-2025/src_driver/readdim2.f90,forcing_read_interpol,SUBROUTINE,660,ipslerr_p,
./models/13_ORCHIDEE-MAN-2025/src_driver/readdim2.f90,forcing_read_interpol,SUBROUTINE,660,flinget_buffer,
./models/13_ORCHIDEE-MAN-2025/src_driver/readdim2.f90,forcing_read_interpol,SUBROUTINE,660,forcing_zoom,
./models/13_ORCHIDEE-MAN-2025/src_driver/readdim2.f90,forcing_read_interpol,SUBROUTINE,660,forcing_landind,
./models/13_ORCHIDEE-MAN-2025/src_driver/readdim2.f90,forcing_read_interpol,SUBROUTINE,660,grid_init,
./models/13_ORCHIDEE-MAN-2025/src_driver/readdim2.f90,forcing_read_interpol,SUBROUTINE,660,ipslerr_p,
./models/13_ORCHIDEE-MAN-2025/src_driver/readdim2.f90,forcing_read_interpol,SUBROUTINE,660,flinget_buffer,
./models/13_ORCHIDEE-MAN-2025/src_driver/readdim2.f90,forcing_read_interpol,SUBROUTINE,660,forcing_zoom,
./models/13_ORCHIDEE-MAN-2025/src_driver/readdim2.f90,forcing_read_interpol,SUBROUTINE,660,flinget_buffer,
./models/13_ORCHIDEE-MAN-2025/src_driver/readdim2.f90,forcing_read_interpol,SUBROUTINE,660,forcing_zoom,
./models/13_ORCHIDEE-MAN-2025/src_driver/readdim2.f90,forcing_read_interpol,SUBROUTINE,660,flinget_buffer,
./models/13_ORCHIDEE-MAN-2025/src_driver/readdim2.f90,forcing_read_interpol,SUBROUTINE,660,forcing_zoom,
./models/13_ORCHIDEE-MAN-2025/src_driver/readdim2.f90,forcing_read_interpol,SUBROUTINE,660,flinget_buffer,
./models/13_ORCHIDEE-MAN-2025/src_driver/readdim2.f90,forcing_read_interpol,SUBROUTINE,660,forcing_zoom,
./models/13_ORCHIDEE-MAN-2025/src_driver/readdim2.f90,forcing_read_interpol,SUBROUTINE,660,flinget_buffer,
./models/13_ORCHIDEE-MAN-2025/src_driver/readdim2.f90,forcing_read_interpol,SUBROUTINE,660,forcing_zoom,
./models/13_ORCHIDEE-MAN-2025/src_driver/readdim2.f90,forcing_read_interpol,SUBROUTINE,660,flinget_buffer,
./models/13_ORCHIDEE-MAN-2025/src_driver/readdim2.f90,forcing_read_interpol,SUBROUTINE,660,forcing_zoom,
./models/13_ORCHIDEE-MAN-2025/src_driver/readdim2.f90,forcing_read_interpol,SUBROUTINE,660,flinget_buffer,
./models/13_ORCHIDEE-MAN-2025/src_driver/readdim2.f90,forcing_read_interpol,SUBROUTINE,660,forcing_zoom,
./models/13_ORCHIDEE-MAN-2025/src_driver/readdim2.f90,forcing_read_interpol,SUBROUTINE,660,flinget_buffer,
./models/13_ORCHIDEE-MAN-2025/src_driver/readdim2.f90,forcing_read_interpol,SUBROUTINE,660,forcing_zoom,
./models/13_ORCHIDEE-MAN-2025/src_driver/readdim2.f90,forcing_read_interpol,SUBROUTINE,660,flinget_buffer,
./models/13_ORCHIDEE-MAN-2025/src_driver/readdim2.f90,forcing_read_interpol,SUBROUTINE,660,forcing_zoom,
./models/13_ORCHIDEE-MAN-2025/src_driver/readdim2.f90,forcing_read_interpol,SUBROUTINE,660,flinget_buffer,
./models/13_ORCHIDEE-MAN-2025/src_driver/readdim2.f90,forcing_read_interpol,SUBROUTINE,660,forcing_zoom,
./models/13_ORCHIDEE-MAN-2025/src_driver/readdim2.f90,forcing_read_interpol,SUBROUTINE,660,forcing_just_read,
./models/13_ORCHIDEE-MAN-2025/src_driver/readdim2.f90,forcing_read_interpol,SUBROUTINE,660,forcing_just_read_tmax,
./models/13_ORCHIDEE-MAN-2025/src_driver/readdim2.f90,forcing_read_interpol,SUBROUTINE,660,forcing_just_read,
./models/13_ORCHIDEE-MAN-2025/src_driver/readdim2.f90,forcing_read_interpol,SUBROUTINE,660,forcing_just_read_tmax,
./models/13_ORCHIDEE-MAN-2025/src_driver/readdim2.f90,forcing_read_interpol,SUBROUTINE,660,solarang,
./models/13_ORCHIDEE-MAN-2025/src_driver/readdim2.f90,forcing_read_interpol,SUBROUTINE,660,forcing_just_read,
./models/13_ORCHIDEE-MAN-2025/src_driver/readdim2.f90,forcing_read_interpol,SUBROUTINE,660,forcing_just_read_tmax,
./models/13_ORCHIDEE-MAN-2025/src_driver/readdim2.f90,forcing_read_interpol,SUBROUTINE,660,solarang,
./models/13_ORCHIDEE-MAN-2025/src_driver/readdim2.f90,forcing_read_interpol,SUBROUTINE,660,weathgen_qsat_2d,
./models/13_ORCHIDEE-MAN-2025/src_driver/readdim2.f90,forcing_read_interpol,SUBROUTINE,660,weathgen_qsat_2d,
./models/13_ORCHIDEE-MAN-2025/src_driver/readdim2.f90,forcing_read_interpol,SUBROUTINE,660,weathgen_qsat_2d,
./models/13_ORCHIDEE-MAN-2025/src_driver/readdim2.f90,forcing_read_interpol,SUBROUTINE,660,solarang,
./models/13_ORCHIDEE-MAN-2025/src_driver/readdim2.f90,forcing_read_interpol,SUBROUTINE,660,forcing_just_read,
./models/13_ORCHIDEE-MAN-2025/src_driver/readdim2.f90,forcing_read_interpol,SUBROUTINE,660,forcing_just_read,
./models/13_ORCHIDEE-MAN-2025/src_driver/readdim2.f90,forcing_read_interpol,SUBROUTINE,660,ipslerr_p,
./models/13_ORCHIDEE-MAN-2025/src_driver/readdim2.f90,forcing_read_interpol,SUBROUTINE,660,forcing_just_read,
./models/13_ORCHIDEE-MAN-2025/src_driver/readdim2.f90,forcing_read_interpol,SUBROUTINE,660,solarang,
./models/13_ORCHIDEE-MAN-2025/src_driver/readdim2.f90,forcing_read_interpol,SUBROUTINE,660,solarang,
./models/13_ORCHIDEE-MAN-2025/src_driver/readdim2.f90,forcing_read_interpol,SUBROUTINE,660,ipslerr_p,
./models/13_ORCHIDEE-MAN-2025/src_driver/readdim2.f90,forcing_info,SUBROUTINE,49,ipslerr_p,
./models/13_ORCHIDEE-MAN-2025/src_driver/readdim2.f90,forcing_info,SUBROUTINE,49,ipslerr_p,
./models/13_ORCHIDEE-MAN-2025/src_driver/readdim2.f90,forcing_info,SUBROUTINE,49,ipslerr_p,
./models/13_ORCHIDEE-MAN-2025/src_driver/readdim2.f90,forcing_info,SUBROUTINE,49,domain_size,
./models/13_ORCHIDEE-MAN-2025/src_driver/readdim2.f90,forcing_info,SUBROUTINE,49,flinget_buffer,
./models/13_ORCHIDEE-MAN-2025/src_driver/readdim2.f90,forcing_info,SUBROUTINE,49,forcing_zoom,
./models/13_ORCHIDEE-MAN-2025/src_driver/readdim2.f90,forcing_info,SUBROUTINE,49,flinget_buffer,
./models/13_ORCHIDEE-MAN-2025/src_driver/readdim2.f90,forcing_info,SUBROUTINE,49,forcing_zoom,
./models/13_ORCHIDEE-MAN-2025/src_driver/readdim2.f90,forcing_info,SUBROUTINE,49,forcing_landind,
./models/13_ORCHIDEE-MAN-2025/src_driver/readdim2.f90,forcing_info,SUBROUTINE,49,forcing_vertical_ioipsl,
./models/13_ORCHIDEE-MAN-2025/src_driver/readdim2.f90,forcing_info,SUBROUTINE,49,grid_set_glo,
./models/13_ORCHIDEE-MAN-2025/src_driver/readdim2.f90,forcing_info,SUBROUTINE,49,grid_allocate_glo,
./models/13_ORCHIDEE-MAN-2025/src_driver/readdim2.f90,forcing_info,SUBROUTINE,49,ipslerr_p,
./models/13_ORCHIDEE-MAN-2025/src_driver/readdim2.f90,forcing_info,SUBROUTINE,49,Init_orchidee_data_para_driver,
./models/13_ORCHIDEE-MAN-2025/src_driver/readdim2.f90,forcing_info,SUBROUTINE,49,weathgen_domain_size,
./models/13_ORCHIDEE-MAN-2025/src_driver/readdim2.f90,forcing_info,SUBROUTINE,49,forcing_grid,
./models/13_ORCHIDEE-MAN-2025/src_driver/readdim2.f90,forcing_info,SUBROUTINE,49,forcing_vertical_ioipsl,
./models/13_ORCHIDEE-MAN-2025/src_driver/readdim2.f90,forcing_info,SUBROUTINE,49,weathgen_init,
./models/13_ORCHIDEE-MAN-2025/src_driver/readdim2.f90,forcing_info,SUBROUTINE,49,grid_set_glo,
./models/13_ORCHIDEE-MAN-2025/src_driver/readdim2.f90,forcing_info,SUBROUTINE,49,grid_allocate_glo,
./models/13_ORCHIDEE-MAN-2025/src_driver/readdim2.f90,forcing_info,SUBROUTINE,49,Init_orchidee_data_para_driver,
./models/13_ORCHIDEE-MAN-2025/src_driver/readdim2.f90,forcing_info,SUBROUTINE,49,weathgen_read_file,
./models/13_ORCHIDEE-MAN-2025/src_driver/readdim2.f90,forcing_info,SUBROUTINE,49,ipslerr_p,
./models/13_ORCHIDEE-MAN-2025/src_driver/readdim2.f90,forcing_just_read,SUBROUTINE,1691,flinget_buffer,
./models/13_ORCHIDEE-MAN-2025/src_driver/readdim2.f90,forcing_just_read,SUBROUTINE,1691,forcing_zoom,
./models/13_ORCHIDEE-MAN-2025/src_driver/readdim2.f90,forcing_just_read,SUBROUTINE,1691,flinget_buffer,
./models/13_ORCHIDEE-MAN-2025/src_driver/readdim2.f90,forcing_just_read,SUBROUTINE,1691,forcing_zoom,
./models/13_ORCHIDEE-MAN-2025/src_driver/readdim2.f90,forcing_just_read,SUBROUTINE,1691,flinget_buffer,
./models/13_ORCHIDEE-MAN-2025/src_driver/readdim2.f90,forcing_just_read,SUBROUTINE,1691,forcing_zoom,
./models/13_ORCHIDEE-MAN-2025/src_driver/readdim2.f90,forcing_just_read,SUBROUTINE,1691,flinget_buffer,
./models/13_ORCHIDEE-MAN-2025/src_driver/readdim2.f90,forcing_just_read,SUBROUTINE,1691,forcing_zoom,
./models/13_ORCHIDEE-MAN-2025/src_driver/readdim2.f90,forcing_just_read,SUBROUTINE,1691,flinget_buffer,
./models/13_ORCHIDEE-MAN-2025/src_driver/readdim2.f90,forcing_just_read,SUBROUTINE,1691,forcing_zoom,
./models/13_ORCHIDEE-MAN-2025/src_driver/readdim2.f90,forcing_just_read,SUBROUTINE,1691,flinget_buffer,
./models/13_ORCHIDEE-MAN-2025/src_driver/readdim2.f90,forcing_just_read,SUBROUTINE,1691,forcing_zoom,
./models/13_ORCHIDEE-MAN-2025/src_driver/readdim2.f90,forcing_just_read,SUBROUTINE,1691,flinget_buffer,
./models/13_ORCHIDEE-MAN-2025/src_driver/readdim2.f90,forcing_just_read,SUBROUTINE,1691,forcing_zoom,
./models/13_ORCHIDEE-MAN-2025/src_driver/readdim2.f90,forcing_just_read,SUBROUTINE,1691,flinget_buffer,
./models/13_ORCHIDEE-MAN-2025/src_driver/readdim2.f90,forcing_just_read,SUBROUTINE,1691,forcing_zoom,
./models/13_ORCHIDEE-MAN-2025/src_driver/readdim2.f90,forcing_just_read,SUBROUTINE,1691,flinget_buffer,
./models/13_ORCHIDEE-MAN-2025/src_driver/readdim2.f90,forcing_just_read,SUBROUTINE,1691,forcing_zoom,
./models/13_ORCHIDEE-MAN-2025/src_driver/readdim2.f90,forcing_just_read,SUBROUTINE,1691,flinget_buffer,
./models/13_ORCHIDEE-MAN-2025/src_driver/readdim2.f90,forcing_just_read,SUBROUTINE,1691,forcing_zoom,
./models/13_ORCHIDEE-MAN-2025/src_driver/readdim2.f90,forcing_just_read,SUBROUTINE,1691,flinget_buffer,
./models/13_ORCHIDEE-MAN-2025/src_driver/readdim2.f90,forcing_just_read,SUBROUTINE,1691,forcing_zoom,
./models/13_ORCHIDEE-MAN-2025/src_driver/readdim2.f90,forcing_just_read,SUBROUTINE,1691,flinget_buffer,
./models/13_ORCHIDEE-MAN-2025/src_driver/readdim2.f90,forcing_just_read,SUBROUTINE,1691,forcing_zoom,
./models/13_ORCHIDEE-MAN-2025/src_driver/readdim2.f90,forcing_just_read,SUBROUTINE,1691,flinget_buffer,
./models/13_ORCHIDEE-MAN-2025/src_driver/readdim2.f90,forcing_just_read,SUBROUTINE,1691,forcing_zoom,
./models/13_ORCHIDEE-MAN-2025/src_driver/readdim2.f90,forcing_just_read,SUBROUTINE,1691,flinget_buffer,
./models/13_ORCHIDEE-MAN-2025/src_driver/readdim2.f90,forcing_just_read,SUBROUTINE,1691,forcing_zoom,
./models/13_ORCHIDEE-MAN-2025/src_driver/readdim2.f90,forcing_just_read,SUBROUTINE,1691,flinget_buffer,
./models/13_ORCHIDEE-MAN-2025/src_driver/readdim2.f90,forcing_just_read,SUBROUTINE,1691,forcing_zoom,
./models/13_ORCHIDEE-MAN-2025/src_driver/readdim2.f90,forcing_just_read,SUBROUTINE,1691,flinget_buffer,
./models/13_ORCHIDEE-MAN-2025/src_driver/readdim2.f90,forcing_just_read,SUBROUTINE,1691,forcing_zoom,
./models/13_ORCHIDEE-MAN-2025/src_driver/readdim2.f90,forcing_just_read,SUBROUTINE,1691,flinget_buffer,
./models/13_ORCHIDEE-MAN-2025/src_driver/readdim2.f90,forcing_just_read,SUBROUTINE,1691,forcing_zoom,
./models/13_ORCHIDEE-MAN-2025/src_driver/readdim2.f90,forcing_just_read,SUBROUTINE,1691,flinget_buffer,
./models/13_ORCHIDEE-MAN-2025/src_driver/readdim2.f90,forcing_just_read,SUBROUTINE,1691,forcing_zoom,
./models/13_ORCHIDEE-MAN-2025/src_driver/readdim2.f90,forcing_just_read,SUBROUTINE,1691,flinget_buffer,
./models/13_ORCHIDEE-MAN-2025/src_driver/readdim2.f90,forcing_just_read,SUBROUTINE,1691,forcing_zoom,
./models/13_ORCHIDEE-MAN-2025/src_driver/readdim2.f90,forcing_just_read,SUBROUTINE,1691,flinget_buffer,
./models/13_ORCHIDEE-MAN-2025/src_driver/readdim2.f90,forcing_just_read,SUBROUTINE,1691,forcing_zoom,
./models/13_ORCHIDEE-MAN-2025/src_driver/readdim2.f90,forcing_just_read,SUBROUTINE,1691,flinget_buffer,
./models/13_ORCHIDEE-MAN-2025/src_driver/readdim2.f90,forcing_just_read,SUBROUTINE,1691,forcing_zoom,
./models/13_ORCHIDEE-MAN-2025/src_driver/readdim2.f90,forcing_just_read,SUBROUTINE,1691,flinget_buffer,
./models/13_ORCHIDEE-MAN-2025/src_driver/readdim2.f90,forcing_just_read,SUBROUTINE,1691,forcing_zoom,
./models/13_ORCHIDEE-MAN-2025/src_driver/readdim2.f90,forcing_just_read,SUBROUTINE,1691,flinget_buffer,
./models/13_ORCHIDEE-MAN-2025/src_driver/readdim2.f90,forcing_just_read,SUBROUTINE,1691,forcing_zoom,
./models/13_ORCHIDEE-MAN-2025/src_driver/readdim2.f90,domain_size,SUBROUTINE,2263,ipslerr_p,
./models/13_ORCHIDEE-MAN-2025/src_driver/readdim2.f90,domain_size,SUBROUTINE,2263,ipslerr_p,
./models/13_ORCHIDEE-MAN-2025/src_driver/readdim2.f90,forcing_grid,SUBROUTINE,1972,forcing_zoom,
./models/13_ORCHIDEE-MAN-2025/src_driver/readdim2.f90,forcing_grid,SUBROUTINE,1972,forcing_zoom,
./models/13_ORCHIDEE-MAN-2025/src_driver/readdim2.f90,forcing_grid,SUBROUTINE,1972,ipslerr_p,
./models/13_ORCHIDEE-MAN-2025/src_driver/readdim2.f90,flinget_buffer,SUBROUTINE,2345,ipslerr_p,
./models/13_ORCHIDEE-MAN-2025/src_driver/readdim2.f90,flinget_buffer,SUBROUTINE,2345,ipslerr_p,
./models/13_ORCHIDEE-MAN-2025/src_driver/readdim2.f90,flinget_buffer,SUBROUTINE,2345,ipslerr_p,
./models/13_ORCHIDEE-MAN-2025/src_driver/readdim2.f90,forcing_read,SUBROUTINE,499,forcing_read_interpol,
./models/13_ORCHIDEE-MAN-2025/src_driver/readdim2.f90,forcing_read,SUBROUTINE,499,weathgen_main,
./models/13_ORCHIDEE-MAN-2025/src_driver/readdim2.f90,forcing_read,SUBROUTINE,499,weathgen_main,
./models/13_ORCHIDEE-MAN-2025/src_driver/readdim2.f90,forcing_read,SUBROUTINE,499,grid_init,
./models/13_ORCHIDEE-MAN-2025/src_driver/readdim2.f90,forcing_read,SUBROUTINE,499,grid_stuff,
./models/13_ORCHIDEE-MAN-2025/src_driver/readdim2.f90,forcing_read,SUBROUTINE,499,ipslerr_p,
./models/13_ORCHIDEE-MAN-2025/src_driver/readdim2.f90,forcing_just_read_tmax,SUBROUTINE,1873,flinget_buffer,
./models/13_ORCHIDEE-MAN-2025/src_driver/readdim2.f90,forcing_just_read_tmax,SUBROUTINE,1873,forcing_zoom,
./models/13_ORCHIDEE-MAN-2025/src_driver/testrouting.f90,testrouting,PROGRAM,1,Init_orchidee_para,
./models/13_ORCHIDEE-MAN-2025/src_driver/testrouting.f90,testrouting,PROGRAM,1,getlandseamask_init,
./models/13_ORCHIDEE-MAN-2025/src_driver/testrouting.f90,testrouting,PROGRAM,1,getlandseamask_read,
./models/13_ORCHIDEE-MAN-2025/src_driver/testrouting.f90,testrouting,PROGRAM,1,grid_set_glo,
./models/13_ORCHIDEE-MAN-2025/src_driver/testrouting.f90,testrouting,PROGRAM,1,grid_allocate_glo,
./models/13_ORCHIDEE-MAN-2025/src_driver/testrouting.f90,testrouting,PROGRAM,1,Init_orchidee_data_para_driver,
./models/13_ORCHIDEE-MAN-2025/src_driver/testrouting.f90,testrouting,PROGRAM,1,grid_init,
./models/13_ORCHIDEE-MAN-2025/src_driver/testrouting.f90,testrouting,PROGRAM,1,grid_stuff,
./models/13_ORCHIDEE-MAN-2025/src_driver/testrouting.f90,testrouting,PROGRAM,1,control_initialize,
./models/13_ORCHIDEE-MAN-2025/src_driver/testrouting.f90,testrouting,PROGRAM,1,routing_initialize,
./models/13_ORCHIDEE-MAN-2025/src_driver/testrouting.f90,testrouting,PROGRAM,1,routing_main,
./models/13_ORCHIDEE-MAN-2025/src_driver/testrouting.f90,testrouting,PROGRAM,1,routing_finalize,
./models/13_ORCHIDEE-MAN-2025/src_driver/testrouting.f90,testrouting,PROGRAM,1,Finalize_mpi,
./models/13_ORCHIDEE-MAN-2025/src_driver/teststomate.f90,teststomate,PROGRAM,1,Init_orchidee_para,
./models/13_ORCHIDEE-MAN-2025/src_driver/teststomate.f90,teststomate,PROGRAM,1,init_timer,
./models/13_ORCHIDEE-MAN-2025/src_driver/teststomate.f90,teststomate,PROGRAM,1,pft_parameters_main,
./models/13_ORCHIDEE-MAN-2025/src_driver/teststomate.f90,teststomate,PROGRAM,1,activate_sub_models,
./models/13_ORCHIDEE-MAN-2025/src_driver/teststomate.f90,teststomate,PROGRAM,1,veget_config,
./models/13_ORCHIDEE-MAN-2025/src_driver/teststomate.f90,teststomate,PROGRAM,1,config_pft_parameters,
./models/13_ORCHIDEE-MAN-2025/src_driver/teststomate.f90,teststomate,PROGRAM,1,config_stomate_pft_parameters,
./models/13_ORCHIDEE-MAN-2025/src_driver/teststomate.f90,teststomate,PROGRAM,1,config_co2_parameters,
./models/13_ORCHIDEE-MAN-2025/src_driver/teststomate.f90,teststomate,PROGRAM,1,config_stomate_parameters,
./models/13_ORCHIDEE-MAN-2025/src_driver/teststomate.f90,teststomate,PROGRAM,1,config_dgvm_parameters,
./models/13_ORCHIDEE-MAN-2025/src_driver/teststomate.f90,teststomate,PROGRAM,1,grid_set_glo,
./models/13_ORCHIDEE-MAN-2025/src_driver/teststomate.f90,teststomate,PROGRAM,1,grid_allocate_glo,
./models/13_ORCHIDEE-MAN-2025/src_driver/teststomate.f90,teststomate,PROGRAM,1,grid_init,
./models/13_ORCHIDEE-MAN-2025/src_driver/teststomate.f90,teststomate,PROGRAM,1,grid_stuff,
./models/13_ORCHIDEE-MAN-2025/src_driver/teststomate.f90,teststomate,PROGRAM,1,ipslerr_p,
./models/13_ORCHIDEE-MAN-2025/src_driver/teststomate.f90,teststomate,PROGRAM,1,init_forcing,
./models/13_ORCHIDEE-MAN-2025/src_driver/teststomate.f90,teststomate,PROGRAM,1,intsurf_time,
./models/13_ORCHIDEE-MAN-2025/src_driver/teststomate.f90,teststomate,PROGRAM,1,ioipslctrl_histstom,
./models/13_ORCHIDEE-MAN-2025/src_driver/teststomate.f90,teststomate,PROGRAM,1,ipslerr_p,
./models/13_ORCHIDEE-MAN-2025/src_driver/teststomate.f90,teststomate,PROGRAM,1,ioipslctrl_histstomipcc,
./models/13_ORCHIDEE-MAN-2025/src_driver/teststomate.f90,teststomate,PROGRAM,1,slowproc_initialize,
./models/13_ORCHIDEE-MAN-2025/src_driver/teststomate.f90,teststomate,PROGRAM,1,intsurf_time,
./models/13_ORCHIDEE-MAN-2025/src_driver/teststomate.f90,teststomate,PROGRAM,1,intsurf_time,
./models/13_ORCHIDEE-MAN-2025/src_driver/teststomate.f90,teststomate,PROGRAM,1,stomate_forcing_read,
./models/13_ORCHIDEE-MAN-2025/src_driver/teststomate.f90,teststomate,PROGRAM,1,slowproc_main,
./models/13_ORCHIDEE-MAN-2025/src_driver/teststomate.f90,teststomate,PROGRAM,1,barrier_para,
./models/13_ORCHIDEE-MAN-2025/src_driver/teststomate.f90,teststomate,PROGRAM,1,slowproc_finalize,
./models/13_ORCHIDEE-MAN-2025/src_driver/weather.f90,daily,SUBROUTINE,169,weathgen_qsat,
./models/13_ORCHIDEE-MAN-2025/src_driver/weather.f90,weathgen_begin,SUBROUTINE,1924,permute,
./models/13_ORCHIDEE-MAN-2025/src_driver/weather.f90,weathgen_begin,SUBROUTINE,1924,ipslerr_p,
./models/13_ORCHIDEE-MAN-2025/src_driver/weather.f90,weathgen_begin,SUBROUTINE,1924,ipslerr_p,
./models/13_ORCHIDEE-MAN-2025/src_driver/weather.f90,weathgen_begin,SUBROUTINE,1924,ipslerr_p,
./models/13_ORCHIDEE-MAN-2025/src_driver/weather.f90,weathgen_begin,SUBROUTINE,1924,ipslerr_p,
./models/13_ORCHIDEE-MAN-2025/src_driver/weather.f90,weathgen_init,SUBROUTINE,1306,shift_field,
./models/13_ORCHIDEE-MAN-2025/src_driver/weather.f90,weathgen_init,SUBROUTINE,1306,mask_c_o,
./models/13_ORCHIDEE-MAN-2025/src_driver/weather.f90,weathgen_read_file,SUBROUTINE,1635,weather_read,
./models/13_ORCHIDEE-MAN-2025/src_driver/weather.f90,weathgen_read_file,SUBROUTINE,1635,weather_read,
./models/13_ORCHIDEE-MAN-2025/src_driver/weather.f90,weathgen_read_file,SUBROUTINE,1635,weather_read,
./models/13_ORCHIDEE-MAN-2025/src_driver/weather.f90,weathgen_read_file,SUBROUTINE,1635,weather_read,
./models/13_ORCHIDEE-MAN-2025/src_driver/weather.f90,weathgen_read_file,SUBROUTINE,1635,weather_read,
./models/13_ORCHIDEE-MAN-2025/src_driver/weather.f90,weathgen_read_file,SUBROUTINE,1635,weather_read,
./models/13_ORCHIDEE-MAN-2025/src_driver/weather.f90,weathgen_read_file,SUBROUTINE,1635,weather_read,
./models/13_ORCHIDEE-MAN-2025/src_driver/weather.f90,weathgen_read_file,SUBROUTINE,1635,weather_read,
./models/13_ORCHIDEE-MAN-2025/src_driver/weather.f90,mask_c_o,SUBROUTINE,3686,dist_sphe,
./models/13_ORCHIDEE-MAN-2025/src_driver/weather.f90,diurnal,SUBROUTINE,950,downward_solar_flux,
./models/13_ORCHIDEE-MAN-2025/src_driver/weather.f90,diurnal,SUBROUTINE,950,weathgen_qsat,
./models/13_ORCHIDEE-MAN-2025/src_driver/weather.f90,diurnal,SUBROUTINE,950,weathgen_qsat,
./models/13_ORCHIDEE-MAN-2025/src_driver/weather.f90,weather_read,SUBROUTINE,2913,shift_field,
./models/13_ORCHIDEE-MAN-2025/src_driver/weather.f90,weathgen_main,SUBROUTINE,1177,weathgen_begin,
./models/13_ORCHIDEE-MAN-2025/src_driver/weather.f90,weathgen_main,SUBROUTINE,1177,weathgen_get,
./models/13_ORCHIDEE-MAN-2025/src_driver/weather.f90,weathgen_main,SUBROUTINE,1177,weathgen_dump,
./models/13_ORCHIDEE-MAN-2025/src_driver/weather.f90,weathgen_main,SUBROUTINE,1177,weathgen_restwrite,
./models/13_ORCHIDEE-MAN-2025/src_driver/weather.f90,weathgen_dump,SUBROUTINE,3022,gather_weather,
./models/13_ORCHIDEE-MAN-2025/src_driver/weather.f90,weathgen_dump,SUBROUTINE,3022,gather_weather,
./models/13_ORCHIDEE-MAN-2025/src_driver/weather.f90,weathgen_dump,SUBROUTINE,3022,gather_weather,
./models/13_ORCHIDEE-MAN-2025/src_driver/weather.f90,weathgen_dump,SUBROUTINE,3022,gather_weather,
./models/13_ORCHIDEE-MAN-2025/src_driver/weather.f90,weathgen_dump,SUBROUTINE,3022,gather_weather,
./models/13_ORCHIDEE-MAN-2025/src_driver/weather.f90,weathgen_dump,SUBROUTINE,3022,gather_weather,
./models/13_ORCHIDEE-MAN-2025/src_driver/weather.f90,weathgen_dump,SUBROUTINE,3022,gather_weather,
./models/13_ORCHIDEE-MAN-2025/src_driver/weather.f90,weathgen_dump,SUBROUTINE,3022,gather_weather,
./models/13_ORCHIDEE-MAN-2025/src_driver/weather.f90,weathgen_dump,SUBROUTINE,3022,gather_weather,
./models/13_ORCHIDEE-MAN-2025/src_driver/weather.f90,weathgen_get,SUBROUTINE,2557,daily,
./models/13_ORCHIDEE-MAN-2025/src_driver/weather.f90,weathgen_get,SUBROUTINE,2557,diurnal,
./models/13_ORCHIDEE-MAN-2025/src_global/gauss_jordan_method.f90,gauss_jordan_method,SUBROUTINE,61,ipslerr_p,
./models/13_ORCHIDEE-MAN-2025/src_global/grid.f90,grid_initproj,SUBROUTINE,737,map_init,
./models/13_ORCHIDEE-MAN-2025/src_global/grid.f90,grid_initproj,SUBROUTINE,737,map_set,
./models/13_ORCHIDEE-MAN-2025/src_global/grid.f90,grid_initproj,SUBROUTINE,737,map_set,
./models/13_ORCHIDEE-MAN-2025/src_global/grid.f90,grid_initproj,SUBROUTINE,737,map_set,
./models/13_ORCHIDEE-MAN-2025/src_global/grid.f90,grid_initproj,SUBROUTINE,737,map_set,
./models/13_ORCHIDEE-MAN-2025/src_global/grid.f90,grid_initproj,SUBROUTINE,737,map_set,
./models/13_ORCHIDEE-MAN-2025/src_global/grid.f90,grid_initproj,SUBROUTINE,737,map_set,
./models/13_ORCHIDEE-MAN-2025/src_global/grid.f90,grid_initproj,SUBROUTINE,737,map_set,
./models/13_ORCHIDEE-MAN-2025/src_global/grid.f90,grid_topolylist,SUBROUTINE,490,haversine_singlepointploy,
./models/13_ORCHIDEE-MAN-2025/src_global/grid.f90,grid_topolylist,SUBROUTINE,490,haversine_reglatlontoploy,
./models/13_ORCHIDEE-MAN-2025/src_global/grid.f90,grid_topolylist,SUBROUTINE,490,haversine_regxytoploy,
./models/13_ORCHIDEE-MAN-2025/src_global/grid.f90,grid_topolylist,SUBROUTINE,490,haversine_polyheadings,
./models/13_ORCHIDEE-MAN-2025/src_global/grid.f90,grid_topolylist,SUBROUTINE,490,haversine_polysort,
./models/13_ORCHIDEE-MAN-2025/src_global/grid.f90,grid_topolylist,SUBROUTINE,490,haversine_laloseglen,
./models/13_ORCHIDEE-MAN-2025/src_global/grid.f90,grid_topolylist,SUBROUTINE,490,haversine_laloarea,
./models/13_ORCHIDEE-MAN-2025/src_global/grid.f90,grid_topolylist,SUBROUTINE,490,haversine_polyseglen,
./models/13_ORCHIDEE-MAN-2025/src_global/grid.f90,grid_topolylist,SUBROUTINE,490,haversine_xyarea,
./models/13_ORCHIDEE-MAN-2025/src_global/grid.f90,grid_topolylist,SUBROUTINE,490,haversine_polyseglen,
./models/13_ORCHIDEE-MAN-2025/src_global/grid.f90,grid_topolylist,SUBROUTINE,490,haversine_polyarea,
./models/13_ORCHIDEE-MAN-2025/src_global/grid.f90,grid_stuff,SUBROUTINE,416,grid_topolylist,
./models/13_ORCHIDEE-MAN-2025/src_global/grid.f90,grid_stuff,SUBROUTINE,416,grid_scatter,
./models/13_ORCHIDEE-MAN-2025/src_global/grid.f90,grid_tolola_2d,SUBROUTINE,1018,ij_to_latlon,
./models/13_ORCHIDEE-MAN-2025/src_global/grid.f90,grid_toij_2d,SUBROUTINE,1093,latlon_to_ij,
./models/13_ORCHIDEE-MAN-2025/src_global/grid.f90,grid_tolola_1d,SUBROUTINE,992,ij_to_latlon,
./models/13_ORCHIDEE-MAN-2025/src_global/grid.f90,grid_toij_1d,SUBROUTINE,1067,latlon_to_ij,
./models/13_ORCHIDEE-MAN-2025/src_global/grid.f90,grid_tolola_scal,SUBROUTINE,972,ij_to_latlon,
./models/13_ORCHIDEE-MAN-2025/src_global/grid.f90,grid_toij_scal,SUBROUTINE,1047,latlon_to_ij,
./models/13_ORCHIDEE-MAN-2025/src_global/haversine.f90,haversine_regxytoploy,SUBROUTINE,263,ij_to_latlon,
./models/13_ORCHIDEE-MAN-2025/src_global/haversine.f90,haversine_regxytoploy,SUBROUTINE,263,ij_to_latlon,
./models/13_ORCHIDEE-MAN-2025/src_global/haversine.f90,haversine_regxytoploy,SUBROUTINE,263,ij_to_latlon,
./models/13_ORCHIDEE-MAN-2025/src_global/haversine.f90,haversine_regxytoploy,SUBROUTINE,263,ij_to_latlon,
./models/13_ORCHIDEE-MAN-2025/src_global/haversine.f90,haversine_regxytoploy,SUBROUTINE,263,ij_to_latlon,
./models/13_ORCHIDEE-MAN-2025/src_global/haversine.f90,haversine_regxytoploy,SUBROUTINE,263,ij_to_latlon,
./models/13_ORCHIDEE-MAN-2025/src_global/haversine.f90,haversine_regxytoploy,SUBROUTINE,263,ij_to_latlon,
./models/13_ORCHIDEE-MAN-2025/src_global/haversine.f90,haversine_regxytoploy,SUBROUTINE,263,ij_to_latlon,
./models/13_ORCHIDEE-MAN-2025/src_global/haversine.f90,haversine_polysort,SUBROUTINE,543,haversine_clockwise,
./models/13_ORCHIDEE-MAN-2025/src_global/interpol_help.f90,aggregate_2d,SUBROUTINE,46,ipslerr_p,
./models/13_ORCHIDEE-MAN-2025/src_global/interpol_help.f90,aggregate_2d,SUBROUTINE,46,ipslerr_p,
./models/13_ORCHIDEE-MAN-2025/src_global/interpol_help.f90,aggregate_vec,SUBROUTINE,473,ipslerr_p,
./models/13_ORCHIDEE-MAN-2025/src_global/interpol_help.f90,aggregate_vec,SUBROUTINE,473,ipslerr_p,
./models/13_ORCHIDEE-MAN-2025/src_global/interpol_help.f90,aggregate_2d_p,SUBROUTINE,830,aggregate_2d,
./models/13_ORCHIDEE-MAN-2025/src_global/interpweight.f90,interpweight_2D,SUBROUTINE,444,ipslerr_p,
./models/13_ORCHIDEE-MAN-2025/src_global/interpweight.f90,interpweight_2D,SUBROUTINE,444,interpweight_modifying_input2D,
./models/13_ORCHIDEE-MAN-2025/src_global/interpweight.f90,interpweight_2D,SUBROUTINE,444,interpweight_modifying_input3D,
./models/13_ORCHIDEE-MAN-2025/src_global/interpweight.f90,interpweight_2D,SUBROUTINE,444,interpweight_modifying_input4D,
./models/13_ORCHIDEE-MAN-2025/src_global/interpweight.f90,interpweight_2D,SUBROUTINE,444,interpweight_masking_input2D,
./models/13_ORCHIDEE-MAN-2025/src_global/interpweight.f90,interpweight_2D,SUBROUTINE,444,interpweight_masking_input3D,
./models/13_ORCHIDEE-MAN-2025/src_global/interpweight.f90,interpweight_2D,SUBROUTINE,444,interpweight_masking_input4D,
./models/13_ORCHIDEE-MAN-2025/src_global/interpweight.f90,interpweight_2D,SUBROUTINE,444,interpweight_calc_resolution_in,
./models/13_ORCHIDEE-MAN-2025/src_global/interpweight.f90,interpweight_2D,SUBROUTINE,444,interpweight_calc_resolution_in,
./models/13_ORCHIDEE-MAN-2025/src_global/interpweight.f90,interpweight_2D,SUBROUTINE,444,interpweight_provide_fractions2D,
./models/13_ORCHIDEE-MAN-2025/src_global/interpweight.f90,interpweight_3D,SUBROUTINE,914,ipslerr_p,
./models/13_ORCHIDEE-MAN-2025/src_global/interpweight.f90,interpweight_3D,SUBROUTINE,914,ipslerr_p,
./models/13_ORCHIDEE-MAN-2025/src_global/interpweight.f90,interpweight_3D,SUBROUTINE,914,interpweight_modifying_input2D,
./models/13_ORCHIDEE-MAN-2025/src_global/interpweight.f90,interpweight_3D,SUBROUTINE,914,interpweight_modifying_input3D,
./models/13_ORCHIDEE-MAN-2025/src_global/interpweight.f90,interpweight_3D,SUBROUTINE,914,interpweight_modifying_input4D,
./models/13_ORCHIDEE-MAN-2025/src_global/interpweight.f90,interpweight_3D,SUBROUTINE,914,interpweight_masking_input2D,
./models/13_ORCHIDEE-MAN-2025/src_global/interpweight.f90,interpweight_3D,SUBROUTINE,914,interpweight_masking_input3D,
./models/13_ORCHIDEE-MAN-2025/src_global/interpweight.f90,interpweight_3D,SUBROUTINE,914,interpweight_masking_input4D,
./models/13_ORCHIDEE-MAN-2025/src_global/interpweight.f90,interpweight_3D,SUBROUTINE,914,interpweight_calc_resolution_in,
./models/13_ORCHIDEE-MAN-2025/src_global/interpweight.f90,interpweight_3D,SUBROUTINE,914,interpweight_provide_fractions3D,
./models/13_ORCHIDEE-MAN-2025/src_global/interpweight.f90,interpweight_2Dcont,SUBROUTINE,1824,ipslerr_p,
./models/13_ORCHIDEE-MAN-2025/src_global/interpweight.f90,interpweight_2Dcont,SUBROUTINE,1824,interpweight_modifying_input2D,
./models/13_ORCHIDEE-MAN-2025/src_global/interpweight.f90,interpweight_2Dcont,SUBROUTINE,1824,interpweight_modifying_input3D,
./models/13_ORCHIDEE-MAN-2025/src_global/interpweight.f90,interpweight_2Dcont,SUBROUTINE,1824,interpweight_modifying_input4D,
./models/13_ORCHIDEE-MAN-2025/src_global/interpweight.f90,interpweight_2Dcont,SUBROUTINE,1824,interpweight_masking_input2D,
./models/13_ORCHIDEE-MAN-2025/src_global/interpweight.f90,interpweight_2Dcont,SUBROUTINE,1824,interpweight_masking_input3D,
./models/13_ORCHIDEE-MAN-2025/src_global/interpweight.f90,interpweight_2Dcont,SUBROUTINE,1824,interpweight_masking_input4D,
./models/13_ORCHIDEE-MAN-2025/src_global/interpweight.f90,interpweight_2Dcont,SUBROUTINE,1824,interpweight_calc_resolution_in,
./models/13_ORCHIDEE-MAN-2025/src_global/interpweight.f90,interpweight_2Dcont,SUBROUTINE,1824,interpweight_provide_interpolation2D,
./models/13_ORCHIDEE-MAN-2025/src_global/interpweight.f90,interpweight_4D,SUBROUTINE,1378,ipslerr_p,
./models/13_ORCHIDEE-MAN-2025/src_global/interpweight.f90,interpweight_4D,SUBROUTINE,1378,interpweight_modifying_input2D,
./models/13_ORCHIDEE-MAN-2025/src_global/interpweight.f90,interpweight_4D,SUBROUTINE,1378,interpweight_modifying_input3D,
./models/13_ORCHIDEE-MAN-2025/src_global/interpweight.f90,interpweight_4D,SUBROUTINE,1378,interpweight_modifying_input4D,
./models/13_ORCHIDEE-MAN-2025/src_global/interpweight.f90,interpweight_4D,SUBROUTINE,1378,interpweight_masking_input2D,
./models/13_ORCHIDEE-MAN-2025/src_global/interpweight.f90,interpweight_4D,SUBROUTINE,1378,interpweight_masking_input3D,
./models/13_ORCHIDEE-MAN-2025/src_global/interpweight.f90,interpweight_4D,SUBROUTINE,1378,interpweight_masking_input4D,
./models/13_ORCHIDEE-MAN-2025/src_global/interpweight.f90,interpweight_4D,SUBROUTINE,1378,interpweight_calc_resolution_in,
./models/13_ORCHIDEE-MAN-2025/src_global/interpweight.f90,interpweight_4D,SUBROUTINE,1378,interpweight_provide_fractions4D,
./models/13_ORCHIDEE-MAN-2025/src_global/interpweight.f90,interpweight_4Dcont,SUBROUTINE,2251,ipslerr_p,
./models/13_ORCHIDEE-MAN-2025/src_global/interpweight.f90,interpweight_4Dcont,SUBROUTINE,2251,interpweight_modifying_input2D,
./models/13_ORCHIDEE-MAN-2025/src_global/interpweight.f90,interpweight_4Dcont,SUBROUTINE,2251,interpweight_modifying_input3D,
./models/13_ORCHIDEE-MAN-2025/src_global/interpweight.f90,interpweight_4Dcont,SUBROUTINE,2251,interpweight_modifying_input4D,
./models/13_ORCHIDEE-MAN-2025/src_global/interpweight.f90,interpweight_4Dcont,SUBROUTINE,2251,interpweight_masking_input2D,
./models/13_ORCHIDEE-MAN-2025/src_global/interpweight.f90,interpweight_4Dcont,SUBROUTINE,2251,interpweight_masking_input3D,
./models/13_ORCHIDEE-MAN-2025/src_global/interpweight.f90,interpweight_4Dcont,SUBROUTINE,2251,interpweight_masking_input4D,
./models/13_ORCHIDEE-MAN-2025/src_global/interpweight.f90,interpweight_4Dcont,SUBROUTINE,2251,interpweight_calc_resolution_in,
./models/13_ORCHIDEE-MAN-2025/src_global/interpweight.f90,interpweight_4Dcont,SUBROUTINE,2251,interpweight_provide_interpolation4D,
./models/13_ORCHIDEE-MAN-2025/src_global/interpweight.f90,interpweight_1D,SUBROUTINE,95,ipslerr_p,
./models/13_ORCHIDEE-MAN-2025/src_global/interpweight.f90,interpweight_1D,SUBROUTINE,95,interpweight_modifying_input1D,
./models/13_ORCHIDEE-MAN-2025/src_global/interpweight.f90,interpweight_1D,SUBROUTINE,95,interpweight_masking_input1D,
./models/13_ORCHIDEE-MAN-2025/src_global/interpweight.f90,interpweight_1D,SUBROUTINE,95,interpweight_calc_resolution_in,
./models/13_ORCHIDEE-MAN-2025/src_global/interpweight.f90,interpweight_1D,SUBROUTINE,95,interpweight_provide_fractions1D,
./models/13_ORCHIDEE-MAN-2025/src_global/interpweight.f90,interpweight_provide_fractions3D,SUBROUTINE,3491,ipslerr_p,
./models/13_ORCHIDEE-MAN-2025/src_global/interpweight.f90,interpweight_provide_fractions3D,SUBROUTINE,3491,ipslerr_p,
./models/13_ORCHIDEE-MAN-2025/src_global/interpweight.f90,interpweight_provide_fractions3D,SUBROUTINE,3491,ipslerr_p,
./models/13_ORCHIDEE-MAN-2025/src_global/interpweight.f90,interpweight_provide_fractions3D,SUBROUTINE,3491,ipslerr_p,
./models/13_ORCHIDEE-MAN-2025/src_global/interpweight.f90,interpweight_provide_fractions3D,SUBROUTINE,3491,ipslerr_p,
./models/13_ORCHIDEE-MAN-2025/src_global/interpweight.f90,interpweight_provide_fractions3D,SUBROUTINE,3491,ipslerr_p,
./models/13_ORCHIDEE-MAN-2025/src_global/interpweight.f90,interpweight_masking_input4D,SUBROUTINE,3150,ipslerr_p,
./models/13_ORCHIDEE-MAN-2025/src_global/interpweight.f90,interpweight_masking_input2D,SUBROUTINE,2979,ipslerr_p,
./models/13_ORCHIDEE-MAN-2025/src_global/interpweight.f90,interpweight_provide_fractions1D,SUBROUTINE,3239,ipslerr_p,
./models/13_ORCHIDEE-MAN-2025/src_global/interpweight.f90,interpweight_provide_fractions1D,SUBROUTINE,3239,ipslerr_p,
./models/13_ORCHIDEE-MAN-2025/src_global/interpweight.f90,interpweight_provide_fractions1D,SUBROUTINE,3239,ipslerr_p,
./models/13_ORCHIDEE-MAN-2025/src_global/interpweight.f90,interpweight_masking_input3D,SUBROUTINE,3066,ipslerr_p,
./models/13_ORCHIDEE-MAN-2025/src_global/interpweight.f90,interpweight_provide_interpolation2D,SUBROUTINE,3796,ipslerr_p,
./models/13_ORCHIDEE-MAN-2025/src_global/interpweight.f90,interpweight_provide_interpolation2D,SUBROUTINE,3796,ipslerr_p,
./models/13_ORCHIDEE-MAN-2025/src_global/interpweight.f90,interpweight_provide_interpolation2D,SUBROUTINE,3796,ipslerr_p,
./models/13_ORCHIDEE-MAN-2025/src_global/interpweight.f90,interpweight_provide_fractions2D,SUBROUTINE,3364,ipslerr_p,
./models/13_ORCHIDEE-MAN-2025/src_global/interpweight.f90,interpweight_provide_fractions2D,SUBROUTINE,3364,ipslerr_p,
./models/13_ORCHIDEE-MAN-2025/src_global/interpweight.f90,interpweight_provide_fractions2D,SUBROUTINE,3364,ipslerr_p,
./models/13_ORCHIDEE-MAN-2025/src_global/interpweight.f90,interpweight_provide_fractions4D,SUBROUTINE,3661,ipslerr_p,
./models/13_ORCHIDEE-MAN-2025/src_global/interpweight.f90,interpweight_provide_fractions4D,SUBROUTINE,3661,ipslerr_p,
./models/13_ORCHIDEE-MAN-2025/src_global/interpweight.f90,interpweight_provide_fractions4D,SUBROUTINE,3661,ipslerr_p,
./models/13_ORCHIDEE-MAN-2025/src_global/interpweight.f90,interpweight_ValVecI,FUNCTION,4825,ipslerr_p,
./models/13_ORCHIDEE-MAN-2025/src_global/interpweight.f90,interpweight_ValVecR,FUNCTION,4902,ipslerr_p,
./models/13_ORCHIDEE-MAN-2025/src_global/interpweight.f90,interpweight_get_var4dims_file,FUNCTION,4247,ipslerr_p,
./models/13_ORCHIDEE-MAN-2025/src_global/interpweight.f90,interpweight_get_var4dims_file,FUNCTION,4247,ipslerr_p,
./models/13_ORCHIDEE-MAN-2025/src_global/interpweight.f90,interpweight_get_var3dims_file,FUNCTION,4163,ipslerr_p,
./models/13_ORCHIDEE-MAN-2025/src_global/interpweight.f90,interpweight_get_var3dims_file,FUNCTION,4163,ipslerr_p,
./models/13_ORCHIDEE-MAN-2025/src_global/interpweight.f90,interpweight_provide_interpolation4D,SUBROUTINE,3954,ipslerr_p,
./models/13_ORCHIDEE-MAN-2025/src_global/interpweight.f90,interpweight_provide_interpolation4D,SUBROUTINE,3954,ipslerr_p,
./models/13_ORCHIDEE-MAN-2025/src_global/interpweight.f90,interpweight_get_var2dims_file,FUNCTION,4081,ipslerr_p,
./models/13_ORCHIDEE-MAN-2025/src_global/interpweight.f90,interpweight_get_var2dims_file,FUNCTION,4081,ipslerr_p,
./models/13_ORCHIDEE-MAN-2025/src_global/interpweight.f90,interpweight_masking_input1D,SUBROUTINE,2911,ipslerr_p,
./models/13_ORCHIDEE-MAN-2025/src_global/interpweight.f90,interpweight_masking_input1D,SUBROUTINE,2911,ipslerr_p,
./models/13_ORCHIDEE-MAN-2025/src_global/interpweight.f90,interpweight_get_varNdims_file,FUNCTION,4334,ipslerr_p,
./models/13_ORCHIDEE-MAN-2025/src_global/interpweight.f90,interpweight_From2DmatTo1Dvec,FUNCTION,4980,ipslerr_p,
./models/13_ORCHIDEE-MAN-2025/src_global/interpweight.f90,interpweight_From2DmatTo1Dvec,FUNCTION,4980,ipslerr_p,
./models/13_ORCHIDEE-MAN-2025/src_global/interpweight.f90,interpweight_From1DvecTo2Dmat,FUNCTION,5023,ipslerr_p,
./models/13_ORCHIDEE-MAN-2025/src_global/interregxy.f90,interregxy_findpoints,SUBROUTINE,331,polygones_extend,
./models/13_ORCHIDEE-MAN-2025/src_global/interregxy.f90,interregxy_findpoints,SUBROUTINE,331,polygones_extend,
./models/13_ORCHIDEE-MAN-2025/src_global/interregxy.f90,interregxy_findpoints,SUBROUTINE,331,polygones_intersection,
./models/13_ORCHIDEE-MAN-2025/src_global/interregxy.f90,interregxy_findpoints,SUBROUTINE,331,polygones_crossing,
./models/13_ORCHIDEE-MAN-2025/src_global/interregxy.f90,interregxy_findpoints,SUBROUTINE,331,polygones_cleanup,
./models/13_ORCHIDEE-MAN-2025/src_global/interregxy.f90,interregxy_findpoints,SUBROUTINE,331,polygones_convexhull,
./models/13_ORCHIDEE-MAN-2025/src_global/interregxy.f90,interregxy_findpoints,SUBROUTINE,331,polygones_area,
./models/13_ORCHIDEE-MAN-2025/src_global/interregxy.f90,interregxy_aggr2d,SUBROUTINE,18,interregxy_findpoints,
./models/13_ORCHIDEE-MAN-2025/src_global/interregxy.f90,interregxy_aggrve,SUBROUTINE,178,interregxy_findpoints,
./models/13_ORCHIDEE-MAN-2025/src_global/module_llxy.f90,map_set,SUBROUTINE,276,wrf_error_fatal,
./models/13_ORCHIDEE-MAN-2025/src_global/module_llxy.f90,map_set,SUBROUTINE,276,wrf_error_fatal,
./models/13_ORCHIDEE-MAN-2025/src_global/module_llxy.f90,map_set,SUBROUTINE,276,wrf_error_fatal,
./models/13_ORCHIDEE-MAN-2025/src_global/module_llxy.f90,map_set,SUBROUTINE,276,wrf_error_fatal,
./models/13_ORCHIDEE-MAN-2025/src_global/module_llxy.f90,map_set,SUBROUTINE,276,wrf_error_fatal,
./models/13_ORCHIDEE-MAN-2025/src_global/module_llxy.f90,map_set,SUBROUTINE,276,wrf_error_fatal,
./models/13_ORCHIDEE-MAN-2025/src_global/module_llxy.f90,map_set,SUBROUTINE,276,wrf_error_fatal,
./models/13_ORCHIDEE-MAN-2025/src_global/module_llxy.f90,map_set,SUBROUTINE,276,wrf_error_fatal,
./models/13_ORCHIDEE-MAN-2025/src_global/module_llxy.f90,map_set,SUBROUTINE,276,wrf_error_fatal,
./models/13_ORCHIDEE-MAN-2025/src_global/module_llxy.f90,map_set,SUBROUTINE,276,wrf_error_fatal,
./models/13_ORCHIDEE-MAN-2025/src_global/module_llxy.f90,map_set,SUBROUTINE,276,wrf_error_fatal,
./models/13_ORCHIDEE-MAN-2025/src_global/module_llxy.f90,map_set,SUBROUTINE,276,wrf_error_fatal,
./models/13_ORCHIDEE-MAN-2025/src_global/module_llxy.f90,map_set,SUBROUTINE,276,wrf_error_fatal,
./models/13_ORCHIDEE-MAN-2025/src_global/module_llxy.f90,map_set,SUBROUTINE,276,wrf_error_fatal,
./models/13_ORCHIDEE-MAN-2025/src_global/module_llxy.f90,map_set,SUBROUTINE,276,wrf_error_fatal,
./models/13_ORCHIDEE-MAN-2025/src_global/module_llxy.f90,map_set,SUBROUTINE,276,wrf_error_fatal,
./models/13_ORCHIDEE-MAN-2025/src_global/module_llxy.f90,map_set,SUBROUTINE,276,wrf_error_fatal,
./models/13_ORCHIDEE-MAN-2025/src_global/module_llxy.f90,map_set,SUBROUTINE,276,map_init,
./models/13_ORCHIDEE-MAN-2025/src_global/module_llxy.f90,map_set,SUBROUTINE,276,set_ps,
./models/13_ORCHIDEE-MAN-2025/src_global/module_llxy.f90,map_set,SUBROUTINE,276,set_ps_wgs84,
./models/13_ORCHIDEE-MAN-2025/src_global/module_llxy.f90,map_set,SUBROUTINE,276,set_albers_nad83,
./models/13_ORCHIDEE-MAN-2025/src_global/module_llxy.f90,map_set,SUBROUTINE,276,set_lc,
./models/13_ORCHIDEE-MAN-2025/src_global/module_llxy.f90,map_set,SUBROUTINE,276,set_merc,
./models/13_ORCHIDEE-MAN-2025/src_global/module_llxy.f90,map_set,SUBROUTINE,276,set_gauss,
./models/13_ORCHIDEE-MAN-2025/src_global/module_llxy.f90,map_set,SUBROUTINE,276,set_cyl,
./models/13_ORCHIDEE-MAN-2025/src_global/module_llxy.f90,map_set,SUBROUTINE,276,set_cassini,
./models/13_ORCHIDEE-MAN-2025/src_global/module_llxy.f90,latlon_to_ij,SUBROUTINE,593,wrf_error_fatal,
./models/13_ORCHIDEE-MAN-2025/src_global/module_llxy.f90,latlon_to_ij,SUBROUTINE,593,llij_latlon,
./models/13_ORCHIDEE-MAN-2025/src_global/module_llxy.f90,latlon_to_ij,SUBROUTINE,593,llij_merc,
./models/13_ORCHIDEE-MAN-2025/src_global/module_llxy.f90,latlon_to_ij,SUBROUTINE,593,llij_ps,
./models/13_ORCHIDEE-MAN-2025/src_global/module_llxy.f90,latlon_to_ij,SUBROUTINE,593,llij_ps_wgs84,
./models/13_ORCHIDEE-MAN-2025/src_global/module_llxy.f90,latlon_to_ij,SUBROUTINE,593,llij_albers_nad83,
./models/13_ORCHIDEE-MAN-2025/src_global/module_llxy.f90,latlon_to_ij,SUBROUTINE,593,llij_lc,
./models/13_ORCHIDEE-MAN-2025/src_global/module_llxy.f90,latlon_to_ij,SUBROUTINE,593,llij_gauss,
./models/13_ORCHIDEE-MAN-2025/src_global/module_llxy.f90,latlon_to_ij,SUBROUTINE,593,llij_cyl,
./models/13_ORCHIDEE-MAN-2025/src_global/module_llxy.f90,latlon_to_ij,SUBROUTINE,593,llij_cassini,
./models/13_ORCHIDEE-MAN-2025/src_global/module_llxy.f90,latlon_to_ij,SUBROUTINE,593,llij_rotlatlon,
./models/13_ORCHIDEE-MAN-2025/src_global/module_llxy.f90,latlon_to_ij,SUBROUTINE,593,wrf_error_fatal,
./models/13_ORCHIDEE-MAN-2025/src_global/module_llxy.f90,ij_to_latlon,SUBROUTINE,652,wrf_error_fatal,
./models/13_ORCHIDEE-MAN-2025/src_global/module_llxy.f90,ij_to_latlon,SUBROUTINE,652,ijll_latlon,
./models/13_ORCHIDEE-MAN-2025/src_global/module_llxy.f90,ij_to_latlon,SUBROUTINE,652,ijll_merc,
./models/13_ORCHIDEE-MAN-2025/src_global/module_llxy.f90,ij_to_latlon,SUBROUTINE,652,ijll_ps,
./models/13_ORCHIDEE-MAN-2025/src_global/module_llxy.f90,ij_to_latlon,SUBROUTINE,652,ijll_ps_wgs84,
./models/13_ORCHIDEE-MAN-2025/src_global/module_llxy.f90,ij_to_latlon,SUBROUTINE,652,ijll_albers_nad83,
./models/13_ORCHIDEE-MAN-2025/src_global/module_llxy.f90,ij_to_latlon,SUBROUTINE,652,ijll_lc,
./models/13_ORCHIDEE-MAN-2025/src_global/module_llxy.f90,ij_to_latlon,SUBROUTINE,652,ijll_cyl,
./models/13_ORCHIDEE-MAN-2025/src_global/module_llxy.f90,ij_to_latlon,SUBROUTINE,652,ijll_cassini,
./models/13_ORCHIDEE-MAN-2025/src_global/module_llxy.f90,ij_to_latlon,SUBROUTINE,652,ijll_rotlatlon,
./models/13_ORCHIDEE-MAN-2025/src_global/module_llxy.f90,ij_to_latlon,SUBROUTINE,652,wrf_error_fatal,
./models/13_ORCHIDEE-MAN-2025/src_global/module_llxy.f90,lggaus,SUBROUTINE,1980,lgord,
./models/13_ORCHIDEE-MAN-2025/src_global/module_llxy.f90,lggaus,SUBROUTINE,1980,lgord,
./models/13_ORCHIDEE-MAN-2025/src_global/module_llxy.f90,lggaus,SUBROUTINE,1980,lgord,
./models/13_ORCHIDEE-MAN-2025/src_global/module_llxy.f90,lggaus,SUBROUTINE,1980,lgord,
./models/13_ORCHIDEE-MAN-2025/src_global/module_llxy.f90,lggaus,SUBROUTINE,1980,lgord,
./models/13_ORCHIDEE-MAN-2025/src_global/module_llxy.f90,llij_gauss,SUBROUTINE,2146,wrf_error_fatal,
./models/13_ORCHIDEE-MAN-2025/src_global/module_llxy.f90,set_gauss,SUBROUTINE,1917,gausll,
./models/13_ORCHIDEE-MAN-2025/src_global/module_llxy.f90,set_gauss,SUBROUTINE,1917,wrf_error_fatal,
./models/13_ORCHIDEE-MAN-2025/src_global/module_llxy.f90,set_lc,SUBROUTINE,1106,lc_cone,
./models/13_ORCHIDEE-MAN-2025/src_global/module_llxy.f90,set_cassini,SUBROUTINE,1528,rotate_coords,
./models/13_ORCHIDEE-MAN-2025/src_global/module_llxy.f90,gausll,SUBROUTINE,1959,lggaus,
./models/13_ORCHIDEE-MAN-2025/src_global/module_llxy.f90,llij_cassini,SUBROUTINE,1558,rotate_coords,
./models/13_ORCHIDEE-MAN-2025/src_global/module_llxy.f90,llij_cassini,SUBROUTINE,1558,llij_cyl,
./models/13_ORCHIDEE-MAN-2025/src_global/module_llxy.f90,ijll_cassini,SUBROUTINE,1584,ijll_cyl,
./models/13_ORCHIDEE-MAN-2025/src_global/module_llxy.f90,ijll_cassini,SUBROUTINE,1584,rotate_coords,
./models/13_ORCHIDEE-MAN-2025/src_global/polygones.f90,polygones_intersection,SUBROUTINE,174,polygones_pointinside,
./models/13_ORCHIDEE-MAN-2025/src_global/polygones.f90,polygones_intersection,SUBROUTINE,174,polygones_pointinside,
./models/13_ORCHIDEE-MAN-2025/src_global/polygones.f90,polygones_crossing,SUBROUTINE,381,polygones_lineintersect,
./models/13_ORCHIDEE-MAN-2025/src_global/solar.f90,solarang,SUBROUTINE,55,time_zone,
./models/13_ORCHIDEE-MAN-2025/src_global/utils.f90,nccheck,SUBROUTINE,40,ipslerr_p,
./models/13_ORCHIDEE-MAN-2025/src_oasisdriver/driver2oasis.f90,driver2oasis,PROGRAM,1,forcing_getglogrid,
./models/13_ORCHIDEE-MAN-2025/src_oasisdriver/driver2oasis.f90,driver2oasis,PROGRAM,1,forcing_zoomgrid,
./models/13_ORCHIDEE-MAN-2025/src_oasisdriver/driver2oasis.f90,driver2oasis,PROGRAM,1,globgrd_writegrid,
./models/13_ORCHIDEE-MAN-2025/src_oasisdriver/driver2oasis.f90,driver2oasis,PROGRAM,1,Init_orchidee_para,
./models/13_ORCHIDEE-MAN-2025/src_oasisdriver/driver2oasis.f90,driver2oasis,PROGRAM,1,init_timer,
./models/13_ORCHIDEE-MAN-2025/src_oasisdriver/driver2oasis.f90,driver2oasis,PROGRAM,1,start_timer,
./models/13_ORCHIDEE-MAN-2025/src_oasisdriver/driver2oasis.f90,driver2oasis,PROGRAM,1,globgrd_getdomsz,
./models/13_ORCHIDEE-MAN-2025/src_oasisdriver/driver2oasis.f90,driver2oasis,PROGRAM,1,globgrd_getgrid,
./models/13_ORCHIDEE-MAN-2025/src_oasisdriver/driver2oasis.f90,driver2oasis,PROGRAM,1,grid_set_glo,
./models/13_ORCHIDEE-MAN-2025/src_oasisdriver/driver2oasis.f90,driver2oasis,PROGRAM,1,grid_allocate_glo,
./models/13_ORCHIDEE-MAN-2025/src_oasisdriver/driver2oasis.f90,driver2oasis,PROGRAM,1,Init_orchidee_data_para_driver,
./models/13_ORCHIDEE-MAN-2025/src_oasisdriver/driver2oasis.f90,driver2oasis,PROGRAM,1,forcing_open,
./models/13_ORCHIDEE-MAN-2025/src_oasisdriver/driver2oasis.f90,driver2oasis,PROGRAM,1,forcing_integration_time,
./models/13_ORCHIDEE-MAN-2025/src_oasisdriver/driver2oasis.f90,driver2oasis,PROGRAM,1,forcing_getvalues,
./models/13_ORCHIDEE-MAN-2025/src_oasisdriver/driver2oasis.f90,driver2oasis,PROGRAM,1,stop_timer,
./models/13_ORCHIDEE-MAN-2025/src_oasisdriver/driver2oasis.f90,driver2oasis,PROGRAM,1,start_timer,
./models/13_ORCHIDEE-MAN-2025/src_oasisdriver/driver2oasis.f90,driver2oasis,PROGRAM,1,globgrd_writevar,
./models/13_ORCHIDEE-MAN-2025/src_oasisdriver/driver2oasis.f90,driver2oasis,PROGRAM,1,stop_timer,
./models/13_ORCHIDEE-MAN-2025/src_oasisdriver/driver2oasis.f90,driver2oasis,PROGRAM,1,start_timer,
./models/13_ORCHIDEE-MAN-2025/src_oasisdriver/driver2oasis.f90,driver2oasis,PROGRAM,1,forcing_getvalues,
./models/13_ORCHIDEE-MAN-2025/src_oasisdriver/driver2oasis.f90,driver2oasis,PROGRAM,1,stop_timer,
./models/13_ORCHIDEE-MAN-2025/src_oasisdriver/driver2oasis.f90,driver2oasis,PROGRAM,1,start_timer,
./models/13_ORCHIDEE-MAN-2025/src_oasisdriver/driver2oasis.f90,driver2oasis,PROGRAM,1,stop_timer,
./models/13_ORCHIDEE-MAN-2025/src_oasisdriver/driver2oasis.f90,driver2oasis,PROGRAM,1,start_timer,
./models/13_ORCHIDEE-MAN-2025/src_oasisdriver/driver2oasis.f90,driver2oasis,PROGRAM,1,forcing_printdate,
./models/13_ORCHIDEE-MAN-2025/src_oasisdriver/driver2oasis.f90,driver2oasis,PROGRAM,1,forcing_printdate,
./models/13_ORCHIDEE-MAN-2025/src_oasisdriver/driver2oasis.f90,driver2oasis,PROGRAM,1,stop_timer,
./models/13_ORCHIDEE-MAN-2025/src_oasisdriver/driver2oasis.f90,driver2oasis,PROGRAM,1,forcing_close,
./models/13_ORCHIDEE-MAN-2025/src_oasisdriver/orchideeoasis.f90,orchideeoasis,PROGRAM,1,Init_orchidee_para,
./models/13_ORCHIDEE-MAN-2025/src_oasisdriver/orchideeoasis.f90,orchideeoasis,PROGRAM,1,init_timer,
./models/13_ORCHIDEE-MAN-2025/src_oasisdriver/orchideeoasis.f90,orchideeoasis,PROGRAM,1,start_timer,
./models/13_ORCHIDEE-MAN-2025/src_oasisdriver/orchideeoasis.f90,orchideeoasis,PROGRAM,1,start_timer,
./models/13_ORCHIDEE-MAN-2025/src_oasisdriver/orchideeoasis.f90,orchideeoasis,PROGRAM,1,globgrd_getdomsz,
./models/13_ORCHIDEE-MAN-2025/src_oasisdriver/orchideeoasis.f90,orchideeoasis,PROGRAM,1,globgrd_getgrid,
./models/13_ORCHIDEE-MAN-2025/src_oasisdriver/orchideeoasis.f90,orchideeoasis,PROGRAM,1,orchoasis_time,
./models/13_ORCHIDEE-MAN-2025/src_oasisdriver/orchideeoasis.f90,orchideeoasis,PROGRAM,1,grid_set_glo,
./models/13_ORCHIDEE-MAN-2025/src_oasisdriver/orchideeoasis.f90,orchideeoasis,PROGRAM,1,grid_allocate_glo,
./models/13_ORCHIDEE-MAN-2025/src_oasisdriver/orchideeoasis.f90,orchideeoasis,PROGRAM,1,Init_orchidee_data_para_driver,
./models/13_ORCHIDEE-MAN-2025/src_oasisdriver/orchideeoasis.f90,orchideeoasis,PROGRAM,1,grid_init,
./models/13_ORCHIDEE-MAN-2025/src_oasisdriver/orchideeoasis.f90,orchideeoasis,PROGRAM,1,grid_init,
./models/13_ORCHIDEE-MAN-2025/src_oasisdriver/orchideeoasis.f90,orchideeoasis,PROGRAM,1,grid_stuff,
./models/13_ORCHIDEE-MAN-2025/src_oasisdriver/orchideeoasis.f90,orchideeoasis,PROGRAM,1,orchoasis_time,
./models/13_ORCHIDEE-MAN-2025/src_oasisdriver/orchideeoasis.f90,orchideeoasis,PROGRAM,1,control_initialize,
./models/13_ORCHIDEE-MAN-2025/src_oasisdriver/orchideeoasis.f90,orchideeoasis,PROGRAM,1,ioipslctrl_restini,
./models/13_ORCHIDEE-MAN-2025/src_oasisdriver/orchideeoasis.f90,orchideeoasis,PROGRAM,1,xios_orchidee_init,
./models/13_ORCHIDEE-MAN-2025/src_oasisdriver/orchideeoasis.f90,orchideeoasis,PROGRAM,1,ioipslctrl_history,
./models/13_ORCHIDEE-MAN-2025/src_oasisdriver/orchideeoasis.f90,orchideeoasis,PROGRAM,1,orchoasis_defvar,
./models/13_ORCHIDEE-MAN-2025/src_oasisdriver/orchideeoasis.f90,orchideeoasis,PROGRAM,1,orchoasis_getvar,
./models/13_ORCHIDEE-MAN-2025/src_oasisdriver/orchideeoasis.f90,orchideeoasis,PROGRAM,1,orchoasis_printpoint,
./models/13_ORCHIDEE-MAN-2025/src_oasisdriver/orchideeoasis.f90,orchideeoasis,PROGRAM,1,orchoasis_printpoint,
./models/13_ORCHIDEE-MAN-2025/src_oasisdriver/orchideeoasis.f90,orchideeoasis,PROGRAM,1,orchoasis_printpoint,
./models/13_ORCHIDEE-MAN-2025/src_oasisdriver/orchideeoasis.f90,orchideeoasis,PROGRAM,1,orchoasis_printpoint,
./models/13_ORCHIDEE-MAN-2025/src_oasisdriver/orchideeoasis.f90,orchideeoasis,PROGRAM,1,orchoasis_printpoint,
./models/13_ORCHIDEE-MAN-2025/src_oasisdriver/orchideeoasis.f90,orchideeoasis,PROGRAM,1,orchoasis_printpoint,
./models/13_ORCHIDEE-MAN-2025/src_oasisdriver/orchideeoasis.f90,orchideeoasis,PROGRAM,1,orchoasis_printpoint,
./models/13_ORCHIDEE-MAN-2025/src_oasisdriver/orchideeoasis.f90,orchideeoasis,PROGRAM,1,orchoasis_printpoint,
./models/13_ORCHIDEE-MAN-2025/src_oasisdriver/orchideeoasis.f90,orchideeoasis,PROGRAM,1,orchoasis_printpoint,
./models/13_ORCHIDEE-MAN-2025/src_oasisdriver/orchideeoasis.f90,orchideeoasis,PROGRAM,1,orchoasis_printpoint,
./models/13_ORCHIDEE-MAN-2025/src_oasisdriver/orchideeoasis.f90,orchideeoasis,PROGRAM,1,orchoasis_printpoint,
./models/13_ORCHIDEE-MAN-2025/src_oasisdriver/orchideeoasis.f90,orchideeoasis,PROGRAM,1,orchoasis_printpoint,
./models/13_ORCHIDEE-MAN-2025/src_oasisdriver/orchideeoasis.f90,orchideeoasis,PROGRAM,1,orchoasis_printpoint,
./models/13_ORCHIDEE-MAN-2025/src_oasisdriver/orchideeoasis.f90,orchideeoasis,PROGRAM,1,orchoasis_printpoint,
./models/13_ORCHIDEE-MAN-2025/src_oasisdriver/orchideeoasis.f90,orchideeoasis,PROGRAM,1,stop_timer,
./models/13_ORCHIDEE-MAN-2025/src_oasisdriver/orchideeoasis.f90,orchideeoasis,PROGRAM,1,start_timer,
./models/13_ORCHIDEE-MAN-2025/src_oasisdriver/orchideeoasis.f90,orchideeoasis,PROGRAM,1,xios_orchidee_update_calendar,
./models/13_ORCHIDEE-MAN-2025/src_oasisdriver/orchideeoasis.f90,orchideeoasis,PROGRAM,1,stop_timer,
./models/13_ORCHIDEE-MAN-2025/src_oasisdriver/orchideeoasis.f90,orchideeoasis,PROGRAM,1,start_timer,
./models/13_ORCHIDEE-MAN-2025/src_oasisdriver/orchideeoasis.f90,orchideeoasis,PROGRAM,1,sechiba_initialize,
./models/13_ORCHIDEE-MAN-2025/src_oasisdriver/orchideeoasis.f90,orchideeoasis,PROGRAM,1,orchoasis_printpoint,
./models/13_ORCHIDEE-MAN-2025/src_oasisdriver/orchideeoasis.f90,orchideeoasis,PROGRAM,1,stop_timer,
./models/13_ORCHIDEE-MAN-2025/src_oasisdriver/orchideeoasis.f90,orchideeoasis,PROGRAM,1,start_timer,
./models/13_ORCHIDEE-MAN-2025/src_oasisdriver/orchideeoasis.f90,orchideeoasis,PROGRAM,1,sechiba_main,
./models/13_ORCHIDEE-MAN-2025/src_oasisdriver/orchideeoasis.f90,orchideeoasis,PROGRAM,1,orchoasis_printpoint,
./models/13_ORCHIDEE-MAN-2025/src_oasisdriver/orchideeoasis.f90,orchideeoasis,PROGRAM,1,orchoasis_printpoint,
./models/13_ORCHIDEE-MAN-2025/src_oasisdriver/orchideeoasis.f90,orchideeoasis,PROGRAM,1,orchoasis_printpoint,
./models/13_ORCHIDEE-MAN-2025/src_oasisdriver/orchideeoasis.f90,orchideeoasis,PROGRAM,1,stop_timer,
./models/13_ORCHIDEE-MAN-2025/src_oasisdriver/orchideeoasis.f90,orchideeoasis,PROGRAM,1,start_timer,
./models/13_ORCHIDEE-MAN-2025/src_oasisdriver/orchideeoasis.f90,orchideeoasis,PROGRAM,1,orchoasis_putvar,
./models/13_ORCHIDEE-MAN-2025/src_oasisdriver/orchideeoasis.f90,orchideeoasis,PROGRAM,1,stop_timer,
./models/13_ORCHIDEE-MAN-2025/src_oasisdriver/orchideeoasis.f90,orchideeoasis,PROGRAM,1,start_timer,
./models/13_ORCHIDEE-MAN-2025/src_oasisdriver/orchideeoasis.f90,orchideeoasis,PROGRAM,1,stop_timer,
./models/13_ORCHIDEE-MAN-2025/src_oasisdriver/orchideeoasis.f90,orchideeoasis,PROGRAM,1,stop_timer,
./models/13_ORCHIDEE-MAN-2025/src_oasisdriver/orchoasis_tools.f90,orchoasis_time,SUBROUTINE,53,orchoasis_printdate,
./models/13_ORCHIDEE-MAN-2025/src_oasisdriver/orchoasis_tools.f90,orchoasis_time,SUBROUTINE,53,orchoasis_printdate,
./models/13_ORCHIDEE-MAN-2025/src_parallel/ioipsl_para.f90,histwrite_r3d_p,SUBROUTINE,972,histwrite_r2d_p,
./models/13_ORCHIDEE-MAN-2025/src_parallel/ioipsl_para.f90,histwrite_r2d_p,SUBROUTINE,940,body,
./models/13_ORCHIDEE-MAN-2025/src_parallel/ioipsl_para.f90,restget_p_nogrid_i_scal,SUBROUTINE,608,restget_p_nogrid_r_scal,
./models/13_ORCHIDEE-MAN-2025/src_parallel/mod_orchidee_mpi_data.F90,Init_orchidee_mpi_data,SUBROUTINE,80,init_const_mpi,
./models/13_ORCHIDEE-MAN-2025/src_parallel/mod_orchidee_mpi_data.F90,Init_orchidee_mpi_data,SUBROUTINE,80,print_mpi_data,
./models/13_ORCHIDEE-MAN-2025/src_parallel/mod_orchidee_mpi_data.F90,Init_orchidee_mpi,SUBROUTINE,26,xios_orchidee_comm_init,
./models/13_ORCHIDEE-MAN-2025/src_parallel/mod_orchidee_mpi_data.F90,Finalize_mpi,SUBROUTINE,231,xios_orchidee_finalize,
./models/13_ORCHIDEE-MAN-2025/src_parallel/mod_orchidee_mpi_transfert.F90,bcast_mpi_c,SUBROUTINE,68,orch_bcast_mpi_cgen,
./models/13_ORCHIDEE-MAN-2025/src_parallel/mod_orchidee_mpi_transfert.F90,bcast_mpi_i,SUBROUTINE,95,orch_bcast_mpi_igen,
./models/13_ORCHIDEE-MAN-2025/src_parallel/mod_orchidee_mpi_transfert.F90,bcast_mpi_r,SUBROUTINE,152,orch_bcast_mpi_rgen,
./models/13_ORCHIDEE-MAN-2025/src_parallel/mod_orchidee_mpi_transfert.F90,bcast_mpi_l,SUBROUTINE,208,orch_bcast_mpi_lgen,
./models/13_ORCHIDEE-MAN-2025/src_parallel/mod_orchidee_mpi_transfert.F90,scatter_mpi_i,SUBROUTINE,266,orch_scatter_mpi_igen,
./models/13_ORCHIDEE-MAN-2025/src_parallel/mod_orchidee_mpi_transfert.F90,scatter_mpi_i,SUBROUTINE,266,orch_scatter_mpi_igen,
./models/13_ORCHIDEE-MAN-2025/src_parallel/mod_orchidee_mpi_transfert.F90,scatter_mpi_i1,SUBROUTINE,288,orch_scatter_mpi_igen,
./models/13_ORCHIDEE-MAN-2025/src_parallel/mod_orchidee_mpi_transfert.F90,scatter_mpi_i1,SUBROUTINE,288,orch_scatter_mpi_igen,
./models/13_ORCHIDEE-MAN-2025/src_parallel/mod_orchidee_mpi_transfert.F90,scatter_mpi_i2,SUBROUTINE,309,orch_scatter_mpi_igen,
./models/13_ORCHIDEE-MAN-2025/src_parallel/mod_orchidee_mpi_transfert.F90,scatter_mpi_i2,SUBROUTINE,309,orch_scatter_mpi_igen,
./models/13_ORCHIDEE-MAN-2025/src_parallel/mod_orchidee_mpi_transfert.F90,scatter_mpi_i3,SUBROUTINE,330,orch_scatter_mpi_igen,
./models/13_ORCHIDEE-MAN-2025/src_parallel/mod_orchidee_mpi_transfert.F90,scatter_mpi_i3,SUBROUTINE,330,orch_scatter_mpi_igen,
./models/13_ORCHIDEE-MAN-2025/src_parallel/mod_orchidee_mpi_transfert.F90,scatter_mpi_i4,SUBROUTINE,351,orch_scatter_mpi_igen,
./models/13_ORCHIDEE-MAN-2025/src_parallel/mod_orchidee_mpi_transfert.F90,scatter_mpi_i4,SUBROUTINE,351,orch_scatter_mpi_igen,
./models/13_ORCHIDEE-MAN-2025/src_parallel/mod_orchidee_mpi_transfert.F90,scatter_mpi_r,SUBROUTINE,372,orch_scatter_mpi_rgen,
./models/13_ORCHIDEE-MAN-2025/src_parallel/mod_orchidee_mpi_transfert.F90,scatter_mpi_r,SUBROUTINE,372,orch_scatter_mpi_rgen,
./models/13_ORCHIDEE-MAN-2025/src_parallel/mod_orchidee_mpi_transfert.F90,scatter_mpi_r1,SUBROUTINE,393,orch_scatter_mpi_rgen,
./models/13_ORCHIDEE-MAN-2025/src_parallel/mod_orchidee_mpi_transfert.F90,scatter_mpi_r1,SUBROUTINE,393,orch_scatter_mpi_rgen,
./models/13_ORCHIDEE-MAN-2025/src_parallel/mod_orchidee_mpi_transfert.F90,scatter_mpi_r2,SUBROUTINE,414,orch_scatter_mpi_rgen,
./models/13_ORCHIDEE-MAN-2025/src_parallel/mod_orchidee_mpi_transfert.F90,scatter_mpi_r2,SUBROUTINE,414,orch_scatter_mpi_rgen,
./models/13_ORCHIDEE-MAN-2025/src_parallel/mod_orchidee_mpi_transfert.F90,scatter_mpi_r3,SUBROUTINE,435,orch_scatter_mpi_rgen,
./models/13_ORCHIDEE-MAN-2025/src_parallel/mod_orchidee_mpi_transfert.F90,scatter_mpi_r3,SUBROUTINE,435,orch_scatter_mpi_rgen,
./models/13_ORCHIDEE-MAN-2025/src_parallel/mod_orchidee_mpi_transfert.F90,scatter_mpi_r4,SUBROUTINE,456,orch_scatter_mpi_rgen,
./models/13_ORCHIDEE-MAN-2025/src_parallel/mod_orchidee_mpi_transfert.F90,scatter_mpi_r4,SUBROUTINE,456,orch_scatter_mpi_rgen,
./models/13_ORCHIDEE-MAN-2025/src_parallel/mod_orchidee_mpi_transfert.F90,scatter_mpi_l,SUBROUTINE,478,orch_scatter_mpi_lgen,
./models/13_ORCHIDEE-MAN-2025/src_parallel/mod_orchidee_mpi_transfert.F90,scatter_mpi_l,SUBROUTINE,478,orch_scatter_mpi_lgen,
./models/13_ORCHIDEE-MAN-2025/src_parallel/mod_orchidee_mpi_transfert.F90,scatter_mpi_l1,SUBROUTINE,499,orch_scatter_mpi_lgen,
./models/13_ORCHIDEE-MAN-2025/src_parallel/mod_orchidee_mpi_transfert.F90,scatter_mpi_l1,SUBROUTINE,499,orch_scatter_mpi_lgen,
./models/13_ORCHIDEE-MAN-2025/src_parallel/mod_orchidee_mpi_transfert.F90,scatter_mpi_l2,SUBROUTINE,520,orch_scatter_mpi_lgen,
./models/13_ORCHIDEE-MAN-2025/src_parallel/mod_orchidee_mpi_transfert.F90,scatter_mpi_l2,SUBROUTINE,520,orch_scatter_mpi_lgen,
./models/13_ORCHIDEE-MAN-2025/src_parallel/mod_orchidee_mpi_transfert.F90,scatter_mpi_l3,SUBROUTINE,541,orch_scatter_mpi_lgen,
./models/13_ORCHIDEE-MAN-2025/src_parallel/mod_orchidee_mpi_transfert.F90,scatter_mpi_l3,SUBROUTINE,541,orch_scatter_mpi_lgen,
./models/13_ORCHIDEE-MAN-2025/src_parallel/mod_orchidee_mpi_transfert.F90,scatter_mpi_l4,SUBROUTINE,562,orch_scatter_mpi_lgen,
./models/13_ORCHIDEE-MAN-2025/src_parallel/mod_orchidee_mpi_transfert.F90,scatter_mpi_l4,SUBROUTINE,562,orch_scatter_mpi_lgen,
./models/13_ORCHIDEE-MAN-2025/src_parallel/mod_orchidee_mpi_transfert.F90,gather_mpi_i,SUBROUTINE,710,orch_gather_mpi_igen,
./models/13_ORCHIDEE-MAN-2025/src_parallel/mod_orchidee_mpi_transfert.F90,gather_mpi_i,SUBROUTINE,710,orch_gather_mpi_igen,
./models/13_ORCHIDEE-MAN-2025/src_parallel/mod_orchidee_mpi_transfert.F90,gather_mpi_i1,SUBROUTINE,734,orch_gather_mpi_igen,
./models/13_ORCHIDEE-MAN-2025/src_parallel/mod_orchidee_mpi_transfert.F90,gather_mpi_i1,SUBROUTINE,734,orch_gather_mpi_igen,
./models/13_ORCHIDEE-MAN-2025/src_parallel/mod_orchidee_mpi_transfert.F90,gather_mpi_i2,SUBROUTINE,758,orch_gather_mpi_igen,
./models/13_ORCHIDEE-MAN-2025/src_parallel/mod_orchidee_mpi_transfert.F90,gather_mpi_i2,SUBROUTINE,758,orch_gather_mpi_igen,
./models/13_ORCHIDEE-MAN-2025/src_parallel/mod_orchidee_mpi_transfert.F90,gather_mpi_i3,SUBROUTINE,782,orch_gather_mpi_igen,
./models/13_ORCHIDEE-MAN-2025/src_parallel/mod_orchidee_mpi_transfert.F90,gather_mpi_i3,SUBROUTINE,782,orch_gather_mpi_igen,
./models/13_ORCHIDEE-MAN-2025/src_parallel/mod_orchidee_mpi_transfert.F90,gather_mpi_i4,SUBROUTINE,806,orch_gather_mpi_igen,
./models/13_ORCHIDEE-MAN-2025/src_parallel/mod_orchidee_mpi_transfert.F90,gather_mpi_i4,SUBROUTINE,806,orch_gather_mpi_igen,
./models/13_ORCHIDEE-MAN-2025/src_parallel/mod_orchidee_mpi_transfert.F90,gather_mpi_r,SUBROUTINE,830,orch_gather_mpi_rgen,
./models/13_ORCHIDEE-MAN-2025/src_parallel/mod_orchidee_mpi_transfert.F90,gather_mpi_r,SUBROUTINE,830,orch_gather_mpi_rgen,
./models/13_ORCHIDEE-MAN-2025/src_parallel/mod_orchidee_mpi_transfert.F90,gather_mpi_r1,SUBROUTINE,854,orch_gather_mpi_rgen,
./models/13_ORCHIDEE-MAN-2025/src_parallel/mod_orchidee_mpi_transfert.F90,gather_mpi_r1,SUBROUTINE,854,orch_gather_mpi_rgen,
./models/13_ORCHIDEE-MAN-2025/src_parallel/mod_orchidee_mpi_transfert.F90,gather_mpi_r2,SUBROUTINE,878,orch_gather_mpi_rgen,
./models/13_ORCHIDEE-MAN-2025/src_parallel/mod_orchidee_mpi_transfert.F90,gather_mpi_r2,SUBROUTINE,878,orch_gather_mpi_rgen,
./models/13_ORCHIDEE-MAN-2025/src_parallel/mod_orchidee_mpi_transfert.F90,gather_mpi_r3,SUBROUTINE,902,orch_gather_mpi_rgen,
./models/13_ORCHIDEE-MAN-2025/src_parallel/mod_orchidee_mpi_transfert.F90,gather_mpi_r3,SUBROUTINE,902,orch_gather_mpi_rgen,
./models/13_ORCHIDEE-MAN-2025/src_parallel/mod_orchidee_mpi_transfert.F90,gather_mpi_r4,SUBROUTINE,926,orch_gather_mpi_rgen,
./models/13_ORCHIDEE-MAN-2025/src_parallel/mod_orchidee_mpi_transfert.F90,gather_mpi_r4,SUBROUTINE,926,orch_gather_mpi_rgen,
./models/13_ORCHIDEE-MAN-2025/src_parallel/mod_orchidee_mpi_transfert.F90,gather_mpi_l,SUBROUTINE,950,orch_gather_mpi_lgen,
./models/13_ORCHIDEE-MAN-2025/src_parallel/mod_orchidee_mpi_transfert.F90,gather_mpi_l,SUBROUTINE,950,orch_gather_mpi_lgen,
./models/13_ORCHIDEE-MAN-2025/src_parallel/mod_orchidee_mpi_transfert.F90,gather_mpi_l1,SUBROUTINE,974,orch_gather_mpi_lgen,
./models/13_ORCHIDEE-MAN-2025/src_parallel/mod_orchidee_mpi_transfert.F90,gather_mpi_l1,SUBROUTINE,974,orch_gather_mpi_lgen,
./models/13_ORCHIDEE-MAN-2025/src_parallel/mod_orchidee_mpi_transfert.F90,gather_mpi_l2,SUBROUTINE,998,orch_gather_mpi_lgen,
./models/13_ORCHIDEE-MAN-2025/src_parallel/mod_orchidee_mpi_transfert.F90,gather_mpi_l2,SUBROUTINE,998,orch_gather_mpi_lgen,
./models/13_ORCHIDEE-MAN-2025/src_parallel/mod_orchidee_mpi_transfert.F90,gather_mpi_l3,SUBROUTINE,1022,orch_gather_mpi_lgen,
./models/13_ORCHIDEE-MAN-2025/src_parallel/mod_orchidee_mpi_transfert.F90,gather_mpi_l3,SUBROUTINE,1022,orch_gather_mpi_lgen,
./models/13_ORCHIDEE-MAN-2025/src_parallel/mod_orchidee_mpi_transfert.F90,gather_mpi_l4,SUBROUTINE,1046,orch_gather_mpi_lgen,
./models/13_ORCHIDEE-MAN-2025/src_parallel/mod_orchidee_mpi_transfert.F90,gather_mpi_l4,SUBROUTINE,1046,orch_gather_mpi_lgen,
./models/13_ORCHIDEE-MAN-2025/src_parallel/mod_orchidee_mpi_transfert.F90,scatter2D_mpi_i,SUBROUTINE,1071,orch_scatter2D_mpi_igen,
./models/13_ORCHIDEE-MAN-2025/src_parallel/mod_orchidee_mpi_transfert.F90,scatter2D_mpi_i,SUBROUTINE,1071,orch_scatter2D_mpi_igen,
./models/13_ORCHIDEE-MAN-2025/src_parallel/mod_orchidee_mpi_transfert.F90,scatter2D_mpi_i1,SUBROUTINE,1093,orch_scatter2D_mpi_igen,
./models/13_ORCHIDEE-MAN-2025/src_parallel/mod_orchidee_mpi_transfert.F90,scatter2D_mpi_i1,SUBROUTINE,1093,orch_scatter2D_mpi_igen,
./models/13_ORCHIDEE-MAN-2025/src_parallel/mod_orchidee_mpi_transfert.F90,scatter2D_mpi_i2,SUBROUTINE,1115,orch_scatter2D_mpi_igen,
./models/13_ORCHIDEE-MAN-2025/src_parallel/mod_orchidee_mpi_transfert.F90,scatter2D_mpi_i2,SUBROUTINE,1115,orch_scatter2D_mpi_igen,
./models/13_ORCHIDEE-MAN-2025/src_parallel/mod_orchidee_mpi_transfert.F90,scatter2D_mpi_i3,SUBROUTINE,1137,orch_scatter2D_mpi_igen,
./models/13_ORCHIDEE-MAN-2025/src_parallel/mod_orchidee_mpi_transfert.F90,scatter2D_mpi_i3,SUBROUTINE,1137,orch_scatter2D_mpi_igen,
./models/13_ORCHIDEE-MAN-2025/src_parallel/mod_orchidee_mpi_transfert.F90,scatter2D_mpi_r0,SUBROUTINE,1160,orch_scatter2D_mpi_rgen,
./models/13_ORCHIDEE-MAN-2025/src_parallel/mod_orchidee_mpi_transfert.F90,scatter2D_mpi_r0,SUBROUTINE,1160,orch_scatter2D_mpi_rgen,
./models/13_ORCHIDEE-MAN-2025/src_parallel/mod_orchidee_mpi_transfert.F90,scatter2D_mpi_r,SUBROUTINE,1182,orch_scatter2D_mpi_rgen,
./models/13_ORCHIDEE-MAN-2025/src_parallel/mod_orchidee_mpi_transfert.F90,scatter2D_mpi_r,SUBROUTINE,1182,orch_scatter2D_mpi_rgen,
./models/13_ORCHIDEE-MAN-2025/src_parallel/mod_orchidee_mpi_transfert.F90,scatter2D_mpi_r1,SUBROUTINE,1204,orch_scatter2D_mpi_rgen,
./models/13_ORCHIDEE-MAN-2025/src_parallel/mod_orchidee_mpi_transfert.F90,scatter2D_mpi_r1,SUBROUTINE,1204,orch_scatter2D_mpi_rgen,
./models/13_ORCHIDEE-MAN-2025/src_parallel/mod_orchidee_mpi_transfert.F90,scatter2D_mpi_r2,SUBROUTINE,1226,orch_scatter2D_mpi_rgen,
./models/13_ORCHIDEE-MAN-2025/src_parallel/mod_orchidee_mpi_transfert.F90,scatter2D_mpi_r2,SUBROUTINE,1226,orch_scatter2D_mpi_rgen,
./models/13_ORCHIDEE-MAN-2025/src_parallel/mod_orchidee_mpi_transfert.F90,scatter2D_mpi_r3,SUBROUTINE,1248,orch_scatter2D_mpi_rgen,
./models/13_ORCHIDEE-MAN-2025/src_parallel/mod_orchidee_mpi_transfert.F90,scatter2D_mpi_r3,SUBROUTINE,1248,orch_scatter2D_mpi_rgen,
./models/13_ORCHIDEE-MAN-2025/src_parallel/mod_orchidee_mpi_transfert.F90,scatter2D_mpi_l,SUBROUTINE,1271,orch_scatter2D_mpi_lgen,
./models/13_ORCHIDEE-MAN-2025/src_parallel/mod_orchidee_mpi_transfert.F90,scatter2D_mpi_l,SUBROUTINE,1271,orch_scatter2D_mpi_lgen,
./models/13_ORCHIDEE-MAN-2025/src_parallel/mod_orchidee_mpi_transfert.F90,scatter2D_mpi_l1,SUBROUTINE,1293,orch_scatter2D_mpi_lgen,
./models/13_ORCHIDEE-MAN-2025/src_parallel/mod_orchidee_mpi_transfert.F90,scatter2D_mpi_l1,SUBROUTINE,1293,orch_scatter2D_mpi_lgen,
./models/13_ORCHIDEE-MAN-2025/src_parallel/mod_orchidee_mpi_transfert.F90,scatter2D_mpi_l2,SUBROUTINE,1315,orch_scatter2D_mpi_lgen,
./models/13_ORCHIDEE-MAN-2025/src_parallel/mod_orchidee_mpi_transfert.F90,scatter2D_mpi_l2,SUBROUTINE,1315,orch_scatter2D_mpi_lgen,
./models/13_ORCHIDEE-MAN-2025/src_parallel/mod_orchidee_mpi_transfert.F90,scatter2D_mpi_l3,SUBROUTINE,1337,orch_scatter2D_mpi_lgen,
./models/13_ORCHIDEE-MAN-2025/src_parallel/mod_orchidee_mpi_transfert.F90,scatter2D_mpi_l3,SUBROUTINE,1337,orch_scatter2D_mpi_lgen,
./models/13_ORCHIDEE-MAN-2025/src_parallel/mod_orchidee_mpi_transfert.F90,gather2D_mpi_i,SUBROUTINE,1364,orch_gather2D_mpi_igen,
./models/13_ORCHIDEE-MAN-2025/src_parallel/mod_orchidee_mpi_transfert.F90,gather2D_mpi_i,SUBROUTINE,1364,orch_gather2D_mpi_igen,
./models/13_ORCHIDEE-MAN-2025/src_parallel/mod_orchidee_mpi_transfert.F90,gather2D_mpi_i1,SUBROUTINE,1386,orch_gather2D_mpi_igen,
./models/13_ORCHIDEE-MAN-2025/src_parallel/mod_orchidee_mpi_transfert.F90,gather2D_mpi_i1,SUBROUTINE,1386,orch_gather2D_mpi_igen,
./models/13_ORCHIDEE-MAN-2025/src_parallel/mod_orchidee_mpi_transfert.F90,gather2D_mpi_i2,SUBROUTINE,1408,orch_gather2D_mpi_igen,
./models/13_ORCHIDEE-MAN-2025/src_parallel/mod_orchidee_mpi_transfert.F90,gather2D_mpi_i2,SUBROUTINE,1408,orch_gather2D_mpi_igen,
./models/13_ORCHIDEE-MAN-2025/src_parallel/mod_orchidee_mpi_transfert.F90,gather2D_mpi_i3,SUBROUTINE,1430,orch_gather2D_mpi_igen,
./models/13_ORCHIDEE-MAN-2025/src_parallel/mod_orchidee_mpi_transfert.F90,gather2D_mpi_i3,SUBROUTINE,1430,orch_gather2D_mpi_igen,
./models/13_ORCHIDEE-MAN-2025/src_parallel/mod_orchidee_mpi_transfert.F90,gather2D_mpi_r0,SUBROUTINE,1453,orch_gather2D_mpi_rgen,
./models/13_ORCHIDEE-MAN-2025/src_parallel/mod_orchidee_mpi_transfert.F90,gather2D_mpi_r0,SUBROUTINE,1453,orch_gather2D_mpi_rgen,
./models/13_ORCHIDEE-MAN-2025/src_parallel/mod_orchidee_mpi_transfert.F90,gather2D_mpi_r,SUBROUTINE,1475,orch_gather2D_mpi_rgen,
./models/13_ORCHIDEE-MAN-2025/src_parallel/mod_orchidee_mpi_transfert.F90,gather2D_mpi_r,SUBROUTINE,1475,orch_gather2D_mpi_rgen,
./models/13_ORCHIDEE-MAN-2025/src_parallel/mod_orchidee_mpi_transfert.F90,gather2D_mpi_r1,SUBROUTINE,1497,orch_gather2D_mpi_rgen,
./models/13_ORCHIDEE-MAN-2025/src_parallel/mod_orchidee_mpi_transfert.F90,gather2D_mpi_r1,SUBROUTINE,1497,orch_gather2D_mpi_rgen,
./models/13_ORCHIDEE-MAN-2025/src_parallel/mod_orchidee_mpi_transfert.F90,gather2D_mpi_r2,SUBROUTINE,1519,orch_gather2D_mpi_rgen,
./models/13_ORCHIDEE-MAN-2025/src_parallel/mod_orchidee_mpi_transfert.F90,gather2D_mpi_r2,SUBROUTINE,1519,orch_gather2D_mpi_rgen,
./models/13_ORCHIDEE-MAN-2025/src_parallel/mod_orchidee_mpi_transfert.F90,gather2D_mpi_r3,SUBROUTINE,1541,orch_gather2D_mpi_rgen,
./models/13_ORCHIDEE-MAN-2025/src_parallel/mod_orchidee_mpi_transfert.F90,gather2D_mpi_r3,SUBROUTINE,1541,orch_gather2D_mpi_rgen,
./models/13_ORCHIDEE-MAN-2025/src_parallel/mod_orchidee_mpi_transfert.F90,gather2D_mpi_l,SUBROUTINE,1564,orch_gather2D_mpi_lgen,
./models/13_ORCHIDEE-MAN-2025/src_parallel/mod_orchidee_mpi_transfert.F90,gather2D_mpi_l,SUBROUTINE,1564,orch_gather2D_mpi_lgen,
./models/13_ORCHIDEE-MAN-2025/src_parallel/mod_orchidee_mpi_transfert.F90,gather2D_mpi_l1,SUBROUTINE,1586,orch_gather2D_mpi_lgen,
./models/13_ORCHIDEE-MAN-2025/src_parallel/mod_orchidee_mpi_transfert.F90,gather2D_mpi_l1,SUBROUTINE,1586,orch_gather2D_mpi_lgen,
./models/13_ORCHIDEE-MAN-2025/src_parallel/mod_orchidee_mpi_transfert.F90,gather2D_mpi_l2,SUBROUTINE,1608,orch_gather2D_mpi_lgen,
./models/13_ORCHIDEE-MAN-2025/src_parallel/mod_orchidee_mpi_transfert.F90,gather2D_mpi_l2,SUBROUTINE,1608,orch_gather2D_mpi_lgen,
./models/13_ORCHIDEE-MAN-2025/src_parallel/mod_orchidee_mpi_transfert.F90,gather2D_mpi_l3,SUBROUTINE,1630,orch_gather2D_mpi_lgen,
./models/13_ORCHIDEE-MAN-2025/src_parallel/mod_orchidee_mpi_transfert.F90,gather2D_mpi_l3,SUBROUTINE,1630,orch_gather2D_mpi_lgen,
./models/13_ORCHIDEE-MAN-2025/src_parallel/mod_orchidee_mpi_transfert.F90,reduce_sum_mpi_i,SUBROUTINE,1656,orch_reduce_sum_mpi_igen,
./models/13_ORCHIDEE-MAN-2025/src_parallel/mod_orchidee_mpi_transfert.F90,reduce_sum_mpi_i,SUBROUTINE,1656,orch_reduce_sum_mpi_igen,
./models/13_ORCHIDEE-MAN-2025/src_parallel/mod_orchidee_mpi_transfert.F90,reduce_sum_mpi_i1,SUBROUTINE,1682,orch_reduce_sum_mpi_igen,
./models/13_ORCHIDEE-MAN-2025/src_parallel/mod_orchidee_mpi_transfert.F90,reduce_sum_mpi_i1,SUBROUTINE,1682,orch_reduce_sum_mpi_igen,
./models/13_ORCHIDEE-MAN-2025/src_parallel/mod_orchidee_mpi_transfert.F90,reduce_sum_mpi_i2,SUBROUTINE,1704,orch_reduce_sum_mpi_igen,
./models/13_ORCHIDEE-MAN-2025/src_parallel/mod_orchidee_mpi_transfert.F90,reduce_sum_mpi_i2,SUBROUTINE,1704,orch_reduce_sum_mpi_igen,
./models/13_ORCHIDEE-MAN-2025/src_parallel/mod_orchidee_mpi_transfert.F90,reduce_sum_mpi_i3,SUBROUTINE,1725,orch_reduce_sum_mpi_igen,
./models/13_ORCHIDEE-MAN-2025/src_parallel/mod_orchidee_mpi_transfert.F90,reduce_sum_mpi_i3,SUBROUTINE,1725,orch_reduce_sum_mpi_igen,
./models/13_ORCHIDEE-MAN-2025/src_parallel/mod_orchidee_mpi_transfert.F90,reduce_sum_mpi_i4,SUBROUTINE,1746,orch_reduce_sum_mpi_igen,
./models/13_ORCHIDEE-MAN-2025/src_parallel/mod_orchidee_mpi_transfert.F90,reduce_sum_mpi_i4,SUBROUTINE,1746,orch_reduce_sum_mpi_igen,
./models/13_ORCHIDEE-MAN-2025/src_parallel/mod_orchidee_mpi_transfert.F90,reduce_sum_mpi_r,SUBROUTINE,1768,orch_reduce_sum_mpi_rgen,
./models/13_ORCHIDEE-MAN-2025/src_parallel/mod_orchidee_mpi_transfert.F90,reduce_sum_mpi_r,SUBROUTINE,1768,orch_reduce_sum_mpi_rgen,
./models/13_ORCHIDEE-MAN-2025/src_parallel/mod_orchidee_mpi_transfert.F90,reduce_sum_mpi_r1,SUBROUTINE,1794,orch_reduce_sum_mpi_rgen,
./models/13_ORCHIDEE-MAN-2025/src_parallel/mod_orchidee_mpi_transfert.F90,reduce_sum_mpi_r1,SUBROUTINE,1794,orch_reduce_sum_mpi_rgen,
./models/13_ORCHIDEE-MAN-2025/src_parallel/mod_orchidee_mpi_transfert.F90,reduce_sum_mpi_r2,SUBROUTINE,1815,orch_reduce_sum_mpi_rgen,
./models/13_ORCHIDEE-MAN-2025/src_parallel/mod_orchidee_mpi_transfert.F90,reduce_sum_mpi_r2,SUBROUTINE,1815,orch_reduce_sum_mpi_rgen,
./models/13_ORCHIDEE-MAN-2025/src_parallel/mod_orchidee_mpi_transfert.F90,reduce_sum_mpi_r3,SUBROUTINE,1836,orch_reduce_sum_mpi_rgen,
./models/13_ORCHIDEE-MAN-2025/src_parallel/mod_orchidee_mpi_transfert.F90,reduce_sum_mpi_r3,SUBROUTINE,1836,orch_reduce_sum_mpi_rgen,
./models/13_ORCHIDEE-MAN-2025/src_parallel/mod_orchidee_mpi_transfert.F90,reduce_sum_mpi_r4,SUBROUTINE,1857,orch_reduce_sum_mpi_rgen,
./models/13_ORCHIDEE-MAN-2025/src_parallel/mod_orchidee_mpi_transfert.F90,reduce_sum_mpi_r4,SUBROUTINE,1857,orch_reduce_sum_mpi_rgen,
./models/13_ORCHIDEE-MAN-2025/src_parallel/mod_orchidee_mpi_transfert.F90,bcast_mpi_c1,SUBROUTINE,82,orch_bcast_mpi_cgen,
./models/13_ORCHIDEE-MAN-2025/src_parallel/mod_orchidee_mpi_transfert.F90,bcast_mpi_i1,SUBROUTINE,109,orch_bcast_mpi_igen,
./models/13_ORCHIDEE-MAN-2025/src_parallel/mod_orchidee_mpi_transfert.F90,bcast_mpi_i2,SUBROUTINE,119,orch_bcast_mpi_igen,
./models/13_ORCHIDEE-MAN-2025/src_parallel/mod_orchidee_mpi_transfert.F90,bcast_mpi_i3,SUBROUTINE,129,orch_bcast_mpi_igen,
./models/13_ORCHIDEE-MAN-2025/src_parallel/mod_orchidee_mpi_transfert.F90,bcast_mpi_i4,SUBROUTINE,139,orch_bcast_mpi_igen,
./models/13_ORCHIDEE-MAN-2025/src_parallel/mod_orchidee_mpi_transfert.F90,bcast_mpi_r1,SUBROUTINE,166,orch_bcast_mpi_rgen,
./models/13_ORCHIDEE-MAN-2025/src_parallel/mod_orchidee_mpi_transfert.F90,bcast_mpi_r2,SUBROUTINE,176,orch_bcast_mpi_rgen,
./models/13_ORCHIDEE-MAN-2025/src_parallel/mod_orchidee_mpi_transfert.F90,bcast_mpi_r3,SUBROUTINE,186,orch_bcast_mpi_rgen,
./models/13_ORCHIDEE-MAN-2025/src_parallel/mod_orchidee_mpi_transfert.F90,bcast_mpi_r4,SUBROUTINE,196,orch_bcast_mpi_rgen,
./models/13_ORCHIDEE-MAN-2025/src_parallel/mod_orchidee_mpi_transfert.F90,bcast_mpi_l1,SUBROUTINE,222,orch_bcast_mpi_lgen,
./models/13_ORCHIDEE-MAN-2025/src_parallel/mod_orchidee_mpi_transfert.F90,bcast_mpi_l2,SUBROUTINE,232,orch_bcast_mpi_lgen,
./models/13_ORCHIDEE-MAN-2025/src_parallel/mod_orchidee_mpi_transfert.F90,bcast_mpi_l3,SUBROUTINE,242,orch_bcast_mpi_lgen,
./models/13_ORCHIDEE-MAN-2025/src_parallel/mod_orchidee_mpi_transfert.F90,bcast_mpi_l4,SUBROUTINE,252,orch_bcast_mpi_lgen,
./models/13_ORCHIDEE-MAN-2025/src_parallel/mod_orchidee_omp_data.F90,Init_orchidee_omp_data,SUBROUTINE,57,barrier2_omp,
./models/13_ORCHIDEE-MAN-2025/src_parallel/mod_orchidee_omp_data.F90,Init_orchidee_omp_data,SUBROUTINE,57,barrier2_omp,
./models/13_ORCHIDEE-MAN-2025/src_parallel/mod_orchidee_omp_data.F90,Init_orchidee_omp_data,SUBROUTINE,57,barrier2_omp,
./models/13_ORCHIDEE-MAN-2025/src_parallel/mod_orchidee_omp_data.F90,Init_orchidee_omp_data,SUBROUTINE,57,barrier2_omp,
./models/13_ORCHIDEE-MAN-2025/src_parallel/mod_orchidee_omp_data.F90,Init_orchidee_omp_data,SUBROUTINE,57,Init_synchro_omp,
./models/13_ORCHIDEE-MAN-2025/src_parallel/mod_orchidee_omp_data.F90,Synchro_omp,SUBROUTINE,156,barrier2_omp,
./models/13_ORCHIDEE-MAN-2025/src_parallel/mod_orchidee_omp_data.F90,Synchro_omp,SUBROUTINE,156,barrier2_omp,
./models/13_ORCHIDEE-MAN-2025/src_parallel/mod_orchidee_omp_data.F90,Synchro_omp,SUBROUTINE,156,barrier2_omp,
./models/13_ORCHIDEE-MAN-2025/src_parallel/mod_orchidee_omp_data.F90,Synchro_omp,SUBROUTINE,156,barrier2_omp,
./models/13_ORCHIDEE-MAN-2025/src_parallel/mod_orchidee_omp_data.F90,print_omp_function,SUBROUTINE,201,barrier2_omp,
./models/13_ORCHIDEE-MAN-2025/src_parallel/mod_orchidee_omp_data.F90,print_omp_function,SUBROUTINE,201,barrier2_omp,
./models/13_ORCHIDEE-MAN-2025/src_parallel/mod_orchidee_omp_data.F90,Init_synchro_omp,SUBROUTINE,140,barrier2_omp,
./models/13_ORCHIDEE-MAN-2025/src_parallel/mod_orchidee_omp_transfert.F90,check_buffer_c,SUBROUTINE,63,print_omp_function,
./models/13_ORCHIDEE-MAN-2025/src_parallel/mod_orchidee_omp_transfert.F90,check_buffer_c,SUBROUTINE,63,barrier2_omp,
./models/13_ORCHIDEE-MAN-2025/src_parallel/mod_orchidee_omp_transfert.F90,check_buffer_c,SUBROUTINE,63,barrier2_omp,
./models/13_ORCHIDEE-MAN-2025/src_parallel/mod_orchidee_omp_transfert.F90,check_buffer_i,SUBROUTINE,115,print_omp_function,
./models/13_ORCHIDEE-MAN-2025/src_parallel/mod_orchidee_omp_transfert.F90,check_buffer_i,SUBROUTINE,115,barrier2_omp,
./models/13_ORCHIDEE-MAN-2025/src_parallel/mod_orchidee_omp_transfert.F90,check_buffer_i,SUBROUTINE,115,barrier2_omp,
./models/13_ORCHIDEE-MAN-2025/src_parallel/mod_orchidee_omp_transfert.F90,check_buffer_r,SUBROUTINE,168,print_omp_function,
./models/13_ORCHIDEE-MAN-2025/src_parallel/mod_orchidee_omp_transfert.F90,check_buffer_r,SUBROUTINE,168,barrier2_omp,
./models/13_ORCHIDEE-MAN-2025/src_parallel/mod_orchidee_omp_transfert.F90,check_buffer_r,SUBROUTINE,168,barrier2_omp,
./models/13_ORCHIDEE-MAN-2025/src_parallel/mod_orchidee_omp_transfert.F90,check_buffer_l,SUBROUTINE,221,print_omp_function,
./models/13_ORCHIDEE-MAN-2025/src_parallel/mod_orchidee_omp_transfert.F90,check_buffer_l,SUBROUTINE,221,barrier2_omp,
./models/13_ORCHIDEE-MAN-2025/src_parallel/mod_orchidee_omp_transfert.F90,check_buffer_l,SUBROUTINE,221,barrier2_omp,
./models/13_ORCHIDEE-MAN-2025/src_parallel/mod_orchidee_omp_transfert.F90,orch_bcast_omp_cgen,SUBROUTINE,1722,print_omp_function,
./models/13_ORCHIDEE-MAN-2025/src_parallel/mod_orchidee_omp_transfert.F90,orch_bcast_omp_cgen,SUBROUTINE,1722,barrier2_omp,
./models/13_ORCHIDEE-MAN-2025/src_parallel/mod_orchidee_omp_transfert.F90,orch_bcast_omp_cgen,SUBROUTINE,1722,barrier2_omp,
./models/13_ORCHIDEE-MAN-2025/src_parallel/mod_orchidee_omp_transfert.F90,orch_scatter_omp_igen,SUBROUTINE,1890,print_omp_function,
./models/13_ORCHIDEE-MAN-2025/src_parallel/mod_orchidee_omp_transfert.F90,orch_scatter_omp_igen,SUBROUTINE,1890,barrier2_omp,
./models/13_ORCHIDEE-MAN-2025/src_parallel/mod_orchidee_omp_transfert.F90,orch_scatter_omp_igen,SUBROUTINE,1890,barrier2_omp,
./models/13_ORCHIDEE-MAN-2025/src_parallel/mod_orchidee_omp_transfert.F90,orch_scatter_omp_rgen,SUBROUTINE,1931,print_omp_function,
./models/13_ORCHIDEE-MAN-2025/src_parallel/mod_orchidee_omp_transfert.F90,orch_scatter_omp_rgen,SUBROUTINE,1931,barrier2_omp,
./models/13_ORCHIDEE-MAN-2025/src_parallel/mod_orchidee_omp_transfert.F90,orch_scatter_omp_rgen,SUBROUTINE,1931,barrier2_omp,
./models/13_ORCHIDEE-MAN-2025/src_parallel/mod_orchidee_omp_transfert.F90,orch_scatter_omp_lgen,SUBROUTINE,1973,print_omp_function,
./models/13_ORCHIDEE-MAN-2025/src_parallel/mod_orchidee_omp_transfert.F90,orch_scatter_omp_lgen,SUBROUTINE,1973,barrier2_omp,
./models/13_ORCHIDEE-MAN-2025/src_parallel/mod_orchidee_omp_transfert.F90,orch_scatter_omp_lgen,SUBROUTINE,1973,barrier2_omp,
./models/13_ORCHIDEE-MAN-2025/src_parallel/mod_orchidee_omp_transfert.F90,orch_gather_omp_igen,SUBROUTINE,2045,print_omp_function,
./models/13_ORCHIDEE-MAN-2025/src_parallel/mod_orchidee_omp_transfert.F90,orch_gather_omp_igen,SUBROUTINE,2045,barrier2_omp,
./models/13_ORCHIDEE-MAN-2025/src_parallel/mod_orchidee_omp_transfert.F90,orch_gather_omp_igen,SUBROUTINE,2045,barrier2_omp,
./models/13_ORCHIDEE-MAN-2025/src_parallel/mod_orchidee_omp_transfert.F90,orch_gather_omp_rgen,SUBROUTINE,2117,print_omp_function,
./models/13_ORCHIDEE-MAN-2025/src_parallel/mod_orchidee_omp_transfert.F90,orch_gather_omp_rgen,SUBROUTINE,2117,barrier2_omp,
./models/13_ORCHIDEE-MAN-2025/src_parallel/mod_orchidee_omp_transfert.F90,orch_gather_omp_rgen,SUBROUTINE,2117,barrier2_omp,
./models/13_ORCHIDEE-MAN-2025/src_parallel/mod_orchidee_omp_transfert.F90,orch_gather_omp_lgen,SUBROUTINE,2189,print_omp_function,
./models/13_ORCHIDEE-MAN-2025/src_parallel/mod_orchidee_omp_transfert.F90,orch_gather_omp_lgen,SUBROUTINE,2189,barrier2_omp,
./models/13_ORCHIDEE-MAN-2025/src_parallel/mod_orchidee_omp_transfert.F90,orch_gather_omp_lgen,SUBROUTINE,2189,barrier2_omp,
./models/13_ORCHIDEE-MAN-2025/src_parallel/mod_orchidee_omp_transfert.F90,orch_reduce_sum_omp_igen,SUBROUTINE,2232,print_omp_function,
./models/13_ORCHIDEE-MAN-2025/src_parallel/mod_orchidee_omp_transfert.F90,orch_reduce_sum_omp_igen,SUBROUTINE,2232,barrier2_omp,
./models/13_ORCHIDEE-MAN-2025/src_parallel/mod_orchidee_omp_transfert.F90,orch_reduce_sum_omp_igen,SUBROUTINE,2232,barrier2_omp,
./models/13_ORCHIDEE-MAN-2025/src_parallel/mod_orchidee_omp_transfert.F90,orch_reduce_sum_omp_igen,SUBROUTINE,2232,barrier2_omp,
./models/13_ORCHIDEE-MAN-2025/src_parallel/mod_orchidee_omp_transfert.F90,orch_reduce_sum_omp_rgen,SUBROUTINE,2275,print_omp_function,
./models/13_ORCHIDEE-MAN-2025/src_parallel/mod_orchidee_omp_transfert.F90,orch_reduce_sum_omp_rgen,SUBROUTINE,2275,barrier2_omp,
./models/13_ORCHIDEE-MAN-2025/src_parallel/mod_orchidee_omp_transfert.F90,orch_reduce_sum_omp_rgen,SUBROUTINE,2275,barrier2_omp,
./models/13_ORCHIDEE-MAN-2025/src_parallel/mod_orchidee_omp_transfert.F90,orch_reduce_sum_omp_rgen,SUBROUTINE,2275,barrier2_omp,
./models/13_ORCHIDEE-MAN-2025/src_parallel/mod_orchidee_omp_transfert.F90,orch_bcast_omp_igen,SUBROUTINE,1778,print_omp_function,
./models/13_ORCHIDEE-MAN-2025/src_parallel/mod_orchidee_omp_transfert.F90,orch_bcast_omp_igen,SUBROUTINE,1778,barrier2_omp,
./models/13_ORCHIDEE-MAN-2025/src_parallel/mod_orchidee_omp_transfert.F90,orch_bcast_omp_igen,SUBROUTINE,1778,barrier2_omp,
./models/13_ORCHIDEE-MAN-2025/src_parallel/mod_orchidee_omp_transfert.F90,orch_bcast_omp_rgen,SUBROUTINE,1816,print_omp_function,
./models/13_ORCHIDEE-MAN-2025/src_parallel/mod_orchidee_omp_transfert.F90,orch_bcast_omp_rgen,SUBROUTINE,1816,barrier2_omp,
./models/13_ORCHIDEE-MAN-2025/src_parallel/mod_orchidee_omp_transfert.F90,orch_bcast_omp_rgen,SUBROUTINE,1816,barrier2_omp,
./models/13_ORCHIDEE-MAN-2025/src_parallel/mod_orchidee_omp_transfert.F90,orch_bcast_omp_lgen,SUBROUTINE,1853,print_omp_function,
./models/13_ORCHIDEE-MAN-2025/src_parallel/mod_orchidee_omp_transfert.F90,orch_bcast_omp_lgen,SUBROUTINE,1853,barrier2_omp,
./models/13_ORCHIDEE-MAN-2025/src_parallel/mod_orchidee_omp_transfert.F90,orch_bcast_omp_lgen,SUBROUTINE,1853,barrier2_omp,
./models/13_ORCHIDEE-MAN-2025/src_parallel/mod_orchidee_omp_transfert.F90,bcast_omp_c,SUBROUTINE,281,print_omp_function,
./models/13_ORCHIDEE-MAN-2025/src_parallel/mod_orchidee_omp_transfert.F90,bcast_omp_c,SUBROUTINE,281,check_buffer_c,
./models/13_ORCHIDEE-MAN-2025/src_parallel/mod_orchidee_omp_transfert.F90,bcast_omp_c,SUBROUTINE,281,orch_bcast_omp_cgen,
./models/13_ORCHIDEE-MAN-2025/src_parallel/mod_orchidee_omp_transfert.F90,bcast_omp_i,SUBROUTINE,325,print_omp_function,
./models/13_ORCHIDEE-MAN-2025/src_parallel/mod_orchidee_omp_transfert.F90,bcast_omp_i,SUBROUTINE,325,check_buffer_i,
./models/13_ORCHIDEE-MAN-2025/src_parallel/mod_orchidee_omp_transfert.F90,bcast_omp_i,SUBROUTINE,325,orch_bcast_omp_igen,
./models/13_ORCHIDEE-MAN-2025/src_parallel/mod_orchidee_omp_transfert.F90,bcast_omp_r,SUBROUTINE,428,print_omp_function,
./models/13_ORCHIDEE-MAN-2025/src_parallel/mod_orchidee_omp_transfert.F90,bcast_omp_r,SUBROUTINE,428,check_buffer_r,
./models/13_ORCHIDEE-MAN-2025/src_parallel/mod_orchidee_omp_transfert.F90,bcast_omp_r,SUBROUTINE,428,orch_bcast_omp_rgen,
./models/13_ORCHIDEE-MAN-2025/src_parallel/mod_orchidee_omp_transfert.F90,bcast_omp_l,SUBROUTINE,530,print_omp_function,
./models/13_ORCHIDEE-MAN-2025/src_parallel/mod_orchidee_omp_transfert.F90,bcast_omp_l,SUBROUTINE,530,check_buffer_l,
./models/13_ORCHIDEE-MAN-2025/src_parallel/mod_orchidee_omp_transfert.F90,bcast_omp_l,SUBROUTINE,530,orch_bcast_omp_lgen,
./models/13_ORCHIDEE-MAN-2025/src_parallel/mod_orchidee_omp_transfert.F90,orch_gather_omp_simple_igen,SUBROUTINE,2016,print_omp_function,
./models/13_ORCHIDEE-MAN-2025/src_parallel/mod_orchidee_omp_transfert.F90,orch_gather_omp_simple_igen,SUBROUTINE,2016,barrier2_omp,
./models/13_ORCHIDEE-MAN-2025/src_parallel/mod_orchidee_omp_transfert.F90,orch_gather_omp_simple_igen,SUBROUTINE,2016,barrier2_omp,
./models/13_ORCHIDEE-MAN-2025/src_parallel/mod_orchidee_omp_transfert.F90,orch_gather_omp_simple_rgen,SUBROUTINE,2087,print_omp_function,
./models/13_ORCHIDEE-MAN-2025/src_parallel/mod_orchidee_omp_transfert.F90,orch_gather_omp_simple_rgen,SUBROUTINE,2087,barrier2_omp,
./models/13_ORCHIDEE-MAN-2025/src_parallel/mod_orchidee_omp_transfert.F90,orch_gather_omp_simple_rgen,SUBROUTINE,2087,barrier2_omp,
./models/13_ORCHIDEE-MAN-2025/src_parallel/mod_orchidee_omp_transfert.F90,orch_gather_omp_simple_lgen,SUBROUTINE,2159,print_omp_function,
./models/13_ORCHIDEE-MAN-2025/src_parallel/mod_orchidee_omp_transfert.F90,orch_gather_omp_simple_lgen,SUBROUTINE,2159,barrier2_omp,
./models/13_ORCHIDEE-MAN-2025/src_parallel/mod_orchidee_omp_transfert.F90,orch_gather_omp_simple_lgen,SUBROUTINE,2159,barrier2_omp,
./models/13_ORCHIDEE-MAN-2025/src_parallel/mod_orchidee_omp_transfert.F90,bcast_omp_c1,SUBROUTINE,304,print_omp_function,
./models/13_ORCHIDEE-MAN-2025/src_parallel/mod_orchidee_omp_transfert.F90,bcast_omp_c1,SUBROUTINE,304,check_buffer_c,
./models/13_ORCHIDEE-MAN-2025/src_parallel/mod_orchidee_omp_transfert.F90,bcast_omp_c1,SUBROUTINE,304,orch_bcast_omp_cgen,
./models/13_ORCHIDEE-MAN-2025/src_parallel/mod_orchidee_omp_transfert.F90,bcast_omp_i1,SUBROUTINE,349,print_omp_function,
./models/13_ORCHIDEE-MAN-2025/src_parallel/mod_orchidee_omp_transfert.F90,bcast_omp_i1,SUBROUTINE,349,check_buffer_i,
./models/13_ORCHIDEE-MAN-2025/src_parallel/mod_orchidee_omp_transfert.F90,bcast_omp_i1,SUBROUTINE,349,orch_bcast_omp_igen,
./models/13_ORCHIDEE-MAN-2025/src_parallel/mod_orchidee_omp_transfert.F90,bcast_omp_i2,SUBROUTINE,368,print_omp_function,
./models/13_ORCHIDEE-MAN-2025/src_parallel/mod_orchidee_omp_transfert.F90,bcast_omp_i2,SUBROUTINE,368,check_buffer_i,
./models/13_ORCHIDEE-MAN-2025/src_parallel/mod_orchidee_omp_transfert.F90,bcast_omp_i2,SUBROUTINE,368,orch_bcast_omp_igen,
./models/13_ORCHIDEE-MAN-2025/src_parallel/mod_orchidee_omp_transfert.F90,bcast_omp_i3,SUBROUTINE,387,print_omp_function,
./models/13_ORCHIDEE-MAN-2025/src_parallel/mod_orchidee_omp_transfert.F90,bcast_omp_i3,SUBROUTINE,387,check_buffer_i,
./models/13_ORCHIDEE-MAN-2025/src_parallel/mod_orchidee_omp_transfert.F90,bcast_omp_i3,SUBROUTINE,387,orch_bcast_omp_igen,
./models/13_ORCHIDEE-MAN-2025/src_parallel/mod_orchidee_omp_transfert.F90,bcast_omp_i4,SUBROUTINE,406,print_omp_function,
./models/13_ORCHIDEE-MAN-2025/src_parallel/mod_orchidee_omp_transfert.F90,bcast_omp_i4,SUBROUTINE,406,check_buffer_i,
./models/13_ORCHIDEE-MAN-2025/src_parallel/mod_orchidee_omp_transfert.F90,bcast_omp_i4,SUBROUTINE,406,orch_bcast_omp_igen,
./models/13_ORCHIDEE-MAN-2025/src_parallel/mod_orchidee_omp_transfert.F90,bcast_omp_r1,SUBROUTINE,452,print_omp_function,
./models/13_ORCHIDEE-MAN-2025/src_parallel/mod_orchidee_omp_transfert.F90,bcast_omp_r1,SUBROUTINE,452,check_buffer_r,
./models/13_ORCHIDEE-MAN-2025/src_parallel/mod_orchidee_omp_transfert.F90,bcast_omp_r1,SUBROUTINE,452,orch_bcast_omp_rgen,
./models/13_ORCHIDEE-MAN-2025/src_parallel/mod_orchidee_omp_transfert.F90,bcast_omp_r2,SUBROUTINE,471,print_omp_function,
./models/13_ORCHIDEE-MAN-2025/src_parallel/mod_orchidee_omp_transfert.F90,bcast_omp_r2,SUBROUTINE,471,check_buffer_r,
./models/13_ORCHIDEE-MAN-2025/src_parallel/mod_orchidee_omp_transfert.F90,bcast_omp_r2,SUBROUTINE,471,orch_bcast_omp_rgen,
./models/13_ORCHIDEE-MAN-2025/src_parallel/mod_orchidee_omp_transfert.F90,bcast_omp_r3,SUBROUTINE,490,print_omp_function,
./models/13_ORCHIDEE-MAN-2025/src_parallel/mod_orchidee_omp_transfert.F90,bcast_omp_r3,SUBROUTINE,490,check_buffer_r,
./models/13_ORCHIDEE-MAN-2025/src_parallel/mod_orchidee_omp_transfert.F90,bcast_omp_r3,SUBROUTINE,490,orch_bcast_omp_rgen,
./models/13_ORCHIDEE-MAN-2025/src_parallel/mod_orchidee_omp_transfert.F90,bcast_omp_r4,SUBROUTINE,509,print_omp_function,
./models/13_ORCHIDEE-MAN-2025/src_parallel/mod_orchidee_omp_transfert.F90,bcast_omp_r4,SUBROUTINE,509,check_buffer_r,
./models/13_ORCHIDEE-MAN-2025/src_parallel/mod_orchidee_omp_transfert.F90,bcast_omp_r4,SUBROUTINE,509,orch_bcast_omp_rgen,
./models/13_ORCHIDEE-MAN-2025/src_parallel/mod_orchidee_omp_transfert.F90,bcast_omp_l1,SUBROUTINE,554,print_omp_function,
./models/13_ORCHIDEE-MAN-2025/src_parallel/mod_orchidee_omp_transfert.F90,bcast_omp_l1,SUBROUTINE,554,check_buffer_l,
./models/13_ORCHIDEE-MAN-2025/src_parallel/mod_orchidee_omp_transfert.F90,bcast_omp_l1,SUBROUTINE,554,orch_bcast_omp_lgen,
./models/13_ORCHIDEE-MAN-2025/src_parallel/mod_orchidee_omp_transfert.F90,bcast_omp_l2,SUBROUTINE,573,print_omp_function,
./models/13_ORCHIDEE-MAN-2025/src_parallel/mod_orchidee_omp_transfert.F90,bcast_omp_l2,SUBROUTINE,573,check_buffer_l,
./models/13_ORCHIDEE-MAN-2025/src_parallel/mod_orchidee_omp_transfert.F90,bcast_omp_l2,SUBROUTINE,573,orch_bcast_omp_lgen,
./models/13_ORCHIDEE-MAN-2025/src_parallel/mod_orchidee_omp_transfert.F90,bcast_omp_l3,SUBROUTINE,592,print_omp_function,
./models/13_ORCHIDEE-MAN-2025/src_parallel/mod_orchidee_omp_transfert.F90,bcast_omp_l3,SUBROUTINE,592,check_buffer_l,
./models/13_ORCHIDEE-MAN-2025/src_parallel/mod_orchidee_omp_transfert.F90,bcast_omp_l3,SUBROUTINE,592,orch_bcast_omp_lgen,
./models/13_ORCHIDEE-MAN-2025/src_parallel/mod_orchidee_omp_transfert.F90,bcast_omp_l4,SUBROUTINE,611,print_omp_function,
./models/13_ORCHIDEE-MAN-2025/src_parallel/mod_orchidee_omp_transfert.F90,bcast_omp_l4,SUBROUTINE,611,check_buffer_l,
./models/13_ORCHIDEE-MAN-2025/src_parallel/mod_orchidee_omp_transfert.F90,bcast_omp_l4,SUBROUTINE,611,orch_bcast_omp_lgen,
./models/13_ORCHIDEE-MAN-2025/src_parallel/mod_orchidee_omp_transfert.F90,scatter_omp_i,SUBROUTINE,634,print_omp_function,
./models/13_ORCHIDEE-MAN-2025/src_parallel/mod_orchidee_omp_transfert.F90,scatter_omp_i,SUBROUTINE,634,check_buffer_i,
./models/13_ORCHIDEE-MAN-2025/src_parallel/mod_orchidee_omp_transfert.F90,scatter_omp_i,SUBROUTINE,634,orch_scatter_omp_igen,
./models/13_ORCHIDEE-MAN-2025/src_parallel/mod_orchidee_omp_transfert.F90,scatter_omp_i1,SUBROUTINE,657,print_omp_function,
./models/13_ORCHIDEE-MAN-2025/src_parallel/mod_orchidee_omp_transfert.F90,scatter_omp_i1,SUBROUTINE,657,check_buffer_i,
./models/13_ORCHIDEE-MAN-2025/src_parallel/mod_orchidee_omp_transfert.F90,scatter_omp_i1,SUBROUTINE,657,orch_scatter_omp_igen,
./models/13_ORCHIDEE-MAN-2025/src_parallel/mod_orchidee_omp_transfert.F90,scatter_omp_i2,SUBROUTINE,680,print_omp_function,
./models/13_ORCHIDEE-MAN-2025/src_parallel/mod_orchidee_omp_transfert.F90,scatter_omp_i2,SUBROUTINE,680,check_buffer_i,
./models/13_ORCHIDEE-MAN-2025/src_parallel/mod_orchidee_omp_transfert.F90,scatter_omp_i2,SUBROUTINE,680,orch_scatter_omp_igen,
./models/13_ORCHIDEE-MAN-2025/src_parallel/mod_orchidee_omp_transfert.F90,scatter_omp_i3,SUBROUTINE,703,print_omp_function,
./models/13_ORCHIDEE-MAN-2025/src_parallel/mod_orchidee_omp_transfert.F90,scatter_omp_i3,SUBROUTINE,703,check_buffer_i,
./models/13_ORCHIDEE-MAN-2025/src_parallel/mod_orchidee_omp_transfert.F90,scatter_omp_i3,SUBROUTINE,703,orch_scatter_omp_igen,
./models/13_ORCHIDEE-MAN-2025/src_parallel/mod_orchidee_omp_transfert.F90,scatter_omp_i4,SUBROUTINE,726,print_omp_function,
./models/13_ORCHIDEE-MAN-2025/src_parallel/mod_orchidee_omp_transfert.F90,scatter_omp_i4,SUBROUTINE,726,check_buffer_i,
./models/13_ORCHIDEE-MAN-2025/src_parallel/mod_orchidee_omp_transfert.F90,scatter_omp_i4,SUBROUTINE,726,orch_scatter_omp_igen,
./models/13_ORCHIDEE-MAN-2025/src_parallel/mod_orchidee_omp_transfert.F90,scatter_omp_r,SUBROUTINE,750,print_omp_function,
./models/13_ORCHIDEE-MAN-2025/src_parallel/mod_orchidee_omp_transfert.F90,scatter_omp_r,SUBROUTINE,750,check_buffer_r,
./models/13_ORCHIDEE-MAN-2025/src_parallel/mod_orchidee_omp_transfert.F90,scatter_omp_r,SUBROUTINE,750,orch_scatter_omp_rgen,
./models/13_ORCHIDEE-MAN-2025/src_parallel/mod_orchidee_omp_transfert.F90,scatter_omp_r1,SUBROUTINE,773,print_omp_function,
./models/13_ORCHIDEE-MAN-2025/src_parallel/mod_orchidee_omp_transfert.F90,scatter_omp_r1,SUBROUTINE,773,check_buffer_r,
./models/13_ORCHIDEE-MAN-2025/src_parallel/mod_orchidee_omp_transfert.F90,scatter_omp_r1,SUBROUTINE,773,orch_scatter_omp_rgen,
./models/13_ORCHIDEE-MAN-2025/src_parallel/mod_orchidee_omp_transfert.F90,scatter_omp_r2,SUBROUTINE,796,print_omp_function,
./models/13_ORCHIDEE-MAN-2025/src_parallel/mod_orchidee_omp_transfert.F90,scatter_omp_r2,SUBROUTINE,796,check_buffer_r,
./models/13_ORCHIDEE-MAN-2025/src_parallel/mod_orchidee_omp_transfert.F90,scatter_omp_r2,SUBROUTINE,796,orch_scatter_omp_rgen,
./models/13_ORCHIDEE-MAN-2025/src_parallel/mod_orchidee_omp_transfert.F90,scatter_omp_r3,SUBROUTINE,819,print_omp_function,
./models/13_ORCHIDEE-MAN-2025/src_parallel/mod_orchidee_omp_transfert.F90,scatter_omp_r3,SUBROUTINE,819,check_buffer_r,
./models/13_ORCHIDEE-MAN-2025/src_parallel/mod_orchidee_omp_transfert.F90,scatter_omp_r3,SUBROUTINE,819,orch_scatter_omp_rgen,
./models/13_ORCHIDEE-MAN-2025/src_parallel/mod_orchidee_omp_transfert.F90,scatter_omp_r4,SUBROUTINE,842,print_omp_function,
./models/13_ORCHIDEE-MAN-2025/src_parallel/mod_orchidee_omp_transfert.F90,scatter_omp_r4,SUBROUTINE,842,check_buffer_r,
./models/13_ORCHIDEE-MAN-2025/src_parallel/mod_orchidee_omp_transfert.F90,scatter_omp_r4,SUBROUTINE,842,orch_scatter_omp_rgen,
./models/13_ORCHIDEE-MAN-2025/src_parallel/mod_orchidee_omp_transfert.F90,scatter_omp_l,SUBROUTINE,866,print_omp_function,
./models/13_ORCHIDEE-MAN-2025/src_parallel/mod_orchidee_omp_transfert.F90,scatter_omp_l,SUBROUTINE,866,check_buffer_l,
./models/13_ORCHIDEE-MAN-2025/src_parallel/mod_orchidee_omp_transfert.F90,scatter_omp_l,SUBROUTINE,866,orch_scatter_omp_lgen,
./models/13_ORCHIDEE-MAN-2025/src_parallel/mod_orchidee_omp_transfert.F90,scatter_omp_l1,SUBROUTINE,888,print_omp_function,
./models/13_ORCHIDEE-MAN-2025/src_parallel/mod_orchidee_omp_transfert.F90,scatter_omp_l1,SUBROUTINE,888,check_buffer_l,
./models/13_ORCHIDEE-MAN-2025/src_parallel/mod_orchidee_omp_transfert.F90,scatter_omp_l1,SUBROUTINE,888,orch_scatter_omp_lgen,
./models/13_ORCHIDEE-MAN-2025/src_parallel/mod_orchidee_omp_transfert.F90,scatter_omp_l2,SUBROUTINE,910,print_omp_function,
./models/13_ORCHIDEE-MAN-2025/src_parallel/mod_orchidee_omp_transfert.F90,scatter_omp_l2,SUBROUTINE,910,check_buffer_l,
./models/13_ORCHIDEE-MAN-2025/src_parallel/mod_orchidee_omp_transfert.F90,scatter_omp_l2,SUBROUTINE,910,orch_scatter_omp_lgen,
./models/13_ORCHIDEE-MAN-2025/src_parallel/mod_orchidee_omp_transfert.F90,scatter_omp_l3,SUBROUTINE,933,print_omp_function,
./models/13_ORCHIDEE-MAN-2025/src_parallel/mod_orchidee_omp_transfert.F90,scatter_omp_l3,SUBROUTINE,933,check_buffer_l,
./models/13_ORCHIDEE-MAN-2025/src_parallel/mod_orchidee_omp_transfert.F90,scatter_omp_l3,SUBROUTINE,933,orch_scatter_omp_lgen,
./models/13_ORCHIDEE-MAN-2025/src_parallel/mod_orchidee_omp_transfert.F90,scatter_omp_l4,SUBROUTINE,956,print_omp_function,
./models/13_ORCHIDEE-MAN-2025/src_parallel/mod_orchidee_omp_transfert.F90,scatter_omp_l4,SUBROUTINE,956,check_buffer_l,
./models/13_ORCHIDEE-MAN-2025/src_parallel/mod_orchidee_omp_transfert.F90,scatter_omp_l4,SUBROUTINE,956,orch_scatter_omp_lgen,
./models/13_ORCHIDEE-MAN-2025/src_parallel/mod_orchidee_omp_transfert.F90,gather_omp_i0,SUBROUTINE,983,print_omp_function,
./models/13_ORCHIDEE-MAN-2025/src_parallel/mod_orchidee_omp_transfert.F90,gather_omp_i0,SUBROUTINE,983,check_buffer_i,
./models/13_ORCHIDEE-MAN-2025/src_parallel/mod_orchidee_omp_transfert.F90,gather_omp_i0,SUBROUTINE,983,orch_gather_omp_simple_igen,
./models/13_ORCHIDEE-MAN-2025/src_parallel/mod_orchidee_omp_transfert.F90,gather_omp_i,SUBROUTINE,1008,print_omp_function,
./models/13_ORCHIDEE-MAN-2025/src_parallel/mod_orchidee_omp_transfert.F90,gather_omp_i,SUBROUTINE,1008,check_buffer_i,
./models/13_ORCHIDEE-MAN-2025/src_parallel/mod_orchidee_omp_transfert.F90,gather_omp_i,SUBROUTINE,1008,orch_gather_omp_igen,
./models/13_ORCHIDEE-MAN-2025/src_parallel/mod_orchidee_omp_transfert.F90,gather_omp_i1,SUBROUTINE,1032,print_omp_function,
./models/13_ORCHIDEE-MAN-2025/src_parallel/mod_orchidee_omp_transfert.F90,gather_omp_i1,SUBROUTINE,1032,check_buffer_i,
./models/13_ORCHIDEE-MAN-2025/src_parallel/mod_orchidee_omp_transfert.F90,gather_omp_i1,SUBROUTINE,1032,orch_gather_omp_igen,
./models/13_ORCHIDEE-MAN-2025/src_parallel/mod_orchidee_omp_transfert.F90,gather_omp_i2,SUBROUTINE,1056,print_omp_function,
./models/13_ORCHIDEE-MAN-2025/src_parallel/mod_orchidee_omp_transfert.F90,gather_omp_i2,SUBROUTINE,1056,check_buffer_i,
./models/13_ORCHIDEE-MAN-2025/src_parallel/mod_orchidee_omp_transfert.F90,gather_omp_i2,SUBROUTINE,1056,orch_gather_omp_igen,
./models/13_ORCHIDEE-MAN-2025/src_parallel/mod_orchidee_omp_transfert.F90,gather_omp_i3,SUBROUTINE,1080,print_omp_function,
./models/13_ORCHIDEE-MAN-2025/src_parallel/mod_orchidee_omp_transfert.F90,gather_omp_i3,SUBROUTINE,1080,check_buffer_i,
./models/13_ORCHIDEE-MAN-2025/src_parallel/mod_orchidee_omp_transfert.F90,gather_omp_i3,SUBROUTINE,1080,orch_gather_omp_igen,
./models/13_ORCHIDEE-MAN-2025/src_parallel/mod_orchidee_omp_transfert.F90,gather_omp_i4,SUBROUTINE,1103,print_omp_function,
./models/13_ORCHIDEE-MAN-2025/src_parallel/mod_orchidee_omp_transfert.F90,gather_omp_i4,SUBROUTINE,1103,check_buffer_i,
./models/13_ORCHIDEE-MAN-2025/src_parallel/mod_orchidee_omp_transfert.F90,gather_omp_i4,SUBROUTINE,1103,orch_gather_omp_igen,
./models/13_ORCHIDEE-MAN-2025/src_parallel/mod_orchidee_omp_transfert.F90,gather_omp_i5,SUBROUTINE,1126,print_omp_function,
./models/13_ORCHIDEE-MAN-2025/src_parallel/mod_orchidee_omp_transfert.F90,gather_omp_i5,SUBROUTINE,1126,check_buffer_i,
./models/13_ORCHIDEE-MAN-2025/src_parallel/mod_orchidee_omp_transfert.F90,gather_omp_i5,SUBROUTINE,1126,orch_gather_omp_igen,
./models/13_ORCHIDEE-MAN-2025/src_parallel/mod_orchidee_omp_transfert.F90,gather_omp_r0,SUBROUTINE,1151,print_omp_function,
./models/13_ORCHIDEE-MAN-2025/src_parallel/mod_orchidee_omp_transfert.F90,gather_omp_r0,SUBROUTINE,1151,check_buffer_r,
./models/13_ORCHIDEE-MAN-2025/src_parallel/mod_orchidee_omp_transfert.F90,gather_omp_r0,SUBROUTINE,1151,orch_gather_omp_simple_rgen,
./models/13_ORCHIDEE-MAN-2025/src_parallel/mod_orchidee_omp_transfert.F90,gather_omp_r,SUBROUTINE,1174,print_omp_function,
./models/13_ORCHIDEE-MAN-2025/src_parallel/mod_orchidee_omp_transfert.F90,gather_omp_r,SUBROUTINE,1174,check_buffer_r,
./models/13_ORCHIDEE-MAN-2025/src_parallel/mod_orchidee_omp_transfert.F90,gather_omp_r,SUBROUTINE,1174,orch_gather_omp_rgen,
./models/13_ORCHIDEE-MAN-2025/src_parallel/mod_orchidee_omp_transfert.F90,gather_omp_r1,SUBROUTINE,1198,print_omp_function,
./models/13_ORCHIDEE-MAN-2025/src_parallel/mod_orchidee_omp_transfert.F90,gather_omp_r1,SUBROUTINE,1198,check_buffer_r,
./models/13_ORCHIDEE-MAN-2025/src_parallel/mod_orchidee_omp_transfert.F90,gather_omp_r1,SUBROUTINE,1198,orch_gather_omp_rgen,
./models/13_ORCHIDEE-MAN-2025/src_parallel/mod_orchidee_omp_transfert.F90,gather_omp_r2,SUBROUTINE,1222,print_omp_function,
./models/13_ORCHIDEE-MAN-2025/src_parallel/mod_orchidee_omp_transfert.F90,gather_omp_r2,SUBROUTINE,1222,check_buffer_r,
./models/13_ORCHIDEE-MAN-2025/src_parallel/mod_orchidee_omp_transfert.F90,gather_omp_r2,SUBROUTINE,1222,orch_gather_omp_rgen,
./models/13_ORCHIDEE-MAN-2025/src_parallel/mod_orchidee_omp_transfert.F90,gather_omp_r3,SUBROUTINE,1246,print_omp_function,
./models/13_ORCHIDEE-MAN-2025/src_parallel/mod_orchidee_omp_transfert.F90,gather_omp_r3,SUBROUTINE,1246,check_buffer_r,
./models/13_ORCHIDEE-MAN-2025/src_parallel/mod_orchidee_omp_transfert.F90,gather_omp_r3,SUBROUTINE,1246,orch_gather_omp_rgen,
./models/13_ORCHIDEE-MAN-2025/src_parallel/mod_orchidee_omp_transfert.F90,gather_omp_r4,SUBROUTINE,1270,print_omp_function,
./models/13_ORCHIDEE-MAN-2025/src_parallel/mod_orchidee_omp_transfert.F90,gather_omp_r4,SUBROUTINE,1270,check_buffer_r,
./models/13_ORCHIDEE-MAN-2025/src_parallel/mod_orchidee_omp_transfert.F90,gather_omp_r4,SUBROUTINE,1270,orch_gather_omp_rgen,
./models/13_ORCHIDEE-MAN-2025/src_parallel/mod_orchidee_omp_transfert.F90,gather_omp_r5,SUBROUTINE,1294,print_omp_function,
./models/13_ORCHIDEE-MAN-2025/src_parallel/mod_orchidee_omp_transfert.F90,gather_omp_r5,SUBROUTINE,1294,check_buffer_r,
./models/13_ORCHIDEE-MAN-2025/src_parallel/mod_orchidee_omp_transfert.F90,gather_omp_r5,SUBROUTINE,1294,orch_gather_omp_rgen,
./models/13_ORCHIDEE-MAN-2025/src_parallel/mod_orchidee_omp_transfert.F90,gather_omp_l0,SUBROUTINE,1319,print_omp_function,
./models/13_ORCHIDEE-MAN-2025/src_parallel/mod_orchidee_omp_transfert.F90,gather_omp_l0,SUBROUTINE,1319,check_buffer_l,
./models/13_ORCHIDEE-MAN-2025/src_parallel/mod_orchidee_omp_transfert.F90,gather_omp_l0,SUBROUTINE,1319,orch_gather_omp_simple_lgen,
./models/13_ORCHIDEE-MAN-2025/src_parallel/mod_orchidee_omp_transfert.F90,gather_omp_l,SUBROUTINE,1342,print_omp_function,
./models/13_ORCHIDEE-MAN-2025/src_parallel/mod_orchidee_omp_transfert.F90,gather_omp_l,SUBROUTINE,1342,check_buffer_l,
./models/13_ORCHIDEE-MAN-2025/src_parallel/mod_orchidee_omp_transfert.F90,gather_omp_l,SUBROUTINE,1342,orch_gather_omp_lgen,
./models/13_ORCHIDEE-MAN-2025/src_parallel/mod_orchidee_omp_transfert.F90,gather_omp_l1,SUBROUTINE,1366,print_omp_function,
./models/13_ORCHIDEE-MAN-2025/src_parallel/mod_orchidee_omp_transfert.F90,gather_omp_l1,SUBROUTINE,1366,check_buffer_l,
./models/13_ORCHIDEE-MAN-2025/src_parallel/mod_orchidee_omp_transfert.F90,gather_omp_l1,SUBROUTINE,1366,orch_gather_omp_lgen,
./models/13_ORCHIDEE-MAN-2025/src_parallel/mod_orchidee_omp_transfert.F90,gather_omp_l2,SUBROUTINE,1390,print_omp_function,
./models/13_ORCHIDEE-MAN-2025/src_parallel/mod_orchidee_omp_transfert.F90,gather_omp_l2,SUBROUTINE,1390,check_buffer_l,
./models/13_ORCHIDEE-MAN-2025/src_parallel/mod_orchidee_omp_transfert.F90,gather_omp_l2,SUBROUTINE,1390,orch_gather_omp_lgen,
./models/13_ORCHIDEE-MAN-2025/src_parallel/mod_orchidee_omp_transfert.F90,gather_omp_l3,SUBROUTINE,1414,print_omp_function,
./models/13_ORCHIDEE-MAN-2025/src_parallel/mod_orchidee_omp_transfert.F90,gather_omp_l3,SUBROUTINE,1414,check_buffer_l,
./models/13_ORCHIDEE-MAN-2025/src_parallel/mod_orchidee_omp_transfert.F90,gather_omp_l3,SUBROUTINE,1414,orch_gather_omp_lgen,
./models/13_ORCHIDEE-MAN-2025/src_parallel/mod_orchidee_omp_transfert.F90,gather_omp_l4,SUBROUTINE,1438,print_omp_function,
./models/13_ORCHIDEE-MAN-2025/src_parallel/mod_orchidee_omp_transfert.F90,gather_omp_l4,SUBROUTINE,1438,check_buffer_l,
./models/13_ORCHIDEE-MAN-2025/src_parallel/mod_orchidee_omp_transfert.F90,gather_omp_l4,SUBROUTINE,1438,orch_gather_omp_lgen,
./models/13_ORCHIDEE-MAN-2025/src_parallel/mod_orchidee_omp_transfert.F90,gather_omp_l5,SUBROUTINE,1462,print_omp_function,
./models/13_ORCHIDEE-MAN-2025/src_parallel/mod_orchidee_omp_transfert.F90,gather_omp_l5,SUBROUTINE,1462,check_buffer_l,
./models/13_ORCHIDEE-MAN-2025/src_parallel/mod_orchidee_omp_transfert.F90,gather_omp_l5,SUBROUTINE,1462,orch_gather_omp_lgen,
./models/13_ORCHIDEE-MAN-2025/src_parallel/mod_orchidee_omp_transfert.F90,reduce_sum_omp_i,SUBROUTINE,1490,print_omp_function,
./models/13_ORCHIDEE-MAN-2025/src_parallel/mod_orchidee_omp_transfert.F90,reduce_sum_omp_i,SUBROUTINE,1490,check_buffer_i,
./models/13_ORCHIDEE-MAN-2025/src_parallel/mod_orchidee_omp_transfert.F90,reduce_sum_omp_i,SUBROUTINE,1490,orch_reduce_sum_omp_igen,
./models/13_ORCHIDEE-MAN-2025/src_parallel/mod_orchidee_omp_transfert.F90,reduce_sum_omp_i1,SUBROUTINE,1513,print_omp_function,
./models/13_ORCHIDEE-MAN-2025/src_parallel/mod_orchidee_omp_transfert.F90,reduce_sum_omp_i1,SUBROUTINE,1513,check_buffer_i,
./models/13_ORCHIDEE-MAN-2025/src_parallel/mod_orchidee_omp_transfert.F90,reduce_sum_omp_i1,SUBROUTINE,1513,orch_reduce_sum_omp_igen,
./models/13_ORCHIDEE-MAN-2025/src_parallel/mod_orchidee_omp_transfert.F90,reduce_sum_omp_i2,SUBROUTINE,1536,print_omp_function,
./models/13_ORCHIDEE-MAN-2025/src_parallel/mod_orchidee_omp_transfert.F90,reduce_sum_omp_i2,SUBROUTINE,1536,check_buffer_i,
./models/13_ORCHIDEE-MAN-2025/src_parallel/mod_orchidee_omp_transfert.F90,reduce_sum_omp_i2,SUBROUTINE,1536,orch_reduce_sum_omp_igen,
./models/13_ORCHIDEE-MAN-2025/src_parallel/mod_orchidee_omp_transfert.F90,reduce_sum_omp_i3,SUBROUTINE,1558,print_omp_function,
./models/13_ORCHIDEE-MAN-2025/src_parallel/mod_orchidee_omp_transfert.F90,reduce_sum_omp_i3,SUBROUTINE,1558,check_buffer_i,
./models/13_ORCHIDEE-MAN-2025/src_parallel/mod_orchidee_omp_transfert.F90,reduce_sum_omp_i3,SUBROUTINE,1558,orch_reduce_sum_omp_igen,
./models/13_ORCHIDEE-MAN-2025/src_parallel/mod_orchidee_omp_transfert.F90,reduce_sum_omp_i4,SUBROUTINE,1580,print_omp_function,
./models/13_ORCHIDEE-MAN-2025/src_parallel/mod_orchidee_omp_transfert.F90,reduce_sum_omp_i4,SUBROUTINE,1580,check_buffer_i,
./models/13_ORCHIDEE-MAN-2025/src_parallel/mod_orchidee_omp_transfert.F90,reduce_sum_omp_i4,SUBROUTINE,1580,orch_reduce_sum_omp_igen,
./models/13_ORCHIDEE-MAN-2025/src_parallel/mod_orchidee_omp_transfert.F90,reduce_sum_omp_r,SUBROUTINE,1603,print_omp_function,
./models/13_ORCHIDEE-MAN-2025/src_parallel/mod_orchidee_omp_transfert.F90,reduce_sum_omp_r,SUBROUTINE,1603,check_buffer_r,
./models/13_ORCHIDEE-MAN-2025/src_parallel/mod_orchidee_omp_transfert.F90,reduce_sum_omp_r,SUBROUTINE,1603,orch_reduce_sum_omp_rgen,
./models/13_ORCHIDEE-MAN-2025/src_parallel/mod_orchidee_omp_transfert.F90,reduce_sum_omp_r1,SUBROUTINE,1625,print_omp_function,
./models/13_ORCHIDEE-MAN-2025/src_parallel/mod_orchidee_omp_transfert.F90,reduce_sum_omp_r1,SUBROUTINE,1625,check_buffer_r,
./models/13_ORCHIDEE-MAN-2025/src_parallel/mod_orchidee_omp_transfert.F90,reduce_sum_omp_r1,SUBROUTINE,1625,orch_reduce_sum_omp_rgen,
./models/13_ORCHIDEE-MAN-2025/src_parallel/mod_orchidee_omp_transfert.F90,reduce_sum_omp_r2,SUBROUTINE,1647,print_omp_function,
./models/13_ORCHIDEE-MAN-2025/src_parallel/mod_orchidee_omp_transfert.F90,reduce_sum_omp_r2,SUBROUTINE,1647,check_buffer_r,
./models/13_ORCHIDEE-MAN-2025/src_parallel/mod_orchidee_omp_transfert.F90,reduce_sum_omp_r2,SUBROUTINE,1647,orch_reduce_sum_omp_rgen,
./models/13_ORCHIDEE-MAN-2025/src_parallel/mod_orchidee_omp_transfert.F90,reduce_sum_omp_r3,SUBROUTINE,1669,print_omp_function,
./models/13_ORCHIDEE-MAN-2025/src_parallel/mod_orchidee_omp_transfert.F90,reduce_sum_omp_r3,SUBROUTINE,1669,check_buffer_r,
./models/13_ORCHIDEE-MAN-2025/src_parallel/mod_orchidee_omp_transfert.F90,reduce_sum_omp_r3,SUBROUTINE,1669,orch_reduce_sum_omp_rgen,
./models/13_ORCHIDEE-MAN-2025/src_parallel/mod_orchidee_omp_transfert.F90,reduce_sum_omp_r4,SUBROUTINE,1691,print_omp_function,
./models/13_ORCHIDEE-MAN-2025/src_parallel/mod_orchidee_omp_transfert.F90,reduce_sum_omp_r4,SUBROUTINE,1691,check_buffer_r,
./models/13_ORCHIDEE-MAN-2025/src_parallel/mod_orchidee_omp_transfert.F90,reduce_sum_omp_r4,SUBROUTINE,1691,orch_reduce_sum_omp_rgen,
./models/13_ORCHIDEE-MAN-2025/src_parallel/mod_orchidee_para.F90,Set_stdout_file,SUBROUTINE,127,Init_numout_omp,
./models/13_ORCHIDEE-MAN-2025/src_parallel/mod_orchidee_para.F90,Test_orchidee_para,SUBROUTINE,182,barrier2_omp,
./models/13_ORCHIDEE-MAN-2025/src_parallel/mod_orchidee_para.F90,Init_orchidee_data_para_driver,SUBROUTINE,38,Init_orchidee_data_para,
./models/13_ORCHIDEE-MAN-2025/src_parallel/mod_orchidee_para.F90,Init_orchidee_data_para_driver,SUBROUTINE,38,Set_stdout_file,
./models/13_ORCHIDEE-MAN-2025/src_parallel/mod_orchidee_para.F90,Init_orchidee_data_para,SUBROUTINE,83,barrier2_omp,
./models/13_ORCHIDEE-MAN-2025/src_parallel/mod_orchidee_para.F90,Init_orchidee_data_para,SUBROUTINE,83,barrier2_omp,
./models/13_ORCHIDEE-MAN-2025/src_parallel/mod_orchidee_para.F90,Init_orchidee_data_para,SUBROUTINE,83,barrier2_omp,
./models/13_ORCHIDEE-MAN-2025/src_parallel/mod_orchidee_para.F90,Init_orchidee_data_para,SUBROUTINE,83,Test_orchidee_para,
./models/13_ORCHIDEE-MAN-2025/src_parallel/mod_orchidee_para.F90,Init_orchidee_para,SUBROUTINE,16,Init_orchidee_omp,
./models/13_ORCHIDEE-MAN-2025/src_parallel/mod_orchidee_para.F90,Init_orchidee_para,SUBROUTINE,16,Init_orchidee_mpi,
./models/13_ORCHIDEE-MAN-2025/src_parallel/mod_orchidee_para.F90,Init_orchidee_para,SUBROUTINE,16,Init_orchidee_mpi,
./models/13_ORCHIDEE-MAN-2025/src_parallel/orch_write_field.f90,WriteField_gen,SUBROUTINE,249,CreateNewField,
./models/13_ORCHIDEE-MAN-2025/src_parallel/orch_write_field.f90,WriteFieldI_3d,SUBROUTINE,75,WriteField_gen,
./models/13_ORCHIDEE-MAN-2025/src_parallel/orch_write_field.f90,WriteFieldI_2d,SUBROUTINE,102,WriteField_gen,
./models/13_ORCHIDEE-MAN-2025/src_parallel/orch_write_field.f90,WriteFieldI_1d,SUBROUTINE,129,WriteField_gen,
./models/13_ORCHIDEE-MAN-2025/src_parallel/orch_write_field.f90,WriteField_4d,SUBROUTINE,155,WriteField_gen,
./models/13_ORCHIDEE-MAN-2025/src_parallel/orch_write_field.f90,WriteField_3d,SUBROUTINE,166,WriteField_gen,
./models/13_ORCHIDEE-MAN-2025/src_parallel/orch_write_field.f90,WriteField_2d,SUBROUTINE,177,WriteField_gen,
./models/13_ORCHIDEE-MAN-2025/src_parallel/orch_write_field.f90,WriteField_1d,SUBROUTINE,188,WriteField_gen,
./models/13_ORCHIDEE-MAN-2025/src_parallel/timer.f90,stop_timer,SUBROUTINE,64,suspend_timer,
./models/13_ORCHIDEE-MAN-2025/src_parallel/timer.f90,Get_cpu_time,FUNCTION,146,suspend_timer,
./models/13_ORCHIDEE-MAN-2025/src_parallel/timer.f90,Get_cpu_time,FUNCTION,146,resume_timer,
./models/13_ORCHIDEE-MAN-2025/src_parallel/timer.f90,Get_real_time,FUNCTION,161,suspend_timer,
./models/13_ORCHIDEE-MAN-2025/src_parallel/timer.f90,Get_real_time,FUNCTION,161,resume_timer,
./models/13_ORCHIDEE-MAN-2025/src_parameters/constantes.f90,activate_sub_models,SUBROUTINE,62,ipslerr_p,
./models/13_ORCHIDEE-MAN-2025/src_parameters/constantes_soil.f90,config_soil_parameters,SUBROUTINE,54,ipslerr_p,
./models/13_ORCHIDEE-MAN-2025/src_parameters/constantes_soil.f90,config_soil_parameters,SUBROUTINE,54,ipslerr_p,
./models/13_ORCHIDEE-MAN-2025/src_parameters/constantes_soil.f90,config_soil_parameters,SUBROUTINE,54,ipslerr_p,
./models/13_ORCHIDEE-MAN-2025/src_parameters/constantes_soil.f90,config_soil_parameters,SUBROUTINE,54,ipslerr_p,
./models/13_ORCHIDEE-MAN-2025/src_parameters/constantes_soil.f90,config_soil_parameters,SUBROUTINE,54,ipslerr_p,
./models/13_ORCHIDEE-MAN-2025/src_parameters/constantes_soil.f90,config_soil_parameters,SUBROUTINE,54,ipslerr_p,
./models/13_ORCHIDEE-MAN-2025/src_parameters/constantes_soil.f90,config_soil_parameters,SUBROUTINE,54,ipslerr_p,
./models/13_ORCHIDEE-MAN-2025/src_parameters/constantes_soil.f90,config_soil_parameters,SUBROUTINE,54,ipslerr_p,
./models/13_ORCHIDEE-MAN-2025/src_parameters/constantes_soil.f90,config_soil_parameters,SUBROUTINE,54,ipslerr_p,
./models/13_ORCHIDEE-MAN-2025/src_parameters/constantes_soil.f90,config_soil_parameters,SUBROUTINE,54,ipslerr_p,
./models/13_ORCHIDEE-MAN-2025/src_parameters/constantes_soil.f90,config_soil_parameters,SUBROUTINE,54,ipslerr_p,
./models/13_ORCHIDEE-MAN-2025/src_parameters/constantes_soil.f90,config_soil_parameters,SUBROUTINE,54,ipslerr_p,
./models/13_ORCHIDEE-MAN-2025/src_parameters/constantes_soil.f90,config_soil_parameters,SUBROUTINE,54,ipslerr_p,
./models/13_ORCHIDEE-MAN-2025/src_parameters/constantes_soil.f90,config_soil_parameters,SUBROUTINE,54,ipslerr_p,
./models/13_ORCHIDEE-MAN-2025/src_parameters/constantes_soil.f90,config_soil_parameters,SUBROUTINE,54,ipslerr_p,
./models/13_ORCHIDEE-MAN-2025/src_parameters/control.f90,control_initialize,SUBROUTINE,48,vertical_soil_init,
./models/13_ORCHIDEE-MAN-2025/src_parameters/control.f90,control_initialize,SUBROUTINE,48,pft_parameters_main,
./models/13_ORCHIDEE-MAN-2025/src_parameters/control.f90,control_initialize,SUBROUTINE,48,activate_sub_models,
./models/13_ORCHIDEE-MAN-2025/src_parameters/control.f90,control_initialize,SUBROUTINE,48,veget_config,
./models/13_ORCHIDEE-MAN-2025/src_parameters/control.f90,control_initialize,SUBROUTINE,48,config_pft_parameters,
./models/13_ORCHIDEE-MAN-2025/src_parameters/control.f90,control_initialize,SUBROUTINE,48,config_sechiba_parameters,
./models/13_ORCHIDEE-MAN-2025/src_parameters/control.f90,control_initialize,SUBROUTINE,48,config_sechiba_pft_parameters,
./models/13_ORCHIDEE-MAN-2025/src_parameters/control.f90,control_initialize,SUBROUTINE,48,config_soil_parameters,
./models/13_ORCHIDEE-MAN-2025/src_parameters/control.f90,control_initialize,SUBROUTINE,48,ipslerr_p,
./models/13_ORCHIDEE-MAN-2025/src_parameters/control.f90,control_initialize,SUBROUTINE,48,ipslerr_p,
./models/13_ORCHIDEE-MAN-2025/src_parameters/control.f90,control_initialize,SUBROUTINE,48,config_co2_parameters,
./models/13_ORCHIDEE-MAN-2025/src_parameters/control.f90,control_initialize,SUBROUTINE,48,config_stomate_parameters,
./models/13_ORCHIDEE-MAN-2025/src_parameters/control.f90,control_initialize,SUBROUTINE,48,config_stomate_pft_parameters,
./models/13_ORCHIDEE-MAN-2025/src_parameters/control.f90,control_initialize,SUBROUTINE,48,config_dgvm_parameters,
./models/13_ORCHIDEE-MAN-2025/src_parameters/pft_parameters.f90,config_pft_parameters,SUBROUTINE,2858,ipslerr_p,
./models/13_ORCHIDEE-MAN-2025/src_parameters/pft_parameters.f90,pft_parameters_main,SUBROUTINE,81,pft_parameters_alloc,
./models/13_ORCHIDEE-MAN-2025/src_parameters/pft_parameters.f90,pft_parameters_main,SUBROUTINE,81,pft_parameters_init,
./models/13_ORCHIDEE-MAN-2025/src_parameters/vertical_soil.f90,vertical_soil_init,SUBROUTINE,144,ipslerr_p,
./models/13_ORCHIDEE-MAN-2025/src_parameters/vertical_soil.f90,vertical_soil_init,SUBROUTINE,144,ipslerr_p,
./models/13_ORCHIDEE-MAN-2025/src_parameters/vertical_soil.f90,vertical_soil_init,SUBROUTINE,144,ipslerr_p,
./models/13_ORCHIDEE-MAN-2025/src_sechiba/chemistry.f90,chemistry_initialize,SUBROUTINE,148,interpweight_2Dcont,
./models/13_ORCHIDEE-MAN-2025/src_sechiba/chemistry.f90,chemistry_initialize,SUBROUTINE,148,interpweight_2Dcont,
./models/13_ORCHIDEE-MAN-2025/src_sechiba/chemistry.f90,chemistry_initialize,SUBROUTINE,148,interpweight_2Dcont,
./models/13_ORCHIDEE-MAN-2025/src_sechiba/chemistry.f90,chemistry_interface_orchidee_inca,SUBROUTINE,1664,ipslerr_p,
./models/13_ORCHIDEE-MAN-2025/src_sechiba/chemistry.f90,chemistry_interface_orchidee_inca,SUBROUTINE,1664,ipslerr_p,
./models/13_ORCHIDEE-MAN-2025/src_sechiba/chemistry.f90,chemistry_interface_orchidee_inca,SUBROUTINE,1664,ipslerr_p,
./models/13_ORCHIDEE-MAN-2025/src_sechiba/condveg.f90,condveg_albedo,SUBROUTINE,612,ipslerr_p,
./models/13_ORCHIDEE-MAN-2025/src_sechiba/condveg.f90,condveg_soilalb,SUBROUTINE,932,interpweight_2D,
./models/13_ORCHIDEE-MAN-2025/src_sechiba/condveg.f90,condveg_soilalb,SUBROUTINE,932,ipslerr_p,
./models/13_ORCHIDEE-MAN-2025/src_sechiba/condveg.f90,condveg_initialize,SUBROUTINE,102,ioconf_setatt_p,
./models/13_ORCHIDEE-MAN-2025/src_sechiba/condveg.f90,condveg_initialize,SUBROUTINE,102,ioconf_setatt_p,
./models/13_ORCHIDEE-MAN-2025/src_sechiba/condveg.f90,condveg_initialize,SUBROUTINE,102,condveg_background_soilalb,
./models/13_ORCHIDEE-MAN-2025/src_sechiba/condveg.f90,condveg_initialize,SUBROUTINE,102,ioconf_setatt_p,
./models/13_ORCHIDEE-MAN-2025/src_sechiba/condveg.f90,condveg_initialize,SUBROUTINE,102,ioconf_setatt_p,
./models/13_ORCHIDEE-MAN-2025/src_sechiba/condveg.f90,condveg_initialize,SUBROUTINE,102,ioconf_setatt_p,
./models/13_ORCHIDEE-MAN-2025/src_sechiba/condveg.f90,condveg_initialize,SUBROUTINE,102,ioconf_setatt_p,
./models/13_ORCHIDEE-MAN-2025/src_sechiba/condveg.f90,condveg_initialize,SUBROUTINE,102,ioconf_setatt_p,
./models/13_ORCHIDEE-MAN-2025/src_sechiba/condveg.f90,condveg_initialize,SUBROUTINE,102,ioconf_setatt_p,
./models/13_ORCHIDEE-MAN-2025/src_sechiba/condveg.f90,condveg_initialize,SUBROUTINE,102,condveg_soilalb,
./models/13_ORCHIDEE-MAN-2025/src_sechiba/condveg.f90,condveg_initialize,SUBROUTINE,102,ioconf_setatt_p,
./models/13_ORCHIDEE-MAN-2025/src_sechiba/condveg.f90,condveg_initialize,SUBROUTINE,102,ioconf_setatt_p,
./models/13_ORCHIDEE-MAN-2025/src_sechiba/condveg.f90,condveg_initialize,SUBROUTINE,102,ioconf_setatt_p,
./models/13_ORCHIDEE-MAN-2025/src_sechiba/condveg.f90,condveg_initialize,SUBROUTINE,102,ioconf_setatt_p,
./models/13_ORCHIDEE-MAN-2025/src_sechiba/condveg.f90,condveg_initialize,SUBROUTINE,102,ioconf_setatt_p,
./models/13_ORCHIDEE-MAN-2025/src_sechiba/condveg.f90,condveg_initialize,SUBROUTINE,102,ioconf_setatt_p,
./models/13_ORCHIDEE-MAN-2025/src_sechiba/condveg.f90,condveg_initialize,SUBROUTINE,102,condveg_frac_snow,
./models/13_ORCHIDEE-MAN-2025/src_sechiba/condveg.f90,condveg_initialize,SUBROUTINE,102,condveg_z0cdrag_dyn,
./models/13_ORCHIDEE-MAN-2025/src_sechiba/condveg.f90,condveg_initialize,SUBROUTINE,102,condveg_z0cdrag,
./models/13_ORCHIDEE-MAN-2025/src_sechiba/condveg.f90,condveg_initialize,SUBROUTINE,102,condveg_albedo,
./models/13_ORCHIDEE-MAN-2025/src_sechiba/condveg.f90,condveg_main,SUBROUTINE,332,condveg_frac_snow,
./models/13_ORCHIDEE-MAN-2025/src_sechiba/condveg.f90,condveg_main,SUBROUTINE,332,condveg_z0cdrag_dyn,
./models/13_ORCHIDEE-MAN-2025/src_sechiba/condveg.f90,condveg_main,SUBROUTINE,332,condveg_z0cdrag,
./models/13_ORCHIDEE-MAN-2025/src_sechiba/condveg.f90,condveg_main,SUBROUTINE,332,condveg_albedo,
./models/13_ORCHIDEE-MAN-2025/src_sechiba/condveg.f90,condveg_z0cdrag_dyn,SUBROUTINE,1519,ipslerr_p,
./models/13_ORCHIDEE-MAN-2025/src_sechiba/condveg.f90,condveg_background_soilalb,SUBROUTINE,1153,interpweight_2Dcont,
./models/13_ORCHIDEE-MAN-2025/src_sechiba/condveg.f90,condveg_background_soilalb,SUBROUTINE,1153,interpweight_2Dcont,
./models/13_ORCHIDEE-MAN-2025/src_sechiba/condveg.f90,condveg_z0cdrag,SUBROUTINE,1325,ipslerr_p,
./models/13_ORCHIDEE-MAN-2025/src_sechiba/diffuco.f90,diffuco_trans_co2,SUBROUTINE,2018,qsatcalc,
./models/13_ORCHIDEE-MAN-2025/src_sechiba/diffuco.f90,diffuco_trans_co2,SUBROUTINE,2018,ipslerr_p,
./models/13_ORCHIDEE-MAN-2025/src_sechiba/diffuco.f90,diffuco_main,SUBROUTINE,306,diffuco_aero,
./models/13_ORCHIDEE-MAN-2025/src_sechiba/diffuco.f90,diffuco_main,SUBROUTINE,306,diffuco_raerod,
./models/13_ORCHIDEE-MAN-2025/src_sechiba/diffuco.f90,diffuco_main,SUBROUTINE,306,qsatcalc,
./models/13_ORCHIDEE-MAN-2025/src_sechiba/diffuco.f90,diffuco_main,SUBROUTINE,306,diffuco_snow,
./models/13_ORCHIDEE-MAN-2025/src_sechiba/diffuco.f90,diffuco_main,SUBROUTINE,306,diffuco_flood,
./models/13_ORCHIDEE-MAN-2025/src_sechiba/diffuco.f90,diffuco_main,SUBROUTINE,306,diffuco_inter,
./models/13_ORCHIDEE-MAN-2025/src_sechiba/diffuco.f90,diffuco_main,SUBROUTINE,306,diffuco_trans_co2,
./models/13_ORCHIDEE-MAN-2025/src_sechiba/diffuco.f90,diffuco_main,SUBROUTINE,306,diffuco_trans,
./models/13_ORCHIDEE-MAN-2025/src_sechiba/diffuco.f90,diffuco_main,SUBROUTINE,306,chemistry_bvoc,
./models/13_ORCHIDEE-MAN-2025/src_sechiba/diffuco.f90,diffuco_main,SUBROUTINE,306,diffuco_bare,
./models/13_ORCHIDEE-MAN-2025/src_sechiba/diffuco.f90,diffuco_main,SUBROUTINE,306,diffuco_comb,
./models/13_ORCHIDEE-MAN-2025/src_sechiba/diffuco.f90,diffuco_comb,SUBROUTINE,3069,qsatcalc,
./models/13_ORCHIDEE-MAN-2025/src_sechiba/diffuco.f90,diffuco_initialize,SUBROUTINE,127,ioconf_setatt_p,
./models/13_ORCHIDEE-MAN-2025/src_sechiba/diffuco.f90,diffuco_initialize,SUBROUTINE,127,ioconf_setatt_p,
./models/13_ORCHIDEE-MAN-2025/src_sechiba/diffuco.f90,diffuco_initialize,SUBROUTINE,127,ioconf_setatt_p,
./models/13_ORCHIDEE-MAN-2025/src_sechiba/diffuco.f90,diffuco_initialize,SUBROUTINE,127,ioconf_setatt_p,
./models/13_ORCHIDEE-MAN-2025/src_sechiba/diffuco.f90,diffuco_trans,SUBROUTINE,1770,qsatcalc,
./models/13_ORCHIDEE-MAN-2025/src_sechiba/enerbil.f90,enerbil_initialize,SUBROUTINE,134,ioconf_setatt_p,
./models/13_ORCHIDEE-MAN-2025/src_sechiba/enerbil.f90,enerbil_initialize,SUBROUTINE,134,ioconf_setatt_p,
./models/13_ORCHIDEE-MAN-2025/src_sechiba/enerbil.f90,enerbil_initialize,SUBROUTINE,134,ioconf_setatt_p,
./models/13_ORCHIDEE-MAN-2025/src_sechiba/enerbil.f90,enerbil_initialize,SUBROUTINE,134,ioconf_setatt_p,
./models/13_ORCHIDEE-MAN-2025/src_sechiba/enerbil.f90,enerbil_initialize,SUBROUTINE,134,ioconf_setatt_p,
./models/13_ORCHIDEE-MAN-2025/src_sechiba/enerbil.f90,enerbil_initialize,SUBROUTINE,134,ioconf_setatt_p,
./models/13_ORCHIDEE-MAN-2025/src_sechiba/enerbil.f90,enerbil_initialize,SUBROUTINE,134,ioconf_setatt_p,
./models/13_ORCHIDEE-MAN-2025/src_sechiba/enerbil.f90,enerbil_initialize,SUBROUTINE,134,ioconf_setatt_p,
./models/13_ORCHIDEE-MAN-2025/src_sechiba/enerbil.f90,enerbil_initialize,SUBROUTINE,134,ioconf_setatt_p,
./models/13_ORCHIDEE-MAN-2025/src_sechiba/enerbil.f90,enerbil_initialize,SUBROUTINE,134,ioconf_setatt_p,
./models/13_ORCHIDEE-MAN-2025/src_sechiba/enerbil.f90,enerbil_initialize,SUBROUTINE,134,ioconf_setatt_p,
./models/13_ORCHIDEE-MAN-2025/src_sechiba/enerbil.f90,enerbil_initialize,SUBROUTINE,134,ioconf_setatt_p,
./models/13_ORCHIDEE-MAN-2025/src_sechiba/enerbil.f90,enerbil_initialize,SUBROUTINE,134,ioconf_setatt_p,
./models/13_ORCHIDEE-MAN-2025/src_sechiba/enerbil.f90,enerbil_initialize,SUBROUTINE,134,ioconf_setatt_p,
./models/13_ORCHIDEE-MAN-2025/src_sechiba/enerbil.f90,enerbil_initialize,SUBROUTINE,134,ioconf_setatt_p,
./models/13_ORCHIDEE-MAN-2025/src_sechiba/enerbil.f90,enerbil_initialize,SUBROUTINE,134,ioconf_setatt_p,
./models/13_ORCHIDEE-MAN-2025/src_sechiba/enerbil.f90,enerbil_initialize,SUBROUTINE,134,ioconf_setatt_p,
./models/13_ORCHIDEE-MAN-2025/src_sechiba/enerbil.f90,enerbil_initialize,SUBROUTINE,134,ioconf_setatt_p,
./models/13_ORCHIDEE-MAN-2025/src_sechiba/enerbil.f90,enerbil_initialize,SUBROUTINE,134,ioconf_setatt_p,
./models/13_ORCHIDEE-MAN-2025/src_sechiba/enerbil.f90,enerbil_initialize,SUBROUTINE,134,ioconf_setatt_p,
./models/13_ORCHIDEE-MAN-2025/src_sechiba/enerbil.f90,enerbil_initialize,SUBROUTINE,134,enerbil_t2mdiag,
./models/13_ORCHIDEE-MAN-2025/src_sechiba/enerbil.f90,enerbil_begin,SUBROUTINE,735,qsatcalc,
./models/13_ORCHIDEE-MAN-2025/src_sechiba/enerbil.f90,enerbil_begin,SUBROUTINE,735,qsatcalc,
./models/13_ORCHIDEE-MAN-2025/src_sechiba/enerbil.f90,enerbil_begin,SUBROUTINE,735,ipslerr_p,
./models/13_ORCHIDEE-MAN-2025/src_sechiba/enerbil.f90,enerbil_begin,SUBROUTINE,735,ipslerr_p,
./models/13_ORCHIDEE-MAN-2025/src_sechiba/enerbil.f90,enerbil_begin,SUBROUTINE,735,dev_qsatcalc,
./models/13_ORCHIDEE-MAN-2025/src_sechiba/enerbil.f90,enerbil_begin,SUBROUTINE,735,dev_qsatcalc,
./models/13_ORCHIDEE-MAN-2025/src_sechiba/enerbil.f90,enerbil_begin,SUBROUTINE,735,ipslerr_p,
./models/13_ORCHIDEE-MAN-2025/src_sechiba/enerbil.f90,enerbil_begin,SUBROUTINE,735,ipslerr_p,
./models/13_ORCHIDEE-MAN-2025/src_sechiba/enerbil.f90,enerbil_flux,SUBROUTINE,1367,qsatcalc,
./models/13_ORCHIDEE-MAN-2025/src_sechiba/enerbil.f90,enerbil_flux,SUBROUTINE,1367,qsatcalc,
./models/13_ORCHIDEE-MAN-2025/src_sechiba/enerbil.f90,enerbil_flux,SUBROUTINE,1367,dev_qsatcalc,
./models/13_ORCHIDEE-MAN-2025/src_sechiba/enerbil.f90,enerbil_main,SUBROUTINE,390,enerbil_begin,
./models/13_ORCHIDEE-MAN-2025/src_sechiba/enerbil.f90,enerbil_main,SUBROUTINE,390,enerbil_surftemp,
./models/13_ORCHIDEE-MAN-2025/src_sechiba/enerbil.f90,enerbil_main,SUBROUTINE,390,enerbil_pottemp,
./models/13_ORCHIDEE-MAN-2025/src_sechiba/enerbil.f90,enerbil_main,SUBROUTINE,390,enerbil_flux,
./models/13_ORCHIDEE-MAN-2025/src_sechiba/enerbil.f90,enerbil_main,SUBROUTINE,390,enerbil_evapveg,
./models/13_ORCHIDEE-MAN-2025/src_sechiba/enerbil.f90,enerbil_main,SUBROUTINE,390,enerbil_t2mdiag,
./models/13_ORCHIDEE-MAN-2025/src_sechiba/erosion.f90,erosion_main,SUBROUTINE,163,erodep_cupdate,
./models/13_ORCHIDEE-MAN-2025/src_sechiba/erosion.f90,erosion_initialize,SUBROUTINE,89,erosionmap,
./models/13_ORCHIDEE-MAN-2025/src_sechiba/explicitsnow.f90,explicitsnow_main,SUBROUTINE,108,explicitsnow_fall,
./models/13_ORCHIDEE-MAN-2025/src_sechiba/explicitsnow.f90,explicitsnow_main,SUBROUTINE,108,explicitsnow_levels,
./models/13_ORCHIDEE-MAN-2025/src_sechiba/explicitsnow.f90,explicitsnow_main,SUBROUTINE,108,explicitsnow_transf,
./models/13_ORCHIDEE-MAN-2025/src_sechiba/explicitsnow.f90,explicitsnow_main,SUBROUTINE,108,explicitsnow_compactn,
./models/13_ORCHIDEE-MAN-2025/src_sechiba/explicitsnow.f90,explicitsnow_main,SUBROUTINE,108,explicitsnow_profile,
./models/13_ORCHIDEE-MAN-2025/src_sechiba/explicitsnow.f90,explicitsnow_main,SUBROUTINE,108,explicitsnow_gone,
./models/13_ORCHIDEE-MAN-2025/src_sechiba/explicitsnow.f90,explicitsnow_main,SUBROUTINE,108,explicitsnow_melt_refrz,
./models/13_ORCHIDEE-MAN-2025/src_sechiba/explicitsnow.f90,explicitsnow_main,SUBROUTINE,108,explicitsnow_grain,
./models/13_ORCHIDEE-MAN-2025/src_sechiba/explicitsnow.f90,explicitsnow_main,SUBROUTINE,108,ipslerr_p,
./models/13_ORCHIDEE-MAN-2025/src_sechiba/hydrol.f90,hydrol_soil,SUBROUTINE,5405,hydrol_calculate_temp_hydro,
./models/13_ORCHIDEE-MAN-2025/src_sechiba/hydrol.f90,hydrol_soil,SUBROUTINE,5405,hydrol_soil_froz,
./models/13_ORCHIDEE-MAN-2025/src_sechiba/hydrol.f90,hydrol_soil,SUBROUTINE,5405,hydrol_split_soil,
./models/13_ORCHIDEE-MAN-2025/src_sechiba/hydrol.f90,hydrol_soil,SUBROUTINE,5405,hydrol_soil_coef,
./models/13_ORCHIDEE-MAN-2025/src_sechiba/hydrol.f90,hydrol_soil,SUBROUTINE,5405,hydrol_soil_infilt,
./models/13_ORCHIDEE-MAN-2025/src_sechiba/hydrol.f90,hydrol_soil,SUBROUTINE,5405,hydrol_soil_coef,
./models/13_ORCHIDEE-MAN-2025/src_sechiba/hydrol.f90,hydrol_soil,SUBROUTINE,5405,hydrol_soil_setup,
./models/13_ORCHIDEE-MAN-2025/src_sechiba/hydrol.f90,hydrol_soil,SUBROUTINE,5405,hydrol_soil_coef,
./models/13_ORCHIDEE-MAN-2025/src_sechiba/hydrol.f90,hydrol_soil,SUBROUTINE,5405,hydrol_soil_tridiag,
./models/13_ORCHIDEE-MAN-2025/src_sechiba/hydrol.f90,hydrol_soil,SUBROUTINE,5405,hydrol_soil_smooth_over_mcs2,
./models/13_ORCHIDEE-MAN-2025/src_sechiba/hydrol.f90,hydrol_soil,SUBROUTINE,5405,hydrol_soil_smooth_under_mcr,
./models/13_ORCHIDEE-MAN-2025/src_sechiba/hydrol.f90,hydrol_soil,SUBROUTINE,5405,hydrol_soil_flux,
./models/13_ORCHIDEE-MAN-2025/src_sechiba/hydrol.f90,hydrol_soil,SUBROUTINE,5405,ipslerr_p,
./models/13_ORCHIDEE-MAN-2025/src_sechiba/hydrol.f90,hydrol_soil,SUBROUTINE,5405,ipslerr_p,
./models/13_ORCHIDEE-MAN-2025/src_sechiba/hydrol.f90,hydrol_soil,SUBROUTINE,5405,hydrol_soil_coef,
./models/13_ORCHIDEE-MAN-2025/src_sechiba/hydrol.f90,hydrol_soil,SUBROUTINE,5405,hydrol_diag_soil,
./models/13_ORCHIDEE-MAN-2025/src_sechiba/hydrol.f90,hydrol_soil,SUBROUTINE,5405,hydrol_soil_coef,
./models/13_ORCHIDEE-MAN-2025/src_sechiba/hydrol.f90,hydrol_soil,SUBROUTINE,5405,hydrol_soil_setup,
./models/13_ORCHIDEE-MAN-2025/src_sechiba/hydrol.f90,hydrol_soil,SUBROUTINE,5405,hydrol_soil_coef,
./models/13_ORCHIDEE-MAN-2025/src_sechiba/hydrol.f90,hydrol_soil,SUBROUTINE,5405,hydrol_soil_tridiag,
./models/13_ORCHIDEE-MAN-2025/src_sechiba/hydrol.f90,hydrol_soil,SUBROUTINE,5405,hydrol_soil_tridiag,
./models/13_ORCHIDEE-MAN-2025/src_sechiba/hydrol.f90,hydrol_soil,SUBROUTINE,5405,hydrol_soil_coef,
./models/13_ORCHIDEE-MAN-2025/src_sechiba/hydrol.f90,hydrol_soil,SUBROUTINE,5405,ipslerr_p,
./models/13_ORCHIDEE-MAN-2025/src_sechiba/hydrol.f90,hydrol_soil,SUBROUTINE,5405,ipslerr_p,
./models/13_ORCHIDEE-MAN-2025/src_sechiba/hydrol.f90,hydrol_init,SUBROUTINE,1827,ipslerr_p,
./models/13_ORCHIDEE-MAN-2025/src_sechiba/hydrol.f90,hydrol_init,SUBROUTINE,1827,ipslerr_p,
./models/13_ORCHIDEE-MAN-2025/src_sechiba/hydrol.f90,hydrol_init,SUBROUTINE,1827,ipslerr_p,
./models/13_ORCHIDEE-MAN-2025/src_sechiba/hydrol.f90,hydrol_init,SUBROUTINE,1827,ipslerr_p,
./models/13_ORCHIDEE-MAN-2025/src_sechiba/hydrol.f90,hydrol_init,SUBROUTINE,1827,ipslerr_p,
./models/13_ORCHIDEE-MAN-2025/src_sechiba/hydrol.f90,hydrol_init,SUBROUTINE,1827,ipslerr_p,
./models/13_ORCHIDEE-MAN-2025/src_sechiba/hydrol.f90,hydrol_init,SUBROUTINE,1827,ipslerr_p,
./models/13_ORCHIDEE-MAN-2025/src_sechiba/hydrol.f90,hydrol_init,SUBROUTINE,1827,ipslerr_p,
./models/13_ORCHIDEE-MAN-2025/src_sechiba/hydrol.f90,hydrol_init,SUBROUTINE,1827,ipslerr_p,
./models/13_ORCHIDEE-MAN-2025/src_sechiba/hydrol.f90,hydrol_init,SUBROUTINE,1827,ipslerr_p,
./models/13_ORCHIDEE-MAN-2025/src_sechiba/hydrol.f90,hydrol_init,SUBROUTINE,1827,ipslerr_p,
./models/13_ORCHIDEE-MAN-2025/src_sechiba/hydrol.f90,hydrol_init,SUBROUTINE,1827,ioconf_setatt_p,
./models/13_ORCHIDEE-MAN-2025/src_sechiba/hydrol.f90,hydrol_init,SUBROUTINE,1827,ioconf_setatt_p,
./models/13_ORCHIDEE-MAN-2025/src_sechiba/hydrol.f90,hydrol_init,SUBROUTINE,1827,ioconf_setatt_p,
./models/13_ORCHIDEE-MAN-2025/src_sechiba/hydrol.f90,hydrol_init,SUBROUTINE,1827,ioconf_setatt_p,
./models/13_ORCHIDEE-MAN-2025/src_sechiba/hydrol.f90,hydrol_init,SUBROUTINE,1827,ioconf_setatt_p,
./models/13_ORCHIDEE-MAN-2025/src_sechiba/hydrol.f90,hydrol_init,SUBROUTINE,1827,ioconf_setatt_p,
./models/13_ORCHIDEE-MAN-2025/src_sechiba/hydrol.f90,hydrol_init,SUBROUTINE,1827,ioconf_setatt_p,
./models/13_ORCHIDEE-MAN-2025/src_sechiba/hydrol.f90,hydrol_init,SUBROUTINE,1827,ioconf_setatt_p,
./models/13_ORCHIDEE-MAN-2025/src_sechiba/hydrol.f90,hydrol_init,SUBROUTINE,1827,ioconf_setatt_p,
./models/13_ORCHIDEE-MAN-2025/src_sechiba/hydrol.f90,hydrol_init,SUBROUTINE,1827,ioconf_setatt_p,
./models/13_ORCHIDEE-MAN-2025/src_sechiba/hydrol.f90,hydrol_init,SUBROUTINE,1827,ioconf_setatt_p,
./models/13_ORCHIDEE-MAN-2025/src_sechiba/hydrol.f90,hydrol_init,SUBROUTINE,1827,ioconf_setatt_p,
./models/13_ORCHIDEE-MAN-2025/src_sechiba/hydrol.f90,hydrol_init,SUBROUTINE,1827,ioconf_setatt_p,
./models/13_ORCHIDEE-MAN-2025/src_sechiba/hydrol.f90,hydrol_init,SUBROUTINE,1827,ioconf_setatt_p,
./models/13_ORCHIDEE-MAN-2025/src_sechiba/hydrol.f90,hydrol_init,SUBROUTINE,1827,ioconf_setatt_p,
./models/13_ORCHIDEE-MAN-2025/src_sechiba/hydrol.f90,hydrol_init,SUBROUTINE,1827,ioconf_setatt_p,
./models/13_ORCHIDEE-MAN-2025/src_sechiba/hydrol.f90,hydrol_init,SUBROUTINE,1827,ioconf_setatt_p,
./models/13_ORCHIDEE-MAN-2025/src_sechiba/hydrol.f90,hydrol_init,SUBROUTINE,1827,ioconf_setatt_p,
./models/13_ORCHIDEE-MAN-2025/src_sechiba/hydrol.f90,hydrol_init,SUBROUTINE,1827,ioconf_setatt_p,
./models/13_ORCHIDEE-MAN-2025/src_sechiba/hydrol.f90,hydrol_init,SUBROUTINE,1827,ioconf_setatt_p,
./models/13_ORCHIDEE-MAN-2025/src_sechiba/hydrol.f90,hydrol_init,SUBROUTINE,1827,ioconf_setatt_p,
./models/13_ORCHIDEE-MAN-2025/src_sechiba/hydrol.f90,hydrol_init,SUBROUTINE,1827,ioconf_setatt_p,
./models/13_ORCHIDEE-MAN-2025/src_sechiba/hydrol.f90,hydrol_init,SUBROUTINE,1827,ioconf_setatt_p,
./models/13_ORCHIDEE-MAN-2025/src_sechiba/hydrol.f90,hydrol_init,SUBROUTINE,1827,ioconf_setatt_p,
./models/13_ORCHIDEE-MAN-2025/src_sechiba/hydrol.f90,hydrol_init,SUBROUTINE,1827,ioconf_setatt_p,
./models/13_ORCHIDEE-MAN-2025/src_sechiba/hydrol.f90,hydrol_init,SUBROUTINE,1827,ioconf_setatt_p,
./models/13_ORCHIDEE-MAN-2025/src_sechiba/hydrol.f90,hydrol_init,SUBROUTINE,1827,ioconf_setatt_p,
./models/13_ORCHIDEE-MAN-2025/src_sechiba/hydrol.f90,hydrol_init,SUBROUTINE,1827,ioconf_setatt_p,
./models/13_ORCHIDEE-MAN-2025/src_sechiba/hydrol.f90,hydrol_init,SUBROUTINE,1827,ioconf_setatt_p,
./models/13_ORCHIDEE-MAN-2025/src_sechiba/hydrol.f90,hydrol_init,SUBROUTINE,1827,ioconf_setatt_p,
./models/13_ORCHIDEE-MAN-2025/src_sechiba/hydrol.f90,hydrol_init,SUBROUTINE,1827,ioconf_setatt_p,
./models/13_ORCHIDEE-MAN-2025/src_sechiba/hydrol.f90,hydrol_init,SUBROUTINE,1827,ioconf_setatt_p,
./models/13_ORCHIDEE-MAN-2025/src_sechiba/hydrol.f90,hydrol_init,SUBROUTINE,1827,ioconf_setatt_p,
./models/13_ORCHIDEE-MAN-2025/src_sechiba/hydrol.f90,hydrol_init,SUBROUTINE,1827,ioconf_setatt_p,
./models/13_ORCHIDEE-MAN-2025/src_sechiba/hydrol.f90,hydrol_init,SUBROUTINE,1827,ioconf_setatt_p,
./models/13_ORCHIDEE-MAN-2025/src_sechiba/hydrol.f90,hydrol_init,SUBROUTINE,1827,ioconf_setatt_p,
./models/13_ORCHIDEE-MAN-2025/src_sechiba/hydrol.f90,hydrol_init,SUBROUTINE,1827,ioconf_setatt_p,
./models/13_ORCHIDEE-MAN-2025/src_sechiba/hydrol.f90,hydrol_init,SUBROUTINE,1827,ioconf_setatt_p,
./models/13_ORCHIDEE-MAN-2025/src_sechiba/hydrol.f90,hydrol_init,SUBROUTINE,1827,ioconf_setatt_p,
./models/13_ORCHIDEE-MAN-2025/src_sechiba/hydrol.f90,hydrol_init,SUBROUTINE,1827,ioconf_setatt_p,
./models/13_ORCHIDEE-MAN-2025/src_sechiba/hydrol.f90,hydrol_init,SUBROUTINE,1827,ioconf_setatt_p,
./models/13_ORCHIDEE-MAN-2025/src_sechiba/hydrol.f90,hydrol_init,SUBROUTINE,1827,ioconf_setatt_p,
./models/13_ORCHIDEE-MAN-2025/src_sechiba/hydrol.f90,hydrol_init,SUBROUTINE,1827,ioconf_setatt_p,
./models/13_ORCHIDEE-MAN-2025/src_sechiba/hydrol.f90,hydrol_init,SUBROUTINE,1827,ioconf_setatt_p,
./models/13_ORCHIDEE-MAN-2025/src_sechiba/hydrol.f90,hydrol_init,SUBROUTINE,1827,ioconf_setatt_p,
./models/13_ORCHIDEE-MAN-2025/src_sechiba/hydrol.f90,hydrol_init,SUBROUTINE,1827,ioconf_setatt_p,
./models/13_ORCHIDEE-MAN-2025/src_sechiba/hydrol.f90,hydrol_init,SUBROUTINE,1827,explicitsnow_initialize,
./models/13_ORCHIDEE-MAN-2025/src_sechiba/hydrol.f90,hydrol_var_init,SUBROUTINE,3832,ipslerr_p,
./models/13_ORCHIDEE-MAN-2025/src_sechiba/hydrol.f90,hydrol_var_init,SUBROUTINE,3832,ipslerr_p,
./models/13_ORCHIDEE-MAN-2025/src_sechiba/hydrol.f90,hydrol_var_init,SUBROUTINE,3832,ipslerr_p,
./models/13_ORCHIDEE-MAN-2025/src_sechiba/hydrol.f90,hydrol_var_init,SUBROUTINE,3832,ipslerr_p,
./models/13_ORCHIDEE-MAN-2025/src_sechiba/hydrol.f90,hydrol_var_init,SUBROUTINE,3832,ipslerr_p,
./models/13_ORCHIDEE-MAN-2025/src_sechiba/hydrol.f90,hydrol_var_init,SUBROUTINE,3832,ipslerr_p,
./models/13_ORCHIDEE-MAN-2025/src_sechiba/hydrol.f90,hydrol_var_init,SUBROUTINE,3832,ipslerr_p,
./models/13_ORCHIDEE-MAN-2025/src_sechiba/hydrol.f90,hydrol_var_init,SUBROUTINE,3832,ipslerr_p,
./models/13_ORCHIDEE-MAN-2025/src_sechiba/hydrol.f90,hydrol_diag_soil,SUBROUTINE,8948,hydrol_soil_coef,
./models/13_ORCHIDEE-MAN-2025/src_sechiba/hydrol.f90,hydrol_split_soil,SUBROUTINE,8603,ipslerr_p,
./models/13_ORCHIDEE-MAN-2025/src_sechiba/hydrol.f90,hydrol_split_soil,SUBROUTINE,8603,ipslerr_p,
./models/13_ORCHIDEE-MAN-2025/src_sechiba/hydrol.f90,hydrol_split_soil,SUBROUTINE,8603,ipslerr_p,
./models/13_ORCHIDEE-MAN-2025/src_sechiba/hydrol.f90,hydrol_split_soil,SUBROUTINE,8603,ipslerr_p,
./models/13_ORCHIDEE-MAN-2025/src_sechiba/hydrol.f90,hydrol_split_soil,SUBROUTINE,8603,ipslerr_p,
./models/13_ORCHIDEE-MAN-2025/src_sechiba/hydrol.f90,hydrol_main,SUBROUTINE,938,hydro_subgrid_main,
./models/13_ORCHIDEE-MAN-2025/src_sechiba/hydrol.f90,hydrol_main,SUBROUTINE,938,explicitsnow_main,
./models/13_ORCHIDEE-MAN-2025/src_sechiba/hydrol.f90,hydrol_main,SUBROUTINE,938,hydrol_snow,
./models/13_ORCHIDEE-MAN-2025/src_sechiba/hydrol.f90,hydrol_main,SUBROUTINE,938,hydrol_vegupd,
./models/13_ORCHIDEE-MAN-2025/src_sechiba/hydrol.f90,hydrol_main,SUBROUTINE,938,hydrol_canop,
./models/13_ORCHIDEE-MAN-2025/src_sechiba/hydrol.f90,hydrol_main,SUBROUTINE,938,hydrol_flood,
./models/13_ORCHIDEE-MAN-2025/src_sechiba/hydrol.f90,hydrol_main,SUBROUTINE,938,hydrol_soil,
./models/13_ORCHIDEE-MAN-2025/src_sechiba/hydrol.f90,hydrol_main,SUBROUTINE,938,hydrol_waterbal,
./models/13_ORCHIDEE-MAN-2025/src_sechiba/hydrol.f90,hydrol_main,SUBROUTINE,938,hydrol_alma,
./models/13_ORCHIDEE-MAN-2025/src_sechiba/hydrol.f90,hydrol_tmc_update,SUBROUTINE,3314,ipslerr_p,
./models/13_ORCHIDEE-MAN-2025/src_sechiba/hydrol.f90,hydrol_tmc_update,SUBROUTINE,3314,ipslerr_p,
./models/13_ORCHIDEE-MAN-2025/src_sechiba/hydrol.f90,hydrol_initialize,SUBROUTINE,520,read_refSOC_1dfile,
./models/13_ORCHIDEE-MAN-2025/src_sechiba/hydrol.f90,hydrol_initialize,SUBROUTINE,520,hydrol_init,
./models/13_ORCHIDEE-MAN-2025/src_sechiba/hydrol.f90,hydrol_initialize,SUBROUTINE,520,hydrol_var_init,
./models/13_ORCHIDEE-MAN-2025/src_sechiba/hydrol.f90,hydrol_initialize,SUBROUTINE,520,init_top_main,
./models/13_ORCHIDEE-MAN-2025/src_sechiba/hydrol.f90,hydrol_initialize,SUBROUTINE,520,read_newTOPparam_file,
./models/13_ORCHIDEE-MAN-2025/src_sechiba/hydrol.f90,hydrol_initialize,SUBROUTINE,520,hydrol_alma,
./models/13_ORCHIDEE-MAN-2025/src_sechiba/hydrol.f90,hydrol_initialize,SUBROUTINE,520,hydrol_waterbal,
./models/13_ORCHIDEE-MAN-2025/src_sechiba/hydrol.f90,hydrol_rotation_update,SUBROUTINE,3591,ipslerr_p,
./models/13_ORCHIDEE-MAN-2025/src_sechiba/hydrol.f90,hydrol_rotation_update,SUBROUTINE,3591,ipslerr_p,
./models/13_ORCHIDEE-MAN-2025/src_sechiba/hydrol.f90,hydrol_snow,SUBROUTINE,4693,ipslerr_p,
./models/13_ORCHIDEE-MAN-2025/src_sechiba/hydrol.f90,hydrol_vegupd,SUBROUTINE,5149,hydrol_tmc_update,
./models/13_ORCHIDEE-MAN-2025/src_sechiba/hydrol.f90,hydrol_soil_infilt,SUBROUTINE,7432,ipslerr_p,
./models/13_ORCHIDEE-MAN-2025/src_sechiba/hydrol.f90,hydrol_soil_flux,SUBROUTINE,8053,ipslerr_p,
./models/13_ORCHIDEE-MAN-2025/src_sechiba/hydrol.f90,hydrol_waterbal,SUBROUTINE,9363,ipslerr_p,
./models/13_ORCHIDEE-MAN-2025/src_sechiba/hydrol.f90,hydrol_waterbal,SUBROUTINE,9363,ipslerr_p,
./models/13_ORCHIDEE-MAN-2025/src_sechiba/hydrol.f90,hydrol_finalize,SUBROUTINE,1682,explicitsnow_finalize,
./models/13_ORCHIDEE-MAN-2025/src_sechiba/hydrolc.f90,hydrolc_init,SUBROUTINE,880,ioconf_setatt_p,
./models/13_ORCHIDEE-MAN-2025/src_sechiba/hydrolc.f90,hydrolc_init,SUBROUTINE,880,ioconf_setatt_p,
./models/13_ORCHIDEE-MAN-2025/src_sechiba/hydrolc.f90,hydrolc_init,SUBROUTINE,880,ioconf_setatt_p,
./models/13_ORCHIDEE-MAN-2025/src_sechiba/hydrolc.f90,hydrolc_init,SUBROUTINE,880,ioconf_setatt_p,
./models/13_ORCHIDEE-MAN-2025/src_sechiba/hydrolc.f90,hydrolc_init,SUBROUTINE,880,ioconf_setatt_p,
./models/13_ORCHIDEE-MAN-2025/src_sechiba/hydrolc.f90,hydrolc_init,SUBROUTINE,880,ioconf_setatt_p,
./models/13_ORCHIDEE-MAN-2025/src_sechiba/hydrolc.f90,hydrolc_init,SUBROUTINE,880,ioconf_setatt_p,
./models/13_ORCHIDEE-MAN-2025/src_sechiba/hydrolc.f90,hydrolc_init,SUBROUTINE,880,ioconf_setatt_p,
./models/13_ORCHIDEE-MAN-2025/src_sechiba/hydrolc.f90,hydrolc_init,SUBROUTINE,880,ioconf_setatt_p,
./models/13_ORCHIDEE-MAN-2025/src_sechiba/hydrolc.f90,hydrolc_init,SUBROUTINE,880,ioconf_setatt_p,
./models/13_ORCHIDEE-MAN-2025/src_sechiba/hydrolc.f90,hydrolc_init,SUBROUTINE,880,ioconf_setatt_p,
./models/13_ORCHIDEE-MAN-2025/src_sechiba/hydrolc.f90,hydrolc_init,SUBROUTINE,880,ioconf_setatt_p,
./models/13_ORCHIDEE-MAN-2025/src_sechiba/hydrolc.f90,hydrolc_init,SUBROUTINE,880,ioconf_setatt_p,
./models/13_ORCHIDEE-MAN-2025/src_sechiba/hydrolc.f90,hydrolc_init,SUBROUTINE,880,ioconf_setatt_p,
./models/13_ORCHIDEE-MAN-2025/src_sechiba/hydrolc.f90,hydrolc_init,SUBROUTINE,880,ioconf_setatt_p,
./models/13_ORCHIDEE-MAN-2025/src_sechiba/hydrolc.f90,hydrolc_init,SUBROUTINE,880,ioconf_setatt_p,
./models/13_ORCHIDEE-MAN-2025/src_sechiba/hydrolc.f90,hydrolc_init,SUBROUTINE,880,ioconf_setatt_p,
./models/13_ORCHIDEE-MAN-2025/src_sechiba/hydrolc.f90,hydrolc_init,SUBROUTINE,880,ioconf_setatt_p,
./models/13_ORCHIDEE-MAN-2025/src_sechiba/hydrolc.f90,hydrolc_init,SUBROUTINE,880,ioconf_setatt_p,
./models/13_ORCHIDEE-MAN-2025/src_sechiba/hydrolc.f90,hydrolc_init,SUBROUTINE,880,ioconf_setatt_p,
./models/13_ORCHIDEE-MAN-2025/src_sechiba/hydrolc.f90,hydrolc_init,SUBROUTINE,880,ioconf_setatt_p,
./models/13_ORCHIDEE-MAN-2025/src_sechiba/hydrolc.f90,hydrolc_init,SUBROUTINE,880,ioconf_setatt_p,
./models/13_ORCHIDEE-MAN-2025/src_sechiba/hydrolc.f90,hydrolc_init,SUBROUTINE,880,ioconf_setatt_p,
./models/13_ORCHIDEE-MAN-2025/src_sechiba/hydrolc.f90,hydrolc_init,SUBROUTINE,880,ioconf_setatt_p,
./models/13_ORCHIDEE-MAN-2025/src_sechiba/hydrolc.f90,hydrolc_init,SUBROUTINE,880,ioconf_setatt_p,
./models/13_ORCHIDEE-MAN-2025/src_sechiba/hydrolc.f90,hydrolc_init,SUBROUTINE,880,ioconf_setatt_p,
./models/13_ORCHIDEE-MAN-2025/src_sechiba/hydrolc.f90,hydrolc_init,SUBROUTINE,880,ioconf_setatt_p,
./models/13_ORCHIDEE-MAN-2025/src_sechiba/hydrolc.f90,hydrolc_init,SUBROUTINE,880,ioconf_setatt_p,
./models/13_ORCHIDEE-MAN-2025/src_sechiba/hydrolc.f90,hydrolc_init,SUBROUTINE,880,ioconf_setatt_p,
./models/13_ORCHIDEE-MAN-2025/src_sechiba/hydrolc.f90,hydrolc_init,SUBROUTINE,880,ioconf_setatt_p,
./models/13_ORCHIDEE-MAN-2025/src_sechiba/hydrolc.f90,hydrolc_init,SUBROUTINE,880,ioconf_setatt_p,
./models/13_ORCHIDEE-MAN-2025/src_sechiba/hydrolc.f90,hydrolc_init,SUBROUTINE,880,ioconf_setatt_p,
./models/13_ORCHIDEE-MAN-2025/src_sechiba/hydrolc.f90,hydrolc_init,SUBROUTINE,880,explicitsnow_initialize,
./models/13_ORCHIDEE-MAN-2025/src_sechiba/hydrolc.f90,hydrolc_main,SUBROUTINE,349,explicitsnow_main,
./models/13_ORCHIDEE-MAN-2025/src_sechiba/hydrolc.f90,hydrolc_main,SUBROUTINE,349,hydrolc_snow,
./models/13_ORCHIDEE-MAN-2025/src_sechiba/hydrolc.f90,hydrolc_main,SUBROUTINE,349,hydrolc_vegupd,
./models/13_ORCHIDEE-MAN-2025/src_sechiba/hydrolc.f90,hydrolc_main,SUBROUTINE,349,hydrolc_canop,
./models/13_ORCHIDEE-MAN-2025/src_sechiba/hydrolc.f90,hydrolc_main,SUBROUTINE,349,hydrolc_flood,
./models/13_ORCHIDEE-MAN-2025/src_sechiba/hydrolc.f90,hydrolc_main,SUBROUTINE,349,hydrolc_soil,
./models/13_ORCHIDEE-MAN-2025/src_sechiba/hydrolc.f90,hydrolc_main,SUBROUTINE,349,hydrolc_hdiff,
./models/13_ORCHIDEE-MAN-2025/src_sechiba/hydrolc.f90,hydrolc_main,SUBROUTINE,349,hydrolc_waterbal,
./models/13_ORCHIDEE-MAN-2025/src_sechiba/hydrolc.f90,hydrolc_main,SUBROUTINE,349,hydrolc_alma,
./models/13_ORCHIDEE-MAN-2025/src_sechiba/hydrolc.f90,hydrolc_snow,SUBROUTINE,1754,ipslerr_p,
./models/13_ORCHIDEE-MAN-2025/src_sechiba/hydrolc.f90,hydrolc_initialize,SUBROUTINE,219,hydrolc_init,
./models/13_ORCHIDEE-MAN-2025/src_sechiba/hydrolc.f90,hydrolc_initialize,SUBROUTINE,219,hydrolc_var_init,
./models/13_ORCHIDEE-MAN-2025/src_sechiba/hydrolc.f90,hydrolc_initialize,SUBROUTINE,219,hydrolc_alma_init,
./models/13_ORCHIDEE-MAN-2025/src_sechiba/hydrolc.f90,hydrolc_finalize,SUBROUTINE,792,explicitsnow_finalize,
./models/13_ORCHIDEE-MAN-2025/src_sechiba/init_top.f90,init_top_main,SUBROUTINE,48,DGAM,
./models/13_ORCHIDEE-MAN-2025/src_sechiba/init_top.f90,init_top_main,SUBROUTINE,48,DGAM,
./models/13_ORCHIDEE-MAN-2025/src_sechiba/init_top.f90,init_top_main,SUBROUTINE,48,DGAM,
./models/13_ORCHIDEE-MAN-2025/src_sechiba/init_top.f90,init_top_main,SUBROUTINE,48,DGAM,
./models/13_ORCHIDEE-MAN-2025/src_sechiba/init_top.f90,init_top_main,SUBROUTINE,48,gamma,
./models/13_ORCHIDEE-MAN-2025/src_sechiba/intersurf.f90,intsurf_history,SUBROUTINE,2534,ipslerr_p,
./models/13_ORCHIDEE-MAN-2025/src_sechiba/intersurf.f90,intsurf_history,SUBROUTINE,2534,ioipslctrl_histstom,
./models/13_ORCHIDEE-MAN-2025/src_sechiba/intersurf.f90,intsurf_history,SUBROUTINE,2534,ipslerr_p,
./models/13_ORCHIDEE-MAN-2025/src_sechiba/intersurf.f90,intsurf_history,SUBROUTINE,2534,stom_IPCC_define_history,
./models/13_ORCHIDEE-MAN-2025/src_sechiba/intersurf.f90,intersurf_initialize_gathered,SUBROUTINE,841,ipslnlf_p,
./models/13_ORCHIDEE-MAN-2025/src_sechiba/intersurf.f90,intersurf_initialize_gathered,SUBROUTINE,841,control_initialize,
./models/13_ORCHIDEE-MAN-2025/src_sechiba/intersurf.f90,intersurf_initialize_gathered,SUBROUTINE,841,intsurf_time,
./models/13_ORCHIDEE-MAN-2025/src_sechiba/intersurf.f90,intersurf_initialize_gathered,SUBROUTINE,841,init_WriteField_p,
./models/13_ORCHIDEE-MAN-2025/src_sechiba/intersurf.f90,intersurf_initialize_gathered,SUBROUTINE,841,ioipslctrl_restini,
./models/13_ORCHIDEE-MAN-2025/src_sechiba/intersurf.f90,intersurf_initialize_gathered,SUBROUTINE,841,ipslerr_p,
./models/13_ORCHIDEE-MAN-2025/src_sechiba/intersurf.f90,intersurf_initialize_gathered,SUBROUTINE,841,xios_orchidee_init,
./models/13_ORCHIDEE-MAN-2025/src_sechiba/intersurf.f90,intersurf_initialize_gathered,SUBROUTINE,841,ioipslctrl_history,
./models/13_ORCHIDEE-MAN-2025/src_sechiba/intersurf.f90,intersurf_initialize_gathered,SUBROUTINE,841,xios_orchidee_change_context,
./models/13_ORCHIDEE-MAN-2025/src_sechiba/intersurf.f90,intersurf_initialize_gathered,SUBROUTINE,841,xios_orchidee_update_calendar,
./models/13_ORCHIDEE-MAN-2025/src_sechiba/intersurf.f90,intersurf_initialize_gathered,SUBROUTINE,841,intsurf_time,
./models/13_ORCHIDEE-MAN-2025/src_sechiba/intersurf.f90,intersurf_initialize_gathered,SUBROUTINE,841,ipslerr_p,
./models/13_ORCHIDEE-MAN-2025/src_sechiba/intersurf.f90,intersurf_initialize_gathered,SUBROUTINE,841,sechiba_initialize,
./models/13_ORCHIDEE-MAN-2025/src_sechiba/intersurf.f90,intersurf_initialize_gathered,SUBROUTINE,841,ipslerr_p,
./models/13_ORCHIDEE-MAN-2025/src_sechiba/intersurf.f90,intersurf_initialize_gathered,SUBROUTINE,841,ipslnlf_p,
./models/13_ORCHIDEE-MAN-2025/src_sechiba/intersurf.f90,intersurf_initialize_gathered,SUBROUTINE,841,xios_orchidee_change_context,
./models/13_ORCHIDEE-MAN-2025/src_sechiba/intersurf.f90,intersurf_main_gathered,SUBROUTINE,1335,ipslnlf_p,
./models/13_ORCHIDEE-MAN-2025/src_sechiba/intersurf.f90,intersurf_main_gathered,SUBROUTINE,1335,intersurf_initialize_gathered,
./models/13_ORCHIDEE-MAN-2025/src_sechiba/intersurf.f90,intersurf_main_gathered,SUBROUTINE,1335,xios_orchidee_change_context,
./models/13_ORCHIDEE-MAN-2025/src_sechiba/intersurf.f90,intersurf_main_gathered,SUBROUTINE,1335,xios_orchidee_update_calendar,
./models/13_ORCHIDEE-MAN-2025/src_sechiba/intersurf.f90,intersurf_main_gathered,SUBROUTINE,1335,intsurf_time,
./models/13_ORCHIDEE-MAN-2025/src_sechiba/intersurf.f90,intersurf_main_gathered,SUBROUTINE,1335,ipslerr_p,
./models/13_ORCHIDEE-MAN-2025/src_sechiba/intersurf.f90,intersurf_main_gathered,SUBROUTINE,1335,sechiba_main,
./models/13_ORCHIDEE-MAN-2025/src_sechiba/intersurf.f90,intersurf_main_gathered,SUBROUTINE,1335,ipslerr_p,
./models/13_ORCHIDEE-MAN-2025/src_sechiba/intersurf.f90,intersurf_main_gathered,SUBROUTINE,1335,ipslnlf_p,
./models/13_ORCHIDEE-MAN-2025/src_sechiba/intersurf.f90,intersurf_main_gathered,SUBROUTINE,1335,xios_orchidee_context_finalize,
./models/13_ORCHIDEE-MAN-2025/src_sechiba/intersurf.f90,intersurf_main_gathered,SUBROUTINE,1335,xios_orchidee_change_context,
./models/13_ORCHIDEE-MAN-2025/src_sechiba/intersurf.f90,intsurf_config,SUBROUTINE,1986,pft_parameters_main,
./models/13_ORCHIDEE-MAN-2025/src_sechiba/intersurf.f90,intsurf_config,SUBROUTINE,1986,activate_sub_models,
./models/13_ORCHIDEE-MAN-2025/src_sechiba/intersurf.f90,intsurf_config,SUBROUTINE,1986,veget_config,
./models/13_ORCHIDEE-MAN-2025/src_sechiba/intersurf.f90,intsurf_config,SUBROUTINE,1986,config_pft_parameters,
./models/13_ORCHIDEE-MAN-2025/src_sechiba/intersurf.f90,intsurf_config,SUBROUTINE,1986,config_sechiba_parameters,
./models/13_ORCHIDEE-MAN-2025/src_sechiba/intersurf.f90,intsurf_config,SUBROUTINE,1986,config_sechiba_pft_parameters,
./models/13_ORCHIDEE-MAN-2025/src_sechiba/intersurf.f90,intsurf_config,SUBROUTINE,1986,config_soil_parameters,
./models/13_ORCHIDEE-MAN-2025/src_sechiba/intersurf.f90,intsurf_config,SUBROUTINE,1986,config_co2_parameters,
./models/13_ORCHIDEE-MAN-2025/src_sechiba/intersurf.f90,intsurf_config,SUBROUTINE,1986,config_stomate_parameters,
./models/13_ORCHIDEE-MAN-2025/src_sechiba/intersurf.f90,intsurf_config,SUBROUTINE,1986,config_stomate_pft_parameters,
./models/13_ORCHIDEE-MAN-2025/src_sechiba/intersurf.f90,intsurf_config,SUBROUTINE,1986,config_dgvm_parameters,
./models/13_ORCHIDEE-MAN-2025/src_sechiba/intersurf.f90,intersurf_initialize_2d,SUBROUTINE,113,ipslnlf_p,
./models/13_ORCHIDEE-MAN-2025/src_sechiba/intersurf.f90,intersurf_initialize_2d,SUBROUTINE,113,control_initialize,
./models/13_ORCHIDEE-MAN-2025/src_sechiba/intersurf.f90,intersurf_initialize_2d,SUBROUTINE,113,intsurf_time,
./models/13_ORCHIDEE-MAN-2025/src_sechiba/intersurf.f90,intersurf_initialize_2d,SUBROUTINE,113,ioipslctrl_restini,
./models/13_ORCHIDEE-MAN-2025/src_sechiba/intersurf.f90,intersurf_initialize_2d,SUBROUTINE,113,ipslerr_p,
./models/13_ORCHIDEE-MAN-2025/src_sechiba/intersurf.f90,intersurf_initialize_2d,SUBROUTINE,113,xios_orchidee_init,
./models/13_ORCHIDEE-MAN-2025/src_sechiba/intersurf.f90,intersurf_initialize_2d,SUBROUTINE,113,ioipslctrl_history,
./models/13_ORCHIDEE-MAN-2025/src_sechiba/intersurf.f90,intersurf_initialize_2d,SUBROUTINE,113,xios_orchidee_update_calendar,
./models/13_ORCHIDEE-MAN-2025/src_sechiba/intersurf.f90,intersurf_initialize_2d,SUBROUTINE,113,intsurf_time,
./models/13_ORCHIDEE-MAN-2025/src_sechiba/intersurf.f90,intersurf_initialize_2d,SUBROUTINE,113,sechiba_initialize,
./models/13_ORCHIDEE-MAN-2025/src_sechiba/intersurf.f90,intersurf_initialize_2d,SUBROUTINE,113,ipslnlf_p,
./models/13_ORCHIDEE-MAN-2025/src_sechiba/intersurf.f90,intersurf_main_2d,SUBROUTINE,458,ipslnlf_p,
./models/13_ORCHIDEE-MAN-2025/src_sechiba/intersurf.f90,intersurf_main_2d,SUBROUTINE,458,xios_orchidee_update_calendar,
./models/13_ORCHIDEE-MAN-2025/src_sechiba/intersurf.f90,intersurf_main_2d,SUBROUTINE,458,intsurf_time,
./models/13_ORCHIDEE-MAN-2025/src_sechiba/intersurf.f90,intersurf_main_2d,SUBROUTINE,458,sechiba_main,
./models/13_ORCHIDEE-MAN-2025/src_sechiba/intersurf.f90,intersurf_main_2d,SUBROUTINE,458,ipslnlf_p,
./models/13_ORCHIDEE-MAN-2025/src_sechiba/intersurf.f90,init_intersurf,SUBROUTINE,775,start_timer,
./models/13_ORCHIDEE-MAN-2025/src_sechiba/intersurf.f90,init_intersurf,SUBROUTINE,775,grid_set_glo,
./models/13_ORCHIDEE-MAN-2025/src_sechiba/intersurf.f90,init_intersurf,SUBROUTINE,775,barrier2_omp,
./models/13_ORCHIDEE-MAN-2025/src_sechiba/intersurf.f90,init_intersurf,SUBROUTINE,775,Set_stdout_file,
./models/13_ORCHIDEE-MAN-2025/src_sechiba/intersurf.f90,init_intersurf,SUBROUTINE,775,barrier2_omp,
./models/13_ORCHIDEE-MAN-2025/src_sechiba/intersurf.f90,init_intersurf,SUBROUTINE,775,grid_init,
./models/13_ORCHIDEE-MAN-2025/src_sechiba/ioipslctrl.f90,ioipslctrl_history,SUBROUTINE,65,ipslerr_p,
./models/13_ORCHIDEE-MAN-2025/src_sechiba/ioipslctrl.f90,ioipslctrl_history,SUBROUTINE,65,ioipslctrl_histstom,
./models/13_ORCHIDEE-MAN-2025/src_sechiba/ioipslctrl.f90,ioipslctrl_history,SUBROUTINE,65,ipslerr_p,
./models/13_ORCHIDEE-MAN-2025/src_sechiba/ioipslctrl.f90,ioipslctrl_history,SUBROUTINE,65,ioipslctrl_histstomipcc,
./models/13_ORCHIDEE-MAN-2025/src_sechiba/qsat_moisture.f90,qsatcalc,SUBROUTINE,79,qsfrict_init,
./models/13_ORCHIDEE-MAN-2025/src_sechiba/qsat_moisture.f90,qsatcalc,SUBROUTINE,79,ipslerr_p,
./models/13_ORCHIDEE-MAN-2025/src_sechiba/qsat_moisture.f90,qsatcalc,SUBROUTINE,79,ipslerr_p,
./models/13_ORCHIDEE-MAN-2025/src_sechiba/qsat_moisture.f90,dev_qsatcalc,SUBROUTINE,311,qsfrict_init,
./models/13_ORCHIDEE-MAN-2025/src_sechiba/qsat_moisture.f90,dev_qsatcalc,SUBROUTINE,311,ipslerr_p,
./models/13_ORCHIDEE-MAN-2025/src_sechiba/qsat_moisture.f90,dev_qsatcalc,SUBROUTINE,311,ipslerr_p,
./models/13_ORCHIDEE-MAN-2025/src_sechiba/qsat_moisture.f90,qsat_old,FUNCTION,203,qsfrict_init,
./models/13_ORCHIDEE-MAN-2025/src_sechiba/qsat_moisture.f90,qsat_old,FUNCTION,203,ipslerr_p,
./models/13_ORCHIDEE-MAN-2025/src_sechiba/qsat_moisture.f90,qsat_old,FUNCTION,203,ipslerr_p,
./models/13_ORCHIDEE-MAN-2025/src_sechiba/qsat_moisture.f90,dev_qsat_old,FUNCTION,430,qsfrict_init,
./models/13_ORCHIDEE-MAN-2025/src_sechiba/qsat_moisture.f90,dev_qsat_old,FUNCTION,430,ipslerr_p,
./models/13_ORCHIDEE-MAN-2025/src_sechiba/qsat_moisture.f90,dev_qsat_old,FUNCTION,430,ipslerr_p,
./models/13_ORCHIDEE-MAN-2025/src_sechiba/routing.f90,routing_flow,SUBROUTINE,2944,ipslerr_p,
./models/13_ORCHIDEE-MAN-2025/src_sechiba/routing.f90,routing_flow,SUBROUTINE,2944,poc_decomposition,
./models/13_ORCHIDEE-MAN-2025/src_sechiba/routing.f90,routing_flow,SUBROUTINE,2944,poc_decomposition,
./models/13_ORCHIDEE-MAN-2025/src_sechiba/routing.f90,routing_flow,SUBROUTINE,2944,poc_decomposition,
./models/13_ORCHIDEE-MAN-2025/src_sechiba/routing.f90,routing_flow,SUBROUTINE,2944,poc_decomposition,
./models/13_ORCHIDEE-MAN-2025/src_sechiba/routing.f90,routing_flow,SUBROUTINE,2944,poc_decomposition,
./models/13_ORCHIDEE-MAN-2025/src_sechiba/routing.f90,routing_irrigmap,SUBROUTINE,10673,ipslerr_p,
./models/13_ORCHIDEE-MAN-2025/src_sechiba/routing.f90,routing_irrigmap,SUBROUTINE,10673,ipslerr_p,
./models/13_ORCHIDEE-MAN-2025/src_sechiba/routing.f90,routing_irrigmap,SUBROUTINE,10673,ipslerr_p,
./models/13_ORCHIDEE-MAN-2025/src_sechiba/routing.f90,routing_init,SUBROUTINE,1662,ioconf_setatt_p,
./models/13_ORCHIDEE-MAN-2025/src_sechiba/routing.f90,routing_init,SUBROUTINE,1662,ioconf_setatt_p,
./models/13_ORCHIDEE-MAN-2025/src_sechiba/routing.f90,routing_init,SUBROUTINE,1662,ioconf_setatt_p,
./models/13_ORCHIDEE-MAN-2025/src_sechiba/routing.f90,routing_init,SUBROUTINE,1662,ioconf_setatt_p,
./models/13_ORCHIDEE-MAN-2025/src_sechiba/routing.f90,routing_init,SUBROUTINE,1662,ioconf_setatt_p,
./models/13_ORCHIDEE-MAN-2025/src_sechiba/routing.f90,routing_init,SUBROUTINE,1662,ioconf_setatt_p,
./models/13_ORCHIDEE-MAN-2025/src_sechiba/routing.f90,routing_init,SUBROUTINE,1662,ioconf_setatt_p,
./models/13_ORCHIDEE-MAN-2025/src_sechiba/routing.f90,routing_init,SUBROUTINE,1662,ioconf_setatt_p,
./models/13_ORCHIDEE-MAN-2025/src_sechiba/routing.f90,routing_diagncfile,SUBROUTINE,6349,ipslerr_p,
./models/13_ORCHIDEE-MAN-2025/src_sechiba/routing.f90,routing_diagncfile,SUBROUTINE,6349,ipslerr_p,
./models/13_ORCHIDEE-MAN-2025/src_sechiba/routing.f90,routing_diagncfile,SUBROUTINE,6349,ipslerr_p,
./models/13_ORCHIDEE-MAN-2025/src_sechiba/routing.f90,routing_diagncfile,SUBROUTINE,6349,ipslerr_p,
./models/13_ORCHIDEE-MAN-2025/src_sechiba/routing.f90,routing_diagncfile,SUBROUTINE,6349,ipslerr_p,
./models/13_ORCHIDEE-MAN-2025/src_sechiba/routing.f90,routing_diagncfile,SUBROUTINE,6349,ipslerr_p,
./models/13_ORCHIDEE-MAN-2025/src_sechiba/routing.f90,routing_diagncfile,SUBROUTINE,6349,ipslerr_p,
./models/13_ORCHIDEE-MAN-2025/src_sechiba/routing.f90,routing_diagncfile,SUBROUTINE,6349,ipslerr_p,
./models/13_ORCHIDEE-MAN-2025/src_sechiba/routing.f90,routing_diagncfile,SUBROUTINE,6349,ipslerr_p,
./models/13_ORCHIDEE-MAN-2025/src_sechiba/routing.f90,routing_diagncfile,SUBROUTINE,6349,ipslerr_p,
./models/13_ORCHIDEE-MAN-2025/src_sechiba/routing.f90,routing_diagncfile,SUBROUTINE,6349,ipslerr_p,
./models/13_ORCHIDEE-MAN-2025/src_sechiba/routing.f90,routing_diagncfile,SUBROUTINE,6349,ipslerr_p,
./models/13_ORCHIDEE-MAN-2025/src_sechiba/routing.f90,routing_diagncfile,SUBROUTINE,6349,ipslerr_p,
./models/13_ORCHIDEE-MAN-2025/src_sechiba/routing.f90,routing_diagncfile,SUBROUTINE,6349,ipslerr_p,
./models/13_ORCHIDEE-MAN-2025/src_sechiba/routing.f90,routing_diagncfile,SUBROUTINE,6349,ipslerr_p,
./models/13_ORCHIDEE-MAN-2025/src_sechiba/routing.f90,routing_diagncfile,SUBROUTINE,6349,ipslerr_p,
./models/13_ORCHIDEE-MAN-2025/src_sechiba/routing.f90,routing_diagncfile,SUBROUTINE,6349,ipslerr_p,
./models/13_ORCHIDEE-MAN-2025/src_sechiba/routing.f90,routing_diagncfile,SUBROUTINE,6349,ipslerr_p,
./models/13_ORCHIDEE-MAN-2025/src_sechiba/routing.f90,routing_diagncfile,SUBROUTINE,6349,ipslerr_p,
./models/13_ORCHIDEE-MAN-2025/src_sechiba/routing.f90,routing_diagncfile,SUBROUTINE,6349,ipslerr_p,
./models/13_ORCHIDEE-MAN-2025/src_sechiba/routing.f90,routing_diagncfile,SUBROUTINE,6349,ipslerr_p,
./models/13_ORCHIDEE-MAN-2025/src_sechiba/routing.f90,routing_diagncfile,SUBROUTINE,6349,ipslerr_p,
./models/13_ORCHIDEE-MAN-2025/src_sechiba/routing.f90,routing_diagncfile,SUBROUTINE,6349,ipslerr_p,
./models/13_ORCHIDEE-MAN-2025/src_sechiba/routing.f90,routing_diagncfile,SUBROUTINE,6349,ipslerr_p,
./models/13_ORCHIDEE-MAN-2025/src_sechiba/routing.f90,routing_diagncfile,SUBROUTINE,6349,ipslerr_p,
./models/13_ORCHIDEE-MAN-2025/src_sechiba/routing.f90,routing_diagncfile,SUBROUTINE,6349,ipslerr_p,
./models/13_ORCHIDEE-MAN-2025/src_sechiba/routing.f90,routing_diagncfile,SUBROUTINE,6349,ipslerr_p,
./models/13_ORCHIDEE-MAN-2025/src_sechiba/routing.f90,routing_diagncfile,SUBROUTINE,6349,ipslerr_p,
./models/13_ORCHIDEE-MAN-2025/src_sechiba/routing.f90,routing_diagncfile,SUBROUTINE,6349,ipslerr_p,
./models/13_ORCHIDEE-MAN-2025/src_sechiba/routing.f90,routing_diagncfile,SUBROUTINE,6349,ipslerr_p,
./models/13_ORCHIDEE-MAN-2025/src_sechiba/routing.f90,routing_diagncfile,SUBROUTINE,6349,ipslerr_p,
./models/13_ORCHIDEE-MAN-2025/src_sechiba/routing.f90,routing_diagncfile,SUBROUTINE,6349,ipslerr_p,
./models/13_ORCHIDEE-MAN-2025/src_sechiba/routing.f90,routing_diagncfile,SUBROUTINE,6349,ipslerr_p,
./models/13_ORCHIDEE-MAN-2025/src_sechiba/routing.f90,routing_diagncfile,SUBROUTINE,6349,ipslerr_p,
./models/13_ORCHIDEE-MAN-2025/src_sechiba/routing.f90,routing_diagnostic,SUBROUTINE,5577,ipslerr_p,
./models/13_ORCHIDEE-MAN-2025/src_sechiba/routing.f90,routing_diagnostic,SUBROUTINE,5577,routing_names,
./models/13_ORCHIDEE-MAN-2025/src_sechiba/routing.f90,routing_diagnostic,SUBROUTINE,5577,ipslerr_p,
./models/13_ORCHIDEE-MAN-2025/src_sechiba/routing.f90,routing_diagnostic,SUBROUTINE,5577,routing_diagcode,
./models/13_ORCHIDEE-MAN-2025/src_sechiba/routing.f90,routing_diagnostic,SUBROUTINE,5577,ipslerr_p,
./models/13_ORCHIDEE-MAN-2025/src_sechiba/routing.f90,routing_diagnostic,SUBROUTINE,5577,ipslerr_p,
./models/13_ORCHIDEE-MAN-2025/src_sechiba/routing.f90,routing_diagnostic,SUBROUTINE,5577,routing_diagncfile,
./models/13_ORCHIDEE-MAN-2025/src_sechiba/routing.f90,routing_basins,SUBROUTINE,6991,ipslerr_p,
./models/13_ORCHIDEE-MAN-2025/src_sechiba/routing.f90,routing_basins,SUBROUTINE,6991,ipslerr_p,
./models/13_ORCHIDEE-MAN-2025/src_sechiba/routing.f90,routing_basins,SUBROUTINE,6991,ipslerr_p,
./models/13_ORCHIDEE-MAN-2025/src_sechiba/routing.f90,routing_basins,SUBROUTINE,6991,routing_hierarchy,
./models/13_ORCHIDEE-MAN-2025/src_sechiba/routing.f90,routing_basins,SUBROUTINE,6991,routing_getgrid,
./models/13_ORCHIDEE-MAN-2025/src_sechiba/routing.f90,routing_basins,SUBROUTINE,6991,routing_findbasins,
./models/13_ORCHIDEE-MAN-2025/src_sechiba/routing.f90,routing_basins,SUBROUTINE,6991,routing_globalize,
./models/13_ORCHIDEE-MAN-2025/src_sechiba/routing.f90,routing_basins,SUBROUTINE,6991,routing_linkup,
./models/13_ORCHIDEE-MAN-2025/src_sechiba/routing.f90,routing_basins,SUBROUTINE,6991,routing_fetch,
./models/13_ORCHIDEE-MAN-2025/src_sechiba/routing.f90,routing_basins,SUBROUTINE,6991,routing_truncate,
./models/13_ORCHIDEE-MAN-2025/src_sechiba/routing.f90,routing_linkup,SUBROUTINE,8957,ipslerr_p,
./models/13_ORCHIDEE-MAN-2025/src_sechiba/routing.f90,routing_linkup,SUBROUTINE,8957,ipslerr_p,
./models/13_ORCHIDEE-MAN-2025/src_sechiba/routing.f90,routing_linkup,SUBROUTINE,8957,ipslerr_p,
./models/13_ORCHIDEE-MAN-2025/src_sechiba/routing.f90,routing_linkup,SUBROUTINE,8957,ipslerr_p,
./models/13_ORCHIDEE-MAN-2025/src_sechiba/routing.f90,routing_linkup,SUBROUTINE,8957,ipslerr_p,
./models/13_ORCHIDEE-MAN-2025/src_sechiba/routing.f90,routing_linkup,SUBROUTINE,8957,ipslerr_p,
./models/13_ORCHIDEE-MAN-2025/src_sechiba/routing.f90,routing_truncate,SUBROUTINE,9596,routing_killbas,
./models/13_ORCHIDEE-MAN-2025/src_sechiba/routing.f90,routing_truncate,SUBROUTINE,9596,ipslerr_p,
./models/13_ORCHIDEE-MAN-2025/src_sechiba/routing.f90,routing_truncate,SUBROUTINE,9596,routing_killbas,
./models/13_ORCHIDEE-MAN-2025/src_sechiba/routing.f90,routing_truncate,SUBROUTINE,9596,ipslerr_p,
./models/13_ORCHIDEE-MAN-2025/src_sechiba/routing.f90,routing_truncate,SUBROUTINE,9596,ipslerr_p,
./models/13_ORCHIDEE-MAN-2025/src_sechiba/routing.f90,routing_truncate,SUBROUTINE,9596,ipslerr_p,
./models/13_ORCHIDEE-MAN-2025/src_sechiba/routing.f90,routing_truncate,SUBROUTINE,9596,ipslerr_p,
./models/13_ORCHIDEE-MAN-2025/src_sechiba/routing.f90,routing_main,SUBROUTINE,784,routing_damreservoir,
./models/13_ORCHIDEE-MAN-2025/src_sechiba/routing.f90,routing_main,SUBROUTINE,784,routing_waterbal,
./models/13_ORCHIDEE-MAN-2025/src_sechiba/routing.f90,routing_main,SUBROUTINE,784,routing_flow,
./models/13_ORCHIDEE-MAN-2025/src_sechiba/routing.f90,routing_main,SUBROUTINE,784,routing_lake,
./models/13_ORCHIDEE-MAN-2025/src_sechiba/routing.f90,routing_main,SUBROUTINE,784,routing_waterbal,
./models/13_ORCHIDEE-MAN-2025/src_sechiba/routing.f90,routing_initialize,SUBROUTINE,442,routing_init,
./models/13_ORCHIDEE-MAN-2025/src_sechiba/routing.f90,routing_initialize,SUBROUTINE,442,routing_basins_p,
./models/13_ORCHIDEE-MAN-2025/src_sechiba/routing.f90,routing_initialize,SUBROUTINE,442,routing_irrigmap,
./models/13_ORCHIDEE-MAN-2025/src_sechiba/routing.f90,routing_initialize,SUBROUTINE,442,routing_diagnostic_p,
./models/13_ORCHIDEE-MAN-2025/src_sechiba/routing.f90,routing_findbasins,SUBROUTINE,7862,routing_simplify,
./models/13_ORCHIDEE-MAN-2025/src_sechiba/routing.f90,routing_findbasins,SUBROUTINE,7862,routing_cutbasin,
./models/13_ORCHIDEE-MAN-2025/src_sechiba/routing.f90,routing_findbasins,SUBROUTINE,7862,ipslerr_p,
./models/13_ORCHIDEE-MAN-2025/src_sechiba/routing.f90,routing_findbasins,SUBROUTINE,7862,ipslerr_p,
./models/13_ORCHIDEE-MAN-2025/src_sechiba/routing.f90,routing_findbasins,SUBROUTINE,7862,ipslerr_p,
./models/13_ORCHIDEE-MAN-2025/src_sechiba/routing.f90,routing_cutbasin,SUBROUTINE,8331,routing_findrout,
./models/13_ORCHIDEE-MAN-2025/src_sechiba/routing.f90,routing_cutbasin,SUBROUTINE,8331,ipslerr_p,
./models/13_ORCHIDEE-MAN-2025/src_sechiba/routing.f90,routing_cutbasin,SUBROUTINE,8331,ipslerr_p,
./models/13_ORCHIDEE-MAN-2025/src_sechiba/routing.f90,routing_getgrid,SUBROUTINE,7547,routing_sortcoord,
./models/13_ORCHIDEE-MAN-2025/src_sechiba/routing.f90,routing_getgrid,SUBROUTINE,7547,routing_sortcoord,
./models/13_ORCHIDEE-MAN-2025/src_sechiba/routing.f90,routing_simplify,SUBROUTINE,8143,routing_findrout,
./models/13_ORCHIDEE-MAN-2025/src_sechiba/routing.f90,routing_killbas,SUBROUTINE,10091,ipslerr_p,
./models/13_ORCHIDEE-MAN-2025/src_sechiba/routing.f90,routing_findrout,SUBROUTINE,8647,ipslerr_p,
./models/13_ORCHIDEE-MAN-2025/src_sechiba/routing.f90,routing_findrout,SUBROUTINE,8647,ipslerr_p,
./models/13_ORCHIDEE-MAN-2025/src_sechiba/routing.f90,routing_globalize,SUBROUTINE,8780,ipslerr_p,
./models/13_ORCHIDEE-MAN-2025/src_sechiba/routing.f90,routing_globalize,SUBROUTINE,8780,ipslerr_p,
./models/13_ORCHIDEE-MAN-2025/src_sechiba/routing.f90,routing_fetch,SUBROUTINE,9435,ipslerr_p,
./models/13_ORCHIDEE-MAN-2025/src_sechiba/routing.f90,routing_sortcoord,SUBROUTINE,7728,ipslerr_p,
./models/13_ORCHIDEE-MAN-2025/src_sechiba/routing.f90,routing_sortcoord,SUBROUTINE,7728,ipslerr_p,
./models/13_ORCHIDEE-MAN-2025/src_sechiba/routing.f90,routing_hierarchy,SUBROUTINE,8539,ipslerr_p,
./models/13_ORCHIDEE-MAN-2025/src_sechiba/routing.f90,routing_hierarchy,SUBROUTINE,8539,ipslerr_p,
./models/13_ORCHIDEE-MAN-2025/src_sechiba/routing.f90,routing_hierarchy,SUBROUTINE,8539,ipslerr_p,
./models/13_ORCHIDEE-MAN-2025/src_sechiba/routing.f90,routing_diagnostic_p,SUBROUTINE,5468,routing_diagnostic,
./models/13_ORCHIDEE-MAN-2025/src_sechiba/sechiba.f90,sechiba_init,SUBROUTINE,1958,ipslerr_p,
./models/13_ORCHIDEE-MAN-2025/src_sechiba/sechiba.f90,sechiba_clear,SUBROUTINE,2838,pft_parameters_clear,
./models/13_ORCHIDEE-MAN-2025/src_sechiba/sechiba.f90,sechiba_clear,SUBROUTINE,2838,slowproc_clear,
./models/13_ORCHIDEE-MAN-2025/src_sechiba/sechiba.f90,sechiba_clear,SUBROUTINE,2838,diffuco_clear,
./models/13_ORCHIDEE-MAN-2025/src_sechiba/sechiba.f90,sechiba_clear,SUBROUTINE,2838,enerbil_clear,
./models/13_ORCHIDEE-MAN-2025/src_sechiba/sechiba.f90,sechiba_clear,SUBROUTINE,2838,hydrol_clear,
./models/13_ORCHIDEE-MAN-2025/src_sechiba/sechiba.f90,sechiba_clear,SUBROUTINE,2838,thermosoil_clear,
./models/13_ORCHIDEE-MAN-2025/src_sechiba/sechiba.f90,sechiba_clear,SUBROUTINE,2838,hydrolc_clear,
./models/13_ORCHIDEE-MAN-2025/src_sechiba/sechiba.f90,sechiba_clear,SUBROUTINE,2838,thermosoilc_clear,
./models/13_ORCHIDEE-MAN-2025/src_sechiba/sechiba.f90,sechiba_clear,SUBROUTINE,2838,condveg_clear,
./models/13_ORCHIDEE-MAN-2025/src_sechiba/sechiba.f90,sechiba_clear,SUBROUTINE,2838,routing_clear,
./models/13_ORCHIDEE-MAN-2025/src_sechiba/sechiba.f90,sechiba_main,SUBROUTINE,829,sechiba_var_init,
./models/13_ORCHIDEE-MAN-2025/src_sechiba/sechiba.f90,sechiba_main,SUBROUTINE,829,diffuco_main,
./models/13_ORCHIDEE-MAN-2025/src_sechiba/sechiba.f90,sechiba_main,SUBROUTINE,829,enerbil_main,
./models/13_ORCHIDEE-MAN-2025/src_sechiba/sechiba.f90,sechiba_main,SUBROUTINE,829,hydrolc_main,
./models/13_ORCHIDEE-MAN-2025/src_sechiba/sechiba.f90,sechiba_main,SUBROUTINE,829,hydrol_main,
./models/13_ORCHIDEE-MAN-2025/src_sechiba/sechiba.f90,sechiba_main,SUBROUTINE,829,enerbil_fusion,
./models/13_ORCHIDEE-MAN-2025/src_sechiba/sechiba.f90,sechiba_main,SUBROUTINE,829,condveg_main,
./models/13_ORCHIDEE-MAN-2025/src_sechiba/sechiba.f90,sechiba_main,SUBROUTINE,829,thermosoil_main,
./models/13_ORCHIDEE-MAN-2025/src_sechiba/sechiba.f90,sechiba_main,SUBROUTINE,829,thermosoilc_main,
./models/13_ORCHIDEE-MAN-2025/src_sechiba/sechiba.f90,sechiba_main,SUBROUTINE,829,slowproc_main,
./models/13_ORCHIDEE-MAN-2025/src_sechiba/sechiba.f90,sechiba_main,SUBROUTINE,829,erosion_main,
./models/13_ORCHIDEE-MAN-2025/src_sechiba/sechiba.f90,sechiba_main,SUBROUTINE,829,routing_main,
./models/13_ORCHIDEE-MAN-2025/src_sechiba/sechiba.f90,sechiba_main,SUBROUTINE,829,sechiba_get_cmd,
./models/13_ORCHIDEE-MAN-2025/src_sechiba/sechiba.f90,sechiba_main,SUBROUTINE,829,hydrol_rotation_update,
./models/13_ORCHIDEE-MAN-2025/src_sechiba/sechiba.f90,sechiba_main,SUBROUTINE,829,thermosoil_rotation_update,
./models/13_ORCHIDEE-MAN-2025/src_sechiba/sechiba.f90,sechiba_main,SUBROUTINE,829,sechiba_end,
./models/13_ORCHIDEE-MAN-2025/src_sechiba/sechiba.f90,sechiba_main,SUBROUTINE,829,slowproc_change_frac,
./models/13_ORCHIDEE-MAN-2025/src_sechiba/sechiba.f90,sechiba_main,SUBROUTINE,829,sechiba_finalize,
./models/13_ORCHIDEE-MAN-2025/src_sechiba/sechiba.f90,sechiba_initialize,SUBROUTINE,480,sechiba_init,
./models/13_ORCHIDEE-MAN-2025/src_sechiba/sechiba.f90,sechiba_initialize,SUBROUTINE,480,slowproc_initialize,
./models/13_ORCHIDEE-MAN-2025/src_sechiba/sechiba.f90,sechiba_initialize,SUBROUTINE,480,diffuco_initialize,
./models/13_ORCHIDEE-MAN-2025/src_sechiba/sechiba.f90,sechiba_initialize,SUBROUTINE,480,enerbil_initialize,
./models/13_ORCHIDEE-MAN-2025/src_sechiba/sechiba.f90,sechiba_initialize,SUBROUTINE,480,hydrolc_initialize,
./models/13_ORCHIDEE-MAN-2025/src_sechiba/sechiba.f90,sechiba_initialize,SUBROUTINE,480,hydrol_initialize,
./models/13_ORCHIDEE-MAN-2025/src_sechiba/sechiba.f90,sechiba_initialize,SUBROUTINE,480,condveg_initialize,
./models/13_ORCHIDEE-MAN-2025/src_sechiba/sechiba.f90,sechiba_initialize,SUBROUTINE,480,thermosoil_initialize,
./models/13_ORCHIDEE-MAN-2025/src_sechiba/sechiba.f90,sechiba_initialize,SUBROUTINE,480,thermosoilc_initialize,
./models/13_ORCHIDEE-MAN-2025/src_sechiba/sechiba.f90,sechiba_initialize,SUBROUTINE,480,erosion_initialize,
./models/13_ORCHIDEE-MAN-2025/src_sechiba/sechiba.f90,sechiba_initialize,SUBROUTINE,480,routing_initialize,
./models/13_ORCHIDEE-MAN-2025/src_sechiba/sechiba.f90,sechiba_finalize,SUBROUTINE,1800,diffuco_finalize,
./models/13_ORCHIDEE-MAN-2025/src_sechiba/sechiba.f90,sechiba_finalize,SUBROUTINE,1800,enerbil_finalize,
./models/13_ORCHIDEE-MAN-2025/src_sechiba/sechiba.f90,sechiba_finalize,SUBROUTINE,1800,hydrolc_finalize,
./models/13_ORCHIDEE-MAN-2025/src_sechiba/sechiba.f90,sechiba_finalize,SUBROUTINE,1800,hydrol_finalize,
./models/13_ORCHIDEE-MAN-2025/src_sechiba/sechiba.f90,sechiba_finalize,SUBROUTINE,1800,condveg_finalize,
./models/13_ORCHIDEE-MAN-2025/src_sechiba/sechiba.f90,sechiba_finalize,SUBROUTINE,1800,thermosoil_finalize,
./models/13_ORCHIDEE-MAN-2025/src_sechiba/sechiba.f90,sechiba_finalize,SUBROUTINE,1800,thermosoilc_finalize,
./models/13_ORCHIDEE-MAN-2025/src_sechiba/sechiba.f90,sechiba_finalize,SUBROUTINE,1800,routing_finalize,
./models/13_ORCHIDEE-MAN-2025/src_sechiba/sechiba.f90,sechiba_finalize,SUBROUTINE,1800,slowproc_finalize,
./models/13_ORCHIDEE-MAN-2025/src_sechiba/slowproc.f90,slowproc_init,SUBROUTINE,1306,ioconf_setatt_p,
./models/13_ORCHIDEE-MAN-2025/src_sechiba/slowproc.f90,slowproc_init,SUBROUTINE,1306,ioconf_setatt_p,
./models/13_ORCHIDEE-MAN-2025/src_sechiba/slowproc.f90,slowproc_init,SUBROUTINE,1306,ioconf_setatt_p,
./models/13_ORCHIDEE-MAN-2025/src_sechiba/slowproc.f90,slowproc_init,SUBROUTINE,1306,ioconf_setatt_p,
./models/13_ORCHIDEE-MAN-2025/src_sechiba/slowproc.f90,slowproc_init,SUBROUTINE,1306,ioconf_setatt_p,
./models/13_ORCHIDEE-MAN-2025/src_sechiba/slowproc.f90,slowproc_init,SUBROUTINE,1306,ioconf_setatt_p,
./models/13_ORCHIDEE-MAN-2025/src_sechiba/slowproc.f90,slowproc_init,SUBROUTINE,1306,ioconf_setatt_p,
./models/13_ORCHIDEE-MAN-2025/src_sechiba/slowproc.f90,slowproc_init,SUBROUTINE,1306,ioconf_setatt_p,
./models/13_ORCHIDEE-MAN-2025/src_sechiba/slowproc.f90,slowproc_init,SUBROUTINE,1306,ipslerr_p,
./models/13_ORCHIDEE-MAN-2025/src_sechiba/slowproc.f90,slowproc_init,SUBROUTINE,1306,ioconf_setatt_p,
./models/13_ORCHIDEE-MAN-2025/src_sechiba/slowproc.f90,slowproc_init,SUBROUTINE,1306,ioconf_setatt_p,
./models/13_ORCHIDEE-MAN-2025/src_sechiba/slowproc.f90,slowproc_init,SUBROUTINE,1306,ioconf_setatt_p,
./models/13_ORCHIDEE-MAN-2025/src_sechiba/slowproc.f90,slowproc_init,SUBROUTINE,1306,ioconf_setatt_p,
./models/13_ORCHIDEE-MAN-2025/src_sechiba/slowproc.f90,slowproc_init,SUBROUTINE,1306,ioconf_setatt_p,
./models/13_ORCHIDEE-MAN-2025/src_sechiba/slowproc.f90,slowproc_init,SUBROUTINE,1306,ioconf_setatt_p,
./models/13_ORCHIDEE-MAN-2025/src_sechiba/slowproc.f90,slowproc_init,SUBROUTINE,1306,ioconf_setatt_p,
./models/13_ORCHIDEE-MAN-2025/src_sechiba/slowproc.f90,slowproc_init,SUBROUTINE,1306,ioconf_setatt_p,
./models/13_ORCHIDEE-MAN-2025/src_sechiba/slowproc.f90,slowproc_init,SUBROUTINE,1306,ioconf_setatt_p,
./models/13_ORCHIDEE-MAN-2025/src_sechiba/slowproc.f90,slowproc_init,SUBROUTINE,1306,ioconf_setatt_p,
./models/13_ORCHIDEE-MAN-2025/src_sechiba/slowproc.f90,slowproc_init,SUBROUTINE,1306,ioconf_setatt_p,
./models/13_ORCHIDEE-MAN-2025/src_sechiba/slowproc.f90,slowproc_init,SUBROUTINE,1306,ioconf_setatt_p,
./models/13_ORCHIDEE-MAN-2025/src_sechiba/slowproc.f90,slowproc_init,SUBROUTINE,1306,ioconf_setatt_p,
./models/13_ORCHIDEE-MAN-2025/src_sechiba/slowproc.f90,slowproc_init,SUBROUTINE,1306,ioconf_setatt_p,
./models/13_ORCHIDEE-MAN-2025/src_sechiba/slowproc.f90,slowproc_init,SUBROUTINE,1306,ioconf_setatt_p,
./models/13_ORCHIDEE-MAN-2025/src_sechiba/slowproc.f90,slowproc_init,SUBROUTINE,1306,ioconf_setatt_p,
./models/13_ORCHIDEE-MAN-2025/src_sechiba/slowproc.f90,slowproc_init,SUBROUTINE,1306,ioconf_setatt_p,
./models/13_ORCHIDEE-MAN-2025/src_sechiba/slowproc.f90,slowproc_init,SUBROUTINE,1306,ioconf_setatt_p,
./models/13_ORCHIDEE-MAN-2025/src_sechiba/slowproc.f90,slowproc_init,SUBROUTINE,1306,ioconf_setatt_p,
./models/13_ORCHIDEE-MAN-2025/src_sechiba/slowproc.f90,slowproc_init,SUBROUTINE,1306,ioconf_setatt_p,
./models/13_ORCHIDEE-MAN-2025/src_sechiba/slowproc.f90,slowproc_init,SUBROUTINE,1306,ioconf_setatt_p,
./models/13_ORCHIDEE-MAN-2025/src_sechiba/slowproc.f90,slowproc_init,SUBROUTINE,1306,ioconf_setatt_p,
./models/13_ORCHIDEE-MAN-2025/src_sechiba/slowproc.f90,slowproc_init,SUBROUTINE,1306,ioconf_setatt_p,
./models/13_ORCHIDEE-MAN-2025/src_sechiba/slowproc.f90,slowproc_init,SUBROUTINE,1306,ioconf_setatt_p,
./models/13_ORCHIDEE-MAN-2025/src_sechiba/slowproc.f90,slowproc_init,SUBROUTINE,1306,ioconf_setatt_p,
./models/13_ORCHIDEE-MAN-2025/src_sechiba/slowproc.f90,slowproc_init,SUBROUTINE,1306,ioconf_setatt_p,
./models/13_ORCHIDEE-MAN-2025/src_sechiba/slowproc.f90,slowproc_init,SUBROUTINE,1306,ioconf_setatt_p,
./models/13_ORCHIDEE-MAN-2025/src_sechiba/slowproc.f90,slowproc_init,SUBROUTINE,1306,ioconf_setatt_p,
./models/13_ORCHIDEE-MAN-2025/src_sechiba/slowproc.f90,slowproc_init,SUBROUTINE,1306,ioconf_setatt_p,
./models/13_ORCHIDEE-MAN-2025/src_sechiba/slowproc.f90,slowproc_init,SUBROUTINE,1306,ioconf_setatt_p,
./models/13_ORCHIDEE-MAN-2025/src_sechiba/slowproc.f90,slowproc_init,SUBROUTINE,1306,ioconf_setatt_p,
./models/13_ORCHIDEE-MAN-2025/src_sechiba/slowproc.f90,slowproc_init,SUBROUTINE,1306,ioconf_setatt_p,
./models/13_ORCHIDEE-MAN-2025/src_sechiba/slowproc.f90,slowproc_init,SUBROUTINE,1306,ioconf_setatt_p,
./models/13_ORCHIDEE-MAN-2025/src_sechiba/slowproc.f90,slowproc_init,SUBROUTINE,1306,ioconf_setatt_p,
./models/13_ORCHIDEE-MAN-2025/src_sechiba/slowproc.f90,slowproc_init,SUBROUTINE,1306,ioconf_setatt_p,
./models/13_ORCHIDEE-MAN-2025/src_sechiba/slowproc.f90,slowproc_init,SUBROUTINE,1306,ioconf_setatt_p,
./models/13_ORCHIDEE-MAN-2025/src_sechiba/slowproc.f90,slowproc_init,SUBROUTINE,1306,ioconf_setatt_p,
./models/13_ORCHIDEE-MAN-2025/src_sechiba/slowproc.f90,slowproc_init,SUBROUTINE,1306,ioconf_setatt_p,
./models/13_ORCHIDEE-MAN-2025/src_sechiba/slowproc.f90,slowproc_init,SUBROUTINE,1306,ioconf_setatt_p,
./models/13_ORCHIDEE-MAN-2025/src_sechiba/slowproc.f90,slowproc_init,SUBROUTINE,1306,ioconf_setatt_p,
./models/13_ORCHIDEE-MAN-2025/src_sechiba/slowproc.f90,slowproc_init,SUBROUTINE,1306,ioconf_setatt_p,
./models/13_ORCHIDEE-MAN-2025/src_sechiba/slowproc.f90,slowproc_init,SUBROUTINE,1306,ioconf_setatt_p,
./models/13_ORCHIDEE-MAN-2025/src_sechiba/slowproc.f90,slowproc_init,SUBROUTINE,1306,slowproc_veget,
./models/13_ORCHIDEE-MAN-2025/src_sechiba/slowproc.f90,slowproc_init,SUBROUTINE,1306,slowproc_soilt,
./models/13_ORCHIDEE-MAN-2025/src_sechiba/slowproc.f90,slowproc_init,SUBROUTINE,1306,slowproc_readvegetmax,
./models/13_ORCHIDEE-MAN-2025/src_sechiba/slowproc.f90,slowproc_init,SUBROUTINE,1306,slowproc_readvegetmax,
./models/13_ORCHIDEE-MAN-2025/src_sechiba/slowproc.f90,slowproc_init,SUBROUTINE,1306,slowproc_interpol_g,
./models/13_ORCHIDEE-MAN-2025/src_sechiba/slowproc.f90,slowproc_init,SUBROUTINE,1306,slowproc_read_veg_restfile,
./models/13_ORCHIDEE-MAN-2025/src_sechiba/slowproc.f90,slowproc_init,SUBROUTINE,1306,slowproc_interpol,
./models/13_ORCHIDEE-MAN-2025/src_sechiba/slowproc.f90,slowproc_init,SUBROUTINE,1306,slowproc_veget,
./models/13_ORCHIDEE-MAN-2025/src_sechiba/slowproc.f90,slowproc_init,SUBROUTINE,1306,slowproc_interlai,
./models/13_ORCHIDEE-MAN-2025/src_sechiba/slowproc.f90,slowproc_init,SUBROUTINE,1306,slowproc_lai,
./models/13_ORCHIDEE-MAN-2025/src_sechiba/slowproc.f90,slowproc_init,SUBROUTINE,1306,slowproc_soilt,
./models/13_ORCHIDEE-MAN-2025/src_sechiba/slowproc.f90,slowproc_init,SUBROUTINE,1306,ipslerr_p,
./models/13_ORCHIDEE-MAN-2025/src_sechiba/slowproc.f90,slowproc_init,SUBROUTINE,1306,slowproc_slope,
./models/13_ORCHIDEE-MAN-2025/src_sechiba/slowproc.f90,slowproc_init,SUBROUTINE,1306,slowproc_read_data,
./models/13_ORCHIDEE-MAN-2025/src_sechiba/slowproc.f90,slowproc_init,SUBROUTINE,1306,slowproc_read_data,
./models/13_ORCHIDEE-MAN-2025/src_sechiba/slowproc.f90,slowproc_init,SUBROUTINE,1306,slowproc_read_data,
./models/13_ORCHIDEE-MAN-2025/src_sechiba/slowproc.f90,slowproc_init,SUBROUTINE,1306,slowproc_read_data,
./models/13_ORCHIDEE-MAN-2025/src_sechiba/slowproc.f90,slowproc_init,SUBROUTINE,1306,slowproc_read_data,
./models/13_ORCHIDEE-MAN-2025/src_sechiba/slowproc.f90,slowproc_init,SUBROUTINE,1306,slowproc_read_data,
./models/13_ORCHIDEE-MAN-2025/src_sechiba/slowproc.f90,slowproc_init,SUBROUTINE,1306,slowproc_read_data,
./models/13_ORCHIDEE-MAN-2025/src_sechiba/slowproc.f90,slowproc_init,SUBROUTINE,1306,slowproc_read_data,
./models/13_ORCHIDEE-MAN-2025/src_sechiba/slowproc.f90,slowproc_init,SUBROUTINE,1306,slowproc_read_data,
./models/13_ORCHIDEE-MAN-2025/src_sechiba/slowproc.f90,slowproc_init,SUBROUTINE,1306,slowproc_read_data,
./models/13_ORCHIDEE-MAN-2025/src_sechiba/slowproc.f90,slowproc_init,SUBROUTINE,1306,slowproc_read_data,
./models/13_ORCHIDEE-MAN-2025/src_sechiba/slowproc.f90,slowproc_init,SUBROUTINE,1306,slowproc_read_annual,
./models/13_ORCHIDEE-MAN-2025/src_sechiba/slowproc.f90,slowproc_init,SUBROUTINE,1306,slowproc_read_annual,
./models/13_ORCHIDEE-MAN-2025/src_sechiba/slowproc.f90,slowproc_init,SUBROUTINE,1306,slowproc_read_annual,
./models/13_ORCHIDEE-MAN-2025/src_sechiba/slowproc.f90,slowproc_init,SUBROUTINE,1306,slowproc_read_data,
./models/13_ORCHIDEE-MAN-2025/src_sechiba/slowproc.f90,slowproc_soilt,SUBROUTINE,4284,get_soilcorr_zobler,
./models/13_ORCHIDEE-MAN-2025/src_sechiba/slowproc.f90,slowproc_soilt,SUBROUTINE,4284,ipslerr_p,
./models/13_ORCHIDEE-MAN-2025/src_sechiba/slowproc.f90,slowproc_soilt,SUBROUTINE,4284,ipslerr_p,
./models/13_ORCHIDEE-MAN-2025/src_sechiba/slowproc.f90,slowproc_soilt,SUBROUTINE,4284,get_soilcorr_zobler,
./models/13_ORCHIDEE-MAN-2025/src_sechiba/slowproc.f90,slowproc_soilt,SUBROUTINE,4284,get_soilcorr_usda,
./models/13_ORCHIDEE-MAN-2025/src_sechiba/slowproc.f90,slowproc_soilt,SUBROUTINE,4284,ipslerr_p,
./models/13_ORCHIDEE-MAN-2025/src_sechiba/slowproc.f90,slowproc_soilt,SUBROUTINE,4284,ipslerr_p,
./models/13_ORCHIDEE-MAN-2025/src_sechiba/slowproc.f90,slowproc_main,SUBROUTINE,343,slowproc_readvegetmax,
./models/13_ORCHIDEE-MAN-2025/src_sechiba/slowproc.f90,slowproc_main,SUBROUTINE,343,slowproc_readvegetmax,
./models/13_ORCHIDEE-MAN-2025/src_sechiba/slowproc.f90,slowproc_main,SUBROUTINE,343,slowproc_readvegetmax,
./models/13_ORCHIDEE-MAN-2025/src_sechiba/slowproc.f90,slowproc_main,SUBROUTINE,343,slowproc_veget,
./models/13_ORCHIDEE-MAN-2025/src_sechiba/slowproc.f90,slowproc_main,SUBROUTINE,343,stomate_read_cycle,
./models/13_ORCHIDEE-MAN-2025/src_sechiba/slowproc.f90,slowproc_main,SUBROUTINE,343,stomate_read_rotation,
./models/13_ORCHIDEE-MAN-2025/src_sechiba/slowproc.f90,slowproc_main,SUBROUTINE,343,stomate_read_plantdate,
./models/13_ORCHIDEE-MAN-2025/src_sechiba/slowproc.f90,slowproc_main,SUBROUTINE,343,stomate_main,
./models/13_ORCHIDEE-MAN-2025/src_sechiba/slowproc.f90,slowproc_main,SUBROUTINE,343,slowproc_lai,
./models/13_ORCHIDEE-MAN-2025/src_sechiba/slowproc.f90,slowproc_main,SUBROUTINE,343,slowproc_veget,
./models/13_ORCHIDEE-MAN-2025/src_sechiba/slowproc.f90,slowproc_main,SUBROUTINE,343,slowproc_derivvar,
./models/13_ORCHIDEE-MAN-2025/src_sechiba/slowproc.f90,slowproc_main,SUBROUTINE,343,slowproc_checkveget,
./models/13_ORCHIDEE-MAN-2025/src_sechiba/slowproc.f90,slowproc_clear,SUBROUTINE,2545,stomate_clear,
./models/13_ORCHIDEE-MAN-2025/src_sechiba/slowproc.f90,slowproc_readvegetmax,SUBROUTINE,3278,interpweight_3D,
./models/13_ORCHIDEE-MAN-2025/src_sechiba/slowproc.f90,slowproc_readvegetmax,SUBROUTINE,3278,ipslerr_p,
./models/13_ORCHIDEE-MAN-2025/src_sechiba/slowproc.f90,slowproc_readvegetmax,SUBROUTINE,3278,ipslerr_p,
./models/13_ORCHIDEE-MAN-2025/src_sechiba/slowproc.f90,slowproc_readvegetmax,SUBROUTINE,3278,ipslerr_p,
./models/13_ORCHIDEE-MAN-2025/src_sechiba/slowproc.f90,slowproc_interpol_g,SUBROUTINE,3876,get_vegcorr,
./models/13_ORCHIDEE-MAN-2025/src_sechiba/slowproc.f90,slowproc_interpol_g,SUBROUTINE,3876,slowproc_nearest,
./models/13_ORCHIDEE-MAN-2025/src_sechiba/slowproc.f90,slowproc_interpol,SUBROUTINE,3616,get_vegcorr,
./models/13_ORCHIDEE-MAN-2025/src_sechiba/slowproc.f90,slowproc_interpol,SUBROUTINE,3616,interpweight_1D,
./models/13_ORCHIDEE-MAN-2025/src_sechiba/slowproc.f90,slowproc_interpol,SUBROUTINE,3616,slowproc_nearest,
./models/13_ORCHIDEE-MAN-2025/src_sechiba/slowproc.f90,slowproc_read_data,SUBROUTINE,6029,slowproc_nearest,
./models/13_ORCHIDEE-MAN-2025/src_sechiba/slowproc.f90,slowproc_checkveget,SUBROUTINE,5824,ipslerr_p,
./models/13_ORCHIDEE-MAN-2025/src_sechiba/slowproc.f90,slowproc_checkveget,SUBROUTINE,5824,ipslerr_p,
./models/13_ORCHIDEE-MAN-2025/src_sechiba/slowproc.f90,slowproc_checkveget,SUBROUTINE,5824,ipslerr_p,
./models/13_ORCHIDEE-MAN-2025/src_sechiba/slowproc.f90,slowproc_checkveget,SUBROUTINE,5824,ipslerr_p,
./models/13_ORCHIDEE-MAN-2025/src_sechiba/slowproc.f90,slowproc_checkveget,SUBROUTINE,5824,ipslerr_p,
./models/13_ORCHIDEE-MAN-2025/src_sechiba/slowproc.f90,slowproc_checkveget,SUBROUTINE,5824,ipslerr_p,
./models/13_ORCHIDEE-MAN-2025/src_sechiba/slowproc.f90,slowproc_checkveget,SUBROUTINE,5824,ipslerr_p,
./models/13_ORCHIDEE-MAN-2025/src_sechiba/slowproc.f90,slowproc_read_annual,SUBROUTINE,6300,slowproc_nearest,
./models/13_ORCHIDEE-MAN-2025/src_sechiba/slowproc.f90,slowproc_interlai,SUBROUTINE,3081,interpweight_4D,
./models/13_ORCHIDEE-MAN-2025/src_sechiba/slowproc.f90,slowproc_lai,SUBROUTINE,2949,ipslerr_p,
./models/13_ORCHIDEE-MAN-2025/src_sechiba/slowproc.f90,slowproc_lai,SUBROUTINE,2949,ipslerr_p,
./models/13_ORCHIDEE-MAN-2025/src_sechiba/slowproc.f90,get_vegcorr,SUBROUTINE,5089,ipslerr_p,
./models/13_ORCHIDEE-MAN-2025/src_sechiba/slowproc.f90,get_vegcorr,SUBROUTINE,5089,ipslerr_p,
./models/13_ORCHIDEE-MAN-2025/src_sechiba/slowproc.f90,get_vegcorr,SUBROUTINE,5089,ipslerr_p,
./models/13_ORCHIDEE-MAN-2025/src_sechiba/slowproc.f90,get_vegcorr,SUBROUTINE,5089,ipslerr_p,
./models/13_ORCHIDEE-MAN-2025/src_sechiba/slowproc.f90,slowproc_finalize,SUBROUTINE,1158,stomate_finalize,
./models/13_ORCHIDEE-MAN-2025/src_sechiba/slowproc.f90,slowproc_initialize,SUBROUTINE,173,slowproc_init,
./models/13_ORCHIDEE-MAN-2025/src_sechiba/slowproc.f90,slowproc_initialize,SUBROUTINE,173,ipslerr_p,
./models/13_ORCHIDEE-MAN-2025/src_sechiba/slowproc.f90,slowproc_initialize,SUBROUTINE,173,stomate_initialize,
./models/13_ORCHIDEE-MAN-2025/src_sechiba/slowproc.f90,slowproc_initialize,SUBROUTINE,173,slowproc_derivvar,
./models/13_ORCHIDEE-MAN-2025/src_sechiba/slowproc.f90,slowproc_slope,SUBROUTINE,4944,interpweight_2Dcont,
./models/13_ORCHIDEE-MAN-2025/src_sechiba/slowproc.f90,get_soilcorr_zobler,SUBROUTINE,5475,ipslerr_p,
./models/13_ORCHIDEE-MAN-2025/src_sechiba/slowproc.f90,get_soilcorr_zobler,SUBROUTINE,5475,ipslerr_p,
./models/13_ORCHIDEE-MAN-2025/src_sechiba/slowproc.f90,slowproc_change_frac,SUBROUTINE,5967,slowproc_veget,
./models/13_ORCHIDEE-MAN-2025/src_sechiba/slowproc.f90,slowproc_change_frac,SUBROUTINE,5967,slowproc_checkveget,
./models/13_ORCHIDEE-MAN-2025/src_sechiba/slowproc.f90,get_soilcorr_usda,SUBROUTINE,5563,ipslerr_p,
./models/13_ORCHIDEE-MAN-2025/src_sechiba/thermosoil.f90,thermosoil_initialize,SUBROUTINE,226,ioconf_setatt_p,
./models/13_ORCHIDEE-MAN-2025/src_sechiba/thermosoil.f90,thermosoil_initialize,SUBROUTINE,226,ioconf_setatt_p,
./models/13_ORCHIDEE-MAN-2025/src_sechiba/thermosoil.f90,thermosoil_initialize,SUBROUTINE,226,thermosoil_read_reftempfile,
./models/13_ORCHIDEE-MAN-2025/src_sechiba/thermosoil.f90,thermosoil_initialize,SUBROUTINE,226,read_refSOCfile,
./models/13_ORCHIDEE-MAN-2025/src_sechiba/thermosoil.f90,thermosoil_initialize,SUBROUTINE,226,ioconf_setatt_p,
./models/13_ORCHIDEE-MAN-2025/src_sechiba/thermosoil.f90,thermosoil_initialize,SUBROUTINE,226,ioconf_setatt_p,
./models/13_ORCHIDEE-MAN-2025/src_sechiba/thermosoil.f90,thermosoil_initialize,SUBROUTINE,226,ioconf_setatt_p,
./models/13_ORCHIDEE-MAN-2025/src_sechiba/thermosoil.f90,thermosoil_initialize,SUBROUTINE,226,ioconf_setatt_p,
./models/13_ORCHIDEE-MAN-2025/src_sechiba/thermosoil.f90,thermosoil_initialize,SUBROUTINE,226,thermosoil_var_init,
./models/13_ORCHIDEE-MAN-2025/src_sechiba/thermosoil.f90,thermosoil_initialize,SUBROUTINE,226,thermosoil_coef,
./models/13_ORCHIDEE-MAN-2025/src_sechiba/thermosoil.f90,thermosoil_initialize,SUBROUTINE,226,ioconf_setatt_p,
./models/13_ORCHIDEE-MAN-2025/src_sechiba/thermosoil.f90,thermosoil_initialize,SUBROUTINE,226,ioconf_setatt_p,
./models/13_ORCHIDEE-MAN-2025/src_sechiba/thermosoil.f90,thermosoil_initialize,SUBROUTINE,226,ioconf_setatt_p,
./models/13_ORCHIDEE-MAN-2025/src_sechiba/thermosoil.f90,thermosoil_initialize,SUBROUTINE,226,ioconf_setatt_p,
./models/13_ORCHIDEE-MAN-2025/src_sechiba/thermosoil.f90,thermosoil_initialize,SUBROUTINE,226,ioconf_setatt_p,
./models/13_ORCHIDEE-MAN-2025/src_sechiba/thermosoil.f90,thermosoil_initialize,SUBROUTINE,226,ioconf_setatt_p,
./models/13_ORCHIDEE-MAN-2025/src_sechiba/thermosoil.f90,thermosoil_initialize,SUBROUTINE,226,ioconf_setatt_p,
./models/13_ORCHIDEE-MAN-2025/src_sechiba/thermosoil.f90,thermosoil_initialize,SUBROUTINE,226,ioconf_setatt_p,
./models/13_ORCHIDEE-MAN-2025/src_sechiba/thermosoil.f90,thermosoil_initialize,SUBROUTINE,226,ioconf_setatt_p,
./models/13_ORCHIDEE-MAN-2025/src_sechiba/thermosoil.f90,thermosoil_initialize,SUBROUTINE,226,ioconf_setatt_p,
./models/13_ORCHIDEE-MAN-2025/src_sechiba/thermosoil.f90,thermosoil_initialize,SUBROUTINE,226,ioconf_setatt_p,
./models/13_ORCHIDEE-MAN-2025/src_sechiba/thermosoil.f90,thermosoil_initialize,SUBROUTINE,226,ioconf_setatt_p,
./models/13_ORCHIDEE-MAN-2025/src_sechiba/thermosoil.f90,thermosoil_initialize,SUBROUTINE,226,ioconf_setatt_p,
./models/13_ORCHIDEE-MAN-2025/src_sechiba/thermosoil.f90,thermosoil_initialize,SUBROUTINE,226,ioconf_setatt_p,
./models/13_ORCHIDEE-MAN-2025/src_sechiba/thermosoil.f90,thermosoil_initialize,SUBROUTINE,226,thermosoil_var_init,
./models/13_ORCHIDEE-MAN-2025/src_sechiba/thermosoil.f90,thermosoil_initialize,SUBROUTINE,226,thermosoil_humlev,
./models/13_ORCHIDEE-MAN-2025/src_sechiba/thermosoil.f90,thermosoil_initialize,SUBROUTINE,226,thermosoil_coef,
./models/13_ORCHIDEE-MAN-2025/src_sechiba/thermosoil.f90,thermosoil_getdiff,SUBROUTINE,2565,ipslerr_p,
./models/13_ORCHIDEE-MAN-2025/src_sechiba/thermosoil.f90,thermosoil_getdiff,SUBROUTINE,2565,thermosoil_cond_pft,
./models/13_ORCHIDEE-MAN-2025/src_sechiba/thermosoil.f90,thermosoil_getdiff,SUBROUTINE,2565,thermosoil_cond_nopft,
./models/13_ORCHIDEE-MAN-2025/src_sechiba/thermosoil.f90,thermosoil_coef,SUBROUTINE,1385,thermosoil_getdiff,
./models/13_ORCHIDEE-MAN-2025/src_sechiba/thermosoil.f90,thermosoil_coef,SUBROUTINE,1385,thermosoil_getdiff_old_thermix_with_snow,
./models/13_ORCHIDEE-MAN-2025/src_sechiba/thermosoil.f90,thermosoil_main,SUBROUTINE,788,thermosoil_humlev,
./models/13_ORCHIDEE-MAN-2025/src_sechiba/thermosoil.f90,thermosoil_main,SUBROUTINE,788,thermosoil_wlupdate,
./models/13_ORCHIDEE-MAN-2025/src_sechiba/thermosoil.f90,thermosoil_main,SUBROUTINE,788,thermosoil_profile,
./models/13_ORCHIDEE-MAN-2025/src_sechiba/thermosoil.f90,thermosoil_main,SUBROUTINE,788,thermosoil_energy,
./models/13_ORCHIDEE-MAN-2025/src_sechiba/thermosoil.f90,thermosoil_main,SUBROUTINE,788,add_heat_Zimov,
./models/13_ORCHIDEE-MAN-2025/src_sechiba/thermosoil.f90,thermosoil_main,SUBROUTINE,788,thermosoil_coef,
./models/13_ORCHIDEE-MAN-2025/src_sechiba/thermosoil.f90,thermosoil_main,SUBROUTINE,788,ipslerr_p,
./models/13_ORCHIDEE-MAN-2025/src_sechiba/thermosoil.f90,thermosoil_getdiff_old_thermix_with_snow,SUBROUTINE,2883,thermosoil_cond,
./models/13_ORCHIDEE-MAN-2025/src_sechiba/thermosoil.f90,thermosoil_getdiff_old_thermix_with_snow,SUBROUTINE,2883,thermosoil_cond,
./models/13_ORCHIDEE-MAN-2025/src_sechiba/thermosoil.f90,thermosoil_getdiff_old_thermix_with_snow,SUBROUTINE,2883,thermosoil_cond,
./models/13_ORCHIDEE-MAN-2025/src_sechiba/thermosoil.f90,update_deep_soil_moisture,SUBROUTINE,3531,lint,
./models/13_ORCHIDEE-MAN-2025/src_sechiba/thermosoil.f90,thermosoil_profile,SUBROUTINE,1760,thermosoil_diaglev,
./models/13_ORCHIDEE-MAN-2025/src_sechiba/thermosoil.f90,thermosoil_getdiff_old_thermix_without_snow,SUBROUTINE,3046,thermosoil_cond,
./models/13_ORCHIDEE-MAN-2025/src_sechiba/thermosoil.f90,thermosoil_var_init,SUBROUTINE,1238,thermosoil_humlev,
./models/13_ORCHIDEE-MAN-2025/src_sechiba/thermosoil.f90,thermosoil_var_init,SUBROUTINE,1238,thermosoil_getdiff,
./models/13_ORCHIDEE-MAN-2025/src_sechiba/thermosoil.f90,thermosoil_var_init,SUBROUTINE,1238,thermosoil_getdiff_thinsnow,
./models/13_ORCHIDEE-MAN-2025/src_sechiba/thermosoil.f90,thermosoil_var_init,SUBROUTINE,1238,thermosoil_diaglev,
./models/13_ORCHIDEE-MAN-2025/src_sechiba/thermosoil.f90,thermosoil_read_reftempfile,SUBROUTINE,3113,interpweight_2Dcont,
./models/13_ORCHIDEE-MAN-2025/src_sechiba/thermosoilc.f90,thermosoilc_initialize,SUBROUTINE,284,ioconf_setatt_p,
./models/13_ORCHIDEE-MAN-2025/src_sechiba/thermosoilc.f90,thermosoilc_initialize,SUBROUTINE,284,ioconf_setatt_p,
./models/13_ORCHIDEE-MAN-2025/src_sechiba/thermosoilc.f90,thermosoilc_initialize,SUBROUTINE,284,thermosoilc_read_reftempfile,
./models/13_ORCHIDEE-MAN-2025/src_sechiba/thermosoilc.f90,thermosoilc_initialize,SUBROUTINE,284,ioconf_setatt_p,
./models/13_ORCHIDEE-MAN-2025/src_sechiba/thermosoilc.f90,thermosoilc_initialize,SUBROUTINE,284,ioconf_setatt_p,
./models/13_ORCHIDEE-MAN-2025/src_sechiba/thermosoilc.f90,thermosoilc_initialize,SUBROUTINE,284,ioconf_setatt_p,
./models/13_ORCHIDEE-MAN-2025/src_sechiba/thermosoilc.f90,thermosoilc_initialize,SUBROUTINE,284,ioconf_setatt_p,
./models/13_ORCHIDEE-MAN-2025/src_sechiba/thermosoilc.f90,thermosoilc_initialize,SUBROUTINE,284,thermosoilc_var_init,
./models/13_ORCHIDEE-MAN-2025/src_sechiba/thermosoilc.f90,thermosoilc_initialize,SUBROUTINE,284,thermosoilc_coef,
./models/13_ORCHIDEE-MAN-2025/src_sechiba/thermosoilc.f90,thermosoilc_initialize,SUBROUTINE,284,ioconf_setatt_p,
./models/13_ORCHIDEE-MAN-2025/src_sechiba/thermosoilc.f90,thermosoilc_initialize,SUBROUTINE,284,ioconf_setatt_p,
./models/13_ORCHIDEE-MAN-2025/src_sechiba/thermosoilc.f90,thermosoilc_initialize,SUBROUTINE,284,ioconf_setatt_p,
./models/13_ORCHIDEE-MAN-2025/src_sechiba/thermosoilc.f90,thermosoilc_initialize,SUBROUTINE,284,ioconf_setatt_p,
./models/13_ORCHIDEE-MAN-2025/src_sechiba/thermosoilc.f90,thermosoilc_initialize,SUBROUTINE,284,ioconf_setatt_p,
./models/13_ORCHIDEE-MAN-2025/src_sechiba/thermosoilc.f90,thermosoilc_initialize,SUBROUTINE,284,ioconf_setatt_p,
./models/13_ORCHIDEE-MAN-2025/src_sechiba/thermosoilc.f90,thermosoilc_initialize,SUBROUTINE,284,ioconf_setatt_p,
./models/13_ORCHIDEE-MAN-2025/src_sechiba/thermosoilc.f90,thermosoilc_initialize,SUBROUTINE,284,ioconf_setatt_p,
./models/13_ORCHIDEE-MAN-2025/src_sechiba/thermosoilc.f90,thermosoilc_initialize,SUBROUTINE,284,ioconf_setatt_p,
./models/13_ORCHIDEE-MAN-2025/src_sechiba/thermosoilc.f90,thermosoilc_initialize,SUBROUTINE,284,ioconf_setatt_p,
./models/13_ORCHIDEE-MAN-2025/src_sechiba/thermosoilc.f90,thermosoilc_initialize,SUBROUTINE,284,ioconf_setatt_p,
./models/13_ORCHIDEE-MAN-2025/src_sechiba/thermosoilc.f90,thermosoilc_initialize,SUBROUTINE,284,ioconf_setatt_p,
./models/13_ORCHIDEE-MAN-2025/src_sechiba/thermosoilc.f90,thermosoilc_initialize,SUBROUTINE,284,ioconf_setatt_p,
./models/13_ORCHIDEE-MAN-2025/src_sechiba/thermosoilc.f90,thermosoilc_initialize,SUBROUTINE,284,ioconf_setatt_p,
./models/13_ORCHIDEE-MAN-2025/src_sechiba/thermosoilc.f90,thermosoilc_initialize,SUBROUTINE,284,thermosoilc_var_init,
./models/13_ORCHIDEE-MAN-2025/src_sechiba/thermosoilc.f90,thermosoilc_initialize,SUBROUTINE,284,thermosoilc_coef,
./models/13_ORCHIDEE-MAN-2025/src_sechiba/thermosoilc.f90,thermosoilc_coef,SUBROUTINE,1342,thermosoilc_getdiff,
./models/13_ORCHIDEE-MAN-2025/src_sechiba/thermosoilc.f90,thermosoilc_coef,SUBROUTINE,1342,thermosoilc_getdiff_old_thermix_with_snow,
./models/13_ORCHIDEE-MAN-2025/src_sechiba/thermosoilc.f90,thermosoilc_coef,SUBROUTINE,1342,thermosoilc_readjust,
./models/13_ORCHIDEE-MAN-2025/src_sechiba/thermosoilc.f90,thermosoilc_main,SUBROUTINE,693,thermosoilc_humlev,
./models/13_ORCHIDEE-MAN-2025/src_sechiba/thermosoilc.f90,thermosoilc_main,SUBROUTINE,693,thermosoilc_wlupdate,
./models/13_ORCHIDEE-MAN-2025/src_sechiba/thermosoilc.f90,thermosoilc_main,SUBROUTINE,693,thermosoilc_profile,
./models/13_ORCHIDEE-MAN-2025/src_sechiba/thermosoilc.f90,thermosoilc_main,SUBROUTINE,693,thermosoilc_energy,
./models/13_ORCHIDEE-MAN-2025/src_sechiba/thermosoilc.f90,thermosoilc_main,SUBROUTINE,693,add_heat_Zimov,
./models/13_ORCHIDEE-MAN-2025/src_sechiba/thermosoilc.f90,thermosoilc_main,SUBROUTINE,693,thermosoilc_coef,
./models/13_ORCHIDEE-MAN-2025/src_sechiba/thermosoilc.f90,thermosoilc_humlev,SUBROUTINE,1870,update_deep_soil_moisture,
./models/13_ORCHIDEE-MAN-2025/src_sechiba/thermosoilc.f90,update_deep_soil_moisture,SUBROUTINE,2003,lint,
./models/13_ORCHIDEE-MAN-2025/src_sechiba/thermosoilc.f90,thermosoilc_profile,SUBROUTINE,1665,thermosoilc_diaglev,
./models/13_ORCHIDEE-MAN-2025/src_sechiba/thermosoilc.f90,thermosoilc_var_init,SUBROUTINE,1153,get_discretization_constants,
./models/13_ORCHIDEE-MAN-2025/src_sechiba/thermosoilc.f90,thermosoilc_var_init,SUBROUTINE,1153,thermosoilc_vert_axes,
./models/13_ORCHIDEE-MAN-2025/src_sechiba/thermosoilc.f90,thermosoilc_var_init,SUBROUTINE,1153,thermosoilc_humlev,
./models/13_ORCHIDEE-MAN-2025/src_sechiba/thermosoilc.f90,thermosoilc_var_init,SUBROUTINE,1153,thermosoilc_getdiff,
./models/13_ORCHIDEE-MAN-2025/src_sechiba/thermosoilc.f90,thermosoilc_var_init,SUBROUTINE,1153,thermosoilc_getdiff_thinsnow,
./models/13_ORCHIDEE-MAN-2025/src_sechiba/thermosoilc.f90,thermosoilc_var_init,SUBROUTINE,1153,thermosoilc_diaglev,
./models/13_ORCHIDEE-MAN-2025/src_sechiba/thermosoilc.f90,thermosoilc_vert_axes,SUBROUTINE,2886,get_discretization_constants,
./models/13_ORCHIDEE-MAN-2025/src_sechiba/thermosoilc.f90,thermosoilc_read_reftempfile,SUBROUTINE,2759,interpweight_2Dcont,
./models/13_ORCHIDEE-MAN-2025/src_sechiba/thermosoilc.f90,get_discretization_constants,SUBROUTINE,2955,ipslerr_p,
./models/13_ORCHIDEE-MAN-2025/src_sechiba/thermosoilc.f90,thermosoilc_levels,FUNCTION,2994,get_discretization_constants,
./models/13_ORCHIDEE-MAN-2025/src_sticslai/Stics.f90,driver_stics,SUBROUTINE,141,laidev,
./models/13_ORCHIDEE-MAN-2025/src_sticslai/Stics_Calcul_LAI.f90,calai_,SUBROUTINE,56,CalculNombreDeFeuilles,
./models/13_ORCHIDEE-MAN-2025/src_sticslai/Stics_Calcul_LAI.f90,calai_,SUBROUTINE,56,CalculNombreDeFeuilles,
./models/13_ORCHIDEE-MAN-2025/src_sticslai/Stics_Develop.f90,develop2,SUBROUTINE,29,Stics_Develop_bfroid2,
./models/13_ORCHIDEE-MAN-2025/src_sticslai/Stics_Develop.f90,Stics_Develop_bfroid2,SUBROUTINE,877,Vernalisation,
./models/13_ORCHIDEE-MAN-2025/src_sticslai/Stics_Lai_Developpement.f90,laidev,SUBROUTINE,50,develop2,
./models/13_ORCHIDEE-MAN-2025/src_sticslai/Stics_Lai_Developpement.f90,laidev,SUBROUTINE,50,calai_,
./models/13_ORCHIDEE-MAN-2025/src_sticslai/Stics_Lai_Developpement.f90,laidev,SUBROUTINE,50,senescen,
./models/13_ORCHIDEE-MAN-2025/src_sticslai/Stics_Lai_Developpement.f90,laidev,SUBROUTINE,50,stress,
./models/13_ORCHIDEE-MAN-2025/src_stomate/grassland_fonctions.f90,Pm,SUBROUTINE,285,fTsigm,
./models/13_ORCHIDEE-MAN-2025/src_stomate/grassland_fonctions.f90,s_fonct,SUBROUTINE,371,es_fonct,
./models/13_ORCHIDEE-MAN-2025/src_stomate/grassland_grazing.f90,Animaux_main,SUBROUTINE,320,Animal_Init,
./models/13_ORCHIDEE-MAN-2025/src_stomate/grassland_grazing.f90,Animaux_main,SUBROUTINE,320,variablesPlantes,
./models/13_ORCHIDEE-MAN-2025/src_stomate/grassland_grazing.f90,Animaux_main,SUBROUTINE,320,nel_grazing_calcul,
./models/13_ORCHIDEE-MAN-2025/src_stomate/grassland_grazing.f90,Animaux_main,SUBROUTINE,320,Grazing_intake,
./models/13_ORCHIDEE-MAN-2025/src_stomate/grassland_grazing.f90,Animaux_main,SUBROUTINE,320,variablesPlantes,
./models/13_ORCHIDEE-MAN-2025/src_stomate/grassland_grazing.f90,Animaux_main,SUBROUTINE,320,chg_plante,
./models/13_ORCHIDEE-MAN-2025/src_stomate/grassland_grazing.f90,Animaux_main,SUBROUTINE,320,Milk_Animal,
./models/13_ORCHIDEE-MAN-2025/src_stomate/grassland_grazing.f90,Animaux_main,SUBROUTINE,320,cal_grazing,
./models/13_ORCHIDEE-MAN-2025/src_stomate/grassland_grazing.f90,Animaux_main,SUBROUTINE,320,Euler_funct,
./models/13_ORCHIDEE-MAN-2025/src_stomate/grassland_grazing.f90,Animaux_main,SUBROUTINE,320,Euler_funct,
./models/13_ORCHIDEE-MAN-2025/src_stomate/grassland_grazing.f90,Animaux_main,SUBROUTINE,320,Respiration_Methane,
./models/13_ORCHIDEE-MAN-2025/src_stomate/grassland_grazing.f90,Animaux_main,SUBROUTINE,320,Urine_Faeces,
./models/13_ORCHIDEE-MAN-2025/src_stomate/grassland_grazing.f90,Animaux_main_dynamic,SUBROUTINE,3469,Animal_Init,
./models/13_ORCHIDEE-MAN-2025/src_stomate/grassland_grazing.f90,Animaux_main_dynamic,SUBROUTINE,3469,variablesPlantes,
./models/13_ORCHIDEE-MAN-2025/src_stomate/grassland_grazing.f90,Animaux_main_dynamic,SUBROUTINE,3469,in_management,
./models/13_ORCHIDEE-MAN-2025/src_stomate/grassland_grazing.f90,Animaux_main_dynamic,SUBROUTINE,3469,calcul_perte_etat,
./models/13_ORCHIDEE-MAN-2025/src_stomate/grassland_grazing.f90,Animaux_main_dynamic,SUBROUTINE,3469,estime_weightcalf,
./models/13_ORCHIDEE-MAN-2025/src_stomate/grassland_grazing.f90,Animaux_main_dynamic,SUBROUTINE,3469,estime_weightcalf,
./models/13_ORCHIDEE-MAN-2025/src_stomate/grassland_grazing.f90,Animaux_main_dynamic,SUBROUTINE,3469,Potentiel_dairy_d,
./models/13_ORCHIDEE-MAN-2025/src_stomate/grassland_grazing.f90,Animaux_main_dynamic,SUBROUTINE,3469,Milk_Animal_cow,
./models/13_ORCHIDEE-MAN-2025/src_stomate/grassland_grazing.f90,Animaux_main_dynamic,SUBROUTINE,3469,intake_capacity_cow_d,
./models/13_ORCHIDEE-MAN-2025/src_stomate/grassland_grazing.f90,Animaux_main_dynamic,SUBROUTINE,3469,intake_capacity_cow,
./models/13_ORCHIDEE-MAN-2025/src_stomate/grassland_grazing.f90,Animaux_main_dynamic,SUBROUTINE,3469,intake_capacity_heifer,
./models/13_ORCHIDEE-MAN-2025/src_stomate/grassland_grazing.f90,Animaux_main_dynamic,SUBROUTINE,3469,intake_capacity_calves,
./models/13_ORCHIDEE-MAN-2025/src_stomate/grassland_grazing.f90,Animaux_main_dynamic,SUBROUTINE,3469,Grazing_intake_cow_d,
./models/13_ORCHIDEE-MAN-2025/src_stomate/grassland_grazing.f90,Animaux_main_dynamic,SUBROUTINE,3469,Grazing_intake_cow,
./models/13_ORCHIDEE-MAN-2025/src_stomate/grassland_grazing.f90,Animaux_main_dynamic,SUBROUTINE,3469,Grazing_intake_cow,
./models/13_ORCHIDEE-MAN-2025/src_stomate/grassland_grazing.f90,Animaux_main_dynamic,SUBROUTINE,3469,Grazing_intake_cow,
./models/13_ORCHIDEE-MAN-2025/src_stomate/grassland_grazing.f90,Animaux_main_dynamic,SUBROUTINE,3469,Euler_funct,
./models/13_ORCHIDEE-MAN-2025/src_stomate/grassland_grazing.f90,Animaux_main_dynamic,SUBROUTINE,3469,Euler_funct,
./models/13_ORCHIDEE-MAN-2025/src_stomate/grassland_grazing.f90,Animaux_main_dynamic,SUBROUTINE,3469,Euler_funct,
./models/13_ORCHIDEE-MAN-2025/src_stomate/grassland_grazing.f90,Animaux_main_dynamic,SUBROUTINE,3469,Grazing_intake_cow,
./models/13_ORCHIDEE-MAN-2025/src_stomate/grassland_grazing.f90,Animaux_main_dynamic,SUBROUTINE,3469,Calcul_NEL_herbage,
./models/13_ORCHIDEE-MAN-2025/src_stomate/grassland_grazing.f90,Animaux_main_dynamic,SUBROUTINE,3469,Calcul_NER_cow,
./models/13_ORCHIDEE-MAN-2025/src_stomate/grassland_grazing.f90,Animaux_main_dynamic,SUBROUTINE,3469,grazing_intake_complementation,
./models/13_ORCHIDEE-MAN-2025/src_stomate/grassland_grazing.f90,Animaux_main_dynamic,SUBROUTINE,3469,Euler_funct,
./models/13_ORCHIDEE-MAN-2025/src_stomate/grassland_grazing.f90,Animaux_main_dynamic,SUBROUTINE,3469,variablesPlantes,
./models/13_ORCHIDEE-MAN-2025/src_stomate/grassland_grazing.f90,Animaux_main_dynamic,SUBROUTINE,3469,chg_plante,
./models/13_ORCHIDEE-MAN-2025/src_stomate/grassland_grazing.f90,Animaux_main_dynamic,SUBROUTINE,3469,calcul_NEI_cow_d,
./models/13_ORCHIDEE-MAN-2025/src_stomate/grassland_grazing.f90,Animaux_main_dynamic,SUBROUTINE,3469,Milk_Animal_cow_d,
./models/13_ORCHIDEE-MAN-2025/src_stomate/grassland_grazing.f90,Animaux_main_dynamic,SUBROUTINE,3469,balance_energy_cow_d,
./models/13_ORCHIDEE-MAN-2025/src_stomate/grassland_grazing.f90,Animaux_main_dynamic,SUBROUTINE,3469,balance_energy_cow,
./models/13_ORCHIDEE-MAN-2025/src_stomate/grassland_grazing.f90,Animaux_main_dynamic,SUBROUTINE,3469,balance_energy_cow,
./models/13_ORCHIDEE-MAN-2025/src_stomate/grassland_grazing.f90,Animaux_main_dynamic,SUBROUTINE,3469,balance_energy_calf,
./models/13_ORCHIDEE-MAN-2025/src_stomate/grassland_grazing.f90,Animaux_main_dynamic,SUBROUTINE,3469,balance_energy_heifer,
./models/13_ORCHIDEE-MAN-2025/src_stomate/grassland_grazing.f90,Animaux_main_dynamic,SUBROUTINE,3469,Euler_funct,
./models/13_ORCHIDEE-MAN-2025/src_stomate/grassland_grazing.f90,Animaux_main_dynamic,SUBROUTINE,3469,cal_grazing,
./models/13_ORCHIDEE-MAN-2025/src_stomate/grassland_grazing.f90,Animaux_main_dynamic,SUBROUTINE,3469,Euler_funct,
./models/13_ORCHIDEE-MAN-2025/src_stomate/grassland_grazing.f90,Animaux_main_dynamic,SUBROUTINE,3469,Euler_funct,
./models/13_ORCHIDEE-MAN-2025/src_stomate/grassland_grazing.f90,Animaux_main_dynamic,SUBROUTINE,3469,Respiration_Methane_cow,
./models/13_ORCHIDEE-MAN-2025/src_stomate/grassland_grazing.f90,Animaux_main_dynamic,SUBROUTINE,3469,Respiration_Methane_cow_2,
./models/13_ORCHIDEE-MAN-2025/src_stomate/grassland_grazing.f90,Animaux_main_dynamic,SUBROUTINE,3469,Euler_funct,
./models/13_ORCHIDEE-MAN-2025/src_stomate/grassland_grazing.f90,Animaux_main_dynamic,SUBROUTINE,3469,Euler_funct,
./models/13_ORCHIDEE-MAN-2025/src_stomate/grassland_grazing.f90,Animaux_main_dynamic,SUBROUTINE,3469,Euler_funct,
./models/13_ORCHIDEE-MAN-2025/src_stomate/grassland_grazing.f90,Animaux_main_dynamic,SUBROUTINE,3469,Urine_Faeces_cow,
./models/13_ORCHIDEE-MAN-2025/src_stomate/grassland_grazing.f90,Animaux_main_dynamic,SUBROUTINE,3469,Euler_funct,
./models/13_ORCHIDEE-MAN-2025/src_stomate/grassland_grazing.f90,Animaux_main_dynamic,SUBROUTINE,3469,Euler_funct,
./models/13_ORCHIDEE-MAN-2025/src_stomate/grassland_grazing.f90,Animaux_main_dynamic,SUBROUTINE,3469,Euler_funct,
./models/13_ORCHIDEE-MAN-2025/src_stomate/grassland_grazing.f90,Animaux_main_dynamic,SUBROUTINE,3469,Euler_funct,
./models/13_ORCHIDEE-MAN-2025/src_stomate/grassland_grazing.f90,Animaux_main_dynamic,SUBROUTINE,3469,histwrite_cow_Part1,
./models/13_ORCHIDEE-MAN-2025/src_stomate/grassland_grazing.f90,Animaux_main_dynamic,SUBROUTINE,3469,histwrite_cow_Part2,
./models/13_ORCHIDEE-MAN-2025/src_stomate/grassland_grazing.f90,grazing_intake_complementation,SUBROUTINE,5952,auto_complementation_dairy,
./models/13_ORCHIDEE-MAN-2025/src_stomate/grassland_grazing.f90,grazing_intake_complementation,SUBROUTINE,5952,auto_complementation_suckler,
./models/13_ORCHIDEE-MAN-2025/src_stomate/grassland_grazing.f90,grazing_intake_complementation,SUBROUTINE,5952,Euler_X,
./models/13_ORCHIDEE-MAN-2025/src_stomate/grassland_grazing.f90,grazing_intake_complementation,SUBROUTINE,5952,Euler_X,
./models/13_ORCHIDEE-MAN-2025/src_stomate/grassland_grazing.f90,grazing_intake_complementation,SUBROUTINE,5952,Euler_X,
./models/13_ORCHIDEE-MAN-2025/src_stomate/grassland_grazing.f90,grazing_intake_complementation,SUBROUTINE,5952,Euler_funct,
./models/13_ORCHIDEE-MAN-2025/src_stomate/grassland_grazing.f90,grazing_intake_complementation,SUBROUTINE,5952,Euler_funct,
./models/13_ORCHIDEE-MAN-2025/src_stomate/grassland_grazing.f90,balance_energy_cow,SUBROUTINE,6627,Euler_funct,
./models/13_ORCHIDEE-MAN-2025/src_stomate/grassland_grazing.f90,balance_energy_cow,SUBROUTINE,6627,Euler_funct,
./models/13_ORCHIDEE-MAN-2025/src_stomate/grassland_grazing.f90,auto_complementation_dairy,SUBROUTINE,6194,calcul_NEI_cow_d,
./models/13_ORCHIDEE-MAN-2025/src_stomate/grassland_grazing.f90,Milk_Animal_cow,SUBROUTINE,6476,Euler_X,
./models/13_ORCHIDEE-MAN-2025/src_stomate/grassland_grazing.f90,Milk_Animal_cow,SUBROUTINE,6476,Euler_X,
./models/13_ORCHIDEE-MAN-2025/src_stomate/grassland_grazing.f90,Milk_Animal_cow,SUBROUTINE,6476,Euler_X,
./models/13_ORCHIDEE-MAN-2025/src_stomate/grassland_grazing.f90,Milk_Animal_cow,SUBROUTINE,6476,Euler_X,
./models/13_ORCHIDEE-MAN-2025/src_stomate/grassland_grazing.f90,Milk_Animal_cow,SUBROUTINE,6476,Euler_funct,
./models/13_ORCHIDEE-MAN-2025/src_stomate/grassland_grazing.f90,Milk_Animal_cow_d,SUBROUTINE,7804,Euler_X,
./models/13_ORCHIDEE-MAN-2025/src_stomate/grassland_grazing.f90,Milk_Animal_cow_d,SUBROUTINE,7804,Euler_X,
./models/13_ORCHIDEE-MAN-2025/src_stomate/grassland_grazing.f90,Milk_Animal_cow_d,SUBROUTINE,7804,Euler_X,
./models/13_ORCHIDEE-MAN-2025/src_stomate/grassland_grazing.f90,Milk_Animal_cow_d,SUBROUTINE,7804,Euler_X,
./models/13_ORCHIDEE-MAN-2025/src_stomate/grassland_grazing.f90,Milk_Animal_cow_d,SUBROUTINE,7804,Euler_funct,
./models/13_ORCHIDEE-MAN-2025/src_stomate/grassland_grazing.f90,Grazing_intake,SUBROUTINE,2353,Euler_funct,
./models/13_ORCHIDEE-MAN-2025/src_stomate/grassland_grazing.f90,Grazing_intake,SUBROUTINE,2353,Euler_funct,
./models/13_ORCHIDEE-MAN-2025/src_stomate/grassland_grazing.f90,Grazing_intake,SUBROUTINE,2353,Euler_funct,
./models/13_ORCHIDEE-MAN-2025/src_stomate/grassland_grazing.f90,balance_energy_calf,SUBROUTINE,6821,Euler_funct,
./models/13_ORCHIDEE-MAN-2025/src_stomate/grassland_grazing.f90,Milk_Animal,SUBROUTINE,2497,Euler_funct,
./models/13_ORCHIDEE-MAN-2025/src_stomate/grassland_grazing.f90,Milk_Animal,SUBROUTINE,2497,Euler_funct,
./models/13_ORCHIDEE-MAN-2025/src_stomate/grassland_grazing.f90,Milk_Animal,SUBROUTINE,2497,Euler_funct,
./models/13_ORCHIDEE-MAN-2025/src_stomate/grassland_grazing.f90,Milk_Animal,SUBROUTINE,2497,Euler_funct,
./models/13_ORCHIDEE-MAN-2025/src_stomate/grassland_grazing.f90,Milk_Animal,SUBROUTINE,2497,Euler_funct,
./models/13_ORCHIDEE-MAN-2025/src_stomate/grassland_grazing.f90,Respiration_Methane,SUBROUTINE,2559,Euler_funct,
./models/13_ORCHIDEE-MAN-2025/src_stomate/grassland_grazing.f90,Respiration_Methane,SUBROUTINE,2559,Euler_funct,
./models/13_ORCHIDEE-MAN-2025/src_stomate/grassland_grazing.f90,Respiration_Methane,SUBROUTINE,2559,Euler_funct,
./models/13_ORCHIDEE-MAN-2025/src_stomate/grassland_grazing.f90,balance_energy_heifer,SUBROUTINE,7007,Euler_funct,
./models/13_ORCHIDEE-MAN-2025/src_stomate/grassland_grazing.f90,Urine_Faeces,SUBROUTINE,2621,Euler_funct,
./models/13_ORCHIDEE-MAN-2025/src_stomate/grassland_grazing.f90,Urine_Faeces,SUBROUTINE,2621,Euler_funct,
./models/13_ORCHIDEE-MAN-2025/src_stomate/grassland_grazing.f90,Urine_Faeces,SUBROUTINE,2621,Euler_funct,
./models/13_ORCHIDEE-MAN-2025/src_stomate/grassland_grazing.f90,Urine_Faeces,SUBROUTINE,2621,Euler_funct,
./models/13_ORCHIDEE-MAN-2025/src_stomate/grassland_management.f90,main_grassland_management,SUBROUTINE,277,reading_map_manag,
./models/13_ORCHIDEE-MAN-2025/src_stomate/grassland_management.f90,main_grassland_management,SUBROUTINE,277,calc_N_limfert,
./models/13_ORCHIDEE-MAN-2025/src_stomate/grassland_management.f90,main_grassland_management,SUBROUTINE,277,fertilisation_pas_temps,
./models/13_ORCHIDEE-MAN-2025/src_stomate/grassland_management.f90,main_grassland_management,SUBROUTINE,277,Euler_funct,
./models/13_ORCHIDEE-MAN-2025/src_stomate/grassland_management.f90,main_grassland_management,SUBROUTINE,277,Main_appl_pre_animal,
./models/13_ORCHIDEE-MAN-2025/src_stomate/grassland_management.f90,main_grassland_management,SUBROUTINE,277,Animaux_main,
./models/13_ORCHIDEE-MAN-2025/src_stomate/grassland_management.f90,main_grassland_management,SUBROUTINE,277,Animaux_main_dynamic,
./models/13_ORCHIDEE-MAN-2025/src_stomate/grassland_management.f90,main_grassland_management,SUBROUTINE,277,cutting_spa,
./models/13_ORCHIDEE-MAN-2025/src_stomate/grassland_management.f90,main_grassland_management,SUBROUTINE,277,linreg_pasim,
./models/13_ORCHIDEE-MAN-2025/src_stomate/grassland_management.f90,main_grassland_management,SUBROUTINE,277,cutting_spa,
./models/13_ORCHIDEE-MAN-2025/src_stomate/grassland_management.f90,main_grassland_management,SUBROUTINE,277,cutting_spa,
./models/13_ORCHIDEE-MAN-2025/src_stomate/grassland_management.f90,main_grassland_management,SUBROUTINE,277,cutting_spa,
./models/13_ORCHIDEE-MAN-2025/src_stomate/grassland_management.f90,main_grassland_management,SUBROUTINE,277,cutting_spa,
./models/13_ORCHIDEE-MAN-2025/src_stomate/grassland_management.f90,main_grassland_management,SUBROUTINE,277,chg_sol_bio,
./models/13_ORCHIDEE-MAN-2025/src_stomate/grassland_management.f90,grassmanag_clear,SUBROUTINE,2922,animal_clear,
./models/13_ORCHIDEE-MAN-2025/src_stomate/grassland_management.f90,reading_map_manag,SUBROUTINE,3242,slowproc_GRM_ManageInput,
./models/13_ORCHIDEE-MAN-2025/src_stomate/grassland_management.f90,cal_devstage,SUBROUTINE,2596,Euler_funct,
./models/13_ORCHIDEE-MAN-2025/src_stomate/grassland_management.f90,cal_devstage,SUBROUTINE,2596,Euler_funct,
./models/13_ORCHIDEE-MAN-2025/src_stomate/grassland_management.f90,Main_appl_pre_animal,SUBROUTINE,2552,cal_devstage,
./models/13_ORCHIDEE-MAN-2025/src_stomate/grassland_management.f90,Main_appl_pre_animal,SUBROUTINE,2552,cal_tgrowth,
./models/13_ORCHIDEE-MAN-2025/src_stomate/lpj_crown.f90,crown,SUBROUTINE,78,ipslerr_p,
./models/13_ORCHIDEE-MAN-2025/src_stomate/lpj_crown.f90,crown,SUBROUTINE,78,ipslerr_p,
./models/13_ORCHIDEE-MAN-2025/src_stomate/lpj_establish.f90,establish,SUBROUTINE,100,ipslerr_p,
./models/13_ORCHIDEE-MAN-2025/src_stomate/lpj_pftinout.f90,pftinout,SUBROUTINE,128,ipslerr_p,
./models/13_ORCHIDEE-MAN-2025/src_stomate/lpj_spitfire.f90,spitfire,SUBROUTINE,163,fire_danger_index,
./models/13_ORCHIDEE-MAN-2025/src_stomate/lpj_spitfire.f90,spitfire,SUBROUTINE,163,human_ign_fct,
./models/13_ORCHIDEE-MAN-2025/src_stomate/lpj_spitfire.f90,spitfire,SUBROUTINE,163,rate_of_spread,
./models/13_ORCHIDEE-MAN-2025/src_stomate/lpj_spitfire.f90,spitfire,SUBROUTINE,163,deforestation_fire_proxy,
./models/13_ORCHIDEE-MAN-2025/src_stomate/lpj_spitfire.f90,spitfire,SUBROUTINE,163,fuel_consumption,
./models/13_ORCHIDEE-MAN-2025/src_stomate/stomate.f90,stomate_clear,SUBROUTINE,8643,season_clear,
./models/13_ORCHIDEE-MAN-2025/src_stomate/stomate.f90,stomate_clear,SUBROUTINE,8643,littercalc_clear,
./models/13_ORCHIDEE-MAN-2025/src_stomate/stomate.f90,stomate_clear,SUBROUTINE,8643,vmax_clear,
./models/13_ORCHIDEE-MAN-2025/src_stomate/stomate.f90,stomate_clear,SUBROUTINE,8643,permafrost_carbon_clear,
./models/13_ORCHIDEE-MAN-2025/src_stomate/stomate.f90,stomate_main,SUBROUTINE,2409,sort_ascending,
./models/13_ORCHIDEE-MAN-2025/src_stomate/stomate.f90,stomate_main,SUBROUTINE,2409,sort_ascending,
./models/13_ORCHIDEE-MAN-2025/src_stomate/stomate.f90,stomate_main,SUBROUTINE,2409,ipslerr_p,
./models/13_ORCHIDEE-MAN-2025/src_stomate/stomate.f90,stomate_main,SUBROUTINE,2409,maint_respiration,
./models/13_ORCHIDEE-MAN-2025/src_stomate/stomate.f90,stomate_main,SUBROUTINE,2409,littercalc_leak,
./models/13_ORCHIDEE-MAN-2025/src_stomate/stomate.f90,stomate_main,SUBROUTINE,2409,deep_carbcycle,
./models/13_ORCHIDEE-MAN-2025/src_stomate/stomate.f90,stomate_main,SUBROUTINE,2409,soilcarbon_leak,
./models/13_ORCHIDEE-MAN-2025/src_stomate/stomate.f90,stomate_main,SUBROUTINE,2409,soilcarbon,
./models/13_ORCHIDEE-MAN-2025/src_stomate/stomate.f90,stomate_main,SUBROUTINE,2409,sort_ascending,
./models/13_ORCHIDEE-MAN-2025/src_stomate/stomate.f90,stomate_main,SUBROUTINE,2409,deep_carbcycle,
./models/13_ORCHIDEE-MAN-2025/src_stomate/stomate.f90,stomate_main,SUBROUTINE,2409,ch4_wet_flux_density_0,
./models/13_ORCHIDEE-MAN-2025/src_stomate/stomate.f90,stomate_main,SUBROUTINE,2409,ch4_wet_flux_density_wet1,
./models/13_ORCHIDEE-MAN-2025/src_stomate/stomate.f90,stomate_main,SUBROUTINE,2409,ch4_wet_flux_density_wet2,
./models/13_ORCHIDEE-MAN-2025/src_stomate/stomate.f90,stomate_main,SUBROUTINE,2409,ch4_wet_flux_density_wet3,
./models/13_ORCHIDEE-MAN-2025/src_stomate/stomate.f90,stomate_main,SUBROUTINE,2409,ch4_wet_flux_density_wet4,
./models/13_ORCHIDEE-MAN-2025/src_stomate/stomate.f90,stomate_main,SUBROUTINE,2409,Stics_init,
./models/13_ORCHIDEE-MAN-2025/src_stomate/stomate.f90,stomate_main,SUBROUTINE,2409,driver_stics,
./models/13_ORCHIDEE-MAN-2025/src_stomate/stomate.f90,stomate_main,SUBROUTINE,2409,setlai,
./models/13_ORCHIDEE-MAN-2025/src_stomate/stomate.f90,stomate_main,SUBROUTINE,2409,season,
./models/13_ORCHIDEE-MAN-2025/src_stomate/stomate.f90,stomate_main,SUBROUTINE,2409,StomateLpj,
./models/13_ORCHIDEE-MAN-2025/src_stomate/stomate.f90,stomate_main,SUBROUTINE,2409,grain,
./models/13_ORCHIDEE-MAN-2025/src_stomate/stomate.f90,stomate_main,SUBROUTINE,2409,reprac_calc,
./models/13_ORCHIDEE-MAN-2025/src_stomate/stomate.f90,stomate_main,SUBROUTINE,2409,stomate_get_cmd,
./models/13_ORCHIDEE-MAN-2025/src_stomate/stomate.f90,stomate_main,SUBROUTINE,2409,stomate_rotation,
./models/13_ORCHIDEE-MAN-2025/src_stomate/stomate.f90,stomate_main,SUBROUTINE,2409,ipslerr_p,
./models/13_ORCHIDEE-MAN-2025/src_stomate/stomate.f90,stomate_main,SUBROUTINE,2409,forcing_write,
./models/13_ORCHIDEE-MAN-2025/src_stomate/stomate.f90,stomate_main,SUBROUTINE,2409,gauss_jordan_method,
./models/13_ORCHIDEE-MAN-2025/src_stomate/stomate.f90,stomate_main,SUBROUTINE,2409,error_L1_passive,
./models/13_ORCHIDEE-MAN-2025/src_stomate/stomate.f90,stomate_init,SUBROUTINE,6248,stomate_init_index,
./models/13_ORCHIDEE-MAN-2025/src_stomate/stomate.f90,stomate_init,SUBROUTINE,6248,Stics_init,
./models/13_ORCHIDEE-MAN-2025/src_stomate/stomate.f90,stomate_initialize,SUBROUTINE,1309,ipslerr_p,
./models/13_ORCHIDEE-MAN-2025/src_stomate/stomate.f90,stomate_initialize,SUBROUTINE,1309,stomate_init,
./models/13_ORCHIDEE-MAN-2025/src_stomate/stomate.f90,stomate_initialize,SUBROUTINE,1309,data,
./models/13_ORCHIDEE-MAN-2025/src_stomate/stomate.f90,stomate_initialize,SUBROUTINE,1309,readstart,
./models/13_ORCHIDEE-MAN-2025/src_stomate/stomate.f90,stomate_initialize,SUBROUTINE,1309,sticslai_io_readstart,
./models/13_ORCHIDEE-MAN-2025/src_stomate/stomate.f90,stomate_initialize,SUBROUTINE,1309,stomate_read_cycle,
./models/13_ORCHIDEE-MAN-2025/src_stomate/stomate.f90,stomate_initialize,SUBROUTINE,1309,stomate_read_rotation,
./models/13_ORCHIDEE-MAN-2025/src_stomate/stomate.f90,stomate_initialize,SUBROUTINE,1309,stomate_read_plantdate,
./models/13_ORCHIDEE-MAN-2025/src_stomate/stomate.f90,stomate_initialize,SUBROUTINE,1309,slowproc_NfertInput,
./models/13_ORCHIDEE-MAN-2025/src_stomate/stomate.f90,stomate_initialize,SUBROUTINE,1309,calc_N_limfert,
./models/13_ORCHIDEE-MAN-2025/src_stomate/stomate.f90,stomate_initialize,SUBROUTINE,1309,init_forcing,
./models/13_ORCHIDEE-MAN-2025/src_stomate/stomate.f90,stomate_initialize,SUBROUTINE,1309,ipslerr_p,
./models/13_ORCHIDEE-MAN-2025/src_stomate/stomate.f90,stomate_initialize,SUBROUTINE,1309,stomate_var_init,
./models/13_ORCHIDEE-MAN-2025/src_stomate/stomate.f90,init_forcing,SUBROUTINE,9514,forcing_zero,
./models/13_ORCHIDEE-MAN-2025/src_stomate/stomate.f90,stomate_finalize,SUBROUTINE,5248,writerestart,
./models/13_ORCHIDEE-MAN-2025/src_stomate/stomate.f90,stomate_finalize,SUBROUTINE,5248,sticslai_io_writestart,
./models/13_ORCHIDEE-MAN-2025/src_stomate/stomate.f90,stomate_finalize,SUBROUTINE,5248,forcing_write,
./models/13_ORCHIDEE-MAN-2025/src_stomate/stomate.f90,stomate_finalize,SUBROUTINE,5248,ipslerr_p,
./models/13_ORCHIDEE-MAN-2025/src_stomate/stomate.f90,stomate_finalize,SUBROUTINE,5248,nccheck,
./models/13_ORCHIDEE-MAN-2025/src_stomate/stomate.f90,stomate_finalize,SUBROUTINE,5248,nccheck,
./models/13_ORCHIDEE-MAN-2025/src_stomate/stomate.f90,stomate_finalize,SUBROUTINE,5248,nccheck,
./models/13_ORCHIDEE-MAN-2025/src_stomate/stomate.f90,stomate_finalize,SUBROUTINE,5248,ipslerr_p,
./models/13_ORCHIDEE-MAN-2025/src_stomate/stomate.f90,stomate_finalize,SUBROUTINE,5248,stomate_io_carbon_permafrost_write,
./models/13_ORCHIDEE-MAN-2025/src_stomate/stomate.f90,stomate_read_plantdate,SUBROUTINE,11875,slowproc_ManageInput,
./models/13_ORCHIDEE-MAN-2025/src_stomate/stomate.f90,stomate_forcing_read,SUBROUTINE,10169,ipslerr_p,
./models/13_ORCHIDEE-MAN-2025/src_stomate/stomate.f90,stomate_read_rotation,SUBROUTINE,11806,slowproc_ManageInput,
./models/13_ORCHIDEE-MAN-2025/src_stomate/stomate.f90,stomate_read_cycle,SUBROUTINE,11746,slowproc_ManageInput,
./models/13_ORCHIDEE-MAN-2025/src_stomate/stomate.f90,calc_N_limfert,SUBROUTINE,11687,ipslerr_p,
./models/13_ORCHIDEE-MAN-2025/src_stomate/stomate.f90,stomate_var_init,SUBROUTINE,9249,vmax,
./models/13_ORCHIDEE-MAN-2025/src_stomate/stomate.f90,stomate_var_init,SUBROUTINE,9249,deadleaf,
./models/13_ORCHIDEE-MAN-2025/src_stomate/stomate_alloc.f90,alloc,SUBROUTINE,146,ipslerr_p,
./models/13_ORCHIDEE-MAN-2025/src_stomate/stomate_data.f90,data,SUBROUTINE,129,ipslerr_p,
./models/13_ORCHIDEE-MAN-2025/src_stomate/stomate_data.f90,data,SUBROUTINE,129,ipslerr_p,
./models/13_ORCHIDEE-MAN-2025/src_stomate/stomate_data.f90,data,SUBROUTINE,129,ipslerr_p,
./models/13_ORCHIDEE-MAN-2025/src_stomate/stomate_data.f90,data,SUBROUTINE,129,ipslerr_p,
./models/13_ORCHIDEE-MAN-2025/src_stomate/stomate_data.f90,data,SUBROUTINE,129,ipslerr_p,
./models/13_ORCHIDEE-MAN-2025/src_stomate/stomate_glcchange_fh.f90,gross_glcc_firstday_fh,SUBROUTINE,2193,calc_cover,
./models/13_ORCHIDEE-MAN-2025/src_stomate/stomate_glcchange_fh.f90,gross_glcc_firstday_fh,SUBROUTINE,2193,type_conversion,
./models/13_ORCHIDEE-MAN-2025/src_stomate/stomate_glcchange_fh.f90,gross_glcc_firstday_fh,SUBROUTINE,2193,calc_cover,
./models/13_ORCHIDEE-MAN-2025/src_stomate/stomate_glcchange_fh.f90,gross_glcc_firstday_fh,SUBROUTINE,2193,type_conversion,
./models/13_ORCHIDEE-MAN-2025/src_stomate/stomate_glcchange_fh.f90,gross_glcc_firstday_fh,SUBROUTINE,2193,calc_cover,
./models/13_ORCHIDEE-MAN-2025/src_stomate/stomate_glcchange_fh.f90,gross_glcc_firstday_fh,SUBROUTINE,2193,type_conversion,
./models/13_ORCHIDEE-MAN-2025/src_stomate/stomate_glcchange_fh.f90,gross_glcc_firstday_fh,SUBROUTINE,2193,calc_cover,
./models/13_ORCHIDEE-MAN-2025/src_stomate/stomate_glcchange_fh.f90,gross_glcc_firstday_fh,SUBROUTINE,2193,type_conversion,
./models/13_ORCHIDEE-MAN-2025/src_stomate/stomate_glcchange_fh.f90,gross_glcc_firstday_fh,SUBROUTINE,2193,type_conversion,
./models/13_ORCHIDEE-MAN-2025/src_stomate/stomate_glcchange_fh.f90,gross_glcc_firstday_fh,SUBROUTINE,2193,type_conversion,
./models/13_ORCHIDEE-MAN-2025/src_stomate/stomate_glcchange_fh.f90,gross_glcc_firstday_fh,SUBROUTINE,2193,type_conversion,
./models/13_ORCHIDEE-MAN-2025/src_stomate/stomate_glcchange_fh.f90,gross_glcc_firstday_fh,SUBROUTINE,2193,type_conversion,
./models/13_ORCHIDEE-MAN-2025/src_stomate/stomate_glcchange_fh.f90,gross_glcc_firstday_fh,SUBROUTINE,2193,type_conversion,
./models/13_ORCHIDEE-MAN-2025/src_stomate/stomate_glcchange_fh.f90,gross_glcc_firstday_fh,SUBROUTINE,2193,type_conversion,
./models/13_ORCHIDEE-MAN-2025/src_stomate/stomate_glcchange_fh.f90,gross_glcc_firstday_fh,SUBROUTINE,2193,type_conversion,
./models/13_ORCHIDEE-MAN-2025/src_stomate/stomate_glcchange_fh.f90,gross_glcc_firstday_fh,SUBROUTINE,2193,type_conversion,
./models/13_ORCHIDEE-MAN-2025/src_stomate/stomate_glcchange_fh.f90,gross_glcc_firstday_fh,SUBROUTINE,2193,type_conversion,
./models/13_ORCHIDEE-MAN-2025/src_stomate/stomate_glcchange_fh.f90,gross_glcc_firstday_fh,SUBROUTINE,2193,type_conversion,
./models/13_ORCHIDEE-MAN-2025/src_stomate/stomate_glcchange_fh.f90,gross_glcc_firstday_fh,SUBROUTINE,2193,type_conversion,
./models/13_ORCHIDEE-MAN-2025/src_stomate/stomate_glcchange_fh.f90,gross_glcc_firstday_fh,SUBROUTINE,2193,calc_cover,
./models/13_ORCHIDEE-MAN-2025/src_stomate/stomate_glcchange_fh.f90,gross_glcc_firstday_fh,SUBROUTINE,2193,type_conversion,
./models/13_ORCHIDEE-MAN-2025/src_stomate/stomate_glcchange_fh.f90,gross_glcc_firstday_fh,SUBROUTINE,2193,type_conversion,
./models/13_ORCHIDEE-MAN-2025/src_stomate/stomate_glcchange_fh.f90,gross_glcc_firstday_fh,SUBROUTINE,2193,type_conversion,
./models/13_ORCHIDEE-MAN-2025/src_stomate/stomate_glcchange_fh.f90,gross_glcc_firstday_fh,SUBROUTINE,2193,calc_cover,
./models/13_ORCHIDEE-MAN-2025/src_stomate/stomate_glcchange_fh.f90,gross_glcc_firstday_fh,SUBROUTINE,2193,type_conversion,
./models/13_ORCHIDEE-MAN-2025/src_stomate/stomate_glcchange_fh.f90,gross_glcc_firstday_fh,SUBROUTINE,2193,type_conversion,
./models/13_ORCHIDEE-MAN-2025/src_stomate/stomate_glcchange_fh.f90,gross_glcc_firstday_fh,SUBROUTINE,2193,type_conversion,
./models/13_ORCHIDEE-MAN-2025/src_stomate/stomate_glcchange_fh.f90,gross_glcc_firstday_fh,SUBROUTINE,2193,type_conversion,
./models/13_ORCHIDEE-MAN-2025/src_stomate/stomate_glcchange_fh.f90,gross_glcc_firstday_fh,SUBROUTINE,2193,type_conversion,
./models/13_ORCHIDEE-MAN-2025/src_stomate/stomate_glcchange_fh.f90,gross_glcc_firstday_fh,SUBROUTINE,2193,type_conversion,
./models/13_ORCHIDEE-MAN-2025/src_stomate/stomate_glcchange_fh.f90,gross_glcc_firstday_fh,SUBROUTINE,2193,type_conversion,
./models/13_ORCHIDEE-MAN-2025/src_stomate/stomate_glcchange_fh.f90,gross_glcc_firstday_fh,SUBROUTINE,2193,type_conversion,
./models/13_ORCHIDEE-MAN-2025/src_stomate/stomate_glcchange_fh.f90,gross_glcc_firstday_fh,SUBROUTINE,2193,type_conversion,
./models/13_ORCHIDEE-MAN-2025/src_stomate/stomate_glcchange_fh.f90,gross_glcc_firstday_fh,SUBROUTINE,2193,type_conversion,
./models/13_ORCHIDEE-MAN-2025/src_stomate/stomate_glcchange_fh.f90,gross_glcc_firstday_fh,SUBROUTINE,2193,type_conversion,
./models/13_ORCHIDEE-MAN-2025/src_stomate/stomate_glcchange_fh.f90,gross_glcc_firstday_fh,SUBROUTINE,2193,type_conversion,
./models/13_ORCHIDEE-MAN-2025/src_stomate/stomate_glcchange_fh.f90,age_class_distr,SUBROUTINE,63,check_merge_same_MTC,
./models/13_ORCHIDEE-MAN-2025/src_stomate/stomate_glcchange_fh.f90,gross_glcchange_fh,SUBROUTINE,1368,gross_glcc_firstday_fh,
./models/13_ORCHIDEE-MAN-2025/src_stomate/stomate_glcchange_fh.f90,gross_glcchange_fh,SUBROUTINE,1368,collect_legacy_pft,
./models/13_ORCHIDEE-MAN-2025/src_stomate/stomate_glcchange_fh.f90,gross_glcchange_fh,SUBROUTINE,1368,empty_pft,
./models/13_ORCHIDEE-MAN-2025/src_stomate/stomate_glcchange_fh.f90,gross_glcchange_fh,SUBROUTINE,1368,initialize_proxy_pft,
./models/13_ORCHIDEE-MAN-2025/src_stomate/stomate_glcchange_fh.f90,gross_glcchange_fh,SUBROUTINE,1368,sap_take,
./models/13_ORCHIDEE-MAN-2025/src_stomate/stomate_glcchange_fh.f90,gross_glcchange_fh,SUBROUTINE,1368,add_incoming_proxy_pft,
./models/13_ORCHIDEE-MAN-2025/src_stomate/stomate_glcchange_fh.f90,type_conversion,SUBROUTINE,3163,cross_give_receive,
./models/13_ORCHIDEE-MAN-2025/src_stomate/stomate_glcchange_fh.f90,type_conversion,SUBROUTINE,3163,cross_give_receive,
./models/13_ORCHIDEE-MAN-2025/src_stomate/stomate_glcchange_fh.f90,type_conversion,SUBROUTINE,3163,cross_give_receive,
./models/13_ORCHIDEE-MAN-2025/src_stomate/stomate_glcchange_fh.f90,type_conversion,SUBROUTINE,3163,cross_give_receive,
./models/13_ORCHIDEE-MAN-2025/src_stomate/stomate_glcchange_fh.f90,collect_legacy_pft,SUBROUTINE,1169,harvest_forest,
./models/13_ORCHIDEE-MAN-2025/src_stomate/stomate_glcchange_fh.f90,collect_legacy_pft,SUBROUTINE,1169,harvest_forest,
./models/13_ORCHIDEE-MAN-2025/src_stomate/stomate_glcchange_fh.f90,collect_legacy_pft,SUBROUTINE,1169,harvest_herb,
./models/13_ORCHIDEE-MAN-2025/src_stomate/stomate_glcchange_SinAgeC_fh.f90,gross_glcc_firstday_SinAgeC_fh,SUBROUTINE,1358,calc_cover,
./models/13_ORCHIDEE-MAN-2025/src_stomate/stomate_glcchange_SinAgeC_fh.f90,gross_glcc_firstday_SinAgeC_fh,SUBROUTINE,1358,type_conversion,
./models/13_ORCHIDEE-MAN-2025/src_stomate/stomate_glcchange_SinAgeC_fh.f90,gross_glcc_firstday_SinAgeC_fh,SUBROUTINE,1358,calc_cover,
./models/13_ORCHIDEE-MAN-2025/src_stomate/stomate_glcchange_SinAgeC_fh.f90,gross_glcc_firstday_SinAgeC_fh,SUBROUTINE,1358,glcc_compensation_full,
./models/13_ORCHIDEE-MAN-2025/src_stomate/stomate_glcchange_SinAgeC_fh.f90,gross_glcc_firstday_SinAgeC_fh,SUBROUTINE,1358,glcc_compensation_full,
./models/13_ORCHIDEE-MAN-2025/src_stomate/stomate_glcchange_SinAgeC_fh.f90,gross_glcc_firstday_SinAgeC_fh,SUBROUTINE,1358,glcc_compensation_full,
./models/13_ORCHIDEE-MAN-2025/src_stomate/stomate_glcchange_SinAgeC_fh.f90,gross_glcc_firstday_SinAgeC_fh,SUBROUTINE,1358,glcc_compensation_full,
./models/13_ORCHIDEE-MAN-2025/src_stomate/stomate_glcchange_SinAgeC_fh.f90,gross_glcc_firstday_SinAgeC_fh,SUBROUTINE,1358,calc_cover,
./models/13_ORCHIDEE-MAN-2025/src_stomate/stomate_glcchange_SinAgeC_fh.f90,gross_glcc_firstday_SinAgeC_fh,SUBROUTINE,1358,type_conversion,
./models/13_ORCHIDEE-MAN-2025/src_stomate/stomate_glcchange_SinAgeC_fh.f90,gross_glcc_firstday_SinAgeC_fh,SUBROUTINE,1358,type_conversion,
./models/13_ORCHIDEE-MAN-2025/src_stomate/stomate_glcchange_SinAgeC_fh.f90,gross_glcc_firstday_SinAgeC_fh,SUBROUTINE,1358,type_conversion,
./models/13_ORCHIDEE-MAN-2025/src_stomate/stomate_glcchange_SinAgeC_fh.f90,gross_glcc_firstday_SinAgeC_fh,SUBROUTINE,1358,type_conversion,
./models/13_ORCHIDEE-MAN-2025/src_stomate/stomate_glcchange_SinAgeC_fh.f90,gross_glcc_firstday_SinAgeC_fh,SUBROUTINE,1358,type_conversion,
./models/13_ORCHIDEE-MAN-2025/src_stomate/stomate_glcchange_SinAgeC_fh.f90,gross_glcc_firstday_SinAgeC_fh,SUBROUTINE,1358,type_conversion,
./models/13_ORCHIDEE-MAN-2025/src_stomate/stomate_glcchange_SinAgeC_fh.f90,gross_glcc_firstday_SinAgeC_fh,SUBROUTINE,1358,type_conversion,
./models/13_ORCHIDEE-MAN-2025/src_stomate/stomate_glcchange_SinAgeC_fh.f90,gross_glcc_firstday_SinAgeC_fh,SUBROUTINE,1358,type_conversion,
./models/13_ORCHIDEE-MAN-2025/src_stomate/stomate_glcchange_SinAgeC_fh.f90,gross_glcc_firstday_SinAgeC_fh,SUBROUTINE,1358,type_conversion,
./models/13_ORCHIDEE-MAN-2025/src_stomate/stomate_glcchange_SinAgeC_fh.f90,gross_glcc_firstday_SinAgeC_fh,SUBROUTINE,1358,type_conversion,
./models/13_ORCHIDEE-MAN-2025/src_stomate/stomate_glcchange_SinAgeC_fh.f90,gross_glcc_firstday_SinAgeC_fh,SUBROUTINE,1358,type_conversion,
./models/13_ORCHIDEE-MAN-2025/src_stomate/stomate_glcchange_SinAgeC_fh.f90,gross_glcc_firstday_SinAgeC_fh,SUBROUTINE,1358,type_conversion,
./models/13_ORCHIDEE-MAN-2025/src_stomate/stomate_glcchange_SinAgeC_fh.f90,gross_glcchange_SinAgeC_fh,SUBROUTINE,533,gross_glcc_firstday_SinAgeC_fh,
./models/13_ORCHIDEE-MAN-2025/src_stomate/stomate_glcchange_SinAgeC_fh.f90,gross_glcchange_SinAgeC_fh,SUBROUTINE,533,collect_legacy_pft,
./models/13_ORCHIDEE-MAN-2025/src_stomate/stomate_glcchange_SinAgeC_fh.f90,gross_glcchange_SinAgeC_fh,SUBROUTINE,533,empty_pft,
./models/13_ORCHIDEE-MAN-2025/src_stomate/stomate_glcchange_SinAgeC_fh.f90,gross_glcchange_SinAgeC_fh,SUBROUTINE,533,initialize_proxy_pft,
./models/13_ORCHIDEE-MAN-2025/src_stomate/stomate_glcchange_SinAgeC_fh.f90,gross_glcchange_SinAgeC_fh,SUBROUTINE,533,sap_take,
./models/13_ORCHIDEE-MAN-2025/src_stomate/stomate_glcchange_SinAgeC_fh.f90,gross_glcchange_SinAgeC_fh,SUBROUTINE,533,add_incoming_proxy_pft,
./models/13_ORCHIDEE-MAN-2025/src_stomate/stomate_glcchange_SinAgeC_fh.f90,type_conversion,SUBROUTINE,2038,cross_give_receive,
./models/13_ORCHIDEE-MAN-2025/src_stomate/stomate_glcchange_SinAgeC_fh.f90,type_conversion,SUBROUTINE,2038,cross_give_receive,
./models/13_ORCHIDEE-MAN-2025/src_stomate/stomate_glcchange_SinAgeC_fh.f90,collect_legacy_pft,SUBROUTINE,334,harvest_forest,
./models/13_ORCHIDEE-MAN-2025/src_stomate/stomate_glcchange_SinAgeC_fh.f90,collect_legacy_pft,SUBROUTINE,334,harvest_forest,
./models/13_ORCHIDEE-MAN-2025/src_stomate/stomate_glcchange_SinAgeC_fh.f90,collect_legacy_pft,SUBROUTINE,334,harvest_herb,
./models/13_ORCHIDEE-MAN-2025/src_stomate/stomate_io.f90,readstart,SUBROUTINE,34,ipslerr_p,
./models/13_ORCHIDEE-MAN-2025/src_stomate/stomate_io.f90,readstart,SUBROUTINE,34,ipslerr_p,
./models/13_ORCHIDEE-MAN-2025/src_stomate/stomate_io.f90,readstart,SUBROUTINE,34,ipslerr_p,
./models/13_ORCHIDEE-MAN-2025/src_stomate/stomate_io.f90,writerestart,SUBROUTINE,1751,ipslerr_p,
./models/13_ORCHIDEE-MAN-2025/src_stomate/stomate_io.f90,writerestart,SUBROUTINE,1751,ipslerr_p,
./models/13_ORCHIDEE-MAN-2025/src_stomate/stomate_io.f90,writerestart,SUBROUTINE,1751,ipslerr_p,
./models/13_ORCHIDEE-MAN-2025/src_stomate/stomate_io.f90,writerestart,SUBROUTINE,1751,ioconf_setatt_p,
./models/13_ORCHIDEE-MAN-2025/src_stomate/stomate_io.f90,writerestart,SUBROUTINE,1751,ioconf_setatt_p,
./models/13_ORCHIDEE-MAN-2025/src_stomate/stomate_io_carbon_permafrost.f90,stomate_io_carbon_permafrost_write,SUBROUTINE,49,ipslerr_p,
./models/13_ORCHIDEE-MAN-2025/src_stomate/stomate_io_carbon_permafrost.f90,stomate_io_carbon_permafrost_write,SUBROUTINE,49,nccheck,
./models/13_ORCHIDEE-MAN-2025/src_stomate/stomate_io_carbon_permafrost.f90,stomate_io_carbon_permafrost_write,SUBROUTINE,49,nccheck,
./models/13_ORCHIDEE-MAN-2025/src_stomate/stomate_io_carbon_permafrost.f90,stomate_io_carbon_permafrost_write,SUBROUTINE,49,nccheck,
./models/13_ORCHIDEE-MAN-2025/src_stomate/stomate_io_carbon_permafrost.f90,stomate_io_carbon_permafrost_write,SUBROUTINE,49,nccheck,
./models/13_ORCHIDEE-MAN-2025/src_stomate/stomate_io_carbon_permafrost.f90,stomate_io_carbon_permafrost_write,SUBROUTINE,49,nccheck,
./models/13_ORCHIDEE-MAN-2025/src_stomate/stomate_io_carbon_permafrost.f90,stomate_io_carbon_permafrost_write,SUBROUTINE,49,nccheck,
./models/13_ORCHIDEE-MAN-2025/src_stomate/stomate_io_carbon_permafrost.f90,stomate_io_carbon_permafrost_write,SUBROUTINE,49,nccheck,
./models/13_ORCHIDEE-MAN-2025/src_stomate/stomate_io_carbon_permafrost.f90,stomate_io_carbon_permafrost_write,SUBROUTINE,49,nccheck,
./models/13_ORCHIDEE-MAN-2025/src_stomate/stomate_io_carbon_permafrost.f90,stomate_io_carbon_permafrost_write,SUBROUTINE,49,nccheck,
./models/13_ORCHIDEE-MAN-2025/src_stomate/stomate_io_carbon_permafrost.f90,stomate_io_carbon_permafrost_write,SUBROUTINE,49,nccheck,
./models/13_ORCHIDEE-MAN-2025/src_stomate/stomate_io_carbon_permafrost.f90,stomate_io_carbon_permafrost_write,SUBROUTINE,49,nccheck,
./models/13_ORCHIDEE-MAN-2025/src_stomate/stomate_io_carbon_permafrost.f90,stomate_io_carbon_permafrost_write,SUBROUTINE,49,nccheck,
./models/13_ORCHIDEE-MAN-2025/src_stomate/stomate_io_carbon_permafrost.f90,stomate_io_carbon_permafrost_write,SUBROUTINE,49,nccheck,
./models/13_ORCHIDEE-MAN-2025/src_stomate/stomate_io_carbon_permafrost.f90,stomate_io_carbon_permafrost_write,SUBROUTINE,49,nccheck,
./models/13_ORCHIDEE-MAN-2025/src_stomate/stomate_io_carbon_permafrost.f90,stomate_io_carbon_permafrost_write,SUBROUTINE,49,nccheck,
./models/13_ORCHIDEE-MAN-2025/src_stomate/stomate_io_carbon_permafrost.f90,stomate_io_carbon_permafrost_write,SUBROUTINE,49,nccheck,
./models/13_ORCHIDEE-MAN-2025/src_stomate/stomate_io_carbon_permafrost.f90,stomate_io_carbon_permafrost_write,SUBROUTINE,49,nccheck,
./models/13_ORCHIDEE-MAN-2025/src_stomate/stomate_io_carbon_permafrost.f90,stomate_io_carbon_permafrost_write,SUBROUTINE,49,nccheck,
./models/13_ORCHIDEE-MAN-2025/src_stomate/stomate_io_carbon_permafrost.f90,stomate_io_carbon_permafrost_write,SUBROUTINE,49,nccheck,
./models/13_ORCHIDEE-MAN-2025/src_stomate/stomate_io_carbon_permafrost.f90,stomate_io_carbon_permafrost_write,SUBROUTINE,49,nccheck,
./models/13_ORCHIDEE-MAN-2025/src_stomate/stomate_io_carbon_permafrost.f90,stomate_io_carbon_permafrost_write,SUBROUTINE,49,nccheck,
./models/13_ORCHIDEE-MAN-2025/src_stomate/stomate_io_carbon_permafrost.f90,stomate_io_carbon_permafrost_write,SUBROUTINE,49,nccheck,
./models/13_ORCHIDEE-MAN-2025/src_stomate/stomate_io_carbon_permafrost.f90,stomate_io_carbon_permafrost_write,SUBROUTINE,49,nccheck,
./models/13_ORCHIDEE-MAN-2025/src_stomate/stomate_io_carbon_permafrost.f90,stomate_io_carbon_permafrost_write,SUBROUTINE,49,nccheck,
./models/13_ORCHIDEE-MAN-2025/src_stomate/stomate_io_carbon_permafrost.f90,stomate_io_carbon_permafrost_write,SUBROUTINE,49,nccheck,
./models/13_ORCHIDEE-MAN-2025/src_stomate/stomate_io_carbon_permafrost.f90,stomate_io_carbon_permafrost_write,SUBROUTINE,49,nccheck,
./models/13_ORCHIDEE-MAN-2025/src_stomate/stomate_io_carbon_permafrost.f90,stomate_io_carbon_permafrost_write,SUBROUTINE,49,nccheck,
./models/13_ORCHIDEE-MAN-2025/src_stomate/stomate_io_carbon_permafrost.f90,stomate_io_carbon_permafrost_write,SUBROUTINE,49,nccheck,
./models/13_ORCHIDEE-MAN-2025/src_stomate/stomate_io_carbon_permafrost.f90,stomate_io_carbon_permafrost_write,SUBROUTINE,49,nccheck,
./models/13_ORCHIDEE-MAN-2025/src_stomate/stomate_io_carbon_permafrost.f90,stomate_io_carbon_permafrost_write,SUBROUTINE,49,nccheck,
./models/13_ORCHIDEE-MAN-2025/src_stomate/stomate_io_carbon_permafrost.f90,stomate_io_carbon_permafrost_write,SUBROUTINE,49,nccheck,
./models/13_ORCHIDEE-MAN-2025/src_stomate/stomate_io_carbon_permafrost.f90,stomate_io_carbon_permafrost_write,SUBROUTINE,49,nccheck,
./models/13_ORCHIDEE-MAN-2025/src_stomate/stomate_io_carbon_permafrost.f90,stomate_io_carbon_permafrost_write,SUBROUTINE,49,nccheck,
./models/13_ORCHIDEE-MAN-2025/src_stomate/stomate_io_carbon_permafrost.f90,stomate_io_carbon_permafrost_write,SUBROUTINE,49,nccheck,
./models/13_ORCHIDEE-MAN-2025/src_stomate/stomate_io_carbon_permafrost.f90,stomate_io_carbon_permafrost_write,SUBROUTINE,49,nccheck,
./models/13_ORCHIDEE-MAN-2025/src_stomate/stomate_io_carbon_permafrost.f90,stomate_io_carbon_permafrost_write,SUBROUTINE,49,nccheck,
./models/13_ORCHIDEE-MAN-2025/src_stomate/stomate_io_carbon_permafrost.f90,stomate_io_carbon_permafrost_write,SUBROUTINE,49,nccheck,
./models/13_ORCHIDEE-MAN-2025/src_stomate/stomate_io_carbon_permafrost.f90,stomate_io_carbon_permafrost_write,SUBROUTINE,49,nccheck,
./models/13_ORCHIDEE-MAN-2025/src_stomate/stomate_io_carbon_permafrost.f90,stomate_io_carbon_permafrost_write,SUBROUTINE,49,nccheck,
./models/13_ORCHIDEE-MAN-2025/src_stomate/stomate_io_carbon_permafrost.f90,stomate_io_carbon_permafrost_write,SUBROUTINE,49,nccheck,
./models/13_ORCHIDEE-MAN-2025/src_stomate/stomate_io_carbon_permafrost.f90,stomate_io_carbon_permafrost_write,SUBROUTINE,49,nccheck,
./models/13_ORCHIDEE-MAN-2025/src_stomate/stomate_io_carbon_permafrost.f90,stomate_io_carbon_permafrost_write,SUBROUTINE,49,nccheck,
./models/13_ORCHIDEE-MAN-2025/src_stomate/stomate_io_carbon_permafrost.f90,stomate_io_carbon_permafrost_write,SUBROUTINE,49,nccheck,
./models/13_ORCHIDEE-MAN-2025/src_stomate/stomate_io_carbon_permafrost.f90,stomate_io_carbon_permafrost_write,SUBROUTINE,49,nccheck,
./models/13_ORCHIDEE-MAN-2025/src_stomate/stomate_io_carbon_permafrost.f90,stomate_io_carbon_permafrost_write,SUBROUTINE,49,nccheck,
./models/13_ORCHIDEE-MAN-2025/src_stomate/stomate_io_carbon_permafrost.f90,stomate_io_carbon_permafrost_write,SUBROUTINE,49,nccheck,
./models/13_ORCHIDEE-MAN-2025/src_stomate/stomate_io_carbon_permafrost.f90,stomate_io_carbon_permafrost_write,SUBROUTINE,49,nccheck,
./models/13_ORCHIDEE-MAN-2025/src_stomate/stomate_io_carbon_permafrost.f90,stomate_io_carbon_permafrost_write,SUBROUTINE,49,nccheck,
./models/13_ORCHIDEE-MAN-2025/src_stomate/stomate_io_carbon_permafrost.f90,stomate_io_carbon_permafrost_write,SUBROUTINE,49,nccheck,
./models/13_ORCHIDEE-MAN-2025/src_stomate/stomate_io_carbon_permafrost.f90,stomate_io_carbon_permafrost_write,SUBROUTINE,49,nccheck,
./models/13_ORCHIDEE-MAN-2025/src_stomate/stomate_io_carbon_permafrost.f90,stomate_io_carbon_permafrost_write,SUBROUTINE,49,nccheck,
./models/13_ORCHIDEE-MAN-2025/src_stomate/stomate_io_carbon_permafrost.f90,stomate_io_carbon_permafrost_write,SUBROUTINE,49,nccheck,
./models/13_ORCHIDEE-MAN-2025/src_stomate/stomate_io_carbon_permafrost.f90,stomate_io_carbon_permafrost_write,SUBROUTINE,49,nccheck,
./models/13_ORCHIDEE-MAN-2025/src_stomate/stomate_io_carbon_permafrost.f90,stomate_io_carbon_permafrost_write,SUBROUTINE,49,nccheck,
./models/13_ORCHIDEE-MAN-2025/src_stomate/stomate_io_carbon_permafrost.f90,stomate_io_carbon_permafrost_write,SUBROUTINE,49,nccheck,
./models/13_ORCHIDEE-MAN-2025/src_stomate/stomate_io_carbon_permafrost.f90,stomate_io_carbon_permafrost_write,SUBROUTINE,49,nccheck,
./models/13_ORCHIDEE-MAN-2025/src_stomate/stomate_io_carbon_permafrost.f90,stomate_io_carbon_permafrost_write,SUBROUTINE,49,nccheck,
./models/13_ORCHIDEE-MAN-2025/src_stomate/stomate_io_carbon_permafrost.f90,stomate_io_carbon_permafrost_write,SUBROUTINE,49,nccheck,
./models/13_ORCHIDEE-MAN-2025/src_stomate/stomate_io_carbon_permafrost.f90,stomate_io_carbon_permafrost_write,SUBROUTINE,49,nccheck,
./models/13_ORCHIDEE-MAN-2025/src_stomate/stomate_io_carbon_permafrost.f90,stomate_io_carbon_permafrost_write,SUBROUTINE,49,nccheck,
./models/13_ORCHIDEE-MAN-2025/src_stomate/stomate_io_carbon_permafrost.f90,stomate_io_carbon_permafrost_write,SUBROUTINE,49,nccheck,
./models/13_ORCHIDEE-MAN-2025/src_stomate/stomate_io_carbon_permafrost.f90,stomate_io_carbon_permafrost_write,SUBROUTINE,49,nccheck,
./models/13_ORCHIDEE-MAN-2025/src_stomate/stomate_io_carbon_permafrost.f90,stomate_io_carbon_permafrost_write,SUBROUTINE,49,nccheck,
./models/13_ORCHIDEE-MAN-2025/src_stomate/stomate_io_carbon_permafrost.f90,stomate_io_carbon_permafrost_write,SUBROUTINE,49,nccheck,
./models/13_ORCHIDEE-MAN-2025/src_stomate/stomate_io_carbon_permafrost.f90,stomate_io_carbon_permafrost_write,SUBROUTINE,49,nccheck,
./models/13_ORCHIDEE-MAN-2025/src_stomate/stomate_io_carbon_permafrost.f90,stomate_io_carbon_permafrost_write,SUBROUTINE,49,nccheck,
./models/13_ORCHIDEE-MAN-2025/src_stomate/stomate_io_carbon_permafrost.f90,stomate_io_carbon_permafrost_write,SUBROUTINE,49,nccheck,
./models/13_ORCHIDEE-MAN-2025/src_stomate/stomate_io_carbon_permafrost.f90,stomate_io_carbon_permafrost_write,SUBROUTINE,49,nccheck,
./models/13_ORCHIDEE-MAN-2025/src_stomate/stomate_io_carbon_permafrost.f90,stomate_io_carbon_permafrost_write,SUBROUTINE,49,nccheck,
./models/13_ORCHIDEE-MAN-2025/src_stomate/stomate_io_carbon_permafrost.f90,stomate_io_carbon_permafrost_write,SUBROUTINE,49,nccheck,
./models/13_ORCHIDEE-MAN-2025/src_stomate/stomate_io_carbon_permafrost.f90,stomate_io_carbon_permafrost_write,SUBROUTINE,49,nccheck,
./models/13_ORCHIDEE-MAN-2025/src_stomate/stomate_io_carbon_permafrost.f90,stomate_io_carbon_permafrost_write,SUBROUTINE,49,nccheck,
./models/13_ORCHIDEE-MAN-2025/src_stomate/stomate_io_carbon_permafrost.f90,stomate_io_carbon_permafrost_write,SUBROUTINE,49,nccheck,
./models/13_ORCHIDEE-MAN-2025/src_stomate/stomate_io_carbon_permafrost.f90,stomate_io_carbon_permafrost_write,SUBROUTINE,49,nccheck,
./models/13_ORCHIDEE-MAN-2025/src_stomate/stomate_io_carbon_permafrost.f90,stomate_io_carbon_permafrost_write,SUBROUTINE,49,nccheck,
./models/13_ORCHIDEE-MAN-2025/src_stomate/stomate_io_carbon_permafrost.f90,stomate_io_carbon_permafrost_write,SUBROUTINE,49,nccheck,
./models/13_ORCHIDEE-MAN-2025/src_stomate/stomate_io_carbon_permafrost.f90,stomate_io_carbon_permafrost_write,SUBROUTINE,49,nccheck,
./models/13_ORCHIDEE-MAN-2025/src_stomate/stomate_io_carbon_permafrost.f90,stomate_io_carbon_permafrost_write,SUBROUTINE,49,nccheck,
./models/13_ORCHIDEE-MAN-2025/src_stomate/stomate_io_carbon_permafrost.f90,stomate_io_carbon_permafrost_write,SUBROUTINE,49,nccheck,
./models/13_ORCHIDEE-MAN-2025/src_stomate/stomate_io_carbon_permafrost.f90,stomate_io_carbon_permafrost_write,SUBROUTINE,49,nccheck,
./models/13_ORCHIDEE-MAN-2025/src_stomate/stomate_io_carbon_permafrost.f90,stomate_io_carbon_permafrost_write,SUBROUTINE,49,nccheck,
./models/13_ORCHIDEE-MAN-2025/src_stomate/stomate_io_carbon_permafrost.f90,stomate_io_carbon_permafrost_write,SUBROUTINE,49,nccheck,
./models/13_ORCHIDEE-MAN-2025/src_stomate/stomate_io_carbon_permafrost.f90,stomate_io_carbon_permafrost_write,SUBROUTINE,49,nccheck,
./models/13_ORCHIDEE-MAN-2025/src_stomate/stomate_io_carbon_permafrost.f90,stomate_io_carbon_permafrost_write,SUBROUTINE,49,nccheck,
./models/13_ORCHIDEE-MAN-2025/src_stomate/stomate_io_carbon_permafrost.f90,stomate_io_carbon_permafrost_write,SUBROUTINE,49,nccheck,
./models/13_ORCHIDEE-MAN-2025/src_stomate/stomate_io_carbon_permafrost.f90,stomate_io_carbon_permafrost_write,SUBROUTINE,49,nccheck,
./models/13_ORCHIDEE-MAN-2025/src_stomate/stomate_io_carbon_permafrost.f90,stomate_io_carbon_permafrost_write,SUBROUTINE,49,nccheck,
./models/13_ORCHIDEE-MAN-2025/src_stomate/stomate_io_carbon_permafrost.f90,stomate_io_carbon_permafrost_write,SUBROUTINE,49,nccheck,
./models/13_ORCHIDEE-MAN-2025/src_stomate/stomate_io_carbon_permafrost.f90,stomate_io_carbon_permafrost_write,SUBROUTINE,49,nccheck,
./models/13_ORCHIDEE-MAN-2025/src_stomate/stomate_io_carbon_permafrost.f90,stomate_io_carbon_permafrost_write,SUBROUTINE,49,nccheck,
./models/13_ORCHIDEE-MAN-2025/src_stomate/stomate_io_carbon_permafrost.f90,stomate_io_carbon_permafrost_write,SUBROUTINE,49,nccheck,
./models/13_ORCHIDEE-MAN-2025/src_stomate/stomate_io_carbon_permafrost.f90,stomate_io_carbon_permafrost_write,SUBROUTINE,49,nccheck,
./models/13_ORCHIDEE-MAN-2025/src_stomate/stomate_io_carbon_permafrost.f90,stomate_io_carbon_permafrost_write,SUBROUTINE,49,nccheck,
./models/13_ORCHIDEE-MAN-2025/src_stomate/stomate_io_carbon_permafrost.f90,stomate_io_carbon_permafrost_write,SUBROUTINE,49,nccheck,
./models/13_ORCHIDEE-MAN-2025/src_stomate/stomate_io_carbon_permafrost.f90,stomate_io_carbon_permafrost_write,SUBROUTINE,49,nccheck,
./models/13_ORCHIDEE-MAN-2025/src_stomate/stomate_io_carbon_permafrost.f90,stomate_io_carbon_permafrost_write,SUBROUTINE,49,nccheck,
./models/13_ORCHIDEE-MAN-2025/src_stomate/stomate_io_carbon_permafrost.f90,stomate_io_carbon_permafrost_write,SUBROUTINE,49,nccheck,
./models/13_ORCHIDEE-MAN-2025/src_stomate/stomate_io_carbon_permafrost.f90,stomate_io_carbon_permafrost_write,SUBROUTINE,49,nccheck,
./models/13_ORCHIDEE-MAN-2025/src_stomate/stomate_io_carbon_permafrost.f90,stomate_io_carbon_permafrost_write,SUBROUTINE,49,nccheck,
./models/13_ORCHIDEE-MAN-2025/src_stomate/stomate_io_carbon_permafrost.f90,stomate_io_carbon_permafrost_write,SUBROUTINE,49,nccheck,
./models/13_ORCHIDEE-MAN-2025/src_stomate/stomate_io_carbon_permafrost.f90,stomate_io_carbon_permafrost_write,SUBROUTINE,49,nccheck,
./models/13_ORCHIDEE-MAN-2025/src_stomate/stomate_io_carbon_permafrost.f90,stomate_io_carbon_permafrost_write,SUBROUTINE,49,nccheck,
./models/13_ORCHIDEE-MAN-2025/src_stomate/stomate_io_carbon_permafrost.f90,stomate_io_carbon_permafrost_write,SUBROUTINE,49,nccheck,
./models/13_ORCHIDEE-MAN-2025/src_stomate/stomate_io_carbon_permafrost.f90,stomate_io_carbon_permafrost_write,SUBROUTINE,49,nccheck,
./models/13_ORCHIDEE-MAN-2025/src_stomate/stomate_io_carbon_permafrost.f90,stomate_io_carbon_permafrost_read,SUBROUTINE,296,nccheck,
./models/13_ORCHIDEE-MAN-2025/src_stomate/stomate_io_carbon_permafrost.f90,stomate_io_carbon_permafrost_read,SUBROUTINE,296,nccheck,
./models/13_ORCHIDEE-MAN-2025/src_stomate/stomate_io_carbon_permafrost.f90,stomate_io_carbon_permafrost_read,SUBROUTINE,296,nccheck,
./models/13_ORCHIDEE-MAN-2025/src_stomate/stomate_io_carbon_permafrost.f90,stomate_io_carbon_permafrost_read,SUBROUTINE,296,nccheck,
./models/13_ORCHIDEE-MAN-2025/src_stomate/stomate_io_carbon_permafrost.f90,stomate_io_carbon_permafrost_read,SUBROUTINE,296,nccheck,
./models/13_ORCHIDEE-MAN-2025/src_stomate/stomate_io_carbon_permafrost.f90,stomate_io_carbon_permafrost_read,SUBROUTINE,296,nccheck,
./models/13_ORCHIDEE-MAN-2025/src_stomate/stomate_io_carbon_permafrost.f90,stomate_io_carbon_permafrost_read,SUBROUTINE,296,nccheck,
./models/13_ORCHIDEE-MAN-2025/src_stomate/stomate_io_carbon_permafrost.f90,stomate_io_carbon_permafrost_read,SUBROUTINE,296,nccheck,
./models/13_ORCHIDEE-MAN-2025/src_stomate/stomate_io_carbon_permafrost.f90,stomate_io_carbon_permafrost_read,SUBROUTINE,296,nccheck,
./models/13_ORCHIDEE-MAN-2025/src_stomate/stomate_io_carbon_permafrost.f90,stomate_io_carbon_permafrost_read,SUBROUTINE,296,nccheck,
./models/13_ORCHIDEE-MAN-2025/src_stomate/stomate_io_carbon_permafrost.f90,stomate_io_carbon_permafrost_read,SUBROUTINE,296,nccheck,
./models/13_ORCHIDEE-MAN-2025/src_stomate/stomate_io_carbon_permafrost.f90,stomate_io_carbon_permafrost_read,SUBROUTINE,296,nccheck,
./models/13_ORCHIDEE-MAN-2025/src_stomate/stomate_io_carbon_permafrost.f90,stomate_io_carbon_permafrost_read,SUBROUTINE,296,nccheck,
./models/13_ORCHIDEE-MAN-2025/src_stomate/stomate_io_carbon_permafrost.f90,stomate_io_carbon_permafrost_read,SUBROUTINE,296,nccheck,
./models/13_ORCHIDEE-MAN-2025/src_stomate/stomate_io_carbon_permafrost.f90,stomate_io_carbon_permafrost_read,SUBROUTINE,296,nccheck,
./models/13_ORCHIDEE-MAN-2025/src_stomate/stomate_io_carbon_permafrost.f90,stomate_io_carbon_permafrost_read,SUBROUTINE,296,nccheck,
./models/13_ORCHIDEE-MAN-2025/src_stomate/stomate_io_carbon_permafrost.f90,stomate_io_carbon_permafrost_read,SUBROUTINE,296,nccheck,
./models/13_ORCHIDEE-MAN-2025/src_stomate/stomate_io_carbon_permafrost.f90,stomate_io_carbon_permafrost_read,SUBROUTINE,296,nccheck,
./models/13_ORCHIDEE-MAN-2025/src_stomate/stomate_io_carbon_permafrost.f90,stomate_io_carbon_permafrost_read,SUBROUTINE,296,nccheck,
./models/13_ORCHIDEE-MAN-2025/src_stomate/stomate_io_carbon_permafrost.f90,stomate_io_carbon_permafrost_read,SUBROUTINE,296,nccheck,
./models/13_ORCHIDEE-MAN-2025/src_stomate/stomate_io_carbon_permafrost.f90,stomate_io_carbon_permafrost_read,SUBROUTINE,296,nccheck,
./models/13_ORCHIDEE-MAN-2025/src_stomate/stomate_io_carbon_permafrost.f90,stomate_io_carbon_permafrost_read,SUBROUTINE,296,nccheck,
./models/13_ORCHIDEE-MAN-2025/src_stomate/stomate_io_carbon_permafrost.f90,stomate_io_carbon_permafrost_read,SUBROUTINE,296,nccheck,
./models/13_ORCHIDEE-MAN-2025/src_stomate/stomate_io_carbon_permafrost.f90,stomate_io_carbon_permafrost_read,SUBROUTINE,296,nccheck,
./models/13_ORCHIDEE-MAN-2025/src_stomate/stomate_io_carbon_permafrost.f90,stomate_io_carbon_permafrost_read,SUBROUTINE,296,nccheck,
./models/13_ORCHIDEE-MAN-2025/src_stomate/stomate_io_carbon_permafrost.f90,stomate_io_carbon_permafrost_read,SUBROUTINE,296,nccheck,
./models/13_ORCHIDEE-MAN-2025/src_stomate/stomate_io_carbon_permafrost.f90,stomate_io_carbon_permafrost_read,SUBROUTINE,296,nccheck,
./models/13_ORCHIDEE-MAN-2025/src_stomate/stomate_lcchange.f90,lcchange_main_agripeat,SUBROUTINE,1113,agripeat_adjust_fractions,
./models/13_ORCHIDEE-MAN-2025/src_stomate/stomate_litter.f90,littercalc_leak,SUBROUTINE,1637,deadleaf,
./models/13_ORCHIDEE-MAN-2025/src_stomate/stomate_litter.f90,littercalc,SUBROUTINE,183,deadleaf,
./models/13_ORCHIDEE-MAN-2025/src_stomate/stomate_lpj.f90,StomateLpj,SUBROUTINE,170,gross_glcc_firstday_SinAgeC_fh,
./models/13_ORCHIDEE-MAN-2025/src_stomate/stomate_lpj.f90,StomateLpj,SUBROUTINE,170,gross_glcc_firstday_fh,
./models/13_ORCHIDEE-MAN-2025/src_stomate/stomate_lpj.f90,StomateLpj,SUBROUTINE,170,crown,
./models/13_ORCHIDEE-MAN-2025/src_stomate/stomate_lpj.f90,StomateLpj,SUBROUTINE,170,prescribe,
./models/13_ORCHIDEE-MAN-2025/src_stomate/stomate_lpj.f90,StomateLpj,SUBROUTINE,170,constraints,
./models/13_ORCHIDEE-MAN-2025/src_stomate/stomate_lpj.f90,StomateLpj,SUBROUTINE,170,pftinout,
./models/13_ORCHIDEE-MAN-2025/src_stomate/stomate_lpj.f90,StomateLpj,SUBROUTINE,170,kill,
./models/13_ORCHIDEE-MAN-2025/src_stomate/stomate_lpj.f90,StomateLpj,SUBROUTINE,170,crown,
./models/13_ORCHIDEE-MAN-2025/src_stomate/stomate_lpj.f90,StomateLpj,SUBROUTINE,170,phenology,
./models/13_ORCHIDEE-MAN-2025/src_stomate/stomate_lpj.f90,StomateLpj,SUBROUTINE,170,alloc,
./models/13_ORCHIDEE-MAN-2025/src_stomate/stomate_lpj.f90,StomateLpj,SUBROUTINE,170,setlai,
./models/13_ORCHIDEE-MAN-2025/src_stomate/stomate_lpj.f90,StomateLpj,SUBROUTINE,170,npp_calc,
./models/13_ORCHIDEE-MAN-2025/src_stomate/stomate_lpj.f90,StomateLpj,SUBROUTINE,170,kill,
./models/13_ORCHIDEE-MAN-2025/src_stomate/stomate_lpj.f90,StomateLpj,SUBROUTINE,170,crown,
./models/13_ORCHIDEE-MAN-2025/src_stomate/stomate_lpj.f90,StomateLpj,SUBROUTINE,170,spitfire,
./models/13_ORCHIDEE-MAN-2025/src_stomate/stomate_lpj.f90,StomateLpj,SUBROUTINE,170,kill,
./models/13_ORCHIDEE-MAN-2025/src_stomate/stomate_lpj.f90,StomateLpj,SUBROUTINE,170,gap,
./models/13_ORCHIDEE-MAN-2025/src_stomate/stomate_lpj.f90,StomateLpj,SUBROUTINE,170,kill,
./models/13_ORCHIDEE-MAN-2025/src_stomate/stomate_lpj.f90,StomateLpj,SUBROUTINE,170,turn,
./models/13_ORCHIDEE-MAN-2025/src_stomate/stomate_lpj.f90,StomateLpj,SUBROUTINE,170,light,
./models/13_ORCHIDEE-MAN-2025/src_stomate/stomate_lpj.f90,StomateLpj,SUBROUTINE,170,kill,
./models/13_ORCHIDEE-MAN-2025/src_stomate/stomate_lpj.f90,StomateLpj,SUBROUTINE,170,establish,
./models/13_ORCHIDEE-MAN-2025/src_stomate/stomate_lpj.f90,StomateLpj,SUBROUTINE,170,crown,
./models/13_ORCHIDEE-MAN-2025/src_stomate/stomate_lpj.f90,StomateLpj,SUBROUTINE,170,main_grassland_management,
./models/13_ORCHIDEE-MAN-2025/src_stomate/stomate_lpj.f90,StomateLpj,SUBROUTINE,170,lpj_cover_peat,
./models/13_ORCHIDEE-MAN-2025/src_stomate/stomate_lpj.f90,StomateLpj,SUBROUTINE,170,cover,
./models/13_ORCHIDEE-MAN-2025/src_stomate/stomate_lpj.f90,StomateLpj,SUBROUTINE,170,harvest,
./models/13_ORCHIDEE-MAN-2025/src_stomate/stomate_lpj.f90,StomateLpj,SUBROUTINE,170,age_class_distr,
./models/13_ORCHIDEE-MAN-2025/src_stomate/stomate_lpj.f90,StomateLpj,SUBROUTINE,170,gross_glcchange_SinAgeC_fh,
./models/13_ORCHIDEE-MAN-2025/src_stomate/stomate_lpj.f90,StomateLpj,SUBROUTINE,170,gross_glcchange_fh,
./models/13_ORCHIDEE-MAN-2025/src_stomate/stomate_lpj.f90,StomateLpj,SUBROUTINE,170,lcchange_deffire,
./models/13_ORCHIDEE-MAN-2025/src_stomate/stomate_lpj.f90,StomateLpj,SUBROUTINE,170,lcchange_main_agripeat,
./models/13_ORCHIDEE-MAN-2025/src_stomate/stomate_lpj.f90,StomateLpj,SUBROUTINE,170,lcchange_main,
./models/13_ORCHIDEE-MAN-2025/src_stomate/stomate_lpj.f90,StomateLpj,SUBROUTINE,170,setlai,
./models/13_ORCHIDEE-MAN-2025/src_stomate/stomate_lpj.f90,StomateLpj,SUBROUTINE,170,setlai,
./models/13_ORCHIDEE-MAN-2025/src_stomate/stomate_lpj.f90,StomateLpj,SUBROUTINE,170,vmax,
./models/13_ORCHIDEE-MAN-2025/src_stomate/stomate_lpj.f90,StomateLpj_clear,SUBROUTINE,109,prescribe_clear,
./models/13_ORCHIDEE-MAN-2025/src_stomate/stomate_lpj.f90,StomateLpj_clear,SUBROUTINE,109,phenology_clear,
./models/13_ORCHIDEE-MAN-2025/src_stomate/stomate_lpj.f90,StomateLpj_clear,SUBROUTINE,109,npp_calc_clear,
./models/13_ORCHIDEE-MAN-2025/src_stomate/stomate_lpj.f90,StomateLpj_clear,SUBROUTINE,109,turn_clear,
./models/13_ORCHIDEE-MAN-2025/src_stomate/stomate_lpj.f90,StomateLpj_clear,SUBROUTINE,109,soilcarbon_clear,
./models/13_ORCHIDEE-MAN-2025/src_stomate/stomate_lpj.f90,StomateLpj_clear,SUBROUTINE,109,constraints_clear,
./models/13_ORCHIDEE-MAN-2025/src_stomate/stomate_lpj.f90,StomateLpj_clear,SUBROUTINE,109,establish_clear,
./models/13_ORCHIDEE-MAN-2025/src_stomate/stomate_lpj.f90,StomateLpj_clear,SUBROUTINE,109,fire_clear,
./models/13_ORCHIDEE-MAN-2025/src_stomate/stomate_lpj.f90,StomateLpj_clear,SUBROUTINE,109,spitfire_clear,
./models/13_ORCHIDEE-MAN-2025/src_stomate/stomate_lpj.f90,StomateLpj_clear,SUBROUTINE,109,gap_clear,
./models/13_ORCHIDEE-MAN-2025/src_stomate/stomate_lpj.f90,StomateLpj_clear,SUBROUTINE,109,light_clear,
./models/13_ORCHIDEE-MAN-2025/src_stomate/stomate_lpj.f90,StomateLpj_clear,SUBROUTINE,109,pftinout_clear,
./models/13_ORCHIDEE-MAN-2025/src_stomate/stomate_lpj.f90,StomateLpj_clear,SUBROUTINE,109,alloc_clear,
./models/13_ORCHIDEE-MAN-2025/src_stomate/stomate_lpj.f90,StomateLpj_clear,SUBROUTINE,109,grassmanag_clear,
./models/13_ORCHIDEE-MAN-2025/src_stomate/stomate_lpj.f90,StomateLpj_clear,SUBROUTINE,109,ch4_wet_flux_density_clear_0,
./models/13_ORCHIDEE-MAN-2025/src_stomate/stomate_lpj.f90,StomateLpj_clear,SUBROUTINE,109,ch4_wet_flux_density_clear_wet1,
./models/13_ORCHIDEE-MAN-2025/src_stomate/stomate_lpj.f90,StomateLpj_clear,SUBROUTINE,109,ch4_wet_flux_density_clear_wet2,
./models/13_ORCHIDEE-MAN-2025/src_stomate/stomate_lpj.f90,StomateLpj_clear,SUBROUTINE,109,ch4_wet_flux_density_clear_wet3,
./models/13_ORCHIDEE-MAN-2025/src_stomate/stomate_lpj.f90,StomateLpj_clear,SUBROUTINE,109,ch4_wet_flux_density_clear_wet4,
./models/13_ORCHIDEE-MAN-2025/src_stomate/stomate_npp.f90,npp_calc,SUBROUTINE,116,crop_bmalloc,
./models/13_ORCHIDEE-MAN-2025/src_stomate/stomate_permafrost_soilcarbon.f90,deep_carbcycle,SUBROUTINE,183,snowlevels,
./models/13_ORCHIDEE-MAN-2025/src_stomate/stomate_permafrost_soilcarbon.f90,deep_carbcycle,SUBROUTINE,183,get_gasdiff,
./models/13_ORCHIDEE-MAN-2025/src_stomate/stomate_permafrost_soilcarbon.f90,deep_carbcycle,SUBROUTINE,183,soil_gasdiff_main,
./models/13_ORCHIDEE-MAN-2025/src_stomate/stomate_permafrost_soilcarbon.f90,deep_carbcycle,SUBROUTINE,183,soil_gasdiff_main,
./models/13_ORCHIDEE-MAN-2025/src_stomate/stomate_permafrost_soilcarbon.f90,deep_carbcycle,SUBROUTINE,183,altcalc,
./models/13_ORCHIDEE-MAN-2025/src_stomate/stomate_permafrost_soilcarbon.f90,deep_carbcycle,SUBROUTINE,183,initialize_yedoma_carbonstocks,
./models/13_ORCHIDEE-MAN-2025/src_stomate/stomate_permafrost_soilcarbon.f90,deep_carbcycle,SUBROUTINE,183,soil_gasdiff_main,
./models/13_ORCHIDEE-MAN-2025/src_stomate/stomate_permafrost_soilcarbon.f90,deep_carbcycle,SUBROUTINE,183,snow_interpol,
./models/13_ORCHIDEE-MAN-2025/src_stomate/stomate_permafrost_soilcarbon.f90,deep_carbcycle,SUBROUTINE,183,altcalc,
./models/13_ORCHIDEE-MAN-2025/src_stomate/stomate_permafrost_soilcarbon.f90,deep_carbcycle,SUBROUTINE,183,carbinput,
./models/13_ORCHIDEE-MAN-2025/src_stomate/stomate_permafrost_soilcarbon.f90,deep_carbcycle,SUBROUTINE,183,permafrost_decomp,
./models/13_ORCHIDEE-MAN-2025/src_stomate/stomate_permafrost_soilcarbon.f90,deep_carbcycle,SUBROUTINE,183,traMplan,
./models/13_ORCHIDEE-MAN-2025/src_stomate/stomate_permafrost_soilcarbon.f90,deep_carbcycle,SUBROUTINE,183,ebullition,
./models/13_ORCHIDEE-MAN-2025/src_stomate/stomate_permafrost_soilcarbon.f90,deep_carbcycle,SUBROUTINE,183,get_gasdiff,
./models/13_ORCHIDEE-MAN-2025/src_stomate/stomate_permafrost_soilcarbon.f90,deep_carbcycle,SUBROUTINE,183,soil_gasdiff_main,
./models/13_ORCHIDEE-MAN-2025/src_stomate/stomate_permafrost_soilcarbon.f90,deep_carbcycle,SUBROUTINE,183,calc_vert_int_soil_carbon,
./models/13_ORCHIDEE-MAN-2025/src_stomate/stomate_permafrost_soilcarbon.f90,cryoturbate,SUBROUTINE,3431,ipslerr_p,
./models/13_ORCHIDEE-MAN-2025/src_stomate/stomate_permafrost_soilcarbon.f90,cryoturbate,SUBROUTINE,3431,ipslerr_p,
./models/13_ORCHIDEE-MAN-2025/src_stomate/stomate_permafrost_soilcarbon.f90,cryoturbate,SUBROUTINE,3431,ipslerr_p,
./models/13_ORCHIDEE-MAN-2025/src_stomate/stomate_permafrost_soilcarbon.f90,cryoturbate,SUBROUTINE,3431,ipslerr_p,
./models/13_ORCHIDEE-MAN-2025/src_stomate/stomate_permafrost_soilcarbon.f90,snow_interpol,SUBROUTINE,2823,snowlevels,
./models/13_ORCHIDEE-MAN-2025/src_stomate/stomate_permafrost_soilcarbon.f90,soil_gasdiff_main,SUBROUTINE,1439,soil_gasdiff_alloc,
./models/13_ORCHIDEE-MAN-2025/src_stomate/stomate_permafrost_soilcarbon.f90,soil_gasdiff_main,SUBROUTINE,1439,soil_gasdiff_diff,
./models/13_ORCHIDEE-MAN-2025/src_stomate/stomate_permafrost_soilcarbon.f90,soil_gasdiff_main,SUBROUTINE,1439,soil_gasdiff_coeff,
./models/13_ORCHIDEE-MAN-2025/src_stomate/stomate_phenology.f90,phenology,SUBROUTINE,173,pheno_hum,
./models/13_ORCHIDEE-MAN-2025/src_stomate/stomate_phenology.f90,phenology,SUBROUTINE,173,pheno_moi,
./models/13_ORCHIDEE-MAN-2025/src_stomate/stomate_phenology.f90,phenology,SUBROUTINE,173,pheno_ncdgdd,
./models/13_ORCHIDEE-MAN-2025/src_stomate/stomate_phenology.f90,phenology,SUBROUTINE,173,pheno_ngd,
./models/13_ORCHIDEE-MAN-2025/src_stomate/stomate_phenology.f90,phenology,SUBROUTINE,173,pheno_humgdd,
./models/13_ORCHIDEE-MAN-2025/src_stomate/stomate_phenology.f90,phenology,SUBROUTINE,173,pheno_moigdd,
./models/13_ORCHIDEE-MAN-2025/src_stomate/stomate_phenology.f90,phenology,SUBROUTINE,173,pheno_siggdd,
./models/13_ORCHIDEE-MAN-2025/src_stomate/stomate_phenology.f90,phenology,SUBROUTINE,173,pheno_moi_C4,
./models/13_ORCHIDEE-MAN-2025/src_stomate/stomate_phenology.f90,phenology,SUBROUTINE,173,ipslerr_p,
./models/13_ORCHIDEE-MAN-2025/src_stomate/stomate_phenology.f90,pheno_moigdd,SUBROUTINE,1262,ipslerr_p,
./models/13_ORCHIDEE-MAN-2025/src_stomate/stomate_phenology.f90,pheno_moigdd,SUBROUTINE,1262,ipslerr_p,
./models/13_ORCHIDEE-MAN-2025/src_stomate/stomate_phenology.f90,pheno_humgdd,SUBROUTINE,1029,ipslerr_p,
./models/13_ORCHIDEE-MAN-2025/src_stomate/stomate_phenology.f90,pheno_humgdd,SUBROUTINE,1029,ipslerr_p,
./models/13_ORCHIDEE-MAN-2025/src_stomate/stomate_phenology.f90,pheno_siggdd,SUBROUTINE,1910,ipslerr_p,
./models/13_ORCHIDEE-MAN-2025/src_stomate/stomate_phenology.f90,pheno_siggdd,SUBROUTINE,1910,ipslerr_p,
./models/13_ORCHIDEE-MAN-2025/src_stomate/stomate_phenology.f90,pheno_hum,SUBROUTINE,650,ipslerr_p,
./models/13_ORCHIDEE-MAN-2025/src_stomate/stomate_phenology.f90,pheno_moi,SUBROUTINE,838,ipslerr_p,
./models/13_ORCHIDEE-MAN-2025/src_stomate/stomate_phenology.f90,pheno_ncdgdd,SUBROUTINE,1520,ipslerr_p,
./models/13_ORCHIDEE-MAN-2025/src_stomate/stomate_phenology.f90,pheno_ngd,SUBROUTINE,1668,ipslerr_p,
./models/13_ORCHIDEE-MAN-2025/src_stomate/stomate_season.f90,season,SUBROUTINE,167,downward_solar_flux,
./models/13_ORCHIDEE-MAN-2025/src_stomate/stomate_soilcarbon.f90,soilcarbon_leak,SUBROUTINE,641,snowlevels,
./models/13_ORCHIDEE-MAN-2025/src_stomate/stomate_soilcarbon.f90,soilcarbon_leak,SUBROUTINE,641,altcalc_DOC,
./models/13_ORCHIDEE-MAN-2025/src_stomate/stomate_soilcarbon.f90,soilcarbon_leak,SUBROUTINE,641,altcalc_DOC,
./models/13_ORCHIDEE-MAN-2025/src_stomate/stomate_soilcarbon.f90,cryoturbate_doc_POC,SUBROUTINE,2599,ipslerr_p,
./models/13_ORCHIDEE-MAN-2025/src_stomate/stomate_soilcarbon.f90,cryoturbate_doc_POC,SUBROUTINE,2599,ipslerr_p,
./models/13_ORCHIDEE-MAN-2025/src_stomate/stomate_soilcarbon.f90,cryoturbate_doc_POC,SUBROUTINE,2599,ipslerr_p,
./models/13_ORCHIDEE-MAN-2025/src_stomate/stomate_soilcarbon.f90,cryoturbate_doc_POC,SUBROUTINE,2599,ipslerr_p,
./models/13_ORCHIDEE-MAN-2025/src_stomate/stomate_soilcarbon.f90,cryoturbate_doc_POC,SUBROUTINE,2599,ipslerr_p,
./models/13_ORCHIDEE-MAN-2025/src_stomate/stomate_soilcarbon.f90,cryoturbate_doc_POC,SUBROUTINE,2599,ipslerr_p,
./models/13_ORCHIDEE-MAN-2025/src_stomate/stomate_turnover.f90,turn,SUBROUTINE,169,ipslerr_p,
