,source_file,file,function,type,line,do_loops,is_recursive,cyclomatic_complexity,loc,volume,difficulty,effort,time,bugs,model,language,complexity_category,number_changes,change_per_days,age_days
0,func_metrics_01_CTSM_fortran,./models/01_CTSM/lilac/atm_driver/atm_driver.F90,atm_driver,PROGRAM,1,3,False,32,129,4318.78625649049,35.3365384615385,152610.95665964,8478.38648109111,1.43959541883016,CTSM,fortran,b3,,,
1,func_metrics_01_CTSM_fortran,./models/01_CTSM/lilac/atm_driver/atm_driver.F90,write_lilac_to_atm_driver_fields,SUBROUTINE,518,3,False,19,80,2153.30382550337,27.4322033898305,59069.8685013085,3281.6593611838,0.717767941834456,CTSM,fortran,b2,30.0,0.01256637946332455,2387.3224652777776
2,func_metrics_01_CTSM_fortran,./models/01_CTSM/lilac/atm_driver/atm_driver.F90,read_netcdf_mesh,SUBROUTINE,328,0,False,3,38,850.62854123278,12.3157894736842,10476.16203413,582.009001896113,0.283542847077593,CTSM,fortran,b1,20.0,0.008377586308883033,2387.3224652777776
3,func_metrics_01_CTSM_fortran,./models/01_CTSM/lilac/atm_driver/atm_driver.F90,atm_driver_to_lilac,SUBROUTINE,400,0,False,3,65,2049.23919880723,17.089552238806,35020.5803378251,1945.58779654584,0.683079732935744,CTSM,fortran,b1,45.0,0.018849569194986825,2387.3224652777776
4,func_metrics_01_CTSM_fortran,./models/01_CTSM/lilac/atm_driver/atm_driver.F90,nc_check_err,SUBROUTINE,387,0,False,2,9,191.755559601404,7.23333333333333,1387.03188111682,77.0573267287123,0.0639185198671346,CTSM,fortran,b1,9.0,0.003769913838997365,2387.3224652777776
5,func_metrics_01_CTSM_fortran,./models/01_CTSM/lilac/src/ctsm_LilacAtm2LndFieldListType.F90,check_all_set,SUBROUTINE,361,1,False,6,17,395.0,9.39130434782609,3709.5652173913,206.086956521739,0.131666666666667,CTSM,fortran,b1,2.0,0.0009661081760046483,2070.161550925926
6,func_metrics_01_CTSM_fortran,./models/01_CTSM/lilac/src/ctsm_LilacAtm2LndFieldListType.F90,set_needed_from_data,SUBROUTINE,260,1,False,4,18,432.434341506279,10.62,4592.45270679668,255.136261488705,0.144144780502093,CTSM,fortran,b1,1.0,0.00048305408800232414,2070.161550925926
7,func_metrics_01_CTSM_fortran,./models/01_CTSM/lilac/src/ctsm_LilacAtm2LndFieldListType.F90,set_field,SUBROUTINE,318,0,False,4,22,628.962864044608,12.3,7736.24322774867,429.791290430482,0.209654288014869,CTSM,fortran,b1,3.0,0.0014491622640069725,2070.161550925926
8,func_metrics_01_CTSM_fortran,./models/01_CTSM/lilac/src/ctsm_LilacAtm2LndFieldListType.F90,add_var,SUBROUTINE,161,0,False,3,25,675.884868050695,12.3387096774194,8339.54716223842,463.308175679912,0.225294956016898,CTSM,fortran,b1,2.0,0.0009661081760046483,2070.161550925926
9,func_metrics_01_CTSM_fortran,./models/01_CTSM/lilac/src/ctsm_LilacAtm2LndFieldListType.F90,check_field_index,SUBROUTINE,485,0,False,3,16,415.0,14.7,6100.5,338.916666666667,0.138333333333333,CTSM,fortran,b1,1.0,0.00048305408800232414,2070.161550925926
10,func_metrics_01_CTSM_fortran,./models/01_CTSM/lilac/src/ctsm_LilacAtm2LndFieldListType.F90,complete_setup,SUBROUTINE,210,1,False,2,10,213.969937597356,4.09090909090909,875.331562898275,48.6295312721264,0.071323312532452,CTSM,fortran,b1,1.0,0.00048305408800232414,2070.161550925926
11,func_metrics_01_CTSM_fortran,./models/01_CTSM/lilac/src/ctsm_LilacAtm2LndFieldListType.F90,num_fields,FUNCTION,234,0,False,2,12,216.22022703449,7.41176470588235,1602.5734474321,89.0318581906725,0.0720734090114967,CTSM,fortran,b1,1.0,0.00048305408800232414,2070.161550925926
12,func_metrics_01_CTSM_fortran,./models/01_CTSM/lilac/src/ctsm_LilacAtm2LndFieldListType.F90,reset_provided,SUBROUTINE,391,1,False,2,8,151.620675033668,2.77777777777778,421.168541760189,23.3982523200105,0.0505402250112227,CTSM,fortran,b1,1.0,0.00048305408800232414,2070.161550925926
13,func_metrics_01_CTSM_fortran,./models/01_CTSM/lilac/src/ctsm_LilacAtm2LndFieldListType.F90,new_lilac_atm2lnd_field_type,FUNCTION,108,0,False,1,17,374.973683920493,3.72,1394.90210418423,77.4945613435686,0.124991227973498,CTSM,fortran,b1,2.0,0.0009661081760046483,2070.161550925926
14,func_metrics_01_CTSM_fortran,./models/01_CTSM/lilac/src/ctsm_LilacAtm2LndFieldListType.F90,init,SUBROUTINE,143,0,False,1,5,88.0,1.96153846153846,172.615384615385,9.58974358974359,0.0293333333333333,CTSM,fortran,b1,1.0,0.00048305408800232414,2070.161550925926
15,func_metrics_01_CTSM_fortran,./models/01_CTSM/lilac/src/ctsm_LilacAtm2LndFieldListType.F90,is_needed_from_data,FUNCTION,296,0,False,1,8,158.123427220035,3.52941176470588,558.082684306007,31.004593572556,0.0527078090733451,CTSM,fortran,b1,1.0,0.00048305408800232414,2070.161550925926
16,func_metrics_01_CTSM_fortran,./models/01_CTSM/lilac/src/ctsm_LilacAtm2LndFieldListType.F90,get_fieldname,FUNCTION,412,0,False,1,8,182.836696364129,3.77777777777778,690.71640848671,38.3731338048172,0.0609455654547097,CTSM,fortran,b1,1.0,0.00048305408800232414,2070.161550925926
17,func_metrics_01_CTSM_fortran,./models/01_CTSM/lilac/src/ctsm_LilacAtm2LndFieldListType.F90,get_units,FUNCTION,436,0,False,1,8,182.836696364129,3.77777777777778,690.71640848671,38.3731338048172,0.0609455654547097,CTSM,fortran,b1,1.0,0.00048305408800232414,2070.161550925926
18,func_metrics_01_CTSM_fortran,./models/01_CTSM/lilac/src/ctsm_LilacAtm2LndFieldListType.F90,get_dataptr,FUNCTION,460,0,False,1,8,197.418468161926,4.16666666666667,822.576950674691,45.6987194819273,0.0658061560539753,CTSM,fortran,b1,1.0,0.00048305408800232414,2070.161550925926
19,func_metrics_01_CTSM_fortran,./models/01_CTSM/lilac/src/ctsm_LilacCouplingFields.F90,lilac_atm2lnd,SUBROUTINE,50,0,False,1,6,129.657842846621,3.0,388.973528539863,21.6096404744368,0.0432192809488736,CTSM,fortran,b1,2.0,0.0009661081760046483,2070.161550925926
20,func_metrics_01_CTSM_fortran,./models/01_CTSM/lilac/src/ctsm_LilacCouplingFields.F90,lilac_lnd2atm,SUBROUTINE,71,0,False,1,6,131.769522683363,2.82352941176471,372.055122870672,20.6697290483706,0.0439231742277876,CTSM,fortran,b1,2.0,0.0009661081760046483,2070.161550925926
21,func_metrics_01_CTSM_fortran,./models/01_CTSM/lilac/src/ctsm_LilacCouplingFields.F90,create_a2l_field_list,SUBROUTINE,92,0,False,1,36,3004.13173146036,13.75,41306.8113075799,2294.8228504211,1.00137724382012,CTSM,fortran,b1,2.0,0.0009661081760046483,2070.161550925926
22,func_metrics_01_CTSM_fortran,./models/01_CTSM/lilac/src/ctsm_LilacCouplingFields.F90,create_l2a_field_list,SUBROUTINE,178,0,False,1,27,1294.92354362125,8.45714285714286,10951.3533974826,608.408522082366,0.431641181207084,CTSM,fortran,b1,1.0,0.00048305408800232414,2070.161550925926
23,func_metrics_01_CTSM_fortran,./models/01_CTSM/lilac/src/ctsm_LilacCouplingFields.F90,complete_a2l_field_list,SUBROUTINE,245,0,False,1,7,125.097750043269,3.42857142857143,428.906571576924,23.8281428653846,0.0416992500144231,CTSM,fortran,b1,1.0,0.00048305408800232414,2070.161550925926
24,func_metrics_01_CTSM_fortran,./models/01_CTSM/lilac/src/ctsm_LilacCouplingFields.F90,complete_l2a_field_list,SUBROUTINE,275,0,False,1,5,84.0,2.66666666666667,224.0,12.4444444444444,0.028,CTSM,fortran,b1,1.0,0.00048305408800232414,2070.161550925926
25,func_metrics_01_CTSM_fortran,./models/01_CTSM/lilac/src/ctsm_LilacLnd2AtmFieldListType.F90,add_var,SUBROUTINE,137,0,False,3,23,578.249323584814,11.4107142857143,6598.23781733385,366.568767629659,0.192749774528271,CTSM,fortran,b1,1.0,0.00048305408800232414,2070.161550925926
26,func_metrics_01_CTSM_fortran,./models/01_CTSM/lilac/src/ctsm_LilacLnd2AtmFieldListType.F90,check_field_index,SUBROUTINE,328,0,False,3,16,415.0,14.7,6100.5,338.916666666667,0.138333333333333,CTSM,fortran,b1,1.0,0.00048305408800232414,2070.161550925926
27,func_metrics_01_CTSM_fortran,./models/01_CTSM/lilac/src/ctsm_LilacLnd2AtmFieldListType.F90,complete_setup,SUBROUTINE,182,1,False,2,10,213.969937597356,4.09090909090909,875.331562898275,48.6295312721264,0.071323312532452,CTSM,fortran,b1,1.0,0.00048305408800232414,2070.161550925926
28,func_metrics_01_CTSM_fortran,./models/01_CTSM/lilac/src/ctsm_LilacLnd2AtmFieldListType.F90,num_fields,FUNCTION,206,0,False,2,12,216.22022703449,7.41176470588235,1602.5734474321,89.0318581906725,0.0720734090114967,CTSM,fortran,b1,1.0,0.00048305408800232414,2070.161550925926
29,func_metrics_01_CTSM_fortran,./models/01_CTSM/lilac/src/ctsm_LilacLnd2AtmFieldListType.F90,get_field,SUBROUTINE,232,0,False,2,11,322.841223638941,7.84,2531.0751933293,140.615288518294,0.10761374121298,CTSM,fortran,b1,1.0,0.00048305408800232414,2070.161550925926
30,func_metrics_01_CTSM_fortran,./models/01_CTSM/lilac/src/ctsm_LilacLnd2AtmFieldListType.F90,new_lilac_lnd2atm_field_type,FUNCTION,93,0,False,1,10,210.831236293381,3.08333333333333,650.062978571257,36.1146099206254,0.0702770787644602,CTSM,fortran,b1,1.0,0.00048305408800232414,2070.161550925926
31,func_metrics_01_CTSM_fortran,./models/01_CTSM/lilac/src/ctsm_LilacLnd2AtmFieldListType.F90,init,SUBROUTINE,119,0,False,1,5,88.0,1.96153846153846,172.615384615385,9.58974358974359,0.0293333333333333,CTSM,fortran,b1,1.0,0.00048305408800232414,2070.161550925926
32,func_metrics_01_CTSM_fortran,./models/01_CTSM/lilac/src/ctsm_LilacLnd2AtmFieldListType.F90,get_fieldname,FUNCTION,258,0,False,1,8,182.836696364129,3.77777777777778,690.71640848671,38.3731338048172,0.0609455654547097,CTSM,fortran,b1,1.0,0.00048305408800232414,2070.161550925926
33,func_metrics_01_CTSM_fortran,./models/01_CTSM/lilac/src/ctsm_LilacLnd2AtmFieldListType.F90,get_units,FUNCTION,282,0,False,1,8,182.836696364129,3.77777777777778,690.71640848671,38.3731338048172,0.0609455654547097,CTSM,fortran,b1,1.0,0.00048305408800232414,2070.161550925926
34,func_metrics_01_CTSM_fortran,./models/01_CTSM/lilac/src/ctsm_LilacLnd2AtmFieldListType.F90,get_dataptr,FUNCTION,306,0,False,1,8,197.418468161926,4.16666666666667,822.576950674691,45.6987194819273,0.0658061560539753,CTSM,fortran,b1,1.0,0.00048305408800232414,2070.161550925926
35,func_metrics_01_CTSM_fortran,./models/01_CTSM/lilac/src/lilac_atmaero.F90,lilac_atmaero_init,SUBROUTINE,57,2,False,16,99,3703.54124198143,26.55,98329.0199746069,5462.7233319226,1.23451374732714,CTSM,fortran,b2,9.0,0.004170064295730921,2158.2401041666667
36,func_metrics_01_CTSM_fortran,./models/01_CTSM/lilac/src/lilac_atmaero.F90,lilac_atmaero_interp,SUBROUTINE,228,1,False,7,34,1217.05285966327,10.234375,12455.7753606163,691.98752003424,0.405684286554425,CTSM,fortran,b1,5.0,0.002316702386517178,2158.2401041666667
37,func_metrics_01_CTSM_fortran,./models/01_CTSM/lilac/src/lilac_atmcap.F90,lilac_atmcap_init,SUBROUTINE,103,3,False,27,103,3832.69774767228,32.6504854368932,125139.441994387,6952.19122191039,1.27756591589076,CTSM,fortran,b3,41.0,0.01719725736756886,2384.101087962963
38,func_metrics_01_CTSM_fortran,./models/01_CTSM/lilac/src/lilac_atmcap.F90,lilac_atmcap_register,SUBROUTINE,66,0,False,7,20,574.768234247835,9.0,5172.91410823052,287.384117123918,0.191589411415945,CTSM,fortran,b1,9.0,0.0037750077148321886,2384.101087962963
39,func_metrics_01_CTSM_fortran,./models/01_CTSM/lilac/src/lilac_atmcap.F90,lilac_atmcap_final,SUBROUTINE,290,0,False,3,16,405.213358338652,7.5,3039.10018753989,168.838899307772,0.135071119446217,CTSM,fortran,b1,6.0,0.002516671809888126,2384.101087962963
40,func_metrics_01_CTSM_fortran,./models/01_CTSM/lilac/src/lilac_atmcap.F90,lilac_atmcap_init_vars,SUBROUTINE,38,0,False,1,17,315.782220904681,2.56521739130435,810.0500449294,45.0027802738555,0.10526074030156,CTSM,fortran,b1,7.0,0.00324985593675574,2153.9416319444445
41,func_metrics_01_CTSM_fortran,./models/01_CTSM/lilac/src/lilac_atmcap.F90,lilac_atmcap_run,SUBROUTINE,275,0,False,1,7,110.361496713759,1.66666666666667,183.935827856265,10.2186571031258,0.036787165571253,CTSM,fortran,b1,7.0,0.002936117111536147,2384.101087962963
42,func_metrics_01_CTSM_fortran,./models/01_CTSM/lilac/src/lilac_cpl.F90,cpl_atm2lnd_register,SUBROUTINE,36,0,False,7,20,733.205728421448,11.6216216216216,8521.03954651953,473.391085917752,0.244401909473816,CTSM,fortran,b1,20.0,0.008388488901929666,2384.2196412037038
43,func_metrics_01_CTSM_fortran,./models/01_CTSM/lilac/src/lilac_cpl.F90,cpl_lnd2rof_register,SUBROUTINE,102,0,False,7,20,733.205728421448,11.6216216216216,8521.03954651953,473.391085917752,0.244401909473816,CTSM,fortran,b1,1.0,0.0004641858034337951,2154.3097453703704
44,func_metrics_01_CTSM_fortran,./models/01_CTSM/lilac/src/lilac_cpl.F90,cpl_get_fieldbundle,SUBROUTINE,559,1,False,6,29,847.821186461396,14.9078947368421,12639.2290034311,702.179389079505,0.282607062153799,CTSM,fortran,b1,1.0,0.0004641858034337951,2154.3097453703704
45,func_metrics_01_CTSM_fortran,./models/01_CTSM/lilac/src/lilac_cpl.F90,cpl_lnd2atm_register,SUBROUTINE,73,0,False,5,15,539.111026323949,9.9,5337.1991606071,296.511064478172,0.179703675441316,CTSM,fortran,b1,7.0,0.0029359711156753832,2384.2196412037038
46,func_metrics_01_CTSM_fortran,./models/01_CTSM/lilac/src/lilac_cpl.F90,cpl_rof2lnd_register,SUBROUTINE,139,0,False,5,15,539.111026323949,9.9,5337.1991606071,296.511064478172,0.179703675441316,CTSM,fortran,b1,1.0,0.0004641858034337951,2154.3097453703704
47,func_metrics_01_CTSM_fortran,./models/01_CTSM/lilac/src/lilac_cpl.F90,cpl_atm2lnd_init,SUBROUTINE,168,0,False,5,22,549.185309632968,9.125,5011.31595040083,278.406441688935,0.183061769877656,CTSM,fortran,b1,6.0,0.0025302653956521424,2371.29275462963
48,func_metrics_01_CTSM_fortran,./models/01_CTSM/lilac/src/lilac_cpl.F90,cpl_lnd2atm_init,SUBROUTINE,203,0,False,5,22,549.185309632968,9.125,5011.31595040083,278.406441688935,0.183061769877656,CTSM,fortran,b1,6.0,0.0025302653956521424,2371.29275462963
49,func_metrics_01_CTSM_fortran,./models/01_CTSM/lilac/src/lilac_cpl.F90,cpl_lnd2rof_init,SUBROUTINE,237,0,False,5,23,758.860953367678,9.18367346938776,6969.13120439704,387.173955799836,0.252953651122559,CTSM,fortran,b1,3.0,0.0012657483053927778,2370.1394560185186
50,func_metrics_01_CTSM_fortran,./models/01_CTSM/lilac/src/lilac_cpl.F90,cpl_rof2lnd_init,SUBROUTINE,280,0,False,5,23,758.860953367678,9.18367346938776,6969.13120439704,387.173955799836,0.252953651122559,CTSM,fortran,b1,4.0,0.0016876644071903704,2370.1394560185186
51,func_metrics_01_CTSM_fortran,./models/01_CTSM/lilac/src/lilac_cpl.F90,cpl_atm2lnd_run,SUBROUTINE,323,0,False,5,21,551.402593482367,9.25714285714286,5104.41257966534,283.578476648074,0.183800864494122,CTSM,fortran,b1,6.0,0.0025302653956521424,2371.29275462963
52,func_metrics_01_CTSM_fortran,./models/01_CTSM/lilac/src/lilac_cpl.F90,cpl_lnd2atm_run,SUBROUTINE,356,0,False,5,21,551.402593482367,9.25714285714286,5104.41257966534,283.578476648074,0.183800864494122,CTSM,fortran,b1,5.0,0.0021085544963767855,2371.29275462963
53,func_metrics_01_CTSM_fortran,./models/01_CTSM/lilac/src/lilac_cpl.F90,cpl_lnd2rof_run,SUBROUTINE,388,0,False,5,21,551.402593482367,9.25714285714286,5104.41257966534,283.578476648074,0.183800864494122,CTSM,fortran,b1,1.0,0.0004641858034337951,2154.3097453703704
54,func_metrics_01_CTSM_fortran,./models/01_CTSM/lilac/src/lilac_cpl.F90,cpl_rof2lnd_run,SUBROUTINE,421,0,False,5,21,551.402593482367,9.25714285714286,5104.41257966534,283.578476648074,0.183800864494122,CTSM,fortran,b1,1.0,0.0004641858034337951,2154.3097453703704
55,func_metrics_01_CTSM_fortran,./models/01_CTSM/lilac/src/lilac_cpl.F90,cpl_atm2lnd_final,SUBROUTINE,453,0,False,2,14,346.363215887277,5.75806451612903,1994.38174309287,110.798985727382,0.115454405295759,CTSM,fortran,b1,5.0,0.0021085544963767855,2371.29275462963
56,func_metrics_01_CTSM_fortran,./models/01_CTSM/lilac/src/lilac_cpl.F90,cpl_lnd2atm_final,SUBROUTINE,481,0,False,2,13,318.015547050588,5.875,1868.3413389222,103.796741051234,0.106005182350196,CTSM,fortran,b1,6.0,0.0025291938814604197,2372.2973726851856
57,func_metrics_01_CTSM_fortran,./models/01_CTSM/lilac/src/lilac_cpl.F90,cpl_lnd2rof_final,SUBROUTINE,507,0,False,2,13,318.015547050588,5.875,1868.3413389222,103.796741051234,0.106005182350196,CTSM,fortran,b1,1.0,0.0004641858034337951,2154.3097453703704
58,func_metrics_01_CTSM_fortran,./models/01_CTSM/lilac/src/lilac_cpl.F90,cpl_rof2lnd_final,SUBROUTINE,533,0,False,2,13,318.015547050588,5.875,1868.3413389222,103.796741051234,0.106005182350196,CTSM,fortran,b1,1.0,0.0004641858034337951,2154.3097453703704
59,func_metrics_01_CTSM_fortran,./models/01_CTSM/lilac/src/lilac_driver_pio_mod.F90,lilac_driver_pio_rearr_opts_set,SUBROUTINE,574,0,False,27,134,2943.86560939871,30.9375,91075.8422907725,5059.76901615403,0.981288536466236,CTSM,fortran,b3,,,
60,func_metrics_01_CTSM_fortran,./models/01_CTSM/lilac/src/lilac_driver_pio_mod.F90,lilac_driver_pio_namelist_set,SUBROUTINE,493,0,False,14,57,1839.40603247006,50.7972972972973,93436.8550818236,5190.93639343465,0.613135344156686,CTSM,fortran,b2,2.0,0.001651006831833785,1211.382025462963
61,func_metrics_01_CTSM_fortran,./models/01_CTSM/lilac/src/lilac_driver_pio_mod.F90,lilac_driver_pio_init2,SUBROUTINE,135,2,False,12,57,1888.19294537157,24.7272727272727,46689.8619219152,2593.88121788418,0.62939764845719,CTSM,fortran,b2,2.0,0.001651006831833785,1211.382025462963
62,func_metrics_01_CTSM_fortran,./models/01_CTSM/lilac/src/lilac_driver_pio_mod.F90,lilac_driver_pio_read_component_namelist,SUBROUTINE,348,1,False,11,74,1967.7709737782,32.2672413793103,63494.5409901017,3527.4744994501,0.655923657926066,CTSM,fortran,b2,2.0,0.001651006831833785,1211.382025462963
63,func_metrics_01_CTSM_fortran,./models/01_CTSM/lilac/src/lilac_driver_pio_mod.F90,lilac_driver_pio_read_default_namelist,SUBROUTINE,241,1,False,7,76,2103.07243209421,30.8181818181818,64812.8685890853,3600.71492161585,0.701024144031404,CTSM,fortran,b1,2.0,0.001651006831833785,1211.382025462963
64,func_metrics_01_CTSM_fortran,./models/01_CTSM/lilac/src/lilac_driver_pio_mod.F90,lilac_driver_pio_getiotypefromname,SUBROUTINE,466,0,False,7,23,422.644346576099,9.14285714285714,3864.17688298147,214.676493498971,0.1408814488587,CTSM,fortran,b1,2.0,0.001651006831833785,1211.382025462963
65,func_metrics_01_CTSM_fortran,./models/01_CTSM/lilac/src/lilac_driver_pio_mod.F90,lilac_driver_pio_init1,SUBROUTINE,54,1,False,6,55,1533.73498131035,22.7542372881356,34898.9697018499,1938.83165010277,0.511244993770117,CTSM,fortran,b1,2.0,0.001651006831833785,1211.382025462963
66,func_metrics_01_CTSM_fortran,./models/01_CTSM/lilac/src/lilac_driver_pio_mod.F90,lilac_driver_pio_getioformatfromname,SUBROUTINE,446,0,False,4,16,282.026383088466,7.0,1974.18468161926,109.676926756625,0.0940087943628218,CTSM,fortran,b1,2.0,0.001651006831833785,1211.382025462963
67,func_metrics_01_CTSM_fortran,./models/01_CTSM/lilac/src/lilac_driver_pio_mod.F90,lilac_driver_pio_finalize,SUBROUTINE,228,1,False,2,7,77.7092340809629,3.33333333333333,259.030780269876,14.390598903882,0.0259030780269876,CTSM,fortran,b1,2.0,0.001651006831833785,1211.382025462963
68,func_metrics_01_CTSM_fortran,./models/01_CTSM/lilac/src/lilac_history.F90,lilac_history_write,SUBROUTINE,103,1,False,36,138,7136.82963547485,51.3452380952381,366442.216878607,20357.9009377004,2.37894321182495,CTSM,fortran,b3,6.0,0.0027778997604195423,2159.905150462963
69,func_metrics_01_CTSM_fortran,./models/01_CTSM/lilac/src/lilac_history.F90,lilac_history_init,SUBROUTINE,33,0,False,5,38,1322.19563069351,18.7894736842105,24843.3600082938,1380.18666712743,0.440731876897836,CTSM,fortran,b1,6.0,0.0027778997604195423,2159.905150462963
70,func_metrics_01_CTSM_fortran,./models/01_CTSM/lilac/src/lilac_io.F90,lilac_io_write_FB,SUBROUTINE,367,4,False,62,280,10953.7211325835,70.7586206896552,775070.198760738,43059.4554867077,3.65124037752784,CTSM,fortran,b4,3.0,0.0013889498802097712,2159.905150462963
71,func_metrics_01_CTSM_fortran,./models/01_CTSM/lilac/src/lilac_io.F90,lilac_io_read_FB,SUBROUTINE,1124,4,False,46,158,5485.46651034139,39.921568627451,218988.427746178,12166.0237636765,1.82848883678046,CTSM,fortran,b3,1.0,0.0004629832934032571,2159.905150462963
72,func_metrics_01_CTSM_fortran,./models/01_CTSM/lilac/src/lilac_io.F90,lilac_io_write_time,SUBROUTINE,1021,0,False,19,81,2336.7248900279,22.0846153846154,51605.6704559239,2866.98169199577,0.778908296675967,CTSM,fortran,b2,1.0,0.0004629832934032571,2159.905150462963
73,func_metrics_01_CTSM_fortran,./models/01_CTSM/lilac/src/lilac_io.F90,lilac_io_wopen,SUBROUTINE,147,0,False,16,67,2030.26245531265,26.4576271186441,53715.9269956447,2984.21816642471,0.676754151770882,CTSM,fortran,b2,2.0,0.0009259665868065142,2159.905150462963
74,func_metrics_01_CTSM_fortran,./models/01_CTSM/lilac/src/lilac_io.F90,lilac_io_read_init_iodesc,SUBROUTINE,1325,0,False,10,69,2299.55765623488,23.4,53809.6491558962,2989.42495310534,0.766519218744959,CTSM,fortran,b1,2.0,0.0009259665868065142,2159.905150462963
75,func_metrics_01_CTSM_fortran,./models/01_CTSM/lilac/src/lilac_io.F90,lilac_io_write_r8,SUBROUTINE,846,0,False,9,37,1017.51930958034,14.2222222222222,14471.3857362537,803.965874236318,0.339173103193447,CTSM,fortran,b1,1.0,0.0004629832934032571,2159.905150462963
76,func_metrics_01_CTSM_fortran,./models/01_CTSM/lilac/src/lilac_io.F90,lilac_io_write_int,SUBROUTINE,726,0,False,8,35,936.880127502604,13.609756097561,12750.7100279623,708.372779331238,0.312293375834201,CTSM,fortran,b1,1.0,0.0004629832934032571,2159.905150462963
77,func_metrics_01_CTSM_fortran,./models/01_CTSM/lilac/src/lilac_io.F90,lilac_io_write_int1d,SUBROUTINE,783,0,False,8,41,1154.02225604013,15.625,18031.5977506271,1001.75543059039,0.384674085346711,CTSM,fortran,b1,1.0,0.0004629832934032571,2159.905150462963
78,func_metrics_01_CTSM_fortran,./models/01_CTSM/lilac/src/lilac_io.F90,lilac_io_write_r81d,SUBROUTINE,902,0,False,8,39,1117.70217937875,14.6938775510204,16423.3789623,912.40994235,0.37256739312625,CTSM,fortran,b1,1.0,0.0004629832934032571,2159.905150462963
79,func_metrics_01_CTSM_fortran,./models/01_CTSM/lilac/src/lilac_io.F90,lilac_io_write_char,SUBROUTINE,960,0,False,8,44,1236.03398997192,16.5625,20471.8129589099,1137.32294216166,0.412011329990639,CTSM,fortran,b1,1.0,0.0004629832934032571,2159.905150462963
80,func_metrics_01_CTSM_fortran,./models/01_CTSM/lilac/src/lilac_io.F90,lilac_io_close,SUBROUTINE,238,0,False,6,22,558.802449963173,15.0,8382.0367494476,465.668708302644,0.186267483321058,CTSM,fortran,b1,1.0,0.0004629832934032571,2159.905150462963
81,func_metrics_01_CTSM_fortran,./models/01_CTSM/lilac/src/lilac_io.F90,lilac_io_file_exists,FUNCTION,119,0,False,5,13,358.15198247445,7.26923076923077,2603.48941106427,144.638300614682,0.11938399415815,CTSM,fortran,b1,1.0,0.0004629832934032571,2159.905150462963
82,func_metrics_01_CTSM_fortran,./models/01_CTSM/lilac/src/lilac_io.F90,lilac_io_sec2hms,FUNCTION,322,0,False,4,31,687.102288452092,21.84,15006.3139797937,833.684109988539,0.229034096150697,CTSM,fortran,b1,1.0,0.0004629832934032571,2159.905150462963
83,func_metrics_01_CTSM_fortran,./models/01_CTSM/lilac/src/lilac_io.F90,lilac_io_read_int1d,SUBROUTINE,1450,0,False,4,35,1004.17140125345,14.1428571428571,14201.8526748702,788.991815270567,0.334723800417816,CTSM,fortran,b1,2.0,0.0009259665868065142,2159.905150462963
84,func_metrics_01_CTSM_fortran,./models/01_CTSM/lilac/src/lilac_io.F90,lilac_io_read_r81d,SUBROUTINE,1529,0,False,4,35,1034.06942676549,13.5384615384615,13999.7091623635,777.761620131305,0.344689808921829,CTSM,fortran,b1,2.0,0.0009259665868065142,2159.905150462963
85,func_metrics_01_CTSM_fortran,./models/01_CTSM/lilac/src/lilac_io.F90,lilac_io_read_char,SUBROUTINE,1581,0,False,4,37,1079.39419543645,14.74,15910.2704407332,883.903913374067,0.359798065145482,CTSM,fortran,b1,2.0,0.0009259665868065142,2159.905150462963
86,func_metrics_01_CTSM_fortran,./models/01_CTSM/lilac/src/lilac_io.F90,lilac_io_redef,SUBROUTINE,277,0,False,2,9,159.911339510832,3.75,599.667523165622,33.3148623980901,0.0533037798369441,CTSM,fortran,b1,1.0,0.0004629832934032571,2159.905150462963
87,func_metrics_01_CTSM_fortran,./models/01_CTSM/lilac/src/lilac_io.F90,lilac_io_enddef,SUBROUTINE,295,0,False,2,9,159.911339510832,3.75,599.667523165622,33.3148623980901,0.0533037798369441,CTSM,fortran,b1,1.0,0.0004629832934032571,2159.905150462963
88,func_metrics_01_CTSM_fortran,./models/01_CTSM/lilac/src/lilac_io.F90,lilac_io_read_int,SUBROUTINE,1423,0,False,2,14,346.793741727081,6.84,2372.06919341324,131.781621856291,0.115597913909027,CTSM,fortran,b1,1.0,0.0004629832934032571,2159.905150462963
89,func_metrics_01_CTSM_fortran,./models/01_CTSM/lilac/src/lilac_io.F90,lilac_io_read_r8,SUBROUTINE,1501,0,False,2,14,386.647175935026,6.53571428571429,2527.01547128963,140.38974840498,0.128882391978342,CTSM,fortran,b1,1.0,0.0004629832934032571,2159.905150462963
90,func_metrics_01_CTSM_fortran,./models/01_CTSM/lilac/src/lilac_io.F90,lilac_io_date2ymd_int,SUBROUTINE,1635,0,False,2,10,235.225221714965,7.23529411764706,1701.92366299651,94.5513146109172,0.0784084072383216,CTSM,fortran,b1,1.0,0.0004629832934032571,2159.905150462963
91,func_metrics_01_CTSM_fortran,./models/01_CTSM/lilac/src/lilac_io.F90,lilac_io_date2ymd_long,SUBROUTINE,1651,0,False,2,11,309.134107523337,7.15217391304348,2210.98089946039,122.832272192244,0.103044702507779,CTSM,fortran,b1,1.0,0.0004629832934032571,2159.905150462963
92,func_metrics_01_CTSM_fortran,./models/01_CTSM/lilac/src/lilac_io.F90,lilac_io_datetod2string_int,SUBROUTINE,1669,0,False,2,21,468.046581395031,12.42,5813.13854092629,322.952141162572,0.156015527131677,CTSM,fortran,b1,1.0,0.0004629832934032571,2159.905150462963
93,func_metrics_01_CTSM_fortran,./models/01_CTSM/lilac/src/lilac_io.F90,lilac_io_datetod2string_long,SUBROUTINE,1706,0,False,2,21,491.14287513702,11.8333333333333,5811.85735578807,322.880964210448,0.16371429171234,CTSM,fortran,b1,1.0,0.0004629832934032571,2159.905150462963
94,func_metrics_01_CTSM_fortran,./models/01_CTSM/lilac/src/lilac_io.F90,lilac_io_ymd2date_int,SUBROUTINE,1744,0,False,2,6,171.300379488372,7.25,1241.92775129069,68.9959861828164,0.0571001264961239,CTSM,fortran,b1,1.0,0.0004629832934032571,2159.905150462963
95,func_metrics_01_CTSM_fortran,./models/01_CTSM/lilac/src/lilac_io.F90,lilac_io_ymd2date_long,SUBROUTINE,1757,0,False,2,6,182.836696364129,7.0,1279.8568745489,71.1031596971614,0.0609455654547097,CTSM,fortran,b1,1.0,0.0004629832934032571,2159.905150462963
96,func_metrics_01_CTSM_fortran,./models/01_CTSM/lilac/src/lilac_io.F90,lilac_io_init,SUBROUTINE,106,0,False,1,5,85.1101135172451,2.4,204.264272441388,11.3480151356327,0.0283700378390817,CTSM,fortran,b1,1.0,0.00046309593331341376,2159.3797916666667
97,func_metrics_01_CTSM_fortran,./models/01_CTSM/lilac/src/lilac_io.F90,lilac_io_date2yyyymmdd,FUNCTION,313,0,False,1,4,85.9515931033874,2.125,182.647135344698,10.1470630747055,0.0286505310344625,CTSM,fortran,b1,1.0,0.0004629832934032571,2159.905150462963
98,func_metrics_01_CTSM_fortran,./models/01_CTSM/lilac/src/lilac_methods.F90,lilac_methods_Mesh_Print,SUBROUTINE,1218,0,False,33,109,4524.76175254129,50.1583333333333,226954.508237884,12608.5837909935,1.50825391751376,CTSM,fortran,b3,1.0,0.0004629832934032571,2159.905150462963
99,func_metrics_01_CTSM_fortran,./models/01_CTSM/lilac/src/lilac_methods.F90,lilac_methods_Field_GetFldPtr,SUBROUTINE,819,0,False,24,86,2603.64621262728,31.0,80713.0325914456,4484.05736619142,0.86788207087576,CTSM,fortran,b3,1.0,0.0004629832934032571,2159.905150462963
100,func_metrics_01_CTSM_fortran,./models/01_CTSM/lilac/src/lilac_methods.F90,lilac_methods_FB_accumFB2FB,SUBROUTINE,660,7,False,23,82,2514.1608875449,33.5483870967742,84346.0426789257,4685.89125994031,0.838053629181633,CTSM,fortran,b3,1.0,0.0004629832934032571,2159.905150462963
101,func_metrics_01_CTSM_fortran,./models/01_CTSM/lilac/src/lilac_methods.F90,lilac_methods_Mesh_Write,SUBROUTINE,1438,4,False,21,64,2375.42112555529,27.6525423728814,65686.4333278552,3649.24629599195,0.791807041851763,CTSM,fortran,b3,1.0,0.0004629832934032571,2159.905150462963
102,func_metrics_01_CTSM_fortran,./models/01_CTSM/lilac/src/lilac_methods.F90,lilac_methods_FB_average,SUBROUTINE,331,4,False,15,50,1440.91550711362,20.5612244897959,29626.9872125913,1645.94373403285,0.480305169037875,CTSM,fortran,b2,1.0,0.0004629832934032571,2159.905150462963
103,func_metrics_01_CTSM_fortran,./models/01_CTSM/lilac/src/lilac_methods.F90,lilac_methods_State_diagnose,SUBROUTINE,488,1,False,13,51,1734.22868770032,20.1724137931034,34983.5787001616,1943.53215000898,0.57807622923344,CTSM,fortran,b2,1.0,0.0004629832934032571,2159.905150462963
104,func_metrics_01_CTSM_fortran,./models/01_CTSM/lilac/src/lilac_methods.F90,lilac_methods_FB_diagnose,SUBROUTINE,406,1,False,11,48,1685.55282965987,20.4122807017544,34405.9774966536,1911.44319425853,0.561850943219955,CTSM,fortran,b2,1.0,0.0004629832934032571,2159.905150462963
105,func_metrics_01_CTSM_fortran,./models/01_CTSM/lilac/src/lilac_methods.F90,lilac_methods_State_GetScalar,SUBROUTINE,1532,0,False,11,40,1435.50324734287,18.6875,26825.9669347199,1490.33149637333,0.478501082447623,CTSM,fortran,b2,1.0,0.0004629832934032571,2159.905150462963
106,func_metrics_01_CTSM_fortran,./models/01_CTSM/lilac/src/lilac_methods.F90,lilac_methods_FB_Field_diagnose,SUBROUTINE,571,0,False,10,43,1364.77318745195,18.5106382978723,25262.8228315573,1403.49015730874,0.454924395817316,CTSM,fortran,b1,1.0,0.0004629832934032571,2159.905150462963
107,func_metrics_01_CTSM_fortran,./models/01_CTSM/lilac/src/lilac_methods.F90,lilac_methods_Clock_TimePrint,SUBROUTINE,1385,0,False,10,37,1162.24493773185,17.4358974358974,20264.7835296835,1125.82130720464,0.387414979243949,CTSM,fortran,b1,2.0,0.0009259665868065142,2159.905150462963
108,func_metrics_01_CTSM_fortran,./models/01_CTSM/lilac/src/lilac_methods.F90,lilac_methods_FB_GetFldPtr,SUBROUTINE,943,0,False,9,39,1219.8668995537,15.4444444444444,18840.1665597739,1046.67591998744,0.406622299851234,CTSM,fortran,b1,1.0,0.0004629832934032571,2159.905150462963
109,func_metrics_01_CTSM_fortran,./models/01_CTSM/lilac/src/lilac_methods.F90,lilac_methods_FB_reset,SUBROUTINE,281,1,False,8,31,828.70380031154,11.1363636363636,9228.74686710578,512.708159283654,0.276234600103847,CTSM,fortran,b1,1.0,0.0004629832934032571,2159.905150462963
110,func_metrics_01_CTSM_fortran,./models/01_CTSM/lilac/src/lilac_methods.F90,lilac_methods_FB_clean,SUBROUTINE,239,1,False,7,26,772.087850383192,10.1538461538462,7839.66125004472,435.536736113595,0.257362616794397,CTSM,fortran,b1,1.0,0.0004629832934032571,2159.905150462963
111,func_metrics_01_CTSM_fortran,./models/01_CTSM/lilac/src/lilac_methods.F90,lilac_methods_FB_SetFldPtr,SUBROUTINE,1004,0,False,7,30,820.863319412317,12.4756097560976,10240.7704360829,568.931690893496,0.273621106470772,CTSM,fortran,b1,1.0,0.0004629832934032571,2159.905150462963
112,func_metrics_01_CTSM_fortran,./models/01_CTSM/lilac/src/lilac_methods.F90,lilac_methods_State_GetFldPtr,SUBROUTINE,1048,0,False,7,30,943.801550354809,12.6136363636364,11904.7695556118,661.376086422878,0.314600516784936,CTSM,fortran,b1,1.0,0.0004629832934032571,2159.905150462963
113,func_metrics_01_CTSM_fortran,./models/01_CTSM/lilac/src/lilac_methods.F90,lilac_methods_State_SetFldPtr,SUBROUTINE,1098,0,False,7,30,820.863319412317,12.4756097560976,10240.7704360829,568.931690893496,0.273621106470772,CTSM,fortran,b1,1.0,0.0004629832934032571,2159.905150462963
114,func_metrics_01_CTSM_fortran,./models/01_CTSM/lilac/src/lilac_methods.F90,lilac_methods_State_SetScalar,SUBROUTINE,1592,0,False,7,30,901.892115309847,15.3488372093023,13842.9952582442,769.055292124676,0.300630705103282,CTSM,fortran,b1,1.0,0.0004629832934032571,2159.905150462963
115,func_metrics_01_CTSM_fortran,./models/01_CTSM/lilac/src/lilac_methods.F90,lilac_methods_FB_getNameN,SUBROUTINE,72,0,False,6,29,699.988153356571,11.3823529411765,7967.51221614685,442.639567563714,0.23332938445219,CTSM,fortran,b1,1.0,0.0004629832934032571,2159.905150462963
116,func_metrics_01_CTSM_fortran,./models/01_CTSM/lilac/src/lilac_methods.F90,lilac_methods_State_getNameN,SUBROUTINE,190,0,False,6,29,704.266678804211,11.0571428571429,7787.17727706371,432.620959836873,0.234755559601404,CTSM,fortran,b1,1.0,0.0004629832934032571,2159.905150462963
117,func_metrics_01_CTSM_fortran,./models/01_CTSM/lilac/src/lilac_methods.F90,lilac_methods_FB_FldChk,FUNCTION,772,0,False,6,26,605.403376521844,10.8064516129032,6542.26229467153,363.459016370641,0.201801125507281,CTSM,fortran,b1,1.0,0.0004629832934032571,2159.905150462963
118,func_metrics_01_CTSM_fortran,./models/01_CTSM/lilac/src/lilac_methods.F90,lilac_methods_FB_getFieldN,SUBROUTINE,122,0,False,5,19,510.905097109187,9.7258064516129,4968.96408962645,276.053560534803,0.170301699036396,CTSM,fortran,b1,1.0,0.0004629832934032571,2159.905150462963
119,func_metrics_01_CTSM_fortran,./models/01_CTSM/lilac/src/lilac_methods.F90,lilac_methods_FieldPtr_Compare1,FUNCTION,1142,0,False,5,25,810.969972344935,18.9264705882353,15348.7993295284,852.711073862689,0.270323324114978,CTSM,fortran,b1,1.0,0.0004629832934032571,2159.905150462963
120,func_metrics_01_CTSM_fortran,./models/01_CTSM/lilac/src/lilac_methods.F90,lilac_methods_FieldPtr_Compare2,FUNCTION,1179,0,False,5,25,904.763925116827,20.6142857142857,18651.0620563369,1036.17011424094,0.301587975038942,CTSM,fortran,b1,1.0,0.0004629832934032571,2159.905150462963
121,func_metrics_01_CTSM_fortran,./models/01_CTSM/lilac/src/lilac_methods.F90,ChkErr,FUNCTION,1674,0,False,5,21,564.12437805806,10.5967741935484,5977.89865135719,332.105480630955,0.188041459352687,CTSM,fortran,b1,2.0,0.0009259665868065142,2159.905150462963
122,func_metrics_01_CTSM_fortran,./models/01_CTSM/lilac/src/lilac_methods.F90,lilac_methods_FB_getFieldByName,SUBROUTINE,158,0,False,4,16,429.103775119712,9.33333333333333,4004.96856778398,222.498253765777,0.143034591706571,CTSM,fortran,b1,1.0,0.0004629832934032571,2159.905150462963
123,func_metrics_01_CTSM_fortran,./models/01_CTSM/lilac/src/lilac_methods.F90,lilac_methods_FB_getNumFlds,SUBROUTINE,1640,0,False,4,17,392.914300109616,11.22,4408.49844722989,244.916580401661,0.130971433369872,CTSM,fortran,b1,1.0,0.0004629832934032571,2159.905150462963
124,func_metrics_01_CTSM_fortran,./models/01_CTSM/lilac/src/lilac_methods.F90,lilac_methods_FB_copyFB2FB,SUBROUTINE,634,0,False,3,13,341.215050095193,7.83333333333333,2672.85122574568,148.491734763649,0.113738350031731,CTSM,fortran,b1,1.0,0.0004629832934032571,2159.905150462963
125,func_metrics_01_CTSM_fortran,./models/01_CTSM/lilac/src/lilac_mod.F90,lilac_init2,SUBROUTINE,100,0,False,74,236,10222.0808625354,46.8571428571429,478977.503273089,26609.8612929494,3.40736028751181,CTSM,fortran,b4,52.0,0.02181115568569709,2384.101087962963
126,func_metrics_01_CTSM_fortran,./models/01_CTSM/lilac/src/lilac_mod.F90,lilac_run,SUBROUTINE,497,0,False,42,96,3515.82034944385,31.2258064516129,109784.325750376,6099.12920835421,1.17194011648128,CTSM,fortran,b3,58.0,0.024327827495585215,2384.101087962963
127,func_metrics_01_CTSM_fortran,./models/01_CTSM/lilac/src/lilac_mod.F90,lilac_final,SUBROUTINE,658,0,False,30,79,2811.83087766123,31.7127659574468,89170.934535193,4953.94080751072,0.937276959220411,CTSM,fortran,b3,15.0,0.006291679524720315,2384.101087962963
128,func_metrics_01_CTSM_fortran,./models/01_CTSM/lilac/src/lilac_mod.F90,lilac_init1,SUBROUTINE,85,0,False,1,4,23.2646625064904,1.5,34.8969937597356,1.93872187554087,0.0077548875021634,CTSM,fortran,b1,6.0,0.002773471869965258,2163.353472222222
129,func_metrics_01_CTSM_fortran,./models/01_CTSM/lilac/src/lilac_time.F90,lilac_time_alarmInit,SUBROUTINE,219,1,False,26,84,2844.53408283199,29.7142857142857,84523.2984612935,4695.7388034052,0.948178027610664,CTSM,fortran,b3,5.0,0.002314916467016285,2159.905150462963
130,func_metrics_01_CTSM_fortran,./models/01_CTSM/lilac/src/lilac_time.F90,lilac_time_clockInit,SUBROUTINE,50,0,False,24,97,3971.31249442353,31.7333333333333,126022.983156373,7001.27684202075,1.32377083147451,CTSM,fortran,b3,8.0,0.0037038663472260566,2159.905150462963
131,func_metrics_01_CTSM_fortran,./models/01_CTSM/lilac/src/lilac_time.F90,lilac_time_restart_write,SUBROUTINE,352,1,False,17,93,4011.4571698534,35.3010204081633,141608.531419468,7867.14063441488,1.33715238995113,CTSM,fortran,b2,3.0,0.0013889498802097712,2159.905150462963
132,func_metrics_01_CTSM_fortran,./models/01_CTSM/lilac/src/lilac_time.F90,lilac_time_restart_read,SUBROUTINE,487,0,False,11,39,1141.64687927425,19.741935483871,22538.3190359948,1252.12883533304,0.380548959758082,CTSM,fortran,b2,3.0,0.0013889498802097712,2159.905150462963
133,func_metrics_01_CTSM_fortran,./models/01_CTSM/lilac/stub_rof/rof_comp_esmf.F90,rof_register,SUBROUTINE,19,0,False,1,5,60.9443625122597,1.5,91.4165437683895,5.07869687602164,0.0203147875040866,CTSM,fortran,b1,1.0,0.0005143133892442783,1944.339814814815
134,func_metrics_01_CTSM_fortran,./models/01_CTSM/src/biogeochem/ch4Mod.F90,ch4_tran,SUBROUTINE,3384,40,False,105,532,37930.2748927942,172.434782608696,6540498.70542704,363361.039190391,12.6434249642647,CTSM,fortran,b4,21.0,0.0051435721839505726,4082.76568287037
135,func_metrics_01_CTSM_fortran,./models/01_CTSM/src/biogeochem/ch4Mod.F90,ch4,SUBROUTINE,1668,25,False,62,346,20557.3895922336,68.9540636042403,1417515.54948002,78750.8638600012,6.85246319741119,CTSM,fortran,b4,25.0,0.0061233002189887776,4082.76568287037
136,func_metrics_01_CTSM_fortran,./models/01_CTSM/src/biogeochem/ch4Mod.F90,ch4_prod,SUBROUTINE,2363,7,False,43,214,9318.98095985594,49.2849162011173,459285.195686308,25515.8442047949,3.10632698661865,CTSM,fortran,b3,12.0,0.0029391841051146133,4082.76568287037
137,func_metrics_01_CTSM_fortran,./models/01_CTSM/src/biogeochem/ch4Mod.F90,readParams,SUBROUTINE,1364,0,False,37,155,7476.00200164134,57.6,430617.715294541,23923.2064052523,2.49200066721378,CTSM,fortran,b3,4.0,0.0009797280350382043,4082.76568287037
138,func_metrics_01_CTSM_fortran,./models/01_CTSM/src/biogeochem/ch4Mod.F90,InitHistory,SUBROUTINE,353,0,False,30,182,9319.37277852058,45.0,419371.775033426,23298.4319463014,3.10645759284019,CTSM,fortran,b3,7.0,0.0017145240613168577,4082.76568287037
139,func_metrics_01_CTSM_fortran,./models/01_CTSM/src/biogeochem/ch4Mod.F90,InitCold,SUBROUTINE,724,3,False,16,193,9132.68522437222,53.6282894736842,489770.286884672,27209.4603824818,3.04422840812407,CTSM,fortran,b2,10.0,0.0024493200875955108,4082.76568287037
140,func_metrics_01_CTSM_fortran,./models/01_CTSM/src/biogeochem/ch4Mod.F90,Restart,SUBROUTINE,995,0,False,14,76,6147.75278846569,31.8378378378378,195731.156346286,10873.9531303492,2.04925092948856,CTSM,fortran,b2,7.0,0.0017145240613168577,4082.76568287037
141,func_metrics_01_CTSM_fortran,./models/01_CTSM/src/biogeochem/ch4Mod.F90,ch4_aere,SUBROUTINE,2871,4,False,11,129,6100.41898301821,30.2958579881657,184817.42717783,10267.6348432128,2.0334729943394,CTSM,fortran,b2,15.0,0.0036739801313932664,4082.76568287037
142,func_metrics_01_CTSM_fortran,./models/01_CTSM/src/biogeochem/ch4Mod.F90,ch4_annualupdate,SUBROUTINE,4261,4,False,10,63,2364.86542973037,27.887323943662,65949.7683220583,3663.87601789213,0.788288476576791,CTSM,fortran,b1,9.0,0.0022043880788359597,4082.76568287037
143,func_metrics_01_CTSM_fortran,./models/01_CTSM/src/biogeochem/ch4Mod.F90,ch4_ebul,SUBROUTINE,3241,2,False,9,83,3491.00654781421,27.1851851851852,94903.6594850234,5272.42552694574,1.1636688492714,CTSM,fortran,b1,6.0,0.0014695920525573066,4082.76568287037
144,func_metrics_01_CTSM_fortran,./models/01_CTSM/src/biogeochem/ch4Mod.F90,ch4_oxid,SUBROUTINE,2718,2,False,8,101,4040.61613056836,39.8627450980392,161070.050851872,8948.33615843735,1.34687204352279,CTSM,fortran,b1,6.0,0.0014695920525573066,4082.76568287037
145,func_metrics_01_CTSM_fortran,./models/01_CTSM/src/biogeochem/ch4Mod.F90,ch4_totcolch4,SUBROUTINE,4368,5,False,8,43,1651.7145952573,24.2796610169492,40103.0704695946,2227.94835942192,0.550571531752434,CTSM,fortran,b1,7.0,0.002034203928217302,3441.149583333334
146,func_metrics_01_CTSM_fortran,./models/01_CTSM/src/biogeochem/ch4Mod.F90,SiteOxAere,SUBROUTINE,3076,1,False,7,88,4388.94204005444,50.68125,222437.068767509,12357.6149315283,1.46298068001815,CTSM,fortran,b1,3.0,0.0018322400449351218,1637.3400462962961
147,func_metrics_01_CTSM_fortran,./models/01_CTSM/src/biogeochem/ch4Mod.F90,get_jwt,SUBROUTINE,4196,3,False,7,35,1188.29389597109,24.0340909090909,28559.563522487,1586.64241791595,0.396097965323697,CTSM,fortran,b1,5.0,0.0012246600437977554,4082.76568287037
148,func_metrics_01_CTSM_fortran,./models/01_CTSM/src/biogeochem/ch4Mod.F90,DynamicColumnAdjustments,SUBROUTINE,1236,3,False,4,37,2209.17708275759,19.4150943396226,42891.3814746709,2382.8545263706,0.736392360919195,CTSM,fortran,b1,3.0,0.0008718016835217009,3441.149583333334
149,func_metrics_01_CTSM_fortran,./models/01_CTSM/src/biogeochem/ch4Mod.F90,Init,SUBROUTINE,228,0,False,2,13,331.931152795921,6.36,2111.08213178206,117.282340654559,0.11064371759864,CTSM,fortran,b1,3.0,0.0007347960262786533,4082.76568287037
150,func_metrics_01_CTSM_fortran,./models/01_CTSM/src/biogeochem/ch4Mod.F90,InitAllocate,SUBROUTINE,246,0,False,1,165,5464.70398925025,10.3571428571429,56598.7198886633,3144.37332714796,1.82156799641675,CTSM,fortran,b1,10.0,0.0024493200875955108,4082.76568287037
151,func_metrics_01_CTSM_fortran,./models/01_CTSM/src/biogeochem/ch4Mod.F90,ch4_init_gridcell_balance_check,SUBROUTINE,1577,0,False,1,20,571.585646814549,4.89473684210526,2797.76132388174,155.431184660097,0.190528548938183,CTSM,fortran,b1,6.0,0.0014695920525573066,4082.76568287037
152,func_metrics_01_CTSM_fortran,./models/01_CTSM/src/biogeochem/ch4Mod.F90,ch4_init_column_balance_check,SUBROUTINE,1632,0,False,1,10,275.783475125481,4.60869565217391,1271.00210275222,70.6112279306788,0.0919278250418271,CTSM,fortran,b1,5.0,0.0012246600437977554,4082.76568287037
153,func_metrics_01_CTSM_fortran,./models/01_CTSM/src/biogeochem/ch4varcon.F90,ch4conrd,SUBROUTINE,80,0,False,12,66,1912.51163661372,27.5877192982456,52761.8341855275,2931.21301030709,0.637503878871239,CTSM,fortran,b2,10.0,0.002154062928674728,4642.389907407408
154,func_metrics_01_CTSM_fortran,./models/01_CTSM/src/biogeochem/CNAllocationMod.F90,calc_crop_allocation_fractions,SUBROUTINE,259,5,False,14,71,3942.36706709266,41.6585365853659,164233.242697421,9124.06903874562,1.31412235569755,CTSM,fortran,b2,6.0,0.004798450944516847,1250.4035300925925
155,func_metrics_01_CTSM_fortran,./models/01_CTSM/src/biogeochem/CNAllocationMod.F90,calc_gpp_mr_availc,SUBROUTINE,79,3,False,13,80,4215.35500286945,27.4098360655738,115542.189586848,6419.01053260267,1.40511833428982,CTSM,fortran,b2,6.0,0.004562998532235471,1314.924814814815
156,func_metrics_01_CTSM_fortran,./models/01_CTSM/src/biogeochem/CNAllocationMod.F90,calc_allometry,SUBROUTINE,436,3,False,9,65,3230.34445268737,29.5063291139241,95315.6065723323,5295.31147624069,1.07678148422912,CTSM,fortran,b1,7.0,0.005376611786733174,1301.935173611111
157,func_metrics_01_CTSM_fortran,./models/01_CTSM/src/biogeochem/CNAllocationMod.F90,readParams,SUBROUTINE,53,0,False,2,13,417.889056360211,4.88571428571429,2041.68653250274,113.427029583486,0.13929635212007,CTSM,fortran,b1,1.0,0.0007604997553725786,1314.924814814815
158,func_metrics_01_CTSM_fortran,./models/01_CTSM/src/biogeochem/CNAnnualUpdateMod.F90,CNAnnualUpdate,SUBROUTINE,25,2,False,7,53,1924.08754425641,21.7887323943662,41923.4286051361,2329.079366952,0.641362514752136,CTSM,fortran,b1,7.0,0.0017145240613168577,4082.76568287037
159,func_metrics_01_CTSM_fortran,./models/01_CTSM/src/biogeochem/CNBalanceCheckMod.F90,NBalanceCheck,SUBROUTINE,481,2,False,18,144,7974.40063587198,34.6339869281046,276185.287382259,15343.6270767922,2.65813354529066,CTSM,fortran,b2,59.0,0.014450988516813514,4082.76568287037
160,func_metrics_01_CTSM_fortran,./models/01_CTSM/src/biogeochem/CNBalanceCheckMod.F90,CBalanceCheck,SUBROUTINE,216,2,False,13,123,5874.08666460498,30.3863636363636,178492.133422201,9916.22963456673,1.95802888820166,CTSM,fortran,b2,65.0,0.01592058056937082,4082.76568287037
161,func_metrics_01_CTSM_fortran,./models/01_CTSM/src/biogeochem/CNBalanceCheckMod.F90,BeginCNGridcellBalance,SUBROUTINE,105,1,False,3,31,1315.8773845955,17.4038461538462,22901.3275588255,1272.29597549031,0.438625794865167,CTSM,fortran,b1,16.0,0.003918912140152817,4082.76568287037
162,func_metrics_01_CTSM_fortran,./models/01_CTSM/src/biogeochem/CNBalanceCheckMod.F90,BeginCNColumnBalance,SUBROUTINE,174,1,False,2,16,417.171952982528,4.6,1918.99098371963,106.610610206646,0.139057317660843,CTSM,fortran,b1,9.0,0.0022043880788359597,4082.76568287037
163,func_metrics_01_CTSM_fortran,./models/01_CTSM/src/biogeochem/CNBalanceCheckMod.F90,Init,SUBROUTINE,66,0,False,1,9,188.869649179487,3.88235294117647,733.258637990948,40.7365909994971,0.0629565497264956,CTSM,fortran,b1,11.0,0.002694252096355062,4082.76568287037
164,func_metrics_01_CTSM_fortran,./models/01_CTSM/src/biogeochem/CNBalanceCheckMod.F90,InitAllocate,SUBROUTINE,82,0,False,1,26,518.282737735818,3.84,1990.20571290554,110.566984050308,0.172760912578606,CTSM,fortran,b1,5.0,0.0012246600437977554,4082.76568287037
165,func_metrics_01_CTSM_fortran,./models/01_CTSM/src/biogeochem/CNC14DecayMod.F90,C14Decay,SUBROUTINE,35,5,False,11,101,6290.04624723268,26.3607594936709,165810.396327368,9211.68868485376,2.09668208241089,CTSM,fortran,b2,21.0,0.0051435721839505726,4082.76568287037
166,func_metrics_01_CTSM_fortran,./models/01_CTSM/src/biogeochem/CNCIsoAtmTimeSeriesReadMod.F90,C14_init_BombSpike,SUBROUTINE,104,1,False,7,43,1177.52414492948,16.38,19287.8454939449,1071.54697188583,0.392508048309828,CTSM,fortran,b1,2.0,0.000675286888776314,2961.7041782407414
167,func_metrics_01_CTSM_fortran,./models/01_CTSM/src/biogeochem/CNCIsoAtmTimeSeriesReadMod.F90,C14BombSpike,SUBROUTINE,50,2,False,6,33,1026.0791492654,20.6666666666667,21205.6357514849,1178.09087508249,0.342026383088466,CTSM,fortran,b1,3.0,0.001012930333164471,2961.7041782407414
168,func_metrics_01_CTSM_fortran,./models/01_CTSM/src/biogeochem/CNCIsoAtmTimeSeriesReadMod.F90,C13_init_TimeSeries,SUBROUTINE,224,1,False,6,37,1015.98518244467,13.875,14096.7944064197,783.155244801096,0.338661727481555,CTSM,fortran,b1,2.0,0.000675286888776314,2961.7041782407414
169,func_metrics_01_CTSM_fortran,./models/01_CTSM/src/biogeochem/CNCIsoAtmTimeSeriesReadMod.F90,C13TimeSeries,SUBROUTINE,172,1,False,5,30,903.016990363956,18.972972972973,17132.9169523107,951.828719572818,0.301005663454652,CTSM,fortran,b1,3.0,0.001012930333164471,2961.7041782407414
170,func_metrics_01_CTSM_fortran,./models/01_CTSM/src/biogeochem/CNCIsoAtmTimeSeriesReadMod.F90,check_units,SUBROUTINE,286,0,False,3,22,593.154916505664,10.7727272727273,6389.89614599283,354.994230332935,0.197718305501888,CTSM,fortran,b1,1.0,0.000337643444388157,2961.7041782407414
171,func_metrics_01_CTSM_fortran,./models/01_CTSM/src/biogeochem/CNCIsoFluxMod.F90,CIsoFlux1,SUBROUTINE,58,13,False,18,151,12468.0370849223,52.9580838323353,660283.353167979,36682.4085093321,4.15601236164075,CTSM,fortran,b2,18.0,0.0044087761576719195,4082.76568287037
172,func_metrics_01_CTSM_fortran,./models/01_CTSM/src/biogeochem/CNCIsoFluxMod.F90,CNCIsoLitterToColumn,SUBROUTINE,1351,8,False,11,37,1734.92690975635,17.5,30361.2209207361,1686.73449559645,0.578308969918782,CTSM,fortran,b2,12.0,0.0029391841051146133,4082.76568287037
173,func_metrics_01_CTSM_fortran,./models/01_CTSM/src/biogeochem/CNCIsoFluxMod.F90,CIsoFlux3,SUBROUTINE,1024,7,False,9,84,7883.35362256699,45.8571428571429,361508.073263429,20083.7818479683,2.62778454085566,CTSM,fortran,b1,13.0,0.0031841161138741643,4082.76568287037
174,func_metrics_01_CTSM_fortran,./models/01_CTSM/src/biogeochem/CNCIsoFluxMod.F90,CIsoFluxCalc1d,SUBROUTINE,1765,1,False,7,32,952.967457451211,30.0,28589.0237235363,1588.27909575202,0.317655819150404,CTSM,fortran,b1,4.0,0.0009797280350382043,4082.76568287037
175,func_metrics_01_CTSM_fortran,./models/01_CTSM/src/biogeochem/CNCIsoFluxMod.F90,CNCIsoHarvestPftToColumn,SUBROUTINE,1555,4,False,5,28,3033.45630956651,12.0,36401.4757147981,2022.30420637767,1.01115210318884,CTSM,fortran,b1,11.0,0.002694252096355062,4082.76568287037
176,func_metrics_01_CTSM_fortran,./models/01_CTSM/src/biogeochem/CNCIsoFluxMod.F90,CNCIsoGrossUnrepPftToColumn,SUBROUTINE,1671,4,False,5,25,1957.81697128262,7.51685393258427,14716.624199866,817.590233325889,0.652605657094208,CTSM,fortran,b1,5.0,0.001786851542268792,2798.217916666667
177,func_metrics_01_CTSM_fortran,./models/01_CTSM/src/biogeochem/CNCIsoFluxMod.F90,CNCIsoGapPftToColumn,SUBROUTINE,1444,3,False,4,24,2927.82574644468,12.0,35133.9089573362,1951.88383096312,0.975941915481561,CTSM,fortran,b1,12.0,0.0029391841051146133,4082.76568287037
178,func_metrics_01_CTSM_fortran,./models/01_CTSM/src/biogeochem/CNCIsoFluxMod.F90,CIsoFluxCalc2dFlux,SUBROUTINE,1818,1,False,2,25,889.353632766602,13.4852941176471,11993.1953124555,666.28862846975,0.296451210922201,CTSM,fortran,b1,4.0,0.0009797280350382043,4082.76568287037
179,func_metrics_01_CTSM_fortran,./models/01_CTSM/src/biogeochem/CNCIsoFluxMod.F90,CIsoFluxCalc2dBoth,SUBROUTINE,1873,1,False,2,31,1096.10548044982,15.4583333333333,16943.9638852869,941.331326960381,0.365368493483275,CTSM,fortran,b1,4.0,0.0009797280350382043,4082.76568287037
180,func_metrics_01_CTSM_fortran,./models/01_CTSM/src/biogeochem/CNCIsoFluxMod.F90,CIsoFlux2,SUBROUTINE,592,0,False,1,33,2454.15456405538,13.0357142857143,31991.6577100076,1777.31431722264,0.818051521351792,CTSM,fortran,b1,5.0,0.0012246600437977554,4082.76568287037
181,func_metrics_01_CTSM_fortran,./models/01_CTSM/src/biogeochem/CNCIsoFluxMod.F90,CIsoFlux2h,SUBROUTINE,731,0,False,1,34,2569.38248168491,13.1944444444444,33901.5744111203,1883.4208006178,0.856460827228303,CTSM,fortran,b1,6.0,0.0014695920525573066,4082.76568287037
182,func_metrics_01_CTSM_fortran,./models/01_CTSM/src/biogeochem/CNCIsoFluxMod.F90,CIsoFlux2g,SUBROUTINE,875,0,False,1,35,2677.58134523532,13.527397260274,36220.7065536969,2012.26147520539,0.892527115078439,CTSM,fortran,b1,3.0,0.0010721109253612753,2798.217916666667
183,func_metrics_01_CTSM_fortran,./models/01_CTSM/src/biogeochem/CNCStateUpdate1Mod.F90,CStateUpdate1,SUBROUTINE,138,20,False,61,316,21352.2994842298,76.0691244239631,1624250.7262036,90236.1514557555,7.11743316140993,CTSM,fortran,b4,83.0,0.020329356727042742,4082.76568287037
184,func_metrics_01_CTSM_fortran,./models/01_CTSM/src/biogeochem/CNCStateUpdate1Mod.F90,CStateUpdateDynPatch,SUBROUTINE,42,4,False,5,31,1033.70917612625,9.85714285714286,10189.4190218159,566.078834545329,0.344569725375418,CTSM,fortran,b1,7.0,0.002173903111949134,3220.0147106481486
185,func_metrics_01_CTSM_fortran,./models/01_CTSM/src/biogeochem/CNCStateUpdate1Mod.F90,CStateUpdate0,SUBROUTINE,99,1,False,2,17,428.773500145469,7.55555555555556,3239.6220010991,179.979000061061,0.14292450004849,CTSM,fortran,b1,6.0,0.0014695920525573066,4082.76568287037
186,func_metrics_01_CTSM_fortran,./models/01_CTSM/src/biogeochem/CNCStateUpdate2Mod.F90,CStateUpdate2,SUBROUTINE,35,5,False,8,58,3274.28137283703,23.3275862068966,76381.0809904914,4243.39338836063,1.09142712427901,CTSM,fortran,b1,21.0,0.0051435721839505726,4082.76568287037
187,func_metrics_01_CTSM_fortran,./models/01_CTSM/src/biogeochem/CNCStateUpdate2Mod.F90,CStateUpdate2h,SUBROUTINE,181,5,False,8,59,3402.93692440546,23.0274725274725,78361.0365394687,4353.39091885937,1.13431230813515,CTSM,fortran,b1,19.0,0.0046537081664314705,4082.76568287037
188,func_metrics_01_CTSM_fortran,./models/01_CTSM/src/biogeochem/CNCStateUpdate2Mod.F90,CStateUpdate2g,SUBROUTINE,337,5,False,8,60,3497.03977571682,23.375,81743.3047573807,4541.29470874338,1.16567992523894,CTSM,fortran,b1,5.0,0.001786851542268792,2798.217916666667
189,func_metrics_01_CTSM_fortran,./models/01_CTSM/src/biogeochem/CNCStateUpdate3Mod.F90,CStateUpdate3,SUBROUTINE,33,8,False,12,88,5778.93713393149,29.9823008849558,173265.831944778,9625.87955248766,1.92631237797716,CTSM,fortran,b2,21.0,0.0051435721839505726,4082.76568287037
190,func_metrics_01_CTSM_fortran,./models/01_CTSM/src/biogeochem/CNDriverMod.F90,CNDriverNoLeaching,SUBROUTINE,84,0,False,59,380,20191.4495859973,38.1514084507042,770332.240367186,42796.2355759548,6.73048319533243,CTSM,fortran,b4,145.0,0.0363309800304483,3991.084189814815
191,func_metrics_01_CTSM_fortran,./models/01_CTSM/src/biogeochem/CNDriverMod.F90,CNDriverSummarizeFluxes,SUBROUTINE,1202,0,False,6,55,2723.23328321251,17.7430555555556,48318.4794347775,2684.35996859875,0.907744427737503,CTSM,fortran,b1,12.0,0.003006701795623308,3991.084189814815
192,func_metrics_01_CTSM_fortran,./models/01_CTSM/src/biogeochem/CNDriverMod.F90,CNDriverSummarizeStates,SUBROUTINE,1114,0,False,5,39,1086.42689210882,13.1842105263158,14323.6808670137,795.760048167427,0.362142297369607,CTSM,fortran,b1,14.0,0.003507818761560526,3991.084189814815
193,func_metrics_01_CTSM_fortran,./models/01_CTSM/src/biogeochem/CNDriverMod.F90,CNDriverLeaching,SUBROUTINE,1004,0,False,4,60,2030.69966248586,8.91975308641975,18113.3395820498,1006.29664344721,0.676899887495288,CTSM,fortran,b1,31.0,0.007767312972026879,3991.084189814815
194,func_metrics_01_CTSM_fortran,./models/01_CTSM/src/biogeochem/CNDriverMod.F90,CNDriverInit,SUBROUTINE,63,0,False,2,11,195.041959970538,5.21052631578947,1016.27126510965,56.4595147283138,0.0650139866568461,CTSM,fortran,b1,7.0,0.001753909380780263,3991.084189814815
195,func_metrics_01_CTSM_fortran,./models/01_CTSM/src/biogeochem/CNDVDriverMod.F90,CNDVHist,SUBROUTINE,126,2,False,13,144,7829.41922582641,42.2048611111111,330439.551006667,18357.7528337037,2.6098064086088,CTSM,fortran,b2,5.0,0.0012246600437977554,4082.76568287037
196,func_metrics_01_CTSM_fortran,./models/01_CTSM/src/biogeochem/CNDVDriverMod.F90,CNDVDriver,SUBROUTINE,40,3,False,6,37,1244.42702887086,17.3627450980392,21606.669295395,1200.37051641083,0.414809009623619,CTSM,fortran,b1,3.0,0.0007347960262786533,4082.76568287037
197,func_metrics_01_CTSM_fortran,./models/01_CTSM/src/biogeochem/CNDVDriverMod.F90,BuildNatVegFilter,SUBROUTINE,444,1,False,3,14,264.699802817159,6.94736842105263,1838.96705115079,102.164836175044,0.0882332676057198,CTSM,fortran,b1,2.0,0.0004898640175191022,4082.76568287037
198,func_metrics_01_CTSM_fortran,./models/01_CTSM/src/biogeochem/CNDVDriverMod.F90,set_dgvm_filename,FUNCTION,416,0,False,1,13,299.557912636299,5.68181818181818,1702.03359452442,94.5574219180235,0.0998526375454328,CTSM,fortran,b1,2.0,0.0004898640175191022,4082.76568287037
199,func_metrics_01_CTSM_fortran,./models/01_CTSM/src/biogeochem/CNDVEstablishmentMod.F90,Establishment,SUBROUTINE,34,11,False,46,220,11107.3345720893,74.5960264900662,828563.023973599,46031.2791096444,3.70244485736309,CTSM,fortran,b3,9.0,0.0022043880788359597,4082.76568287037
200,func_metrics_01_CTSM_fortran,./models/01_CTSM/src/biogeochem/CNDVLightMod.F90,Light,SUBROUTINE,28,4,False,21,116,5241.63015057404,52.037037037037,272758.902279871,15153.2723488817,1.74721005019135,CTSM,fortran,b3,3.0,0.0007347960262786533,4082.76568287037
201,func_metrics_01_CTSM_fortran,./models/01_CTSM/src/biogeochem/CNDVType.F90,Restart,SUBROUTINE,210,2,False,15,66,3024.10845137597,23.4142857142857,70807.339311503,3933.74107286128,1.00803615045866,CTSM,fortran,b2,2.0,0.0004898640175191022,4082.76568287037
202,func_metrics_01_CTSM_fortran,./models/01_CTSM/src/biogeochem/CNDVType.F90,UpdateAccVars,SUBROUTINE,430,2,False,6,49,1539.92354362125,19.25,29643.5282147091,1646.86267859495,0.51330784787375,CTSM,fortran,b1,8.0,0.0019594560700764087,4082.76568287037
203,func_metrics_01_CTSM_fortran,./models/01_CTSM/src/biogeochem/CNDVType.F90,InitAllocate,SUBROUTINE,93,1,False,3,67,1923.63825783511,13.4032258064516,25782.9579396931,1432.38655220517,0.641212752611702,CTSM,fortran,b1,4.0,0.0009797280350382043,4082.76568287037
204,func_metrics_01_CTSM_fortran,./models/01_CTSM/src/biogeochem/CNDVType.F90,Init,SUBROUTINE,74,0,False,2,9,133.437600046154,3.42857142857143,457.500343015385,25.416685723077,0.0444792000153847,CTSM,fortran,b1,1.0,0.0002449320087595511,4082.76568287037
205,func_metrics_01_CTSM_fortran,./models/01_CTSM/src/biogeochem/CNDVType.F90,InitCold,SUBROUTINE,159,1,False,2,15,367.064675102404,4.75806451612903,1746.51740572918,97.0287447627323,0.122354891700801,CTSM,fortran,b1,1.0,0.0002449320087595511,4082.76568287037
206,func_metrics_01_CTSM_fortran,./models/01_CTSM/src/biogeochem/CNDVType.F90,InitAccVars,SUBROUTINE,381,0,False,2,23,535.78550973753,9.36486486486486,5017.55889524471,278.753271958039,0.17859516991251,CTSM,fortran,b1,3.0,0.0007347960262786533,4082.76568287037
207,func_metrics_01_CTSM_fortran,./models/01_CTSM/src/biogeochem/CNDVType.F90,InitHistory,SUBROUTINE,185,0,False,1,7,192.294196882304,2.5,480.735492205761,26.7075273447645,0.0640980656274347,CTSM,fortran,b1,1.0,0.0002449320087595511,4082.76568287037
208,func_metrics_01_CTSM_fortran,./models/01_CTSM/src/biogeochem/CNDVType.F90,InitAccBuffer,SUBROUTINE,336,0,False,1,8,345.0,2.53448275862069,874.396551724138,48.5775862068966,0.115,CTSM,fortran,b1,1.0,0.0002449320087595511,4082.76568287037
209,func_metrics_01_CTSM_fortran,./models/01_CTSM/src/biogeochem/CNFireBaseMod.F90,CNFireFluxes,SUBROUTINE,478,11,False,33,337,47432.5439094888,74.8405511811024,3549877.73010798,197215.429450444,15.8108479698296,CTSM,fortran,b3,53.0,0.014433198535227027,3672.0897222222225
210,func_metrics_01_CTSM_fortran,./models/01_CTSM/src/biogeochem/CNFireBaseMod.F90,CNFire_calc_fire_root_wetness_Li2014,SUBROUTINE,209,5,False,7,42,1537.43677987617,21.5172413793103,33081.3982980252,1837.8554610014,0.51247892662539,CTSM,fortran,b1,10.0,0.0053496434385251765,1869.283460648148
211,func_metrics_01_CTSM_fortran,./models/01_CTSM/src/biogeochem/CNFireBaseMod.F90,CNFire_calc_fire_root_wetness_Li2021,SUBROUTINE,279,5,False,7,40,1210.49593041872,17.2075471698113,20829.6658215448,1157.20365675249,0.403498643472906,CTSM,fortran,b1,3.0,0.0016048930315575528,1869.283460648148
212,func_metrics_01_CTSM_fortran,./models/01_CTSM/src/biogeochem/CNFireBaseMod.F90,CNFireReadNML,SUBROUTINE,344,0,False,6,104,2943.54657813817,34.0735294117647,100297.02090509,5572.05671694947,0.981182192712724,CTSM,fortran,b1,13.0,0.003677566947377242,3534.9458449074077
213,func_metrics_01_CTSM_fortran,./models/01_CTSM/src/biogeochem/CNFireBaseMod.F90,CNFireCleanBase,SUBROUTINE,192,0,False,2,7,85.1101135172451,3.77777777777778,321.527095509593,17.8626164171996,0.0283700378390817,CTSM,fortran,b1,3.0,0.012564630651969087,238.76547453703702
214,func_metrics_01_CTSM_fortran,./models/01_CTSM/src/biogeochem/CNFireBaseMod.F90,CNFireInit,SUBROUTINE,135,0,False,1,7,105.48604608143,1.76923076923077,186.629158451761,10.3682865806534,0.0351620153604767,CTSM,fortran,b1,3.0,0.0016048930315575528,1869.283460648148
215,func_metrics_01_CTSM_fortran,./models/01_CTSM/src/biogeochem/CNFireBaseMod.F90,InitAllocate,SUBROUTINE,153,0,False,1,10,197.15338753101,2.64285714285714,521.048238474811,28.9471243597117,0.0657177958436699,CTSM,fortran,b1,2.0,0.0010699286877050352,1869.283460648148
216,func_metrics_01_CTSM_fortran,./models/01_CTSM/src/biogeochem/CNFireBaseMod.F90,InitHistory,SUBROUTINE,171,0,False,1,11,272.046935727144,2.59615384615385,706.275698522393,39.2375388067996,0.090682311909048,CTSM,fortran,b1,5.0,0.0026748217192625883,1869.283460648148
217,func_metrics_01_CTSM_fortran,./models/01_CTSM/src/biogeochem/CNFireBaseMod.F90,CNFireReadParams,SUBROUTINE,1341,0,False,1,10,211.523616570535,3.16666666666667,669.824785806693,37.2124881003718,0.0705078721901782,CTSM,fortran,b1,1.0,0.0005102415729868945,1959.8559837962964
218,func_metrics_01_CTSM_fortran,./models/01_CTSM/src/biogeochem/CNFireEmissionsMod.F90,CNFireEmisUpdate,SUBROUTINE,188,8,False,12,71,3248.60751929879,24.0961538461539,78278.9465707958,4348.83036504421,1.0828691730996,CTSM,fortran,b2,4.0,0.0010892980026586435,3672.0897222222225
219,func_metrics_01_CTSM_fortran,./models/01_CTSM/src/biogeochem/CNFireEmissionsMod.F90,vert_dist_top,FUNCTION,341,0,False,9,33,1075.33290671559,16.8837209302326,18155.6207040818,1008.64559467121,0.358444302238529,CTSM,fortran,b1,3.0,0.0008169735019939827,3672.0897222222225
220,func_metrics_01_CTSM_fortran,./models/01_CTSM/src/biogeochem/CNFireEmissionsMod.F90,InitHistory,SUBROUTINE,125,2,False,6,33,1125.34310266312,13.3725490196078,15048.7058042401,836.039211346675,0.375114367554373,CTSM,fortran,b1,2.0,0.0005446490013293218,3672.0897222222225
221,func_metrics_01_CTSM_fortran,./models/01_CTSM/src/biogeochem/CNFireEmissionsMod.F90,InitAllocate,SUBROUTINE,80,2,False,5,29,755.41483265115,10.3970588235294,7854.09245124063,436.338469513368,0.25180494421705,CTSM,fortran,b1,2.0,0.0005446490013293218,3672.0897222222225
222,func_metrics_01_CTSM_fortran,./models/01_CTSM/src/biogeochem/CNFireEmissionsMod.F90,Init,SUBROUTINE,43,1,False,3,24,580.73549220576,8.80434782608696,5112.99726833333,284.055403796296,0.19357849740192,CTSM,fortran,b1,3.0,0.0008169735019939827,3672.0897222222225
223,func_metrics_01_CTSM_fortran,./models/01_CTSM/src/biogeochem/CNFireFactoryMod.F90,create_cnfire_method,SUBROUTINE,90,0,False,7,27,455.391920392537,9.421875,4290.64574994844,238.369208330469,0.151797306797512,CTSM,fortran,b1,12.0,0.0032678940079759306,3672.0897222222225
224,func_metrics_01_CTSM_fortran,./models/01_CTSM/src/biogeochem/CNFireFactoryMod.F90,CNFireReadNML,SUBROUTINE,33,0,False,5,36,872.167276875587,16.3947368421053,14298.9529866708,794.386277037267,0.290722425625196,CTSM,fortran,b1,4.0,0.0010892980026586435,3672.0897222222225
225,func_metrics_01_CTSM_fortran,./models/01_CTSM/src/biogeochem/CNFireFactoryMod.F90,CNFireSetFireMethod,SUBROUTINE,136,0,False,1,4,60.9443625122597,2.16666666666667,132.046118776563,7.33589548758681,0.0203147875040866,CTSM,fortran,b1,1.0,0.004216760833671188,237.14885416666664
226,func_metrics_01_CTSM_fortran,./models/01_CTSM/src/biogeochem/CNFireLi2014Mod.F90,CNFireArea,SUBROUTINE,86,16,False,51,291,20608.7500509295,68.0501792114696,1402429.13429014,77912.7296827854,6.86958335030984,CTSM,fortran,b4,48.0,0.010339502057638695,4642.389907407408
227,func_metrics_01_CTSM_fortran,./models/01_CTSM/src/biogeochem/CNFireLi2014Mod.F90,CNFireFluxes,SUBROUTINE,645,11,False,33,334,47181.5683370301,78.9880952380953,3726782.21328803,207043.45629378,15.7271894456767,CTSM,fortran,b3,60.0,0.012924377572048368,4642.389907407408
228,func_metrics_01_CTSM_fortran,./models/01_CTSM/src/biogeochem/CNFireLi2014Mod.F90,need_lightning_and_popdens,FUNCTION,72,0,False,1,6,92.0,2.07692307692308,191.076923076923,10.6153846153846,0.0306666666666667,CTSM,fortran,b1,11.0,0.0023694692215422007,4642.389907407408
229,func_metrics_01_CTSM_fortran,./models/01_CTSM/src/biogeochem/CNFireLi2016Mod.F90,CNFireArea,SUBROUTINE,87,17,False,51,303,22257.3961544348,69.0,1535760.334656,85320.0185920001,7.41913205147826,CTSM,fortran,b4,57.0,0.012278158693445949,4642.389907407408
230,func_metrics_01_CTSM_fortran,./models/01_CTSM/src/biogeochem/CNFireLi2016Mod.F90,need_lightning_and_popdens,FUNCTION,73,0,False,1,6,92.0,2.07692307692308,191.076923076923,10.6153846153846,0.0306666666666667,CTSM,fortran,b1,12.0,0.0025848755144096736,4642.389907407408
231,func_metrics_01_CTSM_fortran,./models/01_CTSM/src/biogeochem/CNFireLi2021Mod.F90,CNFireArea,SUBROUTINE,87,17,False,51,303,22323.9354553449,69.2592592592593,1546139.2333887,85896.6240771502,7.4413118184483,CTSM,fortran,b4,23.0,0.012232121117942743,1880.2953125000001
232,func_metrics_01_CTSM_fortran,./models/01_CTSM/src/biogeochem/CNFireLi2021Mod.F90,need_lightning_and_popdens,FUNCTION,73,0,False,1,6,92.0,2.07692307692308,191.076923076923,10.6153846153846,0.0306666666666667,CTSM,fortran,b1,1.0,0.0005318313529540323,1880.2953125000001
233,func_metrics_01_CTSM_fortran,./models/01_CTSM/src/biogeochem/CNFireLi2024Mod.F90,CNFireArea,SUBROUTINE,87,17,False,52,302,22032.8260138631,71.2922297297297,1570769.2937755,87264.9607653053,7.34427533795438,CTSM,fortran,b4,14.0,0.03129762742197929,447.3182523148148
234,func_metrics_01_CTSM_fortran,./models/01_CTSM/src/biogeochem/CNFireLi2024Mod.F90,need_lightning_and_popdens,FUNCTION,73,0,False,1,6,92.0,2.07692307692308,191.076923076923,10.6153846153846,0.0306666666666667,CTSM,fortran,b1,1.0,0.0022355448158556637,447.3182523148148
235,func_metrics_01_CTSM_fortran,./models/01_CTSM/src/biogeochem/CNFireNoFireMod.F90,NoFireInit,SUBROUTINE,66,0,False,2,12,239.110753538766,7.89130434782609,1886.89572901244,104.827540500691,0.079703584512922,CTSM,fortran,b1,3.0,0.012598197407920883,238.12930555555556
236,func_metrics_01_CTSM_fortran,./models/01_CTSM/src/biogeochem/CNFireNoFireMod.F90,CNFireArea,SUBROUTINE,88,1,False,2,42,1687.57179961359,7.5,12656.788497102,703.154916505664,0.562523933204531,CTSM,fortran,b1,10.0,0.0028288976518286474,3534.9458449074077
237,func_metrics_01_CTSM_fortran,./models/01_CTSM/src/biogeochem/CNFireNoFireMod.F90,need_lightning_and_popdens,FUNCTION,52,0,False,1,6,92.0,2.07692307692308,191.076923076923,10.6153846153846,0.0306666666666667,CTSM,fortran,b1,3.0,0.0008486692955485942,3534.9458449074077
238,func_metrics_01_CTSM_fortran,./models/01_CTSM/src/biogeochem/CNFUNMod.F90,CNFUN,SUBROUTINE,270,35,False,77,773,51631.8649230618,110.259259259259,5692891.18059092,316271.732255051,17.2106216410206,CTSM,fortran,b4,35.0,0.009649838043711053,3627.003877314815
239,func_metrics_01_CTSM_fortran,./models/01_CTSM/src/biogeochem/CNFUNMod.F90,fun_retranslocation,SUBROUTINE,1791,1,False,6,76,2328.09075736127,51.0,118732.628625425,6596.25714585693,0.776030252453756,CTSM,fortran,b1,3.0,0.0008271289751752332,3627.003877314815
240,func_metrics_01_CTSM_fortran,./models/01_CTSM/src/biogeochem/CNFUNMod.F90,CNFUNReadNML,SUBROUTINE,91,0,False,5,35,899.283511366422,15.925,14321.0899185103,795.616106583904,0.299761170455474,CTSM,fortran,b1,1.0,0.0032437869184906553,308.2816550925926
241,func_metrics_01_CTSM_fortran,./models/01_CTSM/src/biogeochem/CNFUNMod.F90,readParams,SUBROUTINE,147,0,False,5,26,971.783475125481,9.14285714285714,8884.87748686154,493.604304825641,0.323927825041827,CTSM,fortran,b1,7.0,0.0019299676087422108,3627.003877314815
242,func_metrics_01_CTSM_fortran,./models/01_CTSM/src/biogeochem/CNFUNMod.F90,CNFUNInit,SUBROUTINE,191,0,False,2,29,1057.76897088773,9.79310344827586,10358.8409562798,575.491164237768,0.352589656962576,CTSM,fortran,b1,11.0,0.003032806242309188,3627.003877314815
243,func_metrics_01_CTSM_fortran,./models/01_CTSM/src/biogeochem/CNFUNMod.F90,fun_cost_fix,FUNCTION,1648,0,False,2,16,589.867546948671,21.9130434782609,12925.7932027013,718.099622372295,0.196622515649557,CTSM,fortran,b1,4.0,0.0011028386335669776,3627.003877314815
244,func_metrics_01_CTSM_fortran,./models/01_CTSM/src/biogeochem/CNFUNMod.F90,fun_cost_fix_Bytnerowicz_noAcc,FUNCTION,1697,0,False,2,17,661.370169362544,28.4761904761905,18833.3029180382,1046.29460655768,0.220456723120848,CTSM,fortran,b1,3.0,0.008445047761436782,355.23777777777786
245,func_metrics_01_CTSM_fortran,./models/01_CTSM/src/biogeochem/CNFUNMod.F90,fun_cost_active,FUNCTION,1733,0,False,2,15,447.084007751357,19.4444444444444,8693.30015072083,482.961119484491,0.149028002583786,CTSM,fortran,b1,4.0,0.0011028386335669776,3627.003877314815
246,func_metrics_01_CTSM_fortran,./models/01_CTSM/src/biogeochem/CNFUNMod.F90,fun_cost_nonmyc,FUNCTION,1761,0,False,2,15,447.084007751357,19.4444444444444,8693.30015072083,482.961119484491,0.149028002583786,CTSM,fortran,b1,3.0,0.0008271289751752332,3627.003877314815
247,func_metrics_01_CTSM_fortran,./models/01_CTSM/src/biogeochem/CNGapMortalityMod.F90,CNGapMortality,SUBROUTINE,110,1,False,18,176,13149.1625056793,48.4162995594714,636633.790831136,35368.5439350631,4.38305416855976,CTSM,fortran,b2,49.0,0.012001668429218003,4082.76568287037
248,func_metrics_01_CTSM_fortran,./models/01_CTSM/src/biogeochem/CNGapMortalityMod.F90,CNGap_PatchToColumn,SUBROUTINE,420,4,False,5,37,5436.0716552529,17.8723404255319,97155.3232002646,5397.51795557026,1.8120238850843,CTSM,fortran,b1,12.0,0.0029391841051146133,4082.76568287037
249,func_metrics_01_CTSM_fortran,./models/01_CTSM/src/biogeochem/CNGapMortalityMod.F90,readParams,SUBROUTINE,74,0,False,3,20,714.875200092308,6.5,4646.6888006,258.149377811111,0.238291733364103,CTSM,fortran,b1,5.0,0.0012246600437977554,4082.76568287037
250,func_metrics_01_CTSM_fortran,./models/01_CTSM/src/biogeochem/CNGapMortalityMod.F90,allocParams,SUBROUTINE,56,0,False,1,7,108.4180500375,1.375,149.074818801563,8.28193437786459,0.0361393500125,CTSM,fortran,b1,1.0,0.0027213126402704374,367.4697222222223
251,func_metrics_01_CTSM_fortran,./models/01_CTSM/src/biogeochem/CNGRespMod.F90,CNGResp,SUBROUTINE,29,2,False,5,65,5664.08000034088,17.2865853658537,97912.6024449171,5439.58902471762,1.88802666678029,CTSM,fortran,b1,11.0,0.002694252096355062,4082.76568287037
252,func_metrics_01_CTSM_fortran,./models/01_CTSM/src/biogeochem/CNMRespMod.F90,CNMResp,SUBROUTINE,143,6,False,12,65,3168.38721974894,22.1666666666667,70232.5833711015,3901.81018728341,1.05612907324965,CTSM,fortran,b2,9.0,0.0022043880788359597,4082.76568287037
253,func_metrics_01_CTSM_fortran,./models/01_CTSM/src/biogeochem/CNMRespMod.F90,CNMRespReadNML,SUBROUTINE,49,0,False,5,37,968.259742351347,14.9204545454545,14446.8754739468,802.604192997045,0.322753247450449,CTSM,fortran,b1,3.0,0.0008271289751752332,3627.003877314815
254,func_metrics_01_CTSM_fortran,./models/01_CTSM/src/biogeochem/CNMRespMod.F90,readParams,SUBROUTINE,109,0,False,3,17,516.57676320602,6.76923076923077,3496.82732016383,194.268184453546,0.172192254402007,CTSM,fortran,b1,4.0,0.0009797280350382043,4082.76568287037
255,func_metrics_01_CTSM_fortran,./models/01_CTSM/src/biogeochem/CNNDynamicsMod.F90,CNSoyfix,SUBROUTINE,319,1,False,11,71,2919.91747728043,29.9887640449438,87564.7162568704,4864.70645871502,0.973305825760143,CTSM,fortran,b2,7.0,0.0017145240613168577,4082.76568287037
256,func_metrics_01_CTSM_fortran,./models/01_CTSM/src/biogeochem/CNNDynamicsMod.F90,CNNFixation,SUBROUTINE,195,2,False,8,51,1497.51585894758,22.4259259259259,33583.1797256578,1865.73220698099,0.499171952982528,CTSM,fortran,b1,10.0,0.0024493200875955108,4082.76568287037
257,func_metrics_01_CTSM_fortran,./models/01_CTSM/src/biogeochem/CNNDynamicsMod.F90,CNNDynamicsReadNML,SUBROUTINE,53,0,False,5,44,1134.12299435684,18.5652173913044,21055.2399387117,1169.73555215065,0.378040998118945,CTSM,fortran,b1,1.0,0.00030289653753674264,3301.457349537037
258,func_metrics_01_CTSM_fortran,./models/01_CTSM/src/biogeochem/CNNDynamicsMod.F90,CNNDeposition,SUBROUTINE,118,1,False,2,12,269.211875635226,3.83333333333333,1031.9788566017,57.3321587000944,0.0897372918784086,CTSM,fortran,b1,6.0,0.0014695920525573066,4082.76568287037
259,func_metrics_01_CTSM_fortran,./models/01_CTSM/src/biogeochem/CNNDynamicsMod.F90,CNFreeLivingFixation,SUBROUTINE,156,1,False,2,20,600.773953320327,7.08333333333333,4255.48216935232,236.415676075129,0.200257984440109,CTSM,fortran,b1,6.0,0.0016542579503504664,3627.003877314815
260,func_metrics_01_CTSM_fortran,./models/01_CTSM/src/biogeochem/CNNDynamicsMod.F90,CNNFert,SUBROUTINE,285,0,False,1,11,304.227216927728,3.16666666666667,963.386186937806,53.5214548298781,0.101409072309243,CTSM,fortran,b1,2.0,0.0004898640175191022,4082.76568287037
261,func_metrics_01_CTSM_fortran,./models/01_CTSM/src/biogeochem/CNNStateUpdate1Mod.F90,NStateUpdate1,SUBROUTINE,102,13,False,34,198,12758.8182162302,57.5657894736842,734471.443368514,40803.9690760285,4.25293940541006,CTSM,fortran,b3,56.0,0.013716192490534861,4082.76568287037
262,func_metrics_01_CTSM_fortran,./models/01_CTSM/src/biogeochem/CNNStateUpdate1Mod.F90,NStateUpdateDynPatch,SUBROUTINE,43,4,False,5,32,1100.05425023066,9.82692307692308,10810.148497459,600.563805414391,0.366684750076888,CTSM,fortran,b1,9.0,0.0027950182867917434,3220.0147106481486
263,func_metrics_01_CTSM_fortran,./models/01_CTSM/src/biogeochem/CNNStateUpdate2Mod.F90,NStateUpdate2,SUBROUTINE,35,5,False,8,57,3187.75790277638,23.0232558139535,73392.5656685725,4077.36475936514,1.06258596759213,CTSM,fortran,b1,19.0,0.0046537081664314705,4082.76568287037
264,func_metrics_01_CTSM_fortran,./models/01_CTSM/src/biogeochem/CNNStateUpdate2Mod.F90,NStateUpdate2h,SUBROUTINE,179,5,False,8,57,3187.75790277638,23.0232558139535,73392.5656685725,4077.36475936514,1.06258596759213,CTSM,fortran,b1,21.0,0.0051435721839505726,4082.76568287037
265,func_metrics_01_CTSM_fortran,./models/01_CTSM/src/biogeochem/CNNStateUpdate2Mod.F90,NStateUpdate2g,SUBROUTINE,323,5,False,8,58,3280.89608268114,23.3908045977012,76742.7991753578,4263.48884307543,1.09363202756038,CTSM,fortran,b1,4.0,0.0014294812338150335,2798.217916666667
266,func_metrics_01_CTSM_fortran,./models/01_CTSM/src/biogeochem/CNNStateUpdate3Mod.F90,NStateUpdate3,SUBROUTINE,86,8,False,12,86,5553.14003886925,30.0229357798165,166721.566763299,9262.30926462774,1.85104667962308,CTSM,fortran,b2,23.0,0.005633436201469675,4082.76568287037
267,func_metrics_01_CTSM_fortran,./models/01_CTSM/src/biogeochem/CNNStateUpdate3Mod.F90,NStateUpdateLeaching,SUBROUTINE,34,2,False,4,24,758.158482512765,15.3,11599.8247824453,644.43471013585,0.252719494170922,CTSM,fortran,b1,1.0,0.0010297140311324741,971.1434143518518
268,func_metrics_01_CTSM_fortran,./models/01_CTSM/src/biogeochem/CNPhenologyMod.F90,CNOffsetLitterfall,SUBROUTINE,3343,3,False,53,302,19102.2587993982,54.9067164179105,1048842.30684009,58269.0170466718,6.3674195997994,CTSM,fortran,b4,88.0,0.021554016770840494,4082.76568287037
269,func_metrics_01_CTSM_fortran,./models/01_CTSM/src/biogeochem/CNPhenologyMod.F90,CNStressDecidPhenology,SUBROUTINE,1333,1,False,45,246,17523.0214066232,44.0618892508143,772097.428558281,42894.3015865712,5.84100713554107,CTSM,fortran,b3,36.0,0.008817552315343839,4082.76568287037
270,func_metrics_01_CTSM_fortran,./models/01_CTSM/src/biogeochem/CNPhenologyMod.F90,CropPhenology,SUBROUTINE,1991,5,False,45,296,15283.2215334975,53.4981549815498,817624.154216409,45423.5641231338,5.0944071778325,CTSM,fortran,b3,203.0,0.04972119777818887,4082.76568287037
271,func_metrics_01_CTSM_fortran,./models/01_CTSM/src/biogeochem/CNPhenologyMod.F90,CNBackgroundLitterfall,SUBROUTINE,3859,1,False,23,109,6025.9468220923,31.8333333333333,191825.973836605,10656.998546478,2.00864894069743,CTSM,fortran,b3,30.0,0.007347960262786533,4082.76568287037
272,func_metrics_01_CTSM_fortran,./models/01_CTSM/src/biogeochem/CNPhenologyMod.F90,CNSeasonDecidPhenology,SUBROUTINE,826,1,False,22,150,11146.8310469266,28.0996441281139,313221.98557485,17401.221420825,3.71561034897555,CTSM,fortran,b3,43.0,0.010532076376660697,4082.76568287037
273,func_metrics_01_CTSM_fortran,./models/01_CTSM/src/biogeochem/CNPhenologyMod.F90,PlantCrop,SUBROUTINE,2752,1,False,21,123,6638.30104565533,40.1040268456376,266222.603344385,14790.1446302436,2.21276701521844,CTSM,fortran,b3,80.0,0.05296876599236018,1510.3240277777777
274,func_metrics_01_CTSM_fortran,./models/01_CTSM/src/biogeochem/CNPhenologyMod.F90,CNLivewoodTurnover,SUBROUTINE,4069,1,False,19,96,5282.95381508519,29.4492753623188,155579.161626857,8643.28675704759,1.7609846050284,CTSM,fortran,b2,29.0,0.007103028254026982,4082.76568287037
275,func_metrics_01_CTSM_fortran,./models/01_CTSM/src/biogeochem/CNPhenologyMod.F90,vernalization,SUBROUTINE,2993,0,False,18,70,3693.86441181159,49.6408450704225,183366.550977886,10187.0306098826,1.23128813727053,CTSM,fortran,b2,9.0,0.0022043880788359597,4082.76568287037
276,func_metrics_01_CTSM_fortran,./models/01_CTSM/src/biogeochem/CNPhenologyMod.F90,CNEvergreenPhenology,SUBROUTINE,574,2,False,15,107,9234.97732670023,20.0688073394495,185334.980753732,10296.3878196518,3.07832577556674,CTSM,fortran,b2,28.0,0.006858096245267431,4082.76568287037
277,func_metrics_01_CTSM_fortran,./models/01_CTSM/src/biogeochem/CNPhenologyMod.F90,CNOnsetGrowth,SUBROUTINE,3141,1,False,11,88,7193.65481206628,30.6666666666667,220605.414236699,12255.8563464833,2.39788493735543,CTSM,fortran,b2,20.0,0.0048986401751910215,4082.76568287037
278,func_metrics_01_CTSM_fortran,./models/01_CTSM/src/biogeochem/CNPhenologyMod.F90,CNLitterToColumn,SUBROUTINE,4363,8,False,11,50,3348.50351964646,28.3908045977012,95066.7091209973,5281.4838400554,1.11616783988215,CTSM,fortran,b2,20.0,0.0048986401751910215,4082.76568287037
279,func_metrics_01_CTSM_fortran,./models/01_CTSM/src/biogeochem/CNPhenologyMod.F90,SeasonalCriticalDaylength,FUNCTION,1186,0,False,10,31,720.460162593029,14.6714285714286,10570.1798140434,587.232211891302,0.24015338753101,CTSM,fortran,b1,12.0,0.007629561870717059,1572.8295023148148
280,func_metrics_01_CTSM_fortran,./models/01_CTSM/src/biogeochem/CNPhenologyMod.F90,CNPhenologyReadNML,SUBROUTINE,177,0,False,9,51,1315.8773845955,17.1122448979592,22517.6160608842,1250.97867004912,0.438625794865167,CTSM,fortran,b1,12.0,0.003662428264332326,3276.5146875000005
281,func_metrics_01_CTSM_fortran,./models/01_CTSM/src/biogeochem/CNPhenologyMod.F90,CNPhenologyInit,SUBROUTINE,434,0,False,9,39,1183.50142485298,15.47,18308.7670424757,1017.15372458198,0.394500474950994,CTSM,fortran,b1,11.0,0.002694252096355062,4082.76568287037
282,func_metrics_01_CTSM_fortran,./models/01_CTSM/src/biogeochem/CNPhenologyMod.F90,SeasonalDecidOnset,FUNCTION,1242,0,False,8,36,1310.33025399542,26.3421052631579,34516.8574802477,1917.60319334709,0.436776751331805,CTSM,fortran,b1,10.0,0.006353118269642354,1574.0301967592593
283,func_metrics_01_CTSM_fortran,./models/01_CTSM/src/biogeochem/CNPhenologyMod.F90,CNCropHarvestToProductPools,SUBROUTINE,4282,5,False,8,39,1458.0,13.5714285714286,19787.1428571429,1099.28571428571,0.486,CTSM,fortran,b1,15.0,0.004260150088637748,3521.0027083333334
284,func_metrics_01_CTSM_fortran,./models/01_CTSM/src/biogeochem/CNPhenologyMod.F90,get_swindow,SUBROUTINE,1880,1,False,7,39,841.071036978825,24.6206896551724,20707.7489794097,1150.43049885609,0.280357012326275,CTSM,fortran,b1,6.0,0.007869123960515517,762.4736921296297
285,func_metrics_01_CTSM_fortran,./models/01_CTSM/src/biogeochem/CNPhenologyMod.F90,was_sown_in_this_window,FUNCTION,1946,0,False,7,27,604.411949867199,26.0,15714.7106965472,873.039483141509,0.201470649955733,CTSM,fortran,b1,2.0,0.002641292769740763,757.2049652777779
286,func_metrics_01_CTSM_fortran,./models/01_CTSM/src/biogeochem/CNPhenologyMod.F90,CropPhase,SUBROUTINE,2625,1,False,5,24,796.68541533735,14.4444444444444,11507.6782215395,639.315456752194,0.26556180511245,CTSM,fortran,b1,2.0,0.0015280161765979228,1308.8866666666668
287,func_metrics_01_CTSM_fortran,./models/01_CTSM/src/biogeochem/CNPhenologyMod.F90,CropPhenologyInit,SUBROUTINE,2686,2,False,5,33,911.754722763044,8.78571428571429,8010.41649284674,445.023138491486,0.303918240921015,CTSM,fortran,b1,6.0,0.0014695920525573066,4082.76568287037
288,func_metrics_01_CTSM_fortran,./models/01_CTSM/src/biogeochem/CNPhenologyMod.F90,CNPhenology,SUBROUTINE,328,0,False,4,49,2140.73657266999,17.5263157894737,37519.2251946899,2084.40139970499,0.713578857556664,CTSM,fortran,b1,34.0,0.008327688297824737,4082.76568287037
289,func_metrics_01_CTSM_fortran,./models/01_CTSM/src/biogeochem/CNPhenologyMod.F90,DaysPastPlanting,FUNCTION,2961,0,False,3,17,262.366593451307,10.4,2728.61257189359,151.589587327422,0.0874555311504356,CTSM,fortran,b1,2.0,0.0024809655171205785,806.1377662037038
290,func_metrics_01_CTSM_fortran,./models/01_CTSM/src/biogeochem/CNPhenologyMod.F90,CNPhenologySetNML,SUBROUTINE,254,0,False,2,9,181.110391401214,7.3125,1324.36973712138,73.5760965067433,0.0603701304670714,CTSM,fortran,b1,3.0,0.0019062780458031841,1573.7473379629628
291,func_metrics_01_CTSM_fortran,./models/01_CTSM/src/biogeochem/CNPhenologyMod.F90,CNPhenologyClimate,SUBROUTINE,529,1,False,2,19,499.216357432593,7.38888888888889,3688.65419658527,204.925233143626,0.166405452477531,CTSM,fortran,b1,9.0,0.0022043880788359597,4082.76568287037
292,func_metrics_01_CTSM_fortran,./models/01_CTSM/src/biogeochem/CNPhenologyMod.F90,CNPhenologySetParams,SUBROUTINE,271,0,False,1,16,337.597012653606,3.375,1139.38991770592,63.2994398725512,0.112532337551202,CTSM,fortran,b1,6.0,0.0038125560916063683,1573.7473379629628
293,func_metrics_01_CTSM_fortran,./models/01_CTSM/src/biogeochem/CNPhenologyMod.F90,readParams,SUBROUTINE,293,0,False,1,21,583.458776950442,5.6969696969697,3323.94697171767,184.663720650982,0.194486258983481,CTSM,fortran,b1,8.0,0.0019594560700764087,4082.76568287037
294,func_metrics_01_CTSM_fortran,./models/01_CTSM/src/biogeochem/CNPrecisionControlMod.F90,CNPrecisionControl,SUBROUTINE,98,3,False,63,233,13945.0121125336,67.4189189189189,940157.640938245,52230.9800521247,4.64833737084453,CTSM,fortran,b4,15.0,0.0036739801313932664,4082.76568287037
295,func_metrics_01_CTSM_fortran,./models/01_CTSM/src/biogeochem/CNPrecisionControlMod.F90,TruncateCandNStates,SUBROUTINE,641,1,False,11,66,2615.66352444321,40.6875,106424.809650783,5912.48942504351,0.871887841481071,CTSM,fortran,b2,20.0,0.005880669575488144,3400.973263888889
296,func_metrics_01_CTSM_fortran,./models/01_CTSM/src/biogeochem/CNPrecisionControlMod.F90,TruncateCStates,SUBROUTINE,735,1,False,10,50,1649.21789507692,28.75,47415.0144834615,2634.16747130341,0.549739298358973,CTSM,fortran,b1,12.0,0.0035284017452928865,3400.973263888889
297,func_metrics_01_CTSM_fortran,./models/01_CTSM/src/biogeochem/CNPrecisionControlMod.F90,CNPrecisionControlReadNML,SUBROUTINE,39,0,False,5,40,1073.46345809888,18.4239130434783,19777.3974073653,1098.74430040918,0.357821152699628,CTSM,fortran,b1,5.0,0.0012246600437977554,4082.76568287037
298,func_metrics_01_CTSM_fortran,./models/01_CTSM/src/biogeochem/CNPrecisionControlMod.F90,TruncateNStates,SUBROUTINE,803,1,False,4,24,742.380487779087,14.2857142857143,10605.4355397012,589.190863316736,0.247460162593029,CTSM,fortran,b1,6.0,0.0017642008726464432,3400.973263888889
299,func_metrics_01_CTSM_fortran,./models/01_CTSM/src/biogeochem/CNPrecisionControlMod.F90,TruncateAdditional,SUBROUTINE,843,1,False,2,19,589.618614812828,9.77777777777778,5765.15978928099,320.286654960055,0.196539538270943,CTSM,fortran,b1,2.0,0.0009563647513174921,2091.252314814815
300,func_metrics_01_CTSM_fortran,./models/01_CTSM/src/biogeochem/CNProductsMod.F90,Restart,SUBROUTINE,374,1,False,13,53,2420.65180730001,21.6716417910448,52459.4988686509,2914.41660381394,0.806883935766669,CTSM,fortran,b2,7.0,0.001993311668131642,3511.743854166667
301,func_metrics_01_CTSM_fortran,./models/01_CTSM/src/biogeochem/CNProductsMod.F90,PartitionWoodFluxes,SUBROUTINE,579,3,False,7,58,2420.65180730001,28.5606060606061,69135.2826781896,3840.8490376772,0.806883935766669,CTSM,fortran,b1,9.0,0.0025628292875978253,3511.743854166667
302,func_metrics_01_CTSM_fortran,./models/01_CTSM/src/biogeochem/CNProductsMod.F90,InitCold,SUBROUTINE,332,3,False,5,25,674.039677847345,7.83333333333333,5279.97747647087,293.33208202616,0.224679892615782,CTSM,fortran,b1,8.0,0.0022780704778647336,3511.743854166667
303,func_metrics_01_CTSM_fortran,./models/01_CTSM/src/biogeochem/CNProductsMod.F90,PartitionCropFluxes,SUBROUTINE,717,2,False,3,22,707.453440358516,7.18604651162791,5083.79332722748,282.432962623749,0.235817813452839,CTSM,fortran,b1,6.0,0.00170855285839855,3511.743854166667
304,func_metrics_01_CTSM_fortran,./models/01_CTSM/src/biogeochem/CNProductsMod.F90,ComputeProductSummaryVars,SUBROUTINE,785,2,False,3,32,1334.52030240811,16.8552631578947,22493.690886642,1249.64949370233,0.444840100802704,CTSM,fortran,b1,7.0,0.001993311668131642,3511.743854166667
305,func_metrics_01_CTSM_fortran,./models/01_CTSM/src/biogeochem/CNProductsMod.F90,InitHistory,SUBROUTINE,192,0,False,2,44,3070.73967176688,27.764705882353,85258.1838278805,4736.56576821558,1.02357989058896,CTSM,fortran,b1,13.0,0.003701864526530192,3511.743854166667
306,func_metrics_01_CTSM_fortran,./models/01_CTSM/src/biogeochem/CNProductsMod.F90,ComputeSummaryVars,SUBROUTINE,842,1,False,2,13,493.305186263697,5.68181818181818,2802.87037649828,155.715020916571,0.164435062087899,CTSM,fortran,b1,9.0,0.0025628292875978253,3511.743854166667
307,func_metrics_01_CTSM_fortran,./models/01_CTSM/src/biogeochem/CNProductsMod.F90,Init,SUBROUTINE,94,0,False,1,10,225.621106470772,3.63636363636364,820.440387166445,45.580021509247,0.0752070354902575,CTSM,fortran,b1,1.0,0.0002847588097330917,3511.743854166667
308,func_metrics_01_CTSM_fortran,./models/01_CTSM/src/biogeochem/CNProductsMod.F90,InitAllocate,SUBROUTINE,118,0,False,1,59,1471.05397915818,7.5,11032.9048436864,612.939157982577,0.490351326386062,CTSM,fortran,b1,9.0,0.0025628292875978253,3511.743854166667
309,func_metrics_01_CTSM_fortran,./models/01_CTSM/src/biogeochem/CNProductsMod.F90,SetValues,SUBROUTINE,168,0,False,1,12,347.832539142441,4.23913043478261,1474.50750288643,81.9170834936908,0.115944179714147,CTSM,fortran,b1,2.0,0.0020571757964457883,972.2066550925925
310,func_metrics_01_CTSM_fortran,./models/01_CTSM/src/biogeochem/CNProductsMod.F90,UpdateProducts,SUBROUTINE,520,0,False,1,19,846.33169779592,14.0689655172414,11907.0114724391,661.50063735773,0.282110565931973,CTSM,fortran,b1,17.0,0.004840899765462559,3511.743854166667
311,func_metrics_01_CTSM_fortran,./models/01_CTSM/src/biogeochem/CNSharedParamsMod.F90,CNParamsReadShared_netcdf,SUBROUTINE,74,0,False,11,52,2090.64777194074,17.7142857142857,37034.3319600931,2057.46288667184,0.696882590646912,CTSM,fortran,b2,8.0,0.0017976790091409692,4450.182685185185
312,func_metrics_01_CTSM_fortran,./models/01_CTSM/src/biogeochem/CNSharedParamsMod.F90,CNParamsReadShared_namelist,SUBROUTINE,146,0,False,5,42,1123.96850004718,16.3888888888889,18420.5948618844,1023.3663812158,0.374656166682394,CTSM,fortran,b1,6.0,0.0016242935815146142,3693.913506944444
313,func_metrics_01_CTSM_fortran,./models/01_CTSM/src/biogeochem/CNSharedParamsMod.F90,CNParamsReadShared,SUBROUTINE,54,0,False,1,7,125.335914751734,3.0,376.007744255201,20.8893191252889,0.0417786382505778,CTSM,fortran,b1,3.0,0.0006741296284278634,4450.182685185185
314,func_metrics_01_CTSM_fortran,./models/01_CTSM/src/biogeochem/CNSharedParamsMod.F90,CNParamsSetSoilDepth,SUBROUTINE,68,0,False,1,4,43.1850652335357,1.375,59.3794646961116,3.29885914978398,0.0143950217445119,CTSM,fortran,b1,2.0,0.0012093198247829944,1653.822222222222
315,func_metrics_01_CTSM_fortran,./models/01_CTSM/src/biogeochem/CNSpeciesMod.F90,species_from_string,FUNCTION,38,0,False,5,15,197.654284025044,4.21875,833.854010730655,46.3252228183697,0.0658847613416814,CTSM,fortran,b1,1.0,0.0002914318273697094,3431.334212962963
316,func_metrics_01_CTSM_fortran,./models/01_CTSM/src/biogeochem/CNVegCarbonFluxType.F90,Summary_carbonflux,SUBROUTINE,4847,25,False,49,226,20846.8801306854,57.8125,1205210.25755525,66956.125419736,6.94896004356179,CTSM,fortran,b3,48.0,0.012026807182493233,3991.084189814815
317,func_metrics_01_CTSM_fortran,./models/01_CTSM/src/biogeochem/CNVegCarbonFluxType.F90,SetValues,SUBROUTINE,4365,29,False,34,376,14952.9782669851,10.6171875,158758.573944006,8819.92077466702,4.98432608899505,CTSM,fortran,b3,47.0,0.011776248699524624,3991.084189814815
318,func_metrics_01_CTSM_fortran,./models/01_CTSM/src/biogeochem/CNVegCarbonFluxType.F90,InitHistory,SUBROUTINE,1278,10,False,29,1072,90689.8107879551,145.6875,13212371.8091702,734020.656065012,30.2299369293184,CTSM,fortran,b3,52.0,0.013029041114367668,3991.084189814815
319,func_metrics_01_CTSM_fortran,./models/01_CTSM/src/biogeochem/CNVegCarbonFluxType.F90,InitCold,SUBROUTINE,3917,8,False,21,101,3327.7705831631,25.0,83194.2645790774,4621.90358772652,1.10925686105437,CTSM,fortran,b3,34.0,0.008518988420932705,3991.084189814815
320,func_metrics_01_CTSM_fortran,./models/01_CTSM/src/biogeochem/CNVegCarbonFluxType.F90,RestartBulkOnly,SUBROUTINE,4076,10,False,14,96,7553.29370645105,31.23,235889.362452466,13104.9645806926,2.51776456881702,CTSM,fortran,b2,28.0,0.007015637523121052,3991.084189814815
321,func_metrics_01_CTSM_fortran,./models/01_CTSM/src/biogeochem/CNVegCarbonFluxType.F90,InitAllocate,SUBROUTINE,803,0,False,10,753,31310.647992648,43.8669833729216,1373503.67488889,76305.7597160496,10.436882664216,CTSM,fortran,b1,77.0,0.019293003188582892,3991.084189814815
322,func_metrics_01_CTSM_fortran,./models/01_CTSM/src/biogeochem/CNVegCarbonFluxType.F90,ZeroDwt,SUBROUTINE,4790,4,False,5,20,502.669735660607,3.46875,1743.63564557273,96.8686469762628,0.167556578553536,CTSM,fortran,b1,9.0,0.002255026346717481,3991.084189814815
323,func_metrics_01_CTSM_fortran,./models/01_CTSM/src/biogeochem/CNVegCarbonFluxType.F90,Init,SUBROUTINE,548,0,False,3,16,309.067687640625,5.68181818181818,1756.06640704901,97.559244836056,0.103022562546875,CTSM,fortran,b1,7.0,0.001753909380780263,3991.084189814815
324,func_metrics_01_CTSM_fortran,./models/01_CTSM/src/biogeochem/CNVegCarbonFluxType.F90,InitTransfer,SUBROUTINE,567,0,False,2,173,6194.69297907242,13.6481481481482,84546.0875106736,4697.00486170409,2.06489765969081,CTSM,fortran,b1,5.0,0.002015732747433236,2480.4875578703704
325,func_metrics_01_CTSM_fortran,./models/01_CTSM/src/biogeochem/CNVegCarbonFluxType.F90,Restart,SUBROUTINE,4050,0,False,2,12,286.620878712527,7.47727272727273,2143.14247946412,119.06347108134,0.0955402929041756,CTSM,fortran,b1,2.0,0.000501116965937218,3991.084189814815
326,func_metrics_01_CTSM_fortran,./models/01_CTSM/src/biogeochem/CNVegCarbonFluxType.F90,ZeroGru,SUBROUTINE,4825,1,False,2,8,151.620675033668,2.21052631578947,335.161492179687,18.6200828988715,0.0505402250112227,CTSM,fortran,b1,1.0,0.0003573703084537584,2798.217916666667
327,func_metrics_01_CTSM_fortran,./models/01_CTSM/src/biogeochem/CNVegCarbonFluxType.F90,RestartAllIsotopes,SUBROUTINE,4343,0,False,1,10,256.763925116827,4.17391304347826,1071.7102961398,59.5394608966556,0.0855879750389424,CTSM,fortran,b1,4.0,0.001002233931874436,3991.084189814815
328,func_metrics_01_CTSM_fortran,./models/01_CTSM/src/biogeochem/CNVegCarbonStateType.F90,Restart,SUBROUTINE,1785,63,False,310,1202,119828.234123174,352.436538461539,42231848.0443304,2346213.78024058,39.9427447077248,CTSM,fortran,b4,64.0,0.01567564856061127,4082.76568287037
329,func_metrics_01_CTSM_fortran,./models/01_CTSM/src/biogeochem/CNVegCarbonStateType.F90,InitCold,SUBROUTINE,1443,5,False,34,276,12123.9236812557,36.1595744680851,438395.921197746,24355.3289554303,4.0413078937519,CTSM,fortran,b3,50.0,0.012246600437977555,4082.76568287037
330,func_metrics_01_CTSM_fortran,./models/01_CTSM/src/biogeochem/CNVegCarbonStateType.F90,InitHistory,SUBROUTINE,557,3,False,28,385,24444.5935732995,98.2300884955752,2401194.58994358,133399.69944131,8.14819785776649,CTSM,fortran,b3,40.0,0.009797280350382043,4082.76568287037
331,func_metrics_01_CTSM_fortran,./models/01_CTSM/src/biogeochem/CNVegCarbonStateType.F90,SetValues,SUBROUTINE,4313,5,False,11,169,5936.90674223428,9.67391304347826,57433.1195716142,3190.72886508968,1.97896891407809,CTSM,fortran,b2,31.0,0.007592892271546084,4082.76568287037
332,func_metrics_01_CTSM_fortran,./models/01_CTSM/src/biogeochem/CNVegCarbonStateType.F90,InitAllocate,SUBROUTINE,333,0,False,10,353,11557.5304574286,18.3149171270718,211675.212521414,11759.7340289674,3.8525101524762,CTSM,fortran,b1,36.0,0.008817552315343839,4082.76568287037
333,func_metrics_01_CTSM_fortran,./models/01_CTSM/src/biogeochem/CNVegCarbonStateType.F90,Summary_carbonstate,SUBROUTINE,4524,2,False,6,33,1956.0491313703,16.2837837837838,31851.8811256921,1769.54895142734,0.652016377123434,CTSM,fortran,b1,21.0,0.0051435721839505726,4082.76568287037
334,func_metrics_01_CTSM_fortran,./models/01_CTSM/src/biogeochem/CNVegCarbonStateType.F90,InitReadNML,SUBROUTINE,273,0,False,5,39,1011.81460449024,15.1195652173913,15298.1969004991,849.899827805507,0.337271534830079,CTSM,fortran,b1,1.0,0.00032034698324166305,3121.615162037037
335,func_metrics_01_CTSM_fortran,./models/01_CTSM/src/biogeochem/CNVegCarbonStateType.F90,DynamicPatchAdjustments,SUBROUTINE,4634,3,False,5,85,6017.70175109892,30.2766990291262,182196.144765068,10122.0080425038,2.00590058369964,CTSM,fortran,b1,14.0,0.004080045583175932,3431.334212962963
336,func_metrics_01_CTSM_fortran,./models/01_CTSM/src/biogeochem/CNVegCarbonStateType.F90,Init,SUBROUTINE,242,0,False,3,22,541.783150025411,9.56666666666667,5183.05880190976,287.947711217209,0.180594383341804,CTSM,fortran,b1,7.0,0.0017145240613168577,4082.76568287037
337,func_metrics_01_CTSM_fortran,./models/01_CTSM/src/biogeochem/CNVegCarbonStateType.F90,ZeroDwt,SUBROUTINE,4502,1,False,2,10,196.214991220041,2.84210526315789,557.663659256959,30.9813144031644,0.065404997073347,CTSM,fortran,b1,2.0,0.0004898640175191022,4082.76568287037
338,func_metrics_01_CTSM_fortran,./models/01_CTSM/src/biogeochem/CNVegCarbonStateType.F90,update_patch_state,SUBROUTINE,4857,0,False,1,8,356.754529490984,5.36842105263158,1915.20852674107,106.400473707837,0.118918176496995,CTSM,fortran,b1,2.0,0.0005828636547394188,3431.334212962963
339,func_metrics_01_CTSM_fortran,./models/01_CTSM/src/biogeochem/CNVegComputeSeedMod.F90,SpeciesTypeMultiplier,FUNCTION,157,0,False,10,33,703.705275090866,14.8571428571429,10455.04980135,580.836100075,0.234568425030289,CTSM,fortran,b1,2.0,0.0005828636547394188,3431.334212962963
340,func_metrics_01_CTSM_fortran,./models/01_CTSM/src/biogeochem/CNVegComputeSeedMod.F90,ComputeSeedAmounts,SUBROUTINE,40,1,False,5,59,2420.22140252209,23.015873015873,55703.5084707464,3094.63935948591,0.806740467507362,CTSM,fortran,b1,5.0,0.001457159136848547,3431.334212962963
341,func_metrics_01_CTSM_fortran,./models/01_CTSM/src/biogeochem/CNVegComputeSeedMod.F90,LeafProportions,SUBROUTINE,213,0,False,3,27,729.461924368658,18.0357142857143,13156.3668502204,730.909269456691,0.243153974789553,CTSM,fortran,b1,1.0,0.0002914318273697094,3431.334212962963
342,func_metrics_01_CTSM_fortran,./models/01_CTSM/src/biogeochem/CNVegetationFacade.F90,Restart,SUBROUTINE,473,0,False,14,63,2733.37245958789,21.525,58835.8421926293,3268.65789959052,0.911124153195963,CTSM,fortran,b2,17.0,0.0048162805707982394,3529.694699074074
343,func_metrics_01_CTSM_fortran,./models/01_CTSM/src/biogeochem/CNVegetationFacade.F90,Init,SUBROUTINE,198,0,False,12,68,2466.90417660528,13.2682926829268,32731.6066359334,1818.42259088519,0.822301392201759,CTSM,fortran,b2,22.0,0.006232833679856545,3529.694699074074
344,func_metrics_01_CTSM_fortran,./models/01_CTSM/src/biogeochem/CNVegetationFacade.F90,CNReadNML,SUBROUTINE,326,0,False,5,43,1089.58446509373,17.1888888888889,18728.7463055555,1040.4859058642,0.363194821697909,CTSM,fortran,b1,2.0,0.0006406939664833261,3121.615162037037
345,func_metrics_01_CTSM_fortran,./models/01_CTSM/src/biogeochem/CNVegetationFacade.F90,InitEachTimeStep,SUBROUTINE,610,0,False,5,25,529.096135490035,7.92857142857143,4194.97650281385,233.054250156325,0.176365378496678,CTSM,fortran,b1,5.0,0.0014165531090583057,3529.694699074074
346,func_metrics_01_CTSM_fortran,./models/01_CTSM/src/biogeochem/CNVegetationFacade.F90,EcosystemDynamicsPostDrainage,SUBROUTINE,1070,0,False,4,48,2108.6896179893,13.5064102564103,28480.8270839966,1582.26817133314,0.702896539329768,CTSM,fortran,b1,25.0,0.0070827655452915285,3529.694699074074
347,func_metrics_01_CTSM_fortran,./models/01_CTSM/src/biogeochem/CNVegetationFacade.F90,EndOfTimeStepVegDynamics,SUBROUTINE,1266,0,False,4,33,871.103238308641,12.0652173913043,10510.0499404629,583.891663359053,0.29036774610288,CTSM,fortran,b1,4.0,0.0011332424872466445,3529.694699074074
348,func_metrics_01_CTSM_fortran,./models/01_CTSM/src/biogeochem/CNVegetationFacade.F90,WriteHistory,SUBROUTINE,1327,0,False,4,13,233.183087766123,4.77272727272727,1112.91928252013,61.8288490288964,0.0777276959220412,CTSM,fortran,b1,3.0,0.0008499318654349834,3529.694699074074
349,func_metrics_01_CTSM_fortran,./models/01_CTSM/src/biogeochem/CNVegetationFacade.F90,get_froot_carbon_patch,FUNCTION,1561,1,False,4,21,655.441484497961,10.8947368421053,7140.86248900411,396.71458272245,0.218480494832654,CTSM,fortran,b1,1.0,0.0003080634297752761,3246.08474537037
350,func_metrics_01_CTSM_fortran,./models/01_CTSM/src/biogeochem/CNVegetationFacade.F90,get_croot_carbon_patch,FUNCTION,1605,1,False,4,21,692.535350089423,11.1923076923077,7751.06872600085,430.61492922227,0.230845116696474,CTSM,fortran,b1,1.0,0.0003080634297752761,3246.08474537037
351,func_metrics_01_CTSM_fortran,./models/01_CTSM/src/biogeochem/CNVegetationFacade.F90,DynamicAreaConservation,SUBROUTINE,709,0,False,3,45,1570.99170150412,9.97058823529412,15663.7113767617,870.206187597873,0.523663900501375,CTSM,fortran,b1,13.0,0.003683038083551595,3529.694699074074
352,func_metrics_01_CTSM_fortran,./models/01_CTSM/src/biogeochem/CNVegetationFacade.F90,BalanceCheck,SUBROUTINE,1201,0,False,3,24,743.341430023373,10.436170212766,7757.63768992478,430.979871662488,0.247780476674458,CTSM,fortran,b1,13.0,0.003683038083551595,3529.694699074074
353,func_metrics_01_CTSM_fortran,./models/01_CTSM/src/biogeochem/CNVegetationFacade.F90,InitAccBuffer,SUBROUTINE,391,0,False,2,8,153.801106505938,4.41176470588235,678.534293408552,37.6963496338085,0.0512670355019795,CTSM,fortran,b1,1.0,0.00028331062181166113,3529.694699074074
354,func_metrics_01_CTSM_fortran,./models/01_CTSM/src/biogeochem/CNVegetationFacade.F90,InitAccVars,SUBROUTINE,414,0,False,2,8,153.801106505938,4.41176470588235,678.534293408552,37.6963496338085,0.0512670355019795,CTSM,fortran,b1,1.0,0.00028331062181166113,3529.694699074074
355,func_metrics_01_CTSM_fortran,./models/01_CTSM/src/biogeochem/CNVegetationFacade.F90,UpdateAccVars,SUBROUTINE,437,0,False,2,12,400.084075321707,8.44444444444445,3378.48774716108,187.693763731171,0.133361358440569,CTSM,fortran,b1,3.0,0.0008499318654349834,3529.694699074074
356,func_metrics_01_CTSM_fortran,./models/01_CTSM/src/biogeochem/CNVegetationFacade.F90,Init2,SUBROUTINE,580,0,False,2,10,216.22022703449,5.1,1102.7231578759,61.2623976597722,0.0720734090114967,CTSM,fortran,b1,2.0,0.0005666212436233223,3529.694699074074
357,func_metrics_01_CTSM_fortran,./models/01_CTSM/src/biogeochem/CNVegetationFacade.F90,UpdateSubgridWeights,SUBROUTINE,685,0,False,2,8,155.888725024519,4.16666666666667,649.53635426883,36.085353014935,0.0519629083415064,CTSM,fortran,b1,1.0,0.00028331062181166113,3529.694699074074
358,func_metrics_01_CTSM_fortran,./models/01_CTSM/src/biogeochem/CNVegetationFacade.F90,get_net_carbon_exchange_grc,FUNCTION,1365,0,False,2,11,317.796829519583,6.73076923076923,2139.01712176642,118.834284542579,0.105932276506528,CTSM,fortran,b1,4.0,0.0011332424872466445,3529.694699074074
359,func_metrics_01_CTSM_fortran,./models/01_CTSM/src/biogeochem/CNVegetationFacade.F90,get_leafn_patch,FUNCTION,1393,0,False,2,11,299.32032633212,6.125,1833.33699878423,101.852055488013,0.0997734421107066,CTSM,fortran,b1,1.0,0.00028331062181166113,3529.694699074074
360,func_metrics_01_CTSM_fortran,./models/01_CTSM/src/biogeochem/CNVegetationFacade.F90,get_downreg_patch,FUNCTION,1420,0,False,2,11,299.32032633212,6.125,1833.33699878423,101.852055488013,0.0997734421107066,CTSM,fortran,b1,1.0,0.00028331062181166113,3529.694699074074
361,func_metrics_01_CTSM_fortran,./models/01_CTSM/src/biogeochem/CNVegetationFacade.F90,get_root_respiration_patch,FUNCTION,1447,0,False,2,11,302.205974933599,5.88,1776.97113260956,98.7206184783091,0.100735324977866,CTSM,fortran,b1,1.0,0.00028331062181166113,3529.694699074074
362,func_metrics_01_CTSM_fortran,./models/01_CTSM/src/biogeochem/CNVegetationFacade.F90,get_annsum_npp_patch,FUNCTION,1480,0,False,2,11,299.32032633212,6.125,1833.33699878423,101.852055488013,0.0997734421107066,CTSM,fortran,b1,1.0,0.00028331062181166113,3529.694699074074
363,func_metrics_01_CTSM_fortran,./models/01_CTSM/src/biogeochem/CNVegetationFacade.F90,get_agnpp_patch,FUNCTION,1507,0,False,2,11,299.32032633212,6.125,1833.33699878423,101.852055488013,0.0997734421107066,CTSM,fortran,b1,1.0,0.00028331062181166113,3529.694699074074
364,func_metrics_01_CTSM_fortran,./models/01_CTSM/src/biogeochem/CNVegetationFacade.F90,get_bgnpp_patch,FUNCTION,1534,0,False,2,11,299.32032633212,6.125,1833.33699878423,101.852055488013,0.0997734421107066,CTSM,fortran,b1,1.0,0.00028331062181166113,3529.694699074074
365,func_metrics_01_CTSM_fortran,./models/01_CTSM/src/biogeochem/CNVegetationFacade.F90,get_totvegc_col,FUNCTION,1651,0,False,2,11,299.32032633212,6.125,1833.33699878423,101.852055488013,0.0997734421107066,CTSM,fortran,b1,1.0,0.000344472772102611,2902.9870601851853
366,func_metrics_01_CTSM_fortran,./models/01_CTSM/src/biogeochem/CNVegetationFacade.F90,InterpFileInputs,SUBROUTINE,655,0,False,1,6,127.377205260584,2.82352941176471,359.653285441649,19.9807380800916,0.0424590684201947,CTSM,fortran,b1,2.0,0.0005666212436233223,3529.694699074074
367,func_metrics_01_CTSM_fortran,./models/01_CTSM/src/biogeochem/CNVegetationFacade.F90,InitColumnBalance,SUBROUTINE,818,0,False,1,17,570.823439637123,5.82857142857143,3327.0851910278,184.838066168211,0.190274479879041,CTSM,fortran,b1,4.0,0.0011784492123255354,3394.2913773148143
368,func_metrics_01_CTSM_fortran,./models/01_CTSM/src/biogeochem/CNVegetationFacade.F90,InitGridcellBalance,SUBROUTINE,873,0,False,1,20,972.424845191177,5.48148148148148,5330.32878104793,296.129376724885,0.324141615063726,CTSM,fortran,b1,7.0,0.003468745558680817,2018.0206018518518
369,func_metrics_01_CTSM_fortran,./models/01_CTSM/src/biogeochem/CNVegetationFacade.F90,EcosystemDynamicsPreDrainage,SUBROUTINE,946,0,False,1,52,2487.60131798202,7.00970873786408,17437.3606949808,968.742260832266,0.829200439327341,CTSM,fortran,b1,33.0,0.009349250519784818,3529.694699074074
370,func_metrics_01_CTSM_fortran,./models/01_CTSM/src/biogeochem/CNVegMatrixMod.F90,CNVegMatrix,SUBROUTINE,67,71,False,225,2073,176805.284337713,128.48665480427,22717119.5362706,1262062.19645948,58.9350947792376,CTSM,fortran,b4,32.0,0.01134290218121654,2821.147488425926
371,func_metrics_01_CTSM_fortran,./models/01_CTSM/src/biogeochem/CNVegMatrixMod.F90,matrix_update_phc,FUNCTION,3579,0,False,4,29,983.162226746942,29.765625,29264.4381555144,1625.8021197508,0.327720742248981,CTSM,fortran,b1,2.0,0.0010947424657311556,1826.9136921296297
372,func_metrics_01_CTSM_fortran,./models/01_CTSM/src/biogeochem/CNVegMatrixMod.F90,matrix_update_gmc,FUNCTION,3617,0,False,4,29,1072.40958022601,30.4411764705882,32645.4092804093,1813.63384891163,0.357469860075335,CTSM,fortran,b1,2.0,0.0010947424657311556,1826.9136921296297
373,func_metrics_01_CTSM_fortran,./models/01_CTSM/src/biogeochem/CNVegMatrixMod.F90,matrix_update_fic,FUNCTION,3657,0,False,4,29,1162.84719510416,31.0416666666667,36096.7150146915,2005.37305637175,0.387615731701386,CTSM,fortran,b1,2.0,0.0010947424657311556,1826.9136921296297
374,func_metrics_01_CTSM_fortran,./models/01_CTSM/src/biogeochem/CNVegMatrixMod.F90,matrix_update_phn,FUNCTION,3700,0,False,4,29,983.162226746942,29.765625,29264.4381555144,1625.8021197508,0.327720742248981,CTSM,fortran,b1,2.0,0.0010947424657311556,1826.9136921296297
375,func_metrics_01_CTSM_fortran,./models/01_CTSM/src/biogeochem/CNVegMatrixMod.F90,matrix_update_gmn,FUNCTION,3739,0,False,4,29,1072.40958022601,30.4411764705882,32645.4092804093,1813.63384891163,0.357469860075335,CTSM,fortran,b1,2.0,0.0010947424657311556,1826.9136921296297
376,func_metrics_01_CTSM_fortran,./models/01_CTSM/src/biogeochem/CNVegMatrixMod.F90,matrix_update_fin,FUNCTION,3780,0,False,4,29,1162.84719510416,31.0416666666667,36096.7150146915,2005.37305637175,0.387615731701386,CTSM,fortran,b1,2.0,0.0010947424657311556,1826.9136921296297
377,func_metrics_01_CTSM_fortran,./models/01_CTSM/src/biogeochem/CNVegMatrixMod.F90,CNVegMatrixRest,SUBROUTINE,3824,0,False,1,9,396.33570483095,4.22222222222222,1673.41742039734,92.9676344665191,0.132111901610317,CTSM,fortran,b1,1.0,0.0005860454161999923,1706.3523958333335
378,func_metrics_01_CTSM_fortran,./models/01_CTSM/src/biogeochem/CNVegNitrogenFluxType.F90,SetValues,SUBROUTINE,2287,25,False,28,253,9337.35755838187,10.5868544600939,98853.2455124465,5491.8469729137,3.11245251946062,CTSM,fortran,b3,37.0,0.00906248432410339,4082.76568287037
379,func_metrics_01_CTSM_fortran,./models/01_CTSM/src/biogeochem/CNVegNitrogenFluxType.F90,Restart,SUBROUTINE,1986,7,False,18,117,8895.3705409564,40.695652173913,362002.905492834,20111.2725273797,2.96512351365213,CTSM,fortran,b2,28.0,0.006858096245267431,4082.76568287037
380,func_metrics_01_CTSM_fortran,./models/01_CTSM/src/biogeochem/CNVegNitrogenFluxType.F90,InitHistory,SUBROUTINE,1113,3,False,14,324,24080.1947136383,61.8125,1488457.03573677,82692.0575409316,8.02673157121277,CTSM,fortran,b2,43.0,0.010532076376660697,4082.76568287037
381,func_metrics_01_CTSM_fortran,./models/01_CTSM/src/biogeochem/CNVegNitrogenFluxType.F90,InitCold,SUBROUTINE,1877,4,False,12,77,2641.08195454904,17.4705882352941,46141.2553235921,2563.40307353289,0.880360651516347,CTSM,fortran,b2,10.0,0.0024493200875955108,4082.76568287037
382,func_metrics_01_CTSM_fortran,./models/01_CTSM/src/biogeochem/CNVegNitrogenFluxType.F90,Summary_nitrogenflux,SUBROUTINE,2635,7,False,8,42,2688.98741281451,9.78125,26301.658131592,1461.20322953289,0.896329137604838,CTSM,fortran,b1,9.0,0.0022043880788359597,4082.76568287037
383,func_metrics_01_CTSM_fortran,./models/01_CTSM/src/biogeochem/CNVegNitrogenFluxType.F90,ZeroDwt,SUBROUTINE,2582,4,False,5,19,468.046581395031,3.33870967741935,1562.67165078664,86.8150917103687,0.156015527131677,CTSM,fortran,b1,8.0,0.0019594560700764087,4082.76568287037
384,func_metrics_01_CTSM_fortran,./models/01_CTSM/src/biogeochem/CNVegNitrogenFluxType.F90,Init,SUBROUTINE,428,0,False,3,13,202.046601447823,3.88235294117647,784.416217385666,43.5786787436481,0.0673488671492743,CTSM,fortran,b1,7.0,0.0017145240613168577,4082.76568287037
385,func_metrics_01_CTSM_fortran,./models/01_CTSM/src/biogeochem/CNVegNitrogenFluxType.F90,InitAllocate,SUBROUTINE,779,0,False,3,533,21203.4307263126,29.523178807947,625992.676674845,34777.3709263803,7.0678102421042,CTSM,fortran,b1,52.0,0.012736464455496657,4082.76568287037
386,func_metrics_01_CTSM_fortran,./models/01_CTSM/src/biogeochem/CNVegNitrogenFluxType.F90,InitTransfer,SUBROUTINE,445,0,False,2,249,9534.02394139171,21.527027027027,205239.191062662,11402.177281259,3.1780079804639,CTSM,fortran,b1,2.0,0.0008062930989732944,2480.4875578703704
387,func_metrics_01_CTSM_fortran,./models/01_CTSM/src/biogeochem/CNVegNitrogenFluxType.F90,ZeroGru,SUBROUTINE,2614,1,False,2,9,166.908062065593,2.58333333333333,431.179160336115,23.9543977964508,0.055636020688531,CTSM,fortran,b1,2.0,0.0007147406169075168,2798.217916666667
388,func_metrics_01_CTSM_fortran,./models/01_CTSM/src/biogeochem/CNVegNitrogenStateType.F90,Restart,SUBROUTINE,1119,7,False,45,336,39626.5430066893,127.308189655172,5044783.45247445,280265.747359691,13.2088476688964,CTSM,fortran,b3,33.0,0.008268429937964098,3991.084189814815
389,func_metrics_01_CTSM_fortran,./models/01_CTSM/src/biogeochem/CNVegNitrogenStateType.F90,InitCold,SUBROUTINE,789,5,False,29,270,12637.0788287411,29.850622406639,377224.668439682,20956.9260244268,4.21235960958037,CTSM,fortran,b3,40.0,0.01002233931874436,3991.084189814815
390,func_metrics_01_CTSM_fortran,./models/01_CTSM/src/biogeochem/CNVegNitrogenStateType.F90,SetValues,SUBROUTINE,1972,5,False,11,178,6282.26085235303,9.74702380952381,61233.3461055244,3401.85256141802,2.09408695078434,CTSM,fortran,b2,25.0,0.006263962074215225,3991.084189814815
391,func_metrics_01_CTSM_fortran,./models/01_CTSM/src/biogeochem/CNVegNitrogenStateType.F90,InitHistory,SUBROUTINE,477,1,False,10,134,7835.66950250962,29.64,232249.244054385,12902.7357807992,2.61188983416987,CTSM,fortran,b1,29.0,0.007266196006089661,3991.084189814815
392,func_metrics_01_CTSM_fortran,./models/01_CTSM/src/biogeochem/CNVegNitrogenStateType.F90,InitAllocate,SUBROUTINE,265,0,False,7,369,12324.857792061,18.3723958333333,226437.165945287,12579.8425525159,4.10828593068699,CTSM,fortran,b1,34.0,0.008518988420932705,3991.084189814815
393,func_metrics_01_CTSM_fortran,./models/01_CTSM/src/biogeochem/CNVegNitrogenStateType.F90,DynamicPatchAdjustments,SUBROUTINE,2365,3,False,6,82,5604.35773865114,26.5714285714286,148915.791341302,8273.09951896121,1.86811924621705,CTSM,fortran,b1,13.0,0.0037886137558062224,3431.334212962963
394,func_metrics_01_CTSM_fortran,./models/01_CTSM/src/biogeochem/CNVegNitrogenStateType.F90,Summary_nitrogenstate,SUBROUTINE,2198,2,False,5,30,1722.8965932515,15.0,25843.4488987725,1435.74716104292,0.574298864417167,CTSM,fortran,b1,18.0,0.004510052693434962,3991.084189814815
395,func_metrics_01_CTSM_fortran,./models/01_CTSM/src/biogeochem/CNVegNitrogenStateType.F90,Init,SUBROUTINE,241,0,False,2,17,465.0,7.31481481481482,3401.38888888889,188.966049382716,0.155,CTSM,fortran,b1,8.0,0.002004467863748872,3991.084189814815
396,func_metrics_01_CTSM_fortran,./models/01_CTSM/src/biogeochem/CNVegNitrogenStateType.F90,ZeroDwt,SUBROUTINE,2175,1,False,2,11,226.178097802851,3.075,695.497650743766,38.6387583746537,0.0753926992676169,CTSM,fortran,b1,1.0,0.000250558482968609,3991.084189814815
397,func_metrics_01_CTSM_fortran,./models/01_CTSM/src/biogeochem/CNVegNitrogenStateType.F90,time_evolv_leafcn,SUBROUTINE,2324,1,False,2,18,587.145290968532,5.67391304347826,3331.4113248432,185.078406935733,0.195715096989511,CTSM,fortran,b1,11.0,0.00817733803400635,1345.1810300925927
398,func_metrics_01_CTSM_fortran,./models/01_CTSM/src/biogeochem/CNVegNitrogenStateType.F90,ReadParams,SUBROUTINE,2298,0,False,1,8,147.161243415031,1.5,220.741865122546,12.2634369512526,0.0490537478050103,CTSM,fortran,b1,1.0,0.004584134628393811,218.14368055555556
399,func_metrics_01_CTSM_fortran,./models/01_CTSM/src/biogeochem/CNVegNitrogenStateType.F90,update_patch_state,SUBROUTINE,2574,0,False,1,8,356.754529490984,5.36842105263158,1915.20852674107,106.400473707837,0.118918176496995,CTSM,fortran,b1,2.0,0.0005828636547394188,3431.334212962963
400,func_metrics_01_CTSM_fortran,./models/01_CTSM/src/biogeochem/CNVegStateType.F90,InitCold,SUBROUTINE,508,3,False,8,92,3052.12115834298,19.6617647058824,60010.0880691848,3333.89378162138,1.01737371944766,CTSM,fortran,b1,12.0,0.0029391841051146133,4082.76568287037
401,func_metrics_01_CTSM_fortran,./models/01_CTSM/src/biogeochem/CNVegStateType.F90,Restart,SUBROUTINE,631,1,False,6,104,11122.6162739991,53.0483870967742,590036.853631987,32779.8252017771,3.70753875799972,CTSM,fortran,b1,14.0,0.0034290481226337153,4082.76568287037
402,func_metrics_01_CTSM_fortran,./models/01_CTSM/src/biogeochem/CNVegStateType.F90,InitAllocate,SUBROUTINE,150,0,False,5,168,5111.0990407503,16.7631578947368,85678.1602357354,4759.89779087419,1.7036996802501,CTSM,fortran,b1,22.0,0.005388504192710124,4082.76568287037
403,func_metrics_01_CTSM_fortran,./models/01_CTSM/src/biogeochem/CNVegStateType.F90,Init,SUBROUTINE,133,0,False,3,12,185.842908080157,3.875,720.141268810607,40.0078482672559,0.0619476360267189,CTSM,fortran,b1,5.0,0.0012246600437977554,4082.76568287037
404,func_metrics_01_CTSM_fortran,./models/01_CTSM/src/biogeochem/CNVegStateType.F90,InitHistory,SUBROUTINE,302,0,False,2,87,5413.71314828791,19.7349397590361,106839.302854164,5935.51682523132,1.8045710494293,CTSM,fortran,b1,8.0,0.0019594560700764087,4082.76568287037
405,func_metrics_01_CTSM_fortran,./models/01_CTSM/src/biogeochem/CNVegStructUpdateMod.F90,CNVegStructUpdate,SUBROUTINE,31,1,False,17,127,7821.07183329993,51.6216216216216,403736.410854132,22429.8006030073,2.60702394443331,CTSM,fortran,b2,28.0,0.006858096245267431,4082.76568287037
406,func_metrics_01_CTSM_fortran,./models/01_CTSM/src/biogeochem/CropReprPoolsMod.F90,crop_repr_pools_init,SUBROUTINE,55,1,False,7,44,980.475631520268,22.8888888888889,22441.9977881306,1246.77765489614,0.326825210506756,CTSM,fortran,b1,8.0,0.005982421288598486,1337.2511921296295
407,func_metrics_01_CTSM_fortran,./models/01_CTSM/src/biogeochem/CropReprPoolsMod.F90,get_repr_hist_fname,FUNCTION,137,0,False,1,6,120.927825041827,2.3,278.133997596202,15.4518887553446,0.0403092750139424,CTSM,fortran,b1,1.0,0.0007478026610748108,1337.2511921296295
408,func_metrics_01_CTSM_fortran,./models/01_CTSM/src/biogeochem/CropReprPoolsMod.F90,get_repr_rest_fname,FUNCTION,155,0,False,1,6,120.927825041827,2.3,278.133997596202,15.4518887553446,0.0403092750139424,CTSM,fortran,b1,1.0,0.0007478026610748108,1337.2511921296295
409,func_metrics_01_CTSM_fortran,./models/01_CTSM/src/biogeochem/CropReprPoolsMod.F90,get_repr_longname,FUNCTION,173,0,False,1,6,120.927825041827,2.3,278.133997596202,15.4518887553446,0.0403092750139424,CTSM,fortran,b1,1.0,0.0007478026610748108,1337.2511921296295
410,func_metrics_01_CTSM_fortran,./models/01_CTSM/src/biogeochem/CropType.F90,Restart,SUBROUTINE,524,10,False,34,145,7639.4580817452,55.8333333333333,426536.409564107,23696.467198006,2.5464860272484,CTSM,fortran,b3,26.0,0.006368232227748329,4082.76568287037
411,func_metrics_01_CTSM_fortran,./models/01_CTSM/src/biogeochem/CropType.F90,CropUpdateAccVars,SUBROUTINE,786,3,False,10,78,3038.91476182484,28.0430107526882,85220.3193423568,4734.46218568649,1.01297158727495,CTSM,fortran,b1,22.0,0.005388504192710124,4082.76568287037
412,func_metrics_01_CTSM_fortran,./models/01_CTSM/src/biogeochem/CropType.F90,ReadNML,SUBROUTINE,131,0,False,9,54,1486.19185166215,18.1759259259259,27012.913007526,1500.717389307,0.495397283887385,CTSM,fortran,b1,5.0,0.0015260117768051357,3276.5146875000005
413,func_metrics_01_CTSM_fortran,./models/01_CTSM/src/biogeochem/CropType.F90,InitCold,SUBROUTINE,381,1,False,5,30,900.61472378441,9.15789473684211,8247.73483886775,458.207491048208,0.300204907928137,CTSM,fortran,b1,7.0,0.0021799286979492416,3211.114201388889
414,func_metrics_01_CTSM_fortran,./models/01_CTSM/src/biogeochem/CropType.F90,checkDates,SUBROUTINE,943,0,False,4,27,686.950387588702,17.5,12021.6317828023,667.868432377905,0.228983462529567,CTSM,fortran,b1,3.0,0.0008499318654349834,3529.694699074074
415,func_metrics_01_CTSM_fortran,./models/01_CTSM/src/biogeochem/CropType.F90,CropIncrementYear,SUBROUTINE,905,1,False,3,18,383.373953071242,10.875,4169.19173964976,231.621763313876,0.127791317690414,CTSM,fortran,b1,6.0,0.0016998637308699668,3529.694699074074
416,func_metrics_01_CTSM_fortran,./models/01_CTSM/src/biogeochem/CropType.F90,Init,SUBROUTINE,110,0,False,2,10,190.398103780764,4.73684210526316,901.885754750986,50.1047641528326,0.0634660345935879,CTSM,fortran,b1,4.0,0.0009797280350382043,4082.76568287037
417,func_metrics_01_CTSM_fortran,./models/01_CTSM/src/biogeochem/CropType.F90,InitHistory,SUBROUTINE,260,0,False,2,51,3048.54851091808,24.3703703703704,74294.2563031147,4127.45868350637,1.01618283697269,CTSM,fortran,b1,26.0,0.006368232227748329,4082.76568287037
418,func_metrics_01_CTSM_fortran,./models/01_CTSM/src/biogeochem/CropType.F90,InitAccVars,SUBROUTINE,473,0,False,2,26,672.651886740649,9.73255813953488,6546.6235953712,363.701310853955,0.224217295580216,CTSM,fortran,b1,7.0,0.0017145240613168577,4082.76568287037
419,func_metrics_01_CTSM_fortran,./models/01_CTSM/src/biogeochem/CropType.F90,InitAllocate,SUBROUTINE,208,0,False,1,71,2113.85110237299,10.1967213114754,21554.3505848524,1197.46392138069,0.704617034124329,CTSM,fortran,b1,61.0,0.014940852534332616,4082.76568287037
420,func_metrics_01_CTSM_fortran,./models/01_CTSM/src/biogeochem/CropType.F90,InitAccBuffer,SUBROUTINE,427,0,False,1,9,479.217441339053,3.25,1557.45668435192,86.5253713528846,0.159739147113018,CTSM,fortran,b1,7.0,0.0017145240613168577,4082.76568287037
421,func_metrics_01_CTSM_fortran,./models/01_CTSM/src/biogeochem/CropType.F90,latbaset,FUNCTION,996,0,False,1,7,221.006025076443,8.26923076923077,1827.54982274751,101.530545708195,0.0736686750254808,CTSM,fortran,b1,6.0,0.00832931796687711,720.3470949074075
422,func_metrics_01_CTSM_fortran,./models/01_CTSM/src/biogeochem/DryDepVelocity.F90,depvel_compute,SUBROUTINE,186,4,False,84,308,15246.754453493,74.7530864197531,1139741.95328272,63318.9974045954,5.08225148449767,CTSM,fortran,b4,25.0,0.0061233002189887776,4082.76568287037
423,func_metrics_01_CTSM_fortran,./models/01_CTSM/src/biogeochem/DryDepVelocity.F90,InitHistory,SUBROUTINE,144,1,False,4,21,675.018615694608,11.9625,8074.91019024675,448.606121680375,0.225006205231536,CTSM,fortran,b1,2.0,0.0006949623510380072,2877.8537384259266
424,func_metrics_01_CTSM_fortran,./models/01_CTSM/src/biogeochem/DryDepVelocity.F90,Init,SUBROUTINE,103,0,False,2,10,235.0,6.45652173913044,1517.28260869565,84.2934782608696,0.0783333333333333,CTSM,fortran,b1,5.0,0.0012246600437977554,4082.76568287037
425,func_metrics_01_CTSM_fortran,./models/01_CTSM/src/biogeochem/DryDepVelocity.F90,InitAllocate,SUBROUTINE,119,0,False,2,15,317.06856386476,6.24,1978.5078385161,109.917102139784,0.105689521288253,CTSM,fortran,b1,3.0,0.0007347960262786533,4082.76568287037
426,func_metrics_01_CTSM_fortran,./models/01_CTSM/src/biogeochem/DustEmisBase.F90,InitDustVars,SUBROUTINE,504,12,False,22,168,8070.83269856157,50.7906976744186,409923.223573453,22773.5124207474,2.69027756618719,CTSM,fortran,b3,4.0,0.007821100296649626,511.4369907407408
427,func_metrics_01_CTSM_fortran,./models/01_CTSM/src/biogeochem/DustEmisBase.F90,DustDryDep,SUBROUTINE,365,7,False,12,67,3408.29822535443,22.4943820224719,76667.5623276357,4259.30901820198,1.13609940845148,CTSM,fortran,b2,3.0,0.0058658252224872195,511.4369907407408
428,func_metrics_01_CTSM_fortran,./models/01_CTSM/src/biogeochem/DustEmisBase.F90,GetPatchVars,SUBROUTINE,278,0,False,8,18,691.081994352108,5.75,3973.72146752462,220.762303751368,0.230360664784036,CTSM,fortran,b1,3.0,0.0058658252224872195,511.4369907407408
429,func_metrics_01_CTSM_fortran,./models/01_CTSM/src/biogeochem/DustEmisBase.F90,CheckDustEmisIsValid,SUBROUTINE,305,0,False,6,34,798.289214233104,17.8275862068966,14231.5697847764,790.64276582091,0.266096404744368,CTSM,fortran,b1,1.0,0.0019566255962499457,511.0839814814815
430,func_metrics_01_CTSM_fortran,./models/01_CTSM/src/biogeochem/DustEmisBase.F90,InitBase,SUBROUTINE,128,0,False,1,8,151.267483321058,3.625,548.344627038834,30.4635903910463,0.0504224944403526,CTSM,fortran,b1,4.0,0.007821100296649626,511.4369907407408
431,func_metrics_01_CTSM_fortran,./models/01_CTSM/src/biogeochem/DustEmisBase.F90,CleanBase,SUBROUTINE,143,0,False,1,13,159.411050808763,1.1875,189.300622835406,10.5167012686337,0.0531370169362544,CTSM,fortran,b1,3.0,0.0058658252224872195,511.4369907407408
432,func_metrics_01_CTSM_fortran,./models/01_CTSM/src/biogeochem/DustEmisBase.F90,InitAllocateBase,SUBROUTINE,168,0,False,1,30,665.0,3.93333333333333,2615.66666666667,145.314814814815,0.221666666666667,CTSM,fortran,b1,5.0,0.009776375370812032,511.4369907407408
433,func_metrics_01_CTSM_fortran,./models/01_CTSM/src/biogeochem/DustEmisBase.F90,InitHistoryBase,SUBROUTINE,197,0,False,1,21,823.924619610643,4.75714285714286,3919.52711900492,217.751506611384,0.274641539870214,CTSM,fortran,b1,4.0,0.007821100296649626,511.4369907407408
434,func_metrics_01_CTSM_fortran,./models/01_CTSM/src/biogeochem/DustEmisBase.F90,SetDragPartitionBase,SUBROUTINE,244,0,False,1,6,114.694042862977,2.15625,247.309029923294,13.7393905512941,0.0382313476209923,CTSM,fortran,b1,1.0,0.0022509664501005936,444.25362268518523
435,func_metrics_01_CTSM_fortran,./models/01_CTSM/src/biogeochem/DustEmisBase.F90,WritePatchToLog,SUBROUTINE,261,0,False,1,9,191.816550066346,3.5,671.357925232212,37.2976625129007,0.0639388500221155,CTSM,fortran,b1,2.0,0.003910550148324813,511.4369907407408
436,func_metrics_01_CTSM_fortran,./models/01_CTSM/src/biogeochem/DustEmisBase.F90,GetConstVars,SUBROUTINE,352,0,False,1,5,89.8584836989959,1.53846153846154,138.243821075378,7.68021228196546,0.0299528278996653,CTSM,fortran,b1,2.0,0.003910550148324813,511.4369907407408
437,func_metrics_01_CTSM_fortran,./models/01_CTSM/src/biogeochem/DustEmisFactory.F90,create_dust_emissions,FUNCTION,24,0,False,3,20,434.101180376168,7.2,3125.52849870841,173.640472150467,0.144700393458723,CTSM,fortran,b1,8.0,0.01572209808669436,508.8379398148148
438,func_metrics_01_CTSM_fortran,./models/01_CTSM/src/biogeochem/DustEmisLeung2023.F90,DustEmission,SUBROUTINE,330,14,False,38,259,13023.0922555475,64.0765550239235,834474.88749422,46359.7159719011,4.34103075184916,CTSM,fortran,b3,13.0,0.027005746511252825,481.3790277777778
439,func_metrics_01_CTSM_fortran,./models/01_CTSM/src/biogeochem/DustEmisLeung2023.F90,CalcDragPartition,SUBROUTINE,795,1,False,4,27,900.94450050505,14.7169811320755,13259.18321498,736.62128972111,0.300314833501683,CTSM,fortran,b1,2.0,0.004154730232500434,481.3790277777778
440,func_metrics_01_CTSM_fortran,./models/01_CTSM/src/biogeochem/DustEmisLeung2023.F90,InitCold,SUBROUTINE,308,0,False,2,9,123.189897889864,3.75,461.96211708699,25.6645620603883,0.0410632992966213,CTSM,fortran,b1,3.0,0.006232095348750652,481.3790277777778
441,func_metrics_01_CTSM_fortran,./models/01_CTSM/src/biogeochem/DustEmisLeung2023.F90,SetDragPartition,SUBROUTINE,860,1,False,2,10,187.983462529567,2.42857142857143,456.531266143235,25.3628481190686,0.0626611541765225,CTSM,fortran,b1,1.0,0.0022276081294908606,448.91199074074075
442,func_metrics_01_CTSM_fortran,./models/01_CTSM/src/biogeochem/DustEmisLeung2023.F90,constructor,FUNCTION,97,0,False,1,2,16.2534966642115,0.75,12.1901224981587,0.677229027675481,0.0054178322214038,CTSM,fortran,b1,1.0,0.002077365116250217,481.3790277777778
443,func_metrics_01_CTSM_fortran,./models/01_CTSM/src/biogeochem/DustEmisLeung2023.F90,InitLeung2023,SUBROUTINE,107,0,False,1,10,208.083849978623,4.0,832.335399914491,46.240855550805,0.0693612833262075,CTSM,fortran,b1,1.0,0.002077365116250217,481.3790277777778
444,func_metrics_01_CTSM_fortran,./models/01_CTSM/src/biogeochem/DustEmisLeung2023.F90,InitAllocate,SUBROUTINE,124,0,False,1,51,1183.93009702514,5.37837837837838,6367.62403535145,353.756890852858,0.394643365675048,CTSM,fortran,b1,2.0,0.004154730232500434,481.3790277777778
445,func_metrics_01_CTSM_fortran,./models/01_CTSM/src/biogeochem/DustEmisLeung2023.F90,CleanLeung2023,SUBROUTINE,162,0,False,1,27,413.640317787393,2.54838709677419,1054.11564855497,58.5619804752761,0.137880105929131,CTSM,fortran,b1,1.0,0.002077365116250217,481.3790277777778
446,func_metrics_01_CTSM_fortran,./models/01_CTSM/src/biogeochem/DustEmisLeung2023.F90,InitHistory,SUBROUTINE,200,0,False,1,52,3380.76550381501,12.40625,41942.622031705,2330.14566842805,1.126921834605,CTSM,fortran,b1,3.0,0.006232095348750652,481.3790277777778
447,func_metrics_01_CTSM_fortran,./models/01_CTSM/src/biogeochem/DustEmisZender2003.F90,DustEmission,SUBROUTINE,182,14,False,29,157,6942.59930716103,52.5205479452055,364629.119776101,20257.1733208945,2.31419976905368,CTSM,fortran,b3,20.0,0.0048986401751910215,4082.76568287037
448,func_metrics_01_CTSM_fortran,./models/01_CTSM/src/biogeochem/DustEmisZender2003.F90,InitHistory,SUBROUTINE,133,0,False,2,12,295.0,4.07407407407407,1201.85185185185,66.7695473251029,0.0983333333333333,CTSM,fortran,b1,11.0,0.002694252096355062,4082.76568287037
449,func_metrics_01_CTSM_fortran,./models/01_CTSM/src/biogeochem/DustEmisZender2003.F90,InitCold,SUBROUTINE,160,0,False,2,10,192.718028443785,4.95,953.954240796734,52.9974578220408,0.0642393428145949,CTSM,fortran,b1,12.0,0.0029391841051146133,4082.76568287037
450,func_metrics_01_CTSM_fortran,./models/01_CTSM/src/biogeochem/DustEmisZender2003.F90,constructor,FUNCTION,72,0,False,1,2,16.2534966642115,0.75,12.1901224981587,0.677229027675481,0.0054178322214038,CTSM,fortran,b1,1.0,0.001965262260836795,508.8379398148148
451,func_metrics_01_CTSM_fortran,./models/01_CTSM/src/biogeochem/DustEmisZender2003.F90,InitZender2003,SUBROUTINE,82,0,False,1,10,208.083849978623,4.0,832.335399914491,46.240855550805,0.0693612833262075,CTSM,fortran,b1,9.0,0.0022043880788359597,4082.76568287037
452,func_metrics_01_CTSM_fortran,./models/01_CTSM/src/biogeochem/DustEmisZender2003.F90,InitAllocate,SUBROUTINE,99,0,False,1,9,145.947375050481,1.9375,282.773039160307,15.7096132866837,0.048649125016827,CTSM,fortran,b1,5.0,0.009523632740327,525.0097453703703
453,func_metrics_01_CTSM_fortran,./models/01_CTSM/src/biogeochem/DustEmisZender2003.F90,CleanZender2003,SUBROUTINE,117,0,False,1,5,49.8289214233104,1.625,80.9719973128795,4.49844429515997,0.0166096404744368,CTSM,fortran,b1,5.0,0.0012246600437977554,4082.76568287037
454,func_metrics_01_CTSM_fortran,./models/01_CTSM/src/biogeochem/dynCNDVMod.F90,dynCNDV_interp,SUBROUTINE,55,1,False,4,31,1028.78122017131,13.6071428571429,13998.7730316167,777.709612867596,0.342927073390436,CTSM,fortran,b1,11.0,0.0025599486079542757,4296.961261574074
455,func_metrics_01_CTSM_fortran,./models/01_CTSM/src/biogeochem/dynCNDVMod.F90,dynCNDV_init,SUBROUTINE,26,1,False,3,13,310.335233316271,5.03571428571429,1562.75956777122,86.81997598729,0.10344507777209,CTSM,fortran,b1,3.0,0.000698167802169348,4296.961261574074
456,func_metrics_01_CTSM_fortran,./models/01_CTSM/src/biogeochem/dynConsBiogeochemMod.F90,dyn_cnbal_patch,SUBROUTINE,45,15,False,70,490,23136.6061071937,70.3649289099526,1628005.64395026,90444.7579972365,7.71220203573122,CTSM,fortran,b4,33.0,0.007108407664626602,4642.389907407408
457,func_metrics_01_CTSM_fortran,./models/01_CTSM/src/biogeochem/dynConsBiogeochemMod.F90,dyn_cnbal_col,SUBROUTINE,815,0,False,4,23,562.620963487927,8.41935483870968,4736.90553130158,263.161418405643,0.187540321162642,CTSM,fortran,b1,3.0,0.0008718016835217009,3441.149583333334
458,func_metrics_01_CTSM_fortran,./models/01_CTSM/src/biogeochem/FATESFireBase.F90,CNFireFluxes,SUBROUTINE,142,0,False,1,32,1194.17653902045,5.16964285714286,6173.46621511467,342.970345284148,0.398058846340151,CTSM,fortran,b1,6.0,0.0030329242177547853,1978.2887962962961
459,func_metrics_01_CTSM_fortran,./models/01_CTSM/src/biogeochem/FATESFireBase.F90,CNFireReadParams,SUBROUTINE,189,0,False,1,7,95.9082750331732,1.3125,125.87961098104,6.99331172116888,0.0319694250110577,CTSM,fortran,b1,5.0,0.0025274368481289877,1978.2887962962961
460,func_metrics_01_CTSM_fortran,./models/01_CTSM/src/biogeochem/FATESFireBase.F90,CNFireArea,SUBROUTINE,204,0,False,1,36,1150.27225228843,4.5,5176.22513529796,287.568063072109,0.383424084096145,CTSM,fortran,b1,6.0,0.0030329242177547853,1978.2887962962961
461,func_metrics_01_CTSM_fortran,./models/01_CTSM/src/biogeochem/FATESFireDataMod.F90,InitAccBuffer,SUBROUTINE,83,0,False,2,16,469.502766264846,6.52631578947368,3064.12331667584,170.229073148658,0.156500922088282,CTSM,fortran,b1,1.0,0.0004965037573094232,2014.0834490740738
462,func_metrics_01_CTSM_fortran,./models/01_CTSM/src/biogeochem/FATESFireDataMod.F90,InitAccVars,SUBROUTINE,118,0,False,2,20,442.170028667858,6.6,2918.32218920787,162.129010511548,0.147390009555953,CTSM,fortran,b1,1.0,0.0004965037573094232,2014.0834490740738
463,func_metrics_01_CTSM_fortran,./models/01_CTSM/src/biogeochem/FATESFireDataMod.F90,UpdateAccVars,SUBROUTINE,161,0,False,2,24,536.156400069231,7.8,4182.01992054,232.33444003,0.178718800023077,CTSM,fortran,b1,1.0,0.0004965037573094232,2014.0834490740738
464,func_metrics_01_CTSM_fortran,./models/01_CTSM/src/biogeochem/FATESFireDataMod.F90,need_lightning_and_popdens,FUNCTION,41,0,False,1,6,92.0,2.07692307692308,191.076923076923,10.6153846153846,0.0306666666666667,CTSM,fortran,b1,2.0,0.0009930075146188464,2014.0834490740738
465,func_metrics_01_CTSM_fortran,./models/01_CTSM/src/biogeochem/FATESFireDataMod.F90,GetLight24,FUNCTION,55,0,False,1,5,76.1470984411521,2.31818181818182,176.52281911358,9.80682328408777,0.0253823661470507,CTSM,fortran,b1,,,
466,func_metrics_01_CTSM_fortran,./models/01_CTSM/src/biogeochem/FATESFireDataMod.F90,GetGDP,FUNCTION,69,0,False,1,5,82.0447025077789,2.25,184.600580642503,10.2555878134724,0.0273482341692596,CTSM,fortran,b1,2.0,0.0013789751442363708,1450.352465277778
467,func_metrics_01_CTSM_fortran,./models/01_CTSM/src/biogeochem/FATESFireFactoryMod.F90,create_fates_fire_data_method,SUBROUTINE,38,0,False,12,44,836.591766773166,18.6,15560.6068619809,864.478158998938,0.278863922257722,CTSM,fortran,b2,7.0,0.004045389754641092,1730.3647916666666
468,func_metrics_01_CTSM_fortran,./models/01_CTSM/src/biogeochem/FATESFireNoDataMod.F90,FATESNoFireInit,SUBROUTINE,45,0,False,2,13,281.310481743963,9.36,2633.0661091235,146.281450506861,0.0937701605813211,CTSM,fortran,b1,2.0,0.008502993393203657,235.21128472222222
469,func_metrics_01_CTSM_fortran,./models/01_CTSM/src/biogeochem/FATESFireNoDataMod.F90,need_lightning_and_popdens,FUNCTION,67,0,False,1,6,92.0,2.07692307692308,191.076923076923,10.6153846153846,0.0306666666666667,CTSM,fortran,b1,3.0,0.0014895112719282696,2014.0834490740738
470,func_metrics_01_CTSM_fortran,./models/01_CTSM/src/biogeochem/FATESFireNoDataMod.F90,GetLight24,FUNCTION,81,0,False,1,5,70.3240307209533,1.875,131.857557601788,7.32541986676597,0.0234413435736511,CTSM,fortran,b1,,,
471,func_metrics_01_CTSM_fortran,./models/01_CTSM/src/biogeochem/FATESFireNoDataMod.F90,GetGDP,FUNCTION,95,0,False,1,5,70.3240307209533,1.875,131.857557601788,7.32541986676597,0.0234413435736511,CTSM,fortran,b1,,,
472,func_metrics_01_CTSM_fortran,./models/01_CTSM/src/biogeochem/FATESFireNoDataMod.F90,InitAccBuffer,SUBROUTINE,109,0,False,1,4,51.8914742795595,0.7,36.3240319956916,2.01800177753842,0.0172971580931865,CTSM,fortran,b1,2.0,0.0009930075146188464,2014.0834490740738
473,func_metrics_01_CTSM_fortran,./models/01_CTSM/src/biogeochem/FATESFireNoDataMod.F90,InitAccVars,SUBROUTINE,130,0,False,1,4,51.8914742795595,0.7,36.3240319956916,2.01800177753842,0.0172971580931865,CTSM,fortran,b1,2.0,0.0009930075146188464,2014.0834490740738
474,func_metrics_01_CTSM_fortran,./models/01_CTSM/src/biogeochem/FATESFireNoDataMod.F90,UpdateAccVars,SUBROUTINE,152,0,False,1,4,51.8914742795595,0.7,36.3240319956916,2.01800177753842,0.0172971580931865,CTSM,fortran,b1,3.0,0.0014895112719282696,2014.0834490740738
475,func_metrics_01_CTSM_fortran,./models/01_CTSM/src/biogeochem/FireEmisFactorsMod.F90,gen_hashkey,FUNCTION,222,3,False,5,26,863.267722096382,14.0,12085.7481093493,671.430450519408,0.287755907365461,CTSM,fortran,b1,3.0,0.0008169735019939827,3672.0897222222225
476,func_metrics_01_CTSM_fortran,./models/01_CTSM/src/biogeochem/FireEmisFactorsMod.F90,fire_emis_factors_init,SUBROUTINE,92,1,False,4,47,1389.02656798058,16.4761904761905,22885.8663105372,1271.43701725207,0.463008855993527,CTSM,fortran,b1,,,
477,func_metrics_01_CTSM_fortran,./models/01_CTSM/src/biogeochem/FireEmisFactorsMod.F90,fire_emis_factors_get,SUBROUTINE,50,0,False,3,19,508.967440438718,12.2833333333333,6251.81672672225,347.32315148457,0.169655813479573,CTSM,fortran,b1,5.0,0.0013616225033233043,3672.0897222222225
478,func_metrics_01_CTSM_fortran,./models/01_CTSM/src/biogeochem/FireEmisFactorsMod.F90,bld_hash_table_indices,SUBROUTINE,173,1,False,2,10,172.877123795495,3.625,626.679573758668,34.8155318754815,0.0576257079318315,CTSM,fortran,b1,,,
479,func_metrics_01_CTSM_fortran,./models/01_CTSM/src/biogeochem/FireEmisFactorsMod.F90,enter_hash_data,SUBROUTINE,190,0,False,2,16,363.196376593809,8.8,3196.12811402552,177.562673001418,0.121065458864603,CTSM,fortran,b1,2.0,0.0005446490013293218,3672.0897222222225
480,func_metrics_01_CTSM_fortran,./models/01_CTSM/src/biogeochem/MEGANFactorsMod.F90,gen_hashkey,FUNCTION,263,3,False,5,24,842.066463698353,14.0454545454545,11827.2062401269,657.067013340381,0.280688821232784,CTSM,fortran,b1,3.0,0.0006462188786024184,4642.389907407408
481,func_metrics_01_CTSM_fortran,./models/01_CTSM/src/biogeochem/MEGANFactorsMod.F90,megan_factors_init,SUBROUTINE,86,1,False,3,85,2654.82639525993,21.6666666666667,57521.2385639651,3195.62436466473,0.88494213175331,CTSM,fortran,b1,,,
482,func_metrics_01_CTSM_fortran,./models/01_CTSM/src/biogeochem/MEGANFactorsMod.F90,megan_factors_get,SUBROUTINE,54,0,False,2,18,485.308568050089,9.13636363636364,4433.95555354854,246.33086408603,0.161769522683363,CTSM,fortran,b1,4.0,0.0008616251714698912,4642.389907407408
483,func_metrics_01_CTSM_fortran,./models/01_CTSM/src/biogeochem/MEGANFactorsMod.F90,bld_hash_table_indices,SUBROUTINE,215,1,False,2,10,172.877123795495,3.625,626.679573758668,34.8155318754815,0.0576257079318315,CTSM,fortran,b1,,,
484,func_metrics_01_CTSM_fortran,./models/01_CTSM/src/biogeochem/MEGANFactorsMod.F90,enter_hash_data,SUBROUTINE,232,0,False,1,15,341.32219946609,3.6,1228.75991807792,68.264439893218,0.113774066488697,CTSM,fortran,b1,1.0,0.0002154062928674728,4642.389907407408
485,func_metrics_01_CTSM_fortran,./models/01_CTSM/src/biogeochem/NutrientCompetitionCLM45defaultMod.F90,calc_plant_cn_alloc,SUBROUTINE,121,6,False,21,170,12337.9944412769,41.1090909090909,507203.73512231,28177.9852845728,4.11266481375896,CTSM,fortran,b3,44.0,0.010988340499547892,4004.2443171296295
486,func_metrics_01_CTSM_fortran,./models/01_CTSM/src/biogeochem/NutrientCompetitionCLM45defaultMod.F90,calc_plant_nitrogen_demand,SUBROUTINE,492,5,False,21,104,4802.80280533185,32.9765625,158379.926885201,8798.88482695562,1.60093426844395,CTSM,fortran,b3,51.0,0.01273648557902142,4004.2443171296295
487,func_metrics_01_CTSM_fortran,./models/01_CTSM/src/biogeochem/NutrientCompetitionCLM45defaultMod.F90,constructor,FUNCTION,58,0,False,1,2,16.2534966642115,0.75,12.1901224981587,0.677229027675481,0.0054178322214038,CTSM,fortran,b1,2.0,0.0004994700227067224,4004.2443171296295
488,func_metrics_01_CTSM_fortran,./models/01_CTSM/src/biogeochem/NutrientCompetitionCLM45defaultMod.F90,Init,SUBROUTINE,67,0,False,1,4,51.8914742795595,0.7,36.3240319956916,2.01800177753842,0.0172971580931865,CTSM,fortran,b1,5.0,0.001248675056766806,4004.2443171296295
489,func_metrics_01_CTSM_fortran,./models/01_CTSM/src/biogeochem/NutrientCompetitionCLM45defaultMod.F90,calc_plant_nutrient_competition,SUBROUTINE,78,0,False,1,25,833.84652526981,4.46875,3726.25165979946,207.01398109997,0.277948841756603,CTSM,fortran,b1,16.0,0.003995760181653779,4004.2443171296295
490,func_metrics_01_CTSM_fortran,./models/01_CTSM/src/biogeochem/NutrientCompetitionCLM45defaultMod.F90,calc_plant_nutrient_demand,SUBROUTINE,437,0,False,1,27,795.783722758236,2.89583333333333,2304.45703048739,128.025390582633,0.265261240919412,CTSM,fortran,b1,14.0,0.0034962901589470565,4004.2443171296295
491,func_metrics_01_CTSM_fortran,./models/01_CTSM/src/biogeochem/NutrientCompetitionFactoryMod.F90,create_nutrient_competition_method,FUNCTION,26,0,False,5,26,550.24156472329,9.23076923076923,5079.15290513807,282.175161396559,0.183413854907763,CTSM,fortran,b1,4.0,0.0009989400454134447,4004.2443171296295
492,func_metrics_01_CTSM_fortran,./models/01_CTSM/src/biogeochem/NutrientCompetitionFlexibleCNMod.F90,calc_plant_cn_alloc,SUBROUTINE,192,7,False,59,370,26032.238222002,52.7036011080332,1371992.69920169,76221.816622316,8.67741274066732,CTSM,fortran,b4,55.0,0.014814275698216035,3712.635104166666
493,func_metrics_01_CTSM_fortran,./models/01_CTSM/src/biogeochem/NutrientCompetitionFlexibleCNMod.F90,calc_plant_nitrogen_demand,SUBROUTINE,1362,6,False,27,165,8655.1420681993,41.3785046728972,358136.836513574,19896.4909174208,2.88504735606643,CTSM,fortran,b3,59.0,0.0158916775671772,3712.635104166666
494,func_metrics_01_CTSM_fortran,./models/01_CTSM/src/biogeochem/NutrientCompetitionFlexibleCNMod.F90,calc_npool_to_components_flexiblecn,SUBROUTINE,932,5,False,17,201,8694.94794537763,64.8461538461539,563833.932150257,31324.107341681,2.89831598179254,CTSM,fortran,b2,6.0,0.004636876198044167,1293.9745949074074
495,func_metrics_01_CTSM_fortran,./models/01_CTSM/src/biogeochem/NutrientCompetitionFlexibleCNMod.F90,calc_npool_to_components_agsys,SUBROUTINE,1216,1,False,2,46,2035.05697937637,24.0909090909091,49026.3726849762,2723.68737138757,0.67835232645879,CTSM,fortran,b1,1.0,0.000776204355848623,1288.3205208333334
496,func_metrics_01_CTSM_fortran,./models/01_CTSM/src/biogeochem/NutrientCompetitionFlexibleCNMod.F90,constructor,FUNCTION,77,0,False,1,2,16.2534966642115,0.75,12.1901224981587,0.677229027675481,0.0054178322214038,CTSM,fortran,b1,1.0,0.00026935046724029156,3712.635104166666
497,func_metrics_01_CTSM_fortran,./models/01_CTSM/src/biogeochem/NutrientCompetitionFlexibleCNMod.F90,Init,SUBROUTINE,85,0,False,1,6,87.5691632073249,1.66666666666667,145.948605345542,8.10825585253008,0.0291897210691083,CTSM,fortran,b1,2.0,0.0005387009344805831,3712.635104166666
498,func_metrics_01_CTSM_fortran,./models/01_CTSM/src/biogeochem/NutrientCompetitionFlexibleCNMod.F90,InitAllocate,SUBROUTINE,99,0,False,1,9,206.323312532452,2.85714285714286,589.495178664149,32.7497321480083,0.0687744375108173,CTSM,fortran,b1,2.0,0.0005387009344805831,3712.635104166666
499,func_metrics_01_CTSM_fortran,./models/01_CTSM/src/biogeochem/NutrientCompetitionFlexibleCNMod.F90,InitHistory,SUBROUTINE,116,0,False,1,13,382.737466457465,3.33333333333333,1275.79155485821,70.8773086032342,0.127579155485821,CTSM,fortran,b1,3.0,0.0008080514017208746,3712.635104166666
500,func_metrics_01_CTSM_fortran,./models/01_CTSM/src/biogeochem/NutrientCompetitionFlexibleCNMod.F90,calc_plant_nutrient_competition,SUBROUTINE,147,0,False,1,26,866.466837157446,4.53061224489796,3925.62526222353,218.090292345752,0.288822279052482,CTSM,fortran,b1,6.0,0.0016161028034417492,3712.635104166666
501,func_metrics_01_CTSM_fortran,./models/01_CTSM/src/biogeochem/NutrientCompetitionFlexibleCNMod.F90,calc_plant_nutrient_demand,SUBROUTINE,1305,0,False,1,28,845.191375953753,3.0,2535.57412786126,140.865229325625,0.281730458651251,CTSM,fortran,b1,8.0,0.0021548037379223325,3712.635104166666
502,func_metrics_01_CTSM_fortran,./models/01_CTSM/src/biogeochem/SatellitePhenologyMod.F90,readMonthlyVegetation,SUBROUTINE,415,6,False,17,94,3829.79920835115,26.7857142857143,102583.907366549,5699.10596480826,1.27659973611705,CTSM,fortran,b2,11.0,0.002694252096355062,4082.76568287037
503,func_metrics_01_CTSM_fortran,./models/01_CTSM/src/biogeochem/SatellitePhenologyMod.F90,readAnnualVegetation,SUBROUTINE,321,3,False,9,63,2046.73091315553,17.8225806451613,36478.0267586591,2026.55704214773,0.68224363771851,CTSM,fortran,b1,,,
504,func_metrics_01_CTSM_fortran,./models/01_CTSM/src/biogeochem/SatellitePhenologyMod.F90,UpdateSatellitePhenologyCanopy,SUBROUTINE,171,1,False,7,43,2138.30493123233,29.04,62096.3752029868,3449.79862238815,0.712768310410775,CTSM,fortran,b1,21.0,0.0051435721839505726,4082.76568287037
505,func_metrics_01_CTSM_fortran,./models/01_CTSM/src/biogeochem/SatellitePhenologyMod.F90,SatellitePhenologyInit,SUBROUTINE,52,0,False,5,29,871.103238308641,19.390243902439,16890.904255009,938.383569722722,0.29036774610288,CTSM,fortran,b1,6.0,0.0014695920525573066,4082.76568287037
506,func_metrics_01_CTSM_fortran,./models/01_CTSM/src/biogeochem/SatellitePhenologyMod.F90,interpMonthlyVeg,SUBROUTINE,266,0,False,5,37,1177.52414492948,19.11,22502.4864096024,1250.1381338668,0.392508048309828,CTSM,fortran,b1,8.0,0.0019594560700764087,4082.76568287037
507,func_metrics_01_CTSM_fortran,./models/01_CTSM/src/biogeochem/SatellitePhenologyMod.F90,CalcSatellitePhenologyTimeInterp,SUBROUTINE,102,1,False,4,26,989.99878817656,15.0957446808511,14944.7689406653,830.264941148072,0.329999596058853,CTSM,fortran,b1,25.0,0.0061233002189887776,4082.76568287037
508,func_metrics_01_CTSM_fortran,./models/01_CTSM/src/biogeochem/SpeciesIsotopeType.F90,constructor,FUNCTION,54,0,False,3,17,421.992591222333,11.3571428571429,4792.63014316792,266.257230175996,0.140664197074111,CTSM,fortran,b1,2.0,0.0005695176194661834,3511.743854166667
509,func_metrics_01_CTSM_fortran,./models/01_CTSM/src/biogeochem/SpeciesIsotopeType.F90,hist_fname,FUNCTION,79,0,False,2,10,310.229021397312,7.35,2280.18330727024,126.676850403902,0.103409673799104,CTSM,fortran,b1,2.0,0.0005695176194661834,3511.743854166667
510,func_metrics_01_CTSM_fortran,./models/01_CTSM/src/biogeochem/SpeciesIsotopeType.F90,rest_fname,FUNCTION,101,0,False,2,13,363.10990407503,7.0,2541.76932852521,141.20940714029,0.121036634691677,CTSM,fortran,b1,3.0,0.000854276429199275,3511.743854166667
511,func_metrics_01_CTSM_fortran,./models/01_CTSM/src/biogeochem/SpeciesIsotopeType.F90,get_species,FUNCTION,126,0,False,1,5,116.757900040385,2.4,280.218960096923,15.5677200053846,0.0389193000134616,CTSM,fortran,b1,1.0,0.0002847588097330917,3511.743854166667
512,func_metrics_01_CTSM_fortran,./models/01_CTSM/src/biogeochem/SpeciesIsotopeType.F90,is_isotope,FUNCTION,137,0,False,1,5,60.9443625122597,1.5,91.4165437683895,5.07869687602164,0.0203147875040866,CTSM,fortran,b1,1.0,0.0003904132966671384,2561.388171296296
513,func_metrics_01_CTSM_fortran,./models/01_CTSM/src/biogeochem/SpeciesNonIsotopeType.F90,constructor,FUNCTION,52,0,False,2,10,230.753036258765,7.3421052631579,1694.21308200514,94.1229490002857,0.0769176787529217,CTSM,fortran,b1,2.0,0.0005695176194661834,3511.743854166667
514,func_metrics_01_CTSM_fortran,./models/01_CTSM/src/biogeochem/SpeciesNonIsotopeType.F90,hist_fname,FUNCTION,69,0,False,2,10,264.699802817159,6.78947368421053,1797.17234544282,99.8429080801566,0.0882332676057198,CTSM,fortran,b1,2.0,0.0005695176194661834,3511.743854166667
515,func_metrics_01_CTSM_fortran,./models/01_CTSM/src/biogeochem/SpeciesNonIsotopeType.F90,rest_fname,FUNCTION,90,0,False,2,13,340.05866965893,7.04347826086957,2395.1958471629,133.066435953494,0.11335288988631,CTSM,fortran,b1,3.0,0.000854276429199275,3511.743854166667
516,func_metrics_01_CTSM_fortran,./models/01_CTSM/src/biogeochem/SpeciesNonIsotopeType.F90,get_species,FUNCTION,115,0,False,1,5,96.0,1.5,144.0,8.0,0.032,CTSM,fortran,b1,1.0,0.0002847588097330917,3511.743854166667
517,func_metrics_01_CTSM_fortran,./models/01_CTSM/src/biogeochem/SpeciesNonIsotopeType.F90,is_isotope,FUNCTION,126,0,False,1,5,60.9443625122597,1.5,91.4165437683895,5.07869687602164,0.0203147875040866,CTSM,fortran,b1,1.0,0.0003904132966671384,2561.388171296296
518,func_metrics_01_CTSM_fortran,./models/01_CTSM/src/biogeochem/VOCEmissionMod.F90,VOCEmission,SUBROUTINE,439,5,False,17,131,7157.08245208073,35.7525,255883.590368016,14215.7550204453,2.38569415069358,CTSM,fortran,b2,21.0,0.0045235321502169286,4642.389907407408
519,func_metrics_01_CTSM_fortran,./models/01_CTSM/src/biogeochem/VOCEmissionMod.F90,get_gamma_C,FUNCTION,1064,0,False,8,53,2572.70507251847,47.4634146341463,122109.367588316,6783.85375490644,0.857568357506158,CTSM,fortran,b1,5.0,0.001077031464337364,4642.389907407408
520,func_metrics_01_CTSM_fortran,./models/01_CTSM/src/biogeochem/VOCEmissionMod.F90,InitCold,SUBROUTINE,366,0,False,7,48,1820.73636263181,13.1574074074074,23956.1701046278,1330.89833914599,0.606912120877269,CTSM,fortran,b1,5.0,0.001077031464337364,4642.389907407408
521,func_metrics_01_CTSM_fortran,./models/01_CTSM/src/biogeochem/VOCEmissionMod.F90,get_map_EF,FUNCTION,744,0,False,7,20,641.685773310673,12.03125,7720.28196014403,428.904553341335,0.213895257770224,CTSM,fortran,b1,8.0,0.0017232503429397824,4642.389907407408
522,func_metrics_01_CTSM_fortran,./models/01_CTSM/src/biogeochem/VOCEmissionMod.F90,get_gamma_A,FUNCTION,1007,0,False,6,36,999.517263532001,28.5,28486.242010662,1582.56900059233,0.333172421177334,CTSM,fortran,b1,5.0,0.001077031464337364,4642.389907407408
523,func_metrics_01_CTSM_fortran,./models/01_CTSM/src/biogeochem/VOCEmissionMod.F90,VOCReadNML,SUBROUTINE,88,0,False,5,34,849.365518003023,13.8,11721.2441484417,651.180230468984,0.283121839334341,CTSM,fortran,b1,4.0,0.0008616251714698912,4642.389907407408
524,func_metrics_01_CTSM_fortran,./models/01_CTSM/src/biogeochem/VOCEmissionMod.F90,get_gamma_T,FUNCTION,915,0,False,5,59,2754.75218695339,30.1363636363636,83018.2136340955,4612.12297967197,0.918250728984465,CTSM,fortran,b1,10.0,0.002154062928674728,4642.389907407408
525,func_metrics_01_CTSM_fortran,./models/01_CTSM/src/biogeochem/VOCEmissionMod.F90,Init,SUBROUTINE,141,0,False,3,15,341.115288373833,7.85714285714286,2680.19155150869,148.899530639372,0.113705096124611,CTSM,fortran,b1,7.0,0.0015078440500723095,4642.389907407408
526,func_metrics_01_CTSM_fortran,./models/01_CTSM/src/biogeochem/VOCEmissionMod.F90,InitAllocate,SUBROUTINE,165,2,False,3,76,2173.38792374478,11.3076923076923,24576.0019069602,1365.33343927557,0.72446264124826,CTSM,fortran,b1,8.0,0.0017232503429397824,4642.389907407408
527,func_metrics_01_CTSM_fortran,./models/01_CTSM/src/biogeochem/VOCEmissionMod.F90,InitHistory,SUBROUTINE,236,1,False,3,55,3468.45737540064,27.4354838709677,95158.8063799434,5286.6003544413,1.15615245846688,CTSM,fortran,b1,7.0,0.0015078440500723095,4642.389907407408
528,func_metrics_01_CTSM_fortran,./models/01_CTSM/src/biogeochem/VOCEmissionMod.F90,get_gamma_P,FUNCTION,785,0,False,2,39,2070.4352498196,38.6153846153846,79950.6534930336,4441.7029718352,0.690145083273199,CTSM,fortran,b1,6.0,0.0012924377572048368,4642.389907407408
529,func_metrics_01_CTSM_fortran,./models/01_CTSM/src/biogeochem/VOCEmissionMod.F90,get_gamma_L,FUNCTION,857,0,False,2,15,375.0,10.7608695652174,4035.32608695652,224.184782608696,0.125,CTSM,fortran,b1,3.0,0.0006462188786024184,4642.389907407408
530,func_metrics_01_CTSM_fortran,./models/01_CTSM/src/biogeochem/VOCEmissionMod.F90,get_gamma_SM,FUNCTION,885,0,False,2,14,395.0,12.5,4937.5,274.305555555556,0.131666666666667,CTSM,fortran,b1,10.0,0.002154062928674728,4642.389907407408
531,func_metrics_01_CTSM_fortran,./models/01_CTSM/src/biogeophys/ActiveLayerMod.F90,alt_calc,SUBROUTINE,59,4,False,13,80,2486.6816374911,31.0486111111111,77208.011119602,4289.333951089,0.828893879163699,CTSM,fortran,b2,5.0,0.0012246600437977554,4082.76568287037
532,func_metrics_01_CTSM_fortran,./models/01_CTSM/src/biogeophys/ActiveLayerMod.F90,InitCold,SUBROUTINE,284,1,False,3,17,474.523933204531,7.76470588235294,3684.53877547048,204.696598637249,0.15817464440151,CTSM,fortran,b1,2.0,0.0004898640175191022,4082.76568287037
533,func_metrics_01_CTSM_fortran,./models/01_CTSM/src/biogeophys/ActiveLayerMod.F90,InitHistory,SUBROUTINE,238,0,False,2,20,662.004300073656,9.48571428571429,6279.58364641297,348.865758134054,0.220668100024552,CTSM,fortran,b1,2.0,0.0004898640175191022,4082.76568287037
534,func_metrics_01_CTSM_fortran,./models/01_CTSM/src/biogeophys/ActiveLayerMod.F90,Init,SUBROUTINE,192,0,False,1,8,160.539538270943,3.22222222222222,517.294067761927,28.738559320107,0.0535131794236476,CTSM,fortran,b1,2.0,0.0004898640175191022,4082.76568287037
535,func_metrics_01_CTSM_fortran,./models/01_CTSM/src/biogeophys/ActiveLayerMod.F90,InitAllocate,SUBROUTINE,210,0,False,1,19,460.0,5.64285714285714,2595.71428571429,144.206349206349,0.153333333333333,CTSM,fortran,b1,2.0,0.0004898640175191022,4082.76568287037
536,func_metrics_01_CTSM_fortran,./models/01_CTSM/src/biogeophys/ActiveLayerMod.F90,Restart,SUBROUTINE,312,0,False,1,14,862.770787644602,5.78947368421053,4994.98877057401,277.499376143001,0.287590262548201,CTSM,fortran,b1,2.0,0.0004898640175191022,4082.76568287037
537,func_metrics_01_CTSM_fortran,./models/01_CTSM/src/biogeophys/AerosolMod.F90,Restart,SUBROUTINE,291,2,False,13,76,5834.03178019788,55.59375,324335.704280376,18018.6502377987,1.94467726006596,CTSM,fortran,b2,8.0,0.002004467863748872,3991.084189814815
538,func_metrics_01_CTSM_fortran,./models/01_CTSM/src/biogeophys/AerosolMod.F90,AerosolMasses,SUBROUTINE,493,3,False,5,96,4717.42447436952,30.7551020408163,145084.871079079,8060.27061550438,1.57247482478984,CTSM,fortran,b1,6.0,0.0014695920525573066,4082.76568287037
539,func_metrics_01_CTSM_fortran,./models/01_CTSM/src/biogeophys/AerosolMod.F90,AerosolFluxes,SUBROUTINE,667,3,False,5,68,4288.63360089629,21.0145631067961,90123.7614479614,5006.87563599785,1.4295445336321,CTSM,fortran,b1,5.0,0.0012246600437977554,4082.76568287037
540,func_metrics_01_CTSM_fortran,./models/01_CTSM/src/biogeophys/AerosolMod.F90,InitCold,SUBROUTINE,251,1,False,2,26,734.709851882102,4.97142857142857,3652.55754935674,202.919863853152,0.244903283960701,CTSM,fortran,b1,1.0,0.000250558482968609,3991.084189814815
541,func_metrics_01_CTSM_fortran,./models/01_CTSM/src/biogeophys/AerosolMod.F90,ResetFilter,SUBROUTINE,435,1,False,2,11,210.908275033173,4.73684210526316,999.039197525557,55.5021776403087,0.0703027583443911,CTSM,fortran,b1,1.0,0.0004343653124186837,2302.209618055556
542,func_metrics_01_CTSM_fortran,./models/01_CTSM/src/biogeophys/AerosolMod.F90,Init,SUBROUTINE,102,0,False,1,8,151.267483321058,3.625,548.344627038834,30.4635903910463,0.0504224944403526,CTSM,fortran,b1,3.0,0.000751675448905827,3991.084189814815
543,func_metrics_01_CTSM_fortran,./models/01_CTSM/src/biogeophys/AerosolMod.F90,InitAllocate,SUBROUTINE,115,0,False,1,95,3124.95175970832,13.9354838709677,43547.7148449676,2419.31749138709,1.04165058656944,CTSM,fortran,b1,1.0,0.000250558482968609,3991.084189814815
544,func_metrics_01_CTSM_fortran,./models/01_CTSM/src/biogeophys/AerosolMod.F90,InitHistory,SUBROUTINE,181,0,False,1,31,1510.61652530739,7.79166666666667,11770.2204263534,653.901134797412,0.50353884176913,CTSM,fortran,b1,1.0,0.000250558482968609,3991.084189814815
545,func_metrics_01_CTSM_fortran,./models/01_CTSM/src/biogeophys/AerosolMod.F90,Reset,SUBROUTINE,460,0,False,1,21,584.595164625651,3.44827586206897,2015.84539526087,111.991410847826,0.194865054875217,CTSM,fortran,b1,2.0,0.000501116965937218,3991.084189814815
546,func_metrics_01_CTSM_fortran,./models/01_CTSM/src/biogeophys/BalanceCheckMod.F90,BalanceCheck,SUBROUTINE,441,6,False,33,307,21015.7193042543,60.9154929577465,1280182.90128028,71121.2722933487,7.00523976808475,CTSM,fortran,b3,138.0,0.03380061720881805,4082.76568287037
547,func_metrics_01_CTSM_fortran,./models/01_CTSM/src/biogeophys/BalanceCheckMod.F90,WaterGridcellBalanceSingle,SUBROUTINE,208,4,False,11,69,2626.03980811374,24.8333333333333,65213.3219014912,3622.96232786062,0.875346602704579,CTSM,fortran,b2,17.0,0.00656775949376275,2588.4017245370374
548,func_metrics_01_CTSM_fortran,./models/01_CTSM/src/biogeophys/BalanceCheckMod.F90,BeginWaterColumnBalanceSingle,SUBROUTINE,349,1,False,5,33,1302.71704802757,14.6551724137931,19091.5429452317,1060.64127473509,0.434239016009191,CTSM,fortran,b1,30.0,0.007347960262786533,4082.76568287037
549,func_metrics_01_CTSM_fortran,./models/01_CTSM/src/biogeophys/BalanceCheckMod.F90,BalanceCheckInit,SUBROUTINE,70,0,False,2,8,173.91626957122,5.15789473684211,897.041811472611,49.8356561929228,0.0579720898570735,CTSM,fortran,b1,6.0,0.002291475295069547,2618.400474537037
550,func_metrics_01_CTSM_fortran,./models/01_CTSM/src/biogeophys/BalanceCheckMod.F90,GetBalanceCheckSkipSteps,FUNCTION,109,0,False,2,9,106.274033872509,6.66666666666667,708.493559150059,39.3607532861144,0.0354246779575029,CTSM,fortran,b1,2.0,0.0007638250983565158,2618.400474537037
551,func_metrics_01_CTSM_fortran,./models/01_CTSM/src/biogeophys/BalanceCheckMod.F90,WaterGridcellBalance,SUBROUTINE,128,1,False,2,16,549.681830761674,6.76470588235294,3718.43591397603,206.579772998668,0.183227276920558,CTSM,fortran,b1,8.0,0.0019594560700764087,4082.76568287037
552,func_metrics_01_CTSM_fortran,./models/01_CTSM/src/biogeophys/BalanceCheckMod.F90,BeginWaterColumnBalance,SUBROUTINE,167,1,False,2,16,503.801041290584,6.51515151515152,3282.34011749926,182.352228749959,0.167933680430195,CTSM,fortran,b1,14.0,0.0034290481226337153,4082.76568287037
553,func_metrics_01_CTSM_fortran,./models/01_CTSM/src/biogeophys/BalanceCheckMod.F90,BalanceCheckClean,SUBROUTINE,94,0,False,1,3,25.2661942985184,2.25,56.8489371716665,3.15827428731481,0.0084220647661728,CTSM,fortran,b1,1.0,0.0003828031006040974,2612.309039351852
554,func_metrics_01_CTSM_fortran,./models/01_CTSM/src/biogeophys/BandDiagonalMod.F90,BandDiagonal,SUBROUTINE,28,2,False,4,60,2414.30349780219,36.9537037037037,89217.4561085977,4956.52533936654,0.804767832600731,CTSM,fortran,b1,9.0,0.0019386566358072551,4642.389907407408
555,func_metrics_01_CTSM_fortran,./models/01_CTSM/src/biogeophys/BareGroundFluxesMod.F90,BareGroundFluxes,SUBROUTINE,71,6,False,19,216,16969.3530496169,39.7152777777778,673942.570074717,37441.2538930398,5.65645101653898,CTSM,fortran,b2,59.0,0.014450988516813514,4082.76568287037
556,func_metrics_01_CTSM_fortran,./models/01_CTSM/src/biogeophys/BareGroundFluxesMod.F90,readParams,SUBROUTINE,47,0,False,1,10,216.22022703449,3.54545454545455,766.598986758647,42.5888325977026,0.0720734090114967,CTSM,fortran,b1,2.0,0.0008403077417027051,2380.0804166666667
557,func_metrics_01_CTSM_fortran,./models/01_CTSM/src/biogeophys/BiogeophysPreFluxCalcsMod.F90,CalcInitialTemperatureAndEnergyVars,SUBROUTINE,225,6,False,18,94,4896.83172474956,33.1801470588235,162477.596749503,9026.53315275016,1.63227724158319,CTSM,fortran,b2,4.0,0.001808901945643627,2211.28625
558,func_metrics_01_CTSM_fortran,./models/01_CTSM/src/biogeophys/BiogeophysPreFluxCalcsMod.F90,SetZ0mDisp,SUBROUTINE,122,1,False,10,52,2387.91025372559,37.4868421052632,89515.2146429501,4973.06748016389,0.795970084575197,CTSM,fortran,b1,18.0,0.008140058755396322,2211.28625
559,func_metrics_01_CTSM_fortran,./models/01_CTSM/src/biogeophys/BiogeophysPreFluxCalcsMod.F90,BiogeophysPreFluxCalcs,SUBROUTINE,58,0,False,1,26,924.605330741354,6.59574468085106,6098.46069212382,338.803371784657,0.308201776913785,CTSM,fortran,b1,5.0,0.0022611274320545336,2211.28625
560,func_metrics_01_CTSM_fortran,./models/01_CTSM/src/biogeophys/CanopyFluxesMod.F90,CanopyFluxes,SUBROUTINE,190,18,False,80,757,66688.3452035162,91.3516405135521,6092089.73747527,338449.429859738,22.2294484011721,CTSM,fortran,b4,167.0,0.04090364546284503,4082.76568287037
561,func_metrics_01_CTSM_fortran,./models/01_CTSM/src/biogeophys/CanopyFluxesMod.F90,CanopyFluxesReadNML,SUBROUTINE,91,0,False,6,42,1085.97537042477,18.5,20090.5443528583,1116.14135293657,0.361991790141591,CTSM,fortran,b1,10.0,0.002957978981402477,3380.686631944445
562,func_metrics_01_CTSM_fortran,./models/01_CTSM/src/biogeophys/CanopyFluxesMod.F90,readParams,SUBROUTINE,158,0,False,1,14,343.482341692596,4.53846153846154,1558.88139691255,86.6045220506974,0.114494113897532,CTSM,fortran,b1,4.0,0.001675550624187696,2387.274930555556
563,func_metrics_01_CTSM_fortran,./models/01_CTSM/src/biogeophys/CanopyHydrologyMod.F90,CanopyInterceptionAndThroughfall,SUBROUTINE,167,7,False,8,66,6703.75646823141,14.8609271523179,99624.0365212667,5534.66869562593,2.23458548941047,CTSM,fortran,b1,16.0,0.003918912140152817,4082.76568287037
564,func_metrics_01_CTSM_fortran,./models/01_CTSM/src/biogeophys/CanopyHydrologyMod.F90,CanopyHydrology_readnl,SUBROUTINE,82,0,False,5,32,701.838730514401,13.9027777777778,9757.50790617938,542.083772565521,0.2339462435048,CTSM,fortran,b1,9.0,0.0022043880788359597,4082.76568287037
565,func_metrics_01_CTSM_fortran,./models/01_CTSM/src/biogeophys/CanopyHydrologyMod.F90,BulkFlux_CanopyInterceptionAndThroughfall,SUBROUTINE,479,1,False,5,58,2467.84388053838,39.5818181818182,97681.7477805828,5426.76376558793,0.822614626846127,CTSM,fortran,b1,4.0,0.0009797280350382043,4082.76568287037
566,func_metrics_01_CTSM_fortran,./models/01_CTSM/src/biogeophys/CanopyHydrologyMod.F90,BulkDiag_FracWet,SUBROUTINE,1120,1,False,5,49,1884.02347457521,40.5348837209302,76368.6724694092,4242.70402607829,0.628007824858404,CTSM,fortran,b1,16.0,0.003918912140152817,4082.76568287037
567,func_metrics_01_CTSM_fortran,./models/01_CTSM/src/biogeophys/CanopyHydrologyMod.F90,BulkFlux_CanopyExcess,SUBROUTINE,709,1,False,3,35,1438.72187554087,25.5813953488372,36804.5130952315,2044.6951719573,0.479573958513622,CTSM,fortran,b1,9.0,0.0022043880788359597,4082.76568287037
568,func_metrics_01_CTSM_fortran,./models/01_CTSM/src/biogeophys/CanopyHydrologyMod.F90,BulkFlux_SnowUnloading,SUBROUTINE,873,1,False,3,37,1631.98641222678,29.0769230769231,47453.1433709018,2636.28574282788,0.543995470742261,CTSM,fortran,b1,3.0,0.0007347960262786533,4082.76568287037
569,func_metrics_01_CTSM_fortran,./models/01_CTSM/src/biogeophys/CanopyHydrologyMod.F90,UpdateState_RemoveSnowUnloading,SUBROUTINE,978,1,False,3,20,620.116503619558,15.6129032258065,9681.81895973761,537.878831096534,0.206705501206519,CTSM,fortran,b1,2.0,0.0004898640175191022,4082.76568287037
570,func_metrics_01_CTSM_fortran,./models/01_CTSM/src/biogeophys/CanopyHydrologyMod.F90,SumFlux_FluxesOntoGround,SUBROUTINE,1023,2,False,3,43,1867.37918746847,22.6382978723404,42274.2862865202,2348.57146036223,0.622459729156155,CTSM,fortran,b1,8.0,0.0019594560700764087,4082.76568287037
571,func_metrics_01_CTSM_fortran,./models/01_CTSM/src/biogeophys/CanopyHydrologyMod.F90,SumFlux_TopOfCanopyInputs,SUBROUTINE,438,1,False,2,24,884.427922219242,12.6756756756757,11210.7215005628,622.817861142379,0.294809307406414,CTSM,fortran,b1,2.0,0.0004898640175191022,4082.76568287037
572,func_metrics_01_CTSM_fortran,./models/01_CTSM/src/biogeophys/CanopyHydrologyMod.F90,UpdateState_AddInterceptionToCanopy,SUBROUTINE,670,1,False,2,21,814.347904701949,12.7647058823529,10394.9114894308,577.495082746153,0.271449301567316,CTSM,fortran,b1,4.0,0.0009797280350382043,4082.76568287037
573,func_metrics_01_CTSM_fortran,./models/01_CTSM/src/biogeophys/CanopyHydrologyMod.F90,UpdateState_RemoveCanfallFromCanopy,SUBROUTINE,835,1,False,2,21,766.197416962763,13.3225806451613,10207.7268776007,567.095937644483,0.255399138987588,CTSM,fortran,b1,5.0,0.0012246600437977554,4082.76568287037
574,func_metrics_01_CTSM_fortran,./models/01_CTSM/src/biogeophys/CanopyHydrologyMod.F90,readParams,SUBROUTINE,137,0,False,1,13,310.910783688165,4.32,1343.13458553287,74.6185880851595,0.103636927896055,CTSM,fortran,b1,8.0,0.003360752787619722,2380.4190625
575,func_metrics_01_CTSM_fortran,./models/01_CTSM/src/biogeophys/CanopyHydrologyMod.F90,TracerFlux_CanopyInterceptionAndThroughfall,SUBROUTINE,569,0,False,1,36,2308.35194318897,20.6808510638298,47738.6827399931,2652.14904111073,0.769450647729656,CTSM,fortran,b1,4.0,0.0009797280350382043,4082.76568287037
576,func_metrics_01_CTSM_fortran,./models/01_CTSM/src/biogeophys/CanopyHydrologyMod.F90,TracerFlux_CanopyExcess,SUBROUTINE,765,0,False,1,26,1454.20984962584,14.6511627906977,21305.8652387042,1183.65917992801,0.484736616541946,CTSM,fortran,b1,4.0,0.0009797280350382043,4082.76568287037
577,func_metrics_01_CTSM_fortran,./models/01_CTSM/src/biogeophys/CanopyHydrologyMod.F90,TracerFlux_SnowUnloading,SUBROUTINE,930,0,False,1,17,818.286111353122,9.30769230769231,7616.3553441329,423.130852451828,0.272762037117707,CTSM,fortran,b1,4.0,0.0009797280350382043,4082.76568287037
578,func_metrics_01_CTSM_fortran,./models/01_CTSM/src/biogeophys/CanopyStateType.F90,InitHistory,SUBROUTINE,157,0,False,6,70,3627.23719150369,19.9393939393939,72324.911273013,4018.0506262785,1.20907906383456,CTSM,fortran,b1,32.0,0.007837824280305635,4082.76568287037
579,func_metrics_01_CTSM_fortran,./models/01_CTSM/src/biogeophys/CanopyStateType.F90,Restart,SUBROUTINE,559,1,False,5,40,3812.93192827009,23.7538461538462,90571.7984192157,5031.76657884532,1.27097730942336,CTSM,fortran,b1,15.0,0.0036739801313932664,4082.76568287037
580,func_metrics_01_CTSM_fortran,./models/01_CTSM/src/biogeophys/CanopyStateType.F90,ReadNML,SUBROUTINE,395,0,False,4,35,851.450072385323,14.875,12665.3198267317,703.628879262871,0.283816690795108,CTSM,fortran,b1,4.0,0.0011028386335669776,3627.003877314815
581,func_metrics_01_CTSM_fortran,./models/01_CTSM/src/biogeophys/CanopyStateType.F90,UpdateAccVars,SUBROUTINE,465,2,False,4,34,776.909812792068,10.4,8079.86205303751,448.881225168751,0.258969937597356,CTSM,fortran,b1,5.0,0.0012246600437977554,4082.76568287037
582,func_metrics_01_CTSM_fortran,./models/01_CTSM/src/biogeophys/CanopyStateType.F90,InitCold,SUBROUTINE,518,1,False,3,26,816.829249243895,10.6046511627907,8662.18924779573,481.232735988652,0.272276416414632,CTSM,fortran,b1,15.0,0.0036739801313932664,4082.76568287037
583,func_metrics_01_CTSM_fortran,./models/01_CTSM/src/biogeophys/CanopyStateType.F90,Init,SUBROUTINE,87,0,False,2,10,197.418468161926,5.52631578947368,1090.99679773696,60.6109332076088,0.0658061560539753,CTSM,fortran,b1,4.0,0.0009797280350382043,4082.76568287037
584,func_metrics_01_CTSM_fortran,./models/01_CTSM/src/biogeophys/CanopyStateType.F90,InitAccVars,SUBROUTINE,342,0,False,2,27,672.105251052994,11.4868421052632,7720.366896964,428.909272053556,0.224035083684331,CTSM,fortran,b1,5.0,0.0012246600437977554,4082.76568287037
585,func_metrics_01_CTSM_fortran,./models/01_CTSM/src/biogeophys/CanopyStateType.F90,InitAllocate,SUBROUTINE,103,0,False,1,75,1985.85555734825,5.375,10673.9736207468,592.998534485935,0.661951852449416,CTSM,fortran,b1,23.0,0.005633436201469675,4082.76568287037
586,func_metrics_01_CTSM_fortran,./models/01_CTSM/src/biogeophys/CanopyStateType.F90,InitAccBuffer,SUBROUTINE,309,0,False,1,11,579.031600161539,4.875,2822.7790507875,156.821058377084,0.19301053338718,CTSM,fortran,b1,3.0,0.0007347960262786533,4082.76568287037
587,func_metrics_01_CTSM_fortran,./models/01_CTSM/src/biogeophys/CanopyStateType.F90,SetNMLForTesting,SUBROUTINE,451,0,False,1,4,41.2090250187501,1.57142857142857,64.7570393151787,3.5976132952877,0.0137363416729167,CTSM,fortran,b1,1.0,0.001893359713560972,528.1616550925926
588,func_metrics_01_CTSM_fortran,./models/01_CTSM/src/biogeophys/DaylengthMod.F90,daylength,FUNCTION,37,0,False,3,22,871.2541501125,16.5,14375.6934768563,798.649637603125,0.2904180500375,CTSM,fortran,b1,2.0,0.0004574690906958364,4371.880069444444
589,func_metrics_01_CTSM_fortran,./models/01_CTSM/src/biogeophys/DaylengthMod.F90,ComputeMaxDaylength,SUBROUTINE,93,1,False,3,16,539.111026323949,13.1034482758621,7064.21344838278,392.456302687932,0.179703675441316,CTSM,fortran,b1,2.0,0.0007347097525296018,2722.1634027777777
590,func_metrics_01_CTSM_fortran,./models/01_CTSM/src/biogeophys/DaylengthMod.F90,UpdateDaylength,SUBROUTINE,163,0,False,2,14,508.746284125034,10.2407407407407,5209.9387985397,289.441044363317,0.169582094708345,CTSM,fortran,b1,4.0,0.0009149381813916727,4371.880069444444
591,func_metrics_01_CTSM_fortran,./models/01_CTSM/src/biogeophys/DaylengthMod.F90,InitDaylength,SUBROUTINE,123,0,False,1,11,480.73549220576,6.91666666666667,3325.08715442318,184.727064134621,0.160245164068587,CTSM,fortran,b1,4.0,0.0009149381813916727,4371.880069444444
592,func_metrics_01_CTSM_fortran,./models/01_CTSM/src/biogeophys/EnergyFluxType.F90,InitCold,SUBROUTINE,695,5,False,13,69,2172.07748708931,22.0821917808219,47964.2316327119,2664.67953515066,0.72402582902977,CTSM,fortran,b2,9.0,0.0022043880788359597,4082.76568287037
593,func_metrics_01_CTSM_fortran,./models/01_CTSM/src/biogeophys/EnergyFluxType.F90,InitHistory,SUBROUTINE,282,0,False,12,182,12854.0972795518,34.6363636363636,445219.187591748,24734.3993106527,4.28469909318392,CTSM,fortran,b2,23.0,0.005633436201469675,4082.76568287037
594,func_metrics_01_CTSM_fortran,./models/01_CTSM/src/biogeophys/EnergyFluxType.F90,Restart,SUBROUTINE,793,0,False,12,63,2776.14637403131,24.5753424657534,68224.747876879,3790.26377093772,0.925382124677102,CTSM,fortran,b2,10.0,0.0024493200875955108,4082.76568287037
595,func_metrics_01_CTSM_fortran,./models/01_CTSM/src/biogeophys/EnergyFluxType.F90,UpdateAccVars,SUBROUTINE,986,1,False,6,43,1037.30125156828,12.7678571428571,13244.1141941307,735.78412189615,0.345767083856093,CTSM,fortran,b1,4.0,0.0012208094214441086,3276.5146875000005
596,func_metrics_01_CTSM_fortran,./models/01_CTSM/src/biogeophys/EnergyFluxType.F90,InitAccVars,SUBROUTINE,951,0,False,2,16,310.0,4.81481481481482,1492.59259259259,82.9218106995885,0.103333333333333,CTSM,fortran,b1,2.0,0.0006104047107220543,3276.5146875000005
597,func_metrics_01_CTSM_fortran,./models/01_CTSM/src/biogeophys/EnergyFluxType.F90,Init,SUBROUTINE,143,0,False,1,12,320.0,5.09259259259259,1629.62962962963,90.5349794238683,0.106666666666667,CTSM,fortran,b1,5.0,0.0012246600437977554,4082.76568287037
598,func_metrics_01_CTSM_fortran,./models/01_CTSM/src/biogeophys/EnergyFluxType.F90,InitAllocate,SUBROUTINE,165,0,False,1,172,5274.99109093518,9.2027027027027,48544.1747692819,2696.89859829344,1.75833036364506,CTSM,fortran,b1,20.0,0.0048986401751910215,4082.76568287037
599,func_metrics_01_CTSM_fortran,./models/01_CTSM/src/biogeophys/EnergyFluxType.F90,InitAccBuffer,SUBROUTINE,908,0,False,1,10,337.525776290939,2.64864864864865,893.987191257082,49.6659550698379,0.11250859209698,CTSM,fortran,b1,3.0,0.0009156070660830815,3276.5146875000005
600,func_metrics_01_CTSM_fortran,./models/01_CTSM/src/biogeophys/FrictionVelocityMod.F90,FrictionVelocity,SUBROUTINE,743,4,False,48,236,16098.2888733721,134.685567010309,2168207.16480588,120455.953600327,5.36609629112404,CTSM,fortran,b3,9.0,0.0022043880788359597,4082.76568287037
601,func_metrics_01_CTSM_fortran,./models/01_CTSM/src/biogeophys/FrictionVelocityMod.F90,SetRoughnessLengthsAndForcHeightsNonLake,SUBROUTINE,532,3,False,15,84,3990.0,30.7072072072072,122521.756756757,6806.76426426426,1.33,CTSM,fortran,b2,26.0,0.011757862646683576,2211.28625
602,func_metrics_01_CTSM_fortran,./models/01_CTSM/src/biogeophys/FrictionVelocityMod.F90,InitCold,SUBROUTINE,372,2,False,5,16,327.885617758299,4.01785714285714,1317.39757135031,73.1887539639061,0.109295205919433,CTSM,fortran,b1,1.0,0.000250558482968609,3991.084189814815
603,func_metrics_01_CTSM_fortran,./models/01_CTSM/src/biogeophys/FrictionVelocityMod.F90,ReadNamelist,SUBROUTINE,470,0,False,5,40,1049.74050874863,16.531914893617,17354.2207510146,964.123375056367,0.34991350291621,CTSM,fortran,b1,4.0,0.0012115861501469706,3301.457349537037
604,func_metrics_01_CTSM_fortran,./models/01_CTSM/src/biogeophys/FrictionVelocityMod.F90,SetActualRoughnessLengths,SUBROUTINE,677,4,False,5,35,922.434846661521,7.98780487804878,7368.22956784508,409.346087102504,0.307478282220507,CTSM,fortran,b1,1.0,0.0004754277505736319,2103.3690162037037
605,func_metrics_01_CTSM_fortran,./models/01_CTSM/src/biogeophys/FrictionVelocityMod.F90,InitHistory,SUBROUTINE,204,0,False,4,77,4544.66312131396,21.6923076923077,98584.2307854259,5476.90171030144,1.51488770710465,CTSM,fortran,b1,18.0,0.004510052693434962,3991.084189814815
606,func_metrics_01_CTSM_fortran,./models/01_CTSM/src/biogeophys/FrictionVelocityMod.F90,MoninObukIni,SUBROUTINE,1147,0,False,3,31,1060.52389556295,19.4444444444444,20621.2979692795,1145.62766495997,0.353507965187649,CTSM,fortran,b1,3.0,0.0007347960262786533,4082.76568287037
607,func_metrics_01_CTSM_fortran,./models/01_CTSM/src/biogeophys/FrictionVelocityMod.F90,ReadParams,SUBROUTINE,407,0,False,2,10,225.621106470772,6.63157894736842,1496.22417975354,83.1235655418635,0.0752070354902575,CTSM,fortran,b1,4.0,0.001808901945643627,2211.28625
608,func_metrics_01_CTSM_fortran,./models/01_CTSM/src/biogeophys/FrictionVelocityMod.F90,Restart,SUBROUTINE,430,0,False,2,16,778.852154188912,6.68181818181818,5204.14848480773,289.119360267096,0.259617384729637,CTSM,fortran,b1,3.0,0.000751675448905827,3991.084189814815
609,func_metrics_01_CTSM_fortran,./models/01_CTSM/src/biogeophys/FrictionVelocityMod.F90,Init,SUBROUTINE,112,0,False,1,11,227.548953298962,3.9047619047619,888.524484310231,49.3624713505684,0.0758496510996538,CTSM,fortran,b1,3.0,0.000751675448905827,3991.084189814815
610,func_metrics_01_CTSM_fortran,./models/01_CTSM/src/biogeophys/FrictionVelocityMod.F90,InitForTesting,SUBROUTINE,128,0,False,1,11,188.869649179487,2.91666666666667,550.869810106836,30.6038783392687,0.0629565497264956,CTSM,fortran,b1,1.0,0.001893359713560972,528.1616550925926
611,func_metrics_01_CTSM_fortran,./models/01_CTSM/src/biogeophys/FrictionVelocityMod.F90,InitAllocate,SUBROUTINE,144,0,False,1,83,2197.09843853276,8.28813559322034,18209.8497702122,1011.65832056734,0.732366146177586,CTSM,fortran,b1,11.0,0.002756143312654699,3991.084189814815
612,func_metrics_01_CTSM_fortran,./models/01_CTSM/src/biogeophys/FrictionVelocityMod.F90,StabilityFunc1,FUNCTION,1109,0,False,1,7,307.192487548317,6.31578947368421,1940.16307925253,107.786837736252,0.102397495849439,CTSM,fortran,b1,2.0,0.0004898640175191022,4082.76568287037
613,func_metrics_01_CTSM_fortran,./models/01_CTSM/src/biogeophys/FrictionVelocityMod.F90,StabilityFunc2,FUNCTION,1129,0,False,1,6,193.261966602265,5.15625,996.507015292931,55.3615008496073,0.0644206555340885,CTSM,fortran,b1,2.0,0.0004898640175191022,4082.76568287037
614,func_metrics_01_CTSM_fortran,./models/01_CTSM/src/biogeophys/GlacierSurfaceMassBalanceMod.F90,HandleIceMelt,SUBROUTINE,69,3,False,6,32,943.134940215539,13.9255319148936,13133.6557100228,729.64753944571,0.31437831340518,CTSM,fortran,b1,6.0,0.0017647403649567498,3399.933564814815
615,func_metrics_01_CTSM_fortran,./models/01_CTSM/src/biogeophys/GlacierSurfaceMassBalanceMod.F90,ComputeSurfaceMassBalance,SUBROUTINE,147,2,False,4,31,1121.65879210093,14.6896551724138,16476.7808770688,915.376715392712,0.373886264033643,CTSM,fortran,b1,6.0,0.0017647403649567498,3399.933564814815
616,func_metrics_01_CTSM_fortran,./models/01_CTSM/src/biogeophys/GlacierSurfaceMassBalanceMod.F90,AdjustRunoffTerms,SUBROUTINE,248,1,False,2,23,884.548036169273,13.3333333333333,11793.9738155903,655.220767532795,0.294849345389758,CTSM,fortran,b1,6.0,0.0017647403649567498,3399.933564814815
617,func_metrics_01_CTSM_fortran,./models/01_CTSM/src/biogeophys/GlacierSurfaceMassBalanceMod.F90,Init,SUBROUTINE,56,0,False,1,4,60.9443625122597,0.727272727272727,44.3231727361888,2.46239848534382,0.0203147875040866,CTSM,fortran,b1,2.0,0.0005882467883189166,3399.933564814815
618,func_metrics_01_CTSM_fortran,./models/01_CTSM/src/biogeophys/HillslopeHydrologyMod.F90,InitHillslope,SUBROUTINE,171,24,False,57,267,11773.6945660615,74.2230215827338,873879.185885298,48548.8436602943,3.92456485535383,CTSM,fortran,b4,40.0,0.012570012030003441,3182.176747685185
619,func_metrics_01_CTSM_fortran,./models/01_CTSM/src/biogeophys/HillslopeHydrologyMod.F90,HillslopeSoilThicknessProfile,SUBROUTINE,659,3,False,15,61,1820.26702586311,21.6811594202899,39465.4995752349,2192.52775417972,0.606755675287702,CTSM,fortran,b2,14.0,0.004399504210501204,3182.176747685185
620,func_metrics_01_CTSM_fortran,./models/01_CTSM/src/biogeophys/HillslopeHydrologyMod.F90,hillslope_properties_init,SUBROUTINE,61,0,False,14,64,1690.55945039519,20.1315789473684,34033.6310408506,1890.75728004726,0.563519816798398,CTSM,fortran,b2,7.0,0.005584524506962802,1253.463923611111
621,func_metrics_01_CTSM_fortran,./models/01_CTSM/src/biogeophys/HillslopeHydrologyMod.F90,SetHillslopeSoilThickness,SUBROUTINE,562,3,False,13,67,2352.96174203324,24.0531914893617,56596.2393482676,3144.2355193482,0.784320580677747,CTSM,fortran,b2,10.0,0.008365921291805146,1195.325613425926
622,func_metrics_01_CTSM_fortran,./models/01_CTSM/src/biogeophys/HillslopeHydrologyMod.F90,HillslopeStreamOutflow,SUBROUTINE,939,1,False,10,69,2596.9772954614,27.9204545454545,72508.7865335074,4028.26591852819,0.865659098487132,CTSM,fortran,b1,15.0,0.008926285187221635,1680.4302893518518
623,func_metrics_01_CTSM_fortran,./models/01_CTSM/src/biogeophys/HillslopeHydrologyMod.F90,HillslopeDominantLowlandPft,SUBROUTINE,793,1,False,9,63,2410.55283322191,31.7661290322581,76573.9323392023,4254.10735217791,0.803517611073968,CTSM,fortran,b1,14.0,0.004399504210501204,3182.176747685185
624,func_metrics_01_CTSM_fortran,./models/01_CTSM/src/biogeophys/HillslopeHydrologyMod.F90,HillslopeUpdateStreamWater,SUBROUTINE,1053,2,False,7,49,2172.54097405634,19.7790697674419,42970.8394984864,2387.26886102702,0.724180324685445,CTSM,fortran,b1,17.0,0.010116456545517852,1680.4302893518518
625,func_metrics_01_CTSM_fortran,./models/01_CTSM/src/biogeophys/HillslopeHydrologyMod.F90,HillslopeSetLowlandUplandPfts,SUBROUTINE,741,2,False,6,29,718.255404485778,15.1666666666667,10893.5403013676,605.196683409313,0.239418468161926,CTSM,fortran,b1,15.0,0.00471375451125129,3182.176747685185
626,func_metrics_01_CTSM_fortran,./models/01_CTSM/src/biogeophys/HillslopeHydrologyMod.F90,HillslopePftFromFile,SUBROUTINE,896,2,False,5,22,540.483730245093,11.8333333333333,6395.72414123359,355.318007846311,0.180161243415031,CTSM,fortran,b1,16.0,0.008863032223353952,1805.25125
627,func_metrics_01_CTSM_fortran,./models/01_CTSM/src/biogeophys/HillslopeHydrologyMod.F90,check_aquifer_layer,SUBROUTINE,151,0,False,2,8,133.782948559119,6.57692307692308,879.880161677282,48.8822312042935,0.044594316186373,CTSM,fortran,b1,2.0,0.001673184258361029,1195.325613425926
628,func_metrics_01_CTSM_fortran,./models/01_CTSM/src/biogeophys/HillslopeHydrologyUtilsMod.F90,HillslopeSoilThicknessProfile_linear,SUBROUTINE,30,3,False,8,40,1228.5630338578,21.6,26536.9615313286,1474.27564062937,0.409521011285935,CTSM,fortran,b1,4.0,0.006237494441798663,641.2831365740741
629,func_metrics_01_CTSM_fortran,./models/01_CTSM/src/biogeophys/HumanIndexMod.F90,Wet_Bulb,SUBROUTINE,770,1,False,8,107,4587.98928574035,51.1736842105263,234784.314869755,13043.5730483197,1.52932976191345,CTSM,fortran,b1,6.0,0.001487718368300799,4033.021388888889
630,func_metrics_01_CTSM_fortran,./models/01_CTSM/src/biogeophys/HumanIndexMod.F90,Init,SUBROUTINE,152,0,False,5,24,452.78419287128,7.51851851851852,3404.26633899518,189.125907721955,0.150928064290427,CTSM,fortran,b1,5.0,0.0012397653069173326,4033.021388888889
631,func_metrics_01_CTSM_fortran,./models/01_CTSM/src/biogeophys/HumanIndexMod.F90,HumanIndexReadNML,SUBROUTINE,500,0,False,4,29,658.001339668693,13.3421052631579,8779.12313715862,487.729063175479,0.219333779889564,CTSM,fortran,b1,4.0,0.000991812245533866,4033.021388888889
632,func_metrics_01_CTSM_fortran,./models/01_CTSM/src/biogeophys/HumanIndexMod.F90,Wet_BulbS,SUBROUTINE,987,0,False,3,15,632.111893254769,17.1764705882353,10857.4513429643,603.191741275793,0.210703964418256,CTSM,fortran,b1,3.0,0.0007438591841503995,4033.021388888889
633,func_metrics_01_CTSM_fortran,./models/01_CTSM/src/biogeophys/HumanIndexMod.F90,InitHistory,SUBROUTINE,259,0,False,2,95,5979.70359110068,22.9710144927536,137359.857853545,7631.10321408581,1.99323453036689,CTSM,fortran,b1,7.0,0.0017356714296842656,4033.021388888889
634,func_metrics_01_CTSM_fortran,./models/01_CTSM/src/biogeophys/HumanIndexMod.F90,dis_coiS,SUBROUTINE,715,0,False,2,20,603.939551351221,14.5483870967742,8786.3463761097,488.130354228317,0.20131318378374,CTSM,fortran,b1,1.0,0.0002479530613834665,4033.021388888889
635,func_metrics_01_CTSM_fortran,./models/01_CTSM/src/biogeophys/HumanIndexMod.F90,HeatIndex,SUBROUTINE,1039,0,False,2,15,803.455295994035,18.2,14622.8863870914,812.382577060636,0.267818431998012,CTSM,fortran,b1,1.0,0.0002479530613834665,4033.021388888889
636,func_metrics_01_CTSM_fortran,./models/01_CTSM/src/biogeophys/HumanIndexMod.F90,InitAllocate,SUBROUTINE,191,0,False,1,96,2608.41835189684,8.9296875,23292.3607517038,1294.02004176132,0.869472783965614,CTSM,fortran,b1,7.0,0.0017356714296842656,4033.021388888889
637,func_metrics_01_CTSM_fortran,./models/01_CTSM/src/biogeophys/HumanIndexMod.F90,AppTemp,SUBROUTINE,555,0,False,1,9,299.32032633212,7.30434782608696,2186.33977494766,121.463320830425,0.0997734421107066,CTSM,fortran,b1,1.0,0.0002479530613834665,4033.021388888889
638,func_metrics_01_CTSM_fortran,./models/01_CTSM/src/biogeophys/HumanIndexMod.F90,swbgt,SUBROUTINE,596,0,False,1,8,242.499262610337,5.71428571428571,1385.71007205907,76.9838928921704,0.080833087536779,CTSM,fortran,b1,1.0,0.0002479530613834665,4033.021388888889
639,func_metrics_01_CTSM_fortran,./models/01_CTSM/src/biogeophys/HumanIndexMod.F90,hmdex,SUBROUTINE,637,0,False,1,8,262.330973736889,6.84090909090909,1794.58234306372,99.6990190590954,0.0874436579122963,CTSM,fortran,b1,1.0,0.0002479530613834665,4033.021388888889
640,func_metrics_01_CTSM_fortran,./models/01_CTSM/src/biogeophys/HumanIndexMod.F90,dis_coi,SUBROUTINE,677,0,False,1,8,208.083849978623,5.13888888888889,1069.31978461237,59.406654700687,0.0693612833262075,CTSM,fortran,b1,1.0,0.0002479530613834665,4033.021388888889
641,func_metrics_01_CTSM_fortran,./models/01_CTSM/src/biogeophys/HumanIndexMod.F90,THIndex,SUBROUTINE,1104,0,False,1,10,326.900134699917,5.65217391304348,1847.69641352127,102.649800751182,0.108966711566639,CTSM,fortran,b1,1.0,0.0002479530613834665,4033.021388888889
642,func_metrics_01_CTSM_fortran,./models/01_CTSM/src/biogeophys/HumanIndexMod.F90,SwampCoolEff,SUBROUTINE,1154,0,False,1,12,361.933858296864,7.02380952380952,2542.15448089464,141.230804494147,0.120644619432288,CTSM,fortran,b1,1.0,0.0002479530613834665,4033.021388888889
643,func_metrics_01_CTSM_fortran,./models/01_CTSM/src/biogeophys/HumanIndexMod.F90,KtoC,SUBROUTINE,1205,0,False,1,8,169.458401508217,3.55555555555556,602.518760918106,33.4732644954503,0.0564861338360724,CTSM,fortran,b1,1.0,0.0002479530613834665,4033.021388888889
644,func_metrics_01_CTSM_fortran,./models/01_CTSM/src/biogeophys/HumanIndexMod.F90,VaporPres,SUBROUTINE,1243,0,False,1,8,206.323312532452,4.86842105263158,1004.46875838167,55.803819910093,0.0687744375108173,CTSM,fortran,b1,1.0,0.0002479530613834665,4033.021388888889
645,func_metrics_01_CTSM_fortran,./models/01_CTSM/src/biogeophys/HumanIndexMod.F90,QSat_2,SUBROUTINE,1279,0,False,1,62,3156.58075372666,22.3225806451613,70463.0284380273,3914.61269100152,1.05219358457555,CTSM,fortran,b1,2.0,0.000495906122766933,4033.021388888889
646,func_metrics_01_CTSM_fortran,./models/01_CTSM/src/biogeophys/HydrologyDrainageMod.F90,HydrologyDrainage,SUBROUTINE,38,6,False,16,94,5125.65240478611,28.3733333333333,145431.844231798,8079.54690176655,1.70855080159537,CTSM,fortran,b2,59.0,0.014450988516813514,4082.76568287037
647,func_metrics_01_CTSM_fortran,./models/01_CTSM/src/biogeophys/HydrologyNoDrainageMod.F90,HydrologyNoDrainage,SUBROUTINE,134,30,False,58,312,16459.5640731426,69.0425531914894,1136410.32802868,63133.9071127042,5.48652135771421,CTSM,fortran,b4,74.0,0.01812496864820678,4082.76568287037
648,func_metrics_01_CTSM_fortran,./models/01_CTSM/src/biogeophys/HydrologyNoDrainageMod.F90,CalcAndWithdrawIrrigationFluxes,SUBROUTINE,50,1,False,3,20,584.159183194191,8.7972972972973,5139.02200350565,285.501222416981,0.194719727731397,CTSM,fortran,b1,10.0,0.003937946531345941,2539.394560185185
649,func_metrics_01_CTSM_fortran,./models/01_CTSM/src/biogeophys/HydrologyNoDrainageMod.F90,HandleNewSnow,SUBROUTINE,98,0,False,1,14,413.640317787393,5.17241379310345,2139.51888510721,118.862160283734,0.137880105929131,CTSM,fortran,b1,3.0,0.0013276970408439973,2259.5516203703705
650,func_metrics_01_CTSM_fortran,./models/01_CTSM/src/biogeophys/InfiltrationExcessRunoffMod.F90,InfiltrationExcessRunoff,SUBROUTINE,196,2,False,6,33,1160.61964678785,13.9396551724138,16178.6376625514,898.813203475075,0.386873215595951,CTSM,fortran,b1,7.0,0.00233606521379427,2996.4916898148153
651,func_metrics_01_CTSM_fortran,./models/01_CTSM/src/biogeophys/InfiltrationExcessRunoffMod.F90,InitCold,SUBROUTINE,168,0,False,2,10,176.46653521144,4.26315789473684,752.304702743505,41.7947057079725,0.0588221784038132,CTSM,fortran,b1,2.0,0.00066744720394122,2996.4916898148153
652,func_metrics_01_CTSM_fortran,./models/01_CTSM/src/biogeophys/InfiltrationExcessRunoffMod.F90,ComputeQinmaxHksat,SUBROUTINE,266,1,False,2,17,598.546170404815,9.88095238095238,5914.20620757138,328.567011531744,0.199515390134938,CTSM,fortran,b1,4.0,0.00133489440788244,2996.4916898148153
653,func_metrics_01_CTSM_fortran,./models/01_CTSM/src/biogeophys/InfiltrationExcessRunoffMod.F90,readParams,SUBROUTINE,81,0,False,1,8,155.888725024519,2.9,452.077302571106,25.1154056983948,0.0519629083415064,CTSM,fortran,b1,1.0,0.0005013990717037232,1994.419328703704
654,func_metrics_01_CTSM_fortran,./models/01_CTSM/src/biogeophys/InfiltrationExcessRunoffMod.F90,Init,SUBROUTINE,101,0,False,1,8,160.539538270943,3.22222222222222,517.294067761927,28.738559320107,0.0535131794236476,CTSM,fortran,b1,1.0,0.00033372360197061,2996.4916898148153
655,func_metrics_01_CTSM_fortran,./models/01_CTSM/src/biogeophys/InfiltrationExcessRunoffMod.F90,InitAllocate,SUBROUTINE,122,0,False,1,11,255.158310971643,3.30769230769231,843.985182444665,46.8880656913703,0.085052770323881,CTSM,fortran,b1,2.0,0.00066744720394122,2996.4916898148153
656,func_metrics_01_CTSM_fortran,./models/01_CTSM/src/biogeophys/InfiltrationExcessRunoffMod.F90,InitHistory,SUBROUTINE,146,0,False,1,6,124.864085321844,1.89473684210526,236.584582715074,13.1435879286152,0.0416213617739481,CTSM,fortran,b1,1.0,0.00033372360197061,2996.4916898148153
657,func_metrics_01_CTSM_fortran,./models/01_CTSM/src/biogeophys/IrrigationMod.F90,CalcIrrigationNeeded,SUBROUTINE,1370,6,False,16,106,4637.59968956661,45.125,209271.685991693,11626.2047773163,1.54586656318887,CTSM,fortran,b2,15.0,0.0037217976261857827,4030.310486111111
658,func_metrics_01_CTSM_fortran,./models/01_CTSM/src/biogeophys/IrrigationMod.F90,CheckNamelistValidity,SUBROUTINE,489,0,False,12,59,1755.23927501994,38.5882352941177,67731.5861419459,3762.86589677477,0.58507975833998,CTSM,fortran,b2,5.0,0.0015413414482296536,3243.9275578703705
659,func_metrics_01_CTSM_fortran,./models/01_CTSM/src/biogeophys/IrrigationMod.F90,CalcApplicationFluxes,SUBROUTINE,1189,2,False,10,71,2600.2387698888,32.1268656716418,83537.5216744125,4640.97342635625,0.866746256629599,CTSM,fortran,b1,6.0,0.002402643953944393,2497.248912037037
660,func_metrics_01_CTSM_fortran,./models/01_CTSM/src/biogeophys/IrrigationMod.F90,Restart,SUBROUTINE,776,0,False,9,44,1388.30375964939,14.5918367346939,20257.9017989657,1125.43898883143,0.462767919883132,CTSM,fortran,b1,8.0,0.001984958733965751,4030.310486111111
661,func_metrics_01_CTSM_fortran,./models/01_CTSM/src/biogeophys/IrrigationMod.F90,ReadNamelist,SUBROUTINE,353,0,False,6,93,2532.09719450582,28.3333333333333,71742.7538443316,3985.70854690731,0.844032398168607,CTSM,fortran,b1,4.0,0.0012330731585837229,3243.9275578703705
662,func_metrics_01_CTSM_fortran,./models/01_CTSM/src/biogeophys/IrrigationMod.F90,SetIrrigMethod,SUBROUTINE,736,1,False,5,23,794.718803233427,15.0,11920.7820485014,662.265669361189,0.264906267744476,CTSM,fortran,b1,6.0,0.0023600551165742258,2542.3135069444447
663,func_metrics_01_CTSM_fortran,./models/01_CTSM/src/biogeophys/IrrigationMod.F90,CalcIrrigationFluxes,SUBROUTINE,891,3,False,5,36,1638.17931560042,14.7272727272727,24125.9135570243,1340.3285309458,0.546059771866806,CTSM,fortran,b1,31.0,0.007691715094117283,4030.310486111111
664,func_metrics_01_CTSM_fortran,./models/01_CTSM/src/biogeophys/IrrigationMod.F90,CalcDeficitVolrLimited,SUBROUTINE,1643,2,False,5,39,1474.05967328124,19.6363636363636,28945.1717662498,1608.06509812499,0.49135322442708,CTSM,fortran,b1,2.0,0.0006165365792918614,3243.9275578703705
665,func_metrics_01_CTSM_fortran,./models/01_CTSM/src/biogeophys/IrrigationMod.F90,translate_irrig_method_default,SUBROUTINE,474,0,False,4,11,110.361496713759,4.9,540.77133389742,30.04285188319,0.036787165571253,CTSM,fortran,b1,1.0,0.0003936517872107792,2540.3161689814815
666,func_metrics_01_CTSM_fortran,./models/01_CTSM/src/biogeophys/IrrigationMod.F90,CalcBulkWithdrawals,SUBROUTINE,988,1,False,4,39,1720.77122736865,21.9344262295082,37744.1295445778,2096.89608580988,0.573590409122882,CTSM,fortran,b1,4.0,0.0016016933383752687,2497.3569560185183
667,func_metrics_01_CTSM_fortran,./models/01_CTSM/src/biogeophys/IrrigationMod.F90,CalcTotalGWUnconIrrig,SUBROUTINE,1150,3,False,4,19,426.060882693271,6.25,2662.88051683295,147.937806490719,0.14202029423109,CTSM,fortran,b1,4.0,0.0016017312341706225,2497.29787037037
668,func_metrics_01_CTSM_fortran,./models/01_CTSM/src/biogeophys/IrrigationMod.F90,IrrigationInitCold,SUBROUTINE,652,2,False,3,24,1012.86020038077,7.3469387755102,7441.42188034852,413.412326686029,0.33762006679359,CTSM,fortran,b1,12.0,0.002977438100948626,4030.310486111111
669,func_metrics_01_CTSM_fortran,./models/01_CTSM/src/biogeophys/IrrigationMod.F90,CalcOneTracerWithdrawals,SUBROUTINE,1080,1,False,3,21,1099.81950592398,10.6909090909091,11758.0703542419,653.226130791215,0.366606501974662,CTSM,fortran,b1,7.0,0.0028030191371033503,2497.3072453703703
670,func_metrics_01_CTSM_fortran,./models/01_CTSM/src/biogeophys/IrrigationMod.F90,PointNeedsCheckForIrrig,FUNCTION,1603,0,False,3,21,575.673331357022,10.5769230769231,6088.85254319927,338.269585733293,0.191891110452341,CTSM,fortran,b1,8.0,0.001984958733965751,4030.310486111111
671,func_metrics_01_CTSM_fortran,./models/01_CTSM/src/biogeophys/IrrigationMod.F90,irrigation_params_constructor,FUNCTION,248,0,False,1,24,598.640652664239,5.72222222222222,3425.55484580093,190.308602544496,0.199546884221413,CTSM,fortran,b1,5.0,0.001240599208728594,4030.310486111111
672,func_metrics_01_CTSM_fortran,./models/01_CTSM/src/biogeophys/IrrigationMod.F90,IrrigationInit,SUBROUTINE,298,0,False,1,13,322.022760175147,4.2962962962963,1383.50519186359,76.8613995479775,0.107340920058382,CTSM,fortran,b1,4.0,0.0009924793669828754,4030.310486111111
673,func_metrics_01_CTSM_fortran,./models/01_CTSM/src/biogeophys/IrrigationMod.F90,InitForTesting,SUBROUTINE,317,0,False,1,18,591.462858262529,7.13513513513514,4220.16742111642,234.453745617579,0.19715428608751,CTSM,fortran,b1,5.0,0.001240599208728594,4030.310486111111
674,func_metrics_01_CTSM_fortran,./models/01_CTSM/src/biogeophys/IrrigationMod.F90,IrrigationInitAllocate,SUBROUTINE,591,0,False,1,26,637.548688549552,5.51351351351351,3515.13330984077,195.285183880043,0.212516229516517,CTSM,fortran,b1,9.0,0.0022330785757114697,4030.310486111111
675,func_metrics_01_CTSM_fortran,./models/01_CTSM/src/biogeophys/IrrigationMod.F90,IrrigationInitHistory,SUBROUTINE,624,0,False,1,11,310.335233316271,3.13333333333333,972.383731057648,54.0213183920916,0.10344507777209,CTSM,fortran,b1,4.0,0.0009924793669828754,4030.310486111111
676,func_metrics_01_CTSM_fortran,./models/01_CTSM/src/biogeophys/IrrigationMod.F90,CalcIrrigNstepsPerDay,FUNCTION,714,0,False,1,7,181.110391401214,4.89473684210526,886.487705279628,49.2493169599793,0.0603701304670714,CTSM,fortran,b1,1.0,0.00024811984174571885,4030.310486111111
677,func_metrics_01_CTSM_fortran,./models/01_CTSM/src/biogeophys/IrrigationMod.F90,IrrigationClean,SUBROUTINE,862,0,False,1,11,173.917833126855,2.76315789473684,480.562433639993,26.6979129799996,0.0579726110422849,CTSM,fortran,b1,8.0,0.001984958733965751,4030.310486111111
678,func_metrics_01_CTSM_fortran,./models/01_CTSM/src/biogeophys/IrrigationMod.F90,WrapCalcIrrigWithdrawals,SUBROUTINE,1329,0,False,1,13,594.541375165866,6.1875,3678.7247588388,204.373597713266,0.198180458388622,CTSM,fortran,b1,3.0,0.0011950604995919988,2510.3331597222223
679,func_metrics_01_CTSM_fortran,./models/01_CTSM/src/biogeophys/IrrigationMod.F90,RelsatToH2osoi,FUNCTION,1744,0,False,1,11,311.138364714907,3.61363636363636,1124.34090885614,62.4633838253411,0.103712788238302,CTSM,fortran,b1,2.0,0.0004962396834914377,4030.310486111111
680,func_metrics_01_CTSM_fortran,./models/01_CTSM/src/biogeophys/IrrigationMod.F90,UseGroundwaterIrrigation,FUNCTION,1770,0,False,1,6,76.1470984411521,1.5,114.220647661728,6.34559153676267,0.0253823661470507,CTSM,fortran,b1,1.0,0.00039284705893821676,2545.5198842592595
681,func_metrics_01_CTSM_fortran,./models/01_CTSM/src/biogeophys/LakeCon.F90,LakeConInit,SUBROUTINE,134,0,False,5,16,252.009037614664,5.89473684210526,1485.52695857065,82.5292754761472,0.0840030125382213,CTSM,fortran,b1,1.0,0.0002449320087595511,4082.76568287037
682,func_metrics_01_CTSM_fortran,./models/01_CTSM/src/biogeophys/LakeFluxesMod.F90,LakeFluxes,SUBROUTINE,86,7,False,46,387,28602.5201319646,72.9960212201592,2087870.16650291,115992.78702794,9.53417337732152,CTSM,fortran,b3,59.0,0.014450988516813514,4082.76568287037
683,func_metrics_01_CTSM_fortran,./models/01_CTSM/src/biogeophys/LakeFluxesMod.F90,readParams,SUBROUTINE,54,0,False,2,15,343.018800116375,7.26923076923077,2493.48281623057,138.526823123921,0.114339600038792,CTSM,fortran,b1,5.0,0.0021007693542567625,2380.0804166666667
684,func_metrics_01_CTSM_fortran,./models/01_CTSM/src/biogeophys/LakeHydrologyMod.F90,LakeHydrology,SUBROUTINE,55,22,False,53,308,18183.267701652,53.1660714285714,966732.909430867,53707.3838572704,6.061089233884,CTSM,fortran,b4,79.0,0.019349628692004538,4082.76568287037
685,func_metrics_01_CTSM_fortran,./models/01_CTSM/src/biogeophys/LakeHydrologyMod.F90,SumFlux_FluxesOntoGround,SUBROUTINE,718,1,False,2,20,661.750400184616,10.5,6948.37920193847,386.021066774359,0.220583466728205,CTSM,fortran,b1,2.0,0.000877430183291611,2279.383634259259
686,func_metrics_01_CTSM_fortran,./models/01_CTSM/src/biogeophys/LakeStateType.F90,InitCold,SUBROUTINE,162,3,False,9,55,1735.49655949899,12.4050632911392,21528.9446621394,1196.05248122997,0.578498853166332,CTSM,fortran,b1,1.0,0.0002449320087595511,4082.76568287037
687,func_metrics_01_CTSM_fortran,./models/01_CTSM/src/biogeophys/LakeStateType.F90,Init,SUBROUTINE,54,0,False,1,7,105.48604608143,1.76923076923077,186.629158451761,10.3682865806534,0.0351620153604767,CTSM,fortran,b1,1.0,0.0002449320087595511,4082.76568287037
688,func_metrics_01_CTSM_fortran,./models/01_CTSM/src/biogeophys/LakeStateType.F90,InitAllocate,SUBROUTINE,66,0,False,1,38,917.038743544654,5.5875,5123.95397955576,284.66410997532,0.305679581181551,CTSM,fortran,b1,2.0,0.0004898640175191022,4082.76568287037
689,func_metrics_01_CTSM_fortran,./models/01_CTSM/src/biogeophys/LakeStateType.F90,InitHistory,SUBROUTINE,109,0,False,1,24,1037.29200754109,6.65,6897.99185014823,383.221769452679,0.345764002513695,CTSM,fortran,b1,2.0,0.0004898640175191022,4082.76568287037
690,func_metrics_01_CTSM_fortran,./models/01_CTSM/src/biogeophys/LakeStateType.F90,Restart,SUBROUTINE,258,0,False,1,13,773.208297999137,4.26086956521739,3294.53970451806,183.029983584337,0.257736099333046,CTSM,fortran,b1,2.0,0.0004898640175191022,4082.76568287037
691,func_metrics_01_CTSM_fortran,./models/01_CTSM/src/biogeophys/LakeTemperatureMod.F90,LakeTemperature,SUBROUTINE,46,59,False,134,581,37320.0550662084,146.558823529412,5469583.36455636,303865.742475353,12.4400183554028,CTSM,fortran,b4,22.0,0.0047389384430844015,4642.389907407408
692,func_metrics_01_CTSM_fortran,./models/01_CTSM/src/biogeophys/LakeTemperatureMod.F90,PhaseChange_Lake,SUBROUTINE,1268,9,False,26,130,6674.30005607306,58.5865384615385,391024.136938973,21723.5631632763,2.22476668535769,CTSM,fortran,b3,19.0,0.004092719564481983,4642.389907407408
693,func_metrics_01_CTSM_fortran,./models/01_CTSM/src/biogeophys/LakeTemperatureMod.F90,SoilThermProp_Lake,SUBROUTINE,1067,8,False,24,99,5382.22686460096,62.5842105263158,336842.419194579,18713.4677330322,1.79407562153365,CTSM,fortran,b3,17.0,0.0036619069787470373,4642.389907407408
694,func_metrics_01_CTSM_fortran,./models/01_CTSM/src/biogeophys/LunaMod.F90,Update_Photosynthesis_Capacity,SUBROUTINE,195,5,False,20,190,9953.07535864142,41.6071428571429,414119.028314902,23006.6126841612,3.31769178621381,CTSM,fortran,b2,40.0,0.010774018689611661,3712.635104166666
695,func_metrics_01_CTSM_fortran,./models/01_CTSM/src/biogeophys/LunaMod.F90,Acc240_Climate_LUNA,SUBROUTINE,504,1,False,11,75,2976.22053279005,23.7840909090909,70786.6997173816,3932.59442874342,0.992073510930018,CTSM,fortran,b2,7.0,0.0018854532706820408,3712.635104166666
696,func_metrics_01_CTSM_fortran,./models/01_CTSM/src/biogeophys/LunaMod.F90,NitrogenAllocation,SUBROUTINE,804,1,False,11,155,7300.08672648785,58.8050847457627,429282.218602535,23849.0121445853,2.43336224216262,CTSM,fortran,b2,25.0,0.006733761681007288,3712.635104166666
697,func_metrics_01_CTSM_fortran,./models/01_CTSM/src/biogeophys/LunaMod.F90,Acc24_Climate_LUNA,SUBROUTINE,631,2,False,7,48,2002.7335205095,17.25,34547.1532287889,1919.28629048827,0.667577840169834,CTSM,fortran,b1,3.0,0.0008080514017208746,3712.635104166666
698,func_metrics_01_CTSM_fortran,./models/01_CTSM/src/biogeophys/LunaMod.F90,Photosynthesis_luna,SUBROUTINE,1092,2,False,6,104,4765.02017270598,41.6168831168831,198305.287577095,11016.9604209497,1.58834005756866,CTSM,fortran,b1,4.0,0.0010774018689611662,3712.635104166666
699,func_metrics_01_CTSM_fortran,./models/01_CTSM/src/biogeophys/LunaMod.F90,readParams,SUBROUTINE,117,0,False,4,34,1370.39861818118,11.0943396226415,15203.6676885006,844.6482049167,0.456799539393725,CTSM,fortran,b1,10.0,0.004201538708513525,2380.0804166666667
700,func_metrics_01_CTSM_fortran,./models/01_CTSM/src/biogeophys/LunaMod.F90,Quadratic,SUBROUTINE,1377,0,False,4,23,635.593659039165,26.325,16732.003074206,929.555726344779,0.211864553013055,CTSM,fortran,b1,1.0,0.00026935046724029156,3712.635104166666
701,func_metrics_01_CTSM_fortran,./models/01_CTSM/src/biogeophys/LunaMod.F90,is_time_to_run_LUNA,FUNCTION,171,0,False,2,9,100.0,3.86363636363636,386.363636363636,21.4646464646465,0.0333333333333333,CTSM,fortran,b1,2.0,0.0012631041574108469,1583.4006944444445
702,func_metrics_01_CTSM_fortran,./models/01_CTSM/src/biogeophys/LunaMod.F90,Clear24_Climate_LUNA,SUBROUTINE,730,1,False,2,32,972.0,4.53333333333333,4406.4,244.8,0.324,CTSM,fortran,b1,4.0,0.0010774018689611662,3712.635104166666
703,func_metrics_01_CTSM_fortran,./models/01_CTSM/src/biogeophys/LunaMod.F90,Nitrogen_investments,SUBROUTINE,996,0,False,2,73,3489.46176180324,34.2162162162162,119396.178120078,6633.12100667102,1.16315392060108,CTSM,fortran,b1,9.0,0.002424154205162624,3712.635104166666
704,func_metrics_01_CTSM_fortran,./models/01_CTSM/src/biogeophys/LunaMod.F90,allocParams,SUBROUTINE,97,0,False,1,11,190.164836175044,2.11111111111111,401.459098591759,22.3032832550978,0.0633882787250147,CTSM,fortran,b1,1.0,0.0027213126402704374,367.4697222222223
705,func_metrics_01_CTSM_fortran,./models/01_CTSM/src/biogeophys/LunaMod.F90,NUEref,SUBROUTINE,1207,0,False,1,35,1549.40440322461,10.9591836734694,16980.2074394207,943.344857745595,0.516468134408203,CTSM,fortran,b1,2.0,0.0005387009344805831,3712.635104166666
706,func_metrics_01_CTSM_fortran,./models/01_CTSM/src/biogeophys/LunaMod.F90,NUE,SUBROUTINE,1251,0,False,1,29,1413.70905009899,11.2173913043478,15858.1276054582,881.007089192125,0.471236350032997,CTSM,fortran,b1,2.0,0.0005387009344805831,3712.635104166666
707,func_metrics_01_CTSM_fortran,./models/01_CTSM/src/biogeophys/LunaMod.F90,VcmxTKattge,FUNCTION,1287,0,False,1,14,676.632557886295,9.42857142857143,6379.67840292793,354.42657794044,0.225544185962098,CTSM,fortran,b1,1.0,0.00026935046724029156,3712.635104166666
708,func_metrics_01_CTSM_fortran,./models/01_CTSM/src/biogeophys/LunaMod.F90,JmxTKattge,FUNCTION,1307,0,False,1,14,692.76995019327,8.9,6165.6525567201,342.536253151117,0.23092331673109,CTSM,fortran,b1,1.0,0.00026935046724029156,3712.635104166666
709,func_metrics_01_CTSM_fortran,./models/01_CTSM/src/biogeophys/LunaMod.F90,VcmxTLeuning,FUNCTION,1327,0,False,1,14,624.228735108746,9.96,6217.31820168311,345.406566760173,0.208076245036249,CTSM,fortran,b1,1.0,0.00026935046724029156,3712.635104166666
710,func_metrics_01_CTSM_fortran,./models/01_CTSM/src/biogeophys/LunaMod.F90,JmxTLeuning,FUNCTION,1346,0,False,1,14,624.228735108746,9.96,6217.31820168311,345.406566760173,0.208076245036249,CTSM,fortran,b1,1.0,0.00026935046724029156,3712.635104166666
711,func_metrics_01_CTSM_fortran,./models/01_CTSM/src/biogeophys/LunaMod.F90,RespTBernacchi,FUNCTION,1366,0,False,1,5,158.324668461995,4.41176470588235,698.491184391157,38.8050657995087,0.0527748894873318,CTSM,fortran,b1,1.0,0.00026935046724029156,3712.635104166666
712,func_metrics_01_CTSM_fortran,./models/01_CTSM/src/biogeophys/OzoneBaseMod.F90,InitAllocateBase,SUBROUTINE,104,0,False,1,21,497.540452643662,5.35483870967742,2664.24887544671,148.013826413706,0.165846817547887,CTSM,fortran,b1,3.0,0.0007532156926852076,3982.9228587962966
713,func_metrics_01_CTSM_fortran,./models/01_CTSM/src/biogeophys/OzoneBaseMod.F90,InitColdBase,SUBROUTINE,137,0,False,1,14,374.064536624823,3.75,1402.74201234309,77.9301117968381,0.124688178874941,CTSM,fortran,b1,3.0,0.0007532156926852076,3982.9228587962966
714,func_metrics_01_CTSM_fortran,./models/01_CTSM/src/biogeophys/OzoneFactoryMod.F90,create_and_init_ozone_type,FUNCTION,22,0,False,2,15,297.498414982808,6.96296296296296,2071.47044506548,115.081691392527,0.0991661383276027,CTSM,fortran,b1,8.0,0.002008575180493887,3982.9228587962966
715,func_metrics_01_CTSM_fortran,./models/01_CTSM/src/biogeophys/OzoneMod.F90,CalcOzoneUptakeOnePoint,SUBROUTINE,429,0,False,5,50,1692.0,22.8461538461539,38655.6923076923,2147.53846153846,0.564,CTSM,fortran,b1,3.0,0.0007532156926852076,3982.9228587962966
716,func_metrics_01_CTSM_fortran,./models/01_CTSM/src/biogeophys/OzoneMod.F90,Init,SUBROUTINE,136,0,False,4,17,345.947473205023,8.28,2864.44507813759,159.135837674311,0.115315824401674,CTSM,fortran,b1,12.0,0.0030128627707408304,3982.9228587962966
717,func_metrics_01_CTSM_fortran,./models/01_CTSM/src/biogeophys/OzoneMod.F90,CalcOzoneStress,SUBROUTINE,514,0,False,4,18,405.213358338652,7.875,3191.05519691689,177.28084427316,0.135071119446217,CTSM,fortran,b1,5.0,0.002897693490313463,1725.5103125000003
718,func_metrics_01_CTSM_fortran,./models/01_CTSM/src/biogeophys/OzoneMod.F90,CalcOzoneStressLombardozzi2015OnePoint,SUBROUTINE,614,0,False,4,36,891.729277984407,11.9634146341463,10668.1270939354,592.673727440856,0.297243092661469,CTSM,fortran,b1,4.0,0.0010042875902469435,3982.9228587962966
719,func_metrics_01_CTSM_fortran,./models/01_CTSM/src/biogeophys/OzoneMod.F90,CalcOzoneStressFalk,SUBROUTINE,675,2,False,4,26,782.794697192066,9.76744186046512,7645.9016935039,424.772316305772,0.260931565730689,CTSM,fortran,b1,7.0,0.004138911958882429,1691.2657407407405
720,func_metrics_01_CTSM_fortran,./models/01_CTSM/src/biogeophys/OzoneMod.F90,CalcOzoneStressFalkOnePoint,SUBROUTINE,742,0,False,4,25,562.542960484899,9.703125,5458.42466345503,303.245814636391,0.187514320161633,CTSM,fortran,b1,6.0,0.0035476388218992246,1691.2657407407405
721,func_metrics_01_CTSM_fortran,./models/01_CTSM/src/biogeophys/OzoneMod.F90,InitHistory,SUBROUTINE,195,0,False,3,30,1285.76855430238,14.6341463414634,18816.1251849129,1045.34028805072,0.428589518100794,CTSM,fortran,b1,6.0,0.0015064313853704152,3982.9228587962966
722,func_metrics_01_CTSM_fortran,./models/01_CTSM/src/biogeophys/OzoneMod.F90,CalcOzoneStressLombardozzi2015,SUBROUTINE,551,2,False,3,25,874.797709415082,8.18181818181818,7157.43580430522,397.635322461401,0.291599236471694,CTSM,fortran,b1,5.0,0.002897693490313463,1725.5103125000003
723,func_metrics_01_CTSM_fortran,./models/01_CTSM/src/biogeophys/OzoneMod.F90,CalcOzoneUptake,SUBROUTINE,356,1,False,2,37,1995.74334366061,17.0169491525424,33961.4630005975,1886.74794447764,0.665247781220202,CTSM,fortran,b1,15.0,0.0037660784634260384,3982.9228587962966
724,func_metrics_01_CTSM_fortran,./models/01_CTSM/src/biogeophys/OzoneMod.F90,InitAllocate,SUBROUTINE,167,0,False,1,15,325.484726673547,4.64,1510.24913176526,83.9027295425144,0.108494908891182,CTSM,fortran,b1,1.0,0.0002510718975617359,3982.9228587962966
725,func_metrics_01_CTSM_fortran,./models/01_CTSM/src/biogeophys/OzoneMod.F90,InitCold,SUBROUTINE,286,0,False,1,12,288.441295323456,4.16666666666667,1201.8387305144,66.7688183619112,0.0961470984411521,CTSM,fortran,b1,2.0,0.0005021437951234718,3982.9228587962966
726,func_metrics_01_CTSM_fortran,./models/01_CTSM/src/biogeophys/OzoneMod.F90,Restart,SUBROUTINE,313,0,False,1,13,696.481760600351,4.91891891891892,3425.93730889902,190.32985049439,0.232160586866784,CTSM,fortran,b1,8.0,0.002008575180493887,3982.9228587962966
727,func_metrics_01_CTSM_fortran,./models/01_CTSM/src/biogeophys/OzoneOffMod.F90,Init,SUBROUTINE,63,0,False,2,9,197.418468161926,5.1,1006.83418762582,55.935232645879,0.0658061560539753,CTSM,fortran,b1,8.0,0.002008575180493887,3982.9228587962966
728,func_metrics_01_CTSM_fortran,./models/01_CTSM/src/biogeophys/OzoneOffMod.F90,constructor,FUNCTION,39,0,False,1,4,62.9074752083986,1.95,122.669576656377,6.81497648090985,0.0209691584027995,CTSM,fortran,b1,2.0,0.0005021437951234718,3982.9228587962966
729,func_metrics_01_CTSM_fortran,./models/01_CTSM/src/biogeophys/OzoneOffMod.F90,Restart,SUBROUTINE,84,0,False,1,7,147.161243415031,2.36842105263158,348.539787035599,19.3633215019777,0.0490537478050103,CTSM,fortran,b1,2.0,0.0005021437951234718,3982.9228587962966
730,func_metrics_01_CTSM_fortran,./models/01_CTSM/src/biogeophys/OzoneOffMod.F90,CalcOzoneUptake,SUBROUTINE,96,0,False,1,22,988.370214927241,10.7352941176471,10610.444954366,589.469164131443,0.32945673830908,CTSM,fortran,b1,7.0,0.0017575032829321511,3982.9228587962966
731,func_metrics_01_CTSM_fortran,./models/01_CTSM/src/biogeophys/OzoneOffMod.F90,CalcOzoneStress,SUBROUTINE,127,0,False,1,8,151.236125126263,1.125,170.140640767045,9.45225782039141,0.0504120417087542,CTSM,fortran,b1,5.0,0.0012553594878086795,3982.9228587962966
732,func_metrics_01_CTSM_fortran,./models/01_CTSM/src/biogeophys/PhotosynthesisMod.F90,PhotosynthesisHydraulicStress,SUBROUTINE,2706,11,False,80,708,47410.8523328029,98.5842217484008,4673961.97965773,259664.55442543,15.8036174442676,CTSM,fortran,b4,60.0,0.017581832833222212,3412.613495370371
733,func_metrics_01_CTSM_fortran,./models/01_CTSM/src/biogeophys/PhotosynthesisMod.F90,Photosynthesis,SUBROUTINE,1220,8,False,76,494,29056.0903184149,72.4038997214485,2103774.24971186,116876.347206214,9.68536343947162,CTSM,fortran,b4,58.0,0.014206056508053963,4082.76568287037
734,func_metrics_01_CTSM_fortran,./models/01_CTSM/src/biogeophys/PhotosynthesisMod.F90,calcstress,SUBROUTINE,4492,1,False,23,136,5806.65565412727,39.9365079365079,231897.549615623,12883.1972008679,1.93555188470909,CTSM,fortran,b3,9.0,0.0026372749249833315,3412.613495370371
735,func_metrics_01_CTSM_fortran,./models/01_CTSM/src/biogeophys/PhotosynthesisMod.F90,ci_func_PHS,SUBROUTINE,4229,0,False,21,158,10422.5197643319,69.4477611940299,723820.663633376,40212.2590907431,3.47417325477729,CTSM,fortran,b3,14.0,0.004102427661085183,3412.613495370371
736,func_metrics_01_CTSM_fortran,./models/01_CTSM/src/biogeophys/PhotosynthesisMod.F90,hybrid_PHS,SUBROUTINE,3817,2,False,19,174,7172.48548229799,61.7027027027027,442561.739353684,24586.7632974269,2.39082849409933,CTSM,fortran,b2,10.0,0.0029303054722037017,3412.613495370371
737,func_metrics_01_CTSM_fortran,./models/01_CTSM/src/biogeophys/PhotosynthesisMod.F90,brent_PHS,SUBROUTINE,4070,4,False,18,125,6262.24007191122,67.7451923076923,424236.657948562,23568.7032193646,2.08741335730374,CTSM,fortran,b2,12.0,0.0035163665666444422,3412.613495370371
738,func_metrics_01_CTSM_fortran,./models/01_CTSM/src/biogeophys/PhotosynthesisMod.F90,brent,SUBROUTINE,2373,1,False,14,91,3496.89605272185,55.5882352941176,194386.280577774,10799.2378098763,1.16563201757395,CTSM,fortran,b2,10.0,0.0024493200875955108,4082.76568287037
739,func_metrics_01_CTSM_fortran,./models/01_CTSM/src/biogeophys/PhotosynthesisMod.F90,PhotosynthesisTotal,SUBROUTINE,2042,1,False,13,58,2654.86841960247,18.7857142857143,49873.5995968178,2770.75553315654,0.884956139867489,CTSM,fortran,b2,10.0,0.0024493200875955108,4082.76568287037
740,func_metrics_01_CTSM_fortran,./models/01_CTSM/src/biogeophys/PhotosynthesisMod.F90,InitHistory,SUBROUTINE,476,0,False,11,105,6174.97863040428,36.06,222669.729412378,12370.5405229099,2.05832621013476,CTSM,fortran,b2,21.0,0.005261728142340789,3991.084189814815
741,func_metrics_01_CTSM_fortran,./models/01_CTSM/src/biogeophys/PhotosynthesisMod.F90,hybrid,SUBROUTINE,2253,1,False,10,70,2421.06679169326,43.4074074074074,105092.232587574,5838.45736597634,0.807022263897754,CTSM,fortran,b1,6.0,0.0014695920525573066,4082.76568287037
742,func_metrics_01_CTSM_fortran,./models/01_CTSM/src/biogeophys/PhotosynthesisMod.F90,Fractionation,SUBROUTINE,2156,2,False,8,58,2177.53988409897,21.620253164557,47078.9635701399,2615.49797611888,0.725846628032991,CTSM,fortran,b1,8.0,0.0019594560700764087,4082.76568287037
743,func_metrics_01_CTSM_fortran,./models/01_CTSM/src/biogeophys/PhotosynthesisMod.F90,readParams,SUBROUTINE,798,0,False,7,64,2857.36588798211,12.6153846153846,36046.7696637743,2002.59831465413,0.952455295994035,CTSM,fortran,b1,10.0,0.002940334787744072,3400.973263888889
744,func_metrics_01_CTSM_fortran,./models/01_CTSM/src/biogeophys/PhotosynthesisMod.F90,ReadNML,SUBROUTINE,928,0,False,7,56,1540.78665437627,19.3796296296296,29859.8747000884,1658.88192778269,0.513595551458758,CTSM,fortran,b1,4.0,0.0011413894307919972,3504.5006481481482
745,func_metrics_01_CTSM_fortran,./models/01_CTSM/src/biogeophys/PhotosynthesisMod.F90,TimeStepInit,SUBROUTINE,1127,1,False,7,40,1269.98147805583,12.3076923076923,15630.5412683795,868.363403798859,0.423327159351944,CTSM,fortran,b1,6.0,0.001503350897811654,3991.084189814815
746,func_metrics_01_CTSM_fortran,./models/01_CTSM/src/biogeophys/PhotosynthesisMod.F90,getqflx,SUBROUTINE,5082,0,False,7,58,2421.68681259529,26.1290322580645,63276.3328452318,3515.3518247351,0.807228937531763,CTSM,fortran,b1,3.0,0.0008790916416611106,3412.613495370371
747,func_metrics_01_CTSM_fortran,./models/01_CTSM/src/biogeophys/PhotosynthesisMod.F90,spacA,SUBROUTINE,4717,0,False,6,110,8768.29810958739,88.5645161290323,776560.079350715,43142.2266305953,2.92276603652913,CTSM,fortran,b1,11.0,0.003223336019424072,3412.613495370371
748,func_metrics_01_CTSM_fortran,./models/01_CTSM/src/biogeophys/PhotosynthesisMod.F90,getvegwp,SUBROUTINE,4981,1,False,6,59,3074.65964773538,28.8461538461539,88692.105223136,4927.33917906311,1.02488654924513,CTSM,fortran,b1,7.0,0.0020512138305425914,3412.613495370371
749,func_metrics_01_CTSM_fortran,./models/01_CTSM/src/biogeophys/PhotosynthesisMod.F90,InitCold,SUBROUTINE,715,1,False,5,22,494.89806973475,5.390625,2667.80990716389,148.211661509105,0.164966023244917,CTSM,fortran,b1,3.0,0.000751675448905827,3991.084189814815
750,func_metrics_01_CTSM_fortran,./models/01_CTSM/src/biogeophys/PhotosynthesisMod.F90,ci_func,SUBROUTINE,2566,0,False,5,63,4291.02886190857,37.1010638297872,159201.735701129,8844.54087228496,1.43034295396952,CTSM,fortran,b1,10.0,0.0024493200875955108,4082.76568287037
751,func_metrics_01_CTSM_fortran,./models/01_CTSM/src/biogeophys/PhotosynthesisMod.F90,NewPatchInit,SUBROUTINE,1185,0,False,4,21,456.698717595472,5.91666666666667,2702.13407910655,150.118559950364,0.152232905865157,CTSM,fortran,b1,4.0,0.001002233931874436,3991.084189814815
752,func_metrics_01_CTSM_fortran,./models/01_CTSM/src/biogeophys/PhotosynthesisMod.F90,plc,FUNCTION,5169,0,False,4,17,421.965722615945,12.6923076923077,5355.71878704853,297.539932613807,0.140655240871982,CTSM,fortran,b1,6.0,0.0017581832833222211,3412.613495370371
753,func_metrics_01_CTSM_fortran,./models/01_CTSM/src/biogeophys/PhotosynthesisMod.F90,Restart,SUBROUTINE,1006,0,False,3,33,4088.23177230229,19.546875,79912.1554242214,4439.56419023452,1.36274392410076,CTSM,fortran,b1,19.0,0.004760611176403571,3991.084189814815
754,func_metrics_01_CTSM_fortran,./models/01_CTSM/src/biogeophys/PhotosynthesisMod.F90,d1plc,FUNCTION,5201,0,False,3,16,516.992500144231,14.4230769230769,7456.62259823411,414.256811013006,0.17233083338141,CTSM,fortran,b1,6.0,0.0017581832833222211,3412.613495370371
755,func_metrics_01_CTSM_fortran,./models/01_CTSM/src/biogeophys/PhotosynthesisMod.F90,InitAllocate,SUBROUTINE,270,0,False,2,164,5449.61556819619,14.2156862745098,77470.0252341615,4303.89029078675,1.81653852273206,CTSM,fortran,b1,19.0,0.004760611176403571,3991.084189814815
756,func_metrics_01_CTSM_fortran,./models/01_CTSM/src/biogeophys/PhotosynthesisMod.F90,Clean,SUBROUTINE,378,0,False,2,82,1586.55469058677,5.62352941176471,8922.03696588794,495.668720327108,0.528851563528923,CTSM,fortran,b1,2.0,0.0012444747983626743,1607.1036574074076
757,func_metrics_01_CTSM_fortran,./models/01_CTSM/src/biogeophys/PhotosynthesisMod.F90,allocParams,SUBROUTINE,748,0,False,2,18,406.997027300027,9.69230769230769,3944.74041844642,219.152245469245,0.135665675766676,CTSM,fortran,b1,4.0,0.0011761339150976287,3400.973263888889
758,func_metrics_01_CTSM_fortran,./models/01_CTSM/src/biogeophys/PhotosynthesisMod.F90,spacF,SUBROUTINE,4900,0,False,2,43,2557.34698351894,21.0666666666667,53874.7764527991,2993.04313626661,0.852448994506314,CTSM,fortran,b1,9.0,0.0026372749249833315,3412.613495370371
759,func_metrics_01_CTSM_fortran,./models/01_CTSM/src/biogeophys/PhotosynthesisMod.F90,Init,SUBROUTINE,258,0,False,1,7,105.48604608143,1.76923076923077,186.629158451761,10.3682865806534,0.0351620153604767,CTSM,fortran,b1,2.0,0.000501116965937218,3991.084189814815
760,func_metrics_01_CTSM_fortran,./models/01_CTSM/src/biogeophys/PhotosynthesisMod.F90,cleanParams,SUBROUTINE,776,0,False,1,10,135.933680430195,1.70588235294118,231.886866616215,12.8826037009008,0.0453112268100649,CTSM,fortran,b1,1.0,0.0006222373991813372,1607.1036574074076
761,func_metrics_01_CTSM_fortran,./models/01_CTSM/src/biogeophys/PhotosynthesisMod.F90,setParamsForTesting,SUBROUTINE,906,0,False,1,11,257.472992741761,3.2,823.913576773636,45.7729764874242,0.0858243309139204,CTSM,fortran,b1,2.0,0.0012443921876539963,1607.2103472222223
762,func_metrics_01_CTSM_fortran,./models/01_CTSM/src/biogeophys/PhotosynthesisMod.F90,ft,FUNCTION,2490,0,False,1,8,283.633940401399,7.33333333333333,2079.98222961026,115.554568311681,0.0945446468004662,CTSM,fortran,b1,2.0,0.0004898640175191022,4082.76568287037
763,func_metrics_01_CTSM_fortran,./models/01_CTSM/src/biogeophys/PhotosynthesisMod.F90,fth,FUNCTION,2515,0,False,1,10,349.774631649185,8.75,3060.52802693037,170.029334829465,0.116591543883062,CTSM,fortran,b1,2.0,0.0004898640175191022,4082.76568287037
764,func_metrics_01_CTSM_fortran,./models/01_CTSM/src/biogeophys/PhotosynthesisMod.F90,fth25,FUNCTION,2541,0,False,1,8,288.441295323456,7.33333333333333,2115.23616570535,117.513120316964,0.0961470984411521,CTSM,fortran,b1,2.0,0.0004898640175191022,4082.76568287037
765,func_metrics_01_CTSM_fortran,./models/01_CTSM/src/biogeophys/QSatMod.F90,QSat,SUBROUTINE,61,0,False,7,42,2102.28022705317,16.2739726027397,34212.4508183447,1900.69171213026,0.700760075684389,CTSM,fortran,b1,6.0,0.0012924377572048368,4642.389907407408
766,func_metrics_01_CTSM_fortran,./models/01_CTSM/src/biogeophys/RootBiophysMod.F90,init_vegrootfr,SUBROUTINE,109,1,False,8,43,1488.68766702852,23.0,34239.8163416559,1902.21201898088,0.496229222342839,CTSM,fortran,b1,3.0,0.0007347960262786533,4082.76568287037
767,func_metrics_01_CTSM_fortran,./models/01_CTSM/src/biogeophys/RootBiophysMod.F90,init_rootprof,SUBROUTINE,33,0,False,7,49,1155.11408421505,18.9893617021277,21934.8791523816,1218.60439735453,0.385038028071685,CTSM,fortran,b1,5.0,0.0012246600437977554,4082.76568287037
768,func_metrics_01_CTSM_fortran,./models/01_CTSM/src/biogeophys/RootBiophysMod.F90,zeng2001_rootfr,FUNCTION,173,2,False,4,24,1127.36514413731,20.7906976744186,23438.7078804361,1302.15043780201,0.375788381379103,CTSM,fortran,b1,5.0,0.0012246600437977554,4082.76568287037
769,func_metrics_01_CTSM_fortran,./models/01_CTSM/src/biogeophys/RootBiophysMod.F90,jackson1996_rootfr,FUNCTION,228,2,False,4,29,966.710186022751,15.6734693877551,15151.7025074586,841.761250414368,0.32223672867425,CTSM,fortran,b1,6.0,0.0016235332395803438,3695.6434606481475
770,func_metrics_01_CTSM_fortran,./models/01_CTSM/src/biogeophys/RootBiophysMod.F90,exponential_rootfr,FUNCTION,280,2,False,4,28,933.262402266358,16.2666666666667,15181.0684101994,843.392689455524,0.31108746742212,CTSM,fortran,b1,4.0,0.0010823554930535625,3695.6434606481475
771,func_metrics_01_CTSM_fortran,./models/01_CTSM/src/biogeophys/SaturatedExcessRunoffMod.F90,SaturatedExcessRunoff,SUBROUTINE,203,4,False,14,50,1697.46638523303,23.1515151515152,39298.9187369101,2183.27326316167,0.56582212841101,CTSM,fortran,b2,9.0,0.002974989690929981,3025.22056712963
772,func_metrics_01_CTSM_fortran,./models/01_CTSM/src/biogeophys/SaturatedExcessRunoffMod.F90,ComputeFsatTopmodel,SUBROUTINE,315,1,False,3,22,847.100599108105,18.0681818181818,15305.567642976,850.309313498666,0.282366866369368,CTSM,fortran,b1,3.0,0.0009916632303099936,3025.22056712963
773,func_metrics_01_CTSM_fortran,./models/01_CTSM/src/biogeophys/SaturatedExcessRunoffMod.F90,InitCold,SUBROUTINE,155,0,False,2,10,176.46653521144,4.26315789473684,752.304702743505,41.7947057079725,0.0588221784038132,CTSM,fortran,b1,2.0,0.0006611088202066624,3025.22056712963
774,func_metrics_01_CTSM_fortran,./models/01_CTSM/src/biogeophys/SaturatedExcessRunoffMod.F90,ComputeFsatVic,SUBROUTINE,363,1,False,2,18,673.765181293825,13.4605263157895,9069.2339534682,503.846330748233,0.224588393764608,CTSM,fortran,b1,4.0,0.001322217640413325,3025.22056712963
775,func_metrics_01_CTSM_fortran,./models/01_CTSM/src/biogeophys/SaturatedExcessRunoffMod.F90,Init,SUBROUTINE,75,0,False,1,8,160.539538270943,3.22222222222222,517.294067761927,28.738559320107,0.0535131794236476,CTSM,fortran,b1,2.0,0.0006611088202066624,3025.22056712963
776,func_metrics_01_CTSM_fortran,./models/01_CTSM/src/biogeophys/SaturatedExcessRunoffMod.F90,InitAllocate,SUBROUTINE,96,0,False,1,13,302.205974933599,3.77777777777778,1141.66701641582,63.4259453564344,0.100735324977866,CTSM,fortran,b1,4.0,0.001322217640413325,3025.22056712963
777,func_metrics_01_CTSM_fortran,./models/01_CTSM/src/biogeophys/SaturatedExcessRunoffMod.F90,InitHistory,SUBROUTINE,122,0,False,1,13,425.730490406432,3.93548387096774,1675.4554783737,93.08085990965,0.141910163468811,CTSM,fortran,b1,2.0,0.0006611088202066624,3025.22056712963
778,func_metrics_01_CTSM_fortran,./models/01_CTSM/src/biogeophys/SaturatedExcessRunoffMod.F90,readParams,SUBROUTINE,179,0,False,1,8,155.888725024519,2.9,452.077302571106,25.1154056983948,0.0519629083415064,CTSM,fortran,b1,1.0,0.00042009409845246524,2380.4190625
779,func_metrics_01_CTSM_fortran,./models/01_CTSM/src/biogeophys/SnowCoverFractionBaseMod.F90,CalcFracSnoEff,SUBROUTINE,110,1,False,5,34,985.20231818487,18.7317073170732,18454.521472341,1025.25119290783,0.32840077272829,CTSM,fortran,b1,3.0,0.0013203659002873117,2272.097453703704
780,func_metrics_01_CTSM_fortran,./models/01_CTSM/src/biogeophys/SnowCoverFractionFactoryMod.F90,CreateAndInitSnowCoverFraction,FUNCTION,31,0,False,4,31,834.057855364609,11.3684210526316,9481.92088203976,526.773382335543,0.278019285121536,CTSM,fortran,b1,2.0,0.00087868699835833,2276.1233564814816
781,func_metrics_01_CTSM_fortran,./models/01_CTSM/src/biogeophys/SnowCoverFractionNiuYang2007Mod.F90,UpdateSnowDepthAndFrac,SUBROUTINE,51,1,False,5,46,2157.84870061097,44.8,96671.6217873714,5370.64565485397,0.719282900203656,CTSM,fortran,b1,2.0,0.00087868699835833,2276.1233564814816
782,func_metrics_01_CTSM_fortran,./models/01_CTSM/src/biogeophys/SnowCoverFractionNiuYang2007Mod.F90,AddNewsnowToIntsnow,SUBROUTINE,135,1,False,2,20,702.494508525132,11.5606060606061,8121.26227279812,451.181237377673,0.234164836175044,CTSM,fortran,b1,1.0,0.000439343499179165,2276.1233564814816
783,func_metrics_01_CTSM_fortran,./models/01_CTSM/src/biogeophys/SnowCoverFractionNiuYang2007Mod.F90,Init,SUBROUTINE,210,0,False,2,11,199.685816160313,5.44444444444445,1087.17833242837,60.3987962460207,0.0665619387201044,CTSM,fortran,b1,1.0,0.00043937408334374095,2275.9649189814813
784,func_metrics_01_CTSM_fortran,./models/01_CTSM/src/biogeophys/SnowCoverFractionNiuYang2007Mod.F90,FracSnowDuringMelt,FUNCTION,174,0,False,1,9,232.192809488736,2.86363636363636,664.915772626836,36.9397651459353,0.0773976031629121,CTSM,fortran,b1,1.0,0.000439343499179165,2276.1233564814816
785,func_metrics_01_CTSM_fortran,./models/01_CTSM/src/biogeophys/SnowCoverFractionNiuYang2007Mod.F90,Constructor,FUNCTION,204,0,False,1,3,18.5754247590989,0.875,16.2534966642115,0.902972036900641,0.0061918082530329,CTSM,fortran,b1,1.0,0.00043937408334374095,2275.9649189814813
786,func_metrics_01_CTSM_fortran,./models/01_CTSM/src/biogeophys/SnowCoverFractionNiuYang2007Mod.F90,ReadParams,SUBROUTINE,236,0,False,1,6,129.657842846621,3.125,405.18075889569,22.5100421608717,0.0432192809488736,CTSM,fortran,b1,1.0,0.00043937408334374095,2275.9649189814813
787,func_metrics_01_CTSM_fortran,./models/01_CTSM/src/biogeophys/SnowCoverFractionSwensonLawrence2012Mod.F90,UpdateSnowDepthAndFrac,SUBROUTINE,65,2,False,10,66,2607.93798394945,47.3958333333333,123605.394030938,6866.96633505209,0.869312661316484,CTSM,fortran,b1,6.0,0.0026362445000624457,2275.9649189814813
788,func_metrics_01_CTSM_fortran,./models/01_CTSM/src/biogeophys/SnowCoverFractionSwensonLawrence2012Mod.F90,ReadNamelist,SUBROUTINE,323,0,False,5,37,959.705712445094,15.1666666666667,14555.5366387506,808.640924375033,0.319901904148365,CTSM,fortran,b1,1.0,0.000439343499179165,2276.1233564814816
789,func_metrics_01_CTSM_fortran,./models/01_CTSM/src/biogeophys/SnowCoverFractionSwensonLawrence2012Mod.F90,AddNewsnowToIntsnow,SUBROUTINE,190,1,False,3,25,1052.20746786149,21.9761904761905,23123.5117341941,1284.63954078856,0.350735822620496,CTSM,fortran,b1,1.0,0.00043937408334374095,2275.9649189814813
790,func_metrics_01_CTSM_fortran,./models/01_CTSM/src/biogeophys/SnowCoverFractionSwensonLawrence2012Mod.F90,CheckValidInputs,SUBROUTINE,404,0,False,3,13,317.06856386476,7.97727272727273,2529.34240719388,140.519022621882,0.105689521288253,CTSM,fortran,b1,1.0,0.000439343499179165,2276.1233564814816
791,func_metrics_01_CTSM_fortran,./models/01_CTSM/src/biogeophys/SnowCoverFractionSwensonLawrence2012Mod.F90,SetDerivedParameters,SUBROUTINE,433,1,False,3,19,600.773953320327,11.025641025641,6623.91794686515,367.995441492508,0.200257984440109,CTSM,fortran,b1,2.0,0.00087868699835833,2276.1233564814816
792,func_metrics_01_CTSM_fortran,./models/01_CTSM/src/biogeophys/SnowCoverFractionSwensonLawrence2012Mod.F90,Init,SUBROUTINE,280,0,False,2,17,561.528243938464,7.59375,4264.10510240771,236.894727911539,0.187176081312821,CTSM,fortran,b1,1.0,0.000439343499179165,2276.1233564814816
793,func_metrics_01_CTSM_fortran,./models/01_CTSM/src/biogeophys/SnowCoverFractionSwensonLawrence2012Mod.F90,FracSnowDuringMelt,FUNCTION,244,0,False,1,13,474.060256272235,7.06451612903226,3349.00632656837,186.055907031576,0.158020085424078,CTSM,fortran,b1,1.0,0.00043937408334374095,2275.9649189814813
794,func_metrics_01_CTSM_fortran,./models/01_CTSM/src/biogeophys/SnowCoverFractionSwensonLawrence2012Mod.F90,Constructor,FUNCTION,274,0,False,1,3,18.5754247590989,0.875,16.2534966642115,0.902972036900641,0.0061918082530329,CTSM,fortran,b1,1.0,0.000439343499179165,2276.1233564814816
795,func_metrics_01_CTSM_fortran,./models/01_CTSM/src/biogeophys/SnowCoverFractionSwensonLawrence2012Mod.F90,ReadParams,SUBROUTINE,380,0,False,1,8,199.685816160313,3.42857142857143,684.637083978217,38.0353935543454,0.0665619387201044,CTSM,fortran,b1,1.0,0.000439343499179165,2276.1233564814816
796,func_metrics_01_CTSM_fortran,./models/01_CTSM/src/biogeophys/SnowHydrologyMod.F90,CombineSnowLayers,SUBROUTINE,2082,22,False,45,233,12080.3445610943,118.805555555556,1435212.04688334,79734.0026046299,4.02678152036476,CTSM,fortran,b3,26.0,0.006368232227748329,4082.76568287037
797,func_metrics_01_CTSM_fortran,./models/01_CTSM/src/biogeophys/SnowHydrologyMod.F90,DivideSnowLayers,SUBROUTINE,2509,22,False,44,269,14397.2094028962,117.177419354839,1687027.84374259,93723.7690968106,4.79906980096539,CTSM,fortran,b3,15.0,0.0036739801313932664,4082.76568287037
798,func_metrics_01_CTSM_fortran,./models/01_CTSM/src/biogeophys/SnowHydrologyMod.F90,InitSnowLayers,SUBROUTINE,2954,8,False,20,108,4285.73860195001,76.125,326251.851073444,18125.1028374136,1.42857953398334,CTSM,fortran,b2,15.0,0.0036739801313932664,4082.76568287037
799,func_metrics_01_CTSM_fortran,./models/01_CTSM/src/biogeophys/SnowHydrologyMod.F90,SnowCompaction,SUBROUTINE,1869,3,False,16,97,5030.41637651235,41.5,208762.279625262,11597.9044236257,1.67680545883745,CTSM,fortran,b2,28.0,0.006858096245267431,4082.76568287037
800,func_metrics_01_CTSM_fortran,./models/01_CTSM/src/biogeophys/SnowHydrologyMod.F90,CalcAndApplyAerosolFluxes,SUBROUTINE,1498,3,False,14,129,6479.60310070962,67.3148148148148,436173.282797768,24231.8490443204,2.15986770023654,CTSM,fortran,b2,5.0,0.0022348348992438653,2237.301736111111
801,func_metrics_01_CTSM_fortran,./models/01_CTSM/src/biogeophys/SnowHydrologyMod.F90,SnowHydrology_readnl,SUBROUTINE,187,0,False,9,70,1786.03416409805,20.0,35720.6832819609,1984.48240455339,0.595344721366016,CTSM,fortran,b1,15.0,0.004055895383361119,3698.3202430555557
802,func_metrics_01_CTSM_fortran,./models/01_CTSM/src/biogeophys/SnowHydrologyMod.F90,BulkFlux_SnowPercolation,SUBROUTINE,1292,4,False,9,52,2682.0,54.3333333333333,145722.0,8095.66666666667,0.894,CTSM,fortran,b1,3.0,0.001337142111102457,2243.5909953703704
803,func_metrics_01_CTSM_fortran,./models/01_CTSM/src/biogeophys/SnowHydrologyMod.F90,SnowCappingExcess,SUBROUTINE,3396,2,False,9,45,1528.65447599536,26.3529411764706,40284.5414850542,2238.03008250301,0.509551491998453,CTSM,fortran,b1,5.0,0.0015972836535029873,3130.3143865740744
804,func_metrics_01_CTSM_fortran,./models/01_CTSM/src/biogeophys/SnowHydrologyMod.F90,BulkDiag_NewSnowDiagnostics,SUBROUTINE,421,5,False,8,78,4098.47839761447,61.9354838709678,253841.24269096,14102.2912606089,1.36615946587149,CTSM,fortran,b1,33.0,0.01399386709154911,2358.1758912037035
805,func_metrics_01_CTSM_fortran,./models/01_CTSM/src/biogeophys/SnowHydrologyMod.F90,NewSnowBulkDensity,SUBROUTINE,3696,1,False,8,34,1408.29209036657,21.3818181818182,30111.8454231107,1672.88030128393,0.469430696788857,CTSM,fortran,b1,8.0,0.0021631442044592634,3698.3202430555557
806,func_metrics_01_CTSM_fortran,./models/01_CTSM/src/biogeophys/SnowHydrologyMod.F90,SnowHydrologySetControlForTesting,SUBROUTINE,4011,0,False,6,29,538.574716779222,4.58064516129032,2467.01967040805,137.056648356003,0.179524905593074,CTSM,fortran,b1,7.0,0.0020765251071782056,3371.0163078703704
807,func_metrics_01_CTSM_fortran,./models/01_CTSM/src/biogeophys/SnowHydrologyMod.F90,SnowWater,SUBROUTINE,1014,4,False,5,41,3436.86127097217,10.7142857142857,36823.513617559,2045.75075653106,1.14562042365739,CTSM,fortran,b1,35.0,0.008572620306584289,4082.76568287037
808,func_metrics_01_CTSM_fortran,./models/01_CTSM/src/biogeophys/SnowHydrologyMod.F90,UpdateState_TopLayerFluxes,SUBROUTINE,1167,2,False,5,66,3492.17755081635,41.9,146322.239379205,8129.01329884472,1.16405918360545,CTSM,fortran,b1,6.0,0.0026653080861956317,2251.146886574074
809,func_metrics_01_CTSM_fortran,./models/01_CTSM/src/biogeophys/SnowHydrologyMod.F90,UpdateState_SnowPercolation,SUBROUTINE,1452,2,False,5,26,944.598732568704,20.2205882352941,19100.3420188525,1061.13011215847,0.314866244189568,CTSM,fortran,b1,1.0,0.00044695909979705883,2237.3411805555556
810,func_metrics_01_CTSM_fortran,./models/01_CTSM/src/biogeophys/SnowHydrologyMod.F90,ZeroEmptySnowLayers,SUBROUTINE,2897,3,False,5,31,982.831151299192,17.8604651162791,17553.8214929716,975.21230516509,0.327610383766397,CTSM,fortran,b1,2.0,0.0008583820440305878,2329.964861111111
811,func_metrics_01_CTSM_fortran,./models/01_CTSM/src/biogeophys/SnowHydrologyMod.F90,BulkFlux_SnowCappingFluxes,SUBROUTINE,3287,2,False,5,67,3042.13467392933,38.1,115905.331076707,6439.18505981708,1.01404489130978,CTSM,fortran,b1,14.0,0.0037765094313405717,3707.126979166667
812,func_metrics_01_CTSM_fortran,./models/01_CTSM/src/biogeophys/SnowHydrologyMod.F90,TracerFlux_SnowPercolation,SUBROUTINE,1384,2,False,4,32,1440.52446156348,23.66,34082.8087605919,1893.48937558844,0.48017482052116,CTSM,fortran,b1,3.0,0.001339131483337655,2240.257986111111
813,func_metrics_01_CTSM_fortran,./models/01_CTSM/src/biogeophys/SnowHydrologyMod.F90,PostPercolation_AdjustLayerThicknesses,SUBROUTINE,1710,2,False,4,20,711.785899806797,15.3125,10899.2215907916,605.512310599532,0.237261966602265,CTSM,fortran,b1,1.0,0.0004469871598747822,2237.2007291666664
814,func_metrics_01_CTSM_fortran,./models/01_CTSM/src/biogeophys/SnowHydrologyMod.F90,BulkDiag_SnowWaterAccumulatedSnow,SUBROUTINE,1752,2,False,4,38,1493.51281853465,27.3076923076923,40784.3885061384,2265.79936145213,0.497837606178215,CTSM,fortran,b1,3.0,0.0013413510244837548,2236.5510185185185
815,func_metrics_01_CTSM_fortran,./models/01_CTSM/src/biogeophys/SnowHydrologyMod.F90,SnowCapping,SUBROUTINE,3120,3,False,4,37,3370.32117822497,10.5555555555556,35575.6124368191,1976.42291315662,1.12344039274166,CTSM,fortran,b1,14.0,0.0037765094313405717,3707.126979166667
816,func_metrics_01_CTSM_fortran,./models/01_CTSM/src/biogeophys/SnowHydrologyMod.F90,UpdateState_AddNewSnow,SUBROUTINE,564,1,False,3,24,895.346785456517,21.1666666666667,18951.5069588296,1052.86149771276,0.298448928485506,CTSM,fortran,b1,2.0,0.000868292900882466,2303.3702083333333
817,func_metrics_01_CTSM_fortran,./models/01_CTSM/src/biogeophys/SnowHydrologyMod.F90,BuildFilter_ThawedWetlandThinSnowpack,SUBROUTINE,668,1,False,3,23,855.065957721164,14.047619047619,12011.6408346544,667.313379703025,0.285021985907055,CTSM,fortran,b1,6.0,0.002544339471190747,2358.1758912037035
818,func_metrics_01_CTSM_fortran,./models/01_CTSM/src/biogeophys/SnowHydrologyMod.F90,BuildFilter_SnowpackInitialized,SUBROUTINE,856,1,False,3,28,1219.5445336321,24.7906976744186,30233.3598337631,1679.63110187573,0.406514844544032,CTSM,fortran,b1,9.0,0.003816509206786121,2358.1758912037035
819,func_metrics_01_CTSM_fortran,./models/01_CTSM/src/biogeophys/SnowHydrologyMod.F90,SumFlux_AddSnowPercolation,SUBROUTINE,1815,2,False,3,31,1137.77897620632,20.0,22755.5795241264,1264.19886245147,0.37925965873544,CTSM,fortran,b1,1.0,0.0004471170081612516,2236.5510185185185
820,func_metrics_01_CTSM_fortran,./models/01_CTSM/src/biogeophys/SnowHydrologyMod.F90,UpdateState_RemoveSnowCappingFluxes,SUBROUTINE,3574,1,False,3,27,1213.24112294627,23.7840909090909,28855.8371628015,1603.10206460009,0.404413707648755,CTSM,fortran,b1,3.0,0.0013447046581114086,2230.973159722222
821,func_metrics_01_CTSM_fortran,./models/01_CTSM/src/biogeophys/SnowHydrologyMod.F90,SnowCappingUpdateDzAndAerosols,SUBROUTINE,3622,1,False,3,44,1964.0619540416,35.0,68742.1683914562,3819.0093550809,0.654687318013868,CTSM,fortran,b1,1.0,0.00044823488603713623,2230.973159722222
822,func_metrics_01_CTSM_fortran,./models/01_CTSM/src/biogeophys/SnowHydrologyMod.F90,WindDriftCompaction,SUBROUTINE,3834,0,False,3,34,1259.27842591767,18.1707317073171,22882.0104221626,1271.22280123125,0.419759475305891,CTSM,fortran,b1,6.0,0.0016223581533444476,3698.3202430555557
823,func_metrics_01_CTSM_fortran,./models/01_CTSM/src/biogeophys/SnowHydrologyMod.F90,MassWeightedSnowRadius,FUNCTION,3948,0,False,3,16,471.894037558937,15.125,7137.39731807892,396.522073226607,0.157298012519646,CTSM,fortran,b1,6.0,0.0014695920525573066,4082.76568287037
824,func_metrics_01_CTSM_fortran,./models/01_CTSM/src/biogeophys/SnowHydrologyMod.F90,BuildSnowFilter,SUBROUTINE,3974,1,False,3,22,432.360308566354,13.1428571428571,5682.44976972922,315.691653873846,0.144120102855451,CTSM,fortran,b1,3.0,0.0007347960262786533,4082.76568287037
825,func_metrics_01_CTSM_fortran,./models/01_CTSM/src/biogeophys/SnowHydrologyMod.F90,UpdateQuantitiesForNewSnow,SUBROUTINE,339,1,False,2,24,1789.84887837805,8.88461538461539,15902.1188809742,883.451048943014,0.596616292792684,CTSM,fortran,b1,5.0,0.0022044246456267465,2268.1655324074077
826,func_metrics_01_CTSM_fortran,./models/01_CTSM/src/biogeophys/SnowHydrologyMod.F90,RemoveSnowFromThawedWetlands,SUBROUTINE,608,1,False,2,19,703.380742404465,6.73333333333333,4736.09699885673,263.116499936485,0.234460247468155,CTSM,fortran,b1,1.0,0.0004425647372326169,2259.556435185185
827,func_metrics_01_CTSM_fortran,./models/01_CTSM/src/biogeophys/SnowHydrologyMod.F90,UpdateState_RemoveSnowFromThawedWetlands,SUBROUTINE,713,1,False,2,12,333.405015400253,4.93548387096774,1645.5150760077,91.41750422265,0.111135005133418,CTSM,fortran,b1,2.0,0.000868292900882466,2303.3702083333333
828,func_metrics_01_CTSM_fortran,./models/01_CTSM/src/biogeophys/SnowHydrologyMod.F90,Bulk_RemoveSnowFromThawedWetlands,SUBROUTINE,745,1,False,2,12,333.405015400253,4.93548387096774,1645.5150760077,91.41750422265,0.111135005133418,CTSM,fortran,b1,2.0,0.000868292900882466,2303.3702083333333
829,func_metrics_01_CTSM_fortran,./models/01_CTSM/src/biogeophys/SnowHydrologyMod.F90,InitializeExplicitSnowPack,SUBROUTINE,778,1,False,2,23,1483.35492365149,8.08333333333333,11990.4522995162,666.136238862012,0.494451641217164,CTSM,fortran,b1,6.0,0.0026553792831283205,2259.5642129629628
830,func_metrics_01_CTSM_fortran,./models/01_CTSM/src/biogeophys/SnowHydrologyMod.F90,UpdateState_InitializeSnowPack,SUBROUTINE,918,1,False,2,18,657.862725579009,11.4117647058824,7507.3746330781,417.076368504339,0.219287575193003,CTSM,fortran,b1,3.0,0.0012721697355953735,2358.1758912037035
831,func_metrics_01_CTSM_fortran,./models/01_CTSM/src/biogeophys/SnowHydrologyMod.F90,Bulk_InitializeSnowPack,SUBROUTINE,954,1,False,2,34,1586.63396591401,19.5555555555556,31027.5086667628,1723.75048148682,0.528877988638002,CTSM,fortran,b1,5.0,0.0021708183601304447,2303.2788425925924
832,func_metrics_01_CTSM_fortran,./models/01_CTSM/src/biogeophys/SnowHydrologyMod.F90,InitFlux_SnowCapping,SUBROUTINE,3249,1,False,2,22,698.066750994279,10.5483870967742,7363.47830887514,409.082128270841,0.232688916998093,CTSM,fortran,b1,7.0,0.0018882547156702859,3707.126979166667
833,func_metrics_01_CTSM_fortran,./models/01_CTSM/src/biogeophys/SnowHydrologyMod.F90,readParams,SUBROUTINE,285,0,False,1,25,728.627072628059,6.16216216216216,4489.91817727561,249.439898737534,0.24287569087602,CTSM,fortran,b1,5.0,0.002506995358518616,1994.419328703704
834,func_metrics_01_CTSM_fortran,./models/01_CTSM/src/biogeophys/SnowHydrologyMod.F90,TracerFlux_SnowCappingFluxes,SUBROUTINE,3476,0,False,1,35,2342.23921338053,20.5,48015.9038743009,2667.55021523894,0.780746404460177,CTSM,fortran,b1,3.0,0.0013447046581114086,2230.973159722222
835,func_metrics_01_CTSM_fortran,./models/01_CTSM/src/biogeophys/SnowHydrologyMod.F90,OverburdenCompactionAnderson1976,FUNCTION,3765,0,False,1,10,423.72910602611,6.88888888888889,2919.02273040209,162.167929466783,0.141243035342037,CTSM,fortran,b1,3.0,0.0008111790766722238,3698.3202430555557
836,func_metrics_01_CTSM_fortran,./models/01_CTSM/src/biogeophys/SnowHydrologyMod.F90,OverburdenCompactionVionnet2012,FUNCTION,3793,0,False,1,18,782.20259267424,9.25714285714286,7240.96114361297,402.275619089609,0.26073419755808,CTSM,fortran,b1,7.0,0.0018927511789018556,3698.3202430555557
837,func_metrics_01_CTSM_fortran,./models/01_CTSM/src/biogeophys/SnowHydrologyMod.F90,Combo,SUBROUTINE,3901,0,False,1,29,969.434490202599,14.1724137931035,13739.2267404575,763.290374469862,0.323144830067533,CTSM,fortran,b1,5.0,0.0012246600437977554,4082.76568287037
838,func_metrics_01_CTSM_fortran,./models/01_CTSM/src/biogeophys/SnowHydrologyMod.F90,SnowHydrologyClean,SUBROUTINE,4054,0,False,1,6,66.6079149265397,2.1,139.876621345733,7.77092340809629,0.0222026383088466,CTSM,fortran,b1,1.0,0.00044616911068276694,2241.302627314815
839,func_metrics_01_CTSM_fortran,./models/01_CTSM/src/biogeophys/SnowSnicarMod.F90,SnowOptics_init,SUBROUTINE,1782,0,False,84,301,15340.6639421898,105.954545454546,1625413.07496566,90300.7263869811,5.11355464739661,CTSM,fortran,b4,17.0,0.004163844148912368,4082.76568287037
840,func_metrics_01_CTSM_fortran,./models/01_CTSM/src/biogeophys/SnowSnicarMod.F90,SNICAR_RT,SUBROUTINE,189,34,False,83,772,47318.3531609271,115.316455696203,5456584.77589931,303143.598661073,15.7727843869757,CTSM,fortran,b4,40.0,0.009797280350382043,4082.76568287037
841,func_metrics_01_CTSM_fortran,./models/01_CTSM/src/biogeophys/SnowSnicarMod.F90,SnowAge_grain,SUBROUTINE,1460,3,False,9,116,5775.89704409062,33.1259842519685,191332.274523537,10629.5708068632,1.92529901469687,CTSM,fortran,b1,16.0,0.003918912140152817,4082.76568287037
842,func_metrics_01_CTSM_fortran,./models/01_CTSM/src/biogeophys/SnowSnicarMod.F90,SnowAge_init,SUBROUTINE,2163,0,False,7,37,1211.82446816854,13.59,16468.6945224105,914.927473467247,0.403941489389513,CTSM,fortran,b1,3.0,0.0007347960262786533,4082.76568287037
843,func_metrics_01_CTSM_fortran,./models/01_CTSM/src/biogeophys/SnowSnicarMod.F90,piecewise_linear_interp1d,SUBROUTINE,2214,1,False,6,31,1075.02947516725,48.4130434782609,52045.4487216839,2891.41381787133,0.358343158389082,CTSM,fortran,b1,3.0,0.0007347960262786533,4082.76568287037
844,func_metrics_01_CTSM_fortran,./models/01_CTSM/src/biogeophys/SnowSnicarMod.F90,FreshSnowRadius,FUNCTION,1730,0,False,4,23,670.562939955808,19.9814814814815,13398.8409668948,744.380053716375,0.223520979985269,CTSM,fortran,b1,2.0,0.0006756893165976194,2959.940243055556
845,func_metrics_01_CTSM_fortran,./models/01_CTSM/src/biogeophys/SnowSnicarMod.F90,readParams,SUBROUTINE,161,0,False,1,12,278.826585479341,4.08333333333333,1138.54189070731,63.2523272615172,0.0929421951597803,CTSM,fortran,b1,3.0,0.0015486576955650853,1937.1614583333333
846,func_metrics_01_CTSM_fortran,./models/01_CTSM/src/biogeophys/SoilFluxesMod.F90,SoilFluxes,SUBROUTINE,38,12,False,43,236,15722.4797571641,68.3677130044843,1074909.98375661,59717.2213198116,5.24082658572137,CTSM,fortran,b3,44.0,0.010777008385420247,4082.76568287037
847,func_metrics_01_CTSM_fortran,./models/01_CTSM/src/biogeophys/SoilHydrologyInitTimeConstMod.F90,SoilHydrologyInitTimeConst,SUBROUTINE,64,9,False,21,144,6676.29614841778,45.0394736842105,300696.864684659,16705.3813713699,2.22543204947259,CTSM,fortran,b3,,,
848,func_metrics_01_CTSM_fortran,./models/01_CTSM/src/biogeophys/SoilHydrologyInitTimeConstMod.F90,initCLMVICMap,SUBROUTINE,370,3,False,9,45,1884.48582955129,42.5384615384615,80163.1279801434,4453.50711000797,0.628161943183764,CTSM,fortran,b1,1.0,0.000250558482968609,3991.084189814815
849,func_metrics_01_CTSM_fortran,./models/01_CTSM/src/biogeophys/SoilHydrologyInitTimeConstMod.F90,initSoilParVIC,SUBROUTINE,247,2,False,5,71,3567.93990346824,40.8712121212121,145826.028630388,8101.44603502153,1.18931330115608,CTSM,fortran,b1,2.0,0.000501116965937218,3991.084189814815
850,func_metrics_01_CTSM_fortran,./models/01_CTSM/src/biogeophys/SoilHydrologyInitTimeConstMod.F90,readParams,SUBROUTINE,42,0,False,1,9,185.754247590989,3.23809523809524,601.489944580345,33.4161080322414,0.0619180825303297,CTSM,fortran,b1,1.0,0.0006195131187603279,1614.1708217592593
851,func_metrics_01_CTSM_fortran,./models/01_CTSM/src/biogeophys/SoilHydrologyInitTimeConstMod.F90,linear_interp,SUBROUTINE,447,0,False,1,5,190.164836175044,7.28571428571429,1385.48666356103,76.9714813089464,0.0633882787250147,CTSM,fortran,b1,1.0,0.000250558482968609,3991.084189814815
852,func_metrics_01_CTSM_fortran,./models/01_CTSM/src/biogeophys/SoilHydrologyMod.F90,SubsurfaceLateralFlow,SUBROUTINE,2087,23,False,63,334,17436.8598281881,79.8809523809524,1392872.96960883,77381.8316449352,5.81228660939603,CTSM,fortran,b4,75.0,0.0202941654947543,3695.6434606481475
853,func_metrics_01_CTSM_fortran,./models/01_CTSM/src/biogeophys/SoilHydrologyMod.F90,Drainage,SUBROUTINE,922,27,False,55,339,18467.3137454106,85.1578947368421,1572637.56000391,87368.7533335506,6.15577124847019,CTSM,fortran,b4,31.0,0.007592892271546084,4082.76568287037
854,func_metrics_01_CTSM_fortran,./models/01_CTSM/src/biogeophys/SoilHydrologyMod.F90,PerchedLateralFlow,SUBROUTINE,1703,10,False,37,172,8051.81545316443,57.6714285714286,464359.699777497,25797.7610987499,2.68393848438814,CTSM,fortran,b3,29.0,0.00784707732463833,3695.6434606481475
855,func_metrics_01_CTSM_fortran,./models/01_CTSM/src/biogeophys/SoilHydrologyMod.F90,WaterTable,SUBROUTINE,665,12,False,27,150,7315.56451478183,50.618320610687,370301.590057392,20572.310558744,2.43852150492728,CTSM,fortran,b3,25.0,0.0061233002189887776,4082.76568287037
856,func_metrics_01_CTSM_fortran,./models/01_CTSM/src/biogeophys/SoilHydrologyMod.F90,PerchedWaterTable,SUBROUTINE,1583,3,False,12,60,2733.37245958789,30.9473684210526,84590.6845388252,4699.48247437918,0.911124153195963,CTSM,fortran,b2,13.0,0.0035176553524240784,3695.6434606481475
857,func_metrics_01_CTSM_fortran,./models/01_CTSM/src/biogeophys/SoilHydrologyMod.F90,CalcIrrigWithdrawals,SUBROUTINE,2739,5,False,11,65,2570.77382614655,36.9295774647887,94937.5911571304,5274.31061984058,0.856924608715517,CTSM,fortran,b2,11.0,0.004320143330573499,2546.2118171296297
858,func_metrics_01_CTSM_fortran,./models/01_CTSM/src/biogeophys/SoilHydrologyMod.F90,hillslope_hydrology_ReadNML,SUBROUTINE,90,0,False,9,56,1425.53095975758,19.7596153846154,28167.9434836713,1564.88574909285,0.475176986585859,CTSM,fortran,b1,1.0,0.0008028792961395101,1245.5172337962963
859,func_metrics_01_CTSM_fortran,./models/01_CTSM/src/biogeophys/SoilHydrologyMod.F90,CLMVICMap,SUBROUTINE,1471,7,False,8,55,2783.19415126635,18.6849315068493,52003.7920866754,2889.09956037085,0.92773138375545,CTSM,fortran,b1,7.0,0.0017145240613168577,4082.76568287037
860,func_metrics_01_CTSM_fortran,./models/01_CTSM/src/biogeophys/SoilHydrologyMod.F90,RenewCondensation,SUBROUTINE,2627,3,False,8,59,2680.82684033615,28.2911392405063,75843.6454196368,4213.53585664649,0.893608946778718,CTSM,fortran,b1,17.0,0.004600010845477641,3695.6434606481475
861,func_metrics_01_CTSM_fortran,./models/01_CTSM/src/biogeophys/SoilHydrologyMod.F90,ThetaBasedWaterTable,SUBROUTINE,1991,2,False,7,47,2143.13362416682,28.9615384615385,62068.4468845236,3448.2470491402,0.714377874722272,CTSM,fortran,b1,10.0,0.0027058887326339063,3695.6434606481475
862,func_metrics_01_CTSM_fortran,./models/01_CTSM/src/biogeophys/SoilHydrologyMod.F90,TotalSurfaceRunoff,SUBROUTINE,518,2,False,6,34,1420.17066143306,19.2786885245902,27379.0278335292,1521.05710186273,0.473390220477687,CTSM,fortran,b1,11.0,0.002694252096355062,4082.76568287037
863,func_metrics_01_CTSM_fortran,./models/01_CTSM/src/biogeophys/SoilHydrologyMod.F90,soilHydReadNML,SUBROUTINE,201,0,False,5,36,930.79891387747,16.7317073170732,15573.8549980474,865.214166558191,0.310266304625823,CTSM,fortran,b1,,,
864,func_metrics_01_CTSM_fortran,./models/01_CTSM/src/biogeophys/SoilHydrologyMod.F90,UpdateUrbanPonding,SUBROUTINE,611,1,False,5,26,865.887651284182,15.7872340425532,13669.9710053801,759.442833632225,0.288629217094727,CTSM,fortran,b1,6.0,0.0014695920525573066,4082.76568287037
865,func_metrics_01_CTSM_fortran,./models/01_CTSM/src/biogeophys/SoilHydrologyMod.F90,RouteInfiltrationExcess,SUBROUTINE,427,1,False,4,28,927.429512252194,17.4318181818182,16166.7826340326,898.154590779587,0.309143170750731,CTSM,fortran,b1,5.0,0.001672671576987677,2989.2299652777783
866,func_metrics_01_CTSM_fortran,./models/01_CTSM/src/biogeophys/SoilHydrologyMod.F90,WithdrawGroundwaterIrrigation,SUBROUTINE,2858,3,False,4,23,675.49793084855,7.07692307692308,4780.44689523589,265.580383068661,0.225165976949517,CTSM,fortran,b1,5.0,0.001963701513897045,2546.2118171296297
867,func_metrics_01_CTSM_fortran,./models/01_CTSM/src/biogeophys/SoilHydrologyMod.F90,SetSoilWaterFractions,SUBROUTINE,260,2,False,3,25,1150.27225228843,10.9473684210526,12592.4541303155,699.580785017528,0.383424084096145,CTSM,fortran,b1,13.0,0.0031841161138741643,4082.76568287037
868,func_metrics_01_CTSM_fortran,./models/01_CTSM/src/biogeophys/SoilHydrologyMod.F90,SetFloodc,SUBROUTINE,317,1,False,3,20,529.564867007818,10.8823529411765,5762.91178802625,320.161766001458,0.176521622335939,CTSM,fortran,b1,1.0,0.0004238528821559379,2359.309189814815
869,func_metrics_01_CTSM_fortran,./models/01_CTSM/src/biogeophys/SoilHydrologyMod.F90,SetQflxInputs,SUBROUTINE,356,1,False,3,28,1243.54828404384,14.9285714285714,18564.399383226,1031.35552129033,0.414516094681281,CTSM,fortran,b1,13.0,0.0031841161138741643,4082.76568287037
870,func_metrics_01_CTSM_fortran,./models/01_CTSM/src/biogeophys/SoilHydrologyMod.F90,Infiltration,SUBROUTINE,484,1,False,2,14,358.15198247445,6.22222222222222,2228.50122428547,123.805623571415,0.11938399415815,CTSM,fortran,b1,9.0,0.0022043880788359597,4082.76568287037
871,func_metrics_01_CTSM_fortran,./models/01_CTSM/src/biogeophys/SoilHydrologyMod.F90,readParams,SUBROUTINE,175,0,False,1,11,247.2541501125,3.82608695652174,946.015878691306,52.5564377050726,0.0824180500375001,CTSM,fortran,b1,2.0,0.0008391669112213371,2383.3160879629627
872,func_metrics_01_CTSM_fortran,./models/01_CTSM/src/biogeophys/SoilHydrologyType.F90,InitCold,SUBROUTINE,198,2,False,8,37,1106.12294168444,19.25,21292.8666274255,1182.93703485697,0.368707647228147,CTSM,fortran,b1,4.0,0.0009797280350382043,4082.76568287037
873,func_metrics_01_CTSM_fortran,./models/01_CTSM/src/biogeophys/SoilHydrologyType.F90,ReadNL,SUBROUTINE,318,0,False,4,34,814.259358322733,15.4318181818182,12565.5023704804,698.083465026686,0.271419786107578,CTSM,fortran,b1,5.0,0.0012246600437977554,4082.76568287037
874,func_metrics_01_CTSM_fortran,./models/01_CTSM/src/biogeophys/SoilHydrologyType.F90,Restart,SUBROUTINE,277,0,False,3,19,980.475631520268,12.5581395348837,12312.9497911848,684.052766176931,0.326825210506756,CTSM,fortran,b1,4.0,0.0009797280350382043,4082.76568287037
875,func_metrics_01_CTSM_fortran,./models/01_CTSM/src/biogeophys/SoilHydrologyType.F90,InitHistory,SUBROUTINE,149,0,False,2,24,872.091366112271,8.38235294117647,7310.1776277058,406.120979316989,0.290697122037424,CTSM,fortran,b1,11.0,0.002694252096355062,4082.76568287037
876,func_metrics_01_CTSM_fortran,./models/01_CTSM/src/biogeophys/SoilHydrologyType.F90,Init,SUBROUTINE,76,0,False,1,11,249.123305061478,4.18181818181818,1041.78836662073,57.8771314789292,0.0830411016871593,CTSM,fortran,b1,3.0,0.0007347960262786533,4082.76568287037
877,func_metrics_01_CTSM_fortran,./models/01_CTSM/src/biogeophys/SoilHydrologyType.F90,InitAllocate,SUBROUTINE,92,0,False,1,72,1943.3670059552,7.65789473684211,14882.0999666569,826.783331480942,0.647789001985068,CTSM,fortran,b1,11.0,0.002694252096355062,4082.76568287037
878,func_metrics_01_CTSM_fortran,./models/01_CTSM/src/biogeophys/SoilMoistStressMod.F90,normalize_unfrozen_rootfr,SUBROUTINE,219,4,False,9,51,1528.88666604336,17.0322580645161,26040.3922474483,1446.68845819157,0.509628888681121,CTSM,fortran,b1,5.0,0.0012246600437977554,4082.76568287037
879,func_metrics_01_CTSM_fortran,./models/01_CTSM/src/biogeophys/SoilMoistStressMod.F90,calc_root_moist_stress_clm45default,SUBROUTINE,311,4,False,8,62,2775.6273467117,27.115,75261.1355060876,4181.17419478265,0.925209115570565,CTSM,fortran,b1,19.0,0.0046537081664314705,4082.76568287037
880,func_metrics_01_CTSM_fortran,./models/01_CTSM/src/biogeophys/SoilMoistStressMod.F90,calc_effective_snowporosity,SUBROUTINE,116,2,False,4,30,1005.95659015329,18.9767441860465,19089.7808736066,1060.54338186704,0.33531886338443,CTSM,fortran,b1,3.0,0.0007347960262786533,4082.76568287037
881,func_metrics_01_CTSM_fortran,./models/01_CTSM/src/biogeophys/SoilMoistStressMod.F90,calc_volumetric_h2oliq,SUBROUTINE,170,2,False,4,28,1043.18046841982,19.3170731707317,20151.1934387438,1119.51074659688,0.347726822806607,CTSM,fortran,b1,4.0,0.0009797280350382043,4082.76568287037
882,func_metrics_01_CTSM_fortran,./models/01_CTSM/src/biogeophys/SoilMoistStressMod.F90,calc_effective_soilporosity,SUBROUTINE,69,2,False,3,26,943.271253811355,15.1875,14325.93216726,795.885120403331,0.314423751270452,CTSM,fortran,b1,3.0,0.0007347960262786533,4082.76568287037
883,func_metrics_01_CTSM_fortran,./models/01_CTSM/src/biogeophys/SoilMoistStressMod.F90,calc_root_moist_stress,SUBROUTINE,437,0,False,3,37,1489.64032587035,10.0070422535211,14906.8936835336,828.160760196311,0.496546775290118,CTSM,fortran,b1,1.0,0.0002449320087595511,4082.76568287037
884,func_metrics_01_CTSM_fortran,./models/01_CTSM/src/biogeophys/SoilMoistStressMod.F90,init_root_moist_stress,SUBROUTINE,40,0,False,1,4,30.0,1.33333333333333,40.0,2.22222222222222,0.01,CTSM,fortran,b1,1.0,0.0002449320087595511,4082.76568287037
885,func_metrics_01_CTSM_fortran,./models/01_CTSM/src/biogeophys/SoilMoistStressMod.F90,set_perchroot_opt,SUBROUTINE,51,0,False,1,7,85.1101135172451,1.81818181818182,154.745660940446,8.59698116335809,0.0283700378390817,CTSM,fortran,b1,1.0,0.0002449320087595511,4082.76568287037
886,func_metrics_01_CTSM_fortran,./models/01_CTSM/src/biogeophys/SoilStateInitTimeConstMod.F90,SoilStateInitTimeConst,SUBROUTINE,167,19,False,56,354,20196.303910922,93.4012875536481,1886360.78910489,104797.821616939,6.73210130364067,CTSM,fortran,b4,64.0,0.016035742909990977,3991.084189814815
887,func_metrics_01_CTSM_fortran,./models/01_CTSM/src/biogeophys/SoilStateInitTimeConstMod.F90,ReadNL,SUBROUTINE,65,0,False,4,32,835.335313009382,14.7777777777778,12344.3996255831,685.79997919906,0.27844510433646,CTSM,fortran,b1,3.0,0.000751675448905827,3991.084189814815
888,func_metrics_01_CTSM_fortran,./models/01_CTSM/src/biogeophys/SoilStateInitTimeConstMod.F90,ThresholdSoilMoistZender2003,FUNCTION,744,0,False,2,9,194.513164110452,11.9166666666667,2317.94853898288,128.774918832382,0.0648377213701505,CTSM,fortran,b1,11.0,0.021058963635752076,522.3428935185185
889,func_metrics_01_CTSM_fortran,./models/01_CTSM/src/biogeophys/SoilStateInitTimeConstMod.F90,readParams,SUBROUTINE,119,0,False,1,22,619.255446586343,5.82352941176471,3606.25230659106,200.34735036617,0.206418482195448,CTSM,fortran,b1,5.0,0.002506995358518616,1994.419328703704
890,func_metrics_01_CTSM_fortran,./models/01_CTSM/src/biogeophys/SoilStateInitTimeConstMod.F90,ThresholdSoilMoistKok2014,FUNCTION,788,0,False,1,4,111.013191544233,4.66666666666667,518.061560539753,28.7811978077641,0.0370043971814109,CTSM,fortran,b1,4.0,0.0076578049584553,522.3428935185185
891,func_metrics_01_CTSM_fortran,./models/01_CTSM/src/biogeophys/SoilStateInitTimeConstMod.F90,MassFracClay,FUNCTION,813,0,False,1,4,88.8105532353862,2.85,253.110076720851,14.0616709289362,0.0296035177451287,CTSM,fortran,b1,2.0,0.00382890247922765,522.3428935185185
892,func_metrics_01_CTSM_fortran,./models/01_CTSM/src/biogeophys/SoilStateInitTimeConstMod.F90,MassFracClayLeung2023,FUNCTION,822,0,False,1,4,105.48604608143,5.0,527.43023040715,29.3016794670639,0.0351620153604767,CTSM,fortran,b1,2.0,0.004354618783869888,459.28245370370365
893,func_metrics_01_CTSM_fortran,./models/01_CTSM/src/biogeophys/SoilStateType.F90,InitHistory,SUBROUTINE,181,0,False,10,69,3391.81975154327,28.1739130434783,95560.8347391323,5308.93526328513,1.13060658384776,CTSM,fortran,b1,18.0,0.0044087761576719195,4082.76568287037
894,func_metrics_01_CTSM_fortran,./models/01_CTSM/src/biogeophys/SoilStateType.F90,Restart,SUBROUTINE,339,0,False,3,26,1390.21064745244,14.1071428571429,19611.9002051327,1089.55001139626,0.463403549150815,CTSM,fortran,b1,10.0,0.0027058887326339063,3695.6434606481475
895,func_metrics_01_CTSM_fortran,./models/01_CTSM/src/biogeophys/SoilStateType.F90,Init,SUBROUTINE,95,0,False,1,7,105.48604608143,1.76923076923077,186.629158451761,10.3682865806534,0.0351620153604767,CTSM,fortran,b1,3.0,0.0007347960262786533,4082.76568287037
896,func_metrics_01_CTSM_fortran,./models/01_CTSM/src/biogeophys/SoilStateType.F90,InitAllocate,SUBROUTINE,107,0,False,1,109,3350.11938265358,12.8648648648649,43098.8331390028,2394.37961883349,1.11670646088453,CTSM,fortran,b1,11.0,0.002694252096355062,4082.76568287037
897,func_metrics_01_CTSM_fortran,./models/01_CTSM/src/biogeophys/SoilStateType.F90,InitCold,SUBROUTINE,319,0,False,1,7,195.041959970538,2.59090909090909,505.335987196395,28.0742215109108,0.0650139866568461,CTSM,fortran,b1,6.0,0.0014695920525573066,4082.76568287037
898,func_metrics_01_CTSM_fortran,./models/01_CTSM/src/biogeophys/SoilTemperatureMod.F90,Phasechange_beta,SUBROUTINE,1132,10,False,58,254,14939.9643375518,102.707746478873,1534450.06958468,85247.2260880376,4.97998811251726,CTSM,fortran,b4,38.0,0.009307416332862941,4082.76568287037
899,func_metrics_01_CTSM_fortran,./models/01_CTSM/src/biogeophys/SoilTemperatureMod.F90,SoilThermProp,SUBROUTINE,601,14,False,55,184,11728.5701341528,90.9064748201439,1066202.96557665,59233.4980875918,3.90952337805093,CTSM,fortran,b4,36.0,0.008817552315343839,4082.76568287037
900,func_metrics_01_CTSM_fortran,./models/01_CTSM/src/biogeophys/SoilTemperatureMod.F90,SoilTemperature,SUBROUTINE,91,17,False,50,247,17432.5279133363,65.8677685950413,1148241.71462223,63791.2063679018,5.81084263777876,CTSM,fortran,b3,40.0,0.009797280350382043,4082.76568287037
901,func_metrics_01_CTSM_fortran,./models/01_CTSM/src/biogeophys/SoilTemperatureMod.F90,SetMatrix_Soil,SUBROUTINE,2687,5,False,19,112,7255.43053970788,98.375,713752.979343763,39652.9432968757,2.41847684656929,CTSM,fortran,b2,15.0,0.0036739801313932664,4082.76568287037
902,func_metrics_01_CTSM_fortran,./models/01_CTSM/src/biogeophys/SoilTemperatureMod.F90,PhaseChangeH2osfc,SUBROUTINE,903,2,False,17,132,6119.84106906803,56.0776699029126,343186.427329485,19065.9126294158,2.03994702302268,CTSM,fortran,b2,19.0,0.0046537081664314705,4082.76568287037
903,func_metrics_01_CTSM_fortran,./models/01_CTSM/src/biogeophys/SoilTemperatureMod.F90,ComputeHeatDiffFluxAndFactor,SUBROUTINE,1799,2,False,17,71,4631.72898880048,60.0810810810811,278279.284921715,15459.9602734286,1.54390966293349,CTSM,fortran,b2,8.0,0.0019594560700764087,4082.76568287037
904,func_metrics_01_CTSM_fortran,./models/01_CTSM/src/biogeophys/SoilTemperatureMod.F90,SetRHSVec_Soil,SUBROUTINE,2217,5,False,17,82,4888.02435222405,71.984375,351861.377979628,19547.8543322015,1.62934145074135,CTSM,fortran,b2,9.0,0.0022043880788359597,4082.76568287037
905,func_metrics_01_CTSM_fortran,./models/01_CTSM/src/biogeophys/SoilTemperatureMod.F90,ComputeGroundHeatFluxAndDeriv,SUBROUTINE,1543,4,False,11,122,8978.35585059064,43.8518518518519,393717.530633308,21873.1961462949,2.99278528353021,CTSM,fortran,b2,14.0,0.0034290481226337153,4082.76568287037
906,func_metrics_01_CTSM_fortran,./models/01_CTSM/src/biogeophys/SoilTemperatureMod.F90,SetMatrix_Snow,SUBROUTINE,2591,4,False,9,62,3139.66005688815,46.2950819672131,145350.819682822,8075.04553793454,1.04655335229605,CTSM,fortran,b1,15.0,0.0036739801313932664,4082.76568287037
907,func_metrics_01_CTSM_fortran,./models/01_CTSM/src/biogeophys/SoilTemperatureMod.F90,SetRHSVec_Snow,SUBROUTINE,2055,4,False,8,58,3008.25473561569,45.2586206896552,136149.460017089,7563.8588898383,1.00275157853856,CTSM,fortran,b1,9.0,0.0022043880788359597,4082.76568287037
908,func_metrics_01_CTSM_fortran,./models/01_CTSM/src/biogeophys/SoilTemperatureMod.F90,BuildingHAC,SUBROUTINE,2934,1,False,5,32,940.57255349328,18.75,17635.735377999,979.7630765555,0.31352418449776,CTSM,fortran,b1,6.0,0.001487718368300799,4033.021388888889
909,func_metrics_01_CTSM_fortran,./models/01_CTSM/src/biogeophys/SoilTemperatureMod.F90,SetMatrix_StandingSurfaceWater,SUBROUTINE,2854,1,False,3,46,2456.7661221354,33.6,82547.3417037494,4585.96342798608,0.818922040711799,CTSM,fortran,b1,10.0,0.0024493200875955108,4082.76568287037
910,func_metrics_01_CTSM_fortran,./models/01_CTSM/src/biogeophys/SoilTemperatureMod.F90,SetRHSVec,SUBROUTINE,1913,1,False,2,57,3990.77468402318,30.3445945945946,121098.439905055,6727.69110583637,1.33025822800772,CTSM,fortran,b1,9.0,0.0022043880788359597,4082.76568287037
911,func_metrics_01_CTSM_fortran,./models/01_CTSM/src/biogeophys/SoilTemperatureMod.F90,SetRHSVec_StandingSurfaceWater,SUBROUTINE,2151,1,False,2,38,1837.04297523425,21.1764705882353,38902.0865343723,2161.22702968735,0.612347658411417,CTSM,fortran,b1,7.0,0.0017145240613168577,4082.76568287037
912,func_metrics_01_CTSM_fortran,./models/01_CTSM/src/biogeophys/SoilTemperatureMod.F90,AssembleMatrixFromSubmatrices,SUBROUTINE,2474,1,False,2,43,2319.76047407052,25.52,59200.2872982796,3288.90484990442,0.773253491356839,CTSM,fortran,b1,6.0,0.0014695920525573066,4082.76568287037
913,func_metrics_01_CTSM_fortran,./models/01_CTSM/src/biogeophys/SoilTemperatureMod.F90,SetMatrix,SUBROUTINE,2356,0,False,1,43,3255.17023450411,25.8235294117647,84059.9842910179,4669.99912727877,1.0850567448347,CTSM,fortran,b1,11.0,0.002694252096355062,4082.76568287037
914,func_metrics_01_CTSM_fortran,./models/01_CTSM/src/biogeophys/SoilWaterMovementMod.F90,soilwater_zengdecker2009,SUBROUTINE,413,20,False,32,317,23791.9948566375,122.176923076923,2906832.72544595,161490.70696922,7.93066495221251,CTSM,fortran,b3,25.0,0.0061233002189887776,4082.76568287037
915,func_metrics_01_CTSM_fortran,./models/01_CTSM/src/biogeophys/SoilWaterMovementMod.F90,soilwater_moisture_form,SUBROUTINE,968,6,False,21,176,10309.2725230491,68.125,702319.19063272,39017.7328129289,3.4364241743497,CTSM,fortran,b3,20.0,0.0048986401751910215,4082.76568287037
916,func_metrics_01_CTSM_fortran,./models/01_CTSM/src/biogeophys/SoilWaterMovementMod.F90,compute_moisture_fluxes_and_derivs,SUBROUTINE,1545,2,False,16,148,6813.96756960286,62.4537037037037,425557.511638623,23642.0839799235,2.27132252320095,CTSM,fortran,b2,4.0,0.0009797280350382043,4082.76568287037
917,func_metrics_01_CTSM_fortran,./models/01_CTSM/src/biogeophys/SoilWaterMovementMod.F90,SoilWater,SUBROUTINE,239,5,False,14,79,2779.69764431378,29.2134831460674,81204.6502833238,4511.36946018465,0.926565881437925,CTSM,fortran,b2,11.0,0.002694252096355062,4082.76568287037
918,func_metrics_01_CTSM_fortran,./models/01_CTSM/src/biogeophys/SoilWaterMovementMod.F90,init_soilwater_movement,SUBROUTINE,109,0,False,7,70,1793.89978286281,26.2327586206897,47058.9399935478,2614.3855551971,0.597966594287605,CTSM,fortran,b1,4.0,0.0009797280350382043,4082.76568287037
919,func_metrics_01_CTSM_fortran,./models/01_CTSM/src/biogeophys/SoilWaterMovementMod.F90,compute_qcharge,SUBROUTINE,2001,2,False,6,65,2924.47692606251,27.3469387755102,79975.4914474237,4443.08285819021,0.974825642020836,CTSM,fortran,b1,6.0,0.0014695920525573066,4082.76568287037
920,func_metrics_01_CTSM_fortran,./models/01_CTSM/src/biogeophys/SoilWaterMovementMod.F90,TridiagonalCol,SUBROUTINE,2149,2,False,6,42,1505.50111574779,29.1136363636364,43830.6120289299,2435.03400160721,0.501833705249262,CTSM,fortran,b1,7.0,0.0017145240613168577,4082.76568287037
921,func_metrics_01_CTSM_fortran,./models/01_CTSM/src/biogeophys/SoilWaterMovementMod.F90,compute_RHS_moisture_form,SUBROUTINE,1856,1,False,5,37,1113.43471004235,14.3269230769231,15952.0934419528,886.227413441824,0.371144903347449,CTSM,fortran,b1,2.0,0.0004898640175191022,4082.76568287037
922,func_metrics_01_CTSM_fortran,./models/01_CTSM/src/biogeophys/SoilWaterMovementMod.F90,compute_hydraulic_properties,SUBROUTINE,1429,2,False,4,58,2230.91878054979,23.8333333333333,53170.2309364366,2953.90171869092,0.743639593516596,CTSM,fortran,b1,4.0,0.0009797280350382043,4082.76568287037
923,func_metrics_01_CTSM_fortran,./models/01_CTSM/src/biogeophys/SoilWaterMovementMod.F90,use_aquifer_layer,FUNCTION,220,0,False,2,10,129.657842846621,6.0,777.947057079725,43.2192809488736,0.0432192809488736,CTSM,fortran,b1,1.0,0.00027058887326339063,3695.6434606481475
924,func_metrics_01_CTSM_fortran,./models/01_CTSM/src/biogeophys/SoilWaterMovementMod.F90,compute_LHS_moisture_form,SUBROUTINE,1926,1,False,2,42,1637.40398535639,14.0,22923.6557949895,1273.53643305497,0.54580132845213,CTSM,fortran,b1,2.0,0.0004898640175191022,4082.76568287037
925,func_metrics_01_CTSM_fortran,./models/01_CTSM/src/biogeophys/SoilWaterMovementMod.F90,readParams,SUBROUTINE,88,0,False,1,8,155.888725024519,2.9,452.077302571106,25.1154056983948,0.0519629083415064,CTSM,fortran,b1,1.0,0.0005013990717037232,1994.419328703704
926,func_metrics_01_CTSM_fortran,./models/01_CTSM/src/biogeophys/SoilWaterMovementMod.F90,BaseflowSink,SUBROUTINE,373,0,False,1,20,592.845730686674,6.19565217391304,3673.06594012396,204.059218895775,0.197615243562225,CTSM,fortran,b1,5.0,0.0013529443663169531,3695.6434606481475
927,func_metrics_01_CTSM_fortran,./models/01_CTSM/src/biogeophys/SoilWaterMovementMod.F90,IceImpedance,SUBROUTINE,2124,0,False,1,9,245.0,4.5,1102.5,61.25,0.0816666666666667,CTSM,fortran,b1,3.0,0.0007347960262786533,4082.76568287037
928,func_metrics_01_CTSM_fortran,./models/01_CTSM/src/biogeophys/SoilWaterPlantSinkMod.F90,Compute_EffecRootFrac_And_VertTranSink_HydStress_Roads,SUBROUTINE,146,9,False,13,55,1672.46792919273,24.8571428571429,41572.7742399337,2309.59856888521,0.557489309730911,CTSM,fortran,b2,4.0,0.0012944597870224114,3090.0921296296297
929,func_metrics_01_CTSM_fortran,./models/01_CTSM/src/biogeophys/SoilWaterPlantSinkMod.F90,Compute_EffecRootFrac_And_VertTranSink_Default,SUBROUTINE,332,9,False,13,56,1814.0639266926,23.3571428571429,42371.3502877486,2353.96390487492,0.6046879755642,CTSM,fortran,b2,4.0,0.0012944597870224114,3090.0921296296297
930,func_metrics_01_CTSM_fortran,./models/01_CTSM/src/biogeophys/SoilWaterPlantSinkMod.F90,Compute_EffecRootFrac_And_VertTranSink,SUBROUTINE,18,3,False,11,73,1856.22329228008,31.0096153846154,57560.7703615698,3197.82057564276,0.618741097426693,CTSM,fortran,b2,3.0,0.0009708448402668085,3090.0921296296297
931,func_metrics_01_CTSM_fortran,./models/01_CTSM/src/biogeophys/SoilWaterPlantSinkMod.F90,Compute_EffecRootFrac_And_VertTranSink_HydStress,SUBROUTINE,236,3,False,9,54,2113.77296273149,21.0853658536585,44569.6762507652,2476.09312504251,0.704590987577164,CTSM,fortran,b1,6.0,0.001941689680533617,3090.0921296296297
932,func_metrics_01_CTSM_fortran,./models/01_CTSM/src/biogeophys/SoilWaterRetentionCurveClappHornberg1978Mod.F90,soil_hk,SUBROUTINE,45,0,False,2,18,666.550662201317,11.1315789473684,7419.76131871466,412.208962150814,0.222183554067106,CTSM,fortran,b1,2.0,0.000492964101395595,4057.090555555556
933,func_metrics_01_CTSM_fortran,./models/01_CTSM/src/biogeophys/SoilWaterRetentionCurveClappHornberg1978Mod.F90,soil_suction,SUBROUTINE,87,0,False,2,17,548.052740224912,10.3235294117647,5657.83858291012,314.324365717229,0.182684246741637,CTSM,fortran,b1,2.0,0.000492964101395595,4057.090555555556
934,func_metrics_01_CTSM_fortran,./models/01_CTSM/src/biogeophys/SoilWaterRetentionCurveClappHornberg1978Mod.F90,constructor,FUNCTION,35,0,False,1,2,16.2534966642115,0.75,12.1901224981587,0.677229027675481,0.0054178322214038,CTSM,fortran,b1,1.0,0.0002464820506977975,4057.090555555556
935,func_metrics_01_CTSM_fortran,./models/01_CTSM/src/biogeophys/SoilWaterRetentionCurveClappHornberg1978Mod.F90,soil_suction_inverse,SUBROUTINE,127,0,False,1,13,431.076175685876,7.0,3017.53322980113,167.640734988952,0.143692058561959,CTSM,fortran,b1,2.0,0.000492964101395595,4057.090555555556
936,func_metrics_01_CTSM_fortran,./models/01_CTSM/src/biogeophys/SoilWaterRetentionCurveFactoryMod.F90,create_soil_water_retention_curve,FUNCTION,25,0,False,4,18,359.452282228398,6.75862068965517,2429.40163161262,134.966757311812,0.119817427409466,CTSM,fortran,b1,3.0,0.0007394461520933925,4057.090555555556
937,func_metrics_01_CTSM_fortran,./models/01_CTSM/src/biogeophys/SoilWaterRetentionCurveVanGenuchten1980Mod.F90,soil_hk,SUBROUTINE,45,0,False,2,18,666.550662201317,11.1315789473684,7419.76131871466,412.208962150814,0.222183554067106,CTSM,fortran,b1,1.0,0.00027058887326339063,3695.6434606481475
938,func_metrics_01_CTSM_fortran,./models/01_CTSM/src/biogeophys/SoilWaterRetentionCurveVanGenuchten1980Mod.F90,soil_suction,SUBROUTINE,87,0,False,2,17,548.052740224912,10.3235294117647,5657.83858291012,314.324365717229,0.182684246741637,CTSM,fortran,b1,1.0,0.00027058887326339063,3695.6434606481475
939,func_metrics_01_CTSM_fortran,./models/01_CTSM/src/biogeophys/SoilWaterRetentionCurveVanGenuchten1980Mod.F90,constructor,FUNCTION,35,0,False,1,2,16.2534966642115,0.75,12.1901224981587,0.677229027675481,0.0054178322214038,CTSM,fortran,b1,1.0,0.00027058887326339063,3695.6434606481475
940,func_metrics_01_CTSM_fortran,./models/01_CTSM/src/biogeophys/SoilWaterRetentionCurveVanGenuchten1980Mod.F90,soil_suction_inverse,SUBROUTINE,127,0,False,1,13,431.076175685876,7.0,3017.53322980113,167.640734988952,0.143692058561959,CTSM,fortran,b1,1.0,0.00027058887326339063,3695.6434606481475
941,func_metrics_01_CTSM_fortran,./models/01_CTSM/src/biogeophys/SolarAbsorbedType.F90,InitHistory,SUBROUTINE,165,0,False,3,76,4723.30459470604,24.3076923076923,114812.634763624,6378.47970909021,1.57443486490201,CTSM,fortran,b1,9.0,0.0022043880788359597,4082.76568287037
942,func_metrics_01_CTSM_fortran,./models/01_CTSM/src/biogeophys/SolarAbsorbedType.F90,InitAllocate,SUBROUTINE,95,0,False,2,101,3053.4912698306,20.4246575342466,62366.5134701016,3464.80630389454,1.01783042327687,CTSM,fortran,b1,6.0,0.0014695920525573066,4082.76568287037
943,func_metrics_01_CTSM_fortran,./models/01_CTSM/src/biogeophys/SolarAbsorbedType.F90,Restart,SUBROUTINE,371,0,False,2,31,3917.38891512448,18.7384615384615,73405.8415172557,4078.1023065142,1.30579630504149,CTSM,fortran,b1,4.0,0.0009797280350382043,4082.76568287037
944,func_metrics_01_CTSM_fortran,./models/01_CTSM/src/biogeophys/SolarAbsorbedType.F90,Init,SUBROUTINE,83,0,False,1,7,105.48604608143,1.76923076923077,186.629158451761,10.3682865806534,0.0351620153604767,CTSM,fortran,b1,1.0,0.0002449320087595511,4082.76568287037
945,func_metrics_01_CTSM_fortran,./models/01_CTSM/src/biogeophys/SolarAbsorbedType.F90,InitCold,SUBROUTINE,341,0,False,1,18,505.0,2.93333333333333,1481.33333333333,82.2962962962963,0.168333333333333,CTSM,fortran,b1,1.0,0.0002449320087595511,4082.76568287037
946,func_metrics_01_CTSM_fortran,./models/01_CTSM/src/biogeophys/SurfaceAlbedoMod.F90,SurfaceAlbedo,SUBROUTINE,279,32,False,72,465,33015.2360351185,101.957006369427,3366134.6307207,187007.479484483,11.0050786783728,CTSM,fortran,b4,51.0,0.012491532446737105,4082.76568287037
947,func_metrics_01_CTSM_fortran,./models/01_CTSM/src/biogeophys/SurfaceAlbedoMod.F90,TwoStream,SUBROUTINE,1301,4,False,19,278,22688.0255838314,81.6651376146789,1852820.73150895,102934.48508383,7.56267519461046,CTSM,fortran,b2,17.0,0.004163844148912368,4082.76568287037
948,func_metrics_01_CTSM_fortran,./models/01_CTSM/src/biogeophys/SurfaceAlbedoMod.F90,SoilAlbedo,SUBROUTINE,1170,2,False,9,61,2995.09655400907,34.4302325581395,103121.870888615,5728.99282714525,0.998365518003023,CTSM,fortran,b1,8.0,0.0019594560700764087,4082.76568287037
949,func_metrics_01_CTSM_fortran,./models/01_CTSM/src/biogeophys/SurfaceAlbedoMod.F90,SurfaceAlbedoInitTimeConst,SUBROUTINE,139,1,False,8,56,2485.80283380567,33.0223880597015,82087.1458178365,4560.39698987981,0.82860094460189,CTSM,fortran,b1,3.0,0.0007347960262786533,4082.76568287037
950,func_metrics_01_CTSM_fortran,./models/01_CTSM/src/biogeophys/SurfaceAlbedoMod.F90,SurfaceAlbedo_readnl,SUBROUTINE,86,0,False,5,34,850.863801295724,15.2236842105263,12953.2818170941,719.62676761634,0.283621267098575,CTSM,fortran,b1,1.0,0.00041975230358266656,2382.357384259259
951,func_metrics_01_CTSM_fortran,./models/01_CTSM/src/biogeophys/SurfaceAlbedoMod.F90,UpdateZenithAngles,SUBROUTINE,230,2,False,5,25,909.9308422097,14.8260869565217,13490.7137910221,749.484099501226,0.303310280736567,CTSM,fortran,b1,3.0,0.010814327632321872,277.40975694444444
952,func_metrics_01_CTSM_fortran,./models/01_CTSM/src/biogeophys/SurfaceAlbedoType.F90,Restart,SUBROUTINE,403,7,False,77,219,21072.409579239,93.4769230769231,1969784.00928394,109432.444960219,7.02413652641299,CTSM,fortran,b4,12.0,0.0029391841051146133,4082.76568287037
953,func_metrics_01_CTSM_fortran,./models/01_CTSM/src/biogeophys/SurfaceAlbedoType.F90,InitHistory,SUBROUTINE,201,0,False,3,71,4092.21161107377,21.05,86141.0544131029,4785.61413406127,1.36407053702459,CTSM,fortran,b1,17.0,0.004163844148912368,4082.76568287037
954,func_metrics_01_CTSM_fortran,./models/01_CTSM/src/biogeophys/SurfaceAlbedoType.F90,InitCold,SUBROUTINE,353,0,False,2,39,1145.4008081995,7.46666666666667,8552.32603455629,475.129224142016,0.381800269399834,CTSM,fortran,b1,4.0,0.0009797280350382043,4082.76568287037
955,func_metrics_01_CTSM_fortran,./models/01_CTSM/src/biogeophys/SurfaceAlbedoType.F90,Init,SUBROUTINE,99,0,False,1,7,105.48604608143,1.76923076923077,186.629158451761,10.3682865806534,0.0351620153604767,CTSM,fortran,b1,1.0,0.0002449320087595511,4082.76568287037
956,func_metrics_01_CTSM_fortran,./models/01_CTSM/src/biogeophys/SurfaceAlbedoType.F90,InitAllocate,SUBROUTINE,111,0,False,1,134,4448.29829207342,15.8244680851064,70391.954355949,3910.66413088606,1.48276609735781,CTSM,fortran,b1,9.0,0.0022043880788359597,4082.76568287037
957,func_metrics_01_CTSM_fortran,./models/01_CTSM/src/biogeophys/SurfaceHumidityMod.F90,CalculateSurfaceHumidity,SUBROUTINE,41,3,False,17,115,5981.93403298818,46.7460317460318,279631.678208733,15535.0932338185,1.99397801099606,CTSM,fortran,b2,9.0,0.004070029377698161,2211.28625
958,func_metrics_01_CTSM_fortran,./models/01_CTSM/src/biogeophys/SurfaceRadiationMod.F90,SurfaceRadiation,SUBROUTINE,457,8,False,42,334,21604.7441969694,63.3387096774194,1368416.62034676,76023.1455748198,7.20158139898981,CTSM,fortran,b3,50.0,0.012246600437977555,4082.76568287037
959,func_metrics_01_CTSM_fortran,./models/01_CTSM/src/biogeophys/SurfaceRadiationMod.F90,CanopySunShadeFracs,SUBROUTINE,347,4,False,6,46,1978.0332009,22.9411764705882,45378.4087265295,2521.02270702942,0.659344400300001,CTSM,fortran,b1,9.0,0.0022043880788359597,4082.76568287037
960,func_metrics_01_CTSM_fortran,./models/01_CTSM/src/biogeophys/SurfaceRadiationMod.F90,InitHistory,SUBROUTINE,153,0,False,4,81,4582.05821755058,19.9166666666667,91259.3261662157,5069.96256478976,1.52735273918353,CTSM,fortran,b1,5.0,0.0012246600437977554,4082.76568287037
961,func_metrics_01_CTSM_fortran,./models/01_CTSM/src/biogeophys/SurfaceRadiationMod.F90,Init,SUBROUTINE,89,0,False,1,7,105.48604608143,1.76923076923077,186.629158451761,10.3682865806534,0.0351620153604767,CTSM,fortran,b1,2.0,0.0004898640175191022,4082.76568287037
962,func_metrics_01_CTSM_fortran,./models/01_CTSM/src/biogeophys/SurfaceRadiationMod.F90,InitAllocate,SUBROUTINE,101,0,False,1,68,1741.28781818721,8.07,14052.1926927708,780.6773718206,0.580429272729071,CTSM,fortran,b1,5.0,0.0012246600437977554,4082.76568287037
963,func_metrics_01_CTSM_fortran,./models/01_CTSM/src/biogeophys/SurfaceRadiationMod.F90,InitCold,SUBROUTINE,330,0,False,1,5,68.5323885970369,0.653846153846154,44.8096386980626,2.48942437211459,0.0228441295323456,CTSM,fortran,b1,3.0,0.0007347960262786533,4082.76568287037
964,func_metrics_01_CTSM_fortran,./models/01_CTSM/src/biogeophys/SurfaceResistanceMod.F90,calc_beta_leepielke1992,SUBROUTINE,240,1,False,8,51,2345.15390134938,27.6279069767442,64791.6938326295,3599.53854625719,0.781717967116461,CTSM,fortran,b1,7.0,0.0017145240613168577,4082.76568287037
965,func_metrics_01_CTSM_fortran,./models/01_CTSM/src/biogeophys/SurfaceResistanceMod.F90,calc_soil_resistance_sl14,SUBROUTINE,337,1,False,7,55,3077.92339437337,29.07,89475.2330744337,4970.84628191298,1.02597446479112,CTSM,fortran,b1,8.0,0.002164710986107125,3695.6434606481475
966,func_metrics_01_CTSM_fortran,./models/01_CTSM/src/biogeophys/SurfaceResistanceMod.F90,soil_resistance_readNL,SUBROUTINE,110,0,False,5,36,836.259108776295,16.6463414634146,13920.654676581,773.3697042545,0.278753036258765,CTSM,fortran,b1,3.0,0.0007347960262786533,4082.76568287037
967,func_metrics_01_CTSM_fortran,./models/01_CTSM/src/biogeophys/SurfaceResistanceMod.F90,calc_soilevap_resis,SUBROUTINE,191,0,False,4,27,830.303227258804,7.84259259259259,6511.72993970562,361.76277442809,0.276767742419601,CTSM,fortran,b1,2.0,0.0004898640175191022,4082.76568287037
968,func_metrics_01_CTSM_fortran,./models/01_CTSM/src/biogeophys/SurfaceResistanceMod.F90,do_soilevap_beta,FUNCTION,319,0,False,2,10,108.4180500375,5.09090909090909,551.946436554546,30.663690919697,0.0361393500125,CTSM,fortran,b1,2.0,0.0004898640175191022,4082.76568287037
969,func_metrics_01_CTSM_fortran,./models/01_CTSM/src/biogeophys/SurfaceResistanceMod.F90,do_soil_resistance_sl14,FUNCTION,428,0,False,2,10,108.4180500375,5.09090909090909,551.946436554546,30.663690919697,0.0361393500125,CTSM,fortran,b1,1.0,0.00027058887326339063,3695.6434606481475
970,func_metrics_01_CTSM_fortran,./models/01_CTSM/src/biogeophys/SurfaceResistanceMod.F90,readParams,SUBROUTINE,169,0,False,1,9,185.754247590989,3.23809523809524,601.489944580345,33.4161080322414,0.0619180825303297,CTSM,fortran,b1,2.0,0.0008401881969049305,2380.4190625
971,func_metrics_01_CTSM_fortran,./models/01_CTSM/src/biogeophys/SurfaceWaterMod.F90,QflxH2osfcSurf,SUBROUTINE,436,1,False,7,46,1771.45168680385,33.3333333333333,59048.3895601283,3280.46608667379,0.590483895601283,CTSM,fortran,b1,8.0,0.003391912076927977,2358.551701388889
972,func_metrics_01_CTSM_fortran,./models/01_CTSM/src/biogeophys/SurfaceWaterMod.F90,BulkDiag_FracH2oSfc,SUBROUTINE,181,2,False,6,54,2337.11645008847,44.84375,104805.065808655,5822.50365603637,0.779038816696156,CTSM,fortran,b1,10.0,0.0042398650246821,2358.565648148148
973,func_metrics_01_CTSM_fortran,./models/01_CTSM/src/biogeophys/SurfaceWaterMod.F90,QflxH2osfcDrain,SUBROUTINE,508,1,False,4,29,1010.87821263053,19.6216216216216,19835.0697937774,1101.94832187652,0.336959404210176,CTSM,fortran,b1,3.0,0.0012719670288479914,2358.551701388889
974,func_metrics_01_CTSM_fortran,./models/01_CTSM/src/biogeophys/SurfaceWaterMod.F90,UpdateFracH2oSfc,SUBROUTINE,75,2,False,3,25,1560.42984863303,8.32394366197183,12988.9301484806,721.607230471143,0.520143282877677,CTSM,fortran,b1,8.0,0.00339189201974568,2358.565648148148
975,func_metrics_01_CTSM_fortran,./models/01_CTSM/src/biogeophys/SurfaceWaterMod.F90,UpdateH2osfc,SUBROUTINE,345,2,False,3,29,1863.31735043558,15.25,28415.5895941426,1578.64386634125,0.621105783478526,CTSM,fortran,b1,2.0,0.0008479780192319942,2358.551701388889
976,func_metrics_01_CTSM_fortran,./models/01_CTSM/src/biogeophys/SurfaceWaterMod.F90,UpdateState_TooSmallH2osfcToSoil,SUBROUTINE,298,1,False,2,22,993.803642408392,13.7560975609756,13670.8598614228,759.492214523486,0.331267880802797,CTSM,fortran,b1,2.0,0.0008710076440951471,2296.1910995370367
977,func_metrics_01_CTSM_fortran,./models/01_CTSM/src/biogeophys/SurfaceWaterMod.F90,readParams,SUBROUTINE,53,0,False,1,9,185.754247590989,3.23809523809524,601.489944580345,33.4161080322414,0.0619180825303297,CTSM,fortran,b1,1.0,0.0006195131187603279,1614.1708217592593
978,func_metrics_01_CTSM_fortran,./models/01_CTSM/src/biogeophys/TemperatureType.F90,InitCold,SUBROUTINE,670,11,False,53,185,7520.5564885885,58.968,443472.175019087,24637.3430566159,2.50685216286283,CTSM,fortran,b4,28.0,0.006858096245267431,4082.76568287037
979,func_metrics_01_CTSM_fortran,./models/01_CTSM/src/biogeophys/TemperatureType.F90,UpdateAccVars,SUBROUTINE,1520,7,False,26,146,4851.51613629402,32.9907407407407,160055.111051996,8891.95061399979,1.61717204543134,CTSM,fortran,b3,27.0,0.00661316423650788,4082.76568287037
980,func_metrics_01_CTSM_fortran,./models/01_CTSM/src/biogeophys/TemperatureType.F90,Restart,SUBROUTINE,924,0,False,21,91,9566.53753982095,47.41,453549.544762911,25197.1969312728,3.18884584660698,CTSM,fortran,b3,17.0,0.004163844148912368,4082.76568287037
981,func_metrics_01_CTSM_fortran,./models/01_CTSM/src/biogeophys/TemperatureType.F90,InitHistory,SUBROUTINE,306,0,False,13,164,10796.30430736,48.4033613445378,522577.418574736,29032.0788097075,3.59876810245333,CTSM,fortran,b2,38.0,0.009307416332862941,4082.76568287037
982,func_metrics_01_CTSM_fortran,./models/01_CTSM/src/biogeophys/TemperatureType.F90,UpdateAccVars_CropGDDs,SUBROUTINE,1410,1,False,11,71,2525.52867608337,29.5384615384615,74600.2316627704,4144.45731459835,0.84184289202779,CTSM,fortran,b2,18.0,0.0044087761576719195,4082.76568287037
983,func_metrics_01_CTSM_fortran,./models/01_CTSM/src/biogeophys/TemperatureType.F90,InitAccVars,SUBROUTINE,1293,0,False,6,73,2288.53797034923,22.3188405797102,51077.5141208378,2837.63967337988,0.762845990116408,CTSM,fortran,b1,13.0,0.0031841161138741643,4082.76568287037
984,func_metrics_01_CTSM_fortran,./models/01_CTSM/src/biogeophys/TemperatureType.F90,ReadNL,SUBROUTINE,1756,0,False,6,42,1105.79678584748,17.4285714285714,19272.4582676276,1070.69212597931,0.368598928615828,CTSM,fortran,b1,1.0,0.002139511238067551,467.3964699074074
985,func_metrics_01_CTSM_fortran,./models/01_CTSM/src/biogeophys/TemperatureType.F90,InitAccBuffer,SUBROUTINE,1176,0,False,4,34,2680.69327657843,23.625,63331.3786591653,3518.40992550918,0.893564425526142,CTSM,fortran,b1,10.0,0.0024493200875955108,4082.76568287037
986,func_metrics_01_CTSM_fortran,./models/01_CTSM/src/biogeophys/TemperatureType.F90,Init,SUBROUTINE,149,0,False,2,21,800.916483628267,13.1578947368421,10538.3747845825,585.465265810137,0.266972161209422,CTSM,fortran,b1,7.0,0.0017145240613168577,4082.76568287037
987,func_metrics_01_CTSM_fortran,./models/01_CTSM/src/biogeophys/TemperatureType.F90,InitAllocate,SUBROUTINE,189,0,False,2,167,5199.82930077937,21.7196261682243,112938.348551507,6274.35269730595,1.73327643359312,CTSM,fortran,b1,25.0,0.0061233002189887776,4082.76568287037
988,func_metrics_01_CTSM_fortran,./models/01_CTSM/src/biogeophys/TemperatureType.F90,Clean,SUBROUTINE,1734,0,False,1,7,112.587975038942,2.3,258.952342589568,14.386241254976,0.0375293250129808,CTSM,fortran,b1,1.0,0.001191499642963822,839.2784722222223
989,func_metrics_01_CTSM_fortran,./models/01_CTSM/src/biogeophys/TotalWaterAndHeatMod.F90,AccumulateSoilHeatNonLake,SUBROUTINE,775,4,False,13,71,3402.34606768617,34.6352941176471,117841.25674433,6546.73648579613,1.13411535589539,CTSM,fortran,b2,11.0,0.003511112515950182,3132.9101388888885
990,func_metrics_01_CTSM_fortran,./models/01_CTSM/src/biogeophys/TotalWaterAndHeatMod.F90,ComputeLiqIceMassNonLake,SUBROUTINE,200,4,False,8,50,2441.9806067868,27.6111111111111,67425.7978651688,3745.87765917604,0.813993535595599,CTSM,fortran,b1,15.0,0.0047878807035684305,3132.9101388888885
991,func_metrics_01_CTSM_fortran,./models/01_CTSM/src/biogeophys/TotalWaterAndHeatMod.F90,AccumulateSoilLiqIceMassNonLake,SUBROUTINE,329,2,False,8,39,1146.0,16.5686274509804,18987.6470588235,1054.86928104575,0.382,CTSM,fortran,b1,11.0,0.003511112515950182,3132.9101388888885
992,func_metrics_01_CTSM_fortran,./models/01_CTSM/src/biogeophys/TotalWaterAndHeatMod.F90,ComputeLiqIceMassLake,SUBROUTINE,397,6,False,8,44,1686.22720702634,21.75,36675.441752823,2037.5245418235,0.562075735675448,CTSM,fortran,b1,15.0,0.0047878807035684305,3132.9101388888885
993,func_metrics_01_CTSM_fortran,./models/01_CTSM/src/biogeophys/TotalWaterAndHeatMod.F90,ComputeHeatNonLake,SUBROUTINE,565,5,False,8,64,3883.08498416706,32.5913978494624,126555.167602262,7030.84264457011,1.29436166138902,CTSM,fortran,b1,13.0,0.004149496609759306,3132.9101388888885
994,func_metrics_01_CTSM_fortran,./models/01_CTSM/src/biogeophys/TotalWaterAndHeatMod.F90,ComputeHeatLake,SUBROUTINE,905,7,False,8,55,2632.05034709186,23.3582089552239,61479.9819880412,3415.55455489118,0.877350115697286,CTSM,fortran,b1,18.0,0.005745456844282117,3132.9101388888885
995,func_metrics_01_CTSM_fortran,./models/01_CTSM/src/biogeophys/TotalWaterAndHeatMod.F90,AccumulateHeatLake,SUBROUTINE,1055,4,False,5,38,1492.25794085261,16.2280701754386,24216.4665840117,1345.35925466732,0.497419313617537,CTSM,fortran,b1,10.0,0.004481361829428,2231.4645370370367
996,func_metrics_01_CTSM_fortran,./models/01_CTSM/src/biogeophys/TotalWaterAndHeatMod.F90,AdjustDeltaHeatForDeltaLiq,SUBROUTINE,1155,1,False,4,31,1076.84904545788,21.9375,23623.3759347323,1312.40977415179,0.358949681819294,CTSM,fortran,b1,4.0,0.0012767681876182482,3132.9101388888885
997,func_metrics_01_CTSM_fortran,./models/01_CTSM/src/biogeophys/TotalWaterAndHeatMod.F90,AccumulateLiqIceMassLake,SUBROUTINE,505,2,False,3,26,947.29503210924,15.2439024390244,14440.4730504457,802.24850280254,0.31576501070308,CTSM,fortran,b1,6.0,0.0026888170976568,2231.4645370370367
998,func_metrics_01_CTSM_fortran,./models/01_CTSM/src/biogeophys/TotalWaterAndHeatMod.F90,ComputeWaterMassNonLake,SUBROUTINE,92,1,False,2,19,763.367580389825,12.1081081081081,9242.9371895849,513.496510532495,0.254455860129942,CTSM,fortran,b1,7.0,0.002234344328331934,3132.9101388888885
999,func_metrics_01_CTSM_fortran,./models/01_CTSM/src/biogeophys/TotalWaterAndHeatMod.F90,ComputeWaterMassLake,SUBROUTINE,144,1,False,2,19,763.367580389825,12.1081081081081,9242.9371895849,513.496510532495,0.254455860129942,CTSM,fortran,b1,9.0,0.0028727284221410584,3132.9101388888885
1000,func_metrics_01_CTSM_fortran,./models/01_CTSM/src/biogeophys/TotalWaterAndHeatMod.F90,AccumulateLiquidWaterHeat,SUBROUTINE,1289,0,False,2,15,446.934251551737,8.73913043478261,3905.81672008257,216.989817782365,0.148978083850579,CTSM,fortran,b1,1.0,0.00031919204690456204,3132.9101388888885
1001,func_metrics_01_CTSM_fortran,./models/01_CTSM/src/biogeophys/TotalWaterAndHeatMod.F90,LiquidWaterHeat,FUNCTION,1258,0,False,1,12,334.35764566378,6.75,2256.91410823052,125.384117123918,0.111452548554593,CTSM,fortran,b1,1.0,0.00031919204690456204,3132.9101388888885
1002,func_metrics_01_CTSM_fortran,./models/01_CTSM/src/biogeophys/TotalWaterAndHeatMod.F90,TempToHeat,FUNCTION,1319,0,False,1,6,147.148662285012,4.46153846153846,656.509416348516,36.4727453526953,0.0490495540950041,CTSM,fortran,b1,1.0,0.00031919204690456204,3132.9101388888885
1003,func_metrics_01_CTSM_fortran,./models/01_CTSM/src/biogeophys/TridiagonalMod.F90,Tridiagonal,SUBROUTINE,22,5,False,9,52,2091.29921526054,42.0,87834.5670409428,4879.69816894127,0.697099738420181,CTSM,fortran,b1,13.0,0.002800281807277146,4642.389907407408
1004,func_metrics_01_CTSM_fortran,./models/01_CTSM/src/biogeophys/UrbanAlbedoMod.F90,UrbanAlbedo,SUBROUTINE,47,15,False,38,235,13313.2273020389,51.8152173913044,689827.766834995,38323.7648241664,4.43774243401297,CTSM,fortran,b3,9.0,0.0022043880788359597,4082.76568287037
1005,func_metrics_01_CTSM_fortran,./models/01_CTSM/src/biogeophys/UrbanAlbedoMod.F90,incident_direct,SUBROUTINE,562,8,False,14,97,4368.31569018544,49.8958333333333,217960.751624878,12108.9306458265,1.45610523006181,CTSM,fortran,b2,7.0,0.0017145240613168577,4082.76568287037
1006,func_metrics_01_CTSM_fortran,./models/01_CTSM/src/biogeophys/UrbanAlbedoMod.F90,net_solar,SUBROUTINE,793,7,False,13,358,23739.6466523083,126.160606060606,2995008.20931985,166389.344962214,7.91321555076943,CTSM,fortran,b2,8.0,0.0019594560700764087,4082.76568287037
1007,func_metrics_01_CTSM_fortran,./models/01_CTSM/src/biogeophys/UrbanAlbedoMod.F90,SnowAlbedo,SUBROUTINE,485,1,False,9,49,1821.98407097838,22.1153846153846,40293.8784927912,2238.54880515507,0.607328023659461,CTSM,fortran,b1,9.0,0.0022043880788359597,4082.76568287037
1008,func_metrics_01_CTSM_fortran,./models/01_CTSM/src/biogeophys/UrbanAlbedoMod.F90,incident_diffuse,SUBROUTINE,721,3,False,5,39,1623.60948162387,32.0444444444444,52027.6638333693,2890.42576852052,0.54120316054129,CTSM,fortran,b1,7.0,0.0017145240613168577,4082.76568287037
1009,func_metrics_01_CTSM_fortran,./models/01_CTSM/src/biogeophys/UrbanFluxesMod.F90,UrbanFluxes,SUBROUTINE,79,16,False,62,494,35964.2950577125,79.8878281622912,2873109.42354847,159617.190197137,11.9880983525708,CTSM,fortran,b4,25.0,0.0061233002189887776,4082.76568287037
1010,func_metrics_01_CTSM_fortran,./models/01_CTSM/src/biogeophys/UrbanFluxesMod.F90,wasteheat,SUBROUTINE,947,1,False,8,42,1782.11311593551,20.9032258064516,37251.912875039,2069.55071527995,0.594037705311836,CTSM,fortran,b1,2.0,0.000495906122766933,4033.021388888889
1011,func_metrics_01_CTSM_fortran,./models/01_CTSM/src/biogeophys/UrbanFluxesMod.F90,calc_simple_internal_building_temp,SUBROUTINE,1073,2,False,6,37,1415.86437691429,18.6206896551724,26364.371156335,1464.68728646306,0.471954792304763,CTSM,fortran,b1,2.0,0.000495906122766933,4033.021388888889
1012,func_metrics_01_CTSM_fortran,./models/01_CTSM/src/biogeophys/UrbanFluxesMod.F90,simple_wasteheatfromac,SUBROUTINE,1033,0,False,3,18,451.376905491157,10.7307692307692,4843.62140892434,269.090078273574,0.150458968497052,CTSM,fortran,b1,1.0,0.0002479530613834665,4033.021388888889
1013,func_metrics_01_CTSM_fortran,./models/01_CTSM/src/biogeophys/UrbanFluxesMod.F90,readParams,SUBROUTINE,59,0,False,1,8,155.888725024519,2.9,452.077302571106,25.1154056983948,0.0519629083415064,CTSM,fortran,b1,1.0,0.0005088201349738457,1965.3310300925923
1014,func_metrics_01_CTSM_fortran,./models/01_CTSM/src/biogeophys/UrbanParamsType.F90,UrbanInput,SUBROUTINE,367,0,False,44,193,10105.0150381667,64.0654205607477,647382.038192829,35965.6687884905,3.36833834605556,CTSM,fortran,b3,6.0,0.0014695920525573066,4082.76568287037
1015,func_metrics_01_CTSM_fortran,./models/01_CTSM/src/biogeophys/UrbanParamsType.F90,Init,SUBROUTINE,120,2,False,14,184,7897.89999901643,57.2421875,452093.072599948,25116.2818111082,2.63263333300548,CTSM,fortran,b2,10.0,0.0024493200875955108,4082.76568287037
1016,func_metrics_01_CTSM_fortran,./models/01_CTSM/src/biogeophys/UrbanParamsType.F90,CheckUrban,SUBROUTINE,705,2,False,10,71,3759.36488150073,40.6388888888889,152776.411712099,8487.57842844995,1.25312162716691,CTSM,fortran,b1,6.0,0.0014695920525573066,4082.76568287037
1017,func_metrics_01_CTSM_fortran,./models/01_CTSM/src/biogeophys/UrbanParamsType.F90,UrbanReadNML,SUBROUTINE,828,0,False,6,43,985.758412393841,16.1022727272727,15872.950799569,881.830599976056,0.328586137464614,CTSM,fortran,b1,7.0,0.0017356714296842656,4033.021388888889
1018,func_metrics_01_CTSM_fortran,./models/01_CTSM/src/biogeophys/UrbanParamsType.F90,IsSimpleBuildTemp,FUNCTION,908,0,False,2,8,124.864085321844,5.53846153846154,691.554934090215,38.4197185605675,0.0416213617739481,CTSM,fortran,b1,2.0,0.000495906122766933,4033.021388888889
1019,func_metrics_01_CTSM_fortran,./models/01_CTSM/src/biogeophys/UrbanParamsType.F90,IsProgBuildTemp,FUNCTION,936,0,False,2,8,124.864085321844,5.53846153846154,691.554934090215,38.4197185605675,0.0416213617739481,CTSM,fortran,b1,2.0,0.000495906122766933,4033.021388888889
1020,func_metrics_01_CTSM_fortran,./models/01_CTSM/src/biogeophys/UrbanRadiationMod.F90,UrbanRadiation,SUBROUTINE,46,4,False,16,130,8424.47749438857,37.0955414012739,312510.553677191,17361.6974265106,2.80815916479619,CTSM,fortran,b2,8.0,0.0019594560700764087,4082.76568287037
1021,func_metrics_01_CTSM_fortran,./models/01_CTSM/src/biogeophys/UrbanRadiationMod.F90,net_longwave,SUBROUTINE,319,6,False,11,271,16103.6515532394,121.642857142857,1958894.18536905,108827.454742725,5.36788385107981,CTSM,fortran,b2,6.0,0.0014695920525573066,4082.76568287037
1022,func_metrics_01_CTSM_fortran,./models/01_CTSM/src/biogeophys/UrbBuildTempOleson2015Mod.F90,BuildingTemperature,SUBROUTINE,43,7,False,34,325,61830.6580305353,259.310747663551,16033354.1624275,890741.897912637,20.6102193435117,CTSM,fortran,b3,32.0,0.007934497964270927,4033.021388888889
1023,func_metrics_01_CTSM_fortran,./models/01_CTSM/src/biogeophys/Wateratm2lndBulkType.F90,UpdateAccVars,SUBROUTINE,364,3,False,10,65,1667.96481850259,16.8103448275862,28039.0637593108,1557.72576440616,0.555988272834198,CTSM,fortran,b1,4.0,0.0015294066463791053,2615.3933680555556
1024,func_metrics_01_CTSM_fortran,./models/01_CTSM/src/biogeophys/Wateratm2lndBulkType.F90,InitAccVars,SUBROUTINE,286,0,False,6,49,1265.73713307375,15.09375,19104.7198523319,1061.37332512955,0.42191237769125,CTSM,fortran,b1,4.0,0.0015294066463791053,2615.3933680555556
1025,func_metrics_01_CTSM_fortran,./models/01_CTSM/src/biogeophys/Wateratm2lndBulkType.F90,InitAccBuffer,SUBROUTINE,230,0,False,4,19,1076.86795292824,10.1142857142857,10891.7501524741,605.097230693008,0.358955984309412,CTSM,fortran,b1,3.0,0.001147054984784329,2615.3933680555556
1026,func_metrics_01_CTSM_fortran,./models/01_CTSM/src/biogeophys/Wateratm2lndBulkType.F90,InitBulkAllocate,SUBROUTINE,99,0,False,2,41,994.123325128366,8.77906976744186,8727.47802874321,484.859890485734,0.331374441709455,CTSM,fortran,b1,6.0,0.002294109969568658,2615.3933680555556
1027,func_metrics_01_CTSM_fortran,./models/01_CTSM/src/biogeophys/Wateratm2lndBulkType.F90,InitBulkHistory,SUBROUTINE,141,0,False,2,32,1656.34819985568,14.0666666666667,23299.2980113032,1294.4054450724,0.552116066618559,CTSM,fortran,b1,5.0,0.0019117583079738816,2615.3933680555556
1028,func_metrics_01_CTSM_fortran,./models/01_CTSM/src/biogeophys/Wateratm2lndBulkType.F90,Clean,SUBROUTINE,466,0,False,2,24,398.084225111058,5.56451612903226,2215.14609134379,123.063671741322,0.132694741703686,CTSM,fortran,b1,6.0,0.002294109969568658,2615.3933680555556
1029,func_metrics_01_CTSM_fortran,./models/01_CTSM/src/biogeophys/Wateratm2lndBulkType.F90,InitBulk,SUBROUTINE,65,0,False,1,10,214.05271769459,2.15,460.213343043369,25.5674079468538,0.0713509058981968,CTSM,fortran,b1,3.0,0.001147054984784329,2615.3933680555556
1030,func_metrics_01_CTSM_fortran,./models/01_CTSM/src/biogeophys/Wateratm2lndBulkType.F90,InitForTesting,SUBROUTINE,84,0,False,1,8,155.589411415945,1.83333333333333,285.247254262566,15.8470696812537,0.0518631371386484,CTSM,fortran,b1,2.0,0.0007670733991982743,2607.312418981481
1031,func_metrics_01_CTSM_fortran,./models/01_CTSM/src/biogeophys/Wateratm2lndBulkType.F90,InitBulkCold,SUBROUTINE,213,0,False,1,4,60.9443625122597,0.727272727272727,44.3231727361888,2.46239848534382,0.0203147875040866,CTSM,fortran,b1,3.0,0.001147054984784329,2615.3933680555556
1032,func_metrics_01_CTSM_fortran,./models/01_CTSM/src/biogeophys/Wateratm2lndType.F90,AdjustPrecipTracer,FUNCTION,406,0,False,3,13,369.206555629695,11.925,4402.78817588412,244.599343104673,0.123068851876565,CTSM,fortran,b1,1.0,0.0003947482708323843,2533.2599884259257
1033,func_metrics_01_CTSM_fortran,./models/01_CTSM/src/biogeophys/Wateratm2lndType.F90,SetDownscaledTracers,SUBROUTINE,300,1,False,2,56,2875.22564334908,32.48,93387.3288959781,5188.18493866545,0.958408547783027,CTSM,fortran,b1,5.0,0.0019736550854078682,2533.3707175925924
1034,func_metrics_01_CTSM_fortran,./models/01_CTSM/src/biogeophys/Wateratm2lndType.F90,SetOneDownscaledTracer,SUBROUTINE,360,1,False,2,22,949.443625122597,9.64285714285714,9155.34924225361,508.630513458534,0.316481208374199,CTSM,fortran,b1,4.0,0.0015789240683262945,2533.3707175925924
1035,func_metrics_01_CTSM_fortran,./models/01_CTSM/src/biogeophys/Wateratm2lndType.F90,Init,SUBROUTINE,60,0,False,1,10,209.593286075953,3.31578947368421,694.967211725528,38.6092895403071,0.0698644286919843,CTSM,fortran,b1,3.0,0.001147054984784329,2615.3933680555556
1036,func_metrics_01_CTSM_fortran,./models/01_CTSM/src/biogeophys/Wateratm2lndType.F90,InitAllocate,SUBROUTINE,78,0,False,1,16,1157.39950315111,7.3,8449.01637300308,469.389798500171,0.385799834383702,CTSM,fortran,b1,7.0,0.0026764616311634342,2615.3933680555556
1037,func_metrics_01_CTSM_fortran,./models/01_CTSM/src/biogeophys/Wateratm2lndType.F90,InitHistory,SUBROUTINE,133,0,False,1,30,1806.20475963064,11.4285714285714,20642.3401100645,1146.79667278136,0.602068253210215,CTSM,fortran,b1,4.0,0.0015294066463791053,2615.3933680555556
1038,func_metrics_01_CTSM_fortran,./models/01_CTSM/src/biogeophys/Wateratm2lndType.F90,InitCold,SUBROUTINE,212,0,False,1,4,60.9443625122597,0.727272727272727,44.3231727361888,2.46239848534382,0.0203147875040866,CTSM,fortran,b1,3.0,0.001147054984784329,2615.3933680555556
1039,func_metrics_01_CTSM_fortran,./models/01_CTSM/src/biogeophys/Wateratm2lndType.F90,IsCommunicatedWithCoupler,FUNCTION,229,0,False,1,5,82.0447025077789,1.46153846153846,119.9114882806,6.66174934892222,0.0273482341692596,CTSM,fortran,b1,1.0,0.00038724767586853205,2582.3266666666664
1040,func_metrics_01_CTSM_fortran,./models/01_CTSM/src/biogeophys/Wateratm2lndType.F90,SetNondownscaledTracers,SUBROUTINE,247,0,False,1,14,615.221075171635,7.58064516129032,4663.77266662369,259.098481479094,0.205073691723878,CTSM,fortran,b1,2.0,0.000768474705610593,2602.558009259259
1041,func_metrics_01_CTSM_fortran,./models/01_CTSM/src/biogeophys/Wateratm2lndType.F90,Clean,SUBROUTINE,428,0,False,1,13,206.323312532452,2.92857142857143,604.232558130752,33.5684754517085,0.0687744375108173,CTSM,fortran,b1,1.0,0.0003947310170815736,2533.3707175925924
1042,func_metrics_01_CTSM_fortran,./models/01_CTSM/src/biogeophys/WaterBalanceType.F90,Init,SUBROUTINE,64,0,False,1,10,209.593286075953,3.31578947368421,694.967211725528,38.6092895403071,0.0698644286919843,CTSM,fortran,b1,5.0,0.0018690386913593328,2675.172013888889
1043,func_metrics_01_CTSM_fortran,./models/01_CTSM/src/biogeophys/WaterBalanceType.F90,InitAllocate,SUBROUTINE,80,0,False,1,20,1469.34181684371,7.79166666666667,11448.6216562405,636.034536457808,0.489780605614568,CTSM,fortran,b1,11.0,0.004111885120990532,2675.172013888889
1044,func_metrics_01_CTSM_fortran,./models/01_CTSM/src/biogeophys/WaterBalanceType.F90,InitHistory,SUBROUTINE,146,0,False,1,30,1475.94401327897,7.65,11290.9717015841,627.276205643563,0.491981337759657,CTSM,fortran,b1,7.0,0.002616654167903066,2675.172013888889
1045,func_metrics_01_CTSM_fortran,./models/01_CTSM/src/biogeophys/WaterBalanceType.F90,InitCold,SUBROUTINE,241,0,False,1,5,100.0,1.64285714285714,164.285714285714,9.12698412698413,0.0333333333333333,CTSM,fortran,b1,1.0,0.0005763060876892936,1735.1890277777777
1046,func_metrics_01_CTSM_fortran,./models/01_CTSM/src/biogeophys/WaterDiagnosticBulkType.F90,Summary,SUBROUTINE,1085,7,False,15,80,3417.55096849206,40.2093023255814,137417.340105181,7634.29667251003,1.13918365616402,CTSM,fortran,b2,8.0,0.003390823057247503,2359.309189814815
1047,func_metrics_01_CTSM_fortran,./models/01_CTSM/src/biogeophys/WaterDiagnosticBulkType.F90,RestartBulk,SUBROUTINE,787,0,False,13,75,5769.87140220325,43.6989795918367,252137.492652402,14007.638480689,1.92329046740108,CTSM,fortran,b2,31.0,0.011588039886427863,2675.172013888889
1048,func_metrics_01_CTSM_fortran,./models/01_CTSM/src/biogeophys/WaterDiagnosticBulkType.F90,InitBulkHistory,SUBROUTINE,241,0,False,9,108,8379.37840604732,35.8350515463918,300275.457107428,16681.9698393015,2.79312613534911,CTSM,fortran,b1,36.0,0.013457078577787196,2675.172013888889
1049,func_metrics_01_CTSM_fortran,./models/01_CTSM/src/biogeophys/WaterDiagnosticBulkType.F90,InitBulkCold,SUBROUTINE,693,4,False,9,55,2142.71362953058,34.5762711864407,74087.047529532,4115.947084974,0.714237876510194,CTSM,fortran,b1,14.0,0.005233308335806132,2675.172013888889
1050,func_metrics_01_CTSM_fortran,./models/01_CTSM/src/biogeophys/WaterDiagnosticBulkType.F90,RestartBackcompatIssue783,SUBROUTINE,994,1,False,7,39,1335.03247361022,14.8064516129032,19767.0937221643,1098.17187345357,0.445010824536741,CTSM,fortran,b1,3.0,0.0013633160833349048,2200.5168402777776
1051,func_metrics_01_CTSM_fortran,./models/01_CTSM/src/biogeophys/WaterDiagnosticBulkType.F90,ResetBulkFilter,SUBROUTINE,1217,1,False,2,11,210.908275033173,4.73684210526316,999.039197525557,55.5021776403087,0.0703027583443911,CTSM,fortran,b1,1.0,0.0004343653124186837,2302.209618055556
1052,func_metrics_01_CTSM_fortran,./models/01_CTSM/src/biogeophys/WaterDiagnosticBulkType.F90,readParams,SUBROUTINE,123,0,False,1,9,185.754247590989,3.23809523809524,601.489944580345,33.4161080322414,0.0619180825303297,CTSM,fortran,b1,2.0,0.0008403077417027051,2380.0804166666667
1053,func_metrics_01_CTSM_fortran,./models/01_CTSM/src/biogeophys/WaterDiagnosticBulkType.F90,InitBulk,SUBROUTINE,145,0,False,1,12,340.05866965893,3.63461538461538,1235.98247241419,68.6656929118993,0.11335288988631,CTSM,fortran,b1,6.0,0.0022428464296311993,2675.172013888889
1054,func_metrics_01_CTSM_fortran,./models/01_CTSM/src/biogeophys/WaterDiagnosticBulkType.F90,InitBulkAllocate,SUBROUTINE,168,0,False,1,100,3030.44830137885,13.6184210526316,41269.9209464093,2292.77338591163,1.01014943379295,CTSM,fortran,b1,29.0,0.01084042440988413,2675.172013888889
1055,func_metrics_01_CTSM_fortran,./models/01_CTSM/src/biogeophys/WaterDiagnosticBulkType.F90,InitAccBuffer,SUBROUTINE,600,0,False,1,8,276.981282915028,2.70967741935484,750.529927898786,41.6961071054881,0.0923270943050094,CTSM,fortran,b1,4.0,0.0019537254253733987,2047.3706018518517
1056,func_metrics_01_CTSM_fortran,./models/01_CTSM/src/biogeophys/WaterDiagnosticBulkType.F90,InitAccVars,SUBROUTINE,625,0,False,1,17,343.018800116375,3.0,1029.05640034912,57.1698000193958,0.114339600038792,CTSM,fortran,b1,5.0,0.002442156781716748,2047.3706018518517
1057,func_metrics_01_CTSM_fortran,./models/01_CTSM/src/biogeophys/WaterDiagnosticBulkType.F90,UpdateAccVars,SUBROUTINE,662,0,False,1,13,213.969937597356,2.5625,548.297965093225,30.4609980607347,0.071323312532452,CTSM,fortran,b1,5.0,0.002442156781716748,2047.3706018518517
1058,func_metrics_01_CTSM_fortran,./models/01_CTSM/src/biogeophys/WaterDiagnosticBulkType.F90,ResetBulk,SUBROUTINE,1242,0,False,1,5,92.0,1.5,138.0,7.66666666666667,0.0306666666666667,CTSM,fortran,b1,4.0,0.001495230953087466,2675.172013888889
1059,func_metrics_01_CTSM_fortran,./models/01_CTSM/src/biogeophys/WaterDiagnosticType.F90,InitCold,SUBROUTINE,248,1,False,5,21,549.904296316086,7.28205128205128,4004.43128599406,222.468404777448,0.183301432105362,CTSM,fortran,b1,7.0,0.002616654167903066,2675.172013888889
1060,func_metrics_01_CTSM_fortran,./models/01_CTSM/src/biogeophys/WaterDiagnosticType.F90,Restart,SUBROUTINE,291,0,False,2,17,923.471234338857,7.95652173913043,7347.61895147873,408.201052859929,0.307823744779619,CTSM,fortran,b1,7.0,0.002616654167903066,2675.172013888889
1061,func_metrics_01_CTSM_fortran,./models/01_CTSM/src/biogeophys/WaterDiagnosticType.F90,Summary,SUBROUTINE,345,1,False,2,18,474.060256272235,6.25,2962.87660170147,164.604255650081,0.158020085424078,CTSM,fortran,b1,3.0,0.001259230219449869,2382.4078819444444
1062,func_metrics_01_CTSM_fortran,./models/01_CTSM/src/biogeophys/WaterDiagnosticType.F90,Init,SUBROUTINE,71,0,False,1,10,209.593286075953,3.31578947368421,694.967211725528,38.6092895403071,0.0698644286919843,CTSM,fortran,b1,5.0,0.0018690386913593328,2675.172013888889
1063,func_metrics_01_CTSM_fortran,./models/01_CTSM/src/biogeophys/WaterDiagnosticType.F90,InitAllocate,SUBROUTINE,89,0,False,1,17,1182.54591399777,6.79411764705882,8034.35606274957,446.353114597198,0.394181971332591,CTSM,fortran,b1,9.0,0.003364269644446799,2675.172013888889
1064,func_metrics_01_CTSM_fortran,./models/01_CTSM/src/biogeophys/WaterDiagnosticType.F90,InitHistory,SUBROUTINE,144,0,False,1,28,1454.23895426016,7.425,10797.7242353817,599.873568632317,0.484746318086721,CTSM,fortran,b1,8.0,0.002990461906174932,2675.172013888889
1065,func_metrics_01_CTSM_fortran,./models/01_CTSM/src/biogeophys/WaterFluxBulkType.F90,UpdateAccVars,SUBROUTINE,340,1,False,3,24,499.216357432593,6.08108108108108,3035.77514654955,168.654174808308,0.166405452477531,CTSM,fortran,b1,2.0,0.0007563222069685085,2644.375613425926
1066,func_metrics_01_CTSM_fortran,./models/01_CTSM/src/biogeophys/WaterFluxBulkType.F90,InitAccBuffer,SUBROUTINE,273,0,False,2,8,247.175311848564,3.77777777777778,933.773400316798,51.8763000175999,0.0823917706161881,CTSM,fortran,b1,3.0,0.0011344833104527628,2644.375613425926
1067,func_metrics_01_CTSM_fortran,./models/01_CTSM/src/biogeophys/WaterFluxBulkType.F90,InitAccVars,SUBROUTINE,300,0,False,2,19,387.744375108173,5.08064516129032,1969.99158321088,109.443976845049,0.129248125036058,CTSM,fortran,b1,5.0,0.0018908055174212714,2644.375613425926
1068,func_metrics_01_CTSM_fortran,./models/01_CTSM/src/biogeophys/WaterFluxBulkType.F90,InitBulk,SUBROUTINE,79,0,False,1,10,214.05271769459,2.15,460.213343043369,25.5674079468538,0.0713509058981968,CTSM,fortran,b1,4.0,0.001507051043116761,2654.1901273148146
1069,func_metrics_01_CTSM_fortran,./models/01_CTSM/src/biogeophys/WaterFluxBulkType.F90,InitBulkAllocate,SUBROUTINE,94,0,False,1,63,1638.18525000507,10.2857142857143,16849.9054286236,936.105857145757,0.546061750001692,CTSM,fortran,b1,9.0,0.003390864847012712,2654.1901273148146
1070,func_metrics_01_CTSM_fortran,./models/01_CTSM/src/biogeophys/WaterFluxBulkType.F90,InitBulkHistory,SUBROUTINE,146,0,False,1,34,2286.0,14.2758620689655,32634.6206896552,1813.03448275862,0.762,CTSM,fortran,b1,19.0,0.007158492454804615,2654.1901273148146
1071,func_metrics_01_CTSM_fortran,./models/01_CTSM/src/biogeophys/WaterFluxBulkType.F90,InitBulkCold,SUBROUTINE,255,0,False,1,8,222.971580931865,2.25,501.686057096696,27.8714476164831,0.0743238603106216,CTSM,fortran,b1,8.0,0.003014102086233522,2654.1901273148146
1072,func_metrics_01_CTSM_fortran,./models/01_CTSM/src/biogeophys/WaterFluxBulkType.F90,RestartBulk,SUBROUTINE,382,0,False,1,9,216.22022703449,3.72727272727273,805.911755310373,44.7728752950207,0.0720734090114967,CTSM,fortran,b1,10.0,0.0037676276077919023,2654.1901273148146
1073,func_metrics_01_CTSM_fortran,./models/01_CTSM/src/biogeophys/WaterFluxType.F90,InitCold,SUBROUTINE,860,2,False,6,44,1734.4419301522,14.1206896551724,24491.5162205974,1360.63979003319,0.578147310050732,CTSM,fortran,b1,25.0,0.009419069019479757,2654.1901273148146
1074,func_metrics_01_CTSM_fortran,./models/01_CTSM/src/biogeophys/WaterFluxType.F90,InitHistory,SUBROUTINE,401,0,False,3,123,10912.1899400583,49.6747572815534,542060.386682607,30114.4659268115,3.63739664668611,CTSM,fortran,b1,37.0,0.013940222148830039,2654.1901273148146
1075,func_metrics_01_CTSM_fortran,./models/01_CTSM/src/biogeophys/WaterFluxType.F90,Restart,SUBROUTINE,933,0,False,2,15,629.639212958836,10.3658536585366,6526.74793920745,362.597107733747,0.209879737652945,CTSM,fortran,b1,8.0,0.003014102086233522,2654.1901273148146
1076,func_metrics_01_CTSM_fortran,./models/01_CTSM/src/biogeophys/WaterFluxType.F90,Init,SUBROUTINE,130,0,False,1,10,209.593286075953,3.31578947368421,694.967211725528,38.6092895403071,0.0698644286919843,CTSM,fortran,b1,4.0,0.001507051043116761,2654.1901273148146
1077,func_metrics_01_CTSM_fortran,./models/01_CTSM/src/biogeophys/WaterFluxType.F90,InitAllocate,SUBROUTINE,146,0,False,1,77,8635.70256613099,19.5754716981132,169047.951176621,9391.5528431456,2.87856752204366,CTSM,fortran,b1,26.0,0.009795831780258946,2654.1901273148146
1078,func_metrics_01_CTSM_fortran,./models/01_CTSM/src/biogeophys/WaterInfoBaseType.F90,set_metadata,SUBROUTINE,90,0,False,1,5,83.7618082852673,1.58333333333333,132.62286311834,7.36793683990777,0.0279206027617558,CTSM,fortran,b1,,,
1079,func_metrics_01_CTSM_fortran,./models/01_CTSM/src/biogeophys/WaterInfoBaseType.F90,get_ratio,FUNCTION,98,0,False,1,5,79.9544533632097,1.5,119.931680044815,6.66287111360081,0.0266514844544032,CTSM,fortran,b1,,,
1080,func_metrics_01_CTSM_fortran,./models/01_CTSM/src/biogeophys/WaterInfoBulkType.F90,constructor,FUNCTION,37,0,False,1,4,62.9074752083986,2.1,132.105697937637,7.33920544097983,0.0209691584027995,CTSM,fortran,b1,2.0,0.0007562723402871203,2644.549976851852
1081,func_metrics_01_CTSM_fortran,./models/01_CTSM/src/biogeophys/WaterInfoBulkType.F90,get_name,FUNCTION,46,0,False,1,6,116.757900040385,2.2,256.867380088846,14.2704100049359,0.0389193000134616,CTSM,fortran,b1,1.0,0.0004354361727099723,2296.547835648148
1082,func_metrics_01_CTSM_fortran,./models/01_CTSM/src/biogeophys/WaterInfoBulkType.F90,fname,FUNCTION,65,0,False,1,7,150.117300051923,2.8,420.328440145385,23.3515800080769,0.0500391000173077,CTSM,fortran,b1,1.0,0.00037813617014356016,2644.549976851852
1083,func_metrics_01_CTSM_fortran,./models/01_CTSM/src/biogeophys/WaterInfoBulkType.F90,lname,FUNCTION,87,0,False,1,7,150.117300051923,2.8,420.328440145385,23.3515800080769,0.0500391000173077,CTSM,fortran,b1,1.0,0.00037813617014356016,2644.549976851852
1084,func_metrics_01_CTSM_fortran,./models/01_CTSM/src/biogeophys/WaterInfoBulkType.F90,is_communicated_with_coupler,FUNCTION,109,0,False,1,5,72.3397435190945,1.41666666666667,102.481303318717,5.69340573992873,0.0241132478396982,CTSM,fortran,b1,1.0,0.0003860480345807531,2590.351226851852
1085,func_metrics_01_CTSM_fortran,./models/01_CTSM/src/biogeophys/WaterInfoBulkType.F90,is_included_in_consistency_check,FUNCTION,116,0,False,1,5,72.3397435190945,1.41666666666667,102.481303318717,5.69340573992873,0.0241132478396982,CTSM,fortran,b1,1.0,0.00039901242393069444,2506.1876273148146
1086,func_metrics_01_CTSM_fortran,./models/01_CTSM/src/biogeophys/WaterInfoIsotopeType.F90,constructor,FUNCTION,41,0,False,1,8,231.89044416914,3.39473684210526,787.207034153131,43.7337241196184,0.0772968147230465,CTSM,fortran,b1,4.0,0.0015125446805742406,2644.549976851852
1087,func_metrics_01_CTSM_fortran,./models/01_CTSM/src/biogeophys/WaterInfoTracerType.F90,constructor,FUNCTION,44,0,False,1,11,252.172937539664,4.6,1159.99551268245,64.4441951490251,0.0840576458465545,CTSM,fortran,b1,4.0,0.0015125446805742406,2644.549976851852
1088,func_metrics_01_CTSM_fortran,./models/01_CTSM/src/biogeophys/WaterInfoTracerType.F90,get_name,FUNCTION,64,0,False,1,6,127.437825403308,2.25,286.735107157442,15.9297281754134,0.0424792751344359,CTSM,fortran,b1,1.0,0.0004354361727099723,2296.547835648148
1089,func_metrics_01_CTSM_fortran,./models/01_CTSM/src/biogeophys/WaterInfoTracerType.F90,fname,FUNCTION,83,0,False,1,7,172.877123795495,3.75,648.289214233104,36.0160674573947,0.0576257079318315,CTSM,fortran,b1,1.0,0.00037813617014356016,2644.549976851852
1090,func_metrics_01_CTSM_fortran,./models/01_CTSM/src/biogeophys/WaterInfoTracerType.F90,lname,FUNCTION,105,0,False,1,7,172.877123795495,3.75,648.289214233104,36.0160674573947,0.0576257079318315,CTSM,fortran,b1,1.0,0.00037813617014356016,2644.549976851852
1091,func_metrics_01_CTSM_fortran,./models/01_CTSM/src/biogeophys/WaterInfoTracerType.F90,is_communicated_with_coupler,FUNCTION,127,0,False,1,6,114.694042862977,2.0625,236.55646340489,13.1420257447161,0.0382313476209923,CTSM,fortran,b1,2.0,0.000768474705610593,2602.558009259259
1092,func_metrics_01_CTSM_fortran,./models/01_CTSM/src/biogeophys/WaterInfoTracerType.F90,is_included_in_consistency_check,FUNCTION,147,0,False,1,5,76.1470984411521,1.5,114.220647661728,6.34559153676267,0.0253823661470507,CTSM,fortran,b1,1.0,0.00039901242393069444,2506.1876273148146
1093,func_metrics_01_CTSM_fortran,./models/01_CTSM/src/biogeophys/Waterlnd2atmBulkType.F90,InitBulk,SUBROUTINE,43,0,False,1,10,214.05271769459,2.15,460.213343043369,25.5674079468538,0.0713509058981968,CTSM,fortran,b1,3.0,0.001147054984784329,2615.3933680555556
1094,func_metrics_01_CTSM_fortran,./models/01_CTSM/src/biogeophys/Waterlnd2atmBulkType.F90,InitBulkAllocate,SUBROUTINE,62,0,False,1,10,213.617384729637,1.73913043478261,371.508495181978,20.6393608434432,0.0712057949098791,CTSM,fortran,b1,7.0,0.0026764616311634342,2615.3933680555556
1095,func_metrics_01_CTSM_fortran,./models/01_CTSM/src/biogeophys/Waterlnd2atmBulkType.F90,InitBulkHistory,SUBROUTINE,85,0,False,1,4,60.9443625122597,0.727272727272727,44.3231727361888,2.46239848534382,0.0203147875040866,CTSM,fortran,b1,3.0,0.001147054984784329,2615.3933680555556
1096,func_metrics_01_CTSM_fortran,./models/01_CTSM/src/biogeophys/Waterlnd2atmBulkType.F90,InitBulkCold,SUBROUTINE,102,0,False,1,4,60.9443625122597,0.727272727272727,44.3231727361888,2.46239848534382,0.0203147875040866,CTSM,fortran,b1,3.0,0.001147054984784329,2615.3933680555556
1097,func_metrics_01_CTSM_fortran,./models/01_CTSM/src/biogeophys/Waterlnd2atmType.F90,Init,SUBROUTINE,57,0,False,1,10,209.593286075953,3.31578947368421,694.967211725528,38.6092895403071,0.0698644286919843,CTSM,fortran,b1,3.0,0.001147054984784329,2615.3933680555556
1098,func_metrics_01_CTSM_fortran,./models/01_CTSM/src/biogeophys/Waterlnd2atmType.F90,InitAllocate,SUBROUTINE,75,0,False,1,19,1553.69008133924,7.73684210526316,12020.6548398352,667.814157768622,0.517896693779748,CTSM,fortran,b1,10.0,0.003823516615947763,2615.3933680555556
1099,func_metrics_01_CTSM_fortran,./models/01_CTSM/src/biogeophys/Waterlnd2atmType.F90,InitHistory,SUBROUTINE,147,0,False,1,17,656.391124069248,4.36764705882353,2866.88476247892,159.271375693273,0.218797041356416,CTSM,fortran,b1,3.0,0.001147054984784329,2615.3933680555556
1100,func_metrics_01_CTSM_fortran,./models/01_CTSM/src/biogeophys/Waterlnd2atmType.F90,InitCold,SUBROUTINE,189,0,False,1,4,60.9443625122597,0.727272727272727,44.3231727361888,2.46239848534382,0.0203147875040866,CTSM,fortran,b1,3.0,0.001147054984784329,2615.3933680555556
1101,func_metrics_01_CTSM_fortran,./models/01_CTSM/src/biogeophys/WaterStateBulkType.F90,RestartBulk,SUBROUTINE,190,0,False,3,23,1278.36719666257,16.5,21093.0587449324,1171.83659694069,0.426122398887524,CTSM,fortran,b1,15.0,0.005607116074077999,2675.172013888889
1102,func_metrics_01_CTSM_fortran,./models/01_CTSM/src/biogeophys/WaterStateBulkType.F90,InitBulkCold,SUBROUTINE,165,1,False,2,11,297.251778623213,5.76,1712.1702448697,95.120569159428,0.0990839262077375,CTSM,fortran,b1,5.0,0.0018690386913593328,2675.172013888889
1103,func_metrics_01_CTSM_fortran,./models/01_CTSM/src/biogeophys/WaterStateBulkType.F90,InitBulk,SUBROUTINE,48,0,False,1,16,718.460292809794,8.14285714285714,5850.31952716547,325.017751509193,0.239486764269931,CTSM,fortran,b1,10.0,0.0037380773827186656,2675.172013888889
1104,func_metrics_01_CTSM_fortran,./models/01_CTSM/src/biogeophys/WaterStateBulkType.F90,InitBulkAllocate,SUBROUTINE,81,0,False,1,21,435.0,3.82758620689655,1665.0,92.5,0.145,CTSM,fortran,b1,5.0,0.0018690386913593328,2675.172013888889
1105,func_metrics_01_CTSM_fortran,./models/01_CTSM/src/biogeophys/WaterStateBulkType.F90,InitBulkHistory,SUBROUTINE,111,0,False,1,19,703.109800196155,4.72727272727273,3323.79178274546,184.655099041414,0.234369933398718,CTSM,fortran,b1,6.0,0.0022428464296311993,2675.172013888889
1106,func_metrics_01_CTSM_fortran,./models/01_CTSM/src/biogeophys/WaterStateType.F90,InitCold,SUBROUTINE,323,17,False,50,209,8138.33793660846,74.4690265486726,606054.103863364,33669.6724368536,2.71277931220282,CTSM,fortran,b3,65.0,0.01592058056937082,4082.76568287037
1107,func_metrics_01_CTSM_fortran,./models/01_CTSM/src/biogeophys/WaterStateType.F90,Restart,SUBROUTINE,592,7,False,32,142,8756.52264487997,69.6270491803279,609690.832843712,33871.7129357618,2.91884088162666,CTSM,fortran,b3,53.0,0.012981396464256207,4082.76568287037
1108,func_metrics_01_CTSM_fortran,./models/01_CTSM/src/biogeophys/WaterStateType.F90,CheckSnowConsistency,SUBROUTINE,900,2,False,6,32,1122.67240909439,26.0526315789474,29248.5706579854,1624.9205921103,0.374224136364796,CTSM,fortran,b1,5.0,0.002140240168437694,2336.186412037037
1109,func_metrics_01_CTSM_fortran,./models/01_CTSM/src/biogeophys/WaterStateType.F90,InitHistory,SUBROUTINE,177,0,False,5,52,2947.85364064639,19.0285714285714,56093.4435620143,3116.3024201119,0.982617880215465,CTSM,fortran,b1,42.0,0.010287144367901145,4082.76568287037
1110,func_metrics_01_CTSM_fortran,./models/01_CTSM/src/biogeophys/WaterStateType.F90,CalculateTotalH2osno,SUBROUTINE,855,2,False,3,20,635.209624946557,8.16666666666667,5187.54527039688,288.196959466493,0.211736541648852,CTSM,fortran,b1,3.0,0.0012841441010626165,2336.186412037037
1111,func_metrics_01_CTSM_fortran,./models/01_CTSM/src/biogeophys/WaterStateType.F90,Init,SUBROUTINE,81,0,False,1,16,676.531484014368,9.90909090909091,6703.81197796056,372.433998775586,0.225510494671456,CTSM,fortran,b1,12.0,0.0029391841051146133,4082.76568287037
1112,func_metrics_01_CTSM_fortran,./models/01_CTSM/src/biogeophys/WaterStateType.F90,InitAllocate,SUBROUTINE,110,0,False,1,19,1675.48875021635,11.5697674418605,19385.0151914566,1076.94528841425,0.558496250072116,CTSM,fortran,b1,37.0,0.00906248432410339,4082.76568287037
1113,func_metrics_01_CTSM_fortran,./models/01_CTSM/src/biogeophys/WaterTracerContainerType.F90,add_var,SUBROUTINE,122,0,False,2,17,531.773945960806,7.88571428571429,4193.41740243378,232.967633468543,0.177257981986935,CTSM,fortran,b1,4.0,0.0015341467983965486,2607.312418981481
1114,func_metrics_01_CTSM_fortran,./models/01_CTSM/src/biogeophys/WaterTracerContainerType.F90,get_num_vars,FUNCTION,179,0,False,2,11,270.0,6.65217391304348,1796.08695652174,99.7826086956522,0.09,CTSM,fortran,b1,1.0,0.00038353669959913716,2607.312418981481
1115,func_metrics_01_CTSM_fortran,./models/01_CTSM/src/biogeophys/WaterTracerContainerType.F90,new_water_tracer_type,FUNCTION,80,0,False,1,11,264.699802817159,4.47619047619048,1184.84673641967,65.8248186899814,0.0882332676057198,CTSM,fortran,b1,4.0,0.0015341467983965486,2607.312418981481
1116,func_metrics_01_CTSM_fortran,./models/01_CTSM/src/biogeophys/WaterTracerContainerType.F90,init,SUBROUTINE,104,0,False,1,5,88.0,1.96153846153846,172.615384615385,9.58974358974359,0.0293333333333333,CTSM,fortran,b1,2.0,0.0007670733991982743,2607.312418981481
1117,func_metrics_01_CTSM_fortran,./models/01_CTSM/src/biogeophys/WaterTracerContainerType.F90,complete_setup,SUBROUTINE,159,0,False,1,5,100.078200034615,2.71428571428571,271.640828665385,15.0911571480769,0.0333594000115385,CTSM,fortran,b1,1.0,0.00038353669959913716,2607.312418981481
1118,func_metrics_01_CTSM_fortran,./models/01_CTSM/src/biogeophys/WaterTracerContainerType.F90,get_description,FUNCTION,210,0,False,1,7,155.589411415945,2.64705882352941,411.854324336325,22.8807957964625,0.0518631371386484,CTSM,fortran,b1,1.0,0.00038353669959913716,2607.312418981481
1119,func_metrics_01_CTSM_fortran,./models/01_CTSM/src/biogeophys/WaterTracerContainerType.F90,get_subgrid_level,FUNCTION,230,0,False,1,7,140.181607943638,2.625,367.976720852051,20.4431511584473,0.0467272026478794,CTSM,fortran,b1,1.0,0.0006431140774582523,1554.9340856481483
1120,func_metrics_01_CTSM_fortran,./models/01_CTSM/src/biogeophys/WaterTracerContainerType.F90,get_bounds,SUBROUTINE,252,0,False,1,10,258.52418449776,3.19565217391304,826.153372199364,45.8974095666313,0.08617472816592,CTSM,fortran,b1,1.0,0.00038353669959913716,2607.312418981481
1121,func_metrics_01_CTSM_fortran,./models/01_CTSM/src/biogeophys/WaterTracerContainerType.F90,get_data,SUBROUTINE,275,0,False,1,7,174.228575027404,3.2,557.531440087693,30.9739688937607,0.0580761916758013,CTSM,fortran,b1,1.0,0.00038353669959913716,2607.312418981481
1122,func_metrics_01_CTSM_fortran,./models/01_CTSM/src/biogeophys/WaterTracerUtils.F90,CompareBulkToTracer,SUBROUTINE,327,1,False,9,54,1542.1368443902,34.5681818181818,53308.8668253976,2961.60371252209,0.514045614796734,CTSM,fortran,b1,10.0,0.003823516615947763,2615.3933680555556
1123,func_metrics_01_CTSM_fortran,./models/01_CTSM/src/biogeophys/WaterTracerUtils.F90,CalcTracerFromBulk1Pt,SUBROUTINE,236,0,False,5,35,1143.1712936291,28.9137931034483,33053.418265793,1836.30101476628,0.381057097876366,CTSM,fortran,b1,4.0,0.001782900268526138,2243.5354745370373
1124,func_metrics_01_CTSM_fortran,./models/01_CTSM/src/biogeophys/WaterTracerUtils.F90,SetTracerToBulkTimesRatio,SUBROUTINE,407,1,False,4,20,503.658821283784,14.5833333333333,7345.02447705518,408.056915391954,0.167886273761261,CTSM,fortran,b1,2.0,0.0008695152395175838,2300.132199074074
1125,func_metrics_01_CTSM_fortran,./models/01_CTSM/src/biogeophys/WaterTracerUtils.F90,AllocateVar2d,SUBROUTINE,83,1,False,3,28,805.484398559952,13.4146341463415,10805.2785172677,600.293250959314,0.268494799519984,CTSM,fortran,b1,4.0,0.0015341467983965486,2607.312418981481
1126,func_metrics_01_CTSM_fortran,./models/01_CTSM/src/biogeophys/WaterTracerUtils.F90,CalcTracerFromBulkMasked,SUBROUTINE,185,1,False,3,25,824.898854707541,15.125,12476.5951774516,693.144176525087,0.274966284902514,CTSM,fortran,b1,6.0,0.002674711494391031,2243.2325925925925
1127,func_metrics_01_CTSM_fortran,./models/01_CTSM/src/biogeophys/WaterTracerUtils.F90,AllocateVar1d,SUBROUTINE,44,0,False,2,19,535.755200461808,8.02941176470588,4301.7991095904,238.988839421689,0.178585066820603,CTSM,fortran,b1,3.0,0.0011506100987974115,2607.312418981481
1128,func_metrics_01_CTSM_fortran,./models/01_CTSM/src/biogeophys/WaterTracerUtils.F90,CalcTracerFromBulk,SUBROUTINE,133,1,False,2,21,703.109800196155,10.8,7593.58584211847,421.865880117693,0.234369933398718,CTSM,fortran,b1,8.0,0.0030924629787172507,2586.934768518519
1129,func_metrics_01_CTSM_fortran,./models/01_CTSM/src/biogeophys/WaterTracerUtils.F90,CalcTracerFromBulkFixedRatio,SUBROUTINE,299,1,False,2,13,312.478069933744,6.68181818181818,2087.92164910275,115.995647172375,0.104159356644581,CTSM,fortran,b1,2.0,0.000768474705610593,2602.558009259259
1130,func_metrics_01_CTSM_fortran,./models/01_CTSM/src/biogeophys/WaterType.F90,SetupTracerInfo,SUBROUTINE,492,0,False,9,62,2143.51067173928,31.969387755102,68526.7238220321,3807.04021233512,0.714503557246425,CTSM,fortran,b1,11.0,0.004159497871579162,2644.549976851852
1131,func_metrics_01_CTSM_fortran,./models/01_CTSM/src/biogeophys/WaterType.F90,ReadNamelist,SUBROUTINE,423,0,False,5,41,1077.70953218002,15.1224489795918,16297.6074152122,905.422634178456,0.359236510726675,CTSM,fortran,b1,2.0,0.000766195955866102,2610.298298611111
1132,func_metrics_01_CTSM_fortran,./models/01_CTSM/src/biogeophys/WaterType.F90,TracerConsistencyCheck,SUBROUTINE,917,2,False,4,29,1052.00126653599,11.0833333333333,11659.6807041072,647.760039117065,0.350667088845329,CTSM,fortran,b1,15.0,0.005735274923921644,2615.3933680555556
1133,func_metrics_01_CTSM_fortran,./models/01_CTSM/src/biogeophys/WaterType.F90,ResetCheckedTracers,SUBROUTINE,981,2,False,4,26,845.769052053887,10.40625,8801.28419793577,488.960233218654,0.281923017351296,CTSM,fortran,b1,2.0,0.0008695152395175838,2300.132199074074
1134,func_metrics_01_CTSM_fortran,./models/01_CTSM/src/biogeophys/WaterType.F90,InitForTesting,SUBROUTINE,251,0,False,2,20,786.158153083771,12.8888888888889,10132.7050841908,562.928060232824,0.26205271769459,CTSM,fortran,b1,5.0,0.0019191821469253616,2605.276423611111
1135,func_metrics_01_CTSM_fortran,./models/01_CTSM/src/biogeophys/WaterType.F90,DoInit,SUBROUTINE,296,1,False,2,44,2457.36034987537,23.1328125,56845.6562186013,3158.09201214451,0.819120116625122,CTSM,fortran,b1,18.0,0.006787003722282267,2652.1276157407406
1136,func_metrics_01_CTSM_fortran,./models/01_CTSM/src/biogeophys/WaterType.F90,Restart,SUBROUTINE,735,1,False,2,21,1168.49577273089,14.5777777777778,17034.0717091437,946.337317174648,0.389498590910298,CTSM,fortran,b1,18.0,0.006787003722282267,2652.1276157407406
1137,func_metrics_01_CTSM_fortran,./models/01_CTSM/src/biogeophys/WaterType.F90,Summary,SUBROUTINE,1040,1,False,2,17,552.202056756669,8.32258064516129,4595.74614978131,255.319230543406,0.184067352252223,CTSM,fortran,b1,3.0,0.001259230219449869,2382.4078819444444
1138,func_metrics_01_CTSM_fortran,./models/01_CTSM/src/biogeophys/WaterType.F90,water_params_constructor,FUNCTION,192,0,False,1,8,145.947375050481,2.9,423.247387646395,23.513743758133,0.048649125016827,CTSM,fortran,b1,2.0,0.0007541115246980296,2652.1276157407406
1139,func_metrics_01_CTSM_fortran,./models/01_CTSM/src/biogeophys/WaterType.F90,Init,SUBROUTINE,215,0,False,1,15,687.47850426111,10.03125,6896.26874586926,383.126041437181,0.22915950142037,CTSM,fortran,b1,7.0,0.002639390336443104,2652.1276157407406
1140,func_metrics_01_CTSM_fortran,./models/01_CTSM/src/biogeophys/WaterType.F90,AllocateBulk,SUBROUTINE,605,0,False,1,18,421.106686382884,5.40740740740741,2277.0954152556,126.505300847533,0.140368895460961,CTSM,fortran,b1,1.0,0.0003860410694796002,2590.397962962963
1141,func_metrics_01_CTSM_fortran,./models/01_CTSM/src/biogeophys/WaterType.F90,AllocateTracer,SUBROUTINE,645,0,False,1,11,292.297582312826,2.94642857142857,861.233947886004,47.8463304381113,0.0974325274376085,CTSM,fortran,b1,1.0,0.0003860410694796002,2590.397962962963
1142,func_metrics_01_CTSM_fortran,./models/01_CTSM/src/biogeophys/WaterType.F90,InitAccBuffer,SUBROUTINE,669,0,False,1,8,173.917833126855,3.55555555555556,618.374517784372,34.3541398769096,0.0579726110422849,CTSM,fortran,b1,3.0,0.0011311672870470445,2652.1276157407406
1143,func_metrics_01_CTSM_fortran,./models/01_CTSM/src/biogeophys/WaterType.F90,InitAccVars,SUBROUTINE,690,0,False,1,8,173.917833126855,3.55555555555556,618.374517784372,34.3541398769096,0.0579726110422849,CTSM,fortran,b1,3.0,0.0011311672870470445,2652.1276157407406
1144,func_metrics_01_CTSM_fortran,./models/01_CTSM/src/biogeophys/WaterType.F90,UpdateAccVars,SUBROUTINE,711,0,False,1,8,173.917833126855,3.55555555555556,618.374517784372,34.3541398769096,0.0579726110422849,CTSM,fortran,b1,3.0,0.0011311672870470445,2652.1276157407406
1145,func_metrics_01_CTSM_fortran,./models/01_CTSM/src/biogeophys/WaterType.F90,GetBulkOrTracerName,FUNCTION,786,0,False,1,9,247.757030751506,5.34782608695652,1324.96151227979,73.608972904433,0.0825856769171687,CTSM,fortran,b1,2.0,0.0008708723454199446,2296.547835648148
1146,func_metrics_01_CTSM_fortran,./models/01_CTSM/src/biogeophys/WaterType.F90,IsIsotope,FUNCTION,812,0,False,1,9,211.519787316349,5.4,1142.20685150829,63.4559361949048,0.0705065957721164,CTSM,fortran,b1,4.0,0.0015125446805742406,2644.549976851852
1147,func_metrics_01_CTSM_fortran,./models/01_CTSM/src/biogeophys/WaterType.F90,GetIsotopeInfo,SUBROUTINE,837,0,False,1,15,372.602853454495,9.64285714285714,3592.95608688263,199.608671493479,0.124200951151498,CTSM,fortran,b1,4.0,0.0015125446805742406,2644.549976851852
1148,func_metrics_01_CTSM_fortran,./models/01_CTSM/src/biogeophys/WaterType.F90,GetBulkTracerIndex,FUNCTION,876,0,False,1,6,108.4180500375,2.1,227.67790507875,12.648772504375,0.0361393500125,CTSM,fortran,b1,1.0,0.00037813946019629204,2644.5269675925924
1149,func_metrics_01_CTSM_fortran,./models/01_CTSM/src/biogeophys/WaterType.F90,DoConsistencyCheck,FUNCTION,897,0,False,1,6,114.694042862977,2.0625,236.55646340489,13.1420257447161,0.0382313476209923,CTSM,fortran,b1,1.0,0.00038326895619977965,2609.133831018519
1150,func_metrics_01_CTSM_fortran,./models/01_CTSM/src/cpl/lilac/lnd_comp_esmf.F90,lnd_init,SUBROUTINE,105,2,False,51,232,9655.36973316093,38.8156565656566,374779.51557681,20821.0841987117,3.21845657772031,CTSM,fortran,b4,36.0,0.01622077534941119,2219.376030092593
1151,func_metrics_01_CTSM_fortran,./models/01_CTSM/src/cpl/lilac/lnd_comp_esmf.F90,lnd_run,SUBROUTINE,527,0,False,25,154,4592.94496582171,29.3793103448276,134937.55554759,7496.53086375498,1.5309816552739,CTSM,fortran,b3,27.0,0.012165581512058394,2219.376030092593
1152,func_metrics_01_CTSM_fortran,./models/01_CTSM/src/cpl/lilac/lnd_comp_esmf.F90,lnd_register,SUBROUTINE,75,0,False,4,15,506.652650141347,5.56451612903226,2819.27684352846,156.626491307137,0.168884216713782,CTSM,fortran,b1,6.0,0.0027034625582351987,2219.376030092593
1153,func_metrics_01_CTSM_fortran,./models/01_CTSM/src/cpl/lilac/lnd_comp_esmf.F90,fldbundle_add,SUBROUTINE,504,0,False,3,11,325.597621840022,6.22222222222222,2025.94075811569,112.552264339761,0.108532540613341,CTSM,fortran,b1,3.0,0.001387978013442974,2161.417523148148
1154,func_metrics_01_CTSM_fortran,./models/01_CTSM/src/cpl/lilac/lnd_comp_esmf.F90,log_clock_advance,SUBROUTINE,839,0,False,3,15,418.684711906752,8.07692307692308,3381.68421155453,187.871345086363,0.139561570635584,CTSM,fortran,b1,3.0,0.0013517312791175994,2219.376030092593
1155,func_metrics_01_CTSM_fortran,./models/01_CTSM/src/cpl/lilac/lnd_comp_esmf.F90,memcheck,SUBROUTINE,868,0,False,2,10,218.261240919412,9.5625,2087.12311629188,115.951284238438,0.0727537469731373,CTSM,fortran,b1,2.0,0.0009011541860783995,2219.376030092593
1156,func_metrics_01_CTSM_fortran,./models/01_CTSM/src/cpl/lilac/lnd_comp_esmf.F90,lnd_final,SUBROUTINE,818,0,False,1,8,118.53642239626,1.8,213.365560313268,11.853642239626,0.0395121407987533,CTSM,fortran,b1,3.0,0.0013517312791175994,2219.376030092593
1157,func_metrics_01_CTSM_fortran,./models/01_CTSM/src/cpl/lilac/lnd_import_export.F90,import_fields,SUBROUTINE,50,2,False,36,98,4584.81926912421,28.85625,132300.691034665,7350.03839081475,1.52827308970807,CTSM,fortran,b3,20.0,0.009011541860783996,2219.376030092593
1158,func_metrics_01_CTSM_fortran,./models/01_CTSM/src/cpl/lilac/lnd_import_export.F90,export_fields,SUBROUTINE,310,1,False,30,68,3486.90661675916,25.6507936507937,89441.9221060761,4968.99567255978,1.16230220558639,CTSM,fortran,b3,8.0,0.003604616744313598,2219.376030092593
1159,func_metrics_01_CTSM_fortran,./models/01_CTSM/src/cpl/lilac/lnd_import_export.F90,state_getimport,SUBROUTINE,501,3,False,14,55,1954.72782616901,31.5471698113208,61666.1306670678,3425.89614817043,0.651575942056338,CTSM,fortran,b2,9.0,0.004055193837352798,2219.376030092593
1160,func_metrics_01_CTSM_fortran,./models/01_CTSM/src/cpl/lilac/lnd_import_export.F90,state_setexport,SUBROUTINE,580,3,False,14,62,1968.36420972385,29.4736842105263,58014.9451287028,3223.05250715016,0.656121403241282,CTSM,fortran,b2,9.0,0.004055193837352798,2219.376030092593
1161,func_metrics_01_CTSM_fortran,./models/01_CTSM/src/cpl/lilac/lnd_import_export.F90,state_getfldptr,SUBROUTINE,666,0,False,10,41,1370.93615704346,18.7777777777778,25743.1345044827,1430.17413913793,0.456978719014486,CTSM,fortran,b1,6.0,0.0027034625582351987,2219.376030092593
1162,func_metrics_01_CTSM_fortran,./models/01_CTSM/src/cpl/lilac/lnd_import_export.F90,check_atm_landfrac,SUBROUTINE,261,1,False,4,19,519.401512567068,11.8857142857143,6173.45797794,342.969887663333,0.173133837522356,CTSM,fortran,b1,2.0,0.0009557488714973076,2092.5999074074075
1163,func_metrics_01_CTSM_fortran,./models/01_CTSM/src/cpl/lilac/lnd_shr_methods.F90,field_getfldptr,SUBROUTINE,92,0,False,21,82,2526.73169198262,27.890625,70472.1260967029,3915.11811648349,0.842243897327541,CTSM,fortran,b3,3.0,0.0013517312791175994,2219.376030092593
1164,func_metrics_01_CTSM_fortran,./models/01_CTSM/src/cpl/lilac/lnd_shr_methods.F90,state_diagnose,SUBROUTINE,27,1,False,11,43,1478.26291854032,18.9196428571429,27968.2064677405,1553.7892482078,0.492754306180106,CTSM,fortran,b2,2.0,0.0009011541860783995,2219.376030092593
1165,func_metrics_01_CTSM_fortran,./models/01_CTSM/src/cpl/lilac/lnd_shr_methods.F90,chkerr,FUNCTION,203,0,False,2,11,235.225221714965,5.27777777777778,1241.46644794009,68.970358218894,0.0784084072383216,CTSM,fortran,b1,1.0,0.00045057709303919974,2219.376030092593
1166,func_metrics_01_CTSM_fortran,./models/01_CTSM/src/cpl/nuopc/lnd_comp_nuopc.F90,InitializeRealize,SUBROUTINE,343,1,False,61,242,10292.4174786125,41.8269230769231,430500.154153502,23916.6752307501,3.43080582620416,CTSM,fortran,b4,73.0,0.026868396615055738,2716.946643518518
1167,func_metrics_01_CTSM_fortran,./models/01_CTSM/src/cpl/nuopc/lnd_comp_nuopc.F90,ModelAdvance,SUBROUTINE,709,0,False,28,150,5004.59889522122,31.1486486486487,155886.492614661,8660.3607008145,1.66819963174041,CTSM,fortran,b3,45.0,0.016562710242157646,2716.946643518518
1168,func_metrics_01_CTSM_fortran,./models/01_CTSM/src/cpl/nuopc/lnd_comp_nuopc.F90,InitializeAdvertise,SUBROUTINE,186,0,False,24,107,3311.67295686625,33.4375,110734.064495215,6151.8924719564,1.10389098562208,CTSM,fortran,b3,35.0,0.012882107966122614,2716.946643518518
1169,func_metrics_01_CTSM_fortran,./models/01_CTSM/src/cpl/nuopc/lnd_comp_nuopc.F90,ModelSetRunClock,SUBROUTINE,977,0,False,21,68,2737.39486508623,25.5,69803.5690596988,3877.97605887216,0.912464955028743,CTSM,fortran,b3,16.0,0.005888963641656052,2716.946643518518
1170,func_metrics_01_CTSM_fortran,./models/01_CTSM/src/cpl/nuopc/lnd_comp_nuopc.F90,clm_orbital_init,SUBROUTINE,1132,0,False,16,74,2372.48230302667,34.5222222222222,81903.3612833762,4550.18673796534,0.790827434342222,CTSM,fortran,b2,2.0,0.0009437718740841851,2119.1561805555552
1171,func_metrics_01_CTSM_fortran,./models/01_CTSM/src/cpl/nuopc/lnd_comp_nuopc.F90,SetServices,SUBROUTINE,115,0,False,10,26,1071.12112500332,10.8444444444444,11615.7135333693,645.317418520518,0.357040375001106,CTSM,fortran,b1,8.0,0.002944481820828026,2716.946643518518
1172,func_metrics_01_CTSM_fortran,./models/01_CTSM/src/cpl/nuopc/lnd_comp_nuopc.F90,CheckImport,SUBROUTINE,1286,1,False,10,39,1251.1895827072,13.6,17016.1783248179,945.343240267662,0.417063194235733,CTSM,fortran,b1,4.0,0.0031970571385063857,1251.150613425926
1173,func_metrics_01_CTSM_fortran,./models/01_CTSM/src/cpl/nuopc/lnd_comp_nuopc.F90,clm_orbital_update,SUBROUTINE,1231,0,False,6,40,1225.85660338899,17.375,21299.2584838838,1183.29213799354,0.408618867796331,CTSM,fortran,b1,3.0,0.0014156578111262775,2119.1561805555552
1174,func_metrics_01_CTSM_fortran,./models/01_CTSM/src/cpl/nuopc/lnd_comp_nuopc.F90,InitializeP0,SUBROUTINE,167,0,False,2,9,202.118907880067,5.1,1030.80643018834,57.2670238993523,0.0673729692933557,CTSM,fortran,b1,5.0,0.0018403011380175162,2716.946643518518
1175,func_metrics_01_CTSM_fortran,./models/01_CTSM/src/cpl/nuopc/lnd_comp_nuopc.F90,ModelFinalize,SUBROUTINE,1104,0,False,2,15,318.947888714554,7.63636363636364,2435.60205927477,135.311225515265,0.106315962904851,CTSM,fortran,b1,6.0,0.0022083613656210194,2716.946643518518
1176,func_metrics_01_CTSM_fortran,./models/01_CTSM/src/cpl/nuopc/lnd_import_export.F90,import_fields,SUBROUTINE,463,9,False,65,202,9180.75400036938,38.6029411764706,354404.106631907,19689.1170351059,3.06025133345646,CTSM,fortran,b4,42.0,0.015943182868680954,2634.3547800925926
1177,func_metrics_01_CTSM_fortran,./models/01_CTSM/src/cpl/nuopc/lnd_import_export.F90,export_fields,SUBROUTINE,730,1,False,55,132,6794.38420814162,21.8759124087591,148633.353808762,8257.40854493124,2.26479473604721,CTSM,fortran,b4,28.0,0.010628788579120635,2634.3547800925926
1178,func_metrics_01_CTSM_fortran,./models/01_CTSM/src/cpl/nuopc/lnd_import_export.F90,advertise_fields,SUBROUTINE,159,2,False,33,179,6870.14288352859,37.05,254538.793834734,14141.0441019297,2.29004762784286,CTSM,fortran,b3,48.0,0.01822078042134966,2634.3547800925926
1179,func_metrics_01_CTSM_fortran,./models/01_CTSM/src/cpl/nuopc/lnd_import_export.F90,fldlist_realize,SUBROUTINE,980,1,False,11,67,2951.96024971725,32.5684931506849,96140.8971740103,5341.16095411168,0.983986749905748,CTSM,fortran,b2,5.0,0.0018979979605572561,2634.3547800925926
1180,func_metrics_01_CTSM_fortran,./models/01_CTSM/src/cpl/nuopc/lnd_import_export.F90,state_setexport_2d,SUBROUTINE,1202,3,False,8,42,1156.29462010146,15.5094339622642,17933.475051385,996.304169521387,0.385431540033821,CTSM,fortran,b1,5.0,0.002821695954880037,1771.9839699074073
1181,func_metrics_01_CTSM_fortran,./models/01_CTSM/src/cpl/nuopc/lnd_import_export.F90,state_setexport_1d,SUBROUTINE,1150,2,False,7,38,925.560997230157,11.7708333333333,10894.62423823,605.256902123887,0.308520332410052,CTSM,fortran,b1,5.0,0.002821695954880037,1771.9839699074073
1182,func_metrics_01_CTSM_fortran,./models/01_CTSM/src/cpl/nuopc/lnd_import_export.F90,ReadCapNamelist,SUBROUTINE,1319,0,False,7,34,1008.0,17.2959183673469,17434.2857142857,968.571428571429,0.336,CTSM,fortran,b1,3.0,0.0020621845874949393,1454.767928240741
1183,func_metrics_01_CTSM_fortran,./models/01_CTSM/src/cpl/nuopc/lnd_import_export.F90,state_getfldptr,SUBROUTINE,1258,0,False,6,25,786.660681103471,9.45454545454546,7437.51916679645,413.19550926647,0.26222022703449,CTSM,fortran,b1,7.0,0.002657197144780159,2634.3547800925926
1184,func_metrics_01_CTSM_fortran,./models/01_CTSM/src/cpl/nuopc/lnd_import_export.F90,SetScalarField,SUBROUTINE,1047,0,False,4,19,907.588054715439,7.4,6716.15160489425,373.119533605236,0.302529351571813,CTSM,fortran,b1,2.0,0.0007591991842229025,2634.3547800925926
1185,func_metrics_01_CTSM_fortran,./models/01_CTSM/src/cpl/nuopc/lnd_import_export.F90,state_getimport_2d,SUBROUTINE,1115,2,False,4,22,706.854525049495,9.94186046511628,7027.44905717812,390.413836509896,0.235618175016498,CTSM,fortran,b1,2.0,0.0011286783819520147,1771.9839699074073
1186,func_metrics_01_CTSM_fortran,./models/01_CTSM/src/cpl/nuopc/lnd_import_export.F90,realize_fields,SUBROUTINE,424,0,False,3,14,612.021730912047,8.90909090909091,5452.5572390346,302.919846613033,0.204007243637349,CTSM,fortran,b1,6.0,0.0022775975526687074,2634.3547800925926
1187,func_metrics_01_CTSM_fortran,./models/01_CTSM/src/cpl/nuopc/lnd_import_export.F90,fldlist_add,SUBROUTINE,948,0,False,3,19,524.792751344359,12.8571428571429,6747.33537442747,374.85196524597,0.174930917114786,CTSM,fortran,b1,3.0,0.0011387987763343537,2634.3547800925926
1188,func_metrics_01_CTSM_fortran,./models/01_CTSM/src/cpl/nuopc/lnd_import_export.F90,state_getimport_1d,SUBROUTINE,1084,1,False,3,18,521.726044151319,6.90789473684211,3604.02859446635,200.223810803686,0.173908681383773,CTSM,fortran,b1,2.0,0.0011286783819520147,1771.9839699074073
1189,func_metrics_01_CTSM_fortran,./models/01_CTSM/src/cpl/nuopc/lnd_import_export.F90,fldchk,FUNCTION,1298,0,False,2,11,202.118907880067,6.88888888888889,1392.37469872935,77.3541499294084,0.0673729692933557,CTSM,fortran,b1,5.0,0.0018979979605572561,2634.3547800925926
1190,func_metrics_01_CTSM_fortran,./models/01_CTSM/src/cpl/share_esmf/ch4FInundatedStreamType.F90,Init,SUBROUTINE,59,6,False,20,92,3501.06387732115,18.8050847457627,65837.8029133528,3657.65571740849,1.16702129244038,CTSM,fortran,b2,3.0,0.0018780404992043219,1597.4096412037036
1191,func_metrics_01_CTSM_fortran,./models/01_CTSM/src/cpl/share_esmf/ch4FInundatedStreamType.F90,CalcFinundated,SUBROUTINE,252,1,False,7,45,1679.4522208457,25.4571428571429,42754.0551078148,2375.22528376749,0.559817406948566,CTSM,fortran,b1,1.0,0.0006260134997347739,1597.4096412037036
1192,func_metrics_01_CTSM_fortran,./models/01_CTSM/src/cpl/share_esmf/ch4FInundatedStreamType.F90,ReadNML,SUBROUTINE,321,0,False,5,44,1268.76158450761,19.5555555555556,24811.3376525932,1378.40764736629,0.422920528169203,CTSM,fortran,b1,2.0,0.0012520269994695478,1597.4096412037036
1193,func_metrics_01_CTSM_fortran,./models/01_CTSM/src/cpl/share_esmf/ch4FInundatedStreamType.F90,InitAllocate,SUBROUTINE,218,0,False,3,26,585.41209043761,9.43939393939394,5525.93533852471,306.996407695817,0.195137363479203,CTSM,fortran,b1,1.0,0.0006260134997347739,1597.4096412037036
1194,func_metrics_01_CTSM_fortran,./models/01_CTSM/src/cpl/share_esmf/ch4FInundatedStreamType.F90,UseStreams,FUNCTION,198,0,False,2,9,114.694042862977,4.15384615384615,476.421408815442,26.4678560453023,0.0382313476209923,CTSM,fortran,b1,1.0,0.0006260134997347739,1597.4096412037036
1195,func_metrics_01_CTSM_fortran,./models/01_CTSM/src/cpl/share_esmf/cropcalStreamMod.F90,cropcal_interp,SUBROUTINE,490,16,False,49,234,9449.96115190097,76.7295081967213,725090.871663483,40282.8262035268,3.14998705063366,CTSM,fortran,b3,72.0,0.0487446948183891,1477.0838194444448
1196,func_metrics_01_CTSM_fortran,./models/01_CTSM/src/cpl/share_esmf/cropcalStreamMod.F90,cropcal_init,SUBROUTINE,68,2,False,18,157,6977.74017869212,48.0,334931.528577222,18607.307143179,2.32591339289737,CTSM,fortran,b2,39.0,0.02640337635996076,1477.0838194444448
1197,func_metrics_01_CTSM_fortran,./models/01_CTSM/src/cpl/share_esmf/cropcalStreamMod.F90,cropcal_advance,SUBROUTINE,412,1,False,13,57,2004.0,16.3636363636364,32792.7272727273,1821.81818181818,0.668,CTSM,fortran,b2,13.0,0.008801125453320253,1477.0838194444448
1198,func_metrics_01_CTSM_fortran,./models/01_CTSM/src/cpl/share_esmf/ExcessIceStreamType.F90,Init,SUBROUTINE,64,2,False,9,58,2293.23916706637,11.7403846153846,26923.5098364234,1495.75054646797,0.764413055688789,CTSM,fortran,b1,7.0,0.0051018709416116095,1372.0456828703702
1199,func_metrics_01_CTSM_fortran,./models/01_CTSM/src/cpl/share_esmf/ExcessIceStreamType.F90,ReadNML,SUBROUTINE,247,0,False,8,57,1567.16095036635,21.5714285714286,33805.9005007598,1878.10558337554,0.522386983455449,CTSM,fortran,b1,7.0,0.0051018709416116095,1372.0456828703702
1200,func_metrics_01_CTSM_fortran,./models/01_CTSM/src/cpl/share_esmf/ExcessIceStreamType.F90,CalcExcessIce,SUBROUTINE,188,1,False,4,30,919.264287322248,11.8627450980392,10904.9979182345,605.833217679695,0.306421429107416,CTSM,fortran,b1,2.0,0.001563406799127695,1279.2575810185185
1201,func_metrics_01_CTSM_fortran,./models/01_CTSM/src/cpl/share_esmf/ExcessIceStreamType.F90,UseExcessIceStreams,FUNCTION,226,0,False,3,11,165.058650025962,5.7,940.834305147981,52.2685725082212,0.0550195500086539,CTSM,fortran,b1,4.0,0.002915354823778063,1372.0456828703702
1202,func_metrics_01_CTSM_fortran,./models/01_CTSM/src/cpl/share_esmf/ExcessIceStreamType.F90,InitAllocate,SUBROUTINE,162,0,False,1,14,269.211875635226,2.88,775.33020182945,43.0739001016361,0.0897372918784086,CTSM,fortran,b1,1.0,0.0007288387059445157,1372.0456828703702
1203,func_metrics_01_CTSM_fortran,./models/01_CTSM/src/cpl/share_esmf/FireDataBaseType.F90,surfdataread,SUBROUTINE,514,3,False,8,54,1674.44457360288,14.3939393939394,24101.8537109506,1338.99187283059,0.55814819120096,CTSM,fortran,b1,1.0,0.0006843369381388793,1461.2684837962963
1204,func_metrics_01_CTSM_fortran,./models/01_CTSM/src/cpl/share_esmf/FireDataBaseType.F90,hdm_init,SUBROUTINE,179,0,False,6,66,2294.41448609938,16.5789473684211,38038.9770063844,2113.27650035469,0.764804828699793,CTSM,fortran,b1,6.0,0.0037560809984086437,1597.4096412037036
1205,func_metrics_01_CTSM_fortran,./models/01_CTSM/src/cpl/share_esmf/FireDataBaseType.F90,lnfm_init,SUBROUTINE,346,0,False,6,66,2294.41448609938,16.5789473684211,38038.9770063844,2113.27650035469,0.764804828699793,CTSM,fortran,b1,5.0,0.0031300674986738694,1597.4096412037036
1206,func_metrics_01_CTSM_fortran,./models/01_CTSM/src/cpl/share_esmf/FireDataBaseType.F90,hdm_interp,SUBROUTINE,298,1,False,4,30,957.556482271524,8.0,7660.45185817219,425.580658787344,0.319185494090508,CTSM,fortran,b1,1.0,0.0006260134997347739,1597.4096412037036
1207,func_metrics_01_CTSM_fortran,./models/01_CTSM/src/cpl/share_esmf/FireDataBaseType.F90,lnfm_interp,SUBROUTINE,466,1,False,4,30,957.556482271524,8.0,7660.45185817219,425.580658787344,0.319185494090508,CTSM,fortran,b1,1.0,0.0006260134997347739,1597.4096412037036
1208,func_metrics_01_CTSM_fortran,./models/01_CTSM/src/cpl/share_esmf/FireDataBaseType.F90,BaseFireReadNML,SUBROUTINE,82,0,False,2,12,236.836665678511,6.15789473684211,1458.41525707294,81.0230698373853,0.0789455552261703,CTSM,fortran,b1,2.0,0.0012520269994695478,1597.4096412037036
1209,func_metrics_01_CTSM_fortran,./models/01_CTSM/src/cpl/share_esmf/FireDataBaseType.F90,BaseFireInit,SUBROUTINE,105,0,False,2,14,380.0,6.2037037037037,2357.40740740741,130.9670781893,0.126666666666667,CTSM,fortran,b1,5.0,0.0031300674986738694,1597.4096412037036
1210,func_metrics_01_CTSM_fortran,./models/01_CTSM/src/cpl/share_esmf/FireDataBaseType.F90,BaseFireClean,SUBROUTINE,135,0,False,2,15,204.373142062517,6.15384615384615,1257.68087423087,69.871159679493,0.0681243806875057,CTSM,fortran,b1,1.0,0.004188126573910327,238.7702430555556
1211,func_metrics_01_CTSM_fortran,./models/01_CTSM/src/cpl/share_esmf/FireDataBaseType.F90,FireInterp,SUBROUTINE,161,0,False,2,8,118.53642239626,3.38461538461538,401.200198879649,22.2888999377583,0.0395121407987533,CTSM,fortran,b1,1.0,0.0006260134997347739,1597.4096412037036
1212,func_metrics_01_CTSM_fortran,./models/01_CTSM/src/cpl/share_esmf/laiStreamMod.F90,lai_init,SUBROUTINE,41,3,False,10,80,2656.05013976642,23.7525773195876,63088.0363095034,3504.89090608352,0.885350046588806,CTSM,fortran,b1,8.0,0.005008107997878191,1597.4096412037036
1213,func_metrics_01_CTSM_fortran,./models/01_CTSM/src/cpl/share_esmf/laiStreamMod.F90,lai_interp,SUBROUTINE,213,3,False,6,36,1166.19943841276,12.4477611940299,14516.5721139738,806.476228554101,0.388733146137588,CTSM,fortran,b1,3.0,0.0018780404992043219,1597.4096412037036
1214,func_metrics_01_CTSM_fortran,./models/01_CTSM/src/cpl/share_esmf/laiStreamMod.F90,lai_advance,SUBROUTINE,173,1,False,4,26,705.325885050009,8.41304347826087,5933.93733726855,329.663185403808,0.235108628350003,CTSM,fortran,b1,1.0,0.0006260134997347739,1597.4096412037036
1215,func_metrics_01_CTSM_fortran,./models/01_CTSM/src/cpl/share_esmf/lnd_set_decomp_and_domain.F90,lnd_set_decomp_and_domain_from_readmesh,SUBROUTINE,50,7,False,29,134,4707.99090213192,34.3703703703704,161815.391006608,8989.74394481156,1.56933030071064,CTSM,fortran,b3,23.0,0.013014006429202087,1767.3266203703706
1216,func_metrics_01_CTSM_fortran,./models/01_CTSM/src/cpl/share_esmf/lnd_set_decomp_and_domain.F90,lnd_set_lndmask_from_maskmesh,SUBROUTINE,413,2,False,21,104,3883.36940060474,27.5087719298246,106826.723160495,5934.81795336084,1.29445646686825,CTSM,fortran,b3,13.0,0.007355742764331615,1767.3266203703706
1217,func_metrics_01_CTSM_fortran,./models/01_CTSM/src/cpl/share_esmf/lnd_set_decomp_and_domain.F90,lnd_set_ldomain_gridinfo_from_mesh,SUBROUTINE,709,6,False,15,78,2779.14249472091,23.1111111111111,64229.0709891056,3568.28172161698,0.926380831573638,CTSM,fortran,b2,9.0,0.005092437298383426,1767.3266203703706
1218,func_metrics_01_CTSM_fortran,./models/01_CTSM/src/cpl/share_esmf/lnd_set_decomp_and_domain.F90,lnd_get_global_dims,SUBROUTINE,336,0,False,11,59,1184.70040409975,14.0217391304348,16611.5600140074,922.864445222632,0.394900134699917,CTSM,fortran,b2,4.0,0.002274908230886545,1758.312685185185
1219,func_metrics_01_CTSM_fortran,./models/01_CTSM/src/cpl/share_esmf/lnd_set_decomp_and_domain.F90,lnd_set_lndmask_from_fatmlndfrc,SUBROUTINE,620,4,False,11,68,1980.76434357769,22.0161290322581,43608.7633707024,2422.70907615013,0.660254781192563,CTSM,fortran,b2,5.0,0.0029499446427864915,1694.9470601851851
1220,func_metrics_01_CTSM_fortran,./models/01_CTSM/src/cpl/share_esmf/lnd_set_decomp_and_domain.F90,lnd_set_read_write_landmask,SUBROUTINE,835,0,False,11,71,2162.17836328861,23.1875,50135.5107987547,2785.30615548637,0.720726121096205,CTSM,fortran,b2,9.0,0.005129991551545163,1754.3888541666668
1221,func_metrics_01_CTSM_fortran,./models/01_CTSM/src/cpl/share_esmf/lnd_set_decomp_and_domain.F90,lnd_set_lndmask_from_lndmesh,SUBROUTINE,563,1,False,7,38,1032.38141223881,9.46666666666667,9773.21070252742,542.956150140412,0.344127137412937,CTSM,fortran,b1,4.0,0.0022659186687308203,1765.288425925926
1222,func_metrics_01_CTSM_fortran,./models/01_CTSM/src/cpl/share_esmf/lnd_set_decomp_and_domain.F90,decompInit_ocn,SUBROUTINE,929,2,False,7,36,889.680201605407,26.25,23354.1052921419,1297.45029400789,0.296560067201802,CTSM,fortran,b1,1.0,0.000627181151301631,1594.4356712962963
1223,func_metrics_01_CTSM_fortran,./models/01_CTSM/src/cpl/share_esmf/lnd_set_decomp_and_domain.F90,lnd_set_mesh_for_single_column,SUBROUTINE,257,0,False,3,23,718.063054287412,10.2105263157895,7331.80171219778,407.322317344321,0.239354351429137,CTSM,fortran,b1,6.0,0.0034199943676967754,1754.3888541666668
1224,func_metrics_01_CTSM_fortran,./models/01_CTSM/src/cpl/share_esmf/lnd_set_decomp_and_domain.F90,pio_check_err,SUBROUTINE,810,0,False,2,9,158.324668461995,6.4,1013.27787815677,56.293215453154,0.0527748894873318,CTSM,fortran,b1,4.0,0.002263305465948189,1767.3266203703706
1225,func_metrics_01_CTSM_fortran,./models/01_CTSM/src/cpl/share_esmf/lnd_set_decomp_and_domain.F90,chkerr,FUNCTION,821,0,False,2,11,235.225221714965,5.27777777777778,1241.46644794009,68.970358218894,0.0784084072383216,CTSM,fortran,b1,2.0,0.0011316527329740945,1767.3266203703706
1226,func_metrics_01_CTSM_fortran,./models/01_CTSM/src/cpl/share_esmf/lnd_set_decomp_and_domain.F90,lnd_set_decomp_and_domain_for_single_column,SUBROUTINE,298,0,False,1,21,699.838167532066,4.39130434782609,3073.2023878582,170.733465992122,0.233279389177355,CTSM,fortran,b1,5.0,0.0028499953064139794,1754.3888541666668
1227,func_metrics_01_CTSM_fortran,./models/01_CTSM/src/cpl/share_esmf/ndepStreamMod.F90,ndep_init,SUBROUTINE,41,0,False,7,77,2680.33033222917,21.8556701030928,58580.4155085138,3254.46752825077,0.89344344407639,CTSM,fortran,b1,5.0,0.0031300674986738694,1597.4096412037036
1228,func_metrics_01_CTSM_fortran,./models/01_CTSM/src/cpl/share_esmf/ndepStreamMod.F90,ndep_interp,SUBROUTINE,214,2,False,6,42,1291.56630005082,11.484375,14832.8317271462,824.046207063675,0.430522100016941,CTSM,fortran,b1,2.0,0.0012520269994695478,1597.4096412037036
1229,func_metrics_01_CTSM_fortran,./models/01_CTSM/src/cpl/share_esmf/ndepStreamMod.F90,check_units,SUBROUTINE,171,0,False,4,26,686.950387588702,11.1842105263158,7682.99775592628,426.833208662571,0.228983462529567,CTSM,fortran,b1,1.0,0.0006260134997347739,1597.4096412037036
1230,func_metrics_01_CTSM_fortran,./models/01_CTSM/src/cpl/share_esmf/PrigentRoughnessStreamType.F90,ReadNML,SUBROUTINE,264,0,False,11,64,1813.61859575185,25.9553571428571,47073.1183736662,2615.17324298146,0.604539531917282,CTSM,fortran,b2,9.0,0.008983973485539897,1001.7839004629631
1231,func_metrics_01_CTSM_fortran,./models/01_CTSM/src/cpl/share_esmf/PrigentRoughnessStreamType.F90,Init,SUBROUTINE,57,2,False,9,60,2378.71212834124,11.712962962963,27861.7670588118,1547.87594771176,0.792904042780414,CTSM,fortran,b1,9.0,0.008983973485539897,1001.7839004629631
1232,func_metrics_01_CTSM_fortran,./models/01_CTSM/src/cpl/share_esmf/PrigentRoughnessStreamType.F90,UseStreams,FUNCTION,167,0,False,3,14,204.329672350088,5.05555555555556,1033.00001021433,57.3888894563519,0.0681098907833626,CTSM,fortran,b1,7.0,0.006987534933197698,1001.7839004629631
1233,func_metrics_01_CTSM_fortran,./models/01_CTSM/src/cpl/share_esmf/PrigentRoughnessStreamType.F90,IsStreamInit,FUNCTION,192,0,False,3,13,204.460162593029,6.0,1226.76097555817,68.1533875310097,0.0681533875310097,CTSM,fortran,b1,2.0,0.0032086863298356853,623.3080439814815
1234,func_metrics_01_CTSM_fortran,./models/01_CTSM/src/cpl/share_esmf/PrigentRoughnessStreamType.F90,InitAllocate,SUBROUTINE,235,0,False,2,15,277.434993381665,5.4,1498.14896426099,83.2304980144995,0.0924783311272217,CTSM,fortran,b1,7.0,0.006987534933197698,1001.7839004629631
1235,func_metrics_01_CTSM_fortran,./models/01_CTSM/src/cpl/share_esmf/PrigentRoughnessStreamType.F90,Clean,SUBROUTINE,216,0,False,1,7,82.0447025077789,2.25,184.600580642503,10.2555878134724,0.0273482341692596,CTSM,fortran,b1,1.0,0.002077365116250217,481.3790277777778
1236,func_metrics_01_CTSM_fortran,./models/01_CTSM/src/cpl/share_esmf/SoilMoistureStreamMod.F90,PrescribedSoilMoistureInterp,SUBROUTINE,232,4,False,13,89,4415.43922539576,48.6831683168317,214957.571002683,11942.0872779268,1.47181307513192,CTSM,fortran,b2,2.0,0.0010502292179967716,1904.3461805555555
1237,func_metrics_01_CTSM_fortran,./models/01_CTSM/src/cpl/share_esmf/SoilMoistureStreamMod.F90,PrescribedSoilMoistureInit,SUBROUTINE,61,0,False,8,68,2243.81726968736,17.8779069767442,40114.7564202827,2228.59757890459,0.747939089895785,CTSM,fortran,b1,2.0,0.0010502292179967716,1904.3461805555555
1238,func_metrics_01_CTSM_fortran,./models/01_CTSM/src/cpl/share_esmf/SoilMoistureStreamMod.F90,PrescribedSoilMoistureAdvance,SUBROUTINE,182,1,False,5,31,829.45266996002,10.65625,8838.85501426146,491.047500792303,0.276484223320007,CTSM,fortran,b1,1.0,0.0005251146089983858,1904.3461805555555
1239,func_metrics_01_CTSM_fortran,./models/01_CTSM/src/cpl/share_esmf/UrbanTimeVarType.F90,urbantv_interp,SUBROUTINE,226,6,False,18,86,2950.9820026958,28.6868686868687,84654.4332086472,4703.02406714707,0.983660667565267,CTSM,fortran,b2,22.0,0.013772296994165026,1597.4096412037036
1240,func_metrics_01_CTSM_fortran,./models/01_CTSM/src/cpl/share_esmf/UrbanTimeVarType.F90,urbantv_init,SUBROUTINE,102,1,False,8,75,2507.68312264794,18.1617647058824,45543.9508304443,2530.21949058024,0.835894374215981,CTSM,fortran,b1,18.0,0.01126824299522593,1597.4096412037036
1241,func_metrics_01_CTSM_fortran,./models/01_CTSM/src/cpl/share_esmf/UrbanTimeVarType.F90,Init,SUBROUTINE,47,0,False,3,28,822.948912809376,8.86956521739131,7299.19905274403,405.51105848578,0.274316304269792,CTSM,fortran,b1,16.0,0.010016215995756382,1597.4096412037036
1242,func_metrics_01_CTSM_fortran,./models/01_CTSM/src/cpl/share_esmf/ZenderSoilErodStreamType.F90,ReadNML,SUBROUTINE,282,2,False,10,63,1876.59560085385,27.8870967741936,52332.8031270372,2907.37795150206,0.625531866951283,CTSM,fortran,b1,11.0,0.01144862717661242,960.8138888888889
1243,func_metrics_01_CTSM_fortran,./models/01_CTSM/src/cpl/share_esmf/ZenderSoilErodStreamType.F90,Init,SUBROUTINE,62,2,False,9,61,2306.93014716825,11.7403846153846,27084.2472085811,1504.68040047673,0.768976715722751,CTSM,fortran,b1,8.0,0.008326274310263579,960.8138888888889
1244,func_metrics_01_CTSM_fortran,./models/01_CTSM/src/cpl/share_esmf/ZenderSoilErodStreamType.F90,CalcDustSource,SUBROUTINE,228,1,False,4,23,647.512287914762,10.625,6879.81805909435,382.21211439413,0.215837429304921,CTSM,fortran,b1,5.0,0.005203921443914737,960.8138888888889
1245,func_metrics_01_CTSM_fortran,./models/01_CTSM/src/cpl/share_esmf/ZenderSoilErodStreamType.F90,UseStreams,FUNCTION,174,0,False,3,13,220.810076802383,6.0,1324.8604608143,73.6033589341278,0.0736033589341278,CTSM,fortran,b1,7.0,0.007285490021480632,960.8138888888889
1246,func_metrics_01_CTSM_fortran,./models/01_CTSM/src/cpl/share_esmf/ZenderSoilErodStreamType.F90,InitAllocate,SUBROUTINE,199,0,False,2,15,277.434993381665,5.4,1498.14896426099,83.2304980144995,0.0924783311272217,CTSM,fortran,b1,3.0,0.003122352866348842,960.8138888888889
1247,func_metrics_01_CTSM_fortran,./models/01_CTSM/src/cpl/utils/lnd_import_export_utils.F90,check_for_errors,SUBROUTINE,97,1,False,5,21,591.965048512572,14.5357142857143,8604.63481230774,478.03526735043,0.197321682837524,CTSM,fortran,b1,3.0,0.0015762102777374938,1903.2993518518522
1248,func_metrics_01_CTSM_fortran,./models/01_CTSM/src/cpl/utils/lnd_import_export_utils.F90,check_for_nans,SUBROUTINE,146,1,False,4,18,542.836665678511,13.0862068965517,7103.67291810327,394.648495450182,0.18094555522617,CTSM,fortran,b1,5.0,0.00262701712956249,1903.2993518518522
1249,func_metrics_01_CTSM_fortran,./models/01_CTSM/src/cpl/utils/lnd_import_export_utils.F90,derive_quantities,SUBROUTINE,24,1,False,2,37,1654.28197514676,15.75,26054.9411085615,1447.49672825341,0.55142732504892,CTSM,fortran,b1,7.0,0.003677823981387486,1903.2993518518522
1250,func_metrics_01_CTSM_fortran,./models/01_CTSM/src/dyn_subgrid/dynColumnStateUpdaterMod.F90,update_column_state,SUBROUTINE,775,3,False,14,81,3227.91469142021,51.7910447761194,167177.074316838,9287.61523982433,1.07597156380674,CTSM,fortran,b2,7.0,0.0019683141388749637,3556.3428935185184
1251,func_metrics_01_CTSM_fortran,./models/01_CTSM/src/dyn_subgrid/dynColumnStateUpdaterMod.F90,update_column_state_fill_special_using_natveg,SUBROUTINE,356,1,False,6,43,1553.77089576134,17.4545454545455,27120.3647260161,1506.68692922312,0.517923631920447,CTSM,fortran,b1,5.0,0.0014059386706249742,3556.3428935185184
1252,func_metrics_01_CTSM_fortran,./models/01_CTSM/src/dyn_subgrid/dynColumnStateUpdaterMod.F90,update_column_state_fill_using_fixed_values,SUBROUTINE,467,1,False,5,44,1685.03071074428,18.975,31973.4577363728,1776.30320757626,0.561676903581428,CTSM,fortran,b1,5.0,0.0014059386706249742,3556.3428935185184
1253,func_metrics_01_CTSM_fortran,./models/01_CTSM/src/dyn_subgrid/dynColumnStateUpdaterMod.F90,update_column_state_with_optional_fractions,SUBROUTINE,680,0,False,5,34,1594.10383809928,31.0,49417.2189810777,2745.40105450432,0.531367946033094,CTSM,fortran,b1,4.0,0.0011624022446956011,3441.149583333334
1254,func_metrics_01_CTSM_fortran,./models/01_CTSM/src/dyn_subgrid/dynColumnStateUpdaterMod.F90,set_new_weights,SUBROUTINE,237,1,False,3,15,409.3383460486,8.0,3274.7067683888,181.928153799378,0.136446115349533,CTSM,fortran,b1,3.0,0.0008435632023749846,3556.3428935185184
1255,func_metrics_01_CTSM_fortran,./models/01_CTSM/src/dyn_subgrid/dynColumnStateUpdaterMod.F90,update_column_state_no_special_handling,SUBROUTINE,271,0,False,3,30,1405.1903292513,20.1666666666667,28338.0049732346,1574.33360962414,0.468396776417101,CTSM,fortran,b1,5.0,0.0014059386706249742,3556.3428935185184
1256,func_metrics_01_CTSM_fortran,./models/01_CTSM/src/dyn_subgrid/dynColumnStateUpdaterMod.F90,update_column_state_fill_special_using_fixed_value,SUBROUTINE,596,1,False,3,22,807.302405160462,12.5405405405405,10124.0085403907,562.444918910592,0.269100801720154,CTSM,fortran,b1,2.0,0.0005812011223478006,3441.149583333334
1257,func_metrics_01_CTSM_fortran,./models/01_CTSM/src/dyn_subgrid/dynColumnStateUpdaterMod.F90,set_old_weights,SUBROUTINE,210,1,False,2,10,279.692763949686,4.7,1314.55599056352,73.0308883646401,0.0932309213165618,CTSM,fortran,b1,1.0,0.00028118773412499486,3556.3428935185184
1258,func_metrics_01_CTSM_fortran,./models/01_CTSM/src/dyn_subgrid/dynColumnStateUpdaterMod.F90,constructor,FUNCTION,171,0,False,1,18,494.939312824525,7.05882352941176,3493.68926699665,194.09384816648,0.164979770941508,CTSM,fortran,b1,5.0,0.0014059386706249742,3556.3428935185184
1259,func_metrics_01_CTSM_fortran,./models/01_CTSM/src/dyn_subgrid/dynColumnTemplateMod.F90,template_col_from_landunit,FUNCTION,58,1,False,5,29,693.763165622959,15.375,10666.608671453,592.589370636278,0.231254388540986,CTSM,fortran,b1,3.0,0.0008435632023749846,3556.3428935185184
1260,func_metrics_01_CTSM_fortran,./models/01_CTSM/src/dyn_subgrid/dynColumnTemplateMod.F90,template_col_from_natveg_array,SUBROUTINE,124,1,False,2,13,401.909564458777,8.03703703703704,3230.16205509461,179.453447505256,0.133969854819592,CTSM,fortran,b1,3.0,0.0008435632023749846,3556.3428935185184
1261,func_metrics_01_CTSM_fortran,./models/01_CTSM/src/dyn_subgrid/dynConsBiogeophysMod.F90,dyn_hwcontent_final,SUBROUTINE,480,3,False,6,41,1661.94871857599,16.5909090909091,27573.2401036472,1531.84667242484,0.553982906191998,CTSM,fortran,b1,8.0,0.0018617808057849279,4296.961261574074
1262,func_metrics_01_CTSM_fortran,./models/01_CTSM/src/dyn_subgrid/dynConsBiogeophysMod.F90,dyn_water_content_set_baselines,SUBROUTINE,162,1,False,4,37,1613.57972466177,17.2241379310345,27792.5197402949,1544.02887446083,0.537859908220589,CTSM,fortran,b1,7.0,0.0028780922633958087,2432.1666435185184
1263,func_metrics_01_CTSM_fortran,./models/01_CTSM/src/dyn_subgrid/dynConsBiogeophysMod.F90,dyn_heat_content_set_baselines,SUBROUTINE,252,1,False,4,38,1527.95317315384,16.2457627118644,24822.7646858975,1379.04248254986,0.509317724384612,CTSM,fortran,b1,6.0,0.002466936225767836,2432.1666435185184
1264,func_metrics_01_CTSM_fortran,./models/01_CTSM/src/dyn_subgrid/dynConsBiogeophysMod.F90,dyn_water_content_final,SUBROUTINE,571,2,False,4,35,1327.06689939257,17.4649122807018,23177.1069885142,1287.61705491745,0.442355633130858,CTSM,fortran,b1,4.0,0.0015378833397831579,2600.977523148148
1265,func_metrics_01_CTSM_fortran,./models/01_CTSM/src/dyn_subgrid/dynConsBiogeophysMod.F90,set_glacier_baselines,SUBROUTINE,346,1,False,3,23,847.87381862041,12.3913043478261,10506.262535079,583.681251948833,0.282624606206803,CTSM,fortran,b1,5.0,0.0020557801881398636,2432.1666435185184
1266,func_metrics_01_CTSM_fortran,./models/01_CTSM/src/dyn_subgrid/dynConsBiogeophysMod.F90,dyn_heat_content,SUBROUTINE,702,1,False,3,35,1893.20094362886,24.8947368421053,47130.7392808657,2618.37440449254,0.631066981209619,CTSM,fortran,b1,13.0,0.0030253938094005075,4296.961261574074
1267,func_metrics_01_CTSM_fortran,./models/01_CTSM/src/dyn_subgrid/dynConsBiogeophysMod.F90,dyn_hwcontent_set_baselines,SUBROUTINE,66,1,False,2,24,863.23312532452,8.125,7013.76914326173,389.653841292318,0.287744375108173,CTSM,fortran,b1,6.0,0.002466936225767836,2432.1666435185184
1268,func_metrics_01_CTSM_fortran,./models/01_CTSM/src/dyn_subgrid/dynConsBiogeophysMod.F90,dyn_hwcontent_init,SUBROUTINE,418,1,False,2,21,816.829249243895,6.95652173913044,5682.29042952275,315.682801640153,0.272276416414632,CTSM,fortran,b1,12.0,0.002792671208677392,4296.961261574074
1269,func_metrics_01_CTSM_fortran,./models/01_CTSM/src/dyn_subgrid/dynConsBiogeophysMod.F90,dyn_water_content,SUBROUTINE,642,0,False,1,21,1173.99705044135,10.625,12473.7186609393,692.984370052184,0.391332350147116,CTSM,fortran,b1,9.0,0.0028727284221410584,3132.9101388888885
1270,func_metrics_01_CTSM_fortran,./models/01_CTSM/src/dyn_subgrid/dyncropFileMod.F90,dyncrop_interp,SUBROUTINE,112,2,False,6,54,1763.18440110128,12.6785714285714,22354.6593711056,1241.92552061698,0.587728133700428,CTSM,fortran,b1,21.0,0.00531203323552759,3953.2885185185187
1271,func_metrics_01_CTSM_fortran,./models/01_CTSM/src/dyn_subgrid/dyncropFileMod.F90,dyncrop_init,SUBROUTINE,48,0,False,2,23,945.511746645467,11.5092592592593,10882.1398248177,604.563323600986,0.315170582215156,CTSM,fortran,b1,6.0,0.0015177237815793114,3953.2885185185187
1272,func_metrics_01_CTSM_fortran,./models/01_CTSM/src/dyn_subgrid/dynEDMod.F90,dyn_ED,SUBROUTINE,21,1,False,4,14,299.32032633212,7.63636363636364,2285.7188556271,126.984380868172,0.0997734421107066,CTSM,fortran,b1,2.0,0.0004898640175191022,4082.76568287037
1273,func_metrics_01_CTSM_fortran,./models/01_CTSM/src/dyn_subgrid/dynFATESLandUseChangeMod.F90,dynFatesLandUseInit,SUBROUTINE,103,3,False,13,60,2174.42897138611,23.6666666666667,51461.485656138,2858.971425341,0.724809657128704,CTSM,fortran,b2,6.0,0.006919090037688886,867.1660532407408
1274,func_metrics_01_CTSM_fortran,./models/01_CTSM/src/dyn_subgrid/dynFATESLandUseChangeMod.F90,dynFatesLandUseInterp,SUBROUTINE,209,3,False,7,38,1240.15492528991,18.2241379310345,22600.754414335,1255.59746746306,0.413384975096635,CTSM,fortran,b1,5.0,0.005765908364740739,867.1660532407408
1275,func_metrics_01_CTSM_fortran,./models/01_CTSM/src/dyn_subgrid/dynFileMod.F90,constructor,FUNCTION,39,0,False,2,22,595.604660907007,7.34883720930233,4377.00169410731,243.166760783739,0.198534886969002,CTSM,fortran,b1,7.0,0.0016290582050618118,4296.961261574074
1276,func_metrics_01_CTSM_fortran,./models/01_CTSM/src/dyn_subgrid/dynGrossUnrepMod.F90,CNGrossUnrep,SUBROUTINE,149,1,False,6,128,12840.15384075,32.7053571428572,419941.817130958,23330.1009517199,4.28005128025,CTSM,fortran,b1,6.0,0.0021442218507225505,2798.217916666667
1277,func_metrics_01_CTSM_fortran,./models/01_CTSM/src/dyn_subgrid/dynGrossUnrepMod.F90,CNGrossUnrepPftToColumn,SUBROUTINE,502,4,False,5,32,2480.42174155672,10.6829268292683,26498.1639707767,1472.12022059871,0.826807247185574,CTSM,fortran,b1,4.0,0.0014294812338150335,2798.217916666667
1278,func_metrics_01_CTSM_fortran,./models/01_CTSM/src/dyn_subgrid/dynGrossUnrepMod.F90,dynGrossUnrep_init,SUBROUTINE,60,0,False,2,17,664.242581807043,8.91,5918.40140390076,328.800077994486,0.221414193935681,CTSM,fortran,b1,2.0,0.0007147406169075168,2798.217916666667
1279,func_metrics_01_CTSM_fortran,./models/01_CTSM/src/dyn_subgrid/dynGrossUnrepMod.F90,dynGrossUnrep_interp,SUBROUTINE,105,0,False,2,14,349.403623592787,6.76470588235294,2363.61274783356,131.311819324087,0.116467874530929,CTSM,fortran,b1,1.0,0.0003573703084537584,2798.217916666667
1280,func_metrics_01_CTSM_fortran,./models/01_CTSM/src/dyn_subgrid/dynHarvestMod.F90,dynHarvest_init,SUBROUTINE,67,1,False,8,35,1223.2623130289,17.2413793103448,21090.7295349811,1171.70719638784,0.407754104342968,CTSM,fortran,b1,13.0,0.0031841161138741643,4082.76568287037
1281,func_metrics_01_CTSM_fortran,./models/01_CTSM/src/dyn_subgrid/dynHarvestMod.F90,CNHarvest,SUBROUTINE,236,1,False,8,134,12416.4558951919,34.1236363636364,423694.625892656,23538.5903273698,4.13881863173062,CTSM,fortran,b1,27.0,0.00661316423650788,4082.76568287037
1282,func_metrics_01_CTSM_fortran,./models/01_CTSM/src/dyn_subgrid/dynHarvestMod.F90,CNHarvestPftToColumn,SUBROUTINE,591,5,False,6,38,5819.89415527681,13.3014705882353,77413.150933057,4300.73060739206,1.9399647184256,CTSM,fortran,b1,12.0,0.0029391841051146133,4082.76568287037
1283,func_metrics_01_CTSM_fortran,./models/01_CTSM/src/dyn_subgrid/dynHarvestMod.F90,dynHarvest_interp,SUBROUTINE,132,1,False,3,21,581.24363771851,9.84883720930233,5724.57396683231,318.031887046239,0.193747879239503,CTSM,fortran,b1,6.0,0.0014695920525573066,4082.76568287037
1284,func_metrics_01_CTSM_fortran,./models/01_CTSM/src/dyn_subgrid/dynHarvestMod.F90,dynHarvest_interp_resolve_harvesttypes,SUBROUTINE,184,1,False,3,22,598.248756116121,8.0952380952381,4842.96612094003,269.053673385557,0.199416252038707,CTSM,fortran,b1,5.0,0.0024984018613926668,2001.2793287037039
1285,func_metrics_01_CTSM_fortran,./models/01_CTSM/src/dyn_subgrid/dynInitColumnsMod.F90,initial_template_col_dispatcher,FUNCTION,87,0,False,8,35,1118.87437006937,13.6458333333333,15267.9731749049,848.220731939161,0.372958123356455,CTSM,fortran,b1,9.0,0.002144362699624904,4197.051180555555
1286,func_metrics_01_CTSM_fortran,./models/01_CTSM/src/dyn_subgrid/dynInitColumnsMod.F90,initialize_new_columns,SUBROUTINE,47,1,False,4,22,629.639212958836,16.0416666666667,10100.462374548,561.136798586,0.209879737652945,CTSM,fortran,b1,14.0,0.003335675310527628,4197.051180555555
1287,func_metrics_01_CTSM_fortran,./models/01_CTSM/src/dyn_subgrid/dynInitColumnsMod.F90,initial_template_col_soil,FUNCTION,142,0,False,2,10,259.460604903767,6.12,1587.89890201106,88.2166056672809,0.0864868683012558,CTSM,fortran,b1,5.0,0.0011913126109027244,4197.051180555555
1288,func_metrics_01_CTSM_fortran,./models/01_CTSM/src/dyn_subgrid/dynInitColumnsMod.F90,initial_template_col_crop,FUNCTION,174,0,False,2,13,406.337362519058,8.68965517241379,3530.93156395871,196.162864664373,0.135445787506353,CTSM,fortran,b1,5.0,0.0011913126109027244,4197.051180555555
1289,func_metrics_01_CTSM_fortran,./models/01_CTSM/src/dyn_subgrid/dynInitColumnsMod.F90,copy_state,SUBROUTINE,209,1,False,2,17,493.483895601283,7.06896551724138,3488.42064131941,193.801146739967,0.164494631867094,CTSM,fortran,b1,10.0,0.0023826252218054488,4197.051180555555
1290,func_metrics_01_CTSM_fortran,./models/01_CTSM/src/dyn_subgrid/dynlakeFileMod.F90,dynlake_init,SUBROUTINE,40,0,False,2,14,478.836936323852,7.78048780487805,3725.5849435929,206.976941310716,0.159612312107951,CTSM,fortran,b1,6.0,0.0024566763886728184,2442.3241203703706
1291,func_metrics_01_CTSM_fortran,./models/01_CTSM/src/dyn_subgrid/dynlakeFileMod.F90,dynlake_interp,SUBROUTINE,89,1,False,2,16,396.117327093253,5.63888888888889,2233.66159444251,124.092310802362,0.132039109031084,CTSM,fortran,b1,4.0,0.0016377842591152123,2442.3241203703706
1292,func_metrics_01_CTSM_fortran,./models/01_CTSM/src/dyn_subgrid/dynLandunitAreaMod.F90,update_landunit_weights_one_gcell,SUBROUTINE,84,1,False,6,36,1150.5630434872,26.1627906976744,30101.9400912349,1672.3300050686,0.383521014495733,CTSM,fortran,b1,7.0,0.0016377156202358873,4274.246342592593
1293,func_metrics_01_CTSM_fortran,./models/01_CTSM/src/dyn_subgrid/dynLandunitAreaMod.F90,update_landunit_weights,SUBROUTINE,38,3,False,4,17,358.15198247445,4.55357142857143,1630.87063448187,90.6039241378817,0.11938399415815,CTSM,fortran,b1,3.0,0.0007018781229582373,4274.246342592593
1294,func_metrics_01_CTSM_fortran,./models/01_CTSM/src/dyn_subgrid/dynPatchStateUpdaterMod.F90,update_patch_state,SUBROUTINE,202,1,False,13,49,1761.42898925618,32.445652173913,57150.7123144532,3175.03957302518,0.587142996418726,CTSM,fortran,b2,5.0,0.001457159136848547,3431.334212962963
1295,func_metrics_01_CTSM_fortran,./models/01_CTSM/src/dyn_subgrid/dynPatchStateUpdaterMod.F90,set_new_weights,SUBROUTINE,167,1,False,3,17,517.9694174485,12.9310344827586,6697.88039804095,372.104466557831,0.172656472482833,CTSM,fortran,b1,2.0,0.0005828636547394188,3431.334212962963
1296,func_metrics_01_CTSM_fortran,./models/01_CTSM/src/dyn_subgrid/dynPatchStateUpdaterMod.F90,set_old_weights,SUBROUTINE,140,1,False,2,12,274.785873354077,3.46153846153846,951.181869302575,52.8434371834764,0.0915952911180257,CTSM,fortran,b1,2.0,0.0005828636547394188,3431.334212962963
1297,func_metrics_01_CTSM_fortran,./models/01_CTSM/src/dyn_subgrid/dynPatchStateUpdaterMod.F90,update_patch_state_partition_flux_by_type,SUBROUTINE,309,1,False,2,25,1064.65418790024,15.1,16076.2782372936,893.126568738536,0.354884729300081,CTSM,fortran,b1,5.0,0.001457159136848547,3431.334212962963
1298,func_metrics_01_CTSM_fortran,./models/01_CTSM/src/dyn_subgrid/dynPatchStateUpdaterMod.F90,old_weight_was_zero,FUNCTION,374,1,False,2,10,237.744375108173,4.54545454545455,1080.6562504917,60.0364583606499,0.0792481250360578,CTSM,fortran,b1,2.0,0.0005828636547394188,3431.334212962963
1299,func_metrics_01_CTSM_fortran,./models/01_CTSM/src/dyn_subgrid/dynPatchStateUpdaterMod.F90,patch_grew,FUNCTION,400,1,False,2,10,237.744375108173,4.54545454545455,1080.6562504917,60.0364583606499,0.0792481250360578,CTSM,fortran,b1,1.0,0.0002914318273697094,3431.334212962963
1300,func_metrics_01_CTSM_fortran,./models/01_CTSM/src/dyn_subgrid/dynPatchStateUpdaterMod.F90,patch_initiating,FUNCTION,426,1,False,2,10,279.692763949686,6.84782608695652,1915.28740530763,106.404855850424,0.0932309213165618,CTSM,fortran,b1,2.0,0.0005828636547394188,3431.334212962963
1301,func_metrics_01_CTSM_fortran,./models/01_CTSM/src/dyn_subgrid/dynPatchStateUpdaterMod.F90,constructor,FUNCTION,95,0,False,1,24,548.012050152885,7.25806451612903,3977.50681562578,220.972600868099,0.182670683384295,CTSM,fortran,b1,5.0,0.001457159136848547,3431.334212962963
1302,func_metrics_01_CTSM_fortran,./models/01_CTSM/src/dyn_subgrid/dynpftFileMod.F90,dynpft_check_consistency,SUBROUTINE,100,1,False,5,42,1260.69815949846,14.2327586206897,17943.2125976893,996.845144316072,0.42023271983282,CTSM,fortran,b1,9.0,0.002144362699624904,4197.051180555555
1303,func_metrics_01_CTSM_fortran,./models/01_CTSM/src/dyn_subgrid/dynpftFileMod.F90,dynpft_read_consistency_nl,SUBROUTINE,172,0,False,5,34,813.029689088065,15.5487804878049,12641.6201656986,702.312231427698,0.271009896362688,CTSM,fortran,b1,4.0,0.0009530500887221794,4197.051180555555
1304,func_metrics_01_CTSM_fortran,./models/01_CTSM/src/dyn_subgrid/dynpftFileMod.F90,dynpft_interp,SUBROUTINE,230,1,False,3,21,598.157556971933,6.75,4037.56350956055,224.309083864475,0.199385852323978,CTSM,fortran,b1,11.0,0.0025599486079542757,4296.961261574074
1305,func_metrics_01_CTSM_fortran,./models/01_CTSM/src/dyn_subgrid/dynpftFileMod.F90,dynpft_init,SUBROUTINE,47,0,False,2,18,579.94011851763,8.42553191489362,4886.30397729748,271.461332072082,0.19331337283921,CTSM,fortran,b1,15.0,0.0034908390108467397,4296.961261574074
1306,func_metrics_01_CTSM_fortran,./models/01_CTSM/src/dyn_subgrid/dynPriorWeightsMod.F90,set_prior_weights,SUBROUTINE,72,2,False,3,11,247.2541501125,2.5625,633.588759663282,35.199375536849,0.0824180500375001,CTSM,fortran,b1,5.0,0.0011636130036155798,4296.961261574074
1307,func_metrics_01_CTSM_fortran,./models/01_CTSM/src/dyn_subgrid/dynPriorWeightsMod.F90,constructor,FUNCTION,47,0,False,1,7,201.908906726419,4.77272727272727,963.656145739729,53.5364525410961,0.0673029689088065,CTSM,fortran,b1,6.0,0.001396335604338696,4296.961261574074
1308,func_metrics_01_CTSM_fortran,./models/01_CTSM/src/dyn_subgrid/dynSubgridControlMod.F90,check_namelist_consistency,SUBROUTINE,219,0,False,21,79,1943.84994388611,24.9,48401.8636027642,2688.99242237579,0.647949981295371,CTSM,fortran,b3,27.0,0.0068297570171069015,3953.2885185185187
1309,func_metrics_01_CTSM_fortran,./models/01_CTSM/src/dyn_subgrid/dynSubgridControlMod.F90,read_namelist,SUBROUTINE,107,0,False,5,67,1765.23350888015,27.0,47661.3047397641,2647.85026332023,0.588411169626717,CTSM,fortran,b1,15.0,0.0037943094539482788,3953.2885185185187
1310,func_metrics_01_CTSM_fortran,./models/01_CTSM/src/dyn_subgrid/dynSubgridControlMod.F90,dynSubgridControl_init,SUBROUTINE,81,0,False,2,10,174.228575027404,4.16666666666667,725.952395947516,40.3306886637509,0.0580761916758013,CTSM,fortran,b1,3.0,0.0007588618907896557,3953.2885185185187
1311,func_metrics_01_CTSM_fortran,./models/01_CTSM/src/dyn_subgrid/dynSubgridControlMod.F90,get_flanduse_timeseries,FUNCTION,346,0,False,1,5,100.0,3.0,300.0,16.6666666666667,0.0333333333333333,CTSM,fortran,b1,4.0,0.0010118158543862077,3953.2885185185187
1312,func_metrics_01_CTSM_fortran,./models/01_CTSM/src/dyn_subgrid/dynSubgridControlMod.F90,get_do_transient_pfts,FUNCTION,360,0,False,1,4,51.8914742795595,2.25,116.755817129009,6.48643428494493,0.0172971580931865,CTSM,fortran,b1,4.0,0.0010118158543862077,3953.2885185185187
1313,func_metrics_01_CTSM_fortran,./models/01_CTSM/src/dyn_subgrid/dynSubgridControlMod.F90,get_do_transient_crops,FUNCTION,372,0,False,1,4,51.8914742795595,2.25,116.755817129009,6.48643428494493,0.0172971580931865,CTSM,fortran,b1,4.0,0.0010118158543862077,3953.2885185185187
1314,func_metrics_01_CTSM_fortran,./models/01_CTSM/src/dyn_subgrid/dynSubgridControlMod.F90,get_do_transient_lakes,FUNCTION,384,0,False,1,4,51.8914742795595,2.25,116.755817129009,6.48643428494493,0.0172971580931865,CTSM,fortran,b1,2.0,0.0008241688822008263,2426.6871064814814
1315,func_metrics_01_CTSM_fortran,./models/01_CTSM/src/dyn_subgrid/dynSubgridControlMod.F90,get_do_transient_urban,FUNCTION,396,0,False,1,4,51.8914742795595,2.25,116.755817129009,6.48643428494493,0.0172971580931865,CTSM,fortran,b1,1.0,0.0006571743310992143,1521.6662500000002
1316,func_metrics_01_CTSM_fortran,./models/01_CTSM/src/dyn_subgrid/dynSubgridControlMod.F90,get_vars_1dwt_w_time,FUNCTION,408,0,False,1,4,51.8914742795595,2.25,116.755817129009,6.48643428494493,0.0172971580931865,CTSM,fortran,b1,1.0,0.010089151196440209,99.11636574074076
1317,func_metrics_01_CTSM_fortran,./models/01_CTSM/src/dyn_subgrid/dynSubgridControlMod.F90,run_has_transient_landcover,FUNCTION,420,0,False,1,3,49.8289214233104,2.14285714285714,106.776260192808,5.932014455156,0.0166096404744368,CTSM,fortran,b1,3.0,0.0009406951482373872,3189.1309375
1318,func_metrics_01_CTSM_fortran,./models/01_CTSM/src/dyn_subgrid/dynSubgridControlMod.F90,get_do_harvest,FUNCTION,433,0,False,1,4,51.8914742795595,2.25,116.755817129009,6.48643428494493,0.0172971580931865,CTSM,fortran,b1,4.0,0.0010118158543862077,3953.2885185185187
1319,func_metrics_01_CTSM_fortran,./models/01_CTSM/src/dyn_subgrid/dynSubgridControlMod.F90,get_do_grossunrep,FUNCTION,445,0,False,1,4,57.3594000115385,2.16666666666667,124.278700025,6.90437222361112,0.0191198000038462,CTSM,fortran,b1,1.0,0.0003573703084537584,2798.217916666667
1320,func_metrics_01_CTSM_fortran,./models/01_CTSM/src/dyn_subgrid/dynSubgridControlMod.F90,get_reset_dynbal_baselines,FUNCTION,457,0,False,1,4,51.8914742795595,2.25,116.755817129009,6.48643428494493,0.0172971580931865,CTSM,fortran,b1,2.0,0.0008231722924093577,2429.625023148148
1321,func_metrics_01_CTSM_fortran,./models/01_CTSM/src/dyn_subgrid/dynSubgridControlMod.F90,get_for_testing_allow_non_annual_changes,FUNCTION,469,0,False,1,4,51.8914742795595,2.25,116.755817129009,6.48643428494493,0.0172971580931865,CTSM,fortran,b1,2.0,0.0006271300988249247,3189.1309375
1322,func_metrics_01_CTSM_fortran,./models/01_CTSM/src/dyn_subgrid/dynSubgridControlMod.F90,get_for_testing_zero_dynbal_fluxes,FUNCTION,484,0,False,1,4,51.8914742795595,2.25,116.755817129009,6.48643428494493,0.0172971580931865,CTSM,fortran,b1,2.0,0.0006438591126715999,3106.2696180555563
1323,func_metrics_01_CTSM_fortran,./models/01_CTSM/src/dyn_subgrid/dynSubgridDriverMod.F90,dynSubgrid_init,SUBROUTINE,75,1,False,12,50,1163.68701706944,8.96825396825397,10436.2407086387,579.791150479925,0.387895672356481,CTSM,fortran,b2,32.0,0.0074471232231397115,4296.961261574074
1324,func_metrics_01_CTSM_fortran,./models/01_CTSM/src/dyn_subgrid/dynSubgridDriverMod.F90,dynSubgrid_driver,SUBROUTINE,188,2,False,12,79,2767.77013153398,15.4778761061947,42839.2031863091,2379.95573257273,0.922590043844659,CTSM,fortran,b2,59.0,0.013730633442663842,4296.961261574074
1325,func_metrics_01_CTSM_fortran,./models/01_CTSM/src/dyn_subgrid/dynSubgridDriverMod.F90,dynSubgrid_wrapup_weight_changes,SUBROUTINE,368,0,False,1,9,195.041959970538,5.05263157894737,985.475166166931,54.7486203426073,0.0650139866568461,CTSM,fortran,b1,2.0,0.0006106563044888391,3275.1647453703704
1326,func_metrics_01_CTSM_fortran,./models/01_CTSM/src/dyn_subgrid/dynTimeInfoMod.F90,set_info_from_year,SUBROUTINE,302,1,False,7,35,805.484398559952,24.640625,19847.6390082663,1102.64661157035,0.268494799519984,CTSM,fortran,b1,5.0,0.0011636130036155798,4296.961261574074
1327,func_metrics_01_CTSM_fortran,./models/01_CTSM/src/dyn_subgrid/dynTimeInfoMod.F90,set_current_year,SUBROUTINE,110,0,False,4,19,396.405166414669,6.234375,2471.33845936645,137.296581075914,0.132135055471556,CTSM,fortran,b1,7.0,0.0016290582050618118,4296.961261574074
1328,func_metrics_01_CTSM_fortran,./models/01_CTSM/src/dyn_subgrid/dynTimeInfoMod.F90,get_yearfrac,FUNCTION,175,0,False,4,14,302.627697999753,5.25,1588.7954144987,88.2664119165946,0.100875899333251,CTSM,fortran,b1,2.0,0.0005059079271931039,3953.2885185185187
1329,func_metrics_01_CTSM_fortran,./models/01_CTSM/src/dyn_subgrid/dynTimeInfoMod.F90,year_in_current_interval,FUNCTION,277,0,False,4,13,358.203013479422,12.25,4387.98691512292,243.777050840162,0.119401004493141,CTSM,fortran,b1,2.0,0.00046544520144623197,4296.961261574074
1330,func_metrics_01_CTSM_fortran,./models/01_CTSM/src/dyn_subgrid/dynTimeInfoMod.F90,is_before_time_series,FUNCTION,240,0,False,2,8,118.94197037642,4.38461538461538,521.51479318892,28.9730440660511,0.0396473234588068,CTSM,fortran,b1,1.0,0.00025295396359655193,3953.2885185185187
1331,func_metrics_01_CTSM_fortran,./models/01_CTSM/src/dyn_subgrid/dynTimeInfoMod.F90,is_after_time_series,FUNCTION,255,0,False,2,8,123.189897889864,4.61538461538462,568.56875949168,31.5871533050933,0.0410632992966213,CTSM,fortran,b1,1.0,0.00025295396359655193,3953.2885185185187
1332,func_metrics_01_CTSM_fortran,./models/01_CTSM/src/dyn_subgrid/dynTimeInfoMod.F90,constructor,FUNCTION,74,0,False,1,11,206.438918870602,3.33333333333333,688.129729568673,38.2294294204818,0.0688129729568673,CTSM,fortran,b1,3.0,0.000698167802169348,4296.961261574074
1333,func_metrics_01_CTSM_fortran,./models/01_CTSM/src/dyn_subgrid/dynTimeInfoMod.F90,get_time_index_lower,FUNCTION,153,0,False,1,4,60.9443625122597,1.5,91.4165437683895,5.07869687602164,0.0203147875040866,CTSM,fortran,b1,2.0,0.00046544520144623197,4296.961261574074
1334,func_metrics_01_CTSM_fortran,./models/01_CTSM/src/dyn_subgrid/dynTimeInfoMod.F90,get_time_index_upper,FUNCTION,164,0,False,1,4,60.9443625122597,1.5,91.4165437683895,5.07869687602164,0.0203147875040866,CTSM,fortran,b1,2.0,0.00046544520144623197,4296.961261574074
1335,func_metrics_01_CTSM_fortran,./models/01_CTSM/src/dyn_subgrid/dynTimeInfoMod.F90,get_year,FUNCTION,210,0,False,1,7,187.983462529567,6.38235294117647,1199.77680496812,66.6542669426734,0.0626611541765225,CTSM,fortran,b1,2.0,0.00046544520144623197,4296.961261574074
1336,func_metrics_01_CTSM_fortran,./models/01_CTSM/src/dyn_subgrid/dynTimeInfoMod.F90,is_within_bounds,FUNCTION,227,0,False,1,4,85.9515931033874,3.09090909090909,265.668560501379,14.7593644722988,0.0286505310344625,CTSM,fortran,b1,1.0,0.00023272260072311598,4296.961261574074
1337,func_metrics_01_CTSM_fortran,./models/01_CTSM/src/dyn_subgrid/dynurbanFileMod.F90,dynurban_init,SUBROUTINE,42,0,False,2,18,577.456111402309,8.48913043478261,4902.10025005656,272.33890278092,0.192485370467436,CTSM,fortran,b1,2.0,0.001314190385939842,1521.849513888889
1338,func_metrics_01_CTSM_fortran,./models/01_CTSM/src/dyn_subgrid/dynurbanFileMod.F90,dynurban_interp,SUBROUTINE,96,1,False,2,19,581.317187546797,6.91860465116279,4021.90379756214,223.439099864563,0.193772395848932,CTSM,fortran,b1,2.0,0.001314190385939842,1521.849513888889
1339,func_metrics_01_CTSM_fortran,./models/01_CTSM/src/dyn_subgrid/test/dynVar_test/test_dynVarShared.F90,create_dyn_file,FUNCTION,16,0,False,1,10,664.336448572642,4.57894736842105,3041.96163293789,168.997868496549,0.221445482857547,CTSM,fortran,b1,2.0,0.00046544520144623197,4296.961261574074
1340,func_metrics_01_CTSM_fortran,./models/01_CTSM/src/init_interp/initInterp.F90,initInterp,SUBROUTINE,175,1,False,48,307,11939.9651812174,42.0100502512563,501598.537261192,27866.5854033995,3.97998839373912,CTSM,fortran,b3,32.0,0.007516851887184265,4257.101307870371
1341,func_metrics_01_CTSM_fortran,./models/01_CTSM/src/init_interp/initInterp.F90,set_subgrid_info,SUBROUTINE,908,1,False,14,106,4907.49820136474,52.3728813559322,257019.821054526,14278.8789474737,1.63583273378825,CTSM,fortran,b2,14.0,0.0032886227006431157,4257.101307870371
1342,func_metrics_01_CTSM_fortran,./models/01_CTSM/src/init_interp/initInterp.F90,check_interp_non_ciso_to_ciso,SUBROUTINE,1412,0,False,11,54,1022.04434870869,10.6578947368421,10892.8410849215,605.157838051195,0.340681449569562,CTSM,fortran,b2,3.0,0.0011717442234614604,2560.2857175925924
1343,func_metrics_01_CTSM_fortran,./models/01_CTSM/src/init_interp/initInterp.F90,findMinDist,SUBROUTINE,838,0,False,8,38,1656.16398870422,16.875,27947.7673093837,1552.6537394102,0.552054662901406,CTSM,fortran,b1,16.0,0.0037584259435921325,4257.101307870371
1344,func_metrics_01_CTSM_fortran,./models/01_CTSM/src/init_interp/initInterp.F90,skip_var,FUNCTION,803,0,False,6,19,320.510158998771,8.36956521739131,2682.53067857667,149.029482143149,0.106836719666257,CTSM,fortran,b1,1.0,0.0003643689430384435,2744.4710069444445
1345,func_metrics_01_CTSM_fortran,./models/01_CTSM/src/init_interp/initInterp.F90,interp_2d_double,SUBROUTINE,1176,2,False,6,53,1915.97353165465,19.6708860759494,37688.897065713,2093.82761476184,0.638657843884884,CTSM,fortran,b1,16.0,0.0037584259435921325,4257.101307870371
1346,func_metrics_01_CTSM_fortran,./models/01_CTSM/src/init_interp/initInterp.F90,initInterp_readnl,SUBROUTINE,88,0,False,5,59,1276.74197636203,21.0612244897959,26889.7493797065,1493.87496553925,0.425580658787344,CTSM,fortran,b1,12.0,0.0028188194576940994,4257.101307870371
1347,func_metrics_01_CTSM_fortran,./models/01_CTSM/src/init_interp/initInterp.F90,interp_0d_copy,SUBROUTINE,1056,0,False,5,24,771.101391457363,12.6818181818182,9778.96764620928,543.27598034496,0.257033797152454,CTSM,fortran,b1,10.0,0.0023490162147450826,4257.101307870371
1348,func_metrics_01_CTSM_fortran,./models/01_CTSM/src/init_interp/initInterp.F90,translate_options,SUBROUTINE,150,0,False,4,12,153.731109797257,5.0,768.655548986283,42.7030860547935,0.0512437032657522,CTSM,fortran,b1,1.0,0.0003643689430384435,2744.4710069444445
1349,func_metrics_01_CTSM_fortran,./models/01_CTSM/src/init_interp/initInterp.F90,check_dim_level,SUBROUTINE,1311,0,False,4,26,562.620963487927,12.0535714285714,6781.5919706134,376.755109478522,0.187540321162642,CTSM,fortran,b1,11.0,0.002583917836219591,4257.101307870371
1350,func_metrics_01_CTSM_fortran,./models/01_CTSM/src/init_interp/initInterp.F90,read_var_double,SUBROUTINE,992,0,False,3,19,500.0,9.8,4900.0,272.222222222222,0.166666666666667,CTSM,fortran,b1,13.0,0.0030537210791686076,4257.101307870371
1351,func_metrics_01_CTSM_fortran,./models/01_CTSM/src/init_interp/initInterp.F90,read_var_int,SUBROUTINE,1022,0,False,3,19,475.968387774026,10.3478260869565,4925.23809957471,273.624338865262,0.158656129258009,CTSM,fortran,b1,12.0,0.0028188194576940994,4257.101307870371
1352,func_metrics_01_CTSM_fortran,./models/01_CTSM/src/init_interp/initInterp.F90,limit_snlsno,SUBROUTINE,1350,1,False,3,29,994.166675342151,12.1428571428571,12072.023914869,670.667995270499,0.331388891780717,CTSM,fortran,b1,2.0,0.0005485295122098781,3646.1119328703703
1353,func_metrics_01_CTSM_fortran,./models/01_CTSM/src/init_interp/initInterp.F90,check_nl_consistency,SUBROUTINE,165,0,False,2,5,68.5323885970369,4.5,308.395748686666,17.1330971492592,0.0228441295323456,CTSM,fortran,b1,1.0,0.0003643689430384435,2744.4710069444445
1354,func_metrics_01_CTSM_fortran,./models/01_CTSM/src/init_interp/initInterp.F90,interp_1d_double,SUBROUTINE,1092,0,False,2,21,949.443625122597,11.0121951219512,10455.4584571427,580.858803174597,0.316481208374199,CTSM,fortran,b1,10.0,0.0023490162147450826,4257.101307870371
1355,func_metrics_01_CTSM_fortran,./models/01_CTSM/src/init_interp/initInterp.F90,interp_1d_int,SUBROUTINE,1133,0,False,2,21,900.663907798067,11.5131578947368,10369.4857805698,576.082543364991,0.300221302599356,CTSM,fortran,b1,10.0,0.0023490162147450826,4257.101307870371
1356,func_metrics_01_CTSM_fortran,./models/01_CTSM/src/init_interp/initInterp.F90,copy_and_add_metadata,SUBROUTINE,780,0,False,1,10,220.078200034616,3.8,836.297160131539,46.4609533406411,0.0733594000115385,CTSM,fortran,b1,2.0,0.0009097961638550051,2198.2946064814814
1357,func_metrics_01_CTSM_fortran,./models/01_CTSM/src/init_interp/initInterp.F90,check_dim_subgrid,SUBROUTINE,1287,0,False,1,13,284.984403231592,4.2,1196.93449357269,66.4963607540381,0.0949948010771973,CTSM,fortran,b1,9.0,0.0021141145932705744,4257.101307870371
1358,func_metrics_01_CTSM_fortran,./models/01_CTSM/src/init_interp/initInterp1dData.F90,interp_1d_data_double,SUBROUTINE,31,1,False,5,28,738.74748692069,19.2,14183.9517488773,787.99731938207,0.246249162306897,CTSM,fortran,b1,3.0,0.0008279732077069688,3623.3056481481485
1359,func_metrics_01_CTSM_fortran,./models/01_CTSM/src/init_interp/initInterp1dData.F90,interp_1d_data_int,SUBROUTINE,80,1,False,4,24,619.924950509845,18.1923076923077,11277.8654458137,626.548080322984,0.206641650169948,CTSM,fortran,b1,3.0,0.0008279732077069688,3623.3056481481485
1360,func_metrics_01_CTSM_fortran,./models/01_CTSM/src/init_interp/initInterpBounds.F90,get_beg,FUNCTION,131,0,False,6,18,345.0,6.3,2173.5,120.75,0.115,CTSM,fortran,b1,3.0,0.0008227942683148172,3646.1119328703703
1361,func_metrics_01_CTSM_fortran,./models/01_CTSM/src/init_interp/initInterpBounds.F90,get_end,FUNCTION,165,0,False,6,18,345.0,6.3,2173.5,120.75,0.115,CTSM,fortran,b1,3.0,0.0008227942683148172,3646.1119328703703
1362,func_metrics_01_CTSM_fortran,./models/01_CTSM/src/init_interp/initInterpBounds.F90,constructor,FUNCTION,56,0,False,1,16,353.042112555529,4.64285714285714,1639.12409400781,91.0624496671007,0.117680704185176,CTSM,fortran,b1,2.0,0.0005485295122098781,3646.1119328703703
1363,func_metrics_01_CTSM_fortran,./models/01_CTSM/src/init_interp/initInterpBounds.F90,get_begp,FUNCTION,90,0,False,1,4,55.3509058981968,1.55555555555556,86.1014091749727,4.78341162083182,0.0184503019660656,CTSM,fortran,b1,1.0,0.00027426475610493905,3646.1119328703703
1364,func_metrics_01_CTSM_fortran,./models/01_CTSM/src/init_interp/initInterpBounds.F90,get_endp,FUNCTION,95,0,False,1,4,55.3509058981968,1.55555555555556,86.1014091749727,4.78341162083182,0.0184503019660656,CTSM,fortran,b1,1.0,0.00027426475610493905,3646.1119328703703
1365,func_metrics_01_CTSM_fortran,./models/01_CTSM/src/init_interp/initInterpBounds.F90,get_begc,FUNCTION,100,0,False,1,4,55.3509058981968,1.55555555555556,86.1014091749727,4.78341162083182,0.0184503019660656,CTSM,fortran,b1,1.0,0.00027426475610493905,3646.1119328703703
1366,func_metrics_01_CTSM_fortran,./models/01_CTSM/src/init_interp/initInterpBounds.F90,get_endc,FUNCTION,105,0,False,1,4,55.3509058981968,1.55555555555556,86.1014091749727,4.78341162083182,0.0184503019660656,CTSM,fortran,b1,1.0,0.00027426475610493905,3646.1119328703703
1367,func_metrics_01_CTSM_fortran,./models/01_CTSM/src/init_interp/initInterpBounds.F90,get_begl,FUNCTION,110,0,False,1,4,55.3509058981968,1.55555555555556,86.1014091749727,4.78341162083182,0.0184503019660656,CTSM,fortran,b1,1.0,0.00027426475610493905,3646.1119328703703
1368,func_metrics_01_CTSM_fortran,./models/01_CTSM/src/init_interp/initInterpBounds.F90,get_endl,FUNCTION,115,0,False,1,4,55.3509058981968,1.55555555555556,86.1014091749727,4.78341162083182,0.0184503019660656,CTSM,fortran,b1,1.0,0.00027426475610493905,3646.1119328703703
1369,func_metrics_01_CTSM_fortran,./models/01_CTSM/src/init_interp/initInterpBounds.F90,get_begg,FUNCTION,120,0,False,1,4,55.3509058981968,1.55555555555556,86.1014091749727,4.78341162083182,0.0184503019660656,CTSM,fortran,b1,1.0,0.0002870450604066728,3483.773587962963
1370,func_metrics_01_CTSM_fortran,./models/01_CTSM/src/init_interp/initInterpBounds.F90,get_endg,FUNCTION,125,0,False,1,4,55.3509058981968,1.55555555555556,86.1014091749727,4.78341162083182,0.0184503019660656,CTSM,fortran,b1,1.0,0.0002870450604066728,3483.773587962963
1371,func_metrics_01_CTSM_fortran,./models/01_CTSM/src/init_interp/initInterpMindist.F90,set_mindist,SUBROUTINE,158,4,False,28,136,4826.77751302861,49.3860759493671,238375.600849128,13243.0889360627,1.6089258376762,CTSM,fortran,b3,13.0,0.003520039195786874,3693.1406944444443
1372,func_metrics_01_CTSM_fortran,./models/01_CTSM/src/init_interp/initInterpMindist.F90,is_sametype,FUNCTION,714,0,False,15,45,1676.71580920295,34.546875,57925.2914710581,3218.07174839212,0.558905269734316,CTSM,fortran,b2,7.0,0.0018954057208083169,3693.1406944444443
1373,func_metrics_01_CTSM_fortran,./models/01_CTSM/src/init_interp/initInterpMindist.F90,set_single_match,SUBROUTINE,390,2,False,9,69,2010.96730807803,25.1754385964912,50626.9839840697,2812.61022133721,0.67032243602601,CTSM,fortran,b1,4.0,0.0014555915568310663,2748.0236342592593
1374,func_metrics_01_CTSM_fortran,./models/01_CTSM/src/init_interp/initInterpMindist.F90,destroy_subgrid_type,SUBROUTINE,113,0,False,8,25,389.026328220903,7.5,2917.69746165677,162.094303425376,0.129675442740301,CTSM,fortran,b1,2.0,0.001015612855385375,1969.2543171296295
1375,func_metrics_01_CTSM_fortran,./models/01_CTSM/src/init_interp/initInterpMindist.F90,is_baresoil,FUNCTION,811,0,False,8,24,635.553310606732,13.7037037037037,8709.43425646262,483.857458692368,0.211851103535577,CTSM,fortran,b1,2.0,0.0005415444916595191,3693.1406944444443
1376,func_metrics_01_CTSM_fortran,./models/01_CTSM/src/init_interp/initInterpMindist.F90,set_ice_adjustable_type,SUBROUTINE,587,0,False,5,18,449.783475125481,10.5,4722.72648881755,262.373693823197,0.149927825041827,CTSM,fortran,b1,3.0,0.001080855497125975,2775.579166666667
1377,func_metrics_01_CTSM_fortran,./models/01_CTSM/src/init_interp/initInterpMindist.F90,print_point,SUBROUTINE,80,0,False,4,17,389.900775177404,8.0,3119.20620141924,173.28923341218,0.129966925059135,CTSM,fortran,b1,2.0,0.0005415444916595191,3693.1406944444443
1378,func_metrics_01_CTSM_fortran,./models/01_CTSM/src/init_interp/initInterpMindist.F90,set_glc_must_be_same_type,SUBROUTINE,512,1,False,4,24,593.015809019125,16.0925925925926,9543.16181551148,530.175656417304,0.197671936339708,CTSM,fortran,b1,3.0,0.0010916936676232997,2748.0236342592593
1379,func_metrics_01_CTSM_fortran,./models/01_CTSM/src/init_interp/initInterpMindist.F90,do_fill_missing_with_natveg,FUNCTION,637,0,False,4,17,375.0,10.3695652173913,3888.58695652174,216.032608695652,0.125,CTSM,fortran,b1,2.0,0.0005745834583321136,3480.782418981482
1380,func_metrics_01_CTSM_fortran,./models/01_CTSM/src/init_interp/initInterpMindist.F90,is_urban_HD,FUNCTION,847,0,False,4,16,358.15198247445,9.78260869565217,3503.66069811962,194.647816562201,0.11938399415815,CTSM,fortran,b1,1.0,0.006239209110920645,160.27672453703704
1381,func_metrics_01_CTSM_fortran,./models/01_CTSM/src/init_interp/initInterpMindist.F90,do_fill_missing_urban_with_HD,FUNCTION,678,0,False,3,15,271.028587623318,7.175,1944.6301161973,108.035006455406,0.0903428625411059,CTSM,fortran,b1,1.0,0.006239209110920645,160.27672453703704
1382,func_metrics_01_CTSM_fortran,./models/01_CTSM/src/init_interp/initInterpMindist.F90,is_vegetated_landunit,FUNCTION,872,0,False,2,11,211.519787316349,6.88888888888889,1457.13631262374,80.9520173679855,0.0705065957721164,CTSM,fortran,b1,1.0,0.00027077224582975956,3693.1406944444443
1383,func_metrics_01_CTSM_fortran,./models/01_CTSM/src/init_interp/initInterpMindist.F90,is_urban_landunit,FUNCTION,898,0,False,2,11,237.744375108173,7.15789473684211,1701.74921130061,94.5416228500339,0.0792481250360578,CTSM,fortran,b1,1.0,0.006239209110920645,160.27672453703704
1384,func_metrics_01_CTSM_fortran,./models/01_CTSM/src/init_interp/initInterpMultilevelContainer.F90,find_interpolator,FUNCTION,164,0,False,14,48,933.317537808761,14.2941176470588,13340.9506875017,741.163927083428,0.311105845936254,CTSM,fortran,b2,3.0,0.0008227942683148172,3646.1119328703703
1385,func_metrics_01_CTSM_fortran,./models/01_CTSM/src/init_interp/initInterpMultilevelContainer.F90,get_levmaxurbgrnd_metadata,SUBROUTINE,361,7,False,12,129,5401.09165019511,33.2621359223301,179651.844597752,9980.65803320844,1.80036388339837,CTSM,fortran,b2,12.0,0.0032911770732592686,3646.1119328703703
1386,func_metrics_01_CTSM_fortran,./models/01_CTSM/src/init_interp/initInterpMultilevelContainer.F90,interp_levgrnd_check_source_file,SUBROUTINE,654,0,False,4,30,549.915790452943,13.0952380952381,7201.27820831235,400.071011572908,0.183305263484314,CTSM,fortran,b1,3.0,0.0008227942683148172,3646.1119328703703
1387,func_metrics_01_CTSM_fortran,./models/01_CTSM/src/init_interp/initInterpMultilevelContainer.F90,init,SUBROUTINE,78,0,False,1,27,1145.78838334636,6.70833333333333,7686.3304049485,427.018355830472,0.381929461115453,CTSM,fortran,b1,6.0,0.0016455885366296343,3646.1119328703703
1388,func_metrics_01_CTSM_fortran,./models/01_CTSM/src/init_interp/initInterpMultilevelContainer.F90,error_not_found,SUBROUTINE,220,0,False,1,9,224.008188561717,6.8,1523.25568221967,84.6253156788708,0.0746693961872389,CTSM,fortran,b1,2.0,0.0005485295122098781,3646.1119328703703
1389,func_metrics_01_CTSM_fortran,./models/01_CTSM/src/init_interp/initInterpMultilevelContainer.F90,create_levgrnd_col_interpolators,SUBROUTINE,239,0,False,1,21,1065.41950068796,7.5609756097561,8055.61085886016,447.533936603342,0.355139833562652,CTSM,fortran,b1,4.0,0.0010970590244197562,3646.1119328703703
1390,func_metrics_01_CTSM_fortran,./models/01_CTSM/src/init_interp/initInterpMultilevelContainer.F90,create_levgrnd_pft_interpolator,SUBROUTINE,305,0,False,1,19,900.806217075154,6.7,6035.40165440353,335.300091911307,0.300268739025051,CTSM,fortran,b1,3.0,0.0008227942683148172,3646.1119328703703
1391,func_metrics_01_CTSM_fortran,./models/01_CTSM/src/init_interp/initInterpMultilevelContainer.F90,create_snow_interpolators,SUBROUTINE,708,0,False,1,24,845.96846281803,6.12244897959184,5179.39875194712,287.744375108173,0.28198948760601,CTSM,fortran,b1,3.0,0.0008227942683148172,3646.1119328703703
1392,func_metrics_01_CTSM_fortran,./models/01_CTSM/src/init_interp/initInterpMultilevelContainer.F90,destroy_interp_multilevel_container_type,SUBROUTINE,775,0,False,1,11,159.911339510832,2.91176470588235,465.624194458012,25.8680108032229,0.0533037798369441,CTSM,fortran,b1,2.0,0.0010156737025973385,1969.1363425925927
1393,func_metrics_01_CTSM_fortran,./models/01_CTSM/src/init_interp/initInterpMultilevelCopy.F90,constructor,FUNCTION,47,0,False,1,2,16.2534966642115,0.75,12.1901224981587,0.677229027675481,0.0054178322214038,CTSM,fortran,b1,1.0,0.00027426475610493905,3646.1119328703703
1394,func_metrics_01_CTSM_fortran,./models/01_CTSM/src/init_interp/initInterpMultilevelCopy.F90,check_npts,SUBROUTINE,62,0,False,1,7,133.437600046154,3.57142857142857,476.562857307693,26.4757142948718,0.0444792000153847,CTSM,fortran,b1,2.0,0.0005485295122098781,3646.1119328703703
1395,func_metrics_01_CTSM_fortran,./models/01_CTSM/src/init_interp/initInterpMultilevelCopy.F90,interp_multilevel,SUBROUTINE,88,0,False,1,11,294.413435736511,6.125,1803.28229388613,100.182349660341,0.0981378119121704,CTSM,fortran,b1,7.0,0.0019198532927345734,3646.1119328703703
1396,func_metrics_01_CTSM_fortran,./models/01_CTSM/src/init_interp/initInterpMultilevelCopy.F90,get_description,FUNCTION,120,0,False,1,6,116.757900040385,2.2,256.867380088846,14.2704100049359,0.0389193000134616,CTSM,fortran,b1,1.0,0.00027426475610493905,3646.1119328703703
1397,func_metrics_01_CTSM_fortran,./models/01_CTSM/src/init_interp/initInterpMultilevelInterp.F90,interp_onelevel,SUBROUTINE,497,2,False,15,74,2052.03511879676,50.0,102601.755939838,5700.09755221322,0.684011706265586,CTSM,fortran,b2,6.0,0.0016455885366296343,3646.1119328703703
1398,func_metrics_01_CTSM_fortran,./models/01_CTSM/src/init_interp/initInterpMultilevelInterp.F90,interp_multilevel,SUBROUTINE,295,2,False,7,44,1480.87655924282,24.2307692307692,35882.7781662684,1993.4876759038,0.493625519747607,CTSM,fortran,b1,8.0,0.0021941180488395124,3646.1119328703703
1399,func_metrics_01_CTSM_fortran,./models/01_CTSM/src/init_interp/initInterpMultilevelInterp.F90,constructor_with_levclasses,FUNCTION,186,2,False,3,33,1051.50189744186,12.9166666666667,13581.899508624,754.549972701333,0.350500632480619,CTSM,fortran,b1,6.0,0.0016455885366296343,3646.1119328703703
1400,func_metrics_01_CTSM_fortran,./models/01_CTSM/src/init_interp/initInterpMultilevelInterp.F90,confirm_monotonically_increasing,SUBROUTINE,469,1,False,3,12,322.841223638941,9.75,3147.70193047968,174.872329471093,0.10761374121298,CTSM,fortran,b1,2.0,0.0005485295122098781,3646.1119328703703
1401,func_metrics_01_CTSM_fortran,./models/01_CTSM/src/init_interp/initInterpMultilevelInterp.F90,is_missing,FUNCTION,628,0,False,3,12,245.344529780426,5.81818181818182,1427.45908235884,79.303282353269,0.0817815099268086,CTSM,fortran,b1,1.0,0.00027426475610493905,3646.1119328703703
1402,func_metrics_01_CTSM_fortran,./models/01_CTSM/src/init_interp/initInterpMultilevelInterp.F90,check_npts,SUBROUTINE,265,0,False,2,12,330.342707668675,9.9,3270.39280591988,181.688489217771,0.110114235889558,CTSM,fortran,b1,3.0,0.0008227942683148172,3646.1119328703703
1403,func_metrics_01_CTSM_fortran,./models/01_CTSM/src/init_interp/initInterpMultilevelInterp.F90,check_coordinate_array,SUBROUTINE,428,0,False,2,15,404.46653521144,8.12903225806452,3287.92151204138,182.662306224521,0.134822178403813,CTSM,fortran,b1,3.0,0.0008227942683148172,3646.1119328703703
1404,func_metrics_01_CTSM_fortran,./models/01_CTSM/src/init_interp/initInterpMultilevelInterp.F90,constructor_no_levclasses,FUNCTION,128,0,False,1,22,766.383321735026,8.52941176470588,6536.79892068111,363.155495593395,0.255461107245009,CTSM,fortran,b1,6.0,0.0016455885366296343,3646.1119328703703
1405,func_metrics_01_CTSM_fortran,./models/01_CTSM/src/init_interp/initInterpMultilevelInterp.F90,get_description,FUNCTION,386,0,False,1,6,133.979770941508,3.0,401.939312824525,22.3299618235847,0.0446599236471694,CTSM,fortran,b1,1.0,0.00027426475610493905,3646.1119328703703
1406,func_metrics_01_CTSM_fortran,./models/01_CTSM/src/init_interp/initInterpMultilevelInterp.F90,get_nlev_source,FUNCTION,407,0,False,1,4,60.9443625122597,1.5,91.4165437683895,5.07869687602164,0.0203147875040866,CTSM,fortran,b1,1.0,0.00027426475610493905,3646.1119328703703
1407,func_metrics_01_CTSM_fortran,./models/01_CTSM/src/init_interp/initInterpMultilevelInterp.F90,get_nlev_dest,FUNCTION,415,0,False,1,4,60.9443625122597,1.5,91.4165437683895,5.07869687602164,0.0203147875040866,CTSM,fortran,b1,1.0,0.00027426475610493905,3646.1119328703703
1408,func_metrics_01_CTSM_fortran,./models/01_CTSM/src/init_interp/initInterpMultilevelSnow.F90,interp_multilevel,SUBROUTINE,125,2,False,5,38,889.293474925179,19.7647058823529,17576.6239749918,976.479109721765,0.296431158308393,CTSM,fortran,b1,6.0,0.0016455885366296343,3646.1119328703703
1409,func_metrics_01_CTSM_fortran,./models/01_CTSM/src/init_interp/initInterpMultilevelSnow.F90,check_npts,SUBROUTINE,94,0,False,2,12,346.793741727081,9.40909090909091,3263.0138426139,181.278546811883,0.115597913909027,CTSM,fortran,b1,3.0,0.0008227942683148172,3646.1119328703703
1410,func_metrics_01_CTSM_fortran,./models/01_CTSM/src/init_interp/initInterpMultilevelSnow.F90,constructor,FUNCTION,53,0,False,1,8,174.165028051187,3.09375,538.82305553336,29.9346141962978,0.0580550093503957,CTSM,fortran,b1,2.0,0.0005485295122098781,3646.1119328703703
1411,func_metrics_01_CTSM_fortran,./models/01_CTSM/src/init_interp/initInterpMultilevelSnow.F90,get_description,FUNCTION,209,0,False,1,6,133.979770941508,3.0,401.939312824525,22.3299618235847,0.0446599236471694,CTSM,fortran,b1,1.0,0.00027426475610493905,3646.1119328703703
1412,func_metrics_01_CTSM_fortran,./models/01_CTSM/src/init_interp/initInterpMultilevelSplit.F90,create_interp_multilevel_split_type,FUNCTION,56,0,False,3,22,511.822575142789,12.8846153846154,6594.63702587824,366.368723659902,0.170607525047596,CTSM,fortran,b1,2.0,0.0005485295122098781,3646.1119328703703
1413,func_metrics_01_CTSM_fortran,./models/01_CTSM/src/init_interp/initInterpMultilevelSplit.F90,interp_multilevel,SUBROUTINE,162,0,False,3,24,828.534293408552,16.3428571428571,13540.617595134,752.256533063003,0.276178097802851,CTSM,fortran,b1,4.0,0.0010970590244197562,3646.1119328703703
1414,func_metrics_01_CTSM_fortran,./models/01_CTSM/src/init_interp/initInterpMultilevelSplit.F90,check_npts,SUBROUTINE,115,0,False,1,8,185.842908080157,4.375,813.062722850685,45.1701512694825,0.0619476360267189,CTSM,fortran,b1,2.0,0.0005485295122098781,3646.1119328703703
1415,func_metrics_01_CTSM_fortran,./models/01_CTSM/src/init_interp/initInterpMultilevelSplit.F90,get_description,FUNCTION,138,0,False,1,6,173.917833126855,3.33333333333333,579.726110422849,32.2070061346027,0.0579726110422849,CTSM,fortran,b1,1.0,0.00027426475610493905,3646.1119328703703
1416,func_metrics_01_CTSM_fortran,./models/01_CTSM/src/init_interp/initInterpUtils.F90,glc_elevclasses_are_same,FUNCTION,28,1,False,8,47,1369.72335032019,17.8620689655172,24466.0929470986,1359.22738594992,0.456574450106731,CTSM,fortran,b1,2.0,0.000719610342992775,2779.2818981481487
1417,func_metrics_01_CTSM_fortran,./models/01_CTSM/src/init_interp/test/initInterpMultilevel_test/multilevel_interp_factory.F90,create_coordinate_arrays,SUBROUTINE,135,4,False,5,27,608.454433855456,7.30769230769231,4446.3977858668,247.022099214822,0.202818144618485,CTSM,fortran,b1,2.0,0.0005485295122098781,3646.1119328703703
1418,func_metrics_01_CTSM_fortran,./models/01_CTSM/src/init_interp/test/initInterpMultilevel_test/multilevel_interp_factory.F90,create_multilevel_interp_no_levclasses,FUNCTION,20,0,False,1,17,705.0,7.78571428571429,5488.92857142857,304.940476190476,0.235,CTSM,fortran,b1,4.0,0.0010970590244197562,3646.1119328703703
1419,func_metrics_01_CTSM_fortran,./models/01_CTSM/src/init_interp/test/initInterpMultilevel_test/multilevel_interp_factory.F90,create_multilevel_interp_with_levclasses,FUNCTION,68,0,False,1,22,953.329965910098,8.60606060606061,8204.41546419599,455.800859122,0.317776655303366,CTSM,fortran,b1,4.0,0.0010970590244197562,3646.1119328703703
1420,func_metrics_01_CTSM_fortran,./models/01_CTSM/src/init_interp/test/initInterpMultilevel_test/multilevel_interp_factory.F90,create_class_arrays,SUBROUTINE,179,0,False,1,17,343.790708660333,3.23809523809524,1113.22705661441,61.8459475896895,0.114596902886778,CTSM,fortran,b1,2.0,0.0005485295122098781,3646.1119328703703
1421,func_metrics_01_CTSM_fortran,./models/01_CTSM/src/main/abortutils.F90,write_point_context,SUBROUTINE,103,0,False,5,62,2000.35046087953,32.875,65761.5214014146,3653.41785563415,0.666783486959844,CTSM,fortran,b1,7.0,0.004501008406727195,1555.2070486111108
1422,func_metrics_01_CTSM_fortran,./models/01_CTSM/src/main/abortutils.F90,endrun_write_point_context,SUBROUTINE,60,0,False,3,19,391.734638776276,10.08,3948.68515886486,219.371397714715,0.130578212925425,CTSM,fortran,b1,20.0,0.0027548043796351914,7260.043634259259
1423,func_metrics_01_CTSM_fortran,./models/01_CTSM/src/main/abortutils.F90,endrun_vanilla,SUBROUTINE,30,0,False,2,12,227.548953298962,8.0,1820.39162639169,101.132868132872,0.0758496510996538,CTSM,fortran,b1,15.0,0.0020661032847263936,7260.043634259259
1424,func_metrics_01_CTSM_fortran,./models/01_CTSM/src/main/accumulMod.F90,init_accum_field,SUBROUTINE,136,0,False,19,129,3837.56051214852,45.7303370786517,175492.935780275,9749.6075433486,1.27918683738284,CTSM,fortran,b2,15.0,0.0020661032847263936,7260.043634259259
1425,func_metrics_01_CTSM_fortran,./models/01_CTSM/src/main/accumulMod.F90,update_accum_field_timeavg,SUBROUTINE,569,3,False,8,40,1446.03137559234,32.7439024390244,47348.7102861639,2630.48390478689,0.482010458530781,CTSM,fortran,b1,10.0,0.0013774021898175957,7260.043634259259
1426,func_metrics_01_CTSM_fortran,./models/01_CTSM/src/main/accumulMod.F90,accumulRest,SUBROUTINE,801,1,False,6,33,1844.45931198206,23.43,43215.6816797396,2400.87120442998,0.614819770660686,CTSM,fortran,b1,17.0,0.0023415837226899126,7260.043634259259
1427,func_metrics_01_CTSM_fortran,./models/01_CTSM/src/main/accumulMod.F90,clean_accum_fields,SUBROUTINE,875,1,False,6,19,330.117300051923,7.83333333333333,2585.91885040673,143.66215835593,0.110039100017308,CTSM,fortran,b1,3.0,0.0010410370415799713,2881.741840277778
1428,func_metrics_01_CTSM_fortran,./models/01_CTSM/src/main/accumulMod.F90,acctype_to_string,FUNCTION,943,0,False,5,15,208.083849978623,4.02777777777778,838.115506858341,46.5619726032412,0.0693612833262075,CTSM,fortran,b1,1.0,0.00034701234719332374,2881.741840277778
1429,func_metrics_01_CTSM_fortran,./models/01_CTSM/src/main/accumulMod.F90,print_accum_fields,SUBROUTINE,313,1,False,4,28,781.382124677102,15.6060606060606,12194.2967942033,677.460933011292,0.260460708225701,CTSM,fortran,b1,6.0,0.0008264413138905575,7260.043634259259
1430,func_metrics_01_CTSM_fortran,./models/01_CTSM/src/main/accumulMod.F90,update_accum_field_runmean,SUBROUTINE,630,1,False,4,27,887.124155370203,17.3684210526316,15407.9458564298,855.99699202388,0.295708051790068,CTSM,fortran,b1,5.0,0.0006887010949087978,7260.043634259259
1431,func_metrics_01_CTSM_fortran,./models/01_CTSM/src/main/accumulMod.F90,update_accum_field_runaccum,SUBROUTINE,680,1,False,4,26,829.646859896885,15.7948717948718,13104.1657870893,728.009210393848,0.276548953298962,CTSM,fortran,b1,7.0,0.0009641815328723171,7260.043634259259
1432,func_metrics_01_CTSM_fortran,./models/01_CTSM/src/main/accumulMod.F90,markreset_accum_field,SUBROUTINE,728,0,False,4,27,732.545741884783,18.9677419354839,13894.7385880081,771.929921556008,0.244181913961594,CTSM,fortran,b1,1.0,0.0019599729959276116,510.21111111111117
1433,func_metrics_01_CTSM_fortran,./models/01_CTSM/src/main/accumulMod.F90,find_field,SUBROUTINE,909,1,False,4,18,370.0,10.4545454545455,3868.18181818182,214.89898989899,0.123333333333333,CTSM,fortran,b1,1.0,0.00034701234719332374,2881.741840277778
1434,func_metrics_01_CTSM_fortran,./models/01_CTSM/src/main/accumulMod.F90,extract_accum_field_timeavg,SUBROUTINE,463,1,False,3,22,594.341007129507,12.0694444444444,7173.36576660475,398.520320366931,0.198113669043169,CTSM,fortran,b1,6.0,0.0008264413138905575,7260.043634259259
1435,func_metrics_01_CTSM_fortran,./models/01_CTSM/src/main/accumulMod.F90,extract_accum_field_ml,SUBROUTINE,397,1,False,2,15,452.363888065426,5.55882352941176,2514.61102483428,139.700612490793,0.150787962688475,CTSM,fortran,b1,6.0,0.0008264413138905575,7260.043634259259
1436,func_metrics_01_CTSM_fortran,./models/01_CTSM/src/main/accumulMod.F90,extract_accum_field_basic,SUBROUTINE,434,1,False,2,16,430.330056102374,8.4,3614.77247125994,200.820692847775,0.143443352034125,CTSM,fortran,b1,6.0,0.0008264413138905575,7260.043634259259
1437,func_metrics_01_CTSM_fortran,./models/01_CTSM/src/main/accumulMod.F90,update_accum_field_ml,SUBROUTINE,533,1,False,2,15,452.363888065426,5.55882352941176,2514.61102483428,139.700612490793,0.150787962688475,CTSM,fortran,b1,6.0,0.0008264413138905575,7260.043634259259
1438,func_metrics_01_CTSM_fortran,./models/01_CTSM/src/main/accumulMod.F90,extract_accum_field_sl,SUBROUTINE,360,0,False,1,13,382.574450106731,4.51612903225806,1727.75558112717,95.9864211737318,0.127524816702244,CTSM,fortran,b1,8.0,0.0011019217518540767,7260.043634259259
1439,func_metrics_01_CTSM_fortran,./models/01_CTSM/src/main/accumulMod.F90,update_accum_field_sl,SUBROUTINE,498,0,False,1,13,382.574450106731,4.51612903225806,1727.75558112717,95.9864211737318,0.127524816702244,CTSM,fortran,b1,8.0,0.0011019217518540767,7260.043634259259
1440,func_metrics_01_CTSM_fortran,./models/01_CTSM/src/main/accumulMod.F90,get_accum_reset,FUNCTION,775,0,False,1,9,286.620878712527,3.68,1054.7648336621,58.598046314561,0.0955402929041756,CTSM,fortran,b1,1.0,0.001963364571508976,509.3297569444444
1441,func_metrics_01_CTSM_fortran,./models/01_CTSM/src/main/atm2lndMod.F90,downscale_hillslope_solar,SUBROUTINE,740,8,False,18,72,3161.72225931343,40.1142857142857,126830.230059316,7046.12389218422,1.05390741977114,CTSM,fortran,b2,13.0,0.004667236217413974,2785.374340277778
1442,func_metrics_01_CTSM_fortran,./models/01_CTSM/src/main/atm2lndMod.F90,downscale_hillslope_precipitation,SUBROUTINE,855,6,False,17,82,3562.94775320435,37.3972602739726,133244.484469149,7402.47135939716,1.18764925106812,CTSM,fortran,b2,4.0,0.0023607839360129186,1694.3524305555557
1443,func_metrics_01_CTSM_fortran,./models/01_CTSM/src/main/atm2lndMod.F90,downscale_longwave,SUBROUTINE,457,5,False,10,57,2589.85409655463,26.3846153846154,68332.3042398646,3796.23912443692,0.863284698851545,CTSM,fortran,b1,10.0,0.0024493200875955108,4082.76568287037
1444,func_metrics_01_CTSM_fortran,./models/01_CTSM/src/main/atm2lndMod.F90,partition_precip,SUBROUTINE,312,2,False,9,47,1662.66708895538,17.7537313432836,29518.5448106331,1639.91915614629,0.554222362985126,CTSM,fortran,b1,13.0,0.003470977502883419,3745.3426273148148
1445,func_metrics_01_CTSM_fortran,./models/01_CTSM/src/main/atm2lndMod.F90,downscale_forcings,SUBROUTINE,97,2,False,5,73,3587.72245488113,18.4248120300752,66103.1118472647,3672.39510262582,1.19590748496038,CTSM,fortran,b1,23.0,0.005633436201469675,4082.76568287037
1446,func_metrics_01_CTSM_fortran,./models/01_CTSM/src/main/atm2lndMod.F90,check_downscale_consistency,SUBROUTINE,657,1,False,5,29,1519.45492910372,14.4,21880.1509790936,1215.56394328298,0.506484976367907,CTSM,fortran,b1,8.0,0.0019594560700764087,4082.76568287037
1447,func_metrics_01_CTSM_fortran,./models/01_CTSM/src/main/atm2lndMod.F90,set_atm2lnd_water_tracers,SUBROUTINE,60,1,False,3,16,384.696226270873,10.0384615384615,3861.75827141145,214.542126189525,0.128232075423624,CTSM,fortran,b1,3.0,0.0011832381929787175,2535.415115740741
1448,func_metrics_01_CTSM_fortran,./models/01_CTSM/src/main/atm2lndMod.F90,build_normalization,SUBROUTINE,591,0,False,2,16,404.015488510401,10.4210526315789,4210.26666973997,233.903703874443,0.134671829503467,CTSM,fortran,b1,4.0,0.0009797280350382043,4082.76568287037
1449,func_metrics_01_CTSM_fortran,./models/01_CTSM/src/main/atm2lndMod.F90,rhos,FUNCTION,286,0,False,1,10,352.532978860582,8.1,2855.51712877071,158.639840487262,0.117510992953527,CTSM,fortran,b1,1.0,0.00028678250597636987,3486.9630439814814
1450,func_metrics_01_CTSM_fortran,./models/01_CTSM/src/main/atm2lndMod.F90,repartition_rain_snow_one_col,SUBROUTINE,396,0,False,1,15,437.469297907242,7.60869565217391,3328.57074494641,184.920596941467,0.145823099302414,CTSM,fortran,b1,2.0,0.0005339965389051414,3745.3426273148148
1451,func_metrics_01_CTSM_fortran,./models/01_CTSM/src/main/atm2lndMod.F90,sens_heat_from_precip_conversion,SUBROUTINE,430,0,False,1,9,311.138364714907,4.66666666666667,1451.97903533623,80.6655019631239,0.103712788238302,CTSM,fortran,b1,2.0,0.0005339965389051414,3745.3426273148148
1452,func_metrics_01_CTSM_fortran,./models/01_CTSM/src/main/atm2lndType.F90,UpdateAccVars,SUBROUTINE,929,8,False,14,87,2350.04495276059,17.8014705882353,41834.2561075984,2324.12533931102,0.783348317586863,CTSM,fortran,b2,11.0,0.002694252096355062,4082.76568287037
1453,func_metrics_01_CTSM_fortran,./models/01_CTSM/src/main/atm2lndType.F90,atm2lnd_params_constructor,FUNCTION,145,0,False,12,68,1958.92013543749,40.1860465116279,78721.2556752555,4373.40309306975,0.652973378479164,CTSM,fortran,b2,2.0,0.0006251654784621321,3199.152974537037
1454,func_metrics_01_CTSM_fortran,./models/01_CTSM/src/main/atm2lndType.F90,ReadNamelist,SUBROUTINE,336,0,False,7,73,2023.26680231704,23.8706896551724,48296.7739277231,2683.15410709573,0.674422267439014,CTSM,fortran,b1,2.0,0.0006251654784621321,3199.152974537037
1455,func_metrics_01_CTSM_fortran,./models/01_CTSM/src/main/atm2lndType.F90,InitAccVars,SUBROUTINE,843,0,False,6,53,1405.95168879748,16.11,22649.8817065274,1258.32676147374,0.468650562932493,CTSM,fortran,b1,9.0,0.0022043880788359597,4082.76568287037
1456,func_metrics_01_CTSM_fortran,./models/01_CTSM/src/main/atm2lndType.F90,InitHistory,SUBROUTINE,523,0,False,4,110,6775.94376795052,24.4756097560976,165845.355393618,9213.63085520102,2.25864792265018,CTSM,fortran,b1,27.0,0.00661316423650788,4082.76568287037
1457,func_metrics_01_CTSM_fortran,./models/01_CTSM/src/main/atm2lndType.F90,InitAllocate,SUBROUTINE,448,0,False,3,100,2719.74057414548,10.8571428571429,29528.6119478652,1640.47844154807,0.906580191381827,CTSM,fortran,b1,18.0,0.0044087761576719195,4082.76568287037
1458,func_metrics_01_CTSM_fortran,./models/01_CTSM/src/main/atm2lndType.F90,InitAccBuffer,SUBROUTINE,780,0,False,3,25,1524.69476269688,12.6428571428571,19276.4980712391,1070.91655951328,0.508231587565625,CTSM,fortran,b1,7.0,0.0017145240613168577,4082.76568287037
1459,func_metrics_01_CTSM_fortran,./models/01_CTSM/src/main/atm2lndType.F90,Restart,SUBROUTINE,1047,0,False,3,17,846.593835376265,8.5,7196.04760069826,399.780422261014,0.282197945125422,CTSM,fortran,b1,4.0,0.0009797280350382043,4082.76568287037
1460,func_metrics_01_CTSM_fortran,./models/01_CTSM/src/main/atm2lndType.F90,InitForTesting,SUBROUTINE,298,0,False,2,14,310.0,6.44,1996.4,110.911111111111,0.103333333333333,CTSM,fortran,b1,2.0,0.0006251654784621321,3199.152974537037
1461,func_metrics_01_CTSM_fortran,./models/01_CTSM/src/main/atm2lndType.F90,Clean,SUBROUTINE,1084,0,False,2,44,795.607624321892,6.32352941176471,5031.04821262373,279.502678479096,0.265202541440631,CTSM,fortran,b1,16.0,0.004271972311241132,3745.3426273148148
1462,func_metrics_01_CTSM_fortran,./models/01_CTSM/src/main/atm2lndType.F90,compute_ramp_params,SUBROUTINE,270,0,False,1,8,216.096404744368,6.66666666666667,1440.64269829579,80.0357054608771,0.0720321349147894,CTSM,fortran,b1,1.0,0.00031258273923106606,3199.152974537037
1463,func_metrics_01_CTSM_fortran,./models/01_CTSM/src/main/atm2lndType.F90,Init,SUBROUTINE,285,0,False,1,8,151.267483321058,3.625,548.344627038834,30.4635903910463,0.0504224944403526,CTSM,fortran,b1,3.0,0.0007347960262786533,4082.76568287037
1464,func_metrics_01_CTSM_fortran,./models/01_CTSM/src/main/clm_driver.F90,clm_drv,SUBROUTINE,107,13,False,66,431,25766.5961994194,45.3097826086957,1167478.87236174,64859.9373534298,8.58886539980646,CTSM,fortran,b4,416.0,0.10189171564397326,4082.76568287037
1465,func_metrics_01_CTSM_fortran,./models/01_CTSM/src/main/clm_driver.F90,clm_drv_init,SUBROUTINE,1540,5,False,8,48,1765.57287899917,14.0853658536585,24868.7399420005,1381.59666344447,0.588524292999723,CTSM,fortran,b1,12.0,0.0029391841051146133,4082.76568287037
1466,func_metrics_01_CTSM_fortran,./models/01_CTSM/src/main/clm_driver.F90,write_diagnostic,SUBROUTINE,1721,0,False,2,24,547.454050408148,7.90476190476191,4327.49392227393,240.416329015219,0.182484683469383,CTSM,fortran,b1,5.0,0.0012246600437977554,4082.76568287037
1467,func_metrics_01_CTSM_fortran,./models/01_CTSM/src/main/clm_driver.F90,clm_drv_patch2col,SUBROUTINE,1634,0,False,1,25,1475.72117358368,9.0188679245283,13309.3343579811,739.407464332284,0.491907057861227,CTSM,fortran,b1,14.0,0.0034290481226337153,4082.76568287037
1468,func_metrics_01_CTSM_fortran,./models/01_CTSM/src/main/clm_initializeMod.F90,initialize2,SUBROUTINE,128,8,False,64,391,14485.4328208426,36.9262536873156,534892.767113003,29716.2648396113,4.82847760694754,CTSM,fortran,b4,232.0,0.056824226032215853,4082.76568287037
1469,func_metrics_01_CTSM_fortran,./models/01_CTSM/src/main/clm_initializeMod.F90,initialize1,SUBROUTINE,51,0,False,4,53,1195.36335805963,6.81818181818182,8150.20471404292,452.789150780162,0.398454452686543,CTSM,fortran,b1,49.0,0.012001668429218003,4082.76568287037
1470,func_metrics_01_CTSM_fortran,./models/01_CTSM/src/main/clm_instMod.F90,clm_instInit,SUBROUTINE,187,1,False,18,163,6669.76941443186,23.2932692307692,155360.734677511,8631.15192652841,2.22325647147729,CTSM,fortran,b2,126.0,0.03157036885404473,3991.084189814815
1471,func_metrics_01_CTSM_fortran,./models/01_CTSM/src/main/clm_instMod.F90,clm_instRest,SUBROUTINE,515,0,False,7,51,2916.6528673111,18.1111111111111,52823.8241524122,2934.65689735623,0.972217622437035,CTSM,fortran,b1,37.0,0.009270663869838533,3991.084189814815
1472,func_metrics_01_CTSM_fortran,./models/01_CTSM/src/main/clm_instMod.F90,clm_instReadNML,SUBROUTINE,172,0,False,2,9,151.620675033668,5.36666666666667,813.697622680686,45.2054234822603,0.0505402250112227,CTSM,fortran,b1,5.0,0.001378548291958722,3627.003877314815
1473,func_metrics_01_CTSM_fortran,./models/01_CTSM/src/main/clm_varcon.F90,clm_varcon_init,SUBROUTINE,274,0,False,2,17,310.0,3.92857142857143,1217.85714285714,67.6587301587302,0.103333333333333,CTSM,fortran,b1,3.0,0.0007347960262786533,4082.76568287037
1474,func_metrics_01_CTSM_fortran,./models/01_CTSM/src/main/clm_varcon.F90,clm_varcon_clean,SUBROUTINE,309,0,False,1,11,116.757900040385,2.4,280.218960096923,15.5677200053846,0.0389193000134616,CTSM,fortran,b1,1.0,0.0004912576996542081,2035.5915046296295
1475,func_metrics_01_CTSM_fortran,./models/01_CTSM/src/main/clm_varctl.F90,clm_varctl_set,SUBROUTINE,548,0,False,12,25,819.705456706567,8.33333333333333,6830.87880588806,379.493266993781,0.273235152235522,CTSM,fortran,b2,1.0,0.0002449320087595511,4082.76568287037
1476,func_metrics_01_CTSM_fortran,./models/01_CTSM/src/main/clm_varctl.F90,cnallocate_carbon_only_set,SUBROUTINE,587,0,False,1,4,41.2090250187501,1.57142857142857,64.7570393151787,3.5976132952877,0.0137363416729167,CTSM,fortran,b1,,,
1477,func_metrics_01_CTSM_fortran,./models/01_CTSM/src/main/clm_varctl.F90,CNAllocate_Carbon_only,FUNCTION,593,0,False,1,3,23.2646625064904,1.75,40.7131593863582,2.26184218813101,0.0077548875021634,CTSM,fortran,b1,,,
1478,func_metrics_01_CTSM_fortran,./models/01_CTSM/src/main/clm_varpar.F90,clm_varpar_init,SUBROUTINE,171,1,False,22,134,3315.18184704205,28.3695652173913,94050.2676171713,5225.01486762063,1.10506061568068,CTSM,fortran,b3,81.0,0.017447909722265297,4642.389907407408
1479,func_metrics_01_CTSM_fortran,./models/01_CTSM/src/main/ColumnType.F90,update_itype,SUBROUTINE,214,0,False,2,14,355.0,9.97826086956522,3542.28260869565,196.79347826087,0.118333333333333,CTSM,fortran,b1,4.0,0.0011101964126341533,3602.966064814815
1480,func_metrics_01_CTSM_fortran,./models/01_CTSM/src/main/ColumnType.F90,Init,SUBROUTINE,114,0,False,1,80,2238.77781270547,11.4137931034483,25552.9467588107,1419.60815326726,0.746259270901822,CTSM,fortran,b1,30.0,0.007347960262786533,4082.76568287037
1481,func_metrics_01_CTSM_fortran,./models/01_CTSM/src/main/ColumnType.F90,Clean,SUBROUTINE,167,0,False,1,41,675.49793084855,1.38636363636364,936.485767767308,52.0269870981838,0.225165976949517,CTSM,fortran,b1,21.0,0.0051435721839505726,4082.76568287037
1482,func_metrics_01_CTSM_fortran,./models/01_CTSM/src/main/column_varcon.F90,is_hydrologically_active,FUNCTION,41,0,False,3,14,284.599654545294,7.09090909090909,2018.07027768481,112.115015426934,0.094866551515098,CTSM,fortran,b1,2.0,0.0005485295122098781,3646.1119328703703
1483,func_metrics_01_CTSM_fortran,./models/01_CTSM/src/main/column_varcon.F90,ice_class_to_col_itype,FUNCTION,80,0,False,1,9,223.467125775868,5.56818181818182,1244.30558670654,69.1280881503633,0.0744890419252894,CTSM,fortran,b1,4.0,0.0009590204804567735,4170.922395833333
1484,func_metrics_01_CTSM_fortran,./models/01_CTSM/src/main/column_varcon.F90,col_itype_to_ice_class,FUNCTION,105,0,False,1,9,223.467125775868,5.56818181818182,1244.30558670654,69.1280881503633,0.0744890419252894,CTSM,fortran,b1,4.0,0.0009590204804567735,4170.922395833333
1485,func_metrics_01_CTSM_fortran,./models/01_CTSM/src/main/column_varcon.F90,write_coltype_metadata,SUBROUTINE,132,0,False,1,18,575.060929606864,7.5,4312.95697205148,239.608720669527,0.191686976535621,CTSM,fortran,b1,2.0,0.0005415444916595191,3693.1406944444443
1486,func_metrics_01_CTSM_fortran,./models/01_CTSM/src/main/controlMod.F90,control_init,SUBROUTINE,114,1,False,58,271,11382.0183170902,32.0416666666667,364698.836910098,20261.0464950054,3.79400610569673,CTSM,fortran,b4,362.0,0.07797707801802516,4642.389907407408
1487,func_metrics_01_CTSM_fortran,./models/01_CTSM/src/main/controlMod.F90,control_print,SUBROUTINE,1004,0,False,26,221,5885.28146621485,19.3066666666667,113625.167507721,6312.50930598452,1.96176048873828,CTSM,fortran,b3,178.0,0.038342320130410154,4642.389907407408
1488,func_metrics_01_CTSM_fortran,./models/01_CTSM/src/main/controlMod.F90,apply_use_init_interp,SUBROUTINE,1297,0,False,9,59,1316.00267933739,18.8375,24790.200472018,1377.23335955656,0.438667559779129,CTSM,fortran,b1,12.0,0.0032492669499571145,3693.1406944444443
1489,func_metrics_01_CTSM_fortran,./models/01_CTSM/src/main/controlMod.F90,control_spmd,SUBROUTINE,704,0,False,7,212,13702.5830930435,28.0373831775701,384184.572702154,21343.5873723419,4.56752769768116,CTSM,fortran,b1,286.0,0.061606199760097215,4642.389907407408
1490,func_metrics_01_CTSM_fortran,./models/01_CTSM/src/main/controlMod.F90,control_setNL,SUBROUTINE,82,0,False,4,17,413.640317787393,10.4347826086957,4316.24679430323,239.791488572402,0.137880105929131,CTSM,fortran,b1,5.0,0.001077031464337364,4642.389907407408
1491,func_metrics_01_CTSM_fortran,./models/01_CTSM/src/main/controlMod.F90,check_missing_initdata_status,SUBROUTINE,1265,0,False,3,18,410.342641355597,9.8,4021.35788528485,223.408771404714,0.136780880451866,CTSM,fortran,b1,2.0,0.003966433323475399,504.2313425925926
1492,func_metrics_01_CTSM_fortran,./models/01_CTSM/src/main/controlMod.F90,handle_err,SUBROUTINE,1375,0,False,3,9,120.927825041827,4.25,513.943256427765,28.5524031348758,0.0403092750139424,CTSM,fortran,b1,1.0,0.0008268314301823828,1209.4363657407407
1493,func_metrics_01_CTSM_fortran,./models/01_CTSM/src/main/decompInitMod.F90,decompInit_lnd,SUBROUTINE,43,9,False,34,201,6116.67766659384,62.9651162790698,385137.32051867,21396.5178065928,2.03889255553128,CTSM,fortran,b3,34.0,0.005049887146814967,6732.823726851851
1494,func_metrics_01_CTSM_fortran,./models/01_CTSM/src/main/decompInitMod.F90,decompInit_glcp,SUBROUTINE,572,12,False,25,202,5989.30277656375,33.9130434782609,203115.485466075,11284.1936370042,1.99643425885458,CTSM,fortran,b3,27.0,0.004010204498941297,6732.823726851851
1495,func_metrics_01_CTSM_fortran,./models/01_CTSM/src/main/decompInitMod.F90,decompInit_clumps,SUBROUTINE,311,6,False,23,176,7298.23479998091,62.8333333333333,458572.419932134,25476.2455517852,2.43274493332697,CTSM,fortran,b3,24.0,0.0035646262212811527,6732.823726851851
1496,func_metrics_01_CTSM_fortran,./models/01_CTSM/src/main/decompMod.F90,get_subgrid_level_from_name,FUNCTION,443,0,False,8,23,417.546775290118,6.70967741935484,2801.60416968853,155.644676093807,0.139182258430039,CTSM,fortran,b1,1.0,0.0006431140774582523,1554.9340856481483
1497,func_metrics_01_CTSM_fortran,./models/01_CTSM/src/main/decompMod.F90,get_subgrid_level_gsize,FUNCTION,482,0,False,8,21,295.0,5.32,1569.4,87.1888888888889,0.0983333333333333,CTSM,fortran,b1,29.0,0.0039944663504710275,7260.043634259259
1498,func_metrics_01_CTSM_fortran,./models/01_CTSM/src/main/decompMod.F90,get_subgrid_level_gindex,SUBROUTINE,515,0,False,8,21,279.692763949686,5.47826086956522,1532.2299242461,85.1238846803391,0.0932309213165618,CTSM,fortran,b1,30.0,0.004132206569452787,7260.043634259259
1499,func_metrics_01_CTSM_fortran,./models/01_CTSM/src/main/decompMod.F90,get_beg,FUNCTION,124,0,False,7,20,351.034936046273,5.14285714285714,1805.32252823798,100.295696013221,0.117011645348758,CTSM,fortran,b1,2.0,0.0006188159320980153,3231.9788425925926
1500,func_metrics_01_CTSM_fortran,./models/01_CTSM/src/main/decompMod.F90,get_end,FUNCTION,165,0,False,7,20,351.034936046273,5.14285714285714,1805.32252823798,100.295696013221,0.117011645348758,CTSM,fortran,b1,3.0,0.0009282238981470231,3231.9788425925926
1501,func_metrics_01_CTSM_fortran,./models/01_CTSM/src/main/decompMod.F90,get_proc_global,SUBROUTINE,331,0,False,6,12,280.925326167679,4.76470588235294,1338.52655409306,74.3625863385032,0.0936417753892262,CTSM,fortran,b1,28.0,0.0038567261314892682,7260.043634259259
1502,func_metrics_01_CTSM_fortran,./models/01_CTSM/src/main/decompMod.F90,get_proc_bounds,SUBROUTINE,247,0,False,3,27,771.449846508123,14.4615384615385,11156.3516264252,619.797312579176,0.257149948836041,CTSM,fortran,b1,33.0,0.004545427226398066,7260.043634259259
1503,func_metrics_01_CTSM_fortran,./models/01_CTSM/src/main/decompMod.F90,get_proc_total,SUBROUTINE,297,1,False,3,23,478.317187546797,15.1666666666667,7254.47734445975,403.026519136653,0.159439062515599,CTSM,fortran,b1,28.0,0.0038567261314892682,7260.043634259259
1504,func_metrics_01_CTSM_fortran,./models/01_CTSM/src/main/decompMod.F90,get_global_index_array,FUNCTION,397,1,False,3,23,596.544691254158,17.28125,10309.0379457359,572.724330318662,0.198848230418052,CTSM,fortran,b1,29.0,0.0039944663504710275,7260.043634259259
1505,func_metrics_01_CTSM_fortran,./models/01_CTSM/src/main/decompMod.F90,get_clump_bounds,SUBROUTINE,205,0,False,2,24,949.443625122597,18.5810810810811,17641.6889803185,980.093832239918,0.316481208374199,CTSM,fortran,b1,31.0,0.004269946788434547,7260.043634259259
1506,func_metrics_01_CTSM_fortran,./models/01_CTSM/src/main/decompMod.F90,get_global_index,FUNCTION,364,0,False,2,16,391.119764195806,11.7777777777778,4606.52166719505,255.917870399725,0.130373254731935,CTSM,fortran,b1,30.0,0.004132206569452787,7260.043634259259
1507,func_metrics_01_CTSM_fortran,./models/01_CTSM/src/main/decompMod.F90,get_proc_clumps,FUNCTION,353,0,False,1,3,28.073549220576,1.6,44.9176787529217,2.49542659738454,0.009357849740192,CTSM,fortran,b1,28.0,0.0038567261314892682,7260.043634259259
1508,func_metrics_01_CTSM_fortran,./models/01_CTSM/src/main/filterColMod.F90,col_filter_from_grcflags_ltypes,FUNCTION,275,3,False,7,32,775.259801667189,12.8780487804878,9983.83354342135,554.657419078964,0.258419933889063,CTSM,fortran,b1,4.0,0.0011101964126341533,3602.966064814815
1509,func_metrics_01_CTSM_fortran,./models/01_CTSM/src/main/filterColMod.F90,col_filter_from_logical_array_active_only,FUNCTION,163,1,False,4,17,428.117579727842,9.82758620689655,4207.36242146328,233.74235674796,0.142705859909281,CTSM,fortran,b1,4.0,0.0011101964126341533,3602.966064814815
1510,func_metrics_01_CTSM_fortran,./models/01_CTSM/src/main/filterColMod.F90,col_filter_from_ltypes,FUNCTION,200,1,False,4,19,452.363888065426,7.875,3562.36561851523,197.909201028624,0.150787962688475,CTSM,fortran,b1,3.0,0.000832647309475615,3602.966064814815
1511,func_metrics_01_CTSM_fortran,./models/01_CTSM/src/main/filterColMod.F90,col_filter_from_lunflags,FUNCTION,236,1,False,4,20,507.727140533269,10.0,5077.27140533269,282.070633629594,0.169242380177756,CTSM,fortran,b1,5.0,0.0013877455157926917,3602.966064814815
1512,func_metrics_01_CTSM_fortran,./models/01_CTSM/src/main/filterColMod.F90,equals_filter,FUNCTION,400,1,False,4,22,453.995470742261,13.2608695652174,6020.37472071259,334.465262261811,0.151331823580754,CTSM,fortran,b1,1.0,0.00028678250597636987,3486.9630439814814
1513,func_metrics_01_CTSM_fortran,./models/01_CTSM/src/main/filterColMod.F90,col_filter_from_logical_array,FUNCTION,130,1,False,3,15,385.499549056542,10.0,3854.99549056542,214.166416142524,0.128499849685514,CTSM,fortran,b1,5.0,0.0013877455157926917,3602.966064814815
1514,func_metrics_01_CTSM_fortran,./models/01_CTSM/src/main/filterColMod.F90,col_filter_from_filter_and_logical_array,FUNCTION,330,1,False,3,18,463.007744255201,11.0,5093.08518680721,282.949177044845,0.154335914751734,CTSM,fortran,b1,2.0,0.0006479347068096763,3086.7307754629637
1515,func_metrics_01_CTSM_fortran,./models/01_CTSM/src/main/filterColMod.F90,include_based_on_active,FUNCTION,369,0,False,3,13,222.905097109187,5.21052631578947,1161.45287441103,64.5251596895014,0.0743016990363956,CTSM,fortran,b1,1.0,0.00028678250597636987,3486.9630439814814
1516,func_metrics_01_CTSM_fortran,./models/01_CTSM/src/main/filterColMod.F90,col_filter_empty,FUNCTION,81,0,False,1,7,173.91626957122,3.57142857142857,621.12953418293,34.5071963434961,0.0579720898570735,CTSM,fortran,b1,2.0,0.0005550982063170767,3602.966064814815
1517,func_metrics_01_CTSM_fortran,./models/01_CTSM/src/main/filterColMod.F90,col_filter_from_index_array,FUNCTION,101,0,False,1,11,287.343386002439,5.64,1620.61669705375,90.0342609474308,0.0957811286674796,CTSM,fortran,b1,4.0,0.0011101964126341533,3602.966064814815
1518,func_metrics_01_CTSM_fortran,./models/01_CTSM/src/main/filterMod.F90,setFiltersOneGroup,SUBROUTINE,302,14,False,47,212,6650.51304855674,38.6875,257291.723566039,14293.9846425577,2.21683768285225,CTSM,fortran,b3,43.0,0.00926247059330133,4642.389907407408
1519,func_metrics_01_CTSM_fortran,./models/01_CTSM/src/main/filterMod.F90,allocFiltersOneGroup,SUBROUTINE,174,1,False,4,52,2597.15766824897,29.2835820895522,76054.0797776787,4225.22665431548,0.865719222749655,CTSM,fortran,b1,19.0,0.004092719564481983,4642.389907407408
1520,func_metrics_01_CTSM_fortran,./models/01_CTSM/src/main/filterMod.F90,setExposedvegpFilter,SUBROUTINE,594,1,False,3,27,686.363466378551,13.6923076923077,9397.899770414,522.105542800778,0.228787822126184,CTSM,fortran,b1,5.0,0.001240599208728594,4030.310486111111
1521,func_metrics_01_CTSM_fortran,./models/01_CTSM/src/main/filterMod.F90,allocFilters,SUBROUTINE,159,0,False,1,4,30.8809041426336,1.6,49.4094466282138,2.74496925712299,0.0102936347142112,CTSM,fortran,b1,4.0,0.0008616251714698912,4642.389907407408
1522,func_metrics_01_CTSM_fortran,./models/01_CTSM/src/main/filterMod.F90,setFilters,SUBROUTINE,266,0,False,1,8,225.621106470772,3.54545454545455,799.929377487284,44.4405209715158,0.0752070354902575,CTSM,fortran,b1,12.0,0.0025848755144096736,4642.389907407408
1523,func_metrics_01_CTSM_fortran,./models/01_CTSM/src/main/FuncPedotransferMod.F90,pedotransf,SUBROUTINE,31,0,False,5,23,630.901138465115,9.4,5930.47070157208,329.470594531782,0.210300379488372,CTSM,fortran,b1,1.0,0.00024230204917451102,4127.080243055555
1524,func_metrics_01_CTSM_fortran,./models/01_CTSM/src/main/FuncPedotransferMod.F90,get_ipedof,FUNCTION,127,0,False,2,8,106.274033872509,3.95833333333333,420.668050745347,23.3704472636304,0.0354246779575029,CTSM,fortran,b1,1.0,0.00024230204917451102,4127.080243055555
1525,func_metrics_01_CTSM_fortran,./models/01_CTSM/src/main/FuncPedotransferMod.F90,init_pedof,SUBROUTINE,21,0,False,1,4,30.0,1.33333333333333,40.0,2.22222222222222,0.01,CTSM,fortran,b1,1.0,0.00024230204917451102,4127.080243055555
1526,func_metrics_01_CTSM_fortran,./models/01_CTSM/src/main/FuncPedotransferMod.F90,pedotransf_cosby1984_table4,SUBROUTINE,61,0,False,1,14,615.416082561731,11.7115384615385,7207.46912077105,400.414951153947,0.205138694187244,CTSM,fortran,b1,2.0,0.00048460409834902204,4127.080243055555
1527,func_metrics_01_CTSM_fortran,./models/01_CTSM/src/main/FuncPedotransferMod.F90,pedotransf_cosby1984_table5,SUBROUTINE,83,0,False,1,14,505.0,10.64,5373.2,298.511111111111,0.168333333333333,CTSM,fortran,b1,2.0,0.00048460409834902204,4127.080243055555
1528,func_metrics_01_CTSM_fortran,./models/01_CTSM/src/main/FuncPedotransferMod.F90,pedotransf_noilhan_lacarrere1995,SUBROUTINE,106,0,False,1,14,585.149717845581,11.1730769230769,6537.92280900543,363.217933833635,0.195049905948527,CTSM,fortran,b1,2.0,0.00048460409834902204,4127.080243055555
1529,func_metrics_01_CTSM_fortran,./models/01_CTSM/src/main/glc2lndMod.F90,update_glc2lnd_fracs,SUBROUTINE,556,3,False,10,47,1453.89447744122,17.1111111111111,24877.7499473275,1382.09721929597,0.484631492480406,CTSM,fortran,b1,8.0,0.0019594560700764087,4082.76568287037
1530,func_metrics_01_CTSM_fortran,./models/01_CTSM/src/main/glc2lndMod.F90,update_glc2lnd_topo,SUBROUTINE,645,1,False,6,30,912.0,13.7647058823529,12553.4117647059,697.411764705883,0.304,CTSM,fortran,b1,9.0,0.0022043880788359597,4082.76568287037
1531,func_metrics_01_CTSM_fortran,./models/01_CTSM/src/main/glc2lndMod.F90,set_glc2lnd_fields_nuopc,SUBROUTINE,245,2,False,5,34,1145.70280652427,19.875,22770.8432796699,1265.04684887055,0.38190093550809,CTSM,fortran,b1,10.0,0.002464278570811524,4057.9827777777778
1532,func_metrics_01_CTSM_fortran,./models/01_CTSM/src/main/glc2lndMod.F90,check_glc2lnd_icemask,SUBROUTINE,364,1,False,4,23,530.57143756851,10.3333333333333,5482.57152154127,304.587306752293,0.17685714585617,CTSM,fortran,b1,10.0,0.0024493200875955108,4082.76568287037
1533,func_metrics_01_CTSM_fortran,./models/01_CTSM/src/main/glc2lndMod.F90,update_glc2lnd_dyn_runoff_routing,SUBROUTINE,456,1,False,4,18,463.007744255201,9.29032258064516,4301.49130146767,238.971738970426,0.154335914751734,CTSM,fortran,b1,9.0,0.0022178507137303716,4057.9827777777778
1534,func_metrics_01_CTSM_fortran,./models/01_CTSM/src/main/glc2lndMod.F90,for_test_set_glc2lnd_fields_directly,SUBROUTINE,299,0,False,3,15,570.823439637123,10.8387096774194,6186.98953929269,343.721641071816,0.190274479879041,CTSM,fortran,b1,6.0,0.0014695920525573066,4082.76568287037
1535,func_metrics_01_CTSM_fortran,./models/01_CTSM/src/main/glc2lndMod.F90,check_glc2lnd_icemask_coupled_fluxes,SUBROUTINE,421,1,False,3,12,372.069902171735,9.4,3497.45708041431,194.303171134128,0.124023300723912,CTSM,fortran,b1,7.0,0.0017249949995680666,4057.9827777777778
1536,func_metrics_01_CTSM_fortran,./models/01_CTSM/src/main/glc2lndMod.F90,Init,SUBROUTINE,118,0,False,1,8,145.947375050481,1.9375,282.773039160307,15.7096132866837,0.048649125016827,CTSM,fortran,b1,4.0,0.0009797280350382043,4082.76568287037
1537,func_metrics_01_CTSM_fortran,./models/01_CTSM/src/main/glc2lndMod.F90,InitAllocate,SUBROUTINE,131,0,False,1,19,399.371632320626,3.34782608695652,1337.0267690734,74.2792649485223,0.133123877440209,CTSM,fortran,b1,5.0,0.0012246600437977554,4082.76568287037
1538,func_metrics_01_CTSM_fortran,./models/01_CTSM/src/main/glc2lndMod.F90,InitHistory,SUBROUTINE,156,0,False,1,11,297.619253042149,3.10344827586207,923.645957717013,51.3136643176119,0.0992064176807162,CTSM,fortran,b1,6.0,0.0014695920525573066,4082.76568287037
1539,func_metrics_01_CTSM_fortran,./models/01_CTSM/src/main/glc2lndMod.F90,InitCold,SUBROUTINE,182,0,False,1,17,423.93385011827,5.56451612903226,2358.98674662586,131.054819256992,0.141311283372757,CTSM,fortran,b1,6.0,0.0014695920525573066,4082.76568287037
1540,func_metrics_01_CTSM_fortran,./models/01_CTSM/src/main/glc2lndMod.F90,Clean,SUBROUTINE,222,0,False,1,10,158.123427220035,2.66666666666667,421.662472586761,23.4256929214867,0.0527078090733451,CTSM,fortran,b1,2.0,0.0004898640175191022,4082.76568287037
1541,func_metrics_01_CTSM_fortran,./models/01_CTSM/src/main/glc2lndMod.F90,set_glc2lnd_fields_wrapup,SUBROUTINE,343,0,False,1,8,160.539538270943,3.22222222222222,517.294067761927,28.738559320107,0.0535131794236476,CTSM,fortran,b1,2.0,0.0009064517173089735,2206.405439814815
1542,func_metrics_01_CTSM_fortran,./models/01_CTSM/src/main/glcBehaviorMod.F90,translate_glacier_region_behavior,SUBROUTINE,392,1,False,8,26,466.764754541992,14.4772727272727,6757.48065098293,375.415591721274,0.155588251513997,CTSM,fortran,b1,7.0,0.0019428437221097683,3602.966064814815
1543,func_metrics_01_CTSM_fortran,./models/01_CTSM/src/main/glcBehaviorMod.F90,translate_glacier_region_melt_behavior,SUBROUTINE,425,1,False,7,24,437.521804347529,14.2380952380952,6229.47711904339,346.082062169077,0.145840601449176,CTSM,fortran,b1,5.0,0.0014706169707972916,3399.933564814815
1544,func_metrics_01_CTSM_fortran,./models/01_CTSM/src/main/glcBehaviorMod.F90,translate_glacier_region_ice_runoff_behavior,SUBROUTINE,456,1,False,7,24,437.521804347529,14.2380952380952,6229.47711904339,346.082062169077,0.145840601449176,CTSM,fortran,b1,4.0,0.00131408858209534,3043.934826388889
1545,func_metrics_01_CTSM_fortran,./models/01_CTSM/src/main/glcBehaviorMod.F90,glc_col_exists,SUBROUTINE,737,0,False,7,40,1091.25567011157,16.7916666666667,18324.0014606235,1018.00008114575,0.36375189003719,CTSM,fortran,b1,3.0,0.000832647309475615,3602.966064814815
1546,func_metrics_01_CTSM_fortran,./models/01_CTSM/src/main/glcBehaviorMod.F90,InitFromInputs,SUBROUTINE,221,1,False,6,179,4466.39493027482,60.0,267983.695816489,14887.9831009161,1.48879831009161,CTSM,fortran,b1,9.0,0.002497941928426845,3602.966064814815
1547,func_metrics_01_CTSM_fortran,./models/01_CTSM/src/main/glcBehaviorMod.F90,read_namelist,SUBROUTINE,615,0,False,5,41,1070.64103498386,17.5217391304348,18759.4929173258,1042.19405096254,0.356880344994618,CTSM,fortran,b1,5.0,0.0014043666081475987,3560.323900462963
1548,func_metrics_01_CTSM_fortran,./models/01_CTSM/src/main/glcBehaviorMod.F90,get_num_glc_subgrid,SUBROUTINE,685,1,False,5,30,771.449846508123,14.6153846153846,11275.0362181956,626.390901010869,0.257149948836041,CTSM,fortran,b1,4.0,0.0011101964126341533,3602.966064814815
1549,func_metrics_01_CTSM_fortran,./models/01_CTSM/src/main/glcBehaviorMod.F90,update_collapsed_columns_classes,SUBROUTINE,980,1,False,4,31,958.442092092328,15.188679245283,14557.4695119684,808.748306220466,0.319480697364109,CTSM,fortran,b1,7.0,0.0019428437221097683,3602.966064814815
1550,func_metrics_01_CTSM_fortran,./models/01_CTSM/src/main/glcBehaviorMod.F90,check_glacier_region_map,SUBROUTINE,363,0,False,3,13,275.937279319478,12.3076923076923,3396.15113008588,188.675062782549,0.0919790931064926,CTSM,fortran,b1,4.0,0.0011101964126341533,3602.966064814815
1551,func_metrics_01_CTSM_fortran,./models/01_CTSM/src/main/glcBehaviorMod.F90,check_behaviors,SUBROUTINE,486,1,False,3,16,277.325943370324,10.2666666666667,2847.213018602,158.178501033444,0.0924419811234415,CTSM,fortran,b1,3.0,0.000832647309475615,3602.966064814815
1552,func_metrics_01_CTSM_fortran,./models/01_CTSM/src/main/glcBehaviorMod.F90,read_surface_dataset,SUBROUTINE,569,0,False,3,29,818.441752583678,11.44,9362.97364955728,520.165202753182,0.272813917527893,CTSM,fortran,b1,3.0,0.0008426199648885592,3560.323900462963
1553,func_metrics_01_CTSM_fortran,./models/01_CTSM/src/main/glcBehaviorMod.F90,ice_cols_need_downscaling,SUBROUTINE,838,1,False,3,21,485.88941405872,10.0,4858.8941405872,269.938563365955,0.161963138019573,CTSM,fortran,b1,5.0,0.0013877455157926917,3602.966064814815
1554,func_metrics_01_CTSM_fortran,./models/01_CTSM/src/main/glcBehaviorMod.F90,cols_have_dynamic_type_array,SUBROUTINE,880,1,False,3,18,390.709002422171,10.1851851851852,3979.44354318878,221.080196843821,0.130236334140724,CTSM,fortran,b1,3.0,0.001080855497125975,2775.579166666667
1555,func_metrics_01_CTSM_fortran,./models/01_CTSM/src/main/glcBehaviorMod.F90,patches_have_dynamic_type_array,SUBROUTINE,917,1,False,3,18,390.709002422171,10.1851851851852,3979.44354318878,221.080196843821,0.130236334140724,CTSM,fortran,b1,3.0,0.001080855497125975,2775.579166666667
1556,func_metrics_01_CTSM_fortran,./models/01_CTSM/src/main/glcBehaviorMod.F90,determine_region_presence,SUBROUTINE,381,1,False,2,9,102.798582895555,2.59090909090909,266.341782956666,14.7967657198148,0.0342661942985184,CTSM,fortran,b1,1.0,0.0002941233941594583,3399.933564814815
1557,func_metrics_01_CTSM_fortran,./models/01_CTSM/src/main/glcBehaviorMod.F90,cols_have_dynamic_type,FUNCTION,811,0,False,2,11,176.418916286224,4.94117647058824,871.716998120163,48.4287221177869,0.0588063054287412,CTSM,fortran,b1,2.0,0.0005550982063170767,3602.966064814815
1558,func_metrics_01_CTSM_fortran,./models/01_CTSM/src/main/glcBehaviorMod.F90,Init,SUBROUTINE,184,0,False,1,15,450.0,5.57142857142857,2507.14285714286,139.285714285714,0.15,CTSM,fortran,b1,4.0,0.0011101964126341533,3602.966064814815
1559,func_metrics_01_CTSM_fortran,./models/01_CTSM/src/main/glcBehaviorMod.F90,InitSetDirectly,SUBROUTINE,511,0,False,1,13,348.389232288205,7.0,2438.72462601743,135.484701445413,0.116129744096068,CTSM,fortran,b1,4.0,0.0011101964126341533,3602.966064814815
1560,func_metrics_01_CTSM_fortran,./models/01_CTSM/src/main/glcBehaviorMod.F90,InitAllocate,SUBROUTINE,545,0,False,1,16,339.001501853555,4.36363636363636,1479.27928081551,82.1821822675284,0.113000500617852,CTSM,fortran,b1,3.0,0.000832647309475615,3602.966064814815
1561,func_metrics_01_CTSM_fortran,./models/01_CTSM/src/main/glcBehaviorMod.F90,update_glc_classes,SUBROUTINE,954,0,False,1,9,228.234600103847,3.56521739130435,813.705965587627,45.2058869770904,0.0760782000346155,CTSM,fortran,b1,3.0,0.000832647309475615,3602.966064814815
1562,func_metrics_01_CTSM_fortran,./models/01_CTSM/src/main/glcBehaviorMod.F90,collapse_to_atm_topo_ice_filterc,FUNCTION,1041,0,False,1,8,270.0,2.32758620689655,628.448275862069,34.9137931034483,0.09,CTSM,fortran,b1,3.0,0.000832647309475615,3602.966064814815
1563,func_metrics_01_CTSM_fortran,./models/01_CTSM/src/main/glcBehaviorMod.F90,get_collapse_to_atm_topo,FUNCTION,1078,0,False,1,7,138.301699036396,2.38235294117647,329.48345946906,18.30463663717,0.0461005663454652,CTSM,fortran,b1,2.0,0.0005550982063170767,3602.966064814815
1564,func_metrics_01_CTSM_fortran,./models/01_CTSM/src/main/GridcellType.F90,Init,SUBROUTINE,57,0,False,1,26,568.383776429926,3.88888888888889,2210.38135278305,122.798964043503,0.189461258809975,CTSM,fortran,b1,4.0,0.0009797280350382043,4082.76568287037
1565,func_metrics_01_CTSM_fortran,./models/01_CTSM/src/main/GridcellType.F90,Clean,SUBROUTINE,83,0,False,1,14,175.136850060577,1.20588235294118,211.194436837755,11.7330242687642,0.0583789500201924,CTSM,fortran,b1,4.0,0.0009797280350382043,4082.76568287037
1566,func_metrics_01_CTSM_fortran,./models/01_CTSM/src/main/histFileMod.F90,hist_addfld2d,SUBROUTINE,5657,15,False,105,275,8324.28292667453,58.1451612903226,484016.773397769,26889.8207443205,2.77476097555818,CTSM,fortran,b4,45.0,0.009693283179036276,4642.389907407408
1567,func_metrics_01_CTSM_fortran,./models/01_CTSM/src/main/histFileMod.F90,hist_update_hbuf_field_2d,SUBROUTINE,1767,20,False,93,320,11650.4766388564,99.544,1159735.04653832,64429.7248076845,3.88349221295213,CTSM,fortran,b4,30.0,0.006462188786024184,4642.389907407408
1568,func_metrics_01_CTSM_fortran,./models/01_CTSM/src/main/histFileMod.F90,hist_update_hbuf_field_1d,SUBROUTINE,1403,10,False,83,296,10260.0956256034,95.6974789915966,981865.285582957,54548.0714212754,3.42003187520114,CTSM,fortran,b4,26.0,0.005600563614554292,4642.389907407408
1569,func_metrics_01_CTSM_fortran,./models/01_CTSM/src/main/histFileMod.F90,hist_restart_ncd,SUBROUTINE,4411,26,False,79,575,31454.7579278087,115.334545454545,3627820.20798658,201545.567110365,10.4849193092696,CTSM,fortran,b4,55.0,0.011847346107711003,4642.389907407408
1570,func_metrics_01_CTSM_fortran,./models/01_CTSM/src/main/histFileMod.F90,htape_timeconst3D,SUBROUTINE,2717,12,False,64,239,11203.9411541664,58.2198275862069,652291.522281573,36238.4179045319,3.73464705138879,CTSM,fortran,b4,39.0,0.008400845421831438,4642.389907407408
1571,func_metrics_01_CTSM_fortran,./models/01_CTSM/src/main/histFileMod.F90,hist_addfld1d,SUBROUTINE,5439,17,False,63,173,5975.67851072285,41.0489130434783,245295.107562444,13627.5059756913,1.99189283690762,CTSM,fortran,b4,19.0,0.004092719564481983,4642.389907407408
1572,func_metrics_01_CTSM_fortran,./models/01_CTSM/src/main/histFileMod.F90,htapes_fieldlist,SUBROUTINE,823,17,False,44,163,5325.37773132039,45.5660377358491,242656.362662995,13480.9090368331,1.77512591044013,CTSM,fortran,b3,34.0,0.007323813957494075,4642.389907407408
1573,func_metrics_01_CTSM_fortran,./models/01_CTSM/src/main/histFileMod.F90,htape_timeconst,SUBROUTINE,3086,2,False,38,365,25779.5502419639,95.6140350877193,2464886.82138076,136938.156743375,8.59318341398795,CTSM,fortran,b3,88.0,0.018955753772337606,4642.389907407408
1574,func_metrics_01_CTSM_fortran,./models/01_CTSM/src/main/histFileMod.F90,hist_htapes_wrapup,SUBROUTINE,4169,7,False,26,135,4939.91418583794,35.4909090909091,175322.045286467,9740.11362702592,1.64663806194598,CTSM,fortran,b3,42.0,0.009047064300433857,4642.389907407408
1575,func_metrics_01_CTSM_fortran,./models/01_CTSM/src/main/histFileMod.F90,hfields_write,SUBROUTINE,3632,1,False,24,123,4774.07723832136,40.8510638297872,195026.133991,10834.7852217222,1.59135907944045,CTSM,fortran,b3,18.0,0.0038773132716145103,4642.389907407408
1576,func_metrics_01_CTSM_fortran,./models/01_CTSM/src/main/histFileMod.F90,hfields_1dinfo,SUBROUTINE,3813,17,False,24,197,15691.9025479513,106.545454545455,1671900.88965445,92883.3827585805,5.23063418265044,CTSM,fortran,b3,42.0,0.009047064300433857,4642.389907407408
1577,func_metrics_01_CTSM_fortran,./models/01_CTSM/src/main/histFileMod.F90,htape_addfld,SUBROUTINE,1191,0,False,21,110,3803.94639722362,39.28125,149423.76941594,8301.32052310779,1.26798213240787,CTSM,fortran,b3,17.0,0.0036619069787470373,4642.389907407408
1578,func_metrics_01_CTSM_fortran,./models/01_CTSM/src/main/histFileMod.F90,htape_create,SUBROUTINE,2385,0,False,15,172,5812.83786578176,30.1304347826087,175143.332216816,9730.18512315642,1.93761262192725,CTSM,fortran,b2,71.0,0.015293846793590568,4642.389907407408
1579,func_metrics_01_CTSM_fortran,./models/01_CTSM/src/main/histFileMod.F90,allhistfldlist_addfld,SUBROUTINE,511,1,False,14,95,3230.34445268737,34.7115384615385,112130.225713475,6229.45698408194,1.07678148422912,CTSM,fortran,b2,17.0,0.0036619069787470373,4642.389907407408
1580,func_metrics_01_CTSM_fortran,./models/01_CTSM/src/main/histFileMod.F90,hist_printflds,SUBROUTINE,364,6,False,10,85,2697.55795241264,31.2941176470588,84417.6959225602,4689.87199569779,0.899185984137546,CTSM,fortran,b1,30.0,0.006462188786024184,4642.389907407408
1581,func_metrics_01_CTSM_fortran,./models/01_CTSM/src/main/histFileMod.F90,allhistfldlist_make_active,SUBROUTINE,737,1,False,10,37,943.271253811355,20.2,19054.0793269894,1058.55996261052,0.314423751270452,CTSM,fortran,b1,11.0,0.0023694692215422007,4642.389907407408
1582,func_metrics_01_CTSM_fortran,./models/01_CTSM/src/main/histFileMod.F90,is_mapping_upto_subgrid,FUNCTION,1156,0,False,10,25,524.001686504279,9.5,4978.01602179065,276.556445655036,0.17466722883476,CTSM,fortran,b1,2.0,0.0006493728773506635,3079.8945717592596
1583,func_metrics_01_CTSM_fortran,./models/01_CTSM/src/main/histFileMod.F90,hist_set_snow_field_2d,SUBROUTINE,2210,3,False,9,50,1344.88798278748,24.21875,32571.5058331343,1809.5281018408,0.448295994262494,CTSM,fortran,b1,8.0,0.0018673502768030699,4284.145347222222
1584,func_metrics_01_CTSM_fortran,./models/01_CTSM/src/main/histFileMod.F90,hist_addfld_decomp,SUBROUTINE,5997,0,False,9,53,2144.81916045201,31.6666666666667,67919.2734143136,3773.29296746187,0.71493972015067,CTSM,fortran,b1,6.0,0.0014695920525573066,4082.76568287037
1585,func_metrics_01_CTSM_fortran,./models/01_CTSM/src/main/histFileMod.F90,hist_htapes_build,SUBROUTINE,656,3,False,8,41,978.33087536779,16.0,15653.2940058846,869.627444771369,0.326110291789263,CTSM,fortran,b1,8.0,0.0017232503429397824,4642.389907407408
1586,func_metrics_01_CTSM_fortran,./models/01_CTSM/src/main/histFileMod.F90,hfields_normalize,SUBROUTINE,2303,3,False,8,41,1277.68049668895,25.5357142857143,32626.4841118785,1812.58245065992,0.425893498896317,CTSM,fortran,b1,10.0,0.002154062928674728,4642.389907407408
1587,func_metrics_01_CTSM_fortran,./models/01_CTSM/src/main/histFileMod.F90,hist_do_disp,SUBROUTINE,6122,2,False,8,31,565.831612757453,15.05,8515.76577199966,473.098098444426,0.188610537585818,CTSM,fortran,b1,7.0,0.0015078440500723095,4642.389907407408
1588,func_metrics_01_CTSM_fortran,./models/01_CTSM/src/main/histFileMod.F90,avgflag_valid,FUNCTION,6178,0,False,8,34,827.633738899968,21.1612903225806,17513.7978296251,972.988768312507,0.275877912966656,CTSM,fortran,b1,8.0,0.0023248044893912022,3441.149583333334
1589,func_metrics_01_CTSM_fortran,./models/01_CTSM/src/main/histFileMod.F90,sort_hist_list,SUBROUTINE,1110,2,False,5,21,702.957196330198,24.2758620689655,17064.8919384986,948.049552138812,0.234319065443399,CTSM,fortran,b1,8.0,0.00444852288638237,1798.3497453703703
1590,func_metrics_01_CTSM_fortran,./models/01_CTSM/src/main/histFileMod.F90,hist_update_hbuf,SUBROUTINE,1363,3,False,5,23,528.540221886225,10.95,5787.51542965416,321.528634980787,0.176180073962075,CTSM,fortran,b1,16.0,0.003446500685879565,4642.389907407408
1591,func_metrics_01_CTSM_fortran,./models/01_CTSM/src/main/histFileMod.F90,set_hist_filename,FUNCTION,5375,0,False,5,38,1084.91754263464,19.0568181818182,20675.0763522533,1148.61535290296,0.361639180878214,CTSM,fortran,b1,13.0,0.002800281807277146,4642.389907407408
1592,func_metrics_01_CTSM_fortran,./models/01_CTSM/src/main/histFileMod.F90,calc_weight_local_time,FUNCTION,2173,0,False,4,19,503.658821283784,16.9090909090909,8516.41279625307,473.134044236282,0.167886273761261,CTSM,fortran,b1,3.0,0.0018561734280123094,1616.228287037037
1593,func_metrics_01_CTSM_fortran,./models/01_CTSM/src/main/histFileMod.F90,getname,FUNCTION,5282,1,False,4,16,405.213358338652,16.6666666666667,6753.55597231087,375.197554017271,0.135071119446217,CTSM,fortran,b1,5.0,0.001077031464337364,4642.389907407408
1594,func_metrics_01_CTSM_fortran,./models/01_CTSM/src/main/histFileMod.F90,getflag,FUNCTION,5313,1,False,4,18,412.084490141277,16.8,6923.01943437346,384.612190798526,0.137361496713759,CTSM,fortran,b1,6.0,0.0012924377572048368,4642.389907407408
1595,func_metrics_01_CTSM_fortran,./models/01_CTSM/src/main/histFileMod.F90,list_index,SUBROUTINE,5346,1,False,4,17,341.32219946609,9.4,3208.42867498124,178.246037498958,0.113774066488697,CTSM,fortran,b1,4.0,0.0008616251714698912,4642.389907407408
1596,func_metrics_01_CTSM_fortran,./models/01_CTSM/src/main/histFileMod.F90,allhistfldlist_change_timeavg,SUBROUTINE,795,1,False,3,14,323.144830067533,7.26923076923077,2349.01434164476,130.500796758042,0.107714943355844,CTSM,fortran,b1,8.0,0.0017232503429397824,4642.389907407408
1597,func_metrics_01_CTSM_fortran,./models/01_CTSM/src/main/histFileMod.F90,max_nFields,FUNCTION,5260,2,False,3,11,184.477331756708,4.21875,778.263743348612,43.2368746304784,0.0614924439189027,CTSM,fortran,b1,5.0,0.001077031464337364,4642.389907407408
1598,func_metrics_01_CTSM_fortran,./models/01_CTSM/src/main/histFileMod.F90,strip_null,SUBROUTINE,6113,1,False,3,7,141.777450049039,6.0,850.664700294232,47.2591500163462,0.0472591500163462,CTSM,fortran,b1,2.0,0.0004308125857349456,4642.389907407408
1599,func_metrics_01_CTSM_fortran,./models/01_CTSM/src/main/histFileMod.F90,hfields_zero,SUBROUTINE,2362,1,False,2,10,233.833087536779,4.1,958.715658900794,53.2619810500441,0.0779443625122597,CTSM,fortran,b1,5.0,0.001077031464337364,4642.389907407408
1600,func_metrics_01_CTSM_fortran,./models/01_CTSM/src/main/histFileMod.F90,htape_add_ltype_metadata,SUBROUTINE,2608,1,False,2,12,297.251778623213,6.41666666666667,1907.36557949895,105.964754416608,0.0990839262077375,CTSM,fortran,b1,2.0,0.00047951024022838677,4170.922395833333
1601,func_metrics_01_CTSM_fortran,./models/01_CTSM/src/main/histFileMod.F90,htape_add_natpft_metadata,SUBROUTINE,2657,1,False,2,15,374.437660236983,8.0,2995.50128189586,166.416737883103,0.124812553412328,CTSM,fortran,b1,3.0,0.0007192653603425801,4170.922395833333
1602,func_metrics_01_CTSM_fortran,./models/01_CTSM/src/main/histFileMod.F90,htape_add_cft_metadata,SUBROUTINE,2687,1,False,2,15,374.437660236983,8.0,2995.50128189586,166.416737883103,0.124812553412328,CTSM,fortran,b1,3.0,0.0007192653603425801,4170.922395833333
1603,func_metrics_01_CTSM_fortran,./models/01_CTSM/src/main/histFileMod.F90,next_history_pointer_index,FUNCTION,6089,0,False,2,10,216.22022703449,7.67647058823529,1659.80821341182,92.2115674117679,0.0720734090114967,CTSM,fortran,b1,5.0,0.001077031464337364,4642.389907407408
1604,func_metrics_01_CTSM_fortran,./models/01_CTSM/src/main/histFileMod.F90,add_landunit_mask_metadata,SUBROUTINE,6233,0,False,2,13,249.123305061478,8.22222222222222,2048.34717494993,113.797065274996,0.0830411016871593,CTSM,fortran,b1,2.0,0.0012076218634599126,1656.1475578703703
1605,func_metrics_01_CTSM_fortran,./models/01_CTSM/src/main/histFileMod.F90,copy_allhistfldlist_entry,SUBROUTINE,1072,0,False,1,15,183.476700063462,4.85714285714286,891.172543165386,49.5095857314103,0.0611589000211539,CTSM,fortran,b1,2.0,0.001114063565810849,1795.229699074074
1606,func_metrics_01_CTSM_fortran,./models/01_CTSM/src/main/histFileMod.F90,copy_history_entry,SUBROUTINE,1091,0,False,1,15,183.476700063462,4.85714285714286,891.172543165386,49.5095857314103,0.0611589000211539,CTSM,fortran,b1,1.0,0.0005570317829054245,1795.229699074074
1607,func_metrics_01_CTSM_fortran,./models/01_CTSM/src/main/histFileMod.F90,htape_add_ctype_metadata,SUBROUTINE,2635,0,False,1,7,142.623627131283,3.125,445.698834785259,24.7610463769589,0.047541209043761,CTSM,fortran,b1,1.0,0.00027077224582975956,3693.1406944444443
1608,func_metrics_01_CTSM_fortran,./models/01_CTSM/src/main/initGridCellsMod.F90,set_landunit_urban,SUBROUTINE,510,1,False,12,65,2108.6896179893,26.4347826086957,55742.7516407607,3096.81953559782,0.702896539329768,CTSM,fortran,b2,15.0,0.003231094393012092,4642.389907407408
1609,func_metrics_01_CTSM_fortran,./models/01_CTSM/src/main/initGridCellsMod.F90,initGridcells,SUBROUTINE,51,9,False,10,51,2258.19255052789,16.0,36131.0808084462,2007.2822671359,0.752730850175962,CTSM,fortran,b1,22.0,0.0047389384430844015,4642.389907407408
1610,func_metrics_01_CTSM_fortran,./models/01_CTSM/src/main/initGridCellsMod.F90,set_landunit_veg_compete,SUBROUTINE,201,2,False,6,48,1398.0,21.0294117647059,29399.1176470588,1633.28431372549,0.466,CTSM,fortran,b1,28.0,0.006031376200289238,4642.389907407408
1611,func_metrics_01_CTSM_fortran,./models/01_CTSM/src/main/initGridCellsMod.F90,set_landunit_crop_noncompete,SUBROUTINE,425,1,False,6,50,1417.17767397254,19.0357142857143,26976.9892938343,1498.72162743524,0.472392557990845,CTSM,fortran,b1,19.0,0.004092719564481983,4642.389907407408
1612,func_metrics_01_CTSM_fortran,./models/01_CTSM/src/main/initGridCellsMod.F90,set_landunit_wet_lake,SUBROUTINE,285,0,False,5,35,1079.08465262048,16.8,18128.622164024,1007.14567577911,0.359694884206826,CTSM,fortran,b1,14.0,0.003015688100144619,4642.389907407408
1613,func_metrics_01_CTSM_fortran,./models/01_CTSM/src/main/initGridCellsMod.F90,set_landunit_ice,SUBROUTINE,348,1,False,5,40,1403.76018511566,13.8333333333333,19418.6825607666,1078.81569782037,0.467920061705219,CTSM,fortran,b1,13.0,0.002800281807277146,4642.389907407408
1614,func_metrics_01_CTSM_fortran,./models/01_CTSM/src/main/initSubgridMod.F90,clm_ptrs_check,SUBROUTINE,150,9,False,54,116,5479.43242929003,70.0819672131148,384009.403855981,21333.8557697767,1.82647747643001,CTSM,fortran,b4,8.0,0.001918040960913547,4170.922395833333
1615,func_metrics_01_CTSM_fortran,./models/01_CTSM/src/main/initSubgridMod.F90,clm_ptrs_compdown,SUBROUTINE,41,3,False,12,61,2271.66561310897,34.8070175438597,79069.9048492665,4392.77249162592,0.757221871036322,CTSM,fortran,b2,6.0,0.0014385307206851601,4170.922395833333
1616,func_metrics_01_CTSM_fortran,./models/01_CTSM/src/main/initSubgridMod.F90,add_landunit,SUBROUTINE,329,0,False,4,28,701.492368419241,14.1428571428571,9921.10635335783,551.172575186546,0.23383078947308,CTSM,fortran,b1,4.0,0.0009590204804567735,4170.922395833333
1617,func_metrics_01_CTSM_fortran,./models/01_CTSM/src/main/initSubgridMod.F90,add_column,SUBROUTINE,379,0,False,2,22,606.699802817159,8.02941176470588,4871.44253438484,270.635696354713,0.20223326760572,CTSM,fortran,b1,6.0,0.0014385307206851601,4170.922395833333
1618,func_metrics_01_CTSM_fortran,./models/01_CTSM/src/main/initSubgridMod.F90,add_patch,SUBROUTINE,422,0,False,2,25,677.659839904672,12.972972972973,8791.2627879525,488.403488219583,0.225886613301557,CTSM,fortran,b1,4.0,0.0009590204804567735,4170.922395833333
1619,func_metrics_01_CTSM_fortran,./models/01_CTSM/src/main/initVerticalMod.F90,initVertical,SUBROUTINE,154,36,False,84,393,17541.7477369028,103.979166666667,1823976.31156003,101332.017308891,5.84724924563425,CTSM,fortran,b4,56.0,0.013716192490534861,4082.76568287037
1620,func_metrics_01_CTSM_fortran,./models/01_CTSM/src/main/initVerticalMod.F90,setSoilLayerClass,SUBROUTINE,89,3,False,7,27,799.86079464158,13.5135135135135,10808.9296573186,600.496092073258,0.266620264880527,CTSM,fortran,b1,1.0,0.000799257526760303,1251.1611921296296
1621,func_metrics_01_CTSM_fortran,./models/01_CTSM/src/main/initVerticalMod.F90,find_soil_layer_containing_depth,SUBROUTINE,674,1,False,5,27,549.681830761674,12.8888888888889,7084.78804092824,393.599335607125,0.183227276920558,CTSM,fortran,b1,1.0,0.0004912576996542081,2035.5915046296295
1622,func_metrics_01_CTSM_fortran,./models/01_CTSM/src/main/initVerticalMod.F90,hasBedrock,FUNCTION,722,0,False,5,21,435.989056440322,11.9166666666667,5195.53625591384,288.640903106324,0.145329685480107,CTSM,fortran,b1,4.0,0.0010970590244197562,3646.1119328703703
1623,func_metrics_01_CTSM_fortran,./models/01_CTSM/src/main/initVerticalMod.F90,readParams,SUBROUTINE,64,0,False,1,11,247.2541501125,3.82608695652174,946.015878691306,52.5564377050726,0.0824180500375001,CTSM,fortran,b1,2.0,0.0012390262375206558,1614.1708217592593
1624,func_metrics_01_CTSM_fortran,./models/01_CTSM/src/main/init_hydrology.F90,init_hydrology,SUBROUTINE,1,0,False,1,16,300.16030763377,3.46666666666667,1040.5557331304,57.8086518405779,0.100053435877923,CTSM,fortran,b1,5.0,0.001211510245872555,4127.080243055555
1625,func_metrics_01_CTSM_fortran,./models/01_CTSM/src/main/LandunitType.F90,Init,SUBROUTINE,76,0,False,1,55,1326.51008600358,5.5,7295.80547301966,405.32252627887,0.442170028667858,CTSM,fortran,b1,9.0,0.0022043880788359597,4082.76568287037
1626,func_metrics_01_CTSM_fortran,./models/01_CTSM/src/main/LandunitType.F90,Clean,SUBROUTINE,124,0,False,1,29,438.862288384185,1.34375,589.721200016249,32.7622888897916,0.146287429461395,CTSM,fortran,b1,9.0,0.0022043880788359597,4082.76568287037
1627,func_metrics_01_CTSM_fortran,./models/01_CTSM/src/main/landunit_varcon.F90,landunit_is_special,FUNCTION,74,0,False,2,11,237.80142289857,10.4722222222222,2490.30934535447,138.350519186359,0.07926714096619,CTSM,fortran,b1,1.0,0.00028118773412499486,3556.3428935185184
1628,func_metrics_01_CTSM_fortran,./models/01_CTSM/src/main/landunit_varcon.F90,set_landunit_names,SUBROUTINE,102,0,False,2,19,365.0,7.66666666666667,2798.33333333333,155.462962962963,0.121666666666667,CTSM,fortran,b1,5.0,0.0011987756005709669,4170.922395833333
1629,func_metrics_01_CTSM_fortran,./models/01_CTSM/src/main/landunit_varcon.F90,landunit_varcon_init,SUBROUTINE,55,0,False,1,4,48.4320426609222,2.57142857142857,124.539538270943,6.9188632372746,0.0161440142203074,CTSM,fortran,b1,1.0,0.00023975512011419338,4170.922395833333
1630,func_metrics_01_CTSM_fortran,./models/01_CTSM/src/main/lnd2atmMod.F90,lnd2atm,SUBROUTINE,149,10,False,20,122,9539.87656028029,44.7337278106509,426754.241394787,23708.5689663771,3.17995885342676,CTSM,fortran,b2,47.0,0.011511804411698901,4082.76568287037
1631,func_metrics_01_CTSM_fortran,./models/01_CTSM/src/main/lnd2atmMod.F90,handle_ice_runoff,SUBROUTINE,488,2,False,9,45,1315.8773845955,20.1632653061224,26532.3848159256,1474.02137866253,0.438625794865167,CTSM,fortran,b1,4.0,0.00131408858209534,3043.934826388889
1632,func_metrics_01_CTSM_fortran,./models/01_CTSM/src/main/lnd2atmMod.F90,lnd2atm_minimal,SUBROUTINE,60,3,False,4,32,1893.76824029782,14.5061728395062,27471.3294117276,1526.1849673182,0.631256080099274,CTSM,fortran,b1,13.0,0.0031841161138741643,4082.76568287037
1633,func_metrics_01_CTSM_fortran,./models/01_CTSM/src/main/lnd2atmType.F90,ReadNamelist,SUBROUTINE,173,0,False,5,38,988.284032292789,14.695652173913,14523.4783876071,806.859910422616,0.329428010764263,CTSM,fortran,b1,1.0,0.000328522145523835,3043.934826388889
1634,func_metrics_01_CTSM_fortran,./models/01_CTSM/src/main/lnd2atmType.F90,InitAllocate,SUBROUTINE,118,0,False,4,65,1701.55499216288,12.1078431372549,20602.1609345211,1144.56449636228,0.567184997387626,CTSM,fortran,b1,17.0,0.004163844148912368,4082.76568287037
1635,func_metrics_01_CTSM_fortran,./models/01_CTSM/src/main/lnd2atmType.F90,InitHistory,SUBROUTINE,236,0,False,2,24,894.71118477122,7.98611111111111,7145.26293393683,396.959051885379,0.298237061590407,CTSM,fortran,b1,10.0,0.0024493200875955108,4082.76568287037
1636,func_metrics_01_CTSM_fortran,./models/01_CTSM/src/main/lnd2atmType.F90,lnd2atm_params_constructor,FUNCTION,84,0,False,1,6,106.274033872509,2.25,239.116576213145,13.2842542340636,0.0354246779575029,CTSM,fortran,b1,1.0,0.000328522145523835,3043.934826388889
1637,func_metrics_01_CTSM_fortran,./models/01_CTSM/src/main/lnd2atmType.F90,Init,SUBROUTINE,105,0,False,1,8,151.267483321058,3.625,548.344627038834,30.4635903910463,0.0504224944403526,CTSM,fortran,b1,3.0,0.0007347960262786533,4082.76568287037
1638,func_metrics_01_CTSM_fortran,./models/01_CTSM/src/main/lnd2glcMod.F90,update_lnd2glc,SUBROUTINE,148,1,False,7,50,1692.37108408297,20.0342465753425,33905.3795954979,1883.63219974988,0.564123694694324,CTSM,fortran,b1,15.0,0.0036739801313932664,4082.76568287037
1639,func_metrics_01_CTSM_fortran,./models/01_CTSM/src/main/lnd2glcMod.F90,bareland_normalization,FUNCTION,266,0,False,2,17,432.384629347203,9.48214285714286,4099.93282470294,227.77404581683,0.144128209782401,CTSM,fortran,b1,2.0,0.0004898640175191022,4082.76568287037
1640,func_metrics_01_CTSM_fortran,./models/01_CTSM/src/main/lnd2glcMod.F90,Init,SUBROUTINE,70,0,False,1,6,87.5691632073249,1.66666666666667,145.948605345542,8.10825585253008,0.0291897210691083,CTSM,fortran,b1,1.0,0.0002449320087595511,4082.76568287037
1641,func_metrics_01_CTSM_fortran,./models/01_CTSM/src/main/lnd2glcMod.F90,InitAllocate,SUBROUTINE,81,0,False,1,15,318.577462644952,2.44,777.329008853684,43.1849449363158,0.106192487548317,CTSM,fortran,b1,2.0,0.0004898640175191022,4082.76568287037
1642,func_metrics_01_CTSM_fortran,./models/01_CTSM/src/main/lnd2glcMod.F90,InitHistory,SUBROUTINE,107,0,False,1,18,691.850652335357,5.33333333333333,3689.87014578857,204.992785877143,0.230616884111786,CTSM,fortran,b1,3.0,0.0007347960262786533,4082.76568287037
1643,func_metrics_01_CTSM_fortran,./models/01_CTSM/src/main/ncdio_utils.F90,find_var_on_file,SUBROUTINE,20,1,False,3,26,615.087546788924,14.7272727272727,9058.5620527096,503.253447372756,0.205029182262975,CTSM,fortran,b1,2.0,0.0005313249741278868,3764.1746527777777
1644,func_metrics_01_CTSM_fortran,./models/01_CTSM/src/main/organicFileMod.F90,organicrd,SUBROUTINE,43,0,False,6,38,1079.39419543645,13.42,14485.4701027571,804.748339042061,0.359798065145482,CTSM,fortran,b1,10.0,0.0016324935722785707,6125.598391203704
1645,func_metrics_01_CTSM_fortran,./models/01_CTSM/src/main/paramUtilMod.F90,checkDimensions,SUBROUTINE,242,1,False,5,33,1047.38952539375,14.5454545454545,15234.756733,846.375374055557,0.349129841797917,CTSM,fortran,b1,2.0,0.0006472298935112057,3090.0921296296297
1646,func_metrics_01_CTSM_fortran,./models/01_CTSM/src/main/paramUtilMod.F90,readNcdioScalar,SUBROUTINE,34,0,False,2,16,517.662472586761,8.35294117647059,4324.00418278353,240.222454599085,0.17255415752892,CTSM,fortran,b1,1.0,0.00023844425127455006,4193.852418981482
1647,func_metrics_01_CTSM_fortran,./models/01_CTSM/src/main/paramUtilMod.F90,readNcdioArray1d,SUBROUTINE,70,0,False,2,16,526.347681206104,8.22857142857143,4331.08949106737,240.616082837076,0.175449227068701,CTSM,fortran,b1,1.0,0.00023844425127455006,4193.852418981482
1648,func_metrics_01_CTSM_fortran,./models/01_CTSM/src/main/paramUtilMod.F90,readNcdioArray2d,SUBROUTINE,106,0,False,2,16,526.347681206104,8.22857142857143,4331.08949106737,240.616082837076,0.175449227068701,CTSM,fortran,b1,1.0,0.00023844425127455006,4193.852418981482
1649,func_metrics_01_CTSM_fortran,./models/01_CTSM/src/main/paramUtilMod.F90,readNcdioScalarCheckDimensions,SUBROUTINE,142,0,False,1,15,429.103775119712,4.3125,1850.51003020376,102.806112789098,0.143034591706571,CTSM,fortran,b1,1.0,0.00032361494675560285,3090.0921296296297
1650,func_metrics_01_CTSM_fortran,./models/01_CTSM/src/main/paramUtilMod.F90,readNcdioArray1dCheckDimensions,SUBROUTINE,176,0,False,1,15,437.594082712832,4.24242424242424,1856.45974484232,103.13665249124,0.145864694237611,CTSM,fortran,b1,1.0,0.00032361494675560285,3090.0921296296297
1651,func_metrics_01_CTSM_fortran,./models/01_CTSM/src/main/paramUtilMod.F90,readNcdioArray2dCheckDimensions,SUBROUTINE,209,0,False,1,15,437.594082712832,4.24242424242424,1856.45974484232,103.13665249124,0.145864694237611,CTSM,fortran,b1,1.0,0.00032361494675560285,3090.0921296296297
1652,func_metrics_01_CTSM_fortran,./models/01_CTSM/src/main/PatchType.F90,Init,SUBROUTINE,141,0,False,2,34,741.525935545693,8.82758620689655,6545.88412067922,363.660228926623,0.247175311848564,CTSM,fortran,b1,4.0,0.0009797280350382043,4082.76568287037
1653,func_metrics_01_CTSM_fortran,./models/01_CTSM/src/main/PatchType.F90,Clean,SUBROUTINE,183,0,False,2,19,256.757900040385,3.64285714285714,935.332350147116,51.9629083415064,0.0855859666801283,CTSM,fortran,b1,4.0,0.0009797280350382043,4082.76568287037
1654,func_metrics_01_CTSM_fortran,./models/01_CTSM/src/main/pftconMod.F90,InitRead,SUBROUTINE,517,10,False,260,608,39970.1340507626,88.3636363636364,3531906.39066739,196217.021703744,13.3233780169209,CTSM,fortran,b4,61.0,0.01528406746108515,3991.084189814815
1655,func_metrics_01_CTSM_fortran,./models/01_CTSM/src/main/pftconMod.F90,set_num_cfts_known_to_model,SUBROUTINE,1416,1,False,3,11,197.418468161926,4.97368421052632,981.897117963263,54.5498398868479,0.0658061560539753,CTSM,fortran,b1,1.0,0.00027208333015535385,3675.3446064814816
1656,func_metrics_01_CTSM_fortran,./models/01_CTSM/src/main/pftconMod.F90,set_is_pft_known_to_model,SUBROUTINE,1382,1,False,2,11,218.261240919412,3.33333333333333,727.537469731374,40.4187483184096,0.0727537469731373,CTSM,fortran,b1,1.0,0.00027208333015535385,3675.3446064814816
1657,func_metrics_01_CTSM_fortran,./models/01_CTSM/src/main/pftconMod.F90,Init,SUBROUTINE,323,0,False,1,5,47.5488750216347,1.71428571428571,81.5123571799452,4.52846428777473,0.0158496250072116,CTSM,fortran,b1,1.0,0.000250558482968609,3991.084189814815
1658,func_metrics_01_CTSM_fortran,./models/01_CTSM/src/main/pftconMod.F90,InitForTesting,SUBROUTINE,333,0,False,1,4,36.0,1.66666666666667,60.0,3.33333333333333,0.012,CTSM,fortran,b1,1.0,0.0002914318273697094,3431.334212962963
1659,func_metrics_01_CTSM_fortran,./models/01_CTSM/src/main/pftconMod.F90,InitAllocate,SUBROUTINE,347,0,False,1,158,5851.0524151501,4.57309941520468,26757.4443780549,1486.52468766971,1.95035080505003,CTSM,fortran,b1,40.0,0.01002233931874436,3991.084189814815
1660,func_metrics_01_CTSM_fortran,./models/01_CTSM/src/main/pftconMod.F90,Clean,SUBROUTINE,1442,0,False,1,153,3421.26168214741,4.29503105590062,14694.4251751859,816.356954176996,1.1404205607158,CTSM,fortran,b1,31.0,0.009034386648460992,3431.334212962963
1661,func_metrics_01_CTSM_fortran,./models/01_CTSM/src/main/readParamsMod.F90,readParameters,SUBROUTINE,27,0,False,6,94,2813.08564742964,17.0467289719626,47953.9086066511,2664.10603370284,0.93769521580988,CTSM,fortran,b1,34.0,0.007640135788849119,4450.182685185185
1662,func_metrics_01_CTSM_fortran,./models/01_CTSM/src/main/restFileMod.F90,restFile_getfile,SUBROUTINE,245,0,False,6,33,877.867716593728,18.421052631579,16171.2474109371,898.40263394095,0.292622572197909,CTSM,fortran,b1,6.0,0.0012924377572048368,4642.389907407408
1663,func_metrics_01_CTSM_fortran,./models/01_CTSM/src/main/restFileMod.F90,restFile_check_year,SUBROUTINE,970,0,False,6,52,966.19851262476,12.3684210526316,11950.3500245694,663.9083346983,0.32206617087492,CTSM,fortran,b1,5.0,0.0011913126109027244,4197.051180555555
1664,func_metrics_01_CTSM_fortran,./models/01_CTSM/src/main/restFileMod.F90,restFile_write,SUBROUTINE,74,0,False,5,38,999.418352252507,13.3875,13379.7131907804,743.317399487802,0.333139450750836,CTSM,fortran,b1,15.0,0.003231094393012092,4642.389907407408
1665,func_metrics_01_CTSM_fortran,./models/01_CTSM/src/main/restFileMod.F90,restFile_open,SUBROUTINE,456,0,False,5,21,460.123325128366,10.3846153846154,4778.20376094841,265.455764497134,0.153374441709455,CTSM,fortran,b1,5.0,0.001077031464337364,4642.389907407408
1666,func_metrics_01_CTSM_fortran,./models/01_CTSM/src/main/restFileMod.F90,restFile_read_consistency_nl,SUBROUTINE,907,0,False,5,37,892.432172167206,17.1428571428571,15298.8372371521,849.935402064005,0.297477390722402,CTSM,fortran,b1,5.0,0.0011913126109027244,4197.051180555555
1667,func_metrics_01_CTSM_fortran,./models/01_CTSM/src/main/restFileMod.F90,restFile_read_pfile,SUBROUTINE,335,0,False,4,32,865.295883386583,11.6304347826087,10063.7673393874,559.098185521524,0.288431961128861,CTSM,fortran,b1,5.0,0.001077031464337364,4642.389907407408
1668,func_metrics_01_CTSM_fortran,./models/01_CTSM/src/main/restFileMod.F90,restFile_read,SUBROUTINE,156,1,False,3,34,866.981187278881,10.7291666666667,9301.98565517966,516.776980843314,0.28899372909296,CTSM,fortran,b1,18.0,0.0038773132716145103,4642.389907407408
1669,func_metrics_01_CTSM_fortran,./models/01_CTSM/src/main/restFileMod.F90,restFile_dimcheck,SUBROUTINE,783,0,False,3,29,1021.89207304027,10.8529411764706,11090.5345574077,616.140808744871,0.340630691013425,CTSM,fortran,b1,18.0,0.0038773132716145103,4642.389907407408
1670,func_metrics_01_CTSM_fortran,./models/01_CTSM/src/main/restFileMod.F90,restFile_check_consistency,SUBROUTINE,873,0,False,3,15,252.615011746634,4.82608695652174,1219.14201321202,67.7301118451119,0.0842050039155446,CTSM,fortran,b1,3.0,0.0007147875665416346,4197.051180555555
1671,func_metrics_01_CTSM_fortran,./models/01_CTSM/src/main/restFileMod.F90,restFile_closeRestart,SUBROUTINE,390,0,False,2,9,142.623627131283,4.5,641.806322090773,35.6559067828207,0.047541209043761,CTSM,fortran,b1,6.0,0.0012924377572048368,4642.389907407408
1672,func_metrics_01_CTSM_fortran,./models/01_CTSM/src/main/restFileMod.F90,restFile_write_pfile,SUBROUTINE,420,0,False,2,21,489.617384729637,8.875,4345.35428947553,241.40857163753,0.163205794909879,CTSM,fortran,b1,5.0,0.001077031464337364,4642.389907407408
1673,func_metrics_01_CTSM_fortran,./models/01_CTSM/src/main/restFileMod.F90,restFile_filename,FUNCTION,493,0,False,2,8,229.248125036058,6.58823529411765,1510.34058847285,83.907810470714,0.076416041678686,CTSM,fortran,b1,4.0,0.0008616251714698912,4642.389907407408
1674,func_metrics_01_CTSM_fortran,./models/01_CTSM/src/main/restFileMod.F90,restFile_dimset,SUBROUTINE,513,0,False,2,67,2115.09900892544,12.025641025641,25435.4214150265,1413.07896750147,0.705033002975147,CTSM,fortran,b1,22.0,0.0047389384430844015,4642.389907407408
1675,func_metrics_01_CTSM_fortran,./models/01_CTSM/src/main/restFileMod.F90,restFile_write_issues_fixed,SUBROUTINE,608,0,False,2,10,259.597165791111,5.18181818181818,1345.18531364485,74.7325174247137,0.0865323885970369,CTSM,fortran,b1,4.0,0.0021260993197700253,1881.379652777778
1676,func_metrics_01_CTSM_fortran,./models/01_CTSM/src/main/restFileMod.F90,restFile_read_issues_fixed,SUBROUTINE,642,0,False,2,12,245.344529780426,6.18181818181818,1516.67527500627,84.2597375003483,0.0817815099268086,CTSM,fortran,b1,1.0,0.0005315248299425063,1881.379652777778
1677,func_metrics_01_CTSM_fortran,./models/01_CTSM/src/main/restFileMod.F90,restFile_add_flag_metadata,SUBROUTINE,676,0,False,2,11,215.493237533894,7.0,1508.45266273726,83.8029257076256,0.0718310791779648,CTSM,fortran,b1,1.0,0.0003082682896459307,3243.9275578703705
1678,func_metrics_01_CTSM_fortran,./models/01_CTSM/src/main/restFileMod.F90,restFile_add_ilun_metadata,SUBROUTINE,703,1,False,2,12,297.251778623213,6.41666666666667,1907.36557949895,105.964754416608,0.0990839262077375,CTSM,fortran,b1,1.0,0.00023975512011419338,4170.922395833333
1679,func_metrics_01_CTSM_fortran,./models/01_CTSM/src/main/restFileMod.F90,restFile_add_ipft_metadata,SUBROUTINE,752,1,False,2,15,386.647175935026,7.51851851851852,2907.01395240038,161.500775133354,0.128882391978342,CTSM,fortran,b1,2.0,0.00047951024022838677,4170.922395833333
1680,func_metrics_01_CTSM_fortran,./models/01_CTSM/src/main/restFileMod.F90,restFile_set_derived,SUBROUTINE,307,0,False,1,7,176.46653521144,3.14285714285714,554.609110664524,30.8116172591402,0.0588221784038132,CTSM,fortran,b1,1.0,0.00028678250597636987,3486.9630439814814
1681,func_metrics_01_CTSM_fortran,./models/01_CTSM/src/main/restFileMod.F90,restFile_add_icol_metadata,SUBROUTINE,730,0,False,1,7,142.623627131283,3.125,445.698834785259,24.7610463769589,0.047541209043761,CTSM,fortran,b1,2.0,0.00047951024022838677,4170.922395833333
1682,func_metrics_01_CTSM_fortran,./models/01_CTSM/src/main/restFileMod.F90,restFile_enddef,SUBROUTINE,843,0,False,1,4,46.5069933284231,1.5,69.7604899926346,3.87558277736859,0.0155023311094744,CTSM,fortran,b1,3.0,0.0006462188786024184,4642.389907407408
1683,func_metrics_01_CTSM_fortran,./models/01_CTSM/src/main/restFileMod.F90,restFile_close,SUBROUTINE,856,0,False,1,5,78.1378119121704,2.0,156.275623824341,8.68197910135226,0.0260459373040568,CTSM,fortran,b1,3.0,0.0006462188786024184,4642.389907407408
1684,func_metrics_01_CTSM_fortran,./models/01_CTSM/src/main/reweightMod.F90,reweight_wrapup,SUBROUTINE,31,0,False,1,13,301.194821697909,4.24,1277.06604399914,70.9481135555076,0.100398273899303,CTSM,fortran,b1,21.0,0.004536712275168982,4628.902766203703
1685,func_metrics_01_CTSM_fortran,./models/01_CTSM/src/main/subgridAveMod.F90,set_c2l_scale,SUBROUTINE,103,3,False,17,49,1645.89782561875,27.5853658536585,45402.6936774344,2522.37187096858,0.548632608539584,CTSM,fortran,b2,1.0,0.0007737107556487289,1292.472662037037
1686,func_metrics_01_CTSM_fortran,./models/01_CTSM/src/main/subgridAveMod.F90,p2c_2d,SUBROUTINE,228,4,False,12,48,1765.23195442321,31.3725490196078,55379.8260211204,3076.65700117335,0.588410651474404,CTSM,fortran,b2,16.0,0.003446500685879565,4642.389907407408
1687,func_metrics_01_CTSM_fortran,./models/01_CTSM/src/main/subgridAveMod.F90,p2l_2d,SUBROUTINE,417,4,False,12,52,2030.49125056067,31.448275862069,63855.4489831492,3547.52494350829,0.676830416853556,CTSM,fortran,b2,19.0,0.004092719564481983,4642.389907407408
1688,func_metrics_01_CTSM_fortran,./models/01_CTSM/src/main/subgridAveMod.F90,p2g_2d,SUBROUTINE,558,4,False,12,56,2333.06480106154,32.1230769230769,74945.2200710231,4163.62333727906,0.777688267020514,CTSM,fortran,b2,19.0,0.004092719564481983,4642.389907407408
1689,func_metrics_01_CTSM_fortran,./models/01_CTSM/src/main/subgridAveMod.F90,p2c_1d,SUBROUTINE,167,3,False,11,45,1595.92747045254,29.0612244897959,46379.6064882534,2576.64480490297,0.53197582348418,CTSM,fortran,b2,17.0,0.0036619069787470373,4642.389907407408
1690,func_metrics_01_CTSM_fortran,./models/01_CTSM/src/main/subgridAveMod.F90,p2l_1d,SUBROUTINE,351,3,False,11,49,1863.31735043558,29.5714285714286,55100.9559343093,3061.16421857274,0.621105783478526,CTSM,fortran,b2,19.0,0.004092719564481983,4642.389907407408
1691,func_metrics_01_CTSM_fortran,./models/01_CTSM/src/main/subgridAveMod.F90,p2g_1d,SUBROUTINE,486,3,False,11,53,2155.89301587657,30.3492063492064,65429.6420056508,3634.98011142505,0.71863100529219,CTSM,fortran,b2,19.0,0.004092719564481983,4642.389907407408
1692,func_metrics_01_CTSM_fortran,./models/01_CTSM/src/main/subgridAveMod.F90,c2l_1d,SUBROUTINE,635,2,False,10,45,1654.28197514676,29.2777777777778,48433.7000501301,2690.76111389612,0.55142732504892,CTSM,fortran,b1,19.0,0.004092719564481983,4642.389907407408
1693,func_metrics_01_CTSM_fortran,./models/01_CTSM/src/main/subgridAveMod.F90,c2l_2d,SUBROUTINE,703,3,False,10,41,1649.70242997884,29.5384615384615,48729.6717778366,2707.20398765759,0.549900809992947,CTSM,fortran,b1,18.0,0.0038773132716145103,4642.389907407408
1694,func_metrics_01_CTSM_fortran,./models/01_CTSM/src/main/subgridAveMod.F90,c2g_2d,SUBROUTINE,820,3,False,10,45,1930.93379405372,30.2372881355932,58386.2015015566,3243.67786119759,0.643644598017908,CTSM,fortran,b1,18.0,0.0038773132716145103,4642.389907407408
1695,func_metrics_01_CTSM_fortran,./models/01_CTSM/src/main/subgridAveMod.F90,l2g_2d,SUBROUTINE,938,3,False,10,42,1692.06127452755,29.8867924528302,50570.2841292763,2809.46022940424,0.564020424842518,CTSM,fortran,b1,14.0,0.003015688100144619,4642.389907407408
1696,func_metrics_01_CTSM_fortran,./models/01_CTSM/src/main/subgridAveMod.F90,c2g_1d,SUBROUTINE,760,2,False,9,42,1770.28982383969,28.4912280701754,50437.7311213272,2802.09617340707,0.590096607946562,CTSM,fortran,b1,18.0,0.0038773132716145103,4642.389907407408
1697,func_metrics_01_CTSM_fortran,./models/01_CTSM/src/main/subgridAveMod.F90,l2g_1d,SUBROUTINE,883,2,False,9,38,1511.09852983961,28.0,42310.7588355092,2350.59771308384,0.503699509946538,CTSM,fortran,b1,14.0,0.003015688100144619,4642.389907407408
1698,func_metrics_01_CTSM_fortran,./models/01_CTSM/src/main/subgridAveMod.F90,create_scale_l2g_lookup,SUBROUTINE,1032,0,False,8,29,671.734721720779,12.1034482758621,8130.30645944805,451.683692191558,0.223911573906926,CTSM,fortran,b1,13.0,0.002800281807277146,4642.389907407408
1699,func_metrics_01_CTSM_fortran,./models/01_CTSM/src/main/subgridAveMod.F90,p2c_2d_filter,SUBROUTINE,322,3,False,5,17,474.173047219695,8.11111111111111,3846.07027189308,213.670570660727,0.158057682406565,CTSM,fortran,b1,8.0,0.0017232503429397824,4642.389907407408
1700,func_metrics_01_CTSM_fortran,./models/01_CTSM/src/main/subgridAveMod.F90,p2c_1d_filter,SUBROUTINE,291,2,False,4,17,595.078046431465,10.8,6426.84290145983,357.046827858879,0.198359348810488,CTSM,fortran,b1,11.0,0.0023694692215422007,4642.389907407408
1701,func_metrics_01_CTSM_fortran,./models/01_CTSM/src/main/subgridAveMod.F90,build_scale_l2g,SUBROUTINE,997,1,False,2,13,369.871188959655,6.53333333333333,2416.49176786975,134.249542659431,0.123290396319885,CTSM,fortran,b1,11.0,0.0023694692215422007,4642.389907407408
1702,func_metrics_01_CTSM_fortran,./models/01_CTSM/src/main/subgridMod.F90,subgrid_get_info_natveg,SUBROUTINE,132,1,False,5,30,598.547233928442,14.8,8858.49906214095,492.138836785608,0.199515744642814,CTSM,fortran,b1,21.0,0.0045235321502169286,4642.389907407408
1703,func_metrics_01_CTSM_fortran,./models/01_CTSM/src/main/subgridMod.F90,subgrid_get_info_urban,SUBROUTINE,334,0,False,5,33,533.445433762277,7.24137931034483,3862.88072724407,214.604484846893,0.177815144587426,CTSM,fortran,b1,10.0,0.002154062928674728,4642.389907407408
1704,func_metrics_01_CTSM_fortran,./models/01_CTSM/src/main/subgridMod.F90,crop_patch_exists,FUNCTION,525,0,False,5,29,582.136428210946,11.3235294117647,6591.8389665063,366.213275917016,0.194045476070315,CTSM,fortran,b1,4.0,0.0011121327149931214,3596.693043981482
1705,func_metrics_01_CTSM_fortran,./models/01_CTSM/src/main/subgridMod.F90,subgrid_get_info_crop,SUBROUTINE,487,1,False,4,22,405.0,10.9565217391304,4437.39130434783,246.521739130435,0.135,CTSM,fortran,b1,9.0,0.0019386566358072551,4642.389907407408
1706,func_metrics_01_CTSM_fortran,./models/01_CTSM/src/main/subgridMod.F90,lake_landunit_exists,FUNCTION,582,0,False,4,20,335.0,5.88,1969.8,109.433333333333,0.111666666666667,CTSM,fortran,b1,3.0,0.0008340995362448411,3596.693043981482
1707,func_metrics_01_CTSM_fortran,./models/01_CTSM/src/main/subgridMod.F90,urban_landunit_exists,FUNCTION,623,0,False,4,24,442.803536078461,9.16071428571428,4056.39667871876,225.355371039931,0.14760117869282,CTSM,fortran,b1,3.0,0.0021207416262921885,1414.599479166667
1708,func_metrics_01_CTSM_fortran,./models/01_CTSM/src/main/subgridMod.F90,natveg_patch_exists,FUNCTION,186,0,False,3,20,433.961712374065,10.45,4534.89989430898,251.938883017165,0.144653904124688,CTSM,fortran,b1,3.0,0.0010724101378951872,2797.4371875
1709,func_metrics_01_CTSM_fortran,./models/01_CTSM/src/main/subgridMod.F90,subgrid_get_info_lake,SUBROUTINE,400,0,False,2,16,257.84303149525,7.41176470588235,1911.0718804942,106.170660027456,0.0859476771650833,CTSM,fortran,b1,7.0,0.0015078440500723095,4642.389907407408
1710,func_metrics_01_CTSM_fortran,./models/01_CTSM/src/main/subgridMod.F90,subgrid_get_info_wetland,SUBROUTINE,432,0,False,2,16,278.631371386483,8.55555555555556,2383.84617741769,132.435898745427,0.0928771237954945,CTSM,fortran,b1,6.0,0.0012924377572048368,4642.389907407408
1711,func_metrics_01_CTSM_fortran,./models/01_CTSM/src/main/subgridMod.F90,subgrid_get_gcellinfo,SUBROUTINE,54,0,False,1,40,835.542710897316,7.0,5848.79897628121,324.933276460067,0.278514236965772,CTSM,fortran,b1,19.0,0.004092719564481983,4642.389907407408
1712,func_metrics_01_CTSM_fortran,./models/01_CTSM/src/main/subgridMod.F90,accumulate_counters,SUBROUTINE,118,0,False,1,5,69.188632372746,2.4375,168.647291408568,9.36929396714268,0.023062877457582,CTSM,fortran,b1,4.0,0.0008616251714698912,4642.389907407408
1713,func_metrics_01_CTSM_fortran,./models/01_CTSM/src/main/subgridMod.F90,subgrid_get_info_cohort,SUBROUTINE,237,0,False,1,8,158.123427220035,2.5,395.308568050088,21.9615871138938,0.0527078090733451,CTSM,fortran,b1,14.0,0.003015688100144619,4642.389907407408
1714,func_metrics_01_CTSM_fortran,./models/01_CTSM/src/main/subgridMod.F90,subgrid_get_info_urban_tbd,SUBROUTINE,271,0,False,1,8,168.555195700607,4.25,716.35958172758,39.7977545404211,0.0561850652335357,CTSM,fortran,b1,7.0,0.0015078440500723095,4642.389907407408
1715,func_metrics_01_CTSM_fortran,./models/01_CTSM/src/main/subgridMod.F90,subgrid_get_info_urban_hd,SUBROUTINE,292,0,False,1,8,168.555195700607,4.25,716.35958172758,39.7977545404211,0.0561850652335357,CTSM,fortran,b1,3.0,0.0006858462802783007,4374.158009259259
1716,func_metrics_01_CTSM_fortran,./models/01_CTSM/src/main/subgridMod.F90,subgrid_get_info_urban_md,SUBROUTINE,313,0,False,1,8,168.555195700607,4.25,716.35958172758,39.7977545404211,0.0561850652335357,CTSM,fortran,b1,3.0,0.0006858462802783007,4374.158009259259
1717,func_metrics_01_CTSM_fortran,./models/01_CTSM/src/main/subgridMod.F90,subgrid_get_info_glacier_mec,SUBROUTINE,464,0,False,1,10,253.823744779619,4.36363636363636,1107.5945226747,61.5330290374834,0.0846079149265396,CTSM,fortran,b1,6.0,0.0012924377572048368,4642.389907407408
1718,func_metrics_01_CTSM_fortran,./models/01_CTSM/src/main/subgridRestMod.F90,subgridRest_write_only,SUBROUTINE,89,23,False,27,179,13005.5534929119,77.3548387096774,1006042.49277428,55891.249598571,4.33518449763729,CTSM,fortran,b3,24.0,0.005169751028819347,4642.389907407408
1719,func_metrics_01_CTSM_fortran,./models/01_CTSM/src/main/subgridRestMod.F90,subgridRest_write_and_read,SUBROUTINE,481,0,False,8,45,3481.57101275047,28.9736842105263,100873.939079954,5604.10772666413,1.16052367091682,CTSM,fortran,b1,12.0,0.0025848755144096736,4642.389907407408
1720,func_metrics_01_CTSM_fortran,./models/01_CTSM/src/main/subgridRestMod.F90,do_check_weights,FUNCTION,634,0,False,5,16,273.987515196709,6.80555555555556,1864.63725619982,103.590958677768,0.0913291717322362,CTSM,fortran,b1,7.0,0.0015078440500723095,4642.389907407408
1721,func_metrics_01_CTSM_fortran,./models/01_CTSM/src/main/subgridRestMod.F90,check_weights,SUBROUTINE,676,1,False,4,37,995.856769171687,13.0434782608696,12989.4361196307,721.635339979483,0.331952256390562,CTSM,fortran,b1,8.0,0.0017232503429397824,4642.389907407408
1722,func_metrics_01_CTSM_fortran,./models/01_CTSM/src/main/subgridRestMod.F90,subgridRest_check_consistency,SUBROUTINE,610,0,False,2,61,1579.50080036923,16.8559322033898,26623.9584062238,1479.10880034576,0.526500266789744,CTSM,fortran,b1,11.0,0.0023694692215422007,4642.389907407408
1723,func_metrics_01_CTSM_fortran,./models/01_CTSM/src/main/subgridRestMod.F90,subgridRestWrite,SUBROUTINE,49,0,False,1,8,184.477331756708,4.0,737.909327026832,40.9949626126018,0.0614924439189027,CTSM,fortran,b1,6.0,0.0012924377572048368,4642.389907407408
1724,func_metrics_01_CTSM_fortran,./models/01_CTSM/src/main/subgridRestMod.F90,subgridRestRead,SUBROUTINE,71,0,False,1,6,112.587975038942,2.3,258.952342589568,14.386241254976,0.0375293250129808,CTSM,fortran,b1,7.0,0.0015078440500723095,4642.389907407408
1725,func_metrics_01_CTSM_fortran,./models/01_CTSM/src/main/subgridRestMod.F90,save_old_weights,SUBROUTINE,586,0,False,1,7,206.819347598208,5.4,1116.82447703032,62.0458042794624,0.068939782532736,CTSM,fortran,b1,4.0,0.0008616251714698912,4642.389907407408
1726,func_metrics_01_CTSM_fortran,./models/01_CTSM/src/main/subgridRestMod.F90,subgridRest_read_cleanup,SUBROUTINE,739,0,False,1,4,48.4320426609222,1.875,90.810079989229,5.04500444384606,0.0161440142203074,CTSM,fortran,b1,2.0,0.0004308125857349456,4642.389907407408
1727,func_metrics_01_CTSM_fortran,./models/01_CTSM/src/main/subgridWeightsMod.F90,check_weights,SUBROUTINE,565,9,False,20,95,3115.81212572837,33.7,105002.868637046,5833.49270205811,1.03860404190946,CTSM,fortran,b2,6.0,0.0014295751330832692,4197.051180555555
1728,func_metrics_01_CTSM_fortran,./models/01_CTSM/src/main/subgridWeightsMod.F90,is_active_l,FUNCTION,296,0,False,7,28,645.72550580955,12.1212121212121,7826.97582799454,434.831990444141,0.21524183526985,CTSM,fortran,b1,13.0,0.0030974127883470833,4197.051180555555
1729,func_metrics_01_CTSM_fortran,./models/01_CTSM/src/main/subgridWeightsMod.F90,set_active,SUBROUTINE,244,3,False,6,26,857.478237822357,11.8181818181818,10133.8337197188,562.990762206598,0.285826079274119,CTSM,fortran,b1,6.0,0.0014295751330832692,4197.051180555555
1730,func_metrics_01_CTSM_fortran,./models/01_CTSM/src/main/subgridWeightsMod.F90,is_active_c,FUNCTION,384,0,False,5,22,558.905269734316,11.0606060606061,6181.83101372804,343.435056318225,0.186301756578105,CTSM,fortran,b1,4.0,0.0009530500887221794,4197.051180555555
1731,func_metrics_01_CTSM_fortran,./models/01_CTSM/src/main/subgridWeightsMod.F90,set_pct_pft_diagnostics,SUBROUTINE,844,1,False,4,23,793.273041926405,14.9204545454545,11835.9943641974,657.55524245541,0.264424347308802,CTSM,fortran,b1,6.0,0.0014295751330832692,4197.051180555555
1732,func_metrics_01_CTSM_fortran,./models/01_CTSM/src/main/subgridWeightsMod.F90,init_subgrid_weights_mod,SUBROUTINE,149,0,False,3,26,1049.92020254965,13.8297872340426,14520.1730139846,806.676278554698,0.349973400849884,CTSM,fortran,b1,12.0,0.0028591502661665384,4197.051180555555
1733,func_metrics_01_CTSM_fortran,./models/01_CTSM/src/main/subgridWeightsMod.F90,compute_higher_order_weights,SUBROUTINE,215,2,False,3,14,378.922517619951,4.88,1849.14188598536,102.730104776964,0.126307505873317,CTSM,fortran,b1,2.0,0.0004765250443610897,4197.051180555555
1734,func_metrics_01_CTSM_fortran,./models/01_CTSM/src/main/subgridWeightsMod.F90,is_active_p,FUNCTION,440,0,False,3,12,218.72482509952,5.775,1263.13586494973,70.1742147194292,0.0729082750331732,CTSM,fortran,b1,4.0,0.0009530500887221794,4197.051180555555
1735,func_metrics_01_CTSM_fortran,./models/01_CTSM/src/main/subgridWeightsMod.F90,set_landunit_weight,SUBROUTINE,503,0,False,3,16,466.807513188022,9.70588235294118,4530.77880447198,251.709933581777,0.155602504396007,CTSM,fortran,b1,5.0,0.0011913126109027244,4197.051180555555
1736,func_metrics_01_CTSM_fortran,./models/01_CTSM/src/main/subgridWeightsMod.F90,weights_okay,FUNCTION,710,0,False,3,18,358.203013479422,10.7142857142857,3837.88943013666,213.216079452037,0.119401004493141,CTSM,fortran,b1,1.0,0.00023826252218054486,4197.051180555555
1737,func_metrics_01_CTSM_fortran,./models/01_CTSM/src/main/subgridWeightsMod.F90,set_pct_glc_mec_diagnostics,SUBROUTINE,807,1,False,3,17,469.511119202808,6.33783783783784,2975.68533656915,165.315852031619,0.156503706400936,CTSM,fortran,b1,5.0,0.0011913126109027244,4197.051180555555
1738,func_metrics_01_CTSM_fortran,./models/01_CTSM/src/main/subgridWeightsMod.F90,get_landunit_weight,FUNCTION,474,0,False,2,14,295.07284479252,5.7037037037037,1683.00807770548,93.5004487614157,0.0983576149308399,CTSM,fortran,b1,2.0,0.0004765250443610897,4197.051180555555
1739,func_metrics_01_CTSM_fortran,./models/01_CTSM/src/main/subgridWeightsMod.F90,is_gcell_all_ltypeX,FUNCTION,535,0,False,2,15,333.403396101423,6.96296296296296,2321.47549878028,128.970861043349,0.111134465367141,CTSM,fortran,b1,1.0,0.00023826252218054486,4197.051180555555
1740,func_metrics_01_CTSM_fortran,./models/01_CTSM/src/main/subgridWeightsMod.F90,set_subgrid_diagnostic_fields,SUBROUTINE,750,0,False,2,7,131.769522683363,4.2,553.431995270124,30.7462219594513,0.0439231742277876,CTSM,fortran,b1,6.0,0.0014295751330832692,4197.051180555555
1741,func_metrics_01_CTSM_fortran,./models/01_CTSM/src/main/subgridWeightsMod.F90,set_pct_landunit_diagnostics,SUBROUTINE,779,1,False,2,12,310.0,3.5,1085.0,60.2777777777778,0.103333333333333,CTSM,fortran,b1,2.0,0.0004765250443610897,4197.051180555555
1742,func_metrics_01_CTSM_fortran,./models/01_CTSM/src/main/surfrdMod.F90,surfrd_special,SUBROUTINE,470,5,False,21,106,4385.78344245545,43.3186813186813,189986.355276477,10554.7975153598,1.46192781415182,CTSM,fortran,b3,22.0,0.0047389384430844015,4642.389907407408
1743,func_metrics_01_CTSM_fortran,./models/01_CTSM/src/main/surfrdMod.F90,surfrd_veg_all,SUBROUTINE,874,0,False,14,75,3015.61173775963,30.0689655172414,90676.3253560827,5037.57363089348,1.00520391258654,CTSM,fortran,b2,44.0,0.009477876886168803,4642.389907407408
1744,func_metrics_01_CTSM_fortran,./models/01_CTSM/src/main/surfrdMod.F90,surfrd_hillslope,SUBROUTINE,1048,2,False,13,71,2089.00207950378,18.25,38124.287950944,2118.01599727467,0.696334026501261,CTSM,fortran,b2,13.0,0.004084317936558943,3182.905983796296
1745,func_metrics_01_CTSM_fortran,./models/01_CTSM/src/main/surfrdMod.F90,surfrd_get_data,SUBROUTINE,192,0,False,12,69,2028.26152825211,14.2948717948718,28993.7385128347,1610.76325071304,0.676087176084037,CTSM,fortran,b2,36.0,0.0077546265432290205,4642.389907407408
1746,func_metrics_01_CTSM_fortran,./models/01_CTSM/src/main/surfrdMod.F90,check_domain_attributes,SUBROUTINE,50,1,False,11,60,2250.5734096348,28.2424242424242,63561.6490236253,3531.20272353474,0.750191136544934,CTSM,fortran,b2,3.0,0.007630951859086232,393.13575231481474
1747,func_metrics_01_CTSM_fortran,./models/01_CTSM/src/main/surfrdMod.F90,surfrd_wtfates,SUBROUTINE,708,4,False,11,57,2416.7816519124,34.125,82472.6738715107,4581.81521508393,0.805593883970801,CTSM,fortran,b2,9.0,0.0019386566358072551,4642.389907407408
1748,func_metrics_01_CTSM_fortran,./models/01_CTSM/src/main/surfrdMod.F90,surfrd_compat_check,SUBROUTINE,128,0,False,10,49,1034.86338872091,16.4047619047619,16976.6874959217,943.149305328981,0.344954462906971,CTSM,fortran,b1,2.0,0.004725571849571593,423.2292013888889
1749,func_metrics_01_CTSM_fortran,./models/01_CTSM/src/main/surfrdMod.F90,surfrd_cftformat,SUBROUTINE,636,0,False,9,49,2130.67789288386,27.8095238095238,59253.1375925798,3291.84097736554,0.71022596429462,CTSM,fortran,b1,17.0,0.0036619069787470373,4642.389907407408
1750,func_metrics_01_CTSM_fortran,./models/01_CTSM/src/main/surfrdMod.F90,surfrd_get_num_patches,SUBROUTINE,347,0,False,8,54,1105.4886477307,17.4146341463415,19251.6803531639,1069.53779739799,0.368496215910232,CTSM,fortran,b1,9.0,0.0034921289609274016,2577.2244097222224
1751,func_metrics_01_CTSM_fortran,./models/01_CTSM/src/main/surfrdMod.F90,surfrd_pftformat,SUBROUTINE,811,0,False,5,30,1080.96097899636,13.1326530612245,14195.8855098808,788.660306104487,0.36032032633212,CTSM,fortran,b1,10.0,0.002154062928674728,4642.389907407408
1752,func_metrics_01_CTSM_fortran,./models/01_CTSM/src/main/surfrdMod.F90,surfrd_get_nlevurb,SUBROUTINE,428,0,False,4,23,468.329672350088,7.0,3278.30770645062,182.128205913923,0.156109890783363,CTSM,fortran,b1,2.0,0.001756724411662015,1138.4825
1753,func_metrics_01_CTSM_fortran,./models/01_CTSM/src/main/surfrdMod.F90,surfrd_lakemask,SUBROUTINE,1157,0,False,4,24,656.057175246635,8.75,5740.50028340806,318.916682411559,0.218685725082212,CTSM,fortran,b1,6.0,0.0026306864140346717,2280.7735532407405
1754,func_metrics_01_CTSM_fortran,./models/01_CTSM/src/main/surfrdMod.F90,surfrd_urbanmask,SUBROUTINE,1210,0,False,4,24,656.057175246635,8.75,5740.50028340806,318.916682411559,0.218685725082212,CTSM,fortran,b1,5.0,0.002192238678362226,2280.7735532407405
1755,func_metrics_01_CTSM_fortran,./models/01_CTSM/src/main/surfrdMod.F90,surfrd_veg_dgvm,SUBROUTINE,1023,0,False,1,9,208.973528539863,3.61904761904762,756.285150906169,42.0158417170094,0.0696578428466209,CTSM,fortran,b1,7.0,0.0015078440500723095,4642.389907407408
1756,func_metrics_01_CTSM_fortran,./models/01_CTSM/src/main/surfrdUtilsMod.F90,collapse_crop_types,SUBROUTINE,414,3,False,15,66,2539.30249642035,39.6,100556.378858246,5586.46549212477,0.84643416547345,CTSM,fortran,b2,13.0,0.0035352154878923606,3677.2864467592594
1757,func_metrics_01_CTSM_fortran,./models/01_CTSM/src/main/surfrdUtilsMod.F90,collapse_to_dominant,SUBROUTINE,273,4,False,11,49,1498.32403004307,31.4081632653061,47059.6057599242,2614.42254221801,0.49944134334769,CTSM,fortran,b2,18.0,0.007147932342908376,2518.2107407407407
1758,func_metrics_01_CTSM_fortran,./models/01_CTSM/src/main/surfrdUtilsMod.F90,check_sums_equal_1,SUBROUTINE,39,1,False,7,36,929.176787529217,15.6818181818182,14571.1814407991,809.510080044393,0.309725595843072,CTSM,fortran,b1,12.0,0.002792671208677392,4296.961261574074
1759,func_metrics_01_CTSM_fortran,./models/01_CTSM/src/main/surfrdUtilsMod.F90,collapse_individual_lunits,SUBROUTINE,191,2,False,6,50,1713.98309055567,31.1276595744681,53352.2821592117,2964.01567551176,0.571327696851891,CTSM,fortran,b1,9.0,0.003689655012558848,2439.25244212963
1760,func_metrics_01_CTSM_fortran,./models/01_CTSM/src/main/surfrdUtilsMod.F90,collapse_crop_var,SUBROUTINE,367,2,False,5,21,546.832633649644,13.5909090909091,7431.95261187471,412.886256215262,0.182277544549881,CTSM,fortran,b1,4.0,0.0015884294095351947,2518.2107407407407
1761,func_metrics_01_CTSM_fortran,./models/01_CTSM/src/main/surfrdUtilsMod.F90,renormalize,SUBROUTINE,90,1,False,3,15,355.744264232263,11.0,3913.18690655489,217.399272586383,0.118581421410754,CTSM,fortran,b1,1.0,0.0003223182236854673,3102.5239236111115
1762,func_metrics_01_CTSM_fortran,./models/01_CTSM/src/main/surfrdUtilsMod.F90,convert_cft_to_pft,SUBROUTINE,151,1,False,3,25,789.869359716153,21.6666666666667,17113.8361271833,950.768673732406,0.263289786572051,CTSM,fortran,b1,7.0,0.0022562275657982715,3102.5239236111115
1763,func_metrics_01_CTSM_fortran,./models/01_CTSM/src/main/surfrdUtilsMod.F90,apply_convert_ocean_to_land,SUBROUTINE,117,1,False,2,12,318.947888714554,5.3,1690.42381018714,93.9124338992853,0.106315962904851,CTSM,fortran,b1,2.0,0.001824245534327693,1096.3436458333333
1764,func_metrics_01_CTSM_fortran,./models/01_CTSM/src/main/TopoMod.F90,UpdateTopo,SUBROUTINE,206,3,False,9,47,1592.78450395171,21.8534482758621,34807.8337717034,1933.76854287241,0.530928167983904,CTSM,fortran,b1,14.0,0.004014955083669178,3486.9630439814814
1765,func_metrics_01_CTSM_fortran,./models/01_CTSM/src/main/TopoMod.F90,InitCold,SUBROUTINE,114,1,False,4,26,672.651886740649,9.31395348837209,6265.04838696814,348.058243720452,0.224217295580216,CTSM,fortran,b1,7.0,0.002007477541834589,3486.9630439814814
1766,func_metrics_01_CTSM_fortran,./models/01_CTSM/src/main/TopoMod.F90,Restart,SUBROUTINE,157,1,False,3,22,842.066463698353,8.75,7368.08155736059,409.33786429781,0.280688821232784,CTSM,fortran,b1,2.0,0.0005735650119527397,3486.9630439814814
1767,func_metrics_01_CTSM_fortran,./models/01_CTSM/src/main/TopoMod.F90,Init,SUBROUTINE,50,0,False,1,8,160.539538270943,3.22222222222222,517.294067761927,28.738559320107,0.0535131794236476,CTSM,fortran,b1,1.0,0.00028678250597636987,3486.9630439814814
1768,func_metrics_01_CTSM_fortran,./models/01_CTSM/src/main/TopoMod.F90,InitAllocate,SUBROUTINE,67,0,False,1,12,249.123305061478,2.93478260869565,731.122743115207,40.617930173067,0.0830411016871593,CTSM,fortran,b1,1.0,0.00028678250597636987,3486.9630439814814
1769,func_metrics_01_CTSM_fortran,./models/01_CTSM/src/main/TopoMod.F90,InitHistory,SUBROUTINE,90,0,False,1,8,307.160171243986,3.18518518518519,978.36202692529,54.3534459402939,0.102386723747995,CTSM,fortran,b1,2.0,0.0005735650119527397,3486.9630439814814
1770,func_metrics_01_CTSM_fortran,./models/01_CTSM/src/main/TopoMod.F90,DownscaleFilterc,FUNCTION,301,0,False,1,7,178.813537528125,2.42857142857143,434.26144828259,24.1256360156994,0.059604512509375,CTSM,fortran,b1,3.0,0.0008603475179291096,3486.9630439814814
1771,func_metrics_01_CTSM_fortran,./models/01_CTSM/src/main/TopoMod.F90,Clean,SUBROUTINE,346,0,False,1,6,98.0991081900081,2.14285714285714,210.212374692875,11.6784652607153,0.0326997027300027,CTSM,fortran,b1,1.0,0.00028678250597636987,3486.9630439814814
1772,func_metrics_01_CTSM_fortran,./models/01_CTSM/src/self_tests/SelfTestDriver.F90,self_test_driver,SUBROUTINE,27,0,False,2,7,110.446115349533,3.92307692307692,433.288606371246,24.071589242847,0.0368153717831777,CTSM,fortran,b1,3.0,0.001629409606248454,1841.157673611111
1773,func_metrics_01_CTSM_fortran,./models/01_CTSM/src/self_tests/TestNcdioPio.F90,create_vars,SUBROUTINE,96,8,False,9,37,959.832501254619,12.1,11613.9732651809,645.220736954494,0.319944167084873,CTSM,fortran,b1,1.0,0.0005436884196172622,1839.2887615740744
1774,func_metrics_01_CTSM_fortran,./models/01_CTSM/src/self_tests/TestNcdioPio.F90,confirm_var_on_file,SUBROUTINE,252,0,False,3,17,373.285164832526,9.5625,3569.53938871103,198.307743817279,0.124428388277509,CTSM,fortran,b1,2.0,0.0010873768392345245,1839.2887615740744
1775,func_metrics_01_CTSM_fortran,./models/01_CTSM/src/self_tests/TestNcdioPio.F90,write_to_log,SUBROUTINE,476,0,False,2,7,112.0,4.8,537.6,29.8666666666667,0.0373333333333333,CTSM,fortran,b1,1.0,0.0005436884196172622,1839.2887615740744
1776,func_metrics_01_CTSM_fortran,./models/01_CTSM/src/self_tests/TestNcdioPio.F90,test_ncdio_pio,SUBROUTINE,47,0,False,1,15,230.701659758908,4.30555555555556,993.298812850852,55.1832673806029,0.0769005532529692,CTSM,fortran,b1,3.0,0.0016310652588517867,1839.2887615740744
1777,func_metrics_01_CTSM_fortran,./models/01_CTSM/src/self_tests/TestNcdioPio.F90,test_write_vars,SUBROUTINE,158,0,False,1,47,2162.22853285822,9.29411764705882,20096.0063642117,1116.44479801176,0.720742844286074,CTSM,fortran,b1,1.0,0.0005436884196172622,1839.2887615740744
1778,func_metrics_01_CTSM_fortran,./models/01_CTSM/src/self_tests/TestNcdioPio.F90,test_check_var_or_dim,SUBROUTINE,283,0,False,1,17,451.891362673415,6.95652173913044,3143.59208816289,174.644004897938,0.150630454224472,CTSM,fortran,b1,1.0,0.0005472290704499095,1827.3882986111112
1779,func_metrics_01_CTSM_fortran,./models/01_CTSM/src/self_tests/TestNcdioPio.F90,test_read_vars,SUBROUTINE,325,0,False,1,36,1389.74420878302,9.45652173913043,13142.1463221872,730.119240121512,0.463248069594339,CTSM,fortran,b1,1.0,0.0005436884196172622,1839.2887615740744
1780,func_metrics_01_CTSM_fortran,./models/01_CTSM/src/self_tests/TestNcdioPio.F90,test_read_vars_change_type,SUBROUTINE,396,0,False,1,38,1399.08905067297,10.2244897959184,14304.9717221869,794.720651232604,0.466363016890989,CTSM,fortran,b1,2.0,0.0010873768392345245,1839.2887615740744
1781,func_metrics_01_CTSM_fortran,./models/01_CTSM/src/self_tests/TestNcdioPio.F90,clean,SUBROUTINE,496,0,False,1,8,85.9515931033874,2.25,193.391084482622,10.7439491379234,0.0286505310344625,CTSM,fortran,b1,1.0,0.0005436884196172622,1839.2887615740744
1782,func_metrics_01_CTSM_fortran,./models/01_CTSM/src/soilbiogeochem/CNSoilMatrixMod.F90,CNSoilMatrix,SUBROUTINE,87,75,False,164,588,31209.955817497,123.974248927039,3869230.83152025,214957.268417792,10.4033186058323,CTSM,fortran,b4,36.0,0.012760764953868608,2821.147488425926
1783,func_metrics_01_CTSM_fortran,./models/01_CTSM/src/soilbiogeochem/CNSoilMatrixMod.F90,CNSoilMatrixInit,SUBROUTINE,62,0,False,4,18,216.635530586268,7.0,1516.44871410388,84.2471507835487,0.072211843528756,CTSM,fortran,b1,4.0,0.0019433901690234356,2058.258842592593
1784,func_metrics_01_CTSM_fortran,./models/01_CTSM/src/soilbiogeochem/CNSoilMatrixMod.F90,CNSoilMatrixRest,SUBROUTINE,911,0,False,1,9,396.33570483095,4.22222222222222,1673.41742039734,92.9676344665191,0.132111901610317,CTSM,fortran,b1,1.0,0.0005860454161999923,1706.3523958333335
1785,func_metrics_01_CTSM_fortran,./models/01_CTSM/src/soilbiogeochem/SoilBiogeochemCarbonFluxType.F90,InitHistory,SUBROUTINE,216,10,False,38,224,12176.8481200578,88.6923076923077,1079992.76018667,59999.5977881482,4.05894937335261,CTSM,fortran,b3,20.0,0.00501116965937218,3991.084189814815
1786,func_metrics_01_CTSM_fortran,./models/01_CTSM/src/soilbiogeochem/SoilBiogeochemCarbonFluxType.F90,Summary,SUBROUTINE,803,25,False,34,137,5372.94918816171,46.7119565217391,250980.968870924,13943.3871594958,1.79098306272057,CTSM,fortran,b3,19.0,0.004760611176403571,3991.084189814815
1787,func_metrics_01_CTSM_fortran,./models/01_CTSM/src/soilbiogeochem/SoilBiogeochemCarbonFluxType.F90,SetValues,SUBROUTINE,714,15,False,17,71,1933.4203720455,19.5576923076923,37813.2407378899,2100.73559654944,0.6444734573485,CTSM,fortran,b2,31.0,0.007767312972026879,3991.084189814815
1788,func_metrics_01_CTSM_fortran,./models/01_CTSM/src/soilbiogeochem/SoilBiogeochemCarbonFluxType.F90,InitAllocate,SUBROUTINE,115,0,False,3,98,3613.45925447925,26.49375,95734.0861233596,5318.56034018665,1.20448641815975,CTSM,fortran,b1,39.0,0.009771780835775751,3991.084189814815
1789,func_metrics_01_CTSM_fortran,./models/01_CTSM/src/soilbiogeochem/SoilBiogeochemCarbonFluxType.F90,InitCold,SUBROUTINE,657,1,False,3,16,387.744375108173,7.85714285714286,3046.56294727851,169.253497071028,0.129248125036058,CTSM,fortran,b1,1.0,0.000250558482968609,3991.084189814815
1790,func_metrics_01_CTSM_fortran,./models/01_CTSM/src/soilbiogeochem/SoilBiogeochemCarbonFluxType.F90,Init,SUBROUTINE,100,0,False,1,8,155.589411415945,2.73529411764706,425.582801814203,23.6434889896779,0.0518631371386484,CTSM,fortran,b1,1.0,0.000250558482968609,3991.084189814815
1791,func_metrics_01_CTSM_fortran,./models/01_CTSM/src/soilbiogeochem/SoilBiogeochemCarbonFluxType.F90,Restart,SUBROUTINE,688,0,False,1,12,401.816400346356,3.18918918918919,1281.46852002351,71.1926955568619,0.133938800115452,CTSM,fortran,b1,10.0,0.00250558482968609,3991.084189814815
1792,func_metrics_01_CTSM_fortran,./models/01_CTSM/src/soilbiogeochem/SoilBiogeochemCarbonStateType.F90,Restart,SUBROUTINE,716,41,False,112,430,24755.7967396939,176.736842105263,4375261.33957327,243070.074420737,8.25193224656464,CTSM,fortran,b4,28.0,0.007015637523121052,3991.084189814815
1793,func_metrics_01_CTSM_fortran,./models/01_CTSM/src/soilbiogeochem/SoilBiogeochemCarbonStateType.F90,Summary,SUBROUTINE,1407,37,False,56,181,5360.7218065346,50.90625,272894.244463902,15160.7913591057,1.78690726884487,CTSM,fortran,b4,23.0,0.005762845108278007,3991.084189814815
1794,func_metrics_01_CTSM_fortran,./models/01_CTSM/src/soilbiogeochem/SoilBiogeochemCarbonStateType.F90,InitHistory,SUBROUTINE,186,6,False,35,204,9396.67631719906,74.5373134328358,700403.007881972,38911.2782156651,3.13222543906635,CTSM,fortran,b3,24.0,0.006013403591246616,3991.084189814815
1795,func_metrics_01_CTSM_fortran,./models/01_CTSM/src/soilbiogeochem/SoilBiogeochemCarbonStateType.F90,InitCold,SUBROUTINE,555,16,False,34,126,4477.95907190816,44.0,197030.199163959,10946.1221757755,1.49265302396939,CTSM,fortran,b3,18.0,0.004510052693434962,3991.084189814815
1796,func_metrics_01_CTSM_fortran,./models/01_CTSM/src/soilbiogeochem/SoilBiogeochemCarbonStateType.F90,SetValues,SUBROUTINE,1314,15,False,21,76,1915.55978540672,12.4038461538462,23760.3088766795,1320.01715981553,0.638519928468905,CTSM,fortran,b3,15.0,0.003758377244529135,3991.084189814815
1797,func_metrics_01_CTSM_fortran,./models/01_CTSM/src/soilbiogeochem/SoilBiogeochemCarbonStateType.F90,DynamicColumnAdjustments,SUBROUTINE,1666,3,False,4,25,927.103775119712,9.28571428571429,8608.82076896876,478.267820498264,0.309034591706571,CTSM,fortran,b1,3.0,0.0008718016835217009,3441.149583333334
1798,func_metrics_01_CTSM_fortran,./models/01_CTSM/src/soilbiogeochem/SoilBiogeochemCarbonStateType.F90,InitAllocate,SUBROUTINE,113,0,False,3,71,2238.0,16.8103448275862,37621.5517241379,2090.08620689655,0.746,CTSM,fortran,b1,20.0,0.00501116965937218,3991.084189814815
1799,func_metrics_01_CTSM_fortran,./models/01_CTSM/src/soilbiogeochem/SoilBiogeochemCarbonStateType.F90,Init,SUBROUTINE,93,0,False,2,15,345.0,6.46153846153846,2229.23076923077,123.846153846154,0.115,CTSM,fortran,b1,3.0,0.000751675448905827,3991.084189814815
1800,func_metrics_01_CTSM_fortran,./models/01_CTSM/src/soilbiogeochem/SoilBiogeochemCarbonStateType.F90,SetTotVgCThresh,SUBROUTINE,1651,0,False,2,8,158.324668461995,5.25,831.204509425476,46.1780283014153,0.0527748894873318,CTSM,fortran,b1,2.0,0.000688945544205222,2902.9870601851853
1801,func_metrics_01_CTSM_fortran,./models/01_CTSM/src/soilbiogeochem/SoilBiogeochemCompetitionMod.F90,SoilBiogeochemCompetition,SUBROUTINE,168,61,False,116,533,27086.9530900309,133.875,3626265.84492788,201459.213607105,9.02898436334363,CTSM,fortran,b4,22.0,0.005512286625309398,3991.084189814815
1802,func_metrics_01_CTSM_fortran,./models/01_CTSM/src/soilbiogeochem/SoilBiogeochemCompetitionMod.F90,readParams,SUBROUTINE,70,0,False,8,37,1699.70418861336,14.7073170731707,24998.088432533,1388.78269069628,0.566568062871119,CTSM,fortran,b1,3.0,0.000751675448905827,3991.084189814815
1803,func_metrics_01_CTSM_fortran,./models/01_CTSM/src/soilbiogeochem/SoilBiogeochemCompetitionMod.F90,SoilBiogeochemCompetitionInit,SUBROUTINE,126,0,False,4,21,466.020917061562,7.56410256410256,3525.03001367079,195.835000759488,0.155340305687187,CTSM,fortran,b1,4.0,0.001002233931874436,3991.084189814815
1804,func_metrics_01_CTSM_fortran,./models/01_CTSM/src/soilbiogeochem/SoilBiogeochemDecompCascadeBGCMod.F90,decomp_rate_constants_bgc,SUBROUTINE,511,28,False,61,292,15183.4974901993,81.3529411764706,1235222.17817328,68623.4543429598,5.06116583006645,CTSM,fortran,b4,68.0,0.016655376595649474,4082.76568287037
1805,func_metrics_01_CTSM_fortran,./models/01_CTSM/src/soilbiogeochem/SoilBiogeochemDecompCascadeBGCMod.F90,readParams,SUBROUTINE,114,0,False,19,81,3388.90909822972,23.2352941176471,78742.2996353375,4374.57220196319,1.12963636607657,CTSM,fortran,b2,12.0,0.0029391841051146133,4082.76568287037
1806,func_metrics_01_CTSM_fortran,./models/01_CTSM/src/soilbiogeochem/SoilBiogeochemDecompCascadeBGCMod.F90,init_decompcascade_bgc,SUBROUTINE,226,2,False,9,207,6909.4214010837,49.1484375,339587.265892325,18865.9592162403,2.3031404670279,CTSM,fortran,b1,41.0,0.010042212359141595,4082.76568287037
1807,func_metrics_01_CTSM_fortran,./models/01_CTSM/src/soilbiogeochem/SoilBiogeochemDecompCascadeConType.F90,decomp_cascade_par_init,SUBROUTINE,85,0,False,19,76,1624.25999949042,20.5925925925926,33447.7244339508,1858.20691299727,0.541419999830139,CTSM,fortran,b2,16.0,0.003918912140152817,4082.76568287037
1808,func_metrics_01_CTSM_fortran,./models/01_CTSM/src/soilbiogeochem/SoilBiogeochemDecompCascadeConType.F90,InitSoilTransfer,SUBROUTINE,260,6,False,17,90,3534.44561508615,38.3055555555556,135388.902866772,7521.60571482069,1.17814853836205,CTSM,fortran,b2,13.0,0.005240905143326414,2480.4875578703704
1809,func_metrics_01_CTSM_fortran,./models/01_CTSM/src/soilbiogeochem/SoilBiogeochemDecompCascadeConType.F90,init_decomp_cascade_constants,SUBROUTINE,181,0,False,5,64,1985.85555734825,27.6041666666667,54817.8877809672,3045.43821005374,0.661951852449416,CTSM,fortran,b1,16.0,0.003918912140152817,4082.76568287037
1810,func_metrics_01_CTSM_fortran,./models/01_CTSM/src/soilbiogeochem/SoilBiogeochemDecompCascadeMIMICSMod.F90,decomp_rates_mimics,SUBROUTINE,754,19,False,50,389,21109.8098059292,69.3150684931507,1463227.91257537,81290.4395875203,7.03660326864306,CTSM,fortran,b3,62.0,0.036987933025188484,1676.222349537037
1811,func_metrics_01_CTSM_fortran,./models/01_CTSM/src/soilbiogeochem/SoilBiogeochemDecompCascadeMIMICSMod.F90,readParams,SUBROUTINE,162,0,False,31,129,5885.30799336598,30.7846153846154,181176.942995774,10065.3857219875,1.96176933112199,CTSM,fortran,b3,19.0,0.011335011733525503,1676.222349537037
1812,func_metrics_01_CTSM_fortran,./models/01_CTSM/src/soilbiogeochem/SoilBiogeochemDecompCascadeMIMICSMod.F90,init_decompcascade_mimics,SUBROUTINE,334,2,False,9,321,11357.1276289209,54.4402173913043,618284.497059243,34349.1387255135,3.7857092096403,CTSM,fortran,b1,29.0,0.01730080738274945,1676.222349537037
1813,func_metrics_01_CTSM_fortran,./models/01_CTSM/src/soilbiogeochem/SoilBiogeochemDecompMod.F90,SoilBiogeochemDecomp,SUBROUTINE,69,17,False,32,130,6071.15683353989,51.4126213592233,312134.087495247,17340.7826386249,2.0237189445133,CTSM,fortran,b3,27.0,0.006765079040152443,3991.084189814815
1814,func_metrics_01_CTSM_fortran,./models/01_CTSM/src/soilbiogeochem/SoilBiogeochemDecompMod.F90,readParams,SUBROUTINE,42,0,False,2,13,354.242828862769,5.12903225806452,1816.92289642517,100.940160912509,0.118080942954256,CTSM,fortran,b1,2.0,0.000501116965937218,3991.084189814815
1815,func_metrics_01_CTSM_fortran,./models/01_CTSM/src/soilbiogeochem/SoilBiogeochemLittVertTranspMod.F90,SoilBiogeochemLittVertTransp,SUBROUTINE,84,28,False,70,338,17538.287988995,154.675862068966,2712749.81391159,150708.322995088,5.84609599633168,CTSM,fortran,b4,29.0,0.007103028254026982,4082.76568287037
1816,func_metrics_01_CTSM_fortran,./models/01_CTSM/src/soilbiogeochem/SoilBiogeochemLittVertTranspMod.F90,readParams,SUBROUTINE,50,0,False,4,21,691.850652335357,8.20588235294118,5677.24505886955,315.402503270531,0.230616884111786,CTSM,fortran,b1,5.0,0.0012246600437977554,4082.76568287037
1817,func_metrics_01_CTSM_fortran,./models/01_CTSM/src/soilbiogeochem/SoilBiogeochemNitrifDenitrifMod.F90,readParams,SUBROUTINE,60,0,False,13,57,2245.88393764608,19.046511627907,42776.2545333056,2376.45858518365,0.748627979215361,CTSM,fortran,b2,8.0,0.0019594560700764087,4082.76568287037
1818,func_metrics_01_CTSM_fortran,./models/01_CTSM/src/soilbiogeochem/SoilBiogeochemNitrifDenitrifMod.F90,SoilBiogeochemNitrifDenitrif,SUBROUTINE,141,2,False,9,113,8254.58163045863,31.2371134020619,257849.302477213,14324.961248734,2.75152721015288,CTSM,fortran,b1,28.0,0.006858096245267431,4082.76568287037
1819,func_metrics_01_CTSM_fortran,./models/01_CTSM/src/soilbiogeochem/SoilBiogeochemNitrogenFluxType.F90,InitHistory,SUBROUTINE,312,3,False,66,313,16996.2107123968,72.5748031496063,1233496.64674143,68527.5914856349,5.66540357079893,CTSM,fortran,b4,15.0,0.003758377244529135,3991.084189814815
1820,func_metrics_01_CTSM_fortran,./models/01_CTSM/src/soilbiogeochem/SoilBiogeochemNitrogenFluxType.F90,Summary,SUBROUTINE,1079,22,False,24,92,3413.1096513251,28.4516129032258,97108.4745957657,5394.91525532032,1.13770321710837,CTSM,fortran,b3,2.0,0.000501116965937218,3991.084189814815
1821,func_metrics_01_CTSM_fortran,./models/01_CTSM/src/soilbiogeochem/SoilBiogeochemNitrogenFluxType.F90,SetValues,SUBROUTINE,918,16,False,22,135,4395.98706552852,18.3300970873786,80578.8697059985,4476.60387255547,1.46532902184284,CTSM,fortran,b3,9.0,0.002255026346717481,3991.084189814815
1822,func_metrics_01_CTSM_fortran,./models/01_CTSM/src/soilbiogeochem/SoilBiogeochemNitrogenFluxType.F90,InitAllocate,SUBROUTINE,175,0,False,3,183,6906.05884659191,32.25,222720.397802589,12373.3554334772,2.30201961553064,CTSM,fortran,b1,14.0,0.003507818761560526,3991.084189814815
1823,func_metrics_01_CTSM_fortran,./models/01_CTSM/src/soilbiogeochem/SoilBiogeochemNitrogenFluxType.F90,InitCold,SUBROUTINE,879,1,False,3,17,428.604160369447,7.27272727272727,3117.12116632325,173.173398129069,0.142868053456482,CTSM,fortran,b1,2.0,0.000501116965937218,3991.084189814815
1824,func_metrics_01_CTSM_fortran,./models/01_CTSM/src/soilbiogeochem/SoilBiogeochemNitrogenFluxType.F90,Init,SUBROUTINE,163,0,False,1,7,105.48604608143,1.76923076923077,186.629158451761,10.3682865806534,0.0351620153604767,CTSM,fortran,b1,1.0,0.000250558482968609,3991.084189814815
1825,func_metrics_01_CTSM_fortran,./models/01_CTSM/src/soilbiogeochem/SoilBiogeochemNitrogenStateType.F90,Restart,SUBROUTINE,552,14,False,61,235,11898.0605682476,80.0772058823529,952763.445724272,52931.3025402373,3.96602018941588,CTSM,fortran,b4,32.0,0.008017871454995489,3991.084189814815
1826,func_metrics_01_CTSM_fortran,./models/01_CTSM/src/soilbiogeochem/SoilBiogeochemNitrogenStateType.F90,Summary,SUBROUTINE,1028,42,False,60,199,6190.16328783786,52.7323943661972,326422.131685422,18134.5628714123,2.06338776261262,CTSM,fortran,b4,19.0,0.004760611176403571,3991.084189814815
1827,func_metrics_01_CTSM_fortran,./models/01_CTSM/src/soilbiogeochem/SoilBiogeochemNitrogenStateType.F90,InitCold,SUBROUTINE,406,13,False,26,112,4388.78801538242,30.7173913043478,134812.118820334,7489.56215668521,1.46292933846081,CTSM,fortran,b3,21.0,0.005261728142340789,3991.084189814815
1828,func_metrics_01_CTSM_fortran,./models/01_CTSM/src/soilbiogeochem/SoilBiogeochemNitrogenStateType.F90,SetValues,SUBROUTINE,917,16,False,23,88,2212.16502691096,11.0267857142857,24393.0697163842,1355.17053979912,0.737388342303652,CTSM,fortran,b3,12.0,0.003006701795623308,3991.084189814815
1829,func_metrics_01_CTSM_fortran,./models/01_CTSM/src/soilbiogeochem/SoilBiogeochemNitrogenStateType.F90,InitHistory,SUBROUTINE,196,1,False,18,117,5324.84142451274,35.3720930232558,188350.786201951,10463.932566775,1.77494714150425,CTSM,fortran,b2,22.0,0.005512286625309398,3991.084189814815
1830,func_metrics_01_CTSM_fortran,./models/01_CTSM/src/soilbiogeochem/SoilBiogeochemNitrogenStateType.F90,DynamicColumnAdjustments,SUBROUTINE,1315,4,False,6,37,1759.62854138345,19.4166666666667,34166.1208451954,1898.11782473308,0.586542847127818,CTSM,fortran,b1,2.0,0.0005812011223478006,3441.149583333334
1831,func_metrics_01_CTSM_fortran,./models/01_CTSM/src/soilbiogeochem/SoilBiogeochemNitrogenStateType.F90,InitAllocate,SUBROUTINE,123,0,False,3,83,2678.49667840495,18.0,48212.9402112891,2678.49667840495,0.892832226134983,CTSM,fortran,b1,15.0,0.003758377244529135,3991.084189814815
1832,func_metrics_01_CTSM_fortran,./models/01_CTSM/src/soilbiogeochem/SoilBiogeochemNitrogenStateType.F90,SetTotVgCThresh,SUBROUTINE,1412,0,False,2,8,158.324668461995,5.25,831.204509425476,46.1780283014153,0.0527748894873318,CTSM,fortran,b1,2.0,0.000688945544205222,2902.9870601851853
1833,func_metrics_01_CTSM_fortran,./models/01_CTSM/src/soilbiogeochem/SoilBiogeochemNitrogenStateType.F90,Init,SUBROUTINE,103,0,False,1,11,319.629900833594,3.91304347826087,1250.72569891406,69.4847610507814,0.106543300277865,CTSM,fortran,b1,3.0,0.000751675448905827,3991.084189814815
1834,func_metrics_01_CTSM_fortran,./models/01_CTSM/src/soilbiogeochem/SoilBiogeochemNitrogenUptakeMod.F90,SoilBiogeochemNitrogenUptake,SUBROUTINE,26,5,False,7,36,1159.34824589743,31.4,36403.5349211794,2022.41860673219,0.386449415299145,CTSM,fortran,b1,4.0,0.001002233931874436,3991.084189814815
1835,func_metrics_01_CTSM_fortran,./models/01_CTSM/src/soilbiogeochem/SoilBiogeochemNLeachingMod.F90,SoilBiogeochemNLeaching,SUBROUTINE,75,10,False,19,91,3986.64116227765,47.7857142857143,190504.495540268,10583.5830855704,1.32888038742588,CTSM,fortran,b2,16.0,0.004008935727497744,3991.084189814815
1836,func_metrics_01_CTSM_fortran,./models/01_CTSM/src/soilbiogeochem/SoilBiogeochemNLeachingMod.F90,readParams,SUBROUTINE,42,0,False,3,18,670.00607775222,7.92105263157895,5307.15340535311,294.841855852951,0.22333535925074,CTSM,fortran,b1,3.0,0.000751675448905827,3991.084189814815
1837,func_metrics_01_CTSM_fortran,./models/01_CTSM/src/soilbiogeochem/SoilBiogeochemNStateUpdate1Mod.F90,SoilBiogeochemNStateUpdate1,SUBROUTINE,31,21,False,32,124,5750.28556707493,53.5774647887324,308085.722495113,17115.8734719507,1.91676185569164,CTSM,fortran,b3,15.0,0.003758377244529135,3991.084189814815
1838,func_metrics_01_CTSM_fortran,./models/01_CTSM/src/soilbiogeochem/SoilBiogeochemPotentialMod.F90,SoilBiogeochemPotential,SUBROUTINE,70,24,False,40,164,7168.10873899936,72.2903225806452,518184.893035406,28788.0496130781,2.38936957966645,CTSM,fortran,b3,27.0,0.006765079040152443,3991.084189814815
1839,func_metrics_01_CTSM_fortran,./models/01_CTSM/src/soilbiogeochem/SoilBiogeochemPotentialMod.F90,readParams,SUBROUTINE,41,0,False,2,15,431.385393822301,6.2,2674.58944169827,148.58830231657,0.1437951312741,CTSM,fortran,b1,2.0,0.000501116965937218,3991.084189814815
1840,func_metrics_01_CTSM_fortran,./models/01_CTSM/src/soilbiogeochem/SoilBiogeochemPrecisionControlMod.F90,SoilBiogeochemPrecisionControl,SUBROUTINE,63,5,False,19,70,2222.2537230075,23.4545454545455,52121.9509578123,2895.66394210068,0.7407512410025,CTSM,fortran,b2,8.0,0.002004467863748872,3991.084189814815
1841,func_metrics_01_CTSM_fortran,./models/01_CTSM/src/soilbiogeochem/SoilBiogeochemPrecisionControlMod.F90,SoilBiogeochemPrecisionControlInit,SUBROUTINE,29,0,False,3,18,390.0,6.80769230769231,2655.0,147.5,0.13,CTSM,fortran,b1,3.0,0.001033418316307833,2902.9870601851853
1842,func_metrics_01_CTSM_fortran,./models/01_CTSM/src/soilbiogeochem/SoilBiogeochemStateType.F90,InitHistory,SUBROUTINE,110,0,False,5,49,2274.24561489347,17.8787878787879,40660.7549329438,2258.93082960799,0.758081871631155,CTSM,fortran,b1,4.0,0.001002233931874436,3991.084189814815
1843,func_metrics_01_CTSM_fortran,./models/01_CTSM/src/soilbiogeochem/SoilBiogeochemStateType.F90,initCold,SUBROUTINE,206,2,False,5,31,869.100612110547,8.26,7178.77105603311,398.820614224062,0.289700204036849,CTSM,fortran,b1,3.0,0.000751675448905827,3991.084189814815
1844,func_metrics_01_CTSM_fortran,./models/01_CTSM/src/soilbiogeochem/SoilBiogeochemStateType.F90,Init,SUBROUTINE,57,0,False,2,9,146.94555522617,4.16666666666667,612.27314677571,34.0151748208728,0.0489818517420568,CTSM,fortran,b1,2.0,0.000501116965937218,3991.084189814815
1845,func_metrics_01_CTSM_fortran,./models/01_CTSM/src/soilbiogeochem/SoilBiogeochemStateType.F90,InitAllocate,SUBROUTINE,71,0,False,1,37,970.617136100177,6.15384615384615,5973.02852984724,331.834918324847,0.323539045366726,CTSM,fortran,b1,9.0,0.002255026346717481,3991.084189814815
1846,func_metrics_01_CTSM_fortran,./models/01_CTSM/src/soilbiogeochem/SoilBiogeochemStateType.F90,Restart,SUBROUTINE,256,0,False,1,11,367.213038547228,3.85714285714286,1416.39314868217,78.6885082601203,0.122404346182409,CTSM,fortran,b1,2.0,0.000501116965937218,3991.084189814815
1847,func_metrics_01_CTSM_fortran,./models/01_CTSM/src/soilbiogeochem/SoilBiogeochemStateType.F90,get_spinup_latitude_term,FUNCTION,281,0,False,1,6,187.983462529567,6.17647058823529,1161.0743273885,64.5041292993614,0.0626611541765225,CTSM,fortran,b1,1.0,0.0002757096583917444,3627.003877314815
1848,func_metrics_01_CTSM_fortran,./models/01_CTSM/src/soilbiogeochem/SoilBiogeochemVerticalProfileMod.F90,SoilBiogeochemVerticalProfile,SUBROUTINE,26,18,False,29,181,7724.05106390501,56.603305785124,437206.824270127,24289.2680150071,2.57468368796834,CTSM,fortran,b3,23.0,0.005633436201469675,4082.76568287037
1849,func_metrics_01_CTSM_fortran,./models/01_CTSM/src/soilbiogeochem/TillageMod.F90,get_tillage_multipliers,SUBROUTINE,180,0,False,10,38,935.950181425297,13.3375,12483.2355447599,693.513085819994,0.311983393808432,CTSM,fortran,b1,22.0,0.02465750226040076,892.2233796296297
1850,func_metrics_01_CTSM_fortran,./models/01_CTSM/src/soilbiogeochem/TillageMod.F90,readParams_namelist,SUBROUTINE,40,0,False,8,45,1022.09446628214,17.9268292682927,18322.9129931066,1017.93961072815,0.340698155427379,CTSM,fortran,b1,19.0,0.02129511558852793,892.2233796296297
1851,func_metrics_01_CTSM_fortran,./models/01_CTSM/src/soilbiogeochem/TillageMod.F90,readParams_netcdf,SUBROUTINE,106,0,False,7,34,806.580277908553,10.34,8340.04007357443,463.335559643024,0.268860092636184,CTSM,fortran,b1,17.0,0.019647388500501756,865.2549421296297
1852,func_metrics_01_CTSM_fortran,./models/01_CTSM/src/soilbiogeochem/TillageMod.F90,get_apply_tillage_multipliers,SUBROUTINE,280,1,False,6,37,1174.36172354055,26.6170212765958,31258.0109818984,1736.55616566102,0.39145390784685,CTSM,fortran,b1,31.0,0.03474466227601925,892.2233796296297
1853,func_metrics_01_CTSM_fortran,./models/01_CTSM/src/soilbiogeochem/TillageMod.F90,get_fraction_tilled,FUNCTION,248,0,False,4,21,456.650213541992,18.9444444444444,8650.98460098996,480.610255610553,0.152216737847331,CTSM,fortran,b1,6.0,0.007601828315962897,789.2838078703703
1854,func_metrics_01_CTSM_fortran,./models/01_CTSM/src/soilbiogeochem/TillageMod.F90,readParams,SUBROUTINE,160,0,False,1,7,125.335914751734,3.0,376.007744255201,20.8893191252889,0.0417786382505778,CTSM,fortran,b1,4.0,0.004622914941294531,865.2549421296297
1855,func_metrics_01_CTSM_fortran,./models/01_CTSM/src/soilbiogeochem/TillageMod.F90,get_do_tillage,FUNCTION,174,0,False,1,4,36.0,2.7,97.2,5.4,0.012,CTSM,fortran,b1,4.0,0.004483182229163774,892.2233796296297
1856,func_metrics_01_CTSM_fortran,./models/01_CTSM/src/unit_test_shr/unittestDustEmisInputs.F90,setupSoilState,SUBROUTINE,124,4,False,7,28,836.276386366227,12.2093023255814,10210.35122889,567.241734938332,0.278758795455409,CTSM,fortran,b1,3.0,0.006021897962842101,498.1818055555556
1857,func_metrics_01_CTSM_fortran,./models/01_CTSM/src/unit_test_shr/unittestDustEmisInputs.F90,create_fv,SUBROUTINE,205,0,False,5,31,980.432016845109,12.0857142857143,11849.2212321566,658.290068453145,0.326810672281703,CTSM,fortran,b1,2.0,0.004014598641894734,498.1818055555556
1858,func_metrics_01_CTSM_fortran,./models/01_CTSM/src/unit_test_shr/unittestDustEmisInputs.F90,create_atm2lnd,SUBROUTINE,170,0,False,4,24,718.619575200481,8.70967741935484,6258.94468723,347.719149290556,0.23953985840016,CTSM,fortran,b1,1.0,0.002007299320947367,498.1818055555556
1859,func_metrics_01_CTSM_fortran,./models/01_CTSM/src/unit_test_shr/unittestDustEmisInputs.F90,print_values,SUBROUTINE,248,3,False,4,22,600.537478050103,4.35,2612.33802951795,145.129890528775,0.200179159350034,CTSM,fortran,b1,1.0,0.002007299320947367,498.1818055555556
1860,func_metrics_01_CTSM_fortran,./models/01_CTSM/src/unit_test_shr/unittestDustEmisInputs.F90,setUp,SUBROUTINE,48,0,False,1,37,1549.7806382326,4.08988764044944,6338.42867771537,352.134926539743,0.516593546077535,CTSM,fortran,b1,5.0,0.010036496604736834,498.1818055555556
1861,func_metrics_01_CTSM_fortran,./models/01_CTSM/src/unit_test_shr/unittestDustEmisInputs.F90,tearDown,SUBROUTINE,113,0,False,1,7,104.0,1.57142857142857,163.428571428571,9.07936507936508,0.0346666666666667,CTSM,fortran,b1,1.0,0.002007299320947367,498.1818055555556
1862,func_metrics_01_CTSM_fortran,./models/01_CTSM/src/unit_test_shr/unittestFilterBuilderMod.F90,filter_from_range,SUBROUTINE,42,1,False,2,14,301.850652335357,7.42105263157895,2240.04957785712,124.44719876984,0.100616884111786,CTSM,fortran,b1,2.0,0.0004962396834914377,4030.310486111111
1863,func_metrics_01_CTSM_fortran,./models/01_CTSM/src/unit_test_shr/unittestFilterBuilderMod.F90,filter_empty,SUBROUTINE,17,0,False,1,7,118.53642239626,2.57142857142857,304.807943304668,16.9337746280371,0.0395121407987533,CTSM,fortran,b1,1.0,0.00028678250597636987,3486.9630439814814
1864,func_metrics_01_CTSM_fortran,./models/01_CTSM/src/unit_test_shr/unittestGlcMec.F90,setup_elevation_classes,SUBROUTINE,32,0,False,1,6,97.672264890213,2.625,256.389695336809,14.2438719631561,0.032557421630071,CTSM,fortran,b1,2.0,0.0005735650119527397,3486.9630439814814
1865,func_metrics_01_CTSM_fortran,./models/01_CTSM/src/unit_test_shr/unittestGlcMec.F90,teardown_elevation_classes,SUBROUTINE,43,0,False,1,4,30.0,2.1,63.0,3.5,0.01,CTSM,fortran,b1,2.0,0.0005735650119527397,3486.9630439814814
1866,func_metrics_01_CTSM_fortran,./models/01_CTSM/src/unit_test_shr/unittestGlcMec.F90,setup_single_ice_column,SUBROUTINE,53,0,False,1,7,133.979770941508,1.94117647058824,260.078378886457,14.4487988270254,0.0446599236471694,CTSM,fortran,b1,2.0,0.0005735650119527397,3486.9630439814814
1867,func_metrics_01_CTSM_fortran,./models/01_CTSM/src/unit_test_shr/unittestInitializeAndFinalize.F90,unittest_finalize_esmf,SUBROUTINE,14,0,False,4,19,291.427262524748,7.77777777777778,2266.65648630359,125.9253603502,0.0971424208415826,CTSM,fortran,b1,2.0,0.009032492510035581,221.42282407407404
1868,func_metrics_01_CTSM_fortran,./models/01_CTSM/src/unit_test_shr/unittestSimpleSubgridSetupsMod.F90,create_landunit_ncols,SUBROUTINE,206,2,False,5,33,954.850902205794,13.1063829787234,12514.6416118887,695.25786732715,0.318283634068598,CTSM,fortran,b1,5.0,0.0013877455157926917,3602.966064814815
1869,func_metrics_01_CTSM_fortran,./models/01_CTSM/src/unit_test_shr/unittestSimpleSubgridSetupsMod.F90,create_vegetated_landunit_n_patches,SUBROUTINE,268,2,False,4,24,707.851162766107,8.5,6016.73488351191,334.263049083995,0.235950387588702,CTSM,fortran,b1,2.0,0.0006271300988249247,3189.1309375
1870,func_metrics_01_CTSM_fortran,./models/01_CTSM/src/unit_test_shr/unittestSimpleSubgridSetupsMod.F90,setup_ncells_single_veg_patch,SUBROUTINE,143,1,False,2,11,175.69269691115,4.375,768.655548986283,42.7030860547935,0.0585642323037168,CTSM,fortran,b1,2.0,0.0004962396834914377,4030.310486111111
1871,func_metrics_01_CTSM_fortran,./models/01_CTSM/src/unit_test_shr/unittestSimpleSubgridSetupsMod.F90,setup_single_veg_patch,SUBROUTINE,65,0,False,1,5,102.186571031259,2.76923076923077,282.978196701947,15.7210109278859,0.0340621903437528,CTSM,fortran,b1,2.0,0.0004962396834914377,4030.310486111111
1872,func_metrics_01_CTSM_fortran,./models/01_CTSM/src/unit_test_shr/unittestSimpleSubgridSetupsMod.F90,setup_n_veg_patches,SUBROUTINE,86,0,False,1,9,206.819347598208,2.90909090909091,601.65628392206,33.4253491067811,0.068939782532736,CTSM,fortran,b1,3.0,0.0008742954821091282,3431.334212962963
1873,func_metrics_01_CTSM_fortran,./models/01_CTSM/src/unit_test_shr/unittestSimpleSubgridSetupsMod.F90,setup_landunit_ncols,SUBROUTINE,114,0,False,1,11,288.441295323456,3.83333333333333,1105.69163207325,61.4273128929583,0.0961470984411521,CTSM,fortran,b1,2.0,0.0006284796239922794,3182.282962962963
1874,func_metrics_01_CTSM_fortran,./models/01_CTSM/src/unit_test_shr/unittestSimpleSubgridSetupsMod.F90,create_gridcell_single_veg_patch,SUBROUTINE,176,0,False,1,8,260.0,2.5,650.0,36.1111111111111,0.0866666666666667,CTSM,fortran,b1,2.0,0.0004962396834914377,4030.310486111111
1875,func_metrics_01_CTSM_fortran,./models/01_CTSM/src/unit_test_shr/unittestSubgridMod.F90,get_ltype_special,FUNCTION,430,1,False,4,21,364.179094203093,12.4090909090909,4519.13148715656,251.062860397587,0.121393031401031,CTSM,fortran,b1,2.0,0.0005623754682499897,3556.3428935185184
1876,func_metrics_01_CTSM_fortran,./models/01_CTSM/src/unit_test_shr/unittestSubgridMod.F90,unittest_subgrid_teardown,SUBROUTINE,280,0,False,2,11,146.94555522617,4.28571428571429,629.766665255016,34.987036958612,0.0489818517420568,CTSM,fortran,b1,6.0,0.0014385307206851601,4170.922395833333
1877,func_metrics_01_CTSM_fortran,./models/01_CTSM/src/unit_test_shr/unittestSubgridMod.F90,init_nlevsno,SUBROUTINE,471,0,False,2,10,120.927825041827,4.5,544.175212688222,30.2319562604568,0.0403092750139424,CTSM,fortran,b1,1.0,0.0002637861705337292,3790.949305555556
1878,func_metrics_01_CTSM_fortran,./models/01_CTSM/src/unit_test_shr/unittestSubgridMod.F90,reset_nlevsno,SUBROUTINE,485,0,False,2,6,60.9443625122597,2.75,167.596996908714,9.31094427270634,0.0203147875040866,CTSM,fortran,b1,1.0,0.0002637861705337292,3790.949305555556
1879,func_metrics_01_CTSM_fortran,./models/01_CTSM/src/unit_test_shr/unittestSubgridMod.F90,unittest_subgrid_setup_start,SUBROUTINE,112,0,False,1,11,211.523616570535,3.15217391304348,666.75922614625,37.0421792303472,0.0705078721901782,CTSM,fortran,b1,3.0,0.0007192653603425801,4170.922395833333
1880,func_metrics_01_CTSM_fortran,./models/01_CTSM/src/unit_test_shr/unittestSubgridMod.F90,unittest_subgrid_setup_end,SUBROUTINE,146,0,False,1,9,127.437825403308,2.93333333333333,373.817621183036,20.7676456212798,0.0424792751344359,CTSM,fortran,b1,2.0,0.00047951024022838677,4170.922395833333
1881,func_metrics_01_CTSM_fortran,./models/01_CTSM/src/unit_test_shr/unittestSubgridMod.F90,set_decomp_info,SUBROUTINE,171,0,False,1,26,698.066750994279,8.046875,5617.25588690709,312.069771494839,0.232688916998093,CTSM,fortran,b1,3.0,0.0007192653603425801,4170.922395833333
1882,func_metrics_01_CTSM_fortran,./models/01_CTSM/src/unit_test_shr/unittestSubgridMod.F90,create_bounds_object,SUBROUTINE,222,0,False,1,4,53.7744375108174,2.5,134.436093777043,7.46867187650241,0.0179248125036058,CTSM,fortran,b1,3.0,0.0007192653603425801,4170.922395833333
1883,func_metrics_01_CTSM_fortran,./models/01_CTSM/src/unit_test_shr/unittestSubgridMod.F90,initialize_arrays,SUBROUTINE,248,0,False,1,14,295.07284479252,3.26666666666667,963.904626322231,53.5502570179017,0.0983576149308399,CTSM,fortran,b1,4.0,0.0009590204804567735,4170.922395833333
1884,func_metrics_01_CTSM_fortran,./models/01_CTSM/src/unit_test_shr/unittestSubgridMod.F90,unittest_add_gridcell,SUBROUTINE,308,0,False,1,4,60.9443625122597,2.75,167.596996908714,9.31094427270634,0.0203147875040866,CTSM,fortran,b1,1.0,0.00023975512011419338,4170.922395833333
1885,func_metrics_01_CTSM_fortran,./models/01_CTSM/src/unit_test_shr/unittestSubgridMod.F90,unittest_add_landunit,SUBROUTINE,331,0,False,1,9,254.789810869053,3.5,891.764338041686,49.5424632245381,0.084929936956351,CTSM,fortran,b1,2.0,0.00047951024022838677,4170.922395833333
1886,func_metrics_01_CTSM_fortran,./models/01_CTSM/src/unit_test_shr/unittestSubgridMod.F90,unittest_add_column,SUBROUTINE,364,0,False,1,9,254.789810869053,3.5,891.764338041686,49.5424632245381,0.084929936956351,CTSM,fortran,b1,2.0,0.00047951024022838677,4170.922395833333
1887,func_metrics_01_CTSM_fortran,./models/01_CTSM/src/unit_test_shr/unittestSubgridMod.F90,unittest_add_patch,SUBROUTINE,397,0,False,1,9,254.789810869053,3.5,891.764338041686,49.5424632245381,0.084929936956351,CTSM,fortran,b1,3.0,0.0007192653603425801,4170.922395833333
1888,func_metrics_01_CTSM_fortran,./models/01_CTSM/src/unit_test_shr/unittestTimeManagerMod.F90,unittest_timemgr_setup,SUBROUTINE,45,0,False,7,43,1025.14667414733,11.6666666666667,11960.0445317188,664.446918428822,0.341715558049108,CTSM,fortran,b1,6.0,0.0015177237815793114,3953.2885185185187
1889,func_metrics_01_CTSM_fortran,./models/01_CTSM/src/unit_test_shr/unittestTimeManagerMod.F90,unittest_timemgr_set_nstep,SUBROUTINE,175,1,False,2,9,140.55415752892,3.59375,505.116503619558,28.0620279788643,0.0468513858429735,CTSM,fortran,b1,3.0,0.0008499318654349834,3529.694699074074
1890,func_metrics_01_CTSM_fortran,./models/01_CTSM/src/unit_test_shr/unittestTimeManagerMod.F90,unittest_timemgr_set_curr_date,SUBROUTINE,121,0,False,1,9,184.477331756708,4.35294117647059,803.018973529199,44.6121651960666,0.0614924439189027,CTSM,fortran,b1,3.0,0.0007588618907896557,3953.2885185185187
1891,func_metrics_01_CTSM_fortran,./models/01_CTSM/src/unit_test_shr/unittestTimeManagerMod.F90,unittest_timemgr_set_curr_year,SUBROUTINE,149,0,False,1,11,185.466040198338,3.68421052631579,683.295937572823,37.9608854207124,0.0618220133994459,CTSM,fortran,b1,1.0,0.00025295396359655193,3953.2885185185187
1892,func_metrics_01_CTSM_fortran,./models/01_CTSM/src/unit_test_shr/unittestTimeManagerMod.F90,unittest_timemgr_teardown,SUBROUTINE,201,0,False,1,7,106.19818783609,2.66666666666667,283.195167562906,15.7330648646059,0.0353993959453632,CTSM,fortran,b1,2.0,0.0005059079271931039,3953.2885185185187
1893,func_metrics_01_CTSM_fortran,./models/01_CTSM/src/unit_test_shr/unittestUtils.F90,endrun_msg,FUNCTION,13,0,False,1,6,117.206717868256,3.81818181818182,447.516559133339,24.8620310629633,0.0390689059560852,CTSM,fortran,b1,1.0,0.00036389788920776657,2748.0236342592593
1894,func_metrics_01_CTSM_fortran,./models/01_CTSM/src/unit_test_shr/unittestWaterTypeFactory.F90,create_water_type,SUBROUTINE,91,0,False,10,58,1639.04209398029,18.5625,30424.7188695092,1690.26215941718,0.546347364660098,CTSM,fortran,b1,6.0,0.0023057150113206647,2602.229664351852
1895,func_metrics_01_CTSM_fortran,./models/01_CTSM/src/unit_test_shr/unittestWaterTypeFactory.F90,setup_after_subgrid,SUBROUTINE,72,0,False,3,11,202.046601447823,4.0,808.186405791292,44.8992447661829,0.0673488671492743,CTSM,fortran,b1,2.0,0.0007685716704402216,2602.229664351852
1896,func_metrics_01_CTSM_fortran,./models/01_CTSM/src/unit_test_shr/unittestWaterTypeFactory.F90,init,SUBROUTINE,48,0,False,1,3,33.0,0.714285714285714,23.5714285714286,1.30952380952381,0.011,CTSM,fortran,b1,1.0,0.0003842858352201108,2602.229664351852
1897,func_metrics_01_CTSM_fortran,./models/01_CTSM/src/unit_test_shr/unittestWaterTypeFactory.F90,setup_before_subgrid,SUBROUTINE,56,0,False,1,10,169.917100537743,3.1875,541.610757964057,30.0894865535587,0.0566390335125811,CTSM,fortran,b1,2.0,0.0007685716704402216,2602.229664351852
1898,func_metrics_01_CTSM_fortran,./models/01_CTSM/src/unit_test_shr/unittestWaterTypeFactory.F90,teardown,SUBROUTINE,193,0,False,1,4,60.9443625122597,0.727272727272727,44.3231727361888,2.46239848534382,0.0203147875040866,CTSM,fortran,b1,1.0,0.0003842858352201108,2602.229664351852
1899,func_metrics_01_CTSM_fortran,./models/01_CTSM/src/unit_test_stubs/csm_share/shr_mpi_mod_stub.F90,shr_mpi_abort,SUBROUTINE,396,0,False,3,16,298.056005167571,9.71052631578947,2894.28068175879,160.793371208821,0.0993520017225238,CTSM,fortran,b1,1.0,0.0002479530613834665,4033.021388888889
1900,func_metrics_01_CTSM_fortran,./models/01_CTSM/src/unit_test_stubs/csm_share/shr_mpi_mod_stub.F90,shr_mpi_finalize,SUBROUTINE,466,0,False,2,6,112.370130467071,4.07142857142857,457.506959758791,25.4170533199328,0.0374567101556905,CTSM,fortran,b1,1.0,0.0002479530613834665,4033.021388888889
1901,func_metrics_01_CTSM_fortran,./models/01_CTSM/src/unit_test_stubs/csm_share/shr_mpi_mod_stub.F90,shr_mpi_chkerr,SUBROUTINE,50,0,False,1,6,125.097750043269,2.3,287.72482509952,15.9847125055289,0.0416992500144231,CTSM,fortran,b1,1.0,0.0002479530613834665,4033.021388888889
1902,func_metrics_01_CTSM_fortran,./models/01_CTSM/src/unit_test_stubs/csm_share/shr_mpi_mod_stub.F90,shr_mpi_bcasti0,SUBROUTINE,70,0,False,1,8,214.05271769459,3.07894736842105,659.057051849133,36.6142806582852,0.0713509058981968,CTSM,fortran,b1,1.0,0.0002479530613834665,4033.021388888889
1903,func_metrics_01_CTSM_fortran,./models/01_CTSM/src/unit_test_stubs/csm_share/shr_mpi_mod_stub.F90,shr_mpi_bcastl0,SUBROUTINE,92,0,False,1,8,203.560288022566,2.775,564.87979926262,31.3822110701455,0.0678534293408552,CTSM,fortran,b1,1.0,0.0002479530613834665,4033.021388888889
1904,func_metrics_01_CTSM_fortran,./models/01_CTSM/src/unit_test_stubs/csm_share/shr_mpi_mod_stub.F90,shr_mpi_bcastc0,SUBROUTINE,114,0,False,1,8,214.05271769459,3.0,642.158153083771,35.6754529490984,0.0713509058981968,CTSM,fortran,b1,1.0,0.0002479530613834665,4033.021388888889
1905,func_metrics_01_CTSM_fortran,./models/01_CTSM/src/unit_test_stubs/csm_share/shr_mpi_mod_stub.F90,shr_mpi_bcastc1,SUBROUTINE,136,0,False,1,8,214.05271769459,3.0,642.158153083771,35.6754529490984,0.0713509058981968,CTSM,fortran,b1,1.0,0.0002479530613834665,4033.021388888889
1906,func_metrics_01_CTSM_fortran,./models/01_CTSM/src/unit_test_stubs/csm_share/shr_mpi_mod_stub.F90,shr_mpi_bcastr0,SUBROUTINE,158,0,False,1,8,220.078200034616,2.78571428571429,613.074985810715,34.0597214339286,0.0733594000115385,CTSM,fortran,b1,1.0,0.0002479530613834665,4033.021388888889
1907,func_metrics_01_CTSM_fortran,./models/01_CTSM/src/unit_test_stubs/csm_share/shr_mpi_mod_stub.F90,shr_mpi_bcasti1,SUBROUTINE,180,0,False,1,8,214.05271769459,3.07894736842105,659.057051849133,36.6142806582852,0.0713509058981968,CTSM,fortran,b1,1.0,0.0002479530613834665,4033.021388888889
1908,func_metrics_01_CTSM_fortran,./models/01_CTSM/src/unit_test_stubs/csm_share/shr_mpi_mod_stub.F90,shr_mpi_bcastl1,SUBROUTINE,202,0,False,1,8,203.560288022566,2.775,564.87979926262,31.3822110701455,0.0678534293408552,CTSM,fortran,b1,1.0,0.0002479530613834665,4033.021388888889
1909,func_metrics_01_CTSM_fortran,./models/01_CTSM/src/unit_test_stubs/csm_share/shr_mpi_mod_stub.F90,shr_mpi_bcastr1,SUBROUTINE,224,0,False,1,8,220.078200034616,2.78571428571429,613.074985810715,34.0597214339286,0.0733594000115385,CTSM,fortran,b1,1.0,0.0002479530613834665,4033.021388888889
1910,func_metrics_01_CTSM_fortran,./models/01_CTSM/src/unit_test_stubs/csm_share/shr_mpi_mod_stub.F90,shr_mpi_bcastr2,SUBROUTINE,246,0,False,1,8,220.078200034616,2.78571428571429,613.074985810715,34.0597214339286,0.0733594000115385,CTSM,fortran,b1,1.0,0.0002479530613834665,4033.021388888889
1911,func_metrics_01_CTSM_fortran,./models/01_CTSM/src/unit_test_stubs/csm_share/shr_mpi_mod_stub.F90,shr_mpi_bcasti2,SUBROUTINE,270,0,False,1,8,200.674422838678,2.92105263157895,586.180550923508,32.5655861624171,0.0668914742795595,CTSM,fortran,b1,1.0,0.0002479530613834665,4033.021388888889
1912,func_metrics_01_CTSM_fortran,./models/01_CTSM/src/unit_test_stubs/csm_share/shr_mpi_mod_stub.F90,shr_mpi_bcastr3,SUBROUTINE,292,0,False,1,8,220.078200034616,2.78571428571429,613.074985810715,34.0597214339286,0.0733594000115385,CTSM,fortran,b1,1.0,0.0002479530613834665,4033.021388888889
1913,func_metrics_01_CTSM_fortran,./models/01_CTSM/src/unit_test_stubs/csm_share/shr_mpi_mod_stub.F90,shr_mpi_sum,SUBROUTINE,313,0,False,1,9,243.003012538221,3.14285714285714,763.723753691553,42.4290974273085,0.0810010041794071,CTSM,fortran,b1,1.0,0.0006249355444806626,1600.165023148148
1914,func_metrics_01_CTSM_fortran,./models/01_CTSM/src/unit_test_stubs/csm_share/shr_mpi_mod_stub.F90,shr_mpi_commsize,SUBROUTINE,331,0,False,1,8,155.589411415945,2.55882352941176,398.125846858448,22.1181026032471,0.0518631371386484,CTSM,fortran,b1,1.0,0.0002479530613834665,4033.021388888889
1915,func_metrics_01_CTSM_fortran,./models/01_CTSM/src/unit_test_stubs/csm_share/shr_mpi_mod_stub.F90,shr_mpi_commrank,SUBROUTINE,353,0,False,1,8,155.589411415945,2.55882352941176,398.125846858448,22.1181026032471,0.0518631371386484,CTSM,fortran,b1,1.0,0.0002479530613834665,4033.021388888889
1916,func_metrics_01_CTSM_fortran,./models/01_CTSM/src/unit_test_stubs/csm_share/shr_mpi_mod_stub.F90,shr_mpi_initialized,SUBROUTINE,375,0,False,1,7,131.685752916751,2.25,296.29294406269,16.4607191145939,0.0438952509722504,CTSM,fortran,b1,1.0,0.0002479530613834665,4033.021388888889
1917,func_metrics_01_CTSM_fortran,./models/01_CTSM/src/unit_test_stubs/csm_share/shr_mpi_mod_stub.F90,shr_mpi_barrier,SUBROUTINE,427,0,False,1,6,114.44895955501,2.35714285714286,269.772547522522,14.9873637512512,0.0381496531850032,CTSM,fortran,b1,1.0,0.0002479530613834665,4033.021388888889
1918,func_metrics_01_CTSM_fortran,./models/01_CTSM/src/unit_test_stubs/csm_share/shr_mpi_mod_stub.F90,shr_mpi_init,SUBROUTINE,447,0,False,1,5,89.8584836989959,2.125,190.949277860366,10.6082932144648,0.0299528278996653,CTSM,fortran,b1,1.0,0.0002479530613834665,4033.021388888889
1919,func_metrics_01_CTSM_fortran,./models/01_CTSM/src/unit_test_stubs/dyn_subgrid/dynFileMod_stub.F90,constructor,FUNCTION,31,0,False,1,5,83.7618082852673,1.58333333333333,132.62286311834,7.36793683990777,0.0279206027617558,CTSM,fortran,b1,3.0,0.0007192653603425801,4170.922395833333
1920,func_metrics_01_CTSM_fortran,./models/01_CTSM/src/unit_test_stubs/main/GetGlobalValuesMod_stub.F90,write_point_context,SUBROUTINE,13,0,False,1,4,64.5293250129808,2.5,161.323312532452,8.96240625180289,0.0215097750043269,CTSM,fortran,b1,3.0,0.0007147875665416346,4197.051180555555
1921,func_metrics_01_CTSM_fortran,./models/01_CTSM/src/unit_test_stubs/main/GetGlobalValuesMod_stub.F90,get_global_index,FUNCTION,21,0,False,1,5,87.5691632073249,3.6,315.24898754637,17.513832641465,0.0291897210691083,CTSM,fortran,b1,3.0,0.0011457376475347736,2618.400474537037
1922,func_metrics_01_CTSM_fortran,./models/01_CTSM/src/unit_test_stubs/main/histFileMod_stub.F90,hist_addfld1d,SUBROUTINE,22,0,False,1,23,951.266200265386,7.0,6658.8634018577,369.936855658761,0.317088733421795,CTSM,fortran,b1,3.0,0.0007147875665416346,4197.051180555555
1923,func_metrics_01_CTSM_fortran,./models/01_CTSM/src/unit_test_stubs/main/histFileMod_stub.F90,hist_addfld2d,SUBROUTINE,54,0,False,1,24,991.858300040838,6.77142857142857,6716.2976317051,373.127646205839,0.330619433346946,CTSM,fortran,b1,2.0,0.0004765250443610897,4197.051180555555
1924,func_metrics_01_CTSM_fortran,./models/01_CTSM/src/unit_test_stubs/main/histFileMod_stub.F90,hist_addfld_decomp,SUBROUTINE,87,0,False,1,15,468.850802906606,4.54545454545455,2131.14001321184,118.396667400658,0.156283600968869,CTSM,fortran,b1,2.0,0.0004898640175191022,4082.76568287037
1925,func_metrics_01_CTSM_fortran,./models/01_CTSM/src/unit_test_stubs/main/ncdio_dim.F90,constructor,FUNCTION,32,0,False,1,6,106.605937817613,3.13636363636364,334.354986791604,18.575277043978,0.035535312605871,CTSM,fortran,b1,1.0,0.0003598051714963875,2779.2818981481487
1926,func_metrics_01_CTSM_fortran,./models/01_CTSM/src/unit_test_stubs/main/ncdio_dim.F90,get_dimname,FUNCTION,43,0,False,1,4,70.3083546446808,1.45454545454545,102.26669766499,5.68148320361057,0.0234361182148936,CTSM,fortran,b1,1.0,0.0003598051714963875,2779.2818981481487
1927,func_metrics_01_CTSM_fortran,./models/01_CTSM/src/unit_test_stubs/main/ncdio_dim.F90,get_dimlen,FUNCTION,51,0,False,1,4,55.3509058981968,1.55555555555556,86.1014091749727,4.78341162083182,0.0184503019660656,CTSM,fortran,b1,1.0,0.0003598051714963875,2779.2818981481487
1928,func_metrics_01_CTSM_fortran,./models/01_CTSM/src/unit_test_stubs/share_esmf/ExcessIceStreamType.F90,UseExcessIceStreams,FUNCTION,62,0,False,2,7,100.078200034615,4.45454545454545,445.802891063287,24.7668272812937,0.0333594000115385,CTSM,fortran,b1,1.0,0.0009465665276700185,1056.4497800925926
1929,func_metrics_01_CTSM_fortran,./models/01_CTSM/src/unit_test_stubs/share_esmf/ExcessIceStreamType.F90,Init,SUBROUTINE,37,0,False,1,7,121.013986656846,2.11764705882353,256.26491292038,14.2369396066878,0.0403379955522821,CTSM,fortran,b1,1.0,0.0009465665276700185,1056.4497800925926
1930,func_metrics_01_CTSM_fortran,./models/01_CTSM/src/unit_test_stubs/share_esmf/ExcessIceStreamType.F90,CalcExcessIce,SUBROUTINE,49,0,False,1,7,171.175950077885,2.69565217391304,461.430821949081,25.6350456638378,0.0570586500259616,CTSM,fortran,b1,1.0,0.0009465665276700185,1056.4497800925926
1931,func_metrics_01_CTSM_fortran,./models/01_CTSM/src/unit_test_stubs/share_esmf/FireDataBaseType.F90,BaseFireInit,SUBROUTINE,87,0,False,2,7,129.323516940482,3.23529411764706,418.39961363097,23.2444229794983,0.0431078389801605,CTSM,fortran,b1,2.0,0.00539293979915606,370.8552430555556
1932,func_metrics_01_CTSM_fortran,./models/01_CTSM/src/unit_test_stubs/share_esmf/FireDataBaseType.F90,FireInterp,SUBROUTINE,106,0,False,2,6,79.9544533632097,2.18181818181818,174.446080065185,9.69144889251027,0.0266514844544032,CTSM,fortran,b1,1.0,0.00269646989957803,370.8552430555556
1933,func_metrics_01_CTSM_fortran,./models/01_CTSM/src/unit_test_stubs/share_esmf/FireDataBaseType.F90,BaseFireReadNML,SUBROUTINE,73,0,False,1,5,92.0,2.30769230769231,212.307692307692,11.7948717948718,0.0306666666666667,CTSM,fortran,b1,2.0,0.00539293979915606,370.8552430555556
1934,func_metrics_01_CTSM_fortran,./models/01_CTSM/src/unit_test_stubs/share_esmf/laiStreamMod.F90,lai_init,SUBROUTINE,28,0,False,1,3,33.0,0.714285714285714,23.5714285714286,1.30952380952381,0.011,CTSM,fortran,b1,1.0,0.004242631790923891,235.70275462962965
1935,func_metrics_01_CTSM_fortran,./models/01_CTSM/src/unit_test_stubs/share_esmf/laiStreamMod.F90,lai_advance,SUBROUTINE,43,0,False,1,3,33.0,0.714285714285714,23.5714285714286,1.30952380952381,0.011,CTSM,fortran,b1,1.0,0.004242631790923891,235.70275462962965
1936,func_metrics_01_CTSM_fortran,./models/01_CTSM/src/unit_test_stubs/share_esmf/laiStreamMod.F90,lai_interp,SUBROUTINE,58,0,False,1,5,79.9544533632097,0.769230769230769,61.5034256640075,3.41685698133375,0.0266514844544032,CTSM,fortran,b1,1.0,0.004242631790923891,235.70275462962965
1937,func_metrics_01_CTSM_fortran,./models/01_CTSM/src/unit_test_stubs/share_esmf/PrigentRoughnessStreamType.F90,UseStreams,FUNCTION,65,0,False,2,10,118.94197037642,5.25,624.445344476207,34.691408026456,0.0396473234588068,CTSM,fortran,b1,1.0,0.002077365116250217,481.3790277777778
1938,func_metrics_01_CTSM_fortran,./models/01_CTSM/src/unit_test_stubs/share_esmf/PrigentRoughnessStreamType.F90,IsStreamInit,FUNCTION,86,0,False,2,10,136.161840106142,4.0,544.647360424566,30.2581866902537,0.0453872800353805,CTSM,fortran,b1,1.0,0.002077365116250217,481.3790277777778
1939,func_metrics_01_CTSM_fortran,./models/01_CTSM/src/unit_test_stubs/share_esmf/PrigentRoughnessStreamType.F90,Init,SUBROUTINE,44,0,False,1,9,181.110391401214,2.31818181818182,419.846816430088,23.3248231350049,0.0603701304670714,CTSM,fortran,b1,2.0,0.004154730232500434,481.3790277777778
1940,func_metrics_01_CTSM_fortran,./models/01_CTSM/src/unit_test_stubs/share_esmf/PrigentRoughnessStreamType.F90,Clean,SUBROUTINE,107,0,False,1,7,82.0447025077789,2.25,184.600580642503,10.2555878134724,0.0273482341692596,CTSM,fortran,b1,1.0,0.002077365116250217,481.3790277777778
1941,func_metrics_01_CTSM_fortran,./models/01_CTSM/src/unit_test_stubs/share_esmf/ZenderSoilErodStreamType.F90,Init,SUBROUTINE,34,0,False,1,6,104.248125036058,2.2,229.345875079327,12.7414375044071,0.0347493750120193,CTSM,fortran,b1,1.0,0.001889082313329096,529.3575578703703
1942,func_metrics_01_CTSM_fortran,./models/01_CTSM/src/unit_test_stubs/share_esmf/ZenderSoilErodStreamType.F90,UseStreams,FUNCTION,52,0,False,1,5,51.8914742795595,1.44444444444444,74.9543517371414,4.16413065206341,0.0172971580931865,CTSM,fortran,b1,1.0,0.001889082313329096,529.3575578703703
1943,func_metrics_01_CTSM_fortran,./models/01_CTSM/src/unit_test_stubs/share_esmf/ZenderSoilErodStreamType.F90,CalcDustSource,SUBROUTINE,69,0,False,1,6,116.692058561959,1.38888888888889,162.072303558276,9.00401686434867,0.0388973528539863,CTSM,fortran,b1,1.0,0.001889082313329096,529.3575578703703
1944,func_metrics_01_CTSM_fortran,./models/01_CTSM/src/unit_test_stubs/utils/clmfates_paraminterfaceMod_stub.F90,FatesReadPFTs,SUBROUTINE,8,0,False,1,3,16.2534966642115,0.75,12.1901224981587,0.677229027675481,0.0054178322214038,CTSM,fortran,b1,1.0,0.00032361494675560285,3090.0921296296297
1945,func_metrics_01_CTSM_fortran,./models/01_CTSM/src/unit_test_stubs/utils/perfMod_stub.F90,t_startf,SUBROUTINE,38,0,False,1,5,68.5323885970369,2.8,191.890688071703,10.6605937817613,0.0228441295323456,CTSM,fortran,b1,1.0,0.0007551811391552618,1324.185613425926
1946,func_metrics_01_CTSM_fortran,./models/01_CTSM/src/unit_test_stubs/utils/perfMod_stub.F90,t_stopf,SUBROUTINE,61,0,False,1,5,68.5323885970369,2.8,191.890688071703,10.6605937817613,0.0228441295323456,CTSM,fortran,b1,1.0,0.0007551811391552618,1324.185613425926
1947,func_metrics_01_CTSM_fortran,./models/01_CTSM/src/utils/AnnualFluxDribbler.F90,set_curr_delta,SUBROUTINE,216,3,False,7,38,1122.0,17.08,19163.76,1064.65333333333,0.374,CTSM,fortran,b1,7.0,0.00209319767446569,3344.1657638888887
1948,func_metrics_01_CTSM_fortran,./models/01_CTSM/src/utils/AnnualFluxDribbler.F90,set_metadata,SUBROUTINE,525,0,False,4,24,645.495084153561,13.5714285714286,8760.29042779833,486.682801544352,0.215165028051187,CTSM,fortran,b1,1.0,0.00030940796604900765,3231.9788425925926
1949,func_metrics_01_CTSM_fortran,./models/01_CTSM/src/utils/AnnualFluxDribbler.F90,get_amount_left_to_dribble,SUBROUTINE,573,1,False,3,19,569.666175073558,12.5,7120.82718841948,395.601510467749,0.189888725024519,CTSM,fortran,b1,3.0,0.0008970847176281529,3344.1657638888887
1950,func_metrics_01_CTSM_fortran,./models/01_CTSM/src/utils/AnnualFluxDribbler.F90,get_curr_flux,SUBROUTINE,285,1,False,2,22,647.855650083654,8.8,5701.12972073616,316.729428929787,0.215951883361218,CTSM,fortran,b1,5.0,0.0014951411960469215,3344.1657638888887
1951,func_metrics_01_CTSM_fortran,./models/01_CTSM/src/utils/AnnualFluxDribbler.F90,get_dribbled_delta,SUBROUTINE,331,1,False,2,19,545.94316186373,7.47297297297297,4079.81849338706,226.656582965948,0.181981053954577,CTSM,fortran,b1,2.0,0.0006188159320980153,3231.9788425925926
1952,func_metrics_01_CTSM_fortran,./models/01_CTSM/src/utils/AnnualFluxDribbler.F90,annual_flux_dribbler_gridcell,FUNCTION,139,0,False,1,12,298.056005167571,4.16666666666667,1241.90002153155,68.9944456406415,0.0993520017225238,CTSM,fortran,b1,4.0,0.0011961129568375372,3344.1657638888887
1953,func_metrics_01_CTSM_fortran,./models/01_CTSM/src/utils/AnnualFluxDribbler.F90,annual_flux_dribbler_patch,FUNCTION,176,0,False,1,12,298.056005167571,4.16666666666667,1241.90002153155,68.9944456406415,0.0993520017225238,CTSM,fortran,b1,4.0,0.0011961129568375372,3344.1657638888887
1954,func_metrics_01_CTSM_fortran,./models/01_CTSM/src/utils/AnnualFluxDribbler.F90,get_amount_left_to_dribble_beg,SUBROUTINE,373,0,False,1,9,240.36774610288,3.5,841.287111360081,46.7381728533378,0.0801225820342934,CTSM,fortran,b1,2.0,0.0005980564784187686,3344.1657638888887
1955,func_metrics_01_CTSM_fortran,./models/01_CTSM/src/utils/AnnualFluxDribbler.F90,get_amount_left_to_dribble_end,SUBROUTINE,410,0,False,1,9,240.36774610288,3.5,841.287111360081,46.7381728533378,0.0801225820342934,CTSM,fortran,b1,2.0,0.0005980564784187686,3344.1657638888887
1956,func_metrics_01_CTSM_fortran,./models/01_CTSM/src/utils/AnnualFluxDribbler.F90,Restart,SUBROUTINE,440,0,False,1,13,520.921416451402,4.93421052631579,2570.33593643784,142.796440913213,0.173640472150467,CTSM,fortran,b1,2.0,0.0005980564784187686,3344.1657638888887
1957,func_metrics_01_CTSM_fortran,./models/01_CTSM/src/utils/AnnualFluxDribbler.F90,Clean,SUBROUTINE,471,0,False,1,6,98.0991081900081,2.14285714285714,210.212374692875,11.6784652607153,0.0326997027300027,CTSM,fortran,b1,2.0,0.0005980564784187686,3344.1657638888887
1958,func_metrics_01_CTSM_fortran,./models/01_CTSM/src/utils/AnnualFluxDribbler.F90,allocate_and_initialize_data,SUBROUTINE,496,0,False,1,12,306.052802693037,3.17307692307692,971.129085468291,53.9516158593495,0.102017600897679,CTSM,fortran,b1,1.0,0.00030940796604900765,3231.9788425925926
1959,func_metrics_01_CTSM_fortran,./models/01_CTSM/src/utils/clmfates_interfaceMod.F90,CLMFatesGlobals2,SUBROUTINE,393,0,False,40,211,4864.51923537043,22.7688172043011,110759.349256956,6153.29718094199,1.62150641179014,CTSM,fortran,b3,76.0,0.03799665638219359,2000.1759953703702
1960,func_metrics_01_CTSM_fortran,./models/01_CTSM/src/utils/clmfates_interfaceMod.F90,dynamics_driv,SUBROUTINE,1102,7,False,28,156,7730.48120947713,41.8518518518519,323534.954322561,17974.1641290312,2.57682706982571,CTSM,fortran,b3,128.0,0.0382238908553074,3348.6910185185184
1961,func_metrics_01_CTSM_fortran,./models/01_CTSM/src/utils/clmfates_interfaceMod.F90,restart,SUBROUTINE,1773,10,False,25,139,7019.78798858578,42.4877300613497,298254.857146938,16569.714285941,2.33992932952859,CTSM,fortran,b3,59.0,0.01761882469111825,3348.6910185185184
1962,func_metrics_01_CTSM_fortran,./models/01_CTSM/src/utils/clmfates_interfaceMod.F90,init,SUBROUTINE,793,5,False,18,132,4769.13630384588,29.5882352941177,141110.32710791,7839.46261710614,1.58971210128196,CTSM,fortran,b2,68.0,0.020306442016882052,3348.6910185185184
1963,func_metrics_01_CTSM_fortran,./models/01_CTSM/src/utils/clmfates_interfaceMod.F90,wrap_update_hlmfates_dyn,SUBROUTINE,1541,5,False,16,100,5097.63966561274,36.288,184983.148185755,10276.8415658753,1.69921322187091,CTSM,fortran,b2,52.0,0.015528455659968628,3348.6910185185184
1964,func_metrics_01_CTSM_fortran,./models/01_CTSM/src/utils/clmfates_interfaceMod.F90,init_coldstart,SUBROUTINE,2131,8,False,15,88,4081.70875524745,29.625,120920.621874206,6717.81232634476,1.36056958508248,CTSM,fortran,b2,63.0,0.018813321280346608,3348.6910185185184
1965,func_metrics_01_CTSM_fortran,./models/01_CTSM/src/utils/clmfates_interfaceMod.F90,wrap_btran,SUBROUTINE,2445,7,False,10,68,3022.82801316931,24.876404494382,75197.092372549,4177.61624291939,1.0076093377231,CTSM,fortran,b1,12.0,0.0035834897676850683,3348.6910185185184
1966,func_metrics_01_CTSM_fortran,./models/01_CTSM/src/utils/clmfates_interfaceMod.F90,WrapGlobalSeedDispersal,SUBROUTINE,2941,2,False,9,42,1273.36371113177,12.9850746268657,16534.7228161887,918.595712010484,0.424454570377258,CTSM,fortran,b1,15.0,0.018184398897015185,824.8829166666666
1967,func_metrics_01_CTSM_fortran,./models/01_CTSM/src/utils/clmfates_interfaceMod.F90,GetLandusePFTData,SUBROUTINE,3883,1,False,9,60,2117.06481753782,20.4,43188.1222777716,2399.34012654286,0.705688272512607,CTSM,fortran,b1,2.0,0.0035765806245823314,559.1933217592592
1968,func_metrics_01_CTSM_fortran,./models/01_CTSM/src/utils/clmfates_interfaceMod.F90,CLMFatesGlobals1,SUBROUTINE,303,0,False,7,52,803.087183695911,8.75,7027.01285733922,390.389603185512,0.267695727898637,CTSM,fortran,b1,6.0,0.0029997360301731784,2000.1759953703702
1969,func_metrics_01_CTSM_fortran,./models/01_CTSM/src/utils/clmfates_interfaceMod.F90,CrossRefHistoryFields,SUBROUTINE,697,3,False,7,53,1332.70380031154,19.0789473684211,25426.5856638386,1412.58809243548,0.444234600103847,CTSM,fortran,b1,5.0,0.006892699778919846,725.405162037037
1970,func_metrics_01_CTSM_fortran,./models/01_CTSM/src/utils/clmfates_interfaceMod.F90,wrap_photosynthesis,SUBROUTINE,2616,4,False,7,75,3537.81176977334,25.3076923076923,89533.851711956,4974.10287288644,1.17927058992445,CTSM,fortran,b1,17.0,0.005076610504220513,3348.6910185185184
1971,func_metrics_01_CTSM_fortran,./models/01_CTSM/src/utils/clmfates_interfaceMod.F90,wrap_canopy_radiation,SUBROUTINE,2839,4,False,6,42,2020.88749973698,17.7397260273973,35849.9905775258,1991.66614319588,0.673629166578992,CTSM,fortran,b1,16.0,0.004777986356913425,3348.6910185185184
1972,func_metrics_01_CTSM_fortran,./models/01_CTSM/src/utils/clmfates_interfaceMod.F90,init_history_io,SUBROUTINE,3342,2,False,6,61,2456.19644923248,11.7321428571429,28816.4476276025,1600.91375708903,0.81873214974416,CTSM,fortran,b1,18.0,0.005375234651527602,3348.6910185185184
1973,func_metrics_01_CTSM_fortran,./models/01_CTSM/src/utils/clmfates_interfaceMod.F90,ComputeRootSoilFlux,SUBROUTINE,3539,2,False,6,35,919.264287322248,15.84375,14564.5935522619,809.14408623677,0.306421429107416,CTSM,fortran,b1,12.0,0.0035834897676850683,3348.6910185185184
1974,func_metrics_01_CTSM_fortran,./models/01_CTSM/src/utils/clmfates_interfaceMod.F90,wrap_hydraulics_drive,SUBROUTINE,3601,4,False,6,56,2394.14723787292,17.2951807228916,41407.2091562239,2300.4005086791,0.798049079290975,CTSM,fortran,b1,17.0,0.005076610504220513,3348.6910185185184
1975,func_metrics_01_CTSM_fortran,./models/01_CTSM/src/utils/clmfates_interfaceMod.F90,wrap_sunfrac,SUBROUTINE,2315,4,False,5,34,1239.52410355064,9.43636363636364,11696.6001771415,649.811120952307,0.413174701183548,CTSM,fortran,b1,17.0,0.005076610504220513,3348.6910185185184
1976,func_metrics_01_CTSM_fortran,./models/01_CTSM/src/utils/clmfates_interfaceMod.F90,check_hlm_active,SUBROUTINE,1061,1,False,4,19,562.321456719642,14.258064516129,8017.61560871231,445.423089372906,0.187440485573214,CTSM,fortran,b1,8.0,0.0023889931784567124,3348.6910185185184
1977,func_metrics_01_CTSM_fortran,./models/01_CTSM/src/utils/clmfates_interfaceMod.F90,UpdateNLitterFluxes,SUBROUTINE,1390,0,False,4,27,600.773953320327,9.87179487179487,5930.71723149554,329.484290638641,0.200257984440109,CTSM,fortran,b1,1.0,0.0010297140311324741,971.1434143518518
1978,func_metrics_01_CTSM_fortran,./models/01_CTSM/src/utils/clmfates_interfaceMod.F90,UpdateCLitterFluxes,SUBROUTINE,1463,0,False,4,32,1542.1368443902,25.56,39417.0177426135,2189.83431903408,0.514045614796734,CTSM,fortran,b1,6.0,0.0017917448838425342,3348.6910185185184
1979,func_metrics_01_CTSM_fortran,./models/01_CTSM/src/utils/clmfates_interfaceMod.F90,wrap_update_hifrq_hist,SUBROUTINE,3073,2,False,4,29,1005.93196144087,12.51,12584.2088376253,699.122713201408,0.335310653813625,CTSM,fortran,b1,22.0,0.006569731240755958,3348.6910185185184
1980,func_metrics_01_CTSM_fortran,./models/01_CTSM/src/utils/clmfates_interfaceMod.F90,init_soil_depths,SUBROUTINE,3490,2,False,4,32,1105.88530531937,20.7926829268293,22994.3225069455,1277.46236149697,0.368628435106457,CTSM,fortran,b1,9.0,0.002687617325763801,3348.6910185185184
1981,func_metrics_01_CTSM_fortran,./models/01_CTSM/src/utils/clmfates_interfaceMod.F90,prep_canopyfluxes,SUBROUTINE,2406,1,False,3,17,425.754247590989,5.82352941176471,2479.39238302988,137.744021279438,0.14191808253033,CTSM,fortran,b1,5.0,0.0014931207365354452,3348.6910185185184
1982,func_metrics_01_CTSM_fortran,./models/01_CTSM/src/utils/clmfates_interfaceMod.F90,wrap_accumulatefluxes,SUBROUTINE,2745,1,False,3,23,707.851162766107,11.0227272727273,7802.45031685368,433.469462047426,0.235950387588702,CTSM,fortran,b1,9.0,0.002687617325763801,3348.6910185185184
1983,func_metrics_01_CTSM_fortran,./models/01_CTSM/src/utils/clmfates_interfaceMod.F90,wrap_WoodProducts,SUBROUTINE,2785,1,False,3,21,595.078046431465,10.0,5950.78046431465,330.598914684147,0.198359348810488,CTSM,fortran,b1,4.0,0.003199054738566508,1250.369351851852
1984,func_metrics_01_CTSM_fortran,./models/01_CTSM/src/utils/clmfates_interfaceMod.F90,WrapUpdateFatesSeedInOut,SUBROUTINE,3033,1,False,3,21,482.179680415628,7.41176470588235,3573.80233719818,198.544574288788,0.160726560138543,CTSM,fortran,b1,12.0,0.014547519117612148,824.8829166666666
1985,func_metrics_01_CTSM_fortran,./models/01_CTSM/src/utils/clmfates_interfaceMod.F90,TransferZ0mDisp,SUBROUTINE,3132,2,False,3,27,872.167276875587,9.72222222222222,8479.40408073487,471.078004485271,0.290722425625196,CTSM,fortran,b1,6.0,0.0017917448838425342,3348.6910185185184
1986,func_metrics_01_CTSM_fortran,./models/01_CTSM/src/utils/clmfates_interfaceMod.F90,WrapUpdateFatesRmean,SUBROUTINE,3320,2,False,3,13,448.01298944409,5.625,2520.07306562301,140.004059201278,0.14933766314803,CTSM,fortran,b1,3.0,0.0017737831038687351,1691.3003587962965
1987,func_metrics_01_CTSM_fortran,./models/01_CTSM/src/utils/clmfates_interfaceMod.F90,CLMFatesTimesteps,SUBROUTINE,781,0,False,1,5,34.8691750158654,2.8,97.6336900444232,5.42409389135685,0.0116230583386218,CTSM,fortran,b1,3.0,0.0008958724419212671,3348.6910185185184
1988,func_metrics_01_CTSM_fortran,./models/01_CTSM/src/utils/clmfates_interfaceMod.F90,InterpFileInputs,SUBROUTINE,3174,0,False,1,8,149.277544549881,2.73684210526316,408.549069294412,22.6971705163562,0.0497591815166272,CTSM,fortran,b1,4.0,0.0019998302690351524,2000.1697453703703
1989,func_metrics_01_CTSM_fortran,./models/01_CTSM/src/utils/clmfates_interfaceMod.F90,Init2,SUBROUTINE,3213,0,False,1,10,218.261240919412,3.52380952380952,769.111039430309,42.7283910794616,0.0727537469731373,CTSM,fortran,b1,7.0,0.003499702970811517,2000.1697453703703
1990,func_metrics_01_CTSM_fortran,./models/01_CTSM/src/utils/clmfates_interfaceMod.F90,InitAccBuffer,SUBROUTINE,3242,0,False,1,8,147.161243415031,2.88888888888889,425.132480976756,23.6184711653753,0.0490537478050103,CTSM,fortran,b1,3.0,0.0015005791731941911,1999.2280671296294
1991,func_metrics_01_CTSM_fortran,./models/01_CTSM/src/utils/clmfates_interfaceMod.F90,InitAccVars,SUBROUTINE,3268,0,False,1,8,147.161243415031,2.88888888888889,425.132480976756,23.6184711653753,0.0490537478050103,CTSM,fortran,b1,2.0,0.0010109707586361432,1978.296585648148
1992,func_metrics_01_CTSM_fortran,./models/01_CTSM/src/utils/clmfates_interfaceMod.F90,UpdateAccVars,SUBROUTINE,3294,0,False,1,8,147.161243415031,2.88888888888889,425.132480976756,23.6184711653753,0.0490537478050103,CTSM,fortran,b1,3.0,0.0015005791731941911,1999.2280671296294
1993,func_metrics_01_CTSM_fortran,./models/01_CTSM/src/utils/clmfates_interfaceMod.F90,hlm_bounds_to_fates_bounds,SUBROUTINE,3712,0,False,1,73,2241.93491490242,6.57216494845361,14734.366064436,818.575892468668,0.747311638300808,CTSM,fortran,b1,26.0,0.007764227829984314,3348.6910185185184
1994,func_metrics_01_CTSM_fortran,./models/01_CTSM/src/utils/clmfates_interfaceMod.F90,GetAndSetTime,SUBROUTINE,3823,0,False,1,29,705.414418111273,8.43243243243243,5948.35941758695,330.464412088164,0.235138139370424,CTSM,fortran,b1,4.0,0.002069966571117984,1932.3983564814814
1995,func_metrics_01_CTSM_fortran,./models/01_CTSM/src/utils/clmfates_paraminterfaceMod.F90,ParametersFromNetCDF,SUBROUTINE,147,1,False,8,58,1540.54849888968,14.3150684931507,22053.0572786263,1225.16984881257,0.51351616629656,CTSM,fortran,b1,7.0,0.00226530462728922,3090.0921296296297
1996,func_metrics_01_CTSM_fortran,./models/01_CTSM/src/utils/clmfates_paraminterfaceMod.F90,FatesReadPFTs,SUBROUTINE,45,0,False,3,30,633.037625237982,7.30434782608696,4623.9270017383,256.884833429906,0.211012541745994,CTSM,fortran,b1,1.0,0.00032361494675560285,3090.0921296296297
1997,func_metrics_01_CTSM_fortran,./models/01_CTSM/src/utils/clmfates_paraminterfaceMod.F90,GetUsedDimensionSizes,SUBROUTINE,117,1,False,2,19,405.213358338652,4.38709677419355,1777.71021722764,98.7616787348687,0.135071119446217,CTSM,fortran,b1,1.0,0.00032361494675560285,3090.0921296296297
1998,func_metrics_01_CTSM_fortran,./models/01_CTSM/src/utils/clmfates_paraminterfaceMod.F90,SetParameterDimensions,SUBROUTINE,91,0,False,1,14,330.685084681272,2.90322580645161,960.053471655306,53.3363039808503,0.110228361560424,CTSM,fortran,b1,1.0,0.00032361494675560285,3090.0921296296297
1999,func_metrics_01_CTSM_fortran,./models/01_CTSM/src/utils/clmfates_paraminterfaceMod.F90,Read,SUBROUTINE,216,0,False,1,7,133.782948559119,2.77777777777778,371.619301553108,20.6455167529505,0.044594316186373,CTSM,fortran,b1,2.0,0.0026795443583682165,746.3955555555557
2000,func_metrics_01_CTSM_fortran,./models/01_CTSM/src/utils/clm_nlUtilsMod.F90,find_nlgroup_name,SUBROUTINE,41,1,False,5,31,741.141699423207,17.8,13192.3222497331,732.906791651838,0.247047233141069,CTSM,fortran,b1,1.0,0.00021298523499825743,4695.161145833333
2001,func_metrics_01_CTSM_fortran,./models/01_CTSM/src/utils/clm_time_manager.F90,timemgr_restart_io,SUBROUTINE,396,0,False,14,71,3624.41332165198,33.9084507042254,122898.240448974,6827.680024943,1.20813777388399,CTSM,fortran,b2,22.0,0.003030284817598711,7260.043634259259
2002,func_metrics_01_CTSM_fortran,./models/01_CTSM/src/utils/clm_time_manager.F90,set_timemgr_init,SUBROUTINE,141,0,False,11,25,727.962852075133,15.3125,11146.9311724005,619.273954022248,0.242654284025044,CTSM,fortran,b2,22.0,0.003030284817598711,7260.043634259259
2003,func_metrics_01_CTSM_fortran,./models/01_CTSM/src/utils/clm_time_manager.F90,get_curr_calday,FUNCTION,1089,0,False,11,49,1536.31132535914,26.5283018867925,40755.7306312254,2264.2072572903,0.512103775119712,CTSM,fortran,b2,10.0,0.0013774021898175957,7260.043634259259
2004,func_metrics_01_CTSM_fortran,./models/01_CTSM/src/utils/clm_time_manager.F90,timemgr_init,SUBROUTINE,179,0,False,8,45,1017.78016040181,11.7735849056604,11982.9211337873,665.717840765963,0.33926005346727,CTSM,fortran,b1,28.0,0.0038567261314892682,7260.043634259259
2005,func_metrics_01_CTSM_fortran,./models/01_CTSM/src/utils/clm_time_manager.F90,get_driver_start_ymd,FUNCTION,961,0,False,6,18,391.734638776276,12.0714285714286,4728.79671094219,262.710928385677,0.130578212925425,CTSM,fortran,b1,8.0,0.0011019217518540767,7260.043634259259
2006,func_metrics_01_CTSM_fortran,./models/01_CTSM/src/utils/clm_time_manager.F90,get_curr_date,SUBROUTINE,808,0,False,5,24,769.215248643784,17.8,13692.0314258593,760.668412547741,0.256405082881261,CTSM,fortran,b1,10.0,0.0013774021898175957,7260.043634259259
2007,func_metrics_01_CTSM_fortran,./models/01_CTSM/src/utils/clm_time_manager.F90,get_calday,FUNCTION,1203,0,False,5,26,655.550567586226,15.7777777777778,10343.1311774716,574.61839874842,0.218516855862075,CTSM,fortran,b1,9.0,0.0012396619708358362,7260.043634259259
2008,func_metrics_01_CTSM_fortran,./models/01_CTSM/src/utils/clm_time_manager.F90,init_clock,SUBROUTINE,262,1,False,4,44,1753.1892982801,18.8157894736842,32987.6407439545,1832.64670799747,0.584396432760033,CTSM,fortran,b1,26.0,0.003581245693525749,7260.043634259259
2009,func_metrics_01_CTSM_fortran,./models/01_CTSM/src/utils/clm_time_manager.F90,timemgr_restart,SUBROUTINE,512,0,False,4,23,535.841333505263,8.04878048780488,4312.8692696765,239.603848315361,0.178613777835088,CTSM,fortran,b1,24.0,0.00330576525556223,7260.043634259259
2010,func_metrics_01_CTSM_fortran,./models/01_CTSM/src/utils/clm_time_manager.F90,get_average_days_per_year,FUNCTION,1307,0,False,4,25,614.007519072899,15.4615384615385,9493.50087181945,527.41671510108,0.2046691730243,CTSM,fortran,b1,1.0,0.0007324597259054322,1365.2627777777777
2011,func_metrics_01_CTSM_fortran,./models/01_CTSM/src/utils/clm_time_manager.F90,get_local_time,FUNCTION,1537,0,False,4,31,783.197028086547,20.7878787878788,16281.00488689,904.500271493891,0.261065676028849,CTSM,fortran,b1,4.0,0.001538322306049116,2600.235324074074
2012,func_metrics_01_CTSM_fortran,./models/01_CTSM/src/utils/clm_time_manager.F90,TimeGetymd,FUNCTION,370,0,False,3,18,567.900512489517,11.1290322580645,6320.18312286721,351.121284603734,0.189300170829839,CTSM,fortran,b1,20.0,0.0027548043796351914,7260.043634259259
2013,func_metrics_01_CTSM_fortran,./models/01_CTSM/src/utils/clm_time_manager.F90,init_calendar,SUBROUTINE,569,0,False,3,19,438.688384165567,9.6551724137931,4235.61198504685,235.311776947047,0.146229461388522,CTSM,fortran,b1,21.0,0.002892544598616951,7260.043634259259
2014,func_metrics_01_CTSM_fortran,./models/01_CTSM/src/utils/clm_time_manager.F90,update_rad_dtime,SUBROUTINE,736,0,False,3,15,214.05271769459,8.28571428571429,1773.57966089803,98.5322033832241,0.0713509058981968,CTSM,fortran,b1,20.0,0.0027548043796351914,7260.043634259259
2015,func_metrics_01_CTSM_fortran,./models/01_CTSM/src/utils/clm_time_manager.F90,get_rad_step_size,FUNCTION,761,0,False,3,9,140.55415752892,6.375,896.032754246867,49.7795974581593,0.0468513858429735,CTSM,fortran,b1,22.0,0.003030284817598711,7260.043634259259
2016,func_metrics_01_CTSM_fortran,./models/01_CTSM/src/utils/clm_time_manager.F90,get_perp_date,SUBROUTINE,854,0,False,3,23,856.729083027429,15.2857142857143,13095.7159834193,727.539776856627,0.285576361009143,CTSM,fortran,b1,5.0,0.0006887010949087978,7260.043634259259
2017,func_metrics_01_CTSM_fortran,./models/01_CTSM/src/utils/clm_time_manager.F90,get_doy_tomorrow,FUNCTION,1279,0,False,3,17,322.022760175147,15.6470588235294,5038.70907097583,279.928281720879,0.107340920058382,CTSM,fortran,b1,6.0,0.007869123960515517,762.4736921296297
2018,func_metrics_01_CTSM_fortran,./models/01_CTSM/src/utils/clm_time_manager.F90,get_curr_days_per_year,FUNCTION,1364,0,False,3,16,447.562346090637,10.2903225806452,4605.56091622301,255.864495345723,0.149187448696879,CTSM,fortran,b1,8.0,0.0011019217518540767,7260.043634259259
2019,func_metrics_01_CTSM_fortran,./models/01_CTSM/src/utils/clm_time_manager.F90,get_local_timestep_time,FUNCTION,1504,0,False,3,21,556.862025101004,15.5161290322581,8640.34303463171,480.01905747954,0.185620675033668,CTSM,fortran,b1,3.0,0.0011488071076412095,2611.4044560185184
2020,func_metrics_01_CTSM_fortran,./models/01_CTSM/src/utils/clm_time_manager.F90,is_doy_in_interval,FUNCTION,1794,0,False,3,15,337.597012653606,16.0,5401.5522024577,300.086233469872,0.112532337551202,CTSM,fortran,b1,2.0,0.0025762899769423532,776.310127314815
2021,func_metrics_01_CTSM_fortran,./models/01_CTSM/src/utils/clm_time_manager.F90,to_upper,FUNCTION,1889,1,False,3,13,300.82814196103,12.1764705882353,3663.02502270195,203.501390150108,0.100276047320343,CTSM,fortran,b1,3.0,0.0004132206569452787,7260.043634259259
2022,func_metrics_01_CTSM_fortran,./models/01_CTSM/src/utils/clm_time_manager.F90,TimeSetymd,FUNCTION,339,0,False,2,18,646.256748858671,15.1666666666667,9801.56069102317,544.531149501287,0.215418916286224,CTSM,fortran,b1,20.0,0.0027548043796351914,7260.043634259259
2023,func_metrics_01_CTSM_fortran,./models/01_CTSM/src/utils/clm_time_manager.F90,timemgr_print,SUBROUTINE,599,0,False,2,35,1560.07006003348,12.6545454545455,19741.9774869691,1096.77652705384,0.520023353344493,CTSM,fortran,b1,22.0,0.003030284817598711,7260.043634259259
2024,func_metrics_01_CTSM_fortran,./models/01_CTSM/src/utils/clm_time_manager.F90,get_curr_ESMF_Time,FUNCTION,688,0,False,2,8,162.848230418052,6.4,1042.22867467554,57.9015930375298,0.0542827434726842,CTSM,fortran,b1,22.0,0.003030284817598711,7260.043634259259
2025,func_metrics_01_CTSM_fortran,./models/01_CTSM/src/utils/clm_time_manager.F90,get_step_size,FUNCTION,705,0,False,2,5,82.0447025077789,4.33333333333333,355.527044200375,19.7515024555764,0.0273482341692596,CTSM,fortran,b1,23.0,0.00316802503658047,7260.043634259259
2026,func_metrics_01_CTSM_fortran,./models/01_CTSM/src/utils/clm_time_manager.F90,get_nstep,FUNCTION,777,0,False,2,9,192.568425030289,7.0,1347.97897521202,74.8877208451122,0.0641894750100962,CTSM,fortran,b1,6.0,0.0008264413138905575,7260.043634259259
2027,func_metrics_01_CTSM_fortran,./models/01_CTSM/src/utils/clm_time_manager.F90,get_prev_date,SUBROUTINE,903,0,False,2,11,359.049811186148,7.40740740740741,2659.6282310085,147.757123944917,0.119683270395383,CTSM,fortran,b1,5.0,0.0006887010949087978,7260.043634259259
2028,func_metrics_01_CTSM_fortran,./models/01_CTSM/src/utils/clm_time_manager.F90,get_start_date,SUBROUTINE,932,0,False,2,11,359.049811186148,7.40740740740741,2659.6282310085,147.757123944917,0.119683270395383,CTSM,fortran,b1,5.0,0.0006887010949087978,7260.043634259259
2029,func_metrics_01_CTSM_fortran,./models/01_CTSM/src/utils/clm_time_manager.F90,get_ref_date,SUBROUTINE,995,0,False,2,11,359.049811186148,7.40740740740741,2659.6282310085,147.757123944917,0.119683270395383,CTSM,fortran,b1,8.0,0.0011019217518540767,7260.043634259259
2030,func_metrics_01_CTSM_fortran,./models/01_CTSM/src/utils/clm_time_manager.F90,get_curr_time,SUBROUTINE,1024,0,False,2,15,429.103775119712,9.66666666666667,4148.00315949055,230.444619971697,0.143034591706571,CTSM,fortran,b1,8.0,0.0011019217518540767,7260.043634259259
2031,func_metrics_01_CTSM_fortran,./models/01_CTSM/src/utils/clm_time_manager.F90,get_prev_time,SUBROUTINE,1058,0,False,2,15,429.103775119712,9.66666666666667,4148.00315949055,230.444619971697,0.143034591706571,CTSM,fortran,b1,8.0,0.0011019217518540767,7260.043634259259
2032,func_metrics_01_CTSM_fortran,./models/01_CTSM/src/utils/clm_time_manager.F90,get_prev_calday,FUNCTION,1175,0,False,2,7,176.46653521144,5.05555555555556,892.136372457833,49.563131803213,0.0588221784038132,CTSM,fortran,b1,1.0,0.000733444894489665,1363.4289467592591
2033,func_metrics_01_CTSM_fortran,./models/01_CTSM/src/utils/clm_time_manager.F90,get_prev_days_per_year,FUNCTION,1400,0,False,2,5,104.248125036058,4.77272727272727,497.547869490276,27.6415483050153,0.0347493750120193,CTSM,fortran,b1,6.0,0.0008264413138905575,7260.043634259259
2034,func_metrics_01_CTSM_fortran,./models/01_CTSM/src/utils/clm_time_manager.F90,get_curr_yearfrac,FUNCTION,1418,0,False,2,11,281.762897717399,7.80952380952381,2200.43405836445,122.246336575803,0.0939209659057997,CTSM,fortran,b1,6.0,0.001396335604338696,4296.961261574074
2035,func_metrics_01_CTSM_fortran,./models/01_CTSM/src/utils/clm_time_manager.F90,get_prev_yearfrac,FUNCTION,1447,0,False,2,6,125.335914751734,4.84615384615385,607.397125335324,33.7442847408513,0.0417786382505778,CTSM,fortran,b1,3.0,0.0007588618907896557,3953.2885185185187
2036,func_metrics_01_CTSM_fortran,./models/01_CTSM/src/utils/clm_time_manager.F90,get_rest_date,SUBROUTINE,1468,0,False,2,14,346.384975096635,7.83333333333333,2713.34897159031,150.741609532795,0.115461658365545,CTSM,fortran,b1,2.0,0.0004765250443610897,4197.051180555555
2037,func_metrics_01_CTSM_fortran,./models/01_CTSM/src/utils/clm_time_manager.F90,is_near_local_noon,FUNCTION,1580,0,False,2,14,333.405015400253,12.1875,4063.37362519058,225.742979177255,0.111135005133418,CTSM,fortran,b1,2.0,0.0007658714050941397,2611.4044560185184
2038,func_metrics_01_CTSM_fortran,./models/01_CTSM/src/utils/clm_time_manager.F90,is_beg_curr_day,FUNCTION,1609,0,False,2,8,158.324668461995,6.66666666666667,1055.49778974664,58.6387660970354,0.0527748894873318,CTSM,fortran,b1,3.0,0.0007153327538236501,4193.852418981482
2039,func_metrics_01_CTSM_fortran,./models/01_CTSM/src/utils/clm_time_manager.F90,is_end_curr_day,FUNCTION,1634,0,False,2,8,158.324668461995,6.66666666666667,1055.49778974664,58.6387660970354,0.0527748894873318,CTSM,fortran,b1,6.0,0.0009794961433671424,6125.598391203704
2040,func_metrics_01_CTSM_fortran,./models/01_CTSM/src/utils/clm_time_manager.F90,is_end_curr_month,FUNCTION,1661,0,False,2,7,176.46653521144,7.3125,1290.41153873365,71.6895299296473,0.0588221784038132,CTSM,fortran,b1,7.0,0.0009641815328723171,7260.043634259259
2041,func_metrics_01_CTSM_fortran,./models/01_CTSM/src/utils/clm_time_manager.F90,is_beg_curr_year,FUNCTION,1684,0,False,2,7,195.041959970538,7.875,1535.95543476799,85.3308574871106,0.0650139866568461,CTSM,fortran,b1,2.0,0.0005980564784187686,3344.1657638888887
2042,func_metrics_01_CTSM_fortran,./models/01_CTSM/src/utils/clm_time_manager.F90,is_end_curr_year,FUNCTION,1707,0,False,2,7,195.041959970538,7.875,1535.95543476799,85.3308574871106,0.0650139866568461,CTSM,fortran,b1,2.0,0.0005666212436233223,3529.694699074074
2043,func_metrics_01_CTSM_fortran,./models/01_CTSM/src/utils/clm_time_manager.F90,is_first_step,FUNCTION,1732,0,False,2,11,235.560391180823,7.81578947368421,1841.09042580801,102.282801433778,0.0785201303936075,CTSM,fortran,b1,9.0,0.0012396619708358362,7260.043634259259
2044,func_metrics_01_CTSM_fortran,./models/01_CTSM/src/utils/clm_time_manager.F90,is_first_restart_step,FUNCTION,1754,0,False,2,5,82.0447025077789,4.33333333333333,355.527044200375,19.7515024555764,0.0273482341692596,CTSM,fortran,b1,5.0,0.0006887010949087978,7260.043634259259
2045,func_metrics_01_CTSM_fortran,./models/01_CTSM/src/utils/clm_time_manager.F90,is_first_step_of_this_run_segment,FUNCTION,1767,0,False,2,5,94.0116453487578,4.9,460.657062208913,25.5920590116063,0.0313372151162526,CTSM,fortran,b1,3.0,0.0007544734709968566,3976.2829513888887
2046,func_metrics_01_CTSM_fortran,./models/01_CTSM/src/utils/clm_time_manager.F90,is_perpetual,FUNCTION,1781,0,False,2,5,82.0447025077789,4.33333333333333,355.527044200375,19.7515024555764,0.0273482341692596,CTSM,fortran,b1,4.0,0.0005509608759270383,7260.043634259259
2047,func_metrics_01_CTSM_fortran,./models/01_CTSM/src/utils/clm_time_manager.F90,chkrc,SUBROUTINE,1878,0,False,2,8,149.277544549881,6.4,955.376285119241,53.0764602844023,0.0497591815166272,CTSM,fortran,b1,3.0,0.0004132206569452787,7260.043634259259
2048,func_metrics_01_CTSM_fortran,./models/01_CTSM/src/utils/clm_time_manager.F90,is_restart,FUNCTION,1916,0,False,2,8,100.0,4.8,480.0,26.6666666666667,0.0333333333333333,CTSM,fortran,b1,3.0,0.0004132206569452787,7260.043634259259
2049,func_metrics_01_CTSM_fortran,./models/01_CTSM/src/utils/clm_time_manager.F90,check_timemgr_initialized,FUNCTION,1941,0,False,2,10,178.813537528125,6.9,1233.81340894406,68.5451893857813,0.059604512509375,CTSM,fortran,b1,2.0,0.0005059079271931039,3953.2885185185187
2050,func_metrics_01_CTSM_fortran,./models/01_CTSM/src/utils/clm_time_manager.F90,timemgr_reset,SUBROUTINE,1967,0,False,2,31,547.326325070673,7.26923076923077,3978.64136301374,221.035631278541,0.182442108356891,CTSM,fortran,b1,6.0,0.0015177237815793114,3953.2885185185187
2051,func_metrics_01_CTSM_fortran,./models/01_CTSM/src/utils/clm_time_manager.F90,for_test_set_curr_date,SUBROUTINE,2064,0,False,2,24,795.783722758236,12.375,9847.82356913317,547.101309396287,0.265261240919412,CTSM,fortran,b1,4.0,0.0010118158543862077,3953.2885185185187
2052,func_metrics_01_CTSM_fortran,./models/01_CTSM/src/utils/clm_time_manager.F90,advance_timestep,SUBROUTINE,671,0,False,1,8,140.55415752892,3.59375,505.116503619558,28.0620279788643,0.0468513858429735,CTSM,fortran,b1,21.0,0.002892544598616951,7260.043634259259
2053,func_metrics_01_CTSM_fortran,./models/01_CTSM/src/utils/clm_time_manager.F90,get_step_size_real,FUNCTION,719,0,False,1,3,42.0,1.83333333333333,77.0,4.27777777777778,0.014,CTSM,fortran,b1,1.0,0.0002990282392093843,3344.1657638888887
2054,func_metrics_01_CTSM_fortran,./models/01_CTSM/src/utils/clm_time_manager.F90,update_DA_nstep,SUBROUTINE,729,0,False,1,3,20.6797000057693,1.5,31.0195500086539,1.7233083338141,0.0068932333352564,CTSM,fortran,b1,1.0,0.0003669338526942265,2725.2868402777776
2055,func_metrics_01_CTSM_fortran,./models/01_CTSM/src/utils/clm_time_manager.F90,get_nstep_since_startup_or_lastDA_restart_or_pause,FUNCTION,796,0,False,1,4,66.6079149265397,2.66666666666667,177.621106470772,9.86783924837625,0.0222026383088466,CTSM,fortran,b1,2.0,0.000733867705388453,2725.2868402777776
2056,func_metrics_01_CTSM_fortran,./models/01_CTSM/src/utils/clm_time_manager.F90,get_calendar,FUNCTION,1266,0,False,1,4,39.0,1.66666666666667,65.0,3.61111111111111,0.013,CTSM,fortran,b1,5.0,0.0006887010949087978,7260.043634259259
2057,func_metrics_01_CTSM_fortran,./models/01_CTSM/src/utils/clm_time_manager.F90,is_today_in_doy_interval,FUNCTION,1824,0,False,1,8,138.973736602512,2.67857142857143,372.251080185299,20.6806155658499,0.0463245788675039,CTSM,fortran,b1,1.0,0.0012915993659682224,774.2338888888889
2058,func_metrics_01_CTSM_fortran,./models/01_CTSM/src/utils/clm_time_manager.F90,timemgr_datediff,SUBROUTINE,1846,0,False,1,15,382.574450106731,7.0,2678.02115074712,148.778952819284,0.127524816702244,CTSM,fortran,b1,3.0,0.0004132206569452787,7260.043634259259
2059,func_metrics_01_CTSM_fortran,./models/01_CTSM/src/utils/clm_time_manager.F90,timemgr_spmdbcast,SUBROUTINE,1928,0,False,1,6,76.1470984411521,1.5,114.220647661728,6.34559153676267,0.0253823661470507,CTSM,fortran,b1,11.0,0.0015151424087993554,7260.043634259259
2060,func_metrics_01_CTSM_fortran,./models/01_CTSM/src/utils/domainMod.F90,domain_init,SUBROUTINE,65,0,False,7,47,1292.90073958871,18.9795918367347,24538.7283228061,1363.26268460034,0.430966913196236,CTSM,fortran,b1,20.0,0.002768460547126148,7224.231539351851
2061,func_metrics_01_CTSM_fortran,./models/01_CTSM/src/utils/domainMod.F90,domain_clean,SUBROUTINE,143,0,False,5,26,564.331534489018,10.6060606060606,5985.33445670171,332.518580927873,0.188110511496339,CTSM,fortran,b1,18.0,0.002491614492413533,7224.231539351851
2062,func_metrics_01_CTSM_fortran,./models/01_CTSM/src/utils/domainMod.F90,domain_check,SUBROUTINE,193,0,False,2,18,525.0,7.03703703703704,3694.44444444444,205.246913580247,0.175,CTSM,fortran,b1,16.0,0.002274718900838451,7033.836134259259
2063,func_metrics_01_CTSM_fortran,./models/01_CTSM/src/utils/fileutils.F90,getfil,SUBROUTINE,51,0,False,10,45,777.001501853555,14.6034482758621,11346.9012425855,630.383402365863,0.259000500617852,CTSM,fortran,b1,2.0,0.0004898640175191022,4082.76568287037
2064,func_metrics_01_CTSM_fortran,./models/01_CTSM/src/utils/fileutils.F90,opnfil,SUBROUTINE,117,0,False,5,23,522.162425145674,14.75,7701.89577089869,427.88309838326,0.174054141715225,CTSM,fortran,b1,1.0,0.0002449320087595511,4082.76568287037
2065,func_metrics_01_CTSM_fortran,./models/01_CTSM/src/utils/fileutils.F90,get_filename,FUNCTION,27,1,False,3,12,246.12437805806,12.0,2953.49253669672,164.082918705374,0.0820414593526868,CTSM,fortran,b1,1.0,0.0002449320087595511,4082.76568287037
2066,func_metrics_01_CTSM_fortran,./models/01_CTSM/src/utils/fileutils.F90,getavu,FUNCTION,154,0,False,1,4,41.2090250187501,1.57142857142857,64.7570393151787,3.5976132952877,0.0137363416729167,CTSM,fortran,b1,1.0,0.0002449320087595511,4082.76568287037
2067,func_metrics_01_CTSM_fortran,./models/01_CTSM/src/utils/fileutils.F90,relavu,SUBROUTINE,168,0,False,1,6,82.0447025077789,3.09090909090909,253.592716842226,14.0884842690125,0.0273482341692596,CTSM,fortran,b1,1.0,0.0002449320087595511,4082.76568287037
2068,func_metrics_01_CTSM_fortran,./models/01_CTSM/src/utils/getdatetime.F90,getdatetime,SUBROUTINE,7,0,False,2,27,739.342176637296,9.77142857142857,7224.42926885586,401.357181603103,0.246447392212432,CTSM,fortran,b1,3.0,0.0004132206569452787,7260.043634259259
2069,func_metrics_01_CTSM_fortran,./models/01_CTSM/src/utils/IssueFixedMetadataHandler.F90,copy_issue_fixed_metadata,SUBROUTINE,120,1,False,5,29,653.530518463231,14.9090909090909,9743.54591163363,541.308106201868,0.21784350615441,CTSM,fortran,b1,1.0,0.00045489808192750256,2198.2946064814814
2070,func_metrics_01_CTSM_fortran,./models/01_CTSM/src/utils/IssueFixedMetadataHandler.F90,write_issue_fixed_metadata,SUBROUTINE,37,0,False,3,18,356.122398887524,7.84615384615385,2794.19112973288,155.232840540715,0.118707466295841,CTSM,fortran,b1,1.0,0.00045489808192750256,2198.2946064814814
2071,func_metrics_01_CTSM_fortran,./models/01_CTSM/src/utils/IssueFixedMetadataHandler.F90,read_issue_fixed_metadata,SUBROUTINE,85,0,False,2,15,300.0,6.44,1932.0,107.333333333333,0.1,CTSM,fortran,b1,1.0,0.00045489808192750256,2198.2946064814814
2072,func_metrics_01_CTSM_fortran,./models/01_CTSM/src/utils/IssueFixedMetadataHandler.F90,issue_fixed_attname,FUNCTION,169,0,False,1,8,169.458401508217,4.26470588235294,722.690241726221,40.1494578736789,0.0564861338360724,CTSM,fortran,b1,1.0,0.00045489808192750256,2198.2946064814814
2073,func_metrics_01_CTSM_fortran,./models/01_CTSM/src/utils/MatrixMod.F90,inverse,SUBROUTINE,24,13,False,15,68,2021.75642526106,45.5,91989.9173493782,5110.55096385434,0.673918808420353,CTSM,fortran,b2,4.0,0.0017721452820085395,2257.1512847222225
2074,func_metrics_01_CTSM_fortran,./models/01_CTSM/src/utils/NumericsMod.F90,truncate_small_values,SUBROUTINE,50,1,False,4,26,698.807247185574,15.5,10831.5123313764,601.750685076467,0.232935749061858,CTSM,fortran,b1,3.0,0.0010059414972057568,2982.2807870370375
2075,func_metrics_01_CTSM_fortran,./models/01_CTSM/src/utils/NumericsMod.F90,truncate_small_values_one_lev,SUBROUTINE,102,1,False,4,29,823.777964449451,16.7142857142857,13768.8602629408,764.936681274491,0.274592654816484,CTSM,fortran,b1,3.0,0.0013314502353215009,2253.182222222222
2076,func_metrics_01_CTSM_fortran,./models/01_CTSM/src/utils/point_of_interest.F90,poi_c,FUNCTION,49,0,False,2,10,192.568425030289,5.16666666666667,994.936862656491,55.2742701475828,0.0641894750100962,CTSM,fortran,b1,2.0,0.001103741063266342,1812.0192013888889
2077,func_metrics_01_CTSM_fortran,./models/01_CTSM/src/utils/point_of_interest.F90,at_poi,FUNCTION,71,0,False,2,11,317.06856386476,7.65217391304348,2426.26379305208,134.792432947338,0.105689521288253,CTSM,fortran,b1,2.0,0.001103741063266342,1812.0192013888889
2078,func_metrics_01_CTSM_fortran,./models/01_CTSM/src/utils/quadraticMod.F90,quadratic,SUBROUTINE,17,0,False,6,36,987.00200950304,24.75,24428.2997352003,1357.12776306668,0.329000669834347,CTSM,fortran,b1,5.0,0.0011922212563727503,4193.852418981482
2079,func_metrics_01_CTSM_fortran,./models/01_CTSM/src/utils/SimpleMathMod.F90,array_normalization_2d,SUBROUTINE,24,6,False,11,37,884.340057335717,28.3333333333333,25056.301624512,1392.01675691733,0.294780019111906,CTSM,fortran,b2,1.0,0.00024230204917451102,4127.080243055555
2080,func_metrics_01_CTSM_fortran,./models/01_CTSM/src/utils/SimpleMathMod.F90,array_div_vector_nofilter,SUBROUTINE,178,4,False,8,32,867.199227100951,22.75,19728.7824165466,1096.04346758592,0.28906640903365,CTSM,fortran,b1,3.0,0.000726906147523533,4127.080243055555
2081,func_metrics_01_CTSM_fortran,./models/01_CTSM/src/utils/SimpleMathMod.F90,array_normalization_2d_filter,SUBROUTINE,82,4,False,6,32,854.499262610337,23.4705882352941,20055.6003400897,1114.20001889387,0.284833087536779,CTSM,fortran,b1,3.0,0.000726906147523533,4127.080243055555
2082,func_metrics_01_CTSM_fortran,./models/01_CTSM/src/utils/SimpleMathMod.F90,array_div_vector_filter,SUBROUTINE,134,2,False,4,27,766.533261531514,22.2727272727273,17072.7862795655,948.48812664253,0.255511087177171,CTSM,fortran,b1,3.0,0.000726906147523533,4127.080243055555
2083,func_metrics_01_CTSM_fortran,./models/01_CTSM/src/utils/SparseMatrixMultiplyMod.F90,SPMP_ABC,SUBROUTINE,1127,22,False,65,259,9622.93987841607,185.538461538462,1785425.46051843,99190.3033621349,3.20764662613869,CTSM,fortran,b4,20.0,0.008181274932766774,2444.6067592592594
2084,func_metrics_01_CTSM_fortran,./models/01_CTSM/src/utils/SparseMatrixMultiplyMod.F90,SPMP_AB,SUBROUTINE,986,10,False,27,113,4403.77481418059,111.461538461538,490851.515826744,27269.5286570413,1.4679249380602,CTSM,fortran,b3,18.0,0.007363147439490097,2444.6067592592594
2085,func_metrics_01_CTSM_fortran,./models/01_CTSM/src/utils/SparseMatrixMultiplyMod.F90,SetValueA,SUBROUTINE,358,4,False,16,78,2679.10681797527,42.6370967741936,114229.336666413,6346.07425924518,0.893035605991756,CTSM,fortran,b2,2.0,0.0009044721957474219,2211.234363425926
2086,func_metrics_01_CTSM_fortran,./models/01_CTSM/src/utils/SparseMatrixMultiplyMod.F90,CopyIdxSM,SUBROUTINE,526,1,False,6,34,1004.6064017799,28.4705882352941,28601.735203616,1588.98528908978,0.3348688005933,CTSM,fortran,b1,3.0,0.0013621576615196185,2202.3882291666664
2087,func_metrics_01_CTSM_fortran,./models/01_CTSM/src/utils/SparseMatrixMultiplyMod.F90,SetValueSM,SUBROUTINE,253,3,False,5,42,1420.52427273167,30.875,43858.6869205904,2436.59371781058,0.473508090910558,CTSM,fortran,b1,15.0,0.006135956199575081,2444.6067592592594
2088,func_metrics_01_CTSM_fortran,./models/01_CTSM/src/utils/SparseMatrixMultiplyMod.F90,SetValueA_diag,SUBROUTINE,314,3,False,5,29,871.2541501125,19.0,16553.8288521375,919.657158452084,0.2904180500375,CTSM,fortran,b1,1.0,0.0008012958289046436,1247.9785416666666
2089,func_metrics_01_CTSM_fortran,./models/01_CTSM/src/utils/SparseMatrixMultiplyMod.F90,SPMM_AX,SUBROUTINE,907,4,False,5,27,949.596332072867,18.1323529411765,17218.4158447918,956.578658043991,0.316532110690956,CTSM,fortran,b1,18.0,0.007363147439490097,2444.6067592592594
2090,func_metrics_01_CTSM_fortran,./models/01_CTSM/src/utils/SparseMatrixMultiplyMod.F90,ReleaseSM,SUBROUTINE,164,0,False,4,18,272.281469977904,7.33333333333333,1996.73077983796,110.929487768776,0.0907604899926346,CTSM,fortran,b1,3.0,0.001339128577577315,2240.2628472222223
2091,func_metrics_01_CTSM_fortran,./models/01_CTSM/src/utils/SparseMatrixMultiplyMod.F90,IsEquivIdxSM,FUNCTION,212,0,False,4,23,452.78419287128,15.0,6791.7628930692,377.320160726067,0.150928064290427,CTSM,fortran,b1,2.0,0.000902062354151904,2217.1416319444447
2092,func_metrics_01_CTSM_fortran,./models/01_CTSM/src/utils/SparseMatrixMultiplyMod.F90,SetValueDM,SUBROUTINE,695,2,False,4,24,670.00607775222,16.5454545454545,11085.5551046276,615.864172479314,0.22333535925074,CTSM,fortran,b1,9.0,0.0036815737197450483,2444.6067592592594
2093,func_metrics_01_CTSM_fortran,./models/01_CTSM/src/utils/SparseMatrixMultiplyMod.F90,SetValueV_scaler,SUBROUTINE,805,2,False,4,19,441.720031875651,11.0,4858.92035063216,269.940019479565,0.147240010625217,CTSM,fortran,b1,9.0,0.0036815737197450483,2444.6067592592594
2094,func_metrics_01_CTSM_fortran,./models/01_CTSM/src/utils/SparseMatrixMultiplyMod.F90,SetValueV,SUBROUTINE,838,2,False,4,24,670.00607775222,16.5454545454545,11085.5551046276,615.864172479314,0.22333535925074,CTSM,fortran,b1,18.0,0.007363147439490097,2444.6067592592594
2095,func_metrics_01_CTSM_fortran,./models/01_CTSM/src/utils/SparseMatrixMultiplyMod.F90,InitSM,SUBROUTINE,123,0,False,3,28,684.824312692903,17.0322580645161,11664.1044226404,648.0058012578,0.228274770897634,CTSM,fortran,b1,9.0,0.0036815737197450483,2444.6067592592594
2096,func_metrics_01_CTSM_fortran,./models/01_CTSM/src/utils/SparseMatrixMultiplyMod.F90,SetValueCopySM,SUBROUTINE,457,0,False,3,23,758.860994990584,19.5,14797.7894023164,822.0994112398,0.252953664996861,CTSM,fortran,b1,3.0,0.001356708293621133,2211.234363425926
2097,func_metrics_01_CTSM_fortran,./models/01_CTSM/src/utils/SparseMatrixMultiplyMod.F90,SetValueCopyDM,SUBROUTINE,494,0,False,3,19,470.46317513125,12.3076923076923,5790.31600161539,321.684222311966,0.156821058377083,CTSM,fortran,b1,2.0,0.001251354158188676,1598.2685532407406
2098,func_metrics_01_CTSM_fortran,./models/01_CTSM/src/utils/SparseMatrixMultiplyMod.F90,IsValuesSetSM,FUNCTION,580,0,False,3,10,141.777450049039,6.36363636363636,902.2201366757,50.1233409264278,0.0472591500163462,CTSM,fortran,b1,3.0,0.001356708293621133,2211.234363425926
2099,func_metrics_01_CTSM_fortran,./models/01_CTSM/src/utils/SparseMatrixMultiplyMod.F90,IsValuesSetDM,FUNCTION,602,0,False,3,10,141.777450049039,6.36363636363636,902.2201366757,50.1233409264278,0.0472591500163462,CTSM,fortran,b1,3.0,0.0012271912399150161,2444.6067592592594
2100,func_metrics_01_CTSM_fortran,./models/01_CTSM/src/utils/SparseMatrixMultiplyMod.F90,SPMM_AK,SUBROUTINE,876,2,False,3,15,400.0,8.96,3584.0,199.111111111111,0.133333333333333,CTSM,fortran,b1,18.0,0.007363147439490097,2444.6067592592594
2101,func_metrics_01_CTSM_fortran,./models/01_CTSM/src/utils/SparseMatrixMultiplyMod.F90,SPMP_B_ACC,SUBROUTINE,951,2,False,3,18,510.0,11.2,5712.0,317.333333333333,0.17,CTSM,fortran,b1,18.0,0.007363147439490097,2444.6067592592594
2102,func_metrics_01_CTSM_fortran,./models/01_CTSM/src/utils/SparseMatrixMultiplyMod.F90,IsAllocSM,FUNCTION,193,0,False,2,8,133.437600046154,5.5,733.906800253847,40.7726000141026,0.0444792000153847,CTSM,fortran,b1,2.0,0.000901255552253154,2219.126412037037
2103,func_metrics_01_CTSM_fortran,./models/01_CTSM/src/utils/SparseMatrixMultiplyMod.F90,InitDM,SUBROUTINE,624,0,False,2,16,318.947888714554,9.09090909090909,2899.5262610414,161.084792280078,0.106315962904851,CTSM,fortran,b1,5.0,0.0020453187331916935,2444.6067592592594
2104,func_metrics_01_CTSM_fortran,./models/01_CTSM/src/utils/SparseMatrixMultiplyMod.F90,ReleaseDM,SUBROUTINE,654,0,False,2,10,145.947375050481,5.0,729.736875252405,40.5409375140225,0.048649125016827,CTSM,fortran,b1,3.0,0.001339128577577315,2240.2628472222223
2105,func_metrics_01_CTSM_fortran,./models/01_CTSM/src/utils/SparseMatrixMultiplyMod.F90,IsAllocDM,FUNCTION,675,0,False,2,8,93.7653742946044,4.0,375.061497178418,20.8367498432454,0.0312551247648682,CTSM,fortran,b1,2.0,0.000901255552253154,2219.126412037037
2106,func_metrics_01_CTSM_fortran,./models/01_CTSM/src/utils/SparseMatrixMultiplyMod.F90,InitV,SUBROUTINE,733,0,False,2,16,318.947888714554,9.09090909090909,2899.5262610414,161.084792280078,0.106315962904851,CTSM,fortran,b1,8.0,0.0032725099731067096,2444.6067592592594
2107,func_metrics_01_CTSM_fortran,./models/01_CTSM/src/utils/SparseMatrixMultiplyMod.F90,ReleaseV,SUBROUTINE,763,0,False,2,10,145.947375050481,5.0,729.736875252405,40.5409375140225,0.048649125016827,CTSM,fortran,b1,4.0,0.0016362549865533548,2444.6067592592594
2108,func_metrics_01_CTSM_fortran,./models/01_CTSM/src/utils/SparseMatrixMultiplyMod.F90,IsAllocV,FUNCTION,785,0,False,2,8,93.7653742946044,4.0,375.061497178418,20.8367498432454,0.0312551247648682,CTSM,fortran,b1,2.0,0.000901255552253154,2219.126412037037
2109,func_metrics_01_CTSM_fortran,./models/01_CTSM/src/utils/spmdMod.F90,spmd_init,SUBROUTINE,64,2,False,5,42,1109.04788212426,18.28125,20274.7815950841,1126.37675528245,0.369682627374753,CTSM,fortran,b1,12.0,0.001652882627781115,7260.043634259259
2110,func_metrics_01_CTSM_fortran,./models/01_CTSM/tools/mksurfdata_esmf/src/mkagfirepkmonthMod.F90,mkagfirepkmon,SUBROUTINE,36,2,False,33,117,4674.77754874494,31.0135135135135,144981.276680671,8054.51537114838,1.55825918291498,CTSM,fortran,b3,11.0,0.007982279876202095,1378.0524074074074
2111,func_metrics_01_CTSM_fortran,./models/01_CTSM/tools/mksurfdata_esmf/src/mkagfirepkmonthMod.F90,get_dominant_indices,SUBROUTINE,205,3,False,8,33,859.050606149627,12.0375,10340.8216715261,574.490092862563,0.286350202049876,CTSM,fortran,b1,5.0,0.003628309034637316,1378.0524074074074
2112,func_metrics_01_CTSM_fortran,./models/01_CTSM/tools/mksurfdata_esmf/src/mkchecksMod.F90,min_bad_r8,FUNCTION,31,1,False,3,16,388.418347190601,10.125,3932.73576530483,218.485320294713,0.129472782396867,CTSM,fortran,b1,2.0,0.0014513236138549265,1378.0524074074074
2113,func_metrics_01_CTSM_fortran,./models/01_CTSM/tools/mksurfdata_esmf/src/mkchecksMod.F90,min_bad_r4,FUNCTION,62,1,False,3,16,388.418347190601,10.125,3932.73576530483,218.485320294713,0.129472782396867,CTSM,fortran,b1,1.0,0.0007324485242128662,1365.2836574074074
2114,func_metrics_01_CTSM_fortran,./models/01_CTSM/tools/mksurfdata_esmf/src/mkchecksMod.F90,min_bad_int,FUNCTION,93,1,False,3,16,348.389232288205,10.7142857142857,3732.74177451648,207.374543028693,0.116129744096068,CTSM,fortran,b1,2.0,0.0014513236138549265,1378.0524074074074
2115,func_metrics_01_CTSM_fortran,./models/01_CTSM/tools/mksurfdata_esmf/src/mkchecksMod.F90,max_bad_r8,FUNCTION,125,1,False,3,16,388.418347190601,10.125,3932.73576530483,218.485320294713,0.129472782396867,CTSM,fortran,b1,2.0,0.0014513236138549265,1378.0524074074074
2116,func_metrics_01_CTSM_fortran,./models/01_CTSM/tools/mksurfdata_esmf/src/mkchecksMod.F90,max_bad_r4,FUNCTION,156,1,False,3,16,388.418347190601,10.125,3932.73576530483,218.485320294713,0.129472782396867,CTSM,fortran,b1,1.0,0.0007324485242128662,1365.2836574074074
2117,func_metrics_01_CTSM_fortran,./models/01_CTSM/tools/mksurfdata_esmf/src/mkchecksMod.F90,max_bad_int,FUNCTION,187,1,False,3,16,348.389232288205,10.7142857142857,3732.74177451648,207.374543028693,0.116129744096068,CTSM,fortran,b1,2.0,0.0014513236138549265,1378.0524074074074
2118,func_metrics_01_CTSM_fortran,./models/01_CTSM/tools/mksurfdata_esmf/src/mkdiagnosticsMod.F90,output_diagnostics_index,SUBROUTINE,343,3,False,17,82,2770.51445126058,46.4274193548387,128627.836257316,7145.99090318421,0.92350481708686,CTSM,fortran,b2,7.0,0.005079632648492243,1378.0524074074074
2119,func_metrics_01_CTSM_fortran,./models/01_CTSM/tools/mksurfdata_esmf/src/mkdiagnosticsMod.F90,output_diagnostics_continuous,SUBROUTINE,140,2,False,16,104,3362.35896438163,44.7835820895522,150578.478695927,8365.47103866258,1.12078632146054,CTSM,fortran,b2,7.0,0.005079632648492243,1378.0524074074074
2120,func_metrics_01_CTSM_fortran,./models/01_CTSM/tools/mksurfdata_esmf/src/mkdiagnosticsMod.F90,output_diagnostics_area,SUBROUTINE,31,2,False,11,82,2788.99890354071,32.3239436619718,90151.4434313511,5008.41352396395,0.929666301180237,CTSM,fortran,b2,7.0,0.005079632648492243,1378.0524074074074
2121,func_metrics_01_CTSM_fortran,./models/01_CTSM/tools/mksurfdata_esmf/src/mkdiagnosticsMod.F90,output_diagnostics_continuous_outonly,SUBROUTINE,272,1,False,6,46,1320.0,21.28,28089.6,1560.53333333333,0.44,CTSM,fortran,b1,7.0,0.005079632648492243,1378.0524074074074
2122,func_metrics_01_CTSM_fortran,./models/01_CTSM/tools/mksurfdata_esmf/src/mkdomainMod.F90,mkdomain,SUBROUTINE,27,1,False,6,33,832.159412607452,13.421052631579,11168.4552744684,620.469737470469,0.277386470869151,CTSM,fortran,b1,7.0,0.005138739203709028,1362.2018402777778
2123,func_metrics_01_CTSM_fortran,./models/01_CTSM/tools/mksurfdata_esmf/src/mkesmfMod.F90,create_routehandle_r4,SUBROUTINE,30,0,False,11,43,1653.06078356077,15.1865671641791,25104.3186160162,1394.68436755646,0.551020261186924,CTSM,fortran,b2,8.0,0.005805294455419706,1378.0524074074074
2124,func_metrics_01_CTSM_fortran,./models/01_CTSM/tools/mksurfdata_esmf/src/mkesmfMod.F90,create_routehandle_r8,SUBROUTINE,103,0,False,11,43,1618.21322598189,15.4,24920.4836801211,1384.47131556228,0.53940440866063,CTSM,fortran,b2,8.0,0.005805294455419706,1378.0524074074074
2125,func_metrics_01_CTSM_fortran,./models/01_CTSM/tools/mksurfdata_esmf/src/mkesmfMod.F90,regrid_rawdata1d_r8,SUBROUTINE,222,0,False,9,33,1213.24112294627,9.0,10919.1701065164,606.620561473133,0.404413707648755,CTSM,fortran,b1,5.0,0.003628309034637316,1378.0524074074074
2126,func_metrics_01_CTSM_fortran,./models/01_CTSM/tools/mksurfdata_esmf/src/mkesmfMod.F90,regrid_rawdata2d_r4,SUBROUTINE,269,0,False,9,34,1417.7169748962,9.67924528301887,13722.4303419199,762.35724121777,0.472572324965401,CTSM,fortran,b1,6.0,0.004353970841564779,1378.0524074074074
2127,func_metrics_01_CTSM_fortran,./models/01_CTSM/tools/mksurfdata_esmf/src/mkesmfMod.F90,regrid_rawdata2d_r8,SUBROUTINE,319,0,False,9,34,1417.7169748962,9.67924528301887,13722.4303419199,762.35724121777,0.472572324965401,CTSM,fortran,b1,7.0,0.005079632648492243,1378.0524074074074
2128,func_metrics_01_CTSM_fortran,./models/01_CTSM/tools/mksurfdata_esmf/src/mkesmfMod.F90,regrid_rawdata1d_r4,SUBROUTINE,176,0,False,8,32,1184.07667287544,8.82352941176471,10447.735348901,580.429741605609,0.394692224291814,CTSM,fortran,b1,5.0,0.003628309034637316,1378.0524074074074
2129,func_metrics_01_CTSM_fortran,./models/01_CTSM/tools/mksurfdata_esmf/src/mkesmfMod.F90,get_meshareas,SUBROUTINE,370,0,False,4,17,529.564867007818,6.90540540540541,3656.86009514858,203.158894174921,0.176521622335939,CTSM,fortran,b1,3.0,0.002194716296721071,1366.9192708333333
2130,func_metrics_01_CTSM_fortran,./models/01_CTSM/tools/mksurfdata_esmf/src/mkfileMod.F90,mkfile_define_vars,SUBROUTINE,240,0,False,15,159,10461.0958001908,145.5,1522089.43892776,84560.5243848756,3.48703193339693,CTSM,fortran,b2,18.0,0.013119113749878076,1372.0439004629627
2131,func_metrics_01_CTSM_fortran,./models/01_CTSM/tools/mksurfdata_esmf/src/mkfileMod.F90,mkfile_define_dims,SUBROUTINE,39,0,False,5,36,910.952571675133,18.1805555555556,16561.623837816,920.090213211997,0.303650857225044,CTSM,fortran,b1,11.0,0.007982279876202095,1378.0524074074074
2132,func_metrics_01_CTSM_fortran,./models/01_CTSM/tools/mksurfdata_esmf/src/mkfileMod.F90,mkfile_define_atts,SUBROUTINE,92,0,False,5,120,4366.28484425064,24.5585106382979,107229.452797368,5957.19182207601,1.45542828141688,CTSM,fortran,b1,18.0,0.013061912524694338,1378.0524074074074
2133,func_metrics_01_CTSM_fortran,./models/01_CTSM/tools/mksurfdata_esmf/src/mkfileMod.F90,mkfile_output_int1d,SUBROUTINE,711,0,False,2,16,421.965722615945,6.7741935483871,2858.47747578543,158.804304210302,0.140655240871982,CTSM,fortran,b1,5.0,0.003644198263855021,1372.0439004629627
2134,func_metrics_01_CTSM_fortran,./models/01_CTSM/tools/mksurfdata_esmf/src/mkfileMod.F90,mkfile_output_int2d,SUBROUTINE,737,0,False,2,16,421.965722615945,6.7741935483871,2858.47747578543,158.804304210302,0.140655240871982,CTSM,fortran,b1,3.0,0.002189928604525533,1369.907673611111
2135,func_metrics_01_CTSM_fortran,./models/01_CTSM/tools/mksurfdata_esmf/src/mkfileMod.F90,mkfile_output_real1dr8,SUBROUTINE,763,0,False,2,16,447.041959970538,6.35294117647059,2840.03127510695,157.779515283719,0.149013986656846,CTSM,fortran,b1,4.0,0.002915358611084017,1372.0439004629627
2136,func_metrics_01_CTSM_fortran,./models/01_CTSM/tools/mksurfdata_esmf/src/mkfileMod.F90,mkfile_output_real2dr8,SUBROUTINE,789,0,False,2,17,501.485520318425,6.58333333333333,3301.4463420963,183.413685672016,0.167161840106142,CTSM,fortran,b1,5.0,0.003644198263855021,1372.0439004629627
2137,func_metrics_01_CTSM_fortran,./models/01_CTSM/tools/mksurfdata_esmf/src/mkfileMod.F90,mkfile_output_real1dr4,SUBROUTINE,816,0,False,2,16,447.041959970538,6.35294117647059,2840.03127510695,157.779515283719,0.149013986656846,CTSM,fortran,b1,2.0,0.0014576793055420085,1372.0439004629627
2138,func_metrics_01_CTSM_fortran,./models/01_CTSM/tools/mksurfdata_esmf/src/mkfileMod.F90,mkfile_output_real2dr4,SUBROUTINE,842,0,False,2,17,501.485520318425,6.58333333333333,3301.4463420963,183.413685672016,0.167161840106142,CTSM,fortran,b1,3.0,0.0021865189583130124,1372.0439004629627
2139,func_metrics_01_CTSM_fortran,./models/01_CTSM/tools/mksurfdata_esmf/src/mkgdpMod.F90,mkgdp,SUBROUTINE,31,1,False,23,85,3080.65676028849,25.7592592592593,79355.4361770609,4408.63534317005,1.02688558676283,CTSM,fortran,b3,10.0,0.007256618069274632,1378.0524074074074
2140,func_metrics_01_CTSM_fortran,./models/01_CTSM/tools/mksurfdata_esmf/src/mkglacierregionMod.F90,mkglacierregion,SUBROUTINE,34,5,False,29,103,3502.21923992744,33.3176470588235,116685.704558524,6482.53914214021,1.16740641330915,CTSM,fortran,b3,10.0,0.007256618069274632,1378.0524074074074
2141,func_metrics_01_CTSM_fortran,./models/01_CTSM/tools/mksurfdata_esmf/src/mkglcmecMod.F90,mkglcmec,SUBROUTINE,109,13,False,69,260,10362.4376070309,63.3970588235294,656948.066528093,36497.1148071163,3.45414586901031,CTSM,fortran,b4,10.0,0.007256618069274632,1378.0524074074074
2142,func_metrics_01_CTSM_fortran,./models/01_CTSM/tools/mksurfdata_esmf/src/mkglcmecMod.F90,mkglacier,SUBROUTINE,485,2,False,25,94,3517.09927729837,28.0786516853933,98755.4055502094,5486.41141945608,1.17236642576612,CTSM,fortran,b3,10.0,0.007256618069274632,1378.0524074074074
2143,func_metrics_01_CTSM_fortran,./models/01_CTSM/tools/mksurfdata_esmf/src/mkglcmecMod.F90,mkglcmecInit,SUBROUTINE,42,0,False,7,44,1441.7071922886,11.925,17192.3582680416,955.131014891198,0.4805690640962,CTSM,fortran,b1,8.0,0.005805294455419706,1378.0524074074074
2144,func_metrics_01_CTSM_fortran,./models/01_CTSM/tools/mksurfdata_esmf/src/mkglcmecMod.F90,get_elevclass,FUNCTION,630,1,False,7,35,666.810030800506,14.8076923076923,9873.91776377672,548.550986876484,0.222270010266835,CTSM,fortran,b1,5.0,0.003628309034637316,1378.0524074074074
2145,func_metrics_01_CTSM_fortran,./models/01_CTSM/tools/mksurfdata_esmf/src/mkglcmecMod.F90,mean_elevation_vc,FUNCTION,685,0,False,4,16,398.084225111058,12.4347826086957,4950.09079920707,275.005044400393,0.132694741703686,CTSM,fortran,b1,5.0,0.003628309034637316,1378.0524074074074
2146,func_metrics_01_CTSM_fortran,./models/01_CTSM/tools/mksurfdata_esmf/src/mkharvestMod.F90,mkharvest,SUBROUTINE,64,4,False,38,149,5431.22786602537,34.4871794871795,187307.730251388,10405.985013966,1.81040928867512,CTSM,fortran,b3,16.0,0.011610588910839412,1378.0524074074074
2147,func_metrics_01_CTSM_fortran,./models/01_CTSM/tools/mksurfdata_esmf/src/mkharvestMod.F90,mkharvest_check_input_var,SUBROUTINE,267,0,False,7,46,1045.32388597037,14.6666666666667,15331.4169942321,851.745388568449,0.348441295323456,CTSM,fortran,b1,4.0,0.002902647227709853,1378.0524074074074
2148,func_metrics_01_CTSM_fortran,./models/01_CTSM/tools/mksurfdata_esmf/src/mkindexmapMod.F90,lookup_2d,SUBROUTINE,42,1,False,14,73,1838.5285746445,38.25,70323.7179801519,3906.87322111955,0.612842858214832,CTSM,fortran,b2,3.0,0.0021769854207823896,1378.0524074074074
2149,func_metrics_01_CTSM_fortran,./models/01_CTSM/tools/mksurfdata_esmf/src/mkindexmapMod.F90,lookup_2d_netcdf,SUBROUTINE,185,3,False,10,108,3395.27702516902,38.974358974359,132328.745596331,7351.59697757394,1.13175900838967,CTSM,fortran,b1,4.0,0.002902647227709853,1378.0524074074074
2150,func_metrics_01_CTSM_fortran,./models/01_CTSM/tools/mksurfdata_esmf/src/mkindexmapMod.F90,which_max,SUBROUTINE,398,1,False,4,18,366.126337666587,11.3684210526316,4162.27836505173,231.237686947318,0.122042112555529,CTSM,fortran,b1,3.0,0.0021769854207823896,1378.0524074074074
2151,func_metrics_01_CTSM_fortran,./models/01_CTSM/tools/mksurfdata_esmf/src/mkindexmapMod.F90,check_dimname,SUBROUTINE,363,0,False,2,11,229.248125036058,9.6,2200.78200034616,122.265666685898,0.076416041678686,CTSM,fortran,b1,2.0,0.0014513236138549265,1378.0524074074074
2152,func_metrics_01_CTSM_fortran,./models/01_CTSM/tools/mksurfdata_esmf/src/mkindexmapMod.F90,check_dimsize,SUBROUTINE,379,0,False,2,11,197.654284025044,8.92307692307692,1763.68438053116,97.9824655850647,0.0658847613416814,CTSM,fortran,b1,2.0,0.0014513236138549265,1378.0524074074074
2153,func_metrics_01_CTSM_fortran,./models/01_CTSM/tools/mksurfdata_esmf/src/mkinputMod.F90,write_namelist_input,SUBROUTINE,367,0,False,10,109,2421.68681259529,13.7076923076923,33195.7376926524,1844.2076495918,0.807228937531763,CTSM,fortran,b1,8.0,0.0059441057470859884,1345.871076388889
2154,func_metrics_01_CTSM_fortran,./models/01_CTSM/tools/mksurfdata_esmf/src/mkinputMod.F90,check_namelist_input,SUBROUTINE,331,0,False,6,25,341.32219946609,10.3529411764706,3533.68865329599,196.316036294222,0.113774066488697,CTSM,fortran,b1,3.0,0.0022290396551572457,1345.871076388889
2155,func_metrics_01_CTSM_fortran,./models/01_CTSM/tools/mksurfdata_esmf/src/mkinputMod.F90,read_namelist_input,SUBROUTINE,125,0,False,5,27,1018.70635686102,7.61797752808989,7760.4821342896,431.137896349422,0.339568785620342,CTSM,fortran,b1,13.0,0.00965917183901473,1345.871076388889
2156,func_metrics_01_CTSM_fortran,./models/01_CTSM/tools/mksurfdata_esmf/src/mkinputMod.F90,bcast_namelist_input,SUBROUTINE,231,0,False,1,68,3654.0744388449,6.56410256410256,23985.7193934434,1332.53996630241,1.2180248129483,CTSM,fortran,b1,11.0,0.008173145402243233,1345.871076388889
2157,func_metrics_01_CTSM_fortran,./models/01_CTSM/tools/mksurfdata_esmf/src/mklaiMod.F90,mklai,SUBROUTINE,33,10,False,43,190,6970.12219452361,48.4869565217391,337960.011797075,18775.5562109486,2.3233740648412,CTSM,fortran,b3,13.0,0.009433603490057023,1378.0524074074074
2158,func_metrics_01_CTSM_fortran,./models/01_CTSM/tools/mksurfdata_esmf/src/mklaiMod.F90,check_global_sums,SUBROUTINE,292,5,False,7,46,1607.22981847954,26.8125,43093.8495079827,2394.10275044349,0.535743272826514,CTSM,fortran,b1,6.0,0.004353970841564779,1378.0524074074074
2159,func_metrics_01_CTSM_fortran,./models/01_CTSM/tools/mksurfdata_esmf/src/mklanwatMod.F90,mklakdep,SUBROUTINE,179,2,False,26,95,3280.156682567,28.0,91844.3871118761,5102.46595065978,1.09338556085567,CTSM,fortran,b3,17.0,0.012336250717766875,1378.0524074074074
2160,func_metrics_01_CTSM_fortran,./models/01_CTSM/tools/mksurfdata_esmf/src/mklanwatMod.F90,mkwetlnd,SUBROUTINE,329,2,False,25,81,2804.85948992564,26.1818181818182,73436.3211907803,4079.79562171002,0.934953163308546,CTSM,fortran,b3,6.0,0.0044899956893789455,1336.3041782407406
2161,func_metrics_01_CTSM_fortran,./models/01_CTSM/tools/mksurfdata_esmf/src/mklanwatMod.F90,mkpctlak,SUBROUTINE,38,2,False,24,84,2923.29672350088,28.0,81852.3082580246,4547.35045877914,0.97443224116696,CTSM,fortran,b3,24.0,0.017415883366259117,1378.0524074074074
2162,func_metrics_01_CTSM_fortran,./models/01_CTSM/tools/mksurfdata_esmf/src/mklanwatMod.F90,update_max_array_lake,SUBROUTINE,453,1,False,3,12,267.925063934042,7.36842105263158,1974.18468161926,109.676926756625,0.0893083546446807,CTSM,fortran,b1,1.0,0.0007591059169679229,1317.3392245370371
2163,func_metrics_01_CTSM_fortran,./models/01_CTSM/tools/mksurfdata_esmf/src/mkpctPftTypeMod.F90,get_pct_p2l_array,SUBROUTINE,514,3,False,7,33,895.124692181274,24.4310344827586,21868.8222210494,1214.93456783608,0.298374897393758,CTSM,fortran,b1,5.0,0.003628309034637316,1378.0524074074074
2164,func_metrics_01_CTSM_fortran,./models/01_CTSM/tools/mksurfdata_esmf/src/mkpctPftTypeMod.F90,convert_from_p2g,SUBROUTINE,376,0,False,6,32,933.481970573635,27.4666666666667,25639.6381250892,1424.42434028273,0.311160656857878,CTSM,fortran,b1,3.0,0.0021769854207823896,1378.0524074074074
2165,func_metrics_01_CTSM_fortran,./models/01_CTSM/tools/mksurfdata_esmf/src/mkpctPftTypeMod.F90,update_max_array,SUBROUTINE,468,2,False,6,26,682.230576747666,21.0,14326.842111701,795.935672872277,0.227410192249222,CTSM,fortran,b1,5.0,0.003628309034637316,1378.0524074074074
2166,func_metrics_01_CTSM_fortran,./models/01_CTSM/tools/mksurfdata_esmf/src/mkpctPftTypeMod.F90,remove_small_cover,SUBROUTINE,315,1,False,5,34,826.734439034027,17.9268292682927,14820.7271387807,823.373729932262,0.275578146344675,CTSM,fortran,b1,2.0,0.0014513236138549265,1378.0524074074074
2167,func_metrics_01_CTSM_fortran,./models/01_CTSM/tools/mksurfdata_esmf/src/mkpctPftTypeMod.F90,check_vals,SUBROUTINE,431,0,False,4,20,548.012050152885,17.804347826087,9756.99715380898,542.055397433832,0.182670683384295,CTSM,fortran,b1,3.0,0.0021769854207823896,1378.0524074074074
2168,func_metrics_01_CTSM_fortran,./models/01_CTSM/tools/mksurfdata_esmf/src/mkpctPftTypeMod.F90,constructor_pong,FUNCTION,59,0,False,2,15,388.346635994825,11.2037037037037,4350.9206440161,241.71781355645,0.129448878664942,CTSM,fortran,b1,3.0,0.0021769854207823896,1378.0524074074074
2169,func_metrics_01_CTSM_fortran,./models/01_CTSM/tools/mksurfdata_esmf/src/mkpctPftTypeMod.F90,set_pct_l2g,SUBROUTINE,228,0,False,2,11,287.239848948918,9.39130434782609,2697.55684230288,149.864269016827,0.095746616316306,CTSM,fortran,b1,3.0,0.0021769854207823896,1378.0524074074074
2170,func_metrics_01_CTSM_fortran,./models/01_CTSM/tools/mksurfdata_esmf/src/mkpctPftTypeMod.F90,set_one_pct_p2g,SUBROUTINE,251,0,False,2,17,491.597014089074,11.6470588235294,5725.65934056686,318.092185587048,0.163865671363025,CTSM,fortran,b1,3.0,0.0021769854207823896,1378.0524074074074
2171,func_metrics_01_CTSM_fortran,./models/01_CTSM/tools/mksurfdata_esmf/src/mkpctPftTypeMod.F90,constructor,FUNCTION,93,0,False,1,12,293.248650245514,5.43478260869565,1593.74266437779,88.5412591320996,0.097749550081838,CTSM,fortran,b1,2.0,0.0014513236138549265,1378.0524074074074
2172,func_metrics_01_CTSM_fortran,./models/01_CTSM/tools/mksurfdata_esmf/src/mkpctPftTypeMod.F90,constructor_empty,FUNCTION,119,0,False,1,6,108.4180500375,2.1,227.67790507875,12.648772504375,0.0361393500125,CTSM,fortran,b1,2.0,0.0014513236138549265,1378.0524074074074
2173,func_metrics_01_CTSM_fortran,./models/01_CTSM/tools/mksurfdata_esmf/src/mkpctPftTypeMod.F90,get_pct_p2l,FUNCTION,142,0,False,1,6,138.301699036396,2.29411764705882,317.280368377613,17.6266871320896,0.0461005663454652,CTSM,fortran,b1,2.0,0.0014513236138549265,1378.0524074074074
2174,func_metrics_01_CTSM_fortran,./models/01_CTSM/tools/mksurfdata_esmf/src/mkpctPftTypeMod.F90,get_pct_p2g,FUNCTION,159,0,False,1,6,176.46653521144,2.85714285714286,504.190100604113,28.0105611446729,0.0588221784038132,CTSM,fortran,b1,2.0,0.0014513236138549265,1378.0524074074074
2175,func_metrics_01_CTSM_fortran,./models/01_CTSM/tools/mksurfdata_esmf/src/mkpctPftTypeMod.F90,get_pct_l2g,FUNCTION,176,0,False,1,6,123.189897889864,2.15625,265.628217325019,14.7571231847233,0.0410632992966213,CTSM,fortran,b1,2.0,0.0014513236138549265,1378.0524074074074
2176,func_metrics_01_CTSM_fortran,./models/01_CTSM/tools/mksurfdata_esmf/src/mkpctPftTypeMod.F90,get_first_pft_index,FUNCTION,193,0,False,1,6,121.013986656846,2.02941176470588,245.587208215364,13.6437337897425,0.0403379955522821,CTSM,fortran,b1,2.0,0.0014513236138549265,1378.0524074074074
2177,func_metrics_01_CTSM_fortran,./models/01_CTSM/tools/mksurfdata_esmf/src/mkpctPftTypeMod.F90,get_one_pct_p2g,FUNCTION,210,0,False,1,7,183.317149007503,2.81818181818182,516.621056293871,28.7011697941039,0.0611057163358342,CTSM,fortran,b1,2.0,0.0014513236138549265,1378.0524074074074
2178,func_metrics_01_CTSM_fortran,./models/01_CTSM/tools/mksurfdata_esmf/src/mkpctPftTypeMod.F90,merge_pfts,SUBROUTINE,294,0,False,1,9,224.663162535337,5.39473684210526,1211.99863999326,67.3332577774035,0.0748877208451122,CTSM,fortran,b1,2.0,0.0014513236138549265,1378.0524074074074
2179,func_metrics_01_CTSM_fortran,./models/01_CTSM/tools/mksurfdata_esmf/src/mkpctPftTypeMod.F90,get_pct_l2g_array,SUBROUTINE,566,0,False,1,7,140.55415752892,2.16666666666667,304.534007979327,16.9185559988515,0.0468513858429735,CTSM,fortran,b1,3.0,0.0021769854207823896,1378.0524074074074
2180,func_metrics_01_CTSM_fortran,./models/01_CTSM/tools/mksurfdata_esmf/src/mkpeatMod.F90,mkpeat,SUBROUTINE,31,1,False,23,85,3161.83130548707,27.3333333333333,86423.3890166466,4801.2993898137,1.05394376849569,CTSM,fortran,b3,11.0,0.007982279876202095,1378.0524074074074
2181,func_metrics_01_CTSM_fortran,./models/01_CTSM/tools/mksurfdata_esmf/src/mkpftMod.F90,mkpft,SUBROUTINE,188,22,False,77,282,11084.6842653144,72.5586206896552,804289.401071539,44682.7445039744,3.69489475510481,CTSM,fortran,b4,20.0,0.014513236138549265,1378.0524074074074
2182,func_metrics_01_CTSM_fortran,./models/01_CTSM/tools/mksurfdata_esmf/src/mkpftMod.F90,mkpftInit,SUBROUTINE,36,0,False,9,40,825.063008711185,26.2083333333333,21623.5263533056,1201.30701962809,0.275021002903728,CTSM,fortran,b1,9.0,0.006530956262347169,1378.0524074074074
2183,func_metrics_01_CTSM_fortran,./models/01_CTSM/tools/mksurfdata_esmf/src/mkpftUtilsMod.F90,convert_from_p2g_missing_crops,SUBROUTINE,75,1,False,4,35,892.007562835338,17.1219512195122,15272.9099783026,848.494998794589,0.297335854278446,CTSM,fortran,b1,2.0,0.0014513236138549265,1378.0524074074074
2184,func_metrics_01_CTSM_fortran,./models/01_CTSM/tools/mksurfdata_esmf/src/mkpftUtilsMod.F90,convert_from_p2g_default,SUBROUTINE,29,0,False,3,27,686.950387588702,12.5,8586.87984485878,477.048880269932,0.228983462529567,CTSM,fortran,b1,2.0,0.0014513236138549265,1378.0524074074074
2185,func_metrics_01_CTSM_fortran,./models/01_CTSM/tools/mksurfdata_esmf/src/mkpftUtilsMod.F90,get_default_natpft,FUNCTION,149,0,False,1,8,181.110391401214,2.18181818181818,395.149944875377,21.9527747152987,0.0603701304670714,CTSM,fortran,b1,1.0,0.00025263591069292485,3958.265462962963
2186,func_metrics_01_CTSM_fortran,./models/01_CTSM/tools/mksurfdata_esmf/src/mkpftUtilsMod.F90,get_default_cft,FUNCTION,176,0,False,1,8,181.110391401214,2.18181818181818,395.149944875377,21.9527747152987,0.0603701304670714,CTSM,fortran,b1,1.0,0.00025263591069292485,3958.265462962963
2187,func_metrics_01_CTSM_fortran,./models/01_CTSM/tools/mksurfdata_esmf/src/mkpioMod.F90,mkpio_iodesc_output,SUBROUTINE,527,3,False,38,139,4788.29447574585,55.4594594594595,265556.223357581,14753.1235198656,1.59609815858195,CTSM,fortran,b3,10.0,0.0072766270057929685,1374.263101851852
2188,func_metrics_01_CTSM_fortran,./models/01_CTSM/tools/mksurfdata_esmf/src/mkpioMod.F90,mkpio_iodesc_rawdata,SUBROUTINE,393,3,False,24,104,3539.47797990592,41.6842105263158,147540.345267658,8196.68584820319,1.17982599330197,CTSM,fortran,b3,11.0,0.007982279876202095,1378.0524074074074
2189,func_metrics_01_CTSM_fortran,./models/01_CTSM/tools/mksurfdata_esmf/src/mkpioMod.F90,mkpio_defvar,SUBROUTINE,824,1,False,15,67,1953.03749238813,21.33,41658.2897126388,2314.34942847994,0.65101249746271,CTSM,fortran,b2,1.0,0.0007256618069274633,1378.0524074074074
2190,func_metrics_01_CTSM_fortran,./models/01_CTSM/tools/mksurfdata_esmf/src/mkpioMod.F90,mkpio_get_rawdata2d_level_real8,SUBROUTINE,1200,8,False,13,62,1837.49581228497,19.5535714285714,35929.605615215,1996.08920084528,0.61249860409499,CTSM,fortran,b2,3.0,0.0022052996481526092,1360.3593518518517
2191,func_metrics_01_CTSM_fortran,./models/01_CTSM/tools/mksurfdata_esmf/src/mkpioMod.F90,mkpio_wopen,SUBROUTINE,728,0,False,9,36,1084.91754263464,15.4239130434783,16733.6738369408,929.648546496713,0.361639180878214,CTSM,fortran,b1,7.0,0.005079632648492243,1378.0524074074074
2192,func_metrics_01_CTSM_fortran,./models/01_CTSM/tools/mksurfdata_esmf/src/mkpioMod.F90,mkpio_get_rawdata2d_real4,SUBROUTINE,253,4,False,8,48,1395.20051380529,16.7946428571429,23431.894343462,1301.77190797011,0.465066837935096,CTSM,fortran,b1,8.0,0.005808854011262455,1377.2079629629627
2193,func_metrics_01_CTSM_fortran,./models/01_CTSM/tools/mksurfdata_esmf/src/mkpioMod.F90,mkpio_get_rawdata2d_real8,SUBROUTINE,322,4,False,8,50,1446.51079199901,16.5932203389831,24002.2722943565,1333.45957190869,0.482170263999671,CTSM,fortran,b1,9.0,0.006534960762670261,1377.2079629629627
2194,func_metrics_01_CTSM_fortran,./models/01_CTSM/tools/mksurfdata_esmf/src/mkpioMod.F90,mkpio_get_rawdata1d_real8,SUBROUTINE,182,0,False,7,51,1531.28703275667,15.327868852459,23471.3668135653,1303.96482297585,0.510429010918889,CTSM,fortran,b1,10.0,0.007261067514078069,1377.2079629629627
2195,func_metrics_01_CTSM_fortran,./models/01_CTSM/tools/mksurfdata_esmf/src/mkpioMod.F90,mkpio_get_rawdata1d_real4,SUBROUTINE,118,0,False,6,46,1332.0,15.462962962963,20596.6666666667,1144.25925925926,0.444,CTSM,fortran,b1,10.0,0.007261067514078069,1377.2079629629627
2196,func_metrics_01_CTSM_fortran,./models/01_CTSM/tools/mksurfdata_esmf/src/mkpioMod.F90,mkpio_close,SUBROUTINE,782,0,False,5,24,637.755749444544,10.1538461538462,6475.67376359075,359.75965353282,0.212585249814848,CTSM,fortran,b1,1.0,0.0007256618069274633,1378.0524074074074
2197,func_metrics_01_CTSM_fortran,./models/01_CTSM/tools/mksurfdata_esmf/src/mkpioMod.F90,mkpio_get_rawdata1d_level_real4,SUBROUTINE,1091,0,False,5,41,1195.02812300603,14.234693877551,17010.8595060552,945.047750336397,0.398342707668675,CTSM,fortran,b1,2.0,0.0014674508073845554,1362.9076967592594
2198,func_metrics_01_CTSM_fortran,./models/01_CTSM/tools/mksurfdata_esmf/src/mkpioMod.F90,mkpio_get_rawdata1d_level_real8,SUBROUTINE,1146,0,False,5,40,1171.59619902551,13.9591836734694,16354.5265333358,908.584807407542,0.390532066341838,CTSM,fortran,b1,1.0,0.0007337254036922777,1362.9076967592594
2199,func_metrics_01_CTSM_fortran,./models/01_CTSM/tools/mksurfdata_esmf/src/mkpioMod.F90,mkpio_get_rawdata1d_int,SUBROUTINE,65,0,False,4,34,931.418978225284,12.5,11642.7372278161,646.818734878669,0.310472992741761,CTSM,fortran,b1,6.0,0.004356640508446841,1377.2079629629627
2200,func_metrics_01_CTSM_fortran,./models/01_CTSM/tools/mksurfdata_esmf/src/mkpioMod.F90,mkpio_file_exists,FUNCTION,702,0,False,4,13,304.227216927728,6.84782608695652,2083.29507243988,115.738615135549,0.101409072309243,CTSM,fortran,b1,2.0,0.0014513236138549265,1378.0524074074074
2201,func_metrics_01_CTSM_fortran,./models/01_CTSM/tools/mksurfdata_esmf/src/mkpioMod.F90,mkpio_get_dimlengths,SUBROUTINE,1050,1,False,3,23,555.408694546212,11.0454545454545,6134.74148976044,340.818971653358,0.185136231515404,CTSM,fortran,b1,4.0,0.002902647227709853,1378.0524074074074
2202,func_metrics_01_CTSM_fortran,./models/01_CTSM/tools/mksurfdata_esmf/src/mkpioMod.F90,mkpio_def_spatial_var_0lev,SUBROUTINE,915,0,False,2,13,442.204537701203,11.025,4875.30502815576,270.850279341987,0.147401512567068,CTSM,fortran,b1,4.0,0.002902647227709853,1378.0524074074074
2203,func_metrics_01_CTSM_fortran,./models/01_CTSM/tools/mksurfdata_esmf/src/mkpioMod.F90,mkpio_def_spatial_var_1lev,SUBROUTINE,942,0,False,2,14,500.37204249814,11.2954545454545,5651.92966185399,313.996092325222,0.166790680832713,CTSM,fortran,b1,4.0,0.002902647227709853,1378.0524074074074
2204,func_metrics_01_CTSM_fortran,./models/01_CTSM/tools/mksurfdata_esmf/src/mkpioMod.F90,mkpio_def_spatial_var_2lev,SUBROUTINE,973,0,False,2,15,599.457753556812,12.1041666666667,7255.93655867725,403.10758659318,0.199819251185604,CTSM,fortran,b1,3.0,0.0021769854207823896,1378.0524074074074
2205,func_metrics_01_CTSM_fortran,./models/01_CTSM/tools/mksurfdata_esmf/src/mkpioMod.F90,mkpio_put_time_slice_1d,SUBROUTINE,1006,0,False,1,11,302.205974933599,3.92592592592593,1186.43827196154,65.9132373311966,0.100735324977866,CTSM,fortran,b1,2.0,0.0014513236138549265,1378.0524074074074
2206,func_metrics_01_CTSM_fortran,./models/01_CTSM/tools/mksurfdata_esmf/src/mkpioMod.F90,mkpio_put_time_slice_2d,SUBROUTINE,1028,0,False,1,11,302.205974933599,3.92592592592593,1186.43827196154,65.9132373311966,0.100735324977866,CTSM,fortran,b1,2.0,0.0014513236138549265,1378.0524074074074
2207,func_metrics_01_CTSM_fortran,./models/01_CTSM/tools/mksurfdata_esmf/src/mksoilcolMod.F90,mksoilcol,SUBROUTINE,31,3,False,36,134,5303.61109917901,35.672131147541,189191.110685468,10510.6172603038,1.767870366393,CTSM,fortran,b3,19.0,0.01382559131100664,1374.263101851852
2208,func_metrics_01_CTSM_fortran,./models/01_CTSM/tools/mksurfdata_esmf/src/mksoilcolMod.F90,get_dominant_soilcol,SUBROUTINE,224,3,False,13,73,1894.08631501729,25.9913793103448,49229.9158601476,2734.99532556375,0.631362105005762,CTSM,fortran,b2,4.0,0.0029498757975109993,1355.9892939814815
2209,func_metrics_01_CTSM_fortran,./models/01_CTSM/tools/mksurfdata_esmf/src/mksoilcolMod.F90,mkrank,SUBROUTINE,288,1,False,4,25,541.783150025411,17.28,9362.0128324391,520.111824024394,0.180594383341804,CTSM,fortran,b1,1.0,0.0007374689493777498,1355.9892939814815
2210,func_metrics_01_CTSM_fortran,./models/01_CTSM/tools/mksurfdata_esmf/src/mksoildepthMod.F90,mksoildepth,SUBROUTINE,32,2,False,32,113,3880.19230557283,33.9105263157895,131579.363288451,7309.96462713619,1.29339743519094,CTSM,fortran,b3,7.0,0.005079632648492243,1378.0524074074074
2211,func_metrics_01_CTSM_fortran,./models/01_CTSM/tools/mksurfdata_esmf/src/mksoilfmaxMod.F90,mksoilfmax,SUBROUTINE,30,4,False,27,100,3501.31221201128,33.3333333333333,116710.407067043,6483.91150372459,1.16710407067043,CTSM,fortran,b3,12.0,0.008778865186884284,1366.9192708333333
2212,func_metrics_01_CTSM_fortran,./models/01_CTSM/tools/mksurfdata_esmf/src/mksoiltexMod.F90,mksoiltex,SUBROUTINE,105,6,False,63,263,10852.6705664822,49.5329341317365,537564.616322997,29864.7009068331,3.61755685549405,CTSM,fortran,b4,28.0,0.020484018769396664,1366.9192708333333
2213,func_metrics_01_CTSM_fortran,./models/01_CTSM/tools/mksurfdata_esmf/src/mksoiltexMod.F90,get_dominant_mapunit,SUBROUTINE,480,4,False,10,41,1158.88068072428,18.6521739130435,21615.6440013355,1200.86911118531,0.386293560241428,CTSM,fortran,b1,2.0,0.0014758021610338438,1355.1951967592593
2214,func_metrics_01_CTSM_fortran,./models/01_CTSM/tools/mksurfdata_esmf/src/mksoiltexMod.F90,mksoiltex_i_to_o,SUBROUTINE,50,2,False,8,37,1043.45208830264,28.03125,29249.2663502333,1624.95924167963,0.347817362767546,CTSM,fortran,b1,9.0,0.021212423103602284,424.27967592592586
2215,func_metrics_01_CTSM_fortran,./models/01_CTSM/tools/mksurfdata_esmf/src/mksoiltexMod.F90,mksoiltex_check_layer_negative,SUBROUTINE,37,0,False,2,10,228.234600103847,8.75,1997.05275090866,110.947375050481,0.0760782000346155,CTSM,fortran,b1,1.0,0.0047569679394675836,210.2179398148148
2216,func_metrics_01_CTSM_fortran,./models/01_CTSM/tools/mksurfdata_esmf/src/mksurfdata.F90,mksurfdata,PROGRAM,1,7,False,210,641,26395.8045532703,78.7306273062731,2078158.25073275,115453.236151819,8.79860151775677,CTSM,fortran,b4,,,
2217,func_metrics_01_CTSM_fortran,./models/01_CTSM/tools/mksurfdata_esmf/src/mksurfdata.F90,normalize_and_check_landuse,SUBROUTINE,1164,3,False,28,171,6960.19124997615,105.313559322034,733002.514097065,40722.3618942814,2.32006374999205,CTSM,fortran,b3,34.0,0.02467250143553375,1378.0524074074074
2218,func_metrics_01_CTSM_fortran,./models/01_CTSM/tools/mksurfdata_esmf/src/mktopostatsMod.F90,mktopostats,SUBROUTINE,32,0,False,41,147,5839.98329596943,29.7894736842105,173970.02871151,9665.00159508391,1.94666109865648,CTSM,fortran,b3,15.0,0.01088492710391195,1378.0524074074074
2219,func_metrics_01_CTSM_fortran,./models/01_CTSM/tools/mksurfdata_esmf/src/mktopostatsMod.F90,StdDevProc,SUBROUTINE,244,3,False,7,35,1077.97653224697,24.4189189189189,26323.0215374362,1462.39008541312,0.359325510748991,CTSM,fortran,b1,6.0,0.004404633603179166,1362.2018402777778
2220,func_metrics_01_CTSM_fortran,./models/01_CTSM/tools/mksurfdata_esmf/src/mkurbanparMod.F90,mkurban,SUBROUTINE,86,9,False,45,157,5306.51779105798,39.7647058823529,211012.119220894,11722.8955122719,1.76883926368599,CTSM,fortran,b3,19.0,0.013787574331621802,1378.0524074074074
2221,func_metrics_01_CTSM_fortran,./models/01_CTSM/tools/mksurfdata_esmf/src/mkurbanparMod.F90,mkurbanpar,SUBROUTINE,440,8,False,25,185,7296.9145995416,55.1157024793389,402174.574085479,22343.0318936377,2.43230486651387,CTSM,fortran,b3,12.0,0.008707941683129558,1378.0524074074074
2222,func_metrics_01_CTSM_fortran,./models/01_CTSM/tools/mksurfdata_esmf/src/mkurbanparMod.F90,mkurban_topo,SUBROUTINE,880,0,False,13,64,2272.98243426921,15.7594936708861,35821.0522869008,1990.05846038338,0.757660811423069,CTSM,fortran,b2,5.0,0.003663373802420208,1364.8620833333332
2223,func_metrics_01_CTSM_fortran,./models/01_CTSM/tools/mksurfdata_esmf/src/mkurbanparMod.F90,normalize_urbn_by_tot,SUBROUTINE,352,2,False,8,49,1336.30094289942,32.6470588235294,43626.2954887752,2423.68308270973,0.44543364763314,CTSM,fortran,b1,6.0,0.004353970841564779,1378.0524074074074
2224,func_metrics_01_CTSM_fortran,./models/01_CTSM/tools/mksurfdata_esmf/src/mkurbanparMod.F90,lookup_and_check_err,SUBROUTINE,727,2,False,7,34,1206.0,18.2,21949.2,1219.4,0.402,CTSM,fortran,b1,8.0,0.005805294455419706,1378.0524074074074
2225,func_metrics_01_CTSM_fortran,./models/01_CTSM/tools/mksurfdata_esmf/src/mkurbanparMod.F90,mkurban_pct_diagnostics,SUBROUTINE,811,2,False,4,46,1588.3136233277,26.2826086956522,41745.0254478954,2319.16808043863,0.529437874442566,CTSM,fortran,b1,2.0,0.0014653495209680832,1364.8620833333332
2226,func_metrics_01_CTSM_fortran,./models/01_CTSM/tools/mksurfdata_esmf/src/mkurbanparMod.F90,update_max_array_urban,SUBROUTINE,976,2,False,4,14,331.707489621975,8.0,2653.6599169758,147.4255509431,0.110569163207325,CTSM,fortran,b1,1.0,0.0007591059169679229,1317.3392245370371
2227,func_metrics_01_CTSM_fortran,./models/01_CTSM/tools/mksurfdata_esmf/src/mkurbanparMod.F90,mkurbanInit,SUBROUTINE,59,0,False,1,15,353.296122883813,4.46153846153846,1576.24424055855,87.5691244754751,0.117765374294604,CTSM,fortran,b1,6.0,0.004353970841564779,1378.0524074074074
2228,func_metrics_01_CTSM_fortran,./models/01_CTSM/tools/mksurfdata_esmf/src/mkutilsMod.F90,normalize_classes_by_gcell,SUBROUTINE,26,1,False,4,24,672.019484166135,20.16,13547.9128007893,752.661822266071,0.224006494722045,CTSM,fortran,b1,6.0,0.004353970841564779,1378.0524074074074
2229,func_metrics_01_CTSM_fortran,./models/01_CTSM/tools/mksurfdata_esmf/src/mkutilsMod.F90,slightly_below,FUNCTION,81,0,False,3,17,393.496460605333,12.15,4780.9819963548,265.6101109086,0.131165486868444,CTSM,fortran,b1,3.0,0.0021769854207823896,1378.0524074074074
2230,func_metrics_01_CTSM_fortran,./models/01_CTSM/tools/mksurfdata_esmf/src/mkutilsMod.F90,slightly_above,FUNCTION,113,0,False,3,17,397.45813824429,13.5,5365.68486629792,298.093603683218,0.13248604608143,CTSM,fortran,b1,4.0,0.002902647227709853,1378.0524074074074
2231,func_metrics_01_CTSM_fortran,./models/01_CTSM/tools/mksurfdata_esmf/src/mkutilsMod.F90,get_filename,FUNCTION,161,1,False,3,11,238.4180500375,10.8,2574.914940405,143.0508300225,0.0794726833458334,CTSM,fortran,b1,1.0,0.0007262362939395337,1376.9623032407408
2232,func_metrics_01_CTSM_fortran,./models/01_CTSM/tools/mksurfdata_esmf/src/mkutilsMod.F90,chkerr,FUNCTION,146,0,False,2,11,235.225221714965,5.27777777777778,1241.46644794009,68.970358218894,0.0784084072383216,CTSM,fortran,b1,1.0,0.0007256618069274633,1378.0524074074074
2233,func_metrics_01_CTSM_fortran,./models/01_CTSM/tools/mksurfdata_esmf/src/mkVICparamsMod.F90,mkVICparams,SUBROUTINE,31,6,False,47,161,5905.52508008741,51.8681318681319,306308.553604534,17017.1418669185,1.96850836002914,CTSM,fortran,b3,10.0,0.007256618069274632,1378.0524074074074
2234,func_metrics_01_CTSM_fortran,./models/01_CTSM/tools/mksurfdata_esmf/src/mkvocefMod.F90,mkvocef,SUBROUTINE,30,3,False,49,178,6335.0205279912,51.781914893617,328039.493829757,18224.4163238754,2.1116735093304,CTSM,fortran,b3,10.0,0.007256618069274632,1378.0524074074074
2235,func_metrics_01_CTSM_fortran,./models/01_CTSM/tools/mksurfdata_esmf/src/shr_string_mod.F90,shr_string_betweenTags,SUBROUTINE,47,0,False,7,42,1058.12162716691,25.741935483871,27238.0986606191,1513.22770336773,0.352707209055636,CTSM,fortran,b1,1.0,0.0007256618069274633,1378.0524074074074
2236,func_metrics_01_CTSM_fortran,./models/01_CTSM/tools/mksurfdata_esmf/src/shr_string_mod.F90,shr_string_countChar,FUNCTION,14,1,False,4,16,393.496460605333,9.22727272727273,3630.89915922194,201.716619956774,0.131165486868444,CTSM,fortran,b1,1.0,0.0007256618069274633,1378.0524074074074
2237,func_metrics_01_CTSM_fortran,./models/01_CTSM/tools/mksurfdata_esmf/src/shr_string_mod.F90,shr_string_endIndex,FUNCTION,107,0,False,3,13,298.056005167571,10.4210526315789,3106.05731700943,172.558739833857,0.0993520017225238,CTSM,fortran,b1,1.0,0.0007256618069274633,1378.0524074074074
2238,func_metrics_01_CTSM_fortran,./models/01_CTSM/tools/mksurfdata_esmf/src/shr_sys_mod.F90,shr_sys_abort,SUBROUTINE,15,0,False,5,25,540.007397832169,17.8571428571429,9642.98924700302,535.721624833501,0.180002465944056,CTSM,fortran,b1,3.0,0.0021769854207823896,1378.0524074074074
