,source_file,file,function,type,line,cyclomatic_complexity,cc_rank,loc,loc_span,volume,difficulty,effort,time,bugs,model,language,complexity_category,number_changes,change_per_days,age_days
0,func_metrics_02_CWatM_python,./models/02_CWatM/run_cwatm.py,<module>,FUNCTION,1,2,A,6.0,,235.560391180823,6.66666666666667,1570.40260787215,87.2445893262306,0.0785201303936075,CWatM,python,b1,,,
1,func_metrics_02_CWatM_python,./models/02_CWatM/run_cwatm.py, run_cwatm.py  (module  aggregate) ,MODULE_AGG,1,0,A,,,,,,,,CWatM,python,b1,,,
2,func_metrics_02_CWatM_python,./models/02_CWatM/setup.py,<module>,FUNCTION,1,1,A,51.0,,782.239528391613,14.0,10951.3533974826,608.408522082366,0.260746509463871,CWatM,python,b1,,,
3,func_metrics_02_CWatM_python,./models/02_CWatM/setup.py, setup.py  (module  aggregate) ,MODULE_AGG,1,0,A,,,,,,,,CWatM,python,b1,,,
4,func_metrics_02_CWatM_python,./models/02_CWatM/test_script.py,<module>,FUNCTION,1,7,B,12.0,,808.933070422879,18.6,15046.1551098656,835.897506103642,0.269644356807626,CWatM,python,b1,,,
5,func_metrics_02_CWatM_python,./models/02_CWatM/test_script.py, test_script.py  (module  aggregate) ,MODULE_AGG,1,0,A,,,,,,,,CWatM,python,b1,,,
6,func_metrics_02_CWatM_python,./models/02_CWatM/cwatm/cwatm_dynamic.py,<module>,FUNCTION,1,1,A,3.0,,57.0586500259616,2.8,159.764220072693,8.87579000403847,0.0190195500086539,CWatM,python,b1,,,
7,func_metrics_02_CWatM_python,./models/02_CWatM/cwatm/cwatm_dynamic.py,CWATModel_dyn,CLASS,17,17,C,82.0,153.0,4109.72721000188,45.8380281690141,188381.79161903,10465.6550899461,1.36990907000063,CWatM,python,b2,27.0,0.010975760596378642,2459.9661921296297
8,func_metrics_02_CWatM_python,./models/02_CWatM/cwatm/cwatm_dynamic.py,CWATModel_dyn.dynamic,METHOD,21,16,C,81.0,149.0,4041.34047156339,44.7971014492754,181040.339095688,10057.7966164271,1.34711349052113,CWatM,python,b2,27.0,0.010975760596378642,2459.9661921296297
9,func_metrics_02_CWatM_python,./models/02_CWatM/cwatm/cwatm_dynamic.py, CWATModel_dyn  (aggregate) ,CLASS_AGG,21,16,C,,,,,,,,CWatM,python,b2,,,
10,func_metrics_02_CWatM_python,./models/02_CWatM/cwatm/cwatm_dynamic.py, cwatm_dynamic.py  (module  aggregate) ,MODULE_AGG,1,16,C,,,,,,,,CWatM,python,b2,,,
11,func_metrics_02_CWatM_python,./models/02_CWatM/cwatm/cwatm_initial.py,<module>,FUNCTION,1,1,A,26.0,,1131.07607483652,9.54545454545454,10796.6352598032,599.813069989064,0.37702535827884,CWatM,python,b1,,,
12,func_metrics_02_CWatM_python,./models/02_CWatM/cwatm/cwatm_initial.py,Variables,CLASS,41,5,A,12.0,24.0,328.761669905771,13.125,4314.99691751324,239.722050972958,0.109587223301924,CWatM,python,b1,5.0,0.0025320763371780844,1974.6640046296295
13,func_metrics_02_CWatM_python,./models/02_CWatM/cwatm/cwatm_initial.py,Variables.load_initial,METHOD,42,4,A,11.0,23.0,307.670715011687,12.5666666666667,3866.39531864686,214.799739924826,0.102556905003896,CWatM,python,b1,9.0,0.003658586865459547,2459.9661921296297
14,func_metrics_02_CWatM_python,./models/02_CWatM/cwatm/cwatm_initial.py,Config,CLASS,66,1,A,2.0,2.0,8.0,1.5,12.0,0.666666666666667,0.0026666666666666,CWatM,python,b1,3.0,0.0012195289551531823,2459.9661921296297
15,func_metrics_02_CWatM_python,./models/02_CWatM/cwatm/cwatm_initial.py,CWATModel_ini,CLASS,70,6,B,62.0,109.0,2829.11064205505,21.1029411764706,59702.5554610146,3316.80863672303,0.943036880685016,CWatM,python,b1,34.0,0.013821328158402734,2459.9661921296297
16,func_metrics_02_CWatM_python,./models/02_CWatM/cwatm/cwatm_initial.py,CWATModel_ini.__init__,METHOD,87,5,A,60.0,92.0,2769.00450556066,19.5970149253731,54264.2226238978,3014.67903466099,0.923001501853555,CWatM,python,b1,31.0,0.012601799203249551,2459.9661921296297
17,func_metrics_02_CWatM_python,./models/02_CWatM/cwatm/cwatm_initial.py, Variables  (aggregate) ,CLASS_AGG,42,4,A,,,,,,,,CWatM,python,b1,,,
18,func_metrics_02_CWatM_python,./models/02_CWatM/cwatm/cwatm_initial.py, CWATModel_ini  (aggregate) ,CLASS_AGG,87,5,A,,,,,,,,CWatM,python,b1,,,
19,func_metrics_02_CWatM_python,./models/02_CWatM/cwatm/cwatm_initial.py, cwatm_initial.py  (module  aggregate) ,MODULE_AGG,1,9,B,,,,,,,,CWatM,python,b1,,,
20,func_metrics_02_CWatM_python,./models/02_CWatM/cwatm/cwatm_model.py,<module>,FUNCTION,1,1,A,2.0,,36.0,1.8,64.8,3.6,0.012,CWatM,python,b1,,,
21,func_metrics_02_CWatM_python,./models/02_CWatM/cwatm/cwatm_model.py,CWATModel,CLASS,4,1,A,1.0,2.0,24.0,2.5,60.0,3.33333333333333,0.008,CWatM,python,b1,3.0,0.0014766436589215436,2031.6343634259258
22,func_metrics_02_CWatM_python,./models/02_CWatM/cwatm/cwatm_model.py, cwatm_model.py  (module  aggregate) ,MODULE_AGG,1,0,A,,,,,,,,CWatM,python,b1,,,
23,func_metrics_02_CWatM_python,./models/02_CWatM/cwatm/run_cwatm.py,<module>,FUNCTION,1,4,A,27.0,,940.712766343838,8.47321428571429,7970.86085053842,442.82560280769,0.313570922114613,CWatM,python,b1,,,
24,func_metrics_02_CWatM_python,./models/02_CWatM/cwatm/run_cwatm.py,usage,FUNCTION,72,1,A,10.0,28.0,152.294196882304,7.125,1085.09615278642,60.2831195992454,0.0507647322941014,CWatM,python,b1,8.0,0.0032520772137418197,2459.9661921296297
25,func_metrics_02_CWatM_python,./models/02_CWatM/cwatm/run_cwatm.py,CWATMexe,FUNCTION,104,8,B,31.0,69.0,1707.09138213086,27.109756097561,46278.8310058159,2571.04616698977,0.569030460710287,CWatM,python,b1,11.0,0.004471606168895002,2459.9661921296297
26,func_metrics_02_CWatM_python,./models/02_CWatM/cwatm/run_cwatm.py,CWATMexe2,FUNCTION,174,5,A,23.0,46.0,1324.0660332154,22.3846153846154,29638.70889736,1646.59493874222,0.441355344405132,CWatM,python,b1,7.0,0.0028455675620240924,2459.9661921296297
27,func_metrics_02_CWatM_python,./models/02_CWatM/cwatm/run_cwatm.py,GNU,FUNCTION,230,1,A,10.0,24.0,160.182514419949,6.33333333333333,1014.48925799301,56.3605143329451,0.0533941714733164,CWatM,python,b1,5.0,0.0020325482585886374,2459.9661921296297
28,func_metrics_02_CWatM_python,./models/02_CWatM/cwatm/run_cwatm.py,headerinfo,FUNCTION,256,10,B,32.0,40.0,1329.22107517164,37.5,49845.7903189363,2769.21057327424,0.443073691723878,CWatM,python,b1,10.0,0.004065096517177275,2459.9661921296297
29,func_metrics_02_CWatM_python,./models/02_CWatM/cwatm/run_cwatm.py,mainwarm,FUNCTION,297,2,A,12.0,16.0,405.0,10.8,4374.0,243.0,0.135,CWatM,python,b1,10.0,0.004065096517177275,2459.9661921296297
30,func_metrics_02_CWatM_python,./models/02_CWatM/cwatm/run_cwatm.py,main,FUNCTION,316,5,A,15.0,18.0,447.084007751357,12.2941176470588,5496.50338941375,305.361299411875,0.149028002583786,CWatM,python,b1,7.0,0.0035445844934966046,1974.843599537037
31,func_metrics_02_CWatM_python,./models/02_CWatM/cwatm/run_cwatm.py,parse_args,FUNCTION,336,2,A,6.0,6.0,174.165028051187,12.8571428571429,2239.2646463724,124.403591465134,0.0580550093503957,CWatM,python,b1,4.0,0.002025476853426631,1974.843599537037
32,func_metrics_02_CWatM_python,./models/02_CWatM/cwatm/run_cwatm.py,run_from_command_line,FUNCTION,344,1,A,3.0,3.0,62.2697691354714,4.2,261.53303036898,14.5296127982766,0.0207565897118238,CWatM,python,b1,3.0,0.0015191076400699734,1974.843599537037
33,func_metrics_02_CWatM_python,./models/02_CWatM/cwatm/run_cwatm.py, run_cwatm.py  (module  aggregate) ,MODULE_AGG,1,35,E,,,,,,,,CWatM,python,b3,,,
34,func_metrics_02_CWatM_python,./models/02_CWatM/cwatm/__init__.py,<module>,FUNCTION,1,1,A,7.0,,69.7383500317309,0.9375,65.3797031547477,3.63220573081932,0.0232461166772436,CWatM,python,b1,,,
35,func_metrics_02_CWatM_python,./models/02_CWatM/cwatm/__init__.py, __init__.py  (module  aggregate) ,MODULE_AGG,1,0,A,,,,,,,,CWatM,python,b1,,,
36,func_metrics_02_CWatM_python,./models/02_CWatM/cwatm/hydrological_modules/capillarRise.py,<module>,FUNCTION,1,1,A,1.0,,22.4588393764608,2.0,44.9176787529217,2.49542659738454,0.0074862797921536,CWatM,python,b1,,,
37,func_metrics_02_CWatM_python,./models/02_CWatM/cwatm/hydrological_modules/capillarRise.py,capillarRise,CLASS,14,4,A,23.0,57.0,1621.93994468987,53.7115384615385,87116.8897215155,4839.82720675086,0.540646648229957,CWatM,python,b1,15.0,0.006097644775765912,2459.9661921296297
38,func_metrics_02_CWatM_python,./models/02_CWatM/cwatm/hydrological_modules/capillarRise.py,capillarRise.__init__,METHOD,35,1,A,3.0,3.0,69.188632372746,8.75,605.400533261527,33.6333629589737,0.023062877457582,CWatM,python,b1,4.0,0.0016260386068709099,2459.9661921296297
39,func_metrics_02_CWatM_python,./models/02_CWatM/cwatm/hydrological_modules/capillarRise.py,capillarRise.dynamic,METHOD,39,5,A,18.0,32.0,1428.96411703637,54.5454545454545,77943.497292893,4330.19429404961,0.476321372345457,CWatM,python,b1,5.0,0.0020325482585886374,2459.9661921296297
40,func_metrics_02_CWatM_python,./models/02_CWatM/cwatm/hydrological_modules/capillarRise.py, capillarRise  (aggregate) ,CLASS_AGG,35,6,B,,,,,,,,CWatM,python,b1,,,
41,func_metrics_02_CWatM_python,./models/02_CWatM/cwatm/hydrological_modules/capillarRise.py, capillarRise.py  (module  aggregate) ,MODULE_AGG,1,6,B,,,,,,,,CWatM,python,b1,,,
42,func_metrics_02_CWatM_python,./models/02_CWatM/cwatm/hydrological_modules/environflow.py,<module>,FUNCTION,1,1,A,2.0,,46.5069933284231,3.0,139.520979985269,7.75116555473718,0.0155023311094744,CWatM,python,b1,,,
43,func_metrics_02_CWatM_python,./models/02_CWatM/cwatm/hydrological_modules/environflow.py,environflow,CLASS,15,7,B,70.0,138.0,5077.71568524031,55.7631578947369,283149.461500637,15730.5256389243,1.6925718950801,CWatM,python,b1,15.0,0.006097644775765912,2459.9661921296297
44,func_metrics_02_CWatM_python,./models/02_CWatM/cwatm/hydrological_modules/environflow.py,environflow.__init__,METHOD,39,1,A,3.0,3.0,69.188632372746,8.75,605.400533261527,33.6333629589737,0.023062877457582,CWatM,python,b1,3.0,0.0012195289551531823,2459.9661921296297
45,func_metrics_02_CWatM_python,./models/02_CWatM/cwatm/hydrological_modules/environflow.py,environflow.initial,METHOD,43,7,B,29.0,38.0,1191.20932181401,32.2,38356.9401624113,2130.94112013396,0.397069773938005,CWatM,python,b1,8.0,0.0032520772137418197,2459.9661921296297
46,func_metrics_02_CWatM_python,./models/02_CWatM/cwatm/hydrological_modules/environflow.py,environflow.dynamic,METHOD,89,11,C,36.0,64.0,3322.08140151154,43.8189655172414,145570.170378303,8087.23168768351,1.10736046717051,CWatM,python,b2,8.0,0.0032520772137418197,2459.9661921296297
47,func_metrics_02_CWatM_python,./models/02_CWatM/cwatm/hydrological_modules/environflow.py, environflow  (aggregate) ,CLASS_AGG,39,19,C,,,,,,,,CWatM,python,b2,,,
48,func_metrics_02_CWatM_python,./models/02_CWatM/cwatm/hydrological_modules/environflow.py, environflow.py  (module  aggregate) ,MODULE_AGG,1,19,C,,,,,,,,CWatM,python,b2,,,
49,func_metrics_02_CWatM_python,./models/02_CWatM/cwatm/hydrological_modules/evaporation.py,<module>,FUNCTION,1,1,A,2.0,,30.0,2.0,60.0,3.33333333333333,0.01,CWatM,python,b1,,,
50,func_metrics_02_CWatM_python,./models/02_CWatM/cwatm/hydrological_modules/evaporation.py,evaporation,CLASS,14,26,D,301.0,574.0,33172.1588881991,227.03007518797,7531077.72653512,418393.207029729,11.0573862960664,CWatM,python,b3,47.0,0.014124185657203197,3327.625474537037
51,func_metrics_02_CWatM_python,./models/02_CWatM/cwatm/hydrological_modules/evaporation.py,evaporation.__init__,METHOD,96,1,A,4.0,4.0,75.2842125151443,7.7,579.688436366611,32.2049131314784,0.0250947375050481,CWatM,python,b1,6.0,0.001803087530706791,3327.625474537037
52,func_metrics_02_CWatM_python,./models/02_CWatM/cwatm/hydrological_modules/evaporation.py,evaporation.initial,METHOD,101,6,B,17.0,20.0,1359.21322598189,32.375,44004.5281911636,2444.6960106202,0.453071075327296,CWatM,python,b1,3.0,0.005792524769133137,517.9088773148148
53,func_metrics_02_CWatM_python,./models/02_CWatM/cwatm/hydrological_modules/evaporation.py,evaporation.dynamic,METHOD,122,68,F,278.0,466.0,30596.7368331271,224.393442622951,6865707.11101383,381428.172834102,10.198912277709,CWatM,python,b4,39.0,0.011720068949594141,3327.625474537037
54,func_metrics_02_CWatM_python,./models/02_CWatM/cwatm/hydrological_modules/evaporation.py, evaporation  (aggregate) ,CLASS_AGG,96,75,F,,,,,,,,CWatM,python,b4,,,
55,func_metrics_02_CWatM_python,./models/02_CWatM/cwatm/hydrological_modules/evaporation.py, evaporation.py  (module  aggregate) ,MODULE_AGG,1,75,F,,,,,,,,CWatM,python,b4,,,
56,func_metrics_02_CWatM_python,./models/02_CWatM/cwatm/hydrological_modules/evaporationPot.py,<module>,FUNCTION,1,1,A,1.0,,22.4588393764608,2.0,44.9176787529217,2.49542659738454,0.0074862797921536,CWatM,python,b1,,,
57,func_metrics_02_CWatM_python,./models/02_CWatM/cwatm/hydrological_modules/evaporationPot.py,evaporationPot,CLASS,14,5,A,152.0,399.0,14539.2352257969,107.111111111111,1557313.63974091,86517.4244300505,4.84641174193229,CWatM,python,b1,30.0,0.012195289551531823,2459.9661921296297
58,func_metrics_02_CWatM_python,./models/02_CWatM/cwatm/hydrological_modules/evaporationPot.py,evaporationPot.__init__,METHOD,57,1,A,4.0,6.0,75.2842125151443,7.7,579.688436366611,32.2049131314784,0.0250947375050481,CWatM,python,b1,4.0,0.0016260386068709099,2459.9661921296297
59,func_metrics_02_CWatM_python,./models/02_CWatM/cwatm/hydrological_modules/evaporationPot.py,evaporationPot.initial,METHOD,64,7,B,17.0,29.0,699.54926329837,22.9411764705882,16048.4830991979,891.582394399884,0.233183087766123,CWatM,python,b1,7.0,0.0028455675620240924,2459.9661921296297
60,func_metrics_02_CWatM_python,./models/02_CWatM/cwatm/hydrological_modules/evaporationPot.py,evaporationPot.initial_1,METHOD,97,2,A,8.0,23.0,266.875200092308,9.86363636363636,2632.35992818322,146.242218232401,0.0889584000307693,CWatM,python,b1,11.0,0.004471606168895002,2459.9661921296297
61,func_metrics_02_CWatM_python,./models/02_CWatM/cwatm/hydrological_modules/evaporationPot.py,evaporationPot.dynamic,METHOD,125,6,B,7.0,14.0,282.034936046273,10.15,2862.65460086968,159.036366714982,0.0940116453487578,CWatM,python,b1,8.0,0.0032520772137418197,2459.9661921296297
62,func_metrics_02_CWatM_python,./models/02_CWatM/cwatm/hydrological_modules/evaporationPot.py,evaporationPot.dynamic_1,METHOD,143,10,B,54.0,129.0,5471.13858098579,48.7285714285714,266600.767139179,14811.1537299544,1.8237128603286,CWatM,python,b1,11.0,0.004471606168895002,2459.9661921296297
63,func_metrics_02_CWatM_python,./models/02_CWatM/cwatm/hydrological_modules/evaporationPot.py,evaporationPot.dynamic_2,METHOD,284,5,A,29.0,57.0,2904.0,39.4255319148936,114491.744680851,6360.6524822695,0.968,CWatM,python,b1,9.0,0.003658586865459547,2459.9661921296297
64,func_metrics_02_CWatM_python,./models/02_CWatM/cwatm/hydrological_modules/evaporationPot.py,evaporationPot.dynamic_4,METHOD,342,2,A,31.0,71.0,3070.55221263409,36.48,112013.744716892,6222.9858176051,1.02351740421136,CWatM,python,b1,8.0,0.0034394038275140774,2325.9845023148146
65,func_metrics_02_CWatM_python,./models/02_CWatM/cwatm/hydrological_modules/evaporationPot.py, evaporationPot  (aggregate) ,CLASS_AGG,57,33,E,,,,,,,,CWatM,python,b3,,,
66,func_metrics_02_CWatM_python,./models/02_CWatM/cwatm/hydrological_modules/evaporationPot.py, evaporationPot.py  (module  aggregate) ,MODULE_AGG,1,33,E,,,,,,,,CWatM,python,b3,,,
67,func_metrics_02_CWatM_python,./models/02_CWatM/cwatm/hydrological_modules/groundwater.py,<module>,FUNCTION,1,1,A,1.0,,22.4588393764608,2.0,44.9176787529217,2.49542659738454,0.0074862797921536,CWatM,python,b1,,,
68,func_metrics_02_CWatM_python,./models/02_CWatM/cwatm/hydrological_modules/groundwater.py,groundwater,CLASS,14,4,A,43.0,108.0,2969.52195111635,62.25,184852.741456993,10269.5967476107,0.989840650372116,CWatM,python,b1,25.0,0.010162741292943187,2459.9661921296297
69,func_metrics_02_CWatM_python,./models/02_CWatM/cwatm/hydrological_modules/groundwater.py,groundwater.__init__,METHOD,40,1,A,3.0,3.0,69.188632372746,8.75,605.400533261527,33.6333629589737,0.023062877457582,CWatM,python,b1,3.0,0.0012195289551531823,2459.9661921296297
70,func_metrics_02_CWatM_python,./models/02_CWatM/cwatm/hydrological_modules/groundwater.py,groundwater.initial,METHOD,44,3,A,18.0,34.0,1173.57297532741,40.7142857142857,47781.1854240443,2654.5103013358,0.391190991775802,CWatM,python,b1,15.0,0.006097644775765912,2459.9661921296297
71,func_metrics_02_CWatM_python,./models/02_CWatM/cwatm/hydrological_modules/groundwater.py,groundwater.dynamic,METHOD,80,5,A,20.0,42.0,1384.77538134191,34.16,47303.9270266396,2627.99594592442,0.461591793780636,CWatM,python,b1,12.0,0.004878115820612729,2459.9661921296297
72,func_metrics_02_CWatM_python,./models/02_CWatM/cwatm/hydrological_modules/groundwater.py, groundwater  (aggregate) ,CLASS_AGG,40,9,B,,,,,,,,CWatM,python,b1,,,
73,func_metrics_02_CWatM_python,./models/02_CWatM/cwatm/hydrological_modules/groundwater.py, groundwater.py  (module  aggregate) ,MODULE_AGG,1,9,B,,,,,,,,CWatM,python,b1,,,
74,func_metrics_02_CWatM_python,./models/02_CWatM/cwatm/hydrological_modules/inflow.py,<module>,FUNCTION,1,1,A,2.0,,30.0,2.0,60.0,3.33333333333333,0.01,CWatM,python,b1,,,
75,func_metrics_02_CWatM_python,./models/02_CWatM/cwatm/hydrological_modules/inflow.py,inflow,CLASS,15,6,B,83.0,164.0,4375.39187489139,45.0227272727273,196992.075094542,10944.004171919,1.45846395829713,CWatM,python,b1,12.0,0.004878115820612729,2459.9661921296297
76,func_metrics_02_CWatM_python,./models/02_CWatM/cwatm/hydrological_modules/inflow.py,inflow.__init__,METHOD,39,1,A,3.0,3.0,69.188632372746,8.75,605.400533261527,33.6333629589737,0.023062877457582,CWatM,python,b1,3.0,0.0012195289551531823,2459.9661921296297
77,func_metrics_02_CWatM_python,./models/02_CWatM/cwatm/hydrological_modules/inflow.py,inflow.initial,METHOD,43,10,B,69.0,117.0,3448.95354806543,37.3355263157895,128768.495955732,7153.80533087402,1.14965118268848,CWatM,python,b1,3.0,0.0012195289551531823,2459.9661921296297
78,func_metrics_02_CWatM_python,./models/02_CWatM/cwatm/hydrological_modules/inflow.py,inflow.dynamic,METHOD,163,3,A,9.0,16.0,469.128653100336,15.8421052631579,7431.98550437901,412.888083576612,0.156376217700112,CWatM,python,b1,4.0,0.0016260386068709099,2459.9661921296297
79,func_metrics_02_CWatM_python,./models/02_CWatM/cwatm/hydrological_modules/inflow.py, inflow  (aggregate) ,CLASS_AGG,39,14,C,,,,,,,,CWatM,python,b2,,,
80,func_metrics_02_CWatM_python,./models/02_CWatM/cwatm/hydrological_modules/inflow.py, inflow.py  (module  aggregate) ,MODULE_AGG,1,14,C,,,,,,,,CWatM,python,b2,,,
81,func_metrics_02_CWatM_python,./models/02_CWatM/cwatm/hydrological_modules/initcondition.py,<module>,FUNCTION,1,1,A,2.0,,30.0,2.0,60.0,3.33333333333333,0.01,CWatM,python,b1,,,
82,func_metrics_02_CWatM_python,./models/02_CWatM/cwatm/hydrological_modules/initcondition.py,initcondition,CLASS,16,7,B,190.0,334.0,12344.4578157297,92.2037037037037,1138204.73082441,63233.5961569118,4.11481927190991,CWatM,python,b1,41.0,0.016666895720426827,2459.9661921296297
83,func_metrics_02_CWatM_python,./models/02_CWatM/cwatm/hydrological_modules/initcondition.py,initcondition.__init__,METHOD,49,1,A,3.0,3.0,69.188632372746,8.75,605.400533261527,33.6333629589737,0.023062877457582,CWatM,python,b1,3.0,0.0012195289551531823,2459.9661921296297
84,func_metrics_02_CWatM_python,./models/02_CWatM/cwatm/hydrological_modules/initcondition.py,initcondition.crops_initialise,METHOD,53,6,B,26.0,45.0,1898.24642614098,38.2878787878788,72679.8290736101,4037.76828186723,0.632748808713661,CWatM,python,b1,6.0,0.0038395821396978043,1562.6700462962963
85,func_metrics_02_CWatM_python,./models/02_CWatM/cwatm/hydrological_modules/initcondition.py,initcondition.reservoir_transfers,METHOD,99,3,A,9.0,13.0,548.833282813111,13.0,7134.83267657045,396.379593142803,0.18294442760437,CWatM,python,b1,8.0,0.006765450134262178,1182.478599537037
86,func_metrics_02_CWatM_python,./models/02_CWatM/cwatm/hydrological_modules/initcondition.py,initcondition.wastewater_to_reservoirs,METHOD,114,2,A,7.0,15.0,351.747938037468,13.59375,4781.57353269683,265.642974038713,0.117249312679156,CWatM,python,b1,3.0,0.002537043800348317,1182.478599537037
87,func_metrics_02_CWatM_python,./models/02_CWatM/cwatm/hydrological_modules/initcondition.py,initcondition.wasterwater_def,METHOD,130,2,A,8.0,9.0,460.0,17.2058823529412,7914.70588235294,439.705882352941,0.153333333333333,CWatM,python,b1,5.0,0.0020325482585886374,2459.9661921296297
88,func_metrics_02_CWatM_python,./models/02_CWatM/cwatm/hydrological_modules/initcondition.py,initcondition.desalinationCapacity,METHOD,140,3,A,12.0,14.0,605.403376521844,17.7083333333333,10720.6847925743,595.593599587462,0.201801125507281,CWatM,python,b1,3.0,0.0012195289551531823,2459.9661921296297
89,func_metrics_02_CWatM_python,./models/02_CWatM/cwatm/hydrological_modules/initcondition.py,initcondition.initial,METHOD,156,32,E,111.0,169.0,5619.5552958942,66.5357142857143,373901.125580389,20772.2847544661,1.8731850986314,CWatM,python,b3,13.0,0.005284625472330457,2459.9661921296297
90,func_metrics_02_CWatM_python,./models/02_CWatM/cwatm/hydrological_modules/initcondition.py,initcondition.dynamic,METHOD,330,4,A,12.0,20.0,507.799018677552,16.5,8378.6838081796,465.482433787756,0.169266339559184,CWatM,python,b1,5.0,0.0020325482585886374,2459.9661921296297
91,func_metrics_02_CWatM_python,./models/02_CWatM/cwatm/hydrological_modules/initcondition.py, initcondition  (aggregate) ,CLASS_AGG,49,53,F,,,,,,,,CWatM,python,b4,,,
92,func_metrics_02_CWatM_python,./models/02_CWatM/cwatm/hydrological_modules/initcondition.py, initcondition.py  (module  aggregate) ,MODULE_AGG,1,53,F,,,,,,,,CWatM,python,b4,,,
93,func_metrics_02_CWatM_python,./models/02_CWatM/cwatm/hydrological_modules/interception.py,<module>,FUNCTION,1,1,A,1.0,,22.4588393764608,2.0,44.9176787529217,2.49542659738454,0.0074862797921536,CWatM,python,b1,,,
94,func_metrics_02_CWatM_python,./models/02_CWatM/cwatm/hydrological_modules/interception.py,interception,CLASS,14,5,A,34.0,102.0,3213.92239780477,51.85,166641.876326177,9257.88201812097,1.07130746593492,CWatM,python,b1,15.0,0.006097644775765912,2459.9661921296297
95,func_metrics_02_CWatM_python,./models/02_CWatM/cwatm/hydrological_modules/interception.py,interception.__init__,METHOD,41,1,A,3.0,3.0,69.188632372746,8.75,605.400533261527,33.6333629589737,0.023062877457582,CWatM,python,b1,4.0,0.0016260386068709099,2459.9661921296297
96,func_metrics_02_CWatM_python,./models/02_CWatM/cwatm/hydrological_modules/interception.py,interception.dynamic,METHOD,46,7,B,29.0,70.0,3001.43031819112,49.945945945946,149909.276432897,8328.29313516094,1.00047677273037,CWatM,python,b1,6.0,0.0024390579103063647,2459.9661921296297
97,func_metrics_02_CWatM_python,./models/02_CWatM/cwatm/hydrological_modules/interception.py, interception  (aggregate) ,CLASS_AGG,41,8,B,,,,,,,,CWatM,python,b1,,,
98,func_metrics_02_CWatM_python,./models/02_CWatM/cwatm/hydrological_modules/interception.py, interception.py  (module  aggregate) ,MODULE_AGG,1,8,B,,,,,,,,CWatM,python,b1,,,
99,func_metrics_02_CWatM_python,./models/02_CWatM/cwatm/hydrological_modules/lakes_reservoirs.py,<module>,FUNCTION,1,1,A,4.0,,100.378950020192,2.75,276.042112555529,15.3356729197516,0.0334596500067308,CWatM,python,b1,,,
100,func_metrics_02_CWatM_python,./models/02_CWatM/cwatm/hydrological_modules/lakes_reservoirs.py,lakes_reservoirs,CLASS,17,8,B,458.0,1021.0,51220.3565170064,167.028571428571,8555262.9770977,475292.387616539,17.0734521723355,CWatM,python,b1,79.0,0.03211426248570047,2459.9661921296297
101,func_metrics_02_CWatM_python,./models/02_CWatM/cwatm/hydrological_modules/lakes_reservoirs.py,lakes_reservoirs.__init__,METHOD,200,1,A,3.0,3.0,69.188632372746,8.75,605.400533261527,33.6333629589737,0.023062877457582,CWatM,python,b1,3.0,0.0012195289551531823,2459.9661921296297
102,func_metrics_02_CWatM_python,./models/02_CWatM/cwatm/hydrological_modules/lakes_reservoirs.py,lakes_reservoirs.reservoir_releases,METHOD,204,12,C,21.0,27.0,1314.60774554157,23.4677419354839,30850.8753187578,1713.93751770877,0.43820258184719,CWatM,python,b2,6.0,0.0075118042482933585,798.7428587962962
103,func_metrics_02_CWatM_python,./models/02_CWatM/cwatm/hydrological_modules/lakes_reservoirs.py,lakes_reservoirs.initWaterbodies,METHOD,233,14,C,122.0,214.0,12628.2369135982,81.4469696969697,1028531.62922799,57140.6460682215,4.20941230453274,CWatM,python,b2,2.0,0.0008130193034354549,2459.9661921296297
104,func_metrics_02_CWatM_python,./models/02_CWatM/cwatm/hydrological_modules/lakes_reservoirs.py,lakes_reservoirs.initial_lakes,METHOD,449,4,A,24.0,46.0,1703.84713297646,31.4166666666667,53529.1974276771,2973.84430153762,0.567949044325486,CWatM,python,b1,10.0,0.004065096517177275,2459.9661921296297
105,func_metrics_02_CWatM_python,./models/02_CWatM/cwatm/hydrological_modules/lakes_reservoirs.py,lakes_reservoirs.initial_reservoirs,METHOD,496,2,A,35.0,52.0,3453.07088838553,51.6071428571429,178203.122632753,9900.1734795974,1.15102362946184,CWatM,python,b1,16.0,0.0065041544274836395,2459.9661921296297
106,func_metrics_02_CWatM_python,./models/02_CWatM/cwatm/hydrological_modules/lakes_reservoirs.py,lakes_reservoirs.dynamic,METHOD,552,12,C,43.0,68.0,3326.32497625049,67.0,222863.773408783,12381.3207449324,1.10877499208349,CWatM,python,b2,13.0,0.005284625472330457,2459.9661921296297
107,func_metrics_02_CWatM_python,./models/02_CWatM/cwatm/hydrological_modules/lakes_reservoirs.py,lakes_reservoirs.dynamic_inloop,METHOD,621,7,B,208.0,417.0,19965.5364068498,107.748251748252,2151251.64305414,119513.980169675,6.65517880228328,CWatM,python,b1,1.0,0.00040650965171772747,2459.9661921296297
108,func_metrics_02_CWatM_python,./models/02_CWatM/cwatm/hydrological_modules/lakes_reservoirs.py, lakes_reservoirs  (aggregate) ,CLASS_AGG,200,52,F,,,,,,,,CWatM,python,b4,,,
109,func_metrics_02_CWatM_python,./models/02_CWatM/cwatm/hydrological_modules/lakes_reservoirs.py, lakes_reservoirs.py  (module  aggregate) ,MODULE_AGG,1,52,F,,,,,,,,CWatM,python,b4,,,
110,func_metrics_02_CWatM_python,./models/02_CWatM/cwatm/hydrological_modules/lakes_res_small.py,<module>,FUNCTION,1,1,A,3.0,,89.9452220845697,2.85714285714286,256.986348813056,14.2770193785031,0.0299817406948566,CWatM,python,b1,,,
111,func_metrics_02_CWatM_python,./models/02_CWatM/cwatm/hydrological_modules/lakes_res_small.py,lakes_res_small,CLASS,19,7,B,122.0,299.0,10155.3136336508,112.014084507042,1137538.15955528,63196.5644197376,3.38510454455026,CWatM,python,b1,21.0,0.008536702686072277,2459.9661921296297
112,func_metrics_02_CWatM_python,./models/02_CWatM/cwatm/hydrological_modules/lakes_res_small.py,lakes_res_small.__init__,METHOD,65,1,A,3.0,3.0,69.188632372746,8.75,605.400533261527,33.6333629589737,0.023062877457582,CWatM,python,b1,3.0,0.0012195289551531823,2459.9661921296297
113,func_metrics_02_CWatM_python,./models/02_CWatM/cwatm/hydrological_modules/lakes_res_small.py,lakes_res_small.initial,METHOD,69,7,B,34.0,65.0,2982.0,46.5652173913044,138857.47826087,7714.30434782609,0.994,CWatM,python,b1,6.0,0.0024390579103063647,2459.9661921296297
114,func_metrics_02_CWatM_python,./models/02_CWatM/cwatm/hydrological_modules/lakes_res_small.py,lakes_res_small.dynamic,METHOD,142,11,C,83.0,176.0,6369.32947108754,83.037037037037,528890.247191788,29382.7915106549,2.12310982369585,CWatM,python,b2,3.0,0.0012195289551531823,2459.9661921296297
115,func_metrics_02_CWatM_python,./models/02_CWatM/cwatm/hydrological_modules/lakes_res_small.py, lakes_res_small  (aggregate) ,CLASS_AGG,65,19,C,,,,,,,,CWatM,python,b2,,,
116,func_metrics_02_CWatM_python,./models/02_CWatM/cwatm/hydrological_modules/lakes_res_small.py, lakes_res_small.py  (module  aggregate) ,MODULE_AGG,1,19,C,,,,,,,,CWatM,python,b2,,,
117,func_metrics_02_CWatM_python,./models/02_CWatM/cwatm/hydrological_modules/landcoverType.py,<module>,FUNCTION,1,1,A,1.0,,22.4588393764608,2.0,44.9176787529217,2.49542659738454,0.0074862797921536,CWatM,python,b1,,,
118,func_metrics_02_CWatM_python,./models/02_CWatM/cwatm/hydrological_modules/landcoverType.py,decompress,FUNCTION,13,2,A,7.0,14.0,257.84303149525,13.0909090909091,3375.39968502872,187.522204723818,0.0859476771650833,CWatM,python,b1,3.0,0.0012195289551531823,2459.9661921296297
119,func_metrics_02_CWatM_python,./models/02_CWatM/cwatm/hydrological_modules/landcoverType.py,landcoverType,CLASS,28,25,D,441.0,955.0,56829.0389661536,150.560553633218,8556211.5691878,475345.0871771,18.9430129887178,CWatM,python,b3,62.0,0.025203598406499102,2459.9661921296297
120,func_metrics_02_CWatM_python,./models/02_CWatM/cwatm/hydrological_modules/landcoverType.py,landcoverType.__init__,METHOD,200,1,A,3.0,3.0,69.188632372746,8.75,605.400533261527,33.6333629589737,0.023062877457582,CWatM,python,b1,4.0,0.0016260386068709099,2459.9661921296297
121,func_metrics_02_CWatM_python,./models/02_CWatM/cwatm/hydrological_modules/landcoverType.py,landcoverType.initial,METHOD,205,44,F,212.0,355.0,27992.1094390721,102.5,2869191.21750489,159399.512083605,9.33070314635736,CWatM,python,b3,28.0,0.01138227024809637,2459.9661921296297
122,func_metrics_02_CWatM_python,./models/02_CWatM/cwatm/hydrological_modules/landcoverType.py,landcoverType.dynamic_fracIrrigation,METHOD,562,15,C,50.0,122.0,3923.81536854495,65.6162790697675,257466.164240688,14303.6757911493,1.30793845618165,CWatM,python,b2,17.0,0.006910664079201367,2459.9661921296297
123,func_metrics_02_CWatM_python,./models/02_CWatM/cwatm/hydrological_modules/landcoverType.py,landcoverType.dynamic,METHOD,695,37,E,173.0,288.0,18209.9975252367,101.343065693431,1845456.97547727,102525.387526515,6.0699991750789,CWatM,python,b3,21.0,0.008536702686072277,2459.9661921296297
124,func_metrics_02_CWatM_python,./models/02_CWatM/cwatm/hydrological_modules/landcoverType.py, landcoverType  (aggregate) ,CLASS_AGG,200,97,F,,,,,,,,CWatM,python,b4,,,
125,func_metrics_02_CWatM_python,./models/02_CWatM/cwatm/hydrological_modules/landcoverType.py, landcoverType.py  (module  aggregate) ,MODULE_AGG,1,99,F,,,,,,,,CWatM,python,b4,,,
126,func_metrics_02_CWatM_python,./models/02_CWatM/cwatm/hydrological_modules/miscInitial.py,<module>,FUNCTION,1,1,A,1.0,,22.4588393764608,2.0,44.9176787529217,2.49542659738454,0.0074862797921536,CWatM,python,b1,,,
127,func_metrics_02_CWatM_python,./models/02_CWatM/cwatm/hydrological_modules/miscInitial.py,miscInitial,CLASS,14,3,A,25.0,115.0,1169.76470951822,27.0,31583.647156992,1754.64706427733,0.389921569839407,CWatM,python,b1,18.0,0.007317173730919094,2459.9661921296297
128,func_metrics_02_CWatM_python,./models/02_CWatM/cwatm/hydrological_modules/miscInitial.py,miscInitial.__init__,METHOD,48,1,A,3.0,3.0,69.188632372746,8.75,605.400533261527,33.6333629589737,0.023062877457582,CWatM,python,b1,3.0,0.0012195289551531823,2459.9661921296297
129,func_metrics_02_CWatM_python,./models/02_CWatM/cwatm/hydrological_modules/miscInitial.py,miscInitial.initial,METHOD,53,2,A,20.0,76.0,983.084812708378,23.75,23348.264301824,1297.12579454578,0.327694937569459,CWatM,python,b1,7.0,0.0028455675620240924,2459.9661921296297
130,func_metrics_02_CWatM_python,./models/02_CWatM/cwatm/hydrological_modules/miscInitial.py, miscInitial  (aggregate) ,CLASS_AGG,48,3,A,,,,,,,,CWatM,python,b1,,,
131,func_metrics_02_CWatM_python,./models/02_CWatM/cwatm/hydrological_modules/miscInitial.py, miscInitial.py  (module  aggregate) ,MODULE_AGG,1,3,A,,,,,,,,CWatM,python,b1,,,
132,func_metrics_02_CWatM_python,./models/02_CWatM/cwatm/hydrological_modules/readmeteo.py,<module>,FUNCTION,1,1,A,3.0,,62.2697691354714,2.28571428571429,142.330900881077,7.90727227117096,0.0207565897118238,CWatM,python,b1,,,
133,func_metrics_02_CWatM_python,./models/02_CWatM/cwatm/hydrological_modules/readmeteo.py,readmeteo,CLASS,15,31,E,419.0,817.0,42754.3634569532,168.85046728972,7219094.24838106,401060.791576726,14.2514544856511,CWatM,python,b3,59.0,0.02398406945134592,2459.9661921296297
134,func_metrics_02_CWatM_python,./models/02_CWatM/cwatm/hydrological_modules/readmeteo.py,readmeteo.__init__,METHOD,84,1,A,3.0,3.0,69.188632372746,8.75,605.400533261527,33.6333629589737,0.023062877457582,CWatM,python,b1,3.0,0.0012195289551531823,2459.9661921296297
135,func_metrics_02_CWatM_python,./models/02_CWatM/cwatm/hydrological_modules/readmeteo.py,readmeteo.initial,METHOD,88,38,E,119.0,195.0,7546.52552212627,58.4269662921348,440920.592304007,24495.5884613337,2.51550850737542,CWatM,python,b3,33.0,0.013414818506685007,2459.9661921296297
136,func_metrics_02_CWatM_python,./models/02_CWatM/cwatm/hydrological_modules/readmeteo.py,readmeteo.downscaling2,METHOD,379,36,E,123.0,177.0,10857.724908165,77.0380434782609,836457.88355021,46469.8824194561,3.61924163605499,CWatM,python,b3,22.0,0.008943212337790003,2459.9661921296297
137,func_metrics_02_CWatM_python,./models/02_CWatM/cwatm/hydrological_modules/readmeteo.py,readmeteo.dynamic,METHOD,563,44,F,171.0,269.0,18275.1701540919,156.962765957447,2868521.25572924,159362.291984958,6.09172338469729,CWatM,python,b3,37.0,0.015040857113555916,2459.9661921296297
138,func_metrics_02_CWatM_python,./models/02_CWatM/cwatm/hydrological_modules/readmeteo.py, readmeteo  (aggregate) ,CLASS_AGG,84,119,F,,,,,,,,CWatM,python,b4,,,
139,func_metrics_02_CWatM_python,./models/02_CWatM/cwatm/hydrological_modules/readmeteo.py, readmeteo.py  (module  aggregate) ,MODULE_AGG,1,119,F,,,,,,,,CWatM,python,b4,,,
140,func_metrics_02_CWatM_python,./models/02_CWatM/cwatm/hydrological_modules/runoff_concentration.py,<module>,FUNCTION,1,1,A,1.0,,22.4588393764608,2.0,44.9176787529217,2.49542659738454,0.0074862797921536,CWatM,python,b1,,,
141,func_metrics_02_CWatM_python,./models/02_CWatM/cwatm/hydrological_modules/runoff_concentration.py,runoff_concentration,CLASS,16,7,B,91.0,274.0,8449.25448457592,78.4756097560976,663060.397661537,36836.6887589743,2.81641816152531,CWatM,python,b1,26.0,0.010569250944660914,2459.9661921296297
142,func_metrics_02_CWatM_python,./models/02_CWatM/cwatm/hydrological_modules/runoff_concentration.py,runoff_concentration.__init__,METHOD,72,1,A,3.0,3.0,69.188632372746,8.75,605.400533261527,33.6333629589737,0.023062877457582,CWatM,python,b1,3.0,0.0012195289551531823,2459.9661921296297
143,func_metrics_02_CWatM_python,./models/02_CWatM/cwatm/hydrological_modules/runoff_concentration.py,runoff_concentration.initial,METHOD,76,7,B,36.0,90.0,2814.0,46.2333333333333,130100.6,7227.81111111111,0.938,CWatM,python,b1,10.0,0.004065096517177275,2459.9661921296297
144,func_metrics_02_CWatM_python,./models/02_CWatM/cwatm/hydrological_modules/runoff_concentration.py,runoff_concentration.dynamic,METHOD,173,10,B,50.0,117.0,4704.55654642108,64.4903846153846,303398.661123521,16855.481173529,1.56818551547369,CWatM,python,b1,3.0,0.0012195289551531823,2459.9661921296297
145,func_metrics_02_CWatM_python,./models/02_CWatM/cwatm/hydrological_modules/runoff_concentration.py, runoff_concentration  (aggregate) ,CLASS_AGG,72,18,C,,,,,,,,CWatM,python,b2,,,
146,func_metrics_02_CWatM_python,./models/02_CWatM/cwatm/hydrological_modules/runoff_concentration.py, runoff_concentration.py  (module  aggregate) ,MODULE_AGG,1,18,C,,,,,,,,CWatM,python,b2,,,
147,func_metrics_02_CWatM_python,./models/02_CWatM/cwatm/hydrological_modules/sealed_water.py,<module>,FUNCTION,1,1,A,1.0,,22.4588393764608,2.0,44.9176787529217,2.49542659738454,0.0074862797921536,CWatM,python,b1,,,
148,func_metrics_02_CWatM_python,./models/02_CWatM/cwatm/hydrological_modules/sealed_water.py,sealed_water,CLASS,14,5,A,28.0,67.0,1633.04912239323,40.3448275862069,65885.0852827612,3660.28251570895,0.544349707464408,CWatM,python,b1,18.0,0.007317173730919094,2459.9661921296297
149,func_metrics_02_CWatM_python,./models/02_CWatM/cwatm/hydrological_modules/sealed_water.py,sealed_water.__init__,METHOD,43,1,A,3.0,3.0,69.188632372746,8.75,605.400533261527,33.6333629589737,0.023062877457582,CWatM,python,b1,3.0,0.0012195289551531823,2459.9661921296297
150,func_metrics_02_CWatM_python,./models/02_CWatM/cwatm/hydrological_modules/sealed_water.py,sealed_water.dynamic,METHOD,47,6,B,23.0,34.0,1448.81268950546,38.25,55417.0853735839,3078.7269651991,0.482937563168487,CWatM,python,b1,9.0,0.003658586865459547,2459.9661921296297
151,func_metrics_02_CWatM_python,./models/02_CWatM/cwatm/hydrological_modules/sealed_water.py, sealed_water  (aggregate) ,CLASS_AGG,43,7,B,,,,,,,,CWatM,python,b1,,,
152,func_metrics_02_CWatM_python,./models/02_CWatM/cwatm/hydrological_modules/sealed_water.py, sealed_water.py  (module  aggregate) ,MODULE_AGG,1,7,B,,,,,,,,CWatM,python,b1,,,
153,func_metrics_02_CWatM_python,./models/02_CWatM/cwatm/hydrological_modules/snow_frost.py,<module>,FUNCTION,1,1,A,1.0,,22.4588393764608,2.0,44.9176787529217,2.49542659738454,0.0074862797921536,CWatM,python,b1,,,
154,func_metrics_02_CWatM_python,./models/02_CWatM/cwatm/hydrological_modules/snow_frost.py,snow_frost,CLASS,13,12,C,197.0,461.0,17997.0352497119,118.118518518519,2125783.14142153,118099.063412307,5.99901174990397,CWatM,python,b2,39.0,0.01585387641699137,2459.9661921296297
155,func_metrics_02_CWatM_python,./models/02_CWatM/cwatm/hydrological_modules/snow_frost.py,snow_frost.__init__,METHOD,80,1,A,3.0,3.0,69.188632372746,8.75,605.400533261527,33.6333629589737,0.023062877457582,CWatM,python,b1,4.0,0.0016260386068709099,2459.9661921296297
156,func_metrics_02_CWatM_python,./models/02_CWatM/cwatm/hydrological_modules/snow_frost.py,snow_frost.initial,METHOD,85,11,C,68.0,140.0,4418.63775986016,45.4262295081967,200722.052992992,11151.2251662773,1.47287925328672,CWatM,python,b2,20.0,0.00813019303435455,2459.9661921296297
157,func_metrics_02_CWatM_python,./models/02_CWatM/cwatm/hydrological_modules/snow_frost.py,snow_frost.dynamic,METHOD,229,20,C,124.0,245.0,12307.8188279221,93.1034482758621,1145900.37363412,63661.1318685623,4.10260627597402,CWatM,python,b2,22.0,0.008943212337790003,2459.9661921296297
158,func_metrics_02_CWatM_python,./models/02_CWatM/cwatm/hydrological_modules/snow_frost.py, snow_frost  (aggregate) ,CLASS_AGG,80,32,E,,,,,,,,CWatM,python,b3,,,
159,func_metrics_02_CWatM_python,./models/02_CWatM/cwatm/hydrological_modules/snow_frost.py, snow_frost.py  (module  aggregate) ,MODULE_AGG,1,32,E,,,,,,,,CWatM,python,b3,,,
160,func_metrics_02_CWatM_python,./models/02_CWatM/cwatm/hydrological_modules/soil.py,<module>,FUNCTION,1,1,A,1.0,,22.4588393764608,2.0,44.9176787529217,2.49542659738454,0.0074862797921536,CWatM,python,b1,,,
161,func_metrics_02_CWatM_python,./models/02_CWatM/cwatm/hydrological_modules/soil.py,soil,CLASS,14,12,C,311.0,782.0,47788.8545773104,156.971428571429,7501484.77279267,416749.154044037,15.9296181924368,CWatM,python,b2,48.0,0.019512463282450918,2459.9661921296297
162,func_metrics_02_CWatM_python,./models/02_CWatM/cwatm/hydrological_modules/soil.py,soil.__init__,METHOD,139,1,A,3.0,3.0,69.188632372746,8.75,605.400533261527,33.6333629589737,0.023062877457582,CWatM,python,b1,3.0,0.0012195289551531823,2459.9661921296297
163,func_metrics_02_CWatM_python,./models/02_CWatM/cwatm/hydrological_modules/soil.py,soil.initial,METHOD,143,4,A,26.0,68.0,1869.69837809036,33.9705882352941,63514.753726305,3528.59742923917,0.623232792696788,CWatM,python,b1,11.0,0.004471606168895002,2459.9661921296297
164,func_metrics_02_CWatM_python,./models/02_CWatM/cwatm/hydrological_modules/soil.py,soil.dynamic,METHOD,215,28,D,280.0,581.0,44024.435362446,159.516129032258,7022607.51184824,390144.861769347,14.674811787482,CWatM,python,b3,28.0,0.01138227024809637,2459.9661921296297
165,func_metrics_02_CWatM_python,./models/02_CWatM/cwatm/hydrological_modules/soil.py, soil  (aggregate) ,CLASS_AGG,139,33,E,,,,,,,,CWatM,python,b3,,,
166,func_metrics_02_CWatM_python,./models/02_CWatM/cwatm/hydrological_modules/soil.py, soil.py  (module  aggregate) ,MODULE_AGG,1,33,E,,,,,,,,CWatM,python,b3,,,
167,func_metrics_02_CWatM_python,./models/02_CWatM/cwatm/hydrological_modules/waterbalance.py,<module>,FUNCTION,1,1,A,1.0,,22.4588393764608,2.0,44.9176787529217,2.49542659738454,0.0074862797921536,CWatM,python,b1,,,
168,func_metrics_02_CWatM_python,./models/02_CWatM/cwatm/hydrological_modules/waterbalance.py,waterbalance,CLASS,14,7,B,189.0,446.0,14534.3774266302,90.8,1319721.47033802,73317.8594632234,4.8447924755434,CWatM,python,b1,,,
169,func_metrics_02_CWatM_python,./models/02_CWatM/cwatm/hydrological_modules/waterbalance.py,waterbalance.__init__,METHOD,95,1,A,3.0,3.0,69.188632372746,8.75,605.400533261527,33.6333629589737,0.023062877457582,CWatM,python,b1,,,
170,func_metrics_02_CWatM_python,./models/02_CWatM/cwatm/hydrological_modules/waterbalance.py,waterbalance.initial,METHOD,102,4,A,15.0,29.0,739.956310640715,18.48,13674.3926206404,759.688478924467,0.246652103546905,CWatM,python,b1,,,
171,func_metrics_02_CWatM_python,./models/02_CWatM/cwatm/hydrological_modules/waterbalance.py,waterbalance.waterBalanceCheck,METHOD,137,10,B,27.0,51.0,1064.65418790024,27.6818181818182,29471.5636559658,1637.3090919981,0.354884729300081,CWatM,python,b1,,,
172,func_metrics_02_CWatM_python,./models/02_CWatM/cwatm/hydrological_modules/waterbalance.py,waterbalance.waterBalanceCheckSum,METHOD,191,10,B,25.0,56.0,1291.3832641465,26.1818181818182,33810.7618249265,1878.37565694036,0.430461088048833,CWatM,python,b1,,,
173,func_metrics_02_CWatM_python,./models/02_CWatM/cwatm/hydrological_modules/waterbalance.py,waterbalance.checkWaterSoilGround,METHOD,255,10,B,112.0,160.0,8933.90460483662,58.1012658227848,519071.166281014,28837.2870156119,2.97796820161221,CWatM,python,b1,,,
174,func_metrics_02_CWatM_python,./models/02_CWatM/cwatm/hydrological_modules/waterbalance.py,waterbalance.dynamic,METHOD,443,2,A,4.0,17.0,204.326325070673,16.5,3371.38436366611,187.299131314784,0.0681087750235578,CWatM,python,b1,,,
175,func_metrics_02_CWatM_python,./models/02_CWatM/cwatm/hydrological_modules/waterbalance.py, waterbalance  (aggregate) ,CLASS_AGG,95,37,E,,,,,,,,CWatM,python,b3,,,
176,func_metrics_02_CWatM_python,./models/02_CWatM/cwatm/hydrological_modules/waterbalance.py, waterbalance.py  (module  aggregate) ,MODULE_AGG,1,37,E,,,,,,,,CWatM,python,b3,,,
177,func_metrics_02_CWatM_python,./models/02_CWatM/cwatm/hydrological_modules/waterquality1.py,<module>,FUNCTION,1,1,A,1.0,,22.4588393764608,2.0,44.9176787529217,2.49542659738454,0.0074862797921536,CWatM,python,b1,,,
178,func_metrics_02_CWatM_python,./models/02_CWatM/cwatm/hydrological_modules/waterquality1.py,waterquality1,CLASS,14,3,A,41.0,124.0,2800.40103305823,44.4255319148936,124409.30546863,6911.62808159053,0.93346701101941,CWatM,python,b1,16.0,0.006803355012711629,2351.7808449074073
179,func_metrics_02_CWatM_python,./models/02_CWatM/cwatm/hydrological_modules/waterquality1.py,waterquality1.__init__,METHOD,45,1,A,3.0,3.0,69.188632372746,8.75,605.400533261527,33.6333629589737,0.023062877457582,CWatM,python,b1,3.0,0.0012756290648834306,2351.7808449074073
180,func_metrics_02_CWatM_python,./models/02_CWatM/cwatm/hydrological_modules/waterquality1.py,waterquality1.initial,METHOD,49,3,A,14.0,19.0,893.868503103473,28.1111111111111,25127.6368094643,1395.97982274802,0.297956167701158,CWatM,python,b1,5.0,0.002126048441472384,2351.7808449074073
181,func_metrics_02_CWatM_python,./models/02_CWatM/cwatm/hydrological_modules/waterquality1.py,waterquality1.dynamic,METHOD,73,2,A,22.0,65.0,1418.58047518317,28.8636363636364,40945.3909882416,2274.7439437912,0.472860158394391,CWatM,python,b1,10.0,0.004252096882944768,2351.7808449074073
182,func_metrics_02_CWatM_python,./models/02_CWatM/cwatm/hydrological_modules/waterquality1.py, waterquality1  (aggregate) ,CLASS_AGG,45,6,B,,,,,,,,CWatM,python,b1,,,
183,func_metrics_02_CWatM_python,./models/02_CWatM/cwatm/hydrological_modules/waterquality1.py, waterquality1.py  (module  aggregate) ,MODULE_AGG,1,6,B,,,,,,,,CWatM,python,b1,,,
184,func_metrics_02_CWatM_python,./models/02_CWatM/cwatm/hydrological_modules/__init__.py,<module>,FUNCTION,1,1,A,0.0,,0.0,0.0,0.0,0.0,0.0,CWatM,python,b1,,,
185,func_metrics_02_CWatM_python,./models/02_CWatM/cwatm/hydrological_modules/__init__.py, __init__.py  (module  aggregate) ,MODULE_AGG,1,0,A,,,,,,,,CWatM,python,b1,,,
186,func_metrics_02_CWatM_python,./models/02_CWatM/cwatm/hydrological_modules/groundwater_modflow/modflow6.py,<module>,FUNCTION,1,1,A,6.0,,62.2697691354714,1.6875,105.080235416108,5.83779085645044,0.0207565897118238,CWatM,python,b1,,,
187,func_metrics_02_CWatM_python,./models/02_CWatM/cwatm/hydrological_modules/groundwater_modflow/modflow6.py,cd,FUNCTION,14,1,A,7.0,7.0,151.236125126263,7.875,1190.98448536932,66.1658047427399,0.0504120417087542,CWatM,python,b1,1.0,0.0006399303566163007,1562.6700462962963
188,func_metrics_02_CWatM_python,./models/02_CWatM/cwatm/hydrological_modules/groundwater_modflow/modflow6.py,ModFlowSimulation,CLASS,23,4,A,203.0,297.0,13522.6265344672,61.3737373737374,829934.129529524,46107.4516405291,4.50754217815574,CWatM,python,b1,13.0,0.007932163056798017,1638.8972222222221
189,func_metrics_02_CWatM_python,./models/02_CWatM/cwatm/hydrological_modules/groundwater_modflow/modflow6.py,ModFlowSimulation.__init__,METHOD,24,11,C,116.0,162.0,7151.77773870392,29.7824427480916,212997.411050026,11833.1895027792,2.38392591290131,CWatM,python,b2,13.0,0.007932163056798017,1638.8972222222221
190,func_metrics_02_CWatM_python,./models/02_CWatM/cwatm/hydrological_modules/groundwater_modflow/modflow6.py,ModFlowSimulation.bmi_return,METHOD,187,1,A,4.0,6.0,144.429535457082,5.45454545454545,787.797466129538,43.7665258960854,0.048143178485694,CWatM,python,b1,1.0,0.0006399303566163007,1562.6700462962963
191,func_metrics_02_CWatM_python,./models/02_CWatM/cwatm/hydrological_modules/groundwater_modflow/modflow6.py,ModFlowSimulation.load_bmi,METHOD,194,8,B,42.0,67.0,2358.32315693329,32.4528301886792,76534.2609419859,4251.90338566588,0.786107718977762,CWatM,python,b1,5.0,0.003050831944922314,1638.8972222222221
192,func_metrics_02_CWatM_python,./models/02_CWatM/cwatm/hydrological_modules/groundwater_modflow/modflow6.py,ModFlowSimulation.compress,METHOD,262,1,A,2.0,2.0,68.114287513702,5.6,381.440010076731,21.1911116709295,0.0227047625045673,CWatM,python,b1,1.0,0.0006399303566163007,1562.6700462962963
193,func_metrics_02_CWatM_python,./models/02_CWatM/cwatm/hydrological_modules/groundwater_modflow/modflow6.py,ModFlowSimulation.decompress,METHOD,265,1,A,4.0,4.0,172.877123795495,9.5,1642.3326760572,91.2407042253999,0.0576257079318315,CWatM,python,b1,1.0,0.0006399303566163007,1562.6700462962963
194,func_metrics_02_CWatM_python,./models/02_CWatM/cwatm/hydrological_modules/groundwater_modflow/modflow6.py,ModFlowSimulation.prepare_time_step,METHOD,270,1,A,3.0,3.0,79.5669272286578,6.0,477.401563371947,26.5223090762193,0.0265223090762193,CWatM,python,b1,1.0,0.0006399303566163007,1562.6700462962963
195,func_metrics_02_CWatM_python,./models/02_CWatM/cwatm/hydrological_modules/groundwater_modflow/modflow6.py,ModFlowSimulation.set_recharge,METHOD,274,1,A,4.0,4.0,157.173317997413,11.0,1728.90649797154,96.0503609984188,0.0523911059991376,CWatM,python,b1,1.0,0.0006399303566163007,1562.6700462962963
196,func_metrics_02_CWatM_python,./models/02_CWatM/cwatm/hydrological_modules/groundwater_modflow/modflow6.py,ModFlowSimulation.set_groundwater_abstraction,METHOD,279,1,A,4.0,4.0,110.361496713759,8.57142857142857,945.955686117936,52.5530936732186,0.036787165571253,CWatM,python,b1,1.0,0.0006399303566163007,1562.6700462962963
197,func_metrics_02_CWatM_python,./models/02_CWatM/cwatm/hydrological_modules/groundwater_modflow/modflow6.py,ModFlowSimulation.get_drainage,METHOD,284,1,A,2.0,2.0,95.1838730514401,6.66666666666667,634.559153676267,35.2532863153482,0.0317279576838134,CWatM,python,b1,1.0,0.0006399303566163007,1562.6700462962963
198,func_metrics_02_CWatM_python,./models/02_CWatM/cwatm/hydrological_modules/groundwater_modflow/modflow6.py,ModFlowSimulation.step,METHOD,287,7,B,19.0,30.0,710.840682865975,18.6346153846154,13246.2427249448,735.902373608045,0.236946894288658,CWatM,python,b1,1.0,0.0006399303566163007,1562.6700462962963
199,func_metrics_02_CWatM_python,./models/02_CWatM/cwatm/hydrological_modules/groundwater_modflow/modflow6.py,ModFlowSimulation.finalize,METHOD,318,1,A,2.0,2.0,39.0,4.16666666666667,162.5,9.02777777777778,0.013,CWatM,python,b1,1.0,0.0006399303566163007,1562.6700462962963
200,func_metrics_02_CWatM_python,./models/02_CWatM/cwatm/hydrological_modules/groundwater_modflow/modflow6.py, ModFlowSimulation  (aggregate) ,CLASS_AGG,24,34,E,,,,,,,,CWatM,python,b3,,,
201,func_metrics_02_CWatM_python,./models/02_CWatM/cwatm/hydrological_modules/groundwater_modflow/modflow6.py, modflow6.py  (module  aggregate) ,MODULE_AGG,1,35,E,,,,,,,,CWatM,python,b3,,,
202,func_metrics_02_CWatM_python,./models/02_CWatM/cwatm/hydrological_modules/groundwater_modflow/transient.py,<module>,FUNCTION,1,1,A,5.0,,104.0,2.72727272727273,283.636363636364,15.7575757575758,0.0346666666666667,CWatM,python,b1,,,
203,func_metrics_02_CWatM_python,./models/02_CWatM/cwatm/hydrological_modules/groundwater_modflow/transient.py,is_float,FUNCTION,10,2,A,6.0,6.0,70.3083546446808,4.08333333333333,287.092448132446,15.9495804518026,0.0234361182148936,CWatM,python,b1,3.0,0.0019197910698489022,1562.6700462962963
204,func_metrics_02_CWatM_python,./models/02_CWatM/cwatm/hydrological_modules/groundwater_modflow/transient.py,decompress,FUNCTION,18,2,A,7.0,14.0,257.84303149525,13.0909090909091,3375.39968502872,187.522204723818,0.0859476771650833,CWatM,python,b1,2.0,0.0012798607132326013,1562.6700462962963
205,func_metrics_02_CWatM_python,./models/02_CWatM/cwatm/hydrological_modules/groundwater_modflow/transient.py,groundwater_modflow,CLASS,34,13,C,469.0,733.0,37099.4516853699,165.41095890411,6136655.87809373,340925.326560763,12.3664838951233,CWatM,python,b2,28.0,0.01708465889156496,1638.8972222222221
206,func_metrics_02_CWatM_python,./models/02_CWatM/cwatm/hydrological_modules/groundwater_modflow/transient.py,groundwater_modflow.__init__,METHOD,35,1,A,3.0,3.0,69.188632372746,8.75,605.400533261527,33.6333629589737,0.023062877457582,CWatM,python,b1,10.0,0.006399303566163007,1562.6700462962963
207,func_metrics_02_CWatM_python,./models/02_CWatM/cwatm/hydrological_modules/groundwater_modflow/transient.py,groundwater_modflow.CWATM2modflow,METHOD,92,2,A,11.0,13.0,680.993206113391,20.6315789473684,14049.96509455,780.553616363887,0.22699773537113,CWatM,python,b1,5.0,0.0031996517830815037,1562.6700462962963
208,func_metrics_02_CWatM_python,./models/02_CWatM/cwatm/hydrological_modules/groundwater_modflow/transient.py,groundwater_modflow.modflow2CWATM,METHOD,106,4,A,16.0,20.0,971.783475125481,18.0,17492.1025522587,971.783475125481,0.323927825041827,CWatM,python,b1,6.0,0.0038395821396978043,1562.6700462962963
209,func_metrics_02_CWatM_python,./models/02_CWatM/cwatm/hydrological_modules/groundwater_modflow/transient.py,groundwater_modflow.modflow2CWATMbis,METHOD,127,4,A,18.0,23.0,1027.49190147308,20.453125,21015.4202973167,1167.52334985093,0.342497300491028,CWatM,python,b1,4.0,0.0025597214264652026,1562.6700462962963
210,func_metrics_02_CWatM_python,./models/02_CWatM/cwatm/hydrological_modules/groundwater_modflow/transient.py,groundwater_modflow.initial,METHOD,151,48,F,324.0,421.0,23513.1672066539,117.535294117647,2763627.02327148,153534.834626193,7.83772240221797,CWatM,python,b3,22.0,0.013423660557658182,1638.8972222222221
211,func_metrics_02_CWatM_python,./models/02_CWatM/cwatm/hydrological_modules/groundwater_modflow/transient.py,groundwater_modflow.dynamic,METHOD,574,17,C,95.0,193.0,7167.70162485881,63.3333333333333,453954.436241058,25219.690902281,2.38923387495294,CWatM,python,b2,9.0,0.005759373209546706,1562.6700462962963
212,func_metrics_02_CWatM_python,./models/02_CWatM/cwatm/hydrological_modules/groundwater_modflow/transient.py, groundwater_modflow  (aggregate) ,CLASS_AGG,35,76,F,,,,,,,,CWatM,python,b4,,,
213,func_metrics_02_CWatM_python,./models/02_CWatM/cwatm/hydrological_modules/groundwater_modflow/transient.py, transient.py  (module  aggregate) ,MODULE_AGG,1,80,F,,,,,,,,CWatM,python,b4,,,
214,func_metrics_02_CWatM_python,./models/02_CWatM/cwatm/hydrological_modules/groundwater_modflow/__init__.py,<module>,FUNCTION,1,1,A,0.0,,0.0,0.0,0.0,0.0,0.0,CWatM,python,b1,,,
215,func_metrics_02_CWatM_python,./models/02_CWatM/cwatm/hydrological_modules/groundwater_modflow/__init__.py, __init__.py  (module  aggregate) ,MODULE_AGG,1,0,A,,,,,,,,CWatM,python,b1,,,
216,func_metrics_02_CWatM_python,./models/02_CWatM/cwatm/hydrological_modules/routing_reservoirs/routing_kinematic.py,<module>,FUNCTION,1,1,A,3.0,,89.9452220845697,2.85714285714286,256.986348813056,14.2770193785031,0.0299817406948566,CWatM,python,b1,,,
217,func_metrics_02_CWatM_python,./models/02_CWatM/cwatm/hydrological_modules/routing_reservoirs/routing_kinematic.py,routing_kinematic,CLASS,16,9,B,172.0,596.0,17493.2708841026,68.8788659793815,1204916.66076712,66939.8144870623,5.83109029470088,CWatM,python,b1,37.0,0.015040857113555916,2459.9661921296297
218,func_metrics_02_CWatM_python,./models/02_CWatM/cwatm/hydrological_modules/routing_reservoirs/routing_kinematic.py,routing_kinematic.__init__,METHOD,128,1,A,4.0,4.0,103.612312107951,8.16666666666667,846.167215548263,47.0092897526813,0.0345374373693169,CWatM,python,b1,3.0,0.0012195289551531823,2459.9661921296297
219,func_metrics_02_CWatM_python,./models/02_CWatM/cwatm/hydrological_modules/routing_reservoirs/routing_kinematic.py,routing_kinematic.catchment,METHOD,133,2,A,24.0,47.0,1544.75640926732,21.219512195122,32778.9774649408,1821.05430360782,0.514918803089108,CWatM,python,b1,5.0,0.0020325482585886374,2459.9661921296297
220,func_metrics_02_CWatM_python,./models/02_CWatM/cwatm/hydrological_modules/routing_reservoirs/routing_kinematic.py,routing_kinematic.initial,METHOD,185,4,A,44.0,133.0,4105.6149952327,33.7534246575343,138578.56641443,7698.80924524609,1.36853833174423,CWatM,python,b1,11.0,0.004471606168895002,2459.9661921296297
221,func_metrics_02_CWatM_python,./models/02_CWatM/cwatm/hydrological_modules/routing_reservoirs/routing_kinematic.py,routing_kinematic.dynamic,METHOD,323,24,D,98.0,289.0,9388.51002840441,61.2033898305085,574608.639196074,31922.7021775596,3.12950334280147,CWatM,python,b3,22.0,0.008943212337790003,2459.9661921296297
222,func_metrics_02_CWatM_python,./models/02_CWatM/cwatm/hydrological_modules/routing_reservoirs/routing_kinematic.py, routing_kinematic  (aggregate) ,CLASS_AGG,128,31,E,,,,,,,,CWatM,python,b3,,,
223,func_metrics_02_CWatM_python,./models/02_CWatM/cwatm/hydrological_modules/routing_reservoirs/routing_kinematic.py, routing_kinematic.py  (module  aggregate) ,MODULE_AGG,1,31,E,,,,,,,,CWatM,python,b3,,,
224,func_metrics_02_CWatM_python,./models/02_CWatM/cwatm/hydrological_modules/routing_reservoirs/routing_sub.py,<module>,FUNCTION,1,1,A,4.0,,85.8367196662571,3.5,300.4285188319,16.6904732684389,0.0286122398887524,CWatM,python,b1,,,
225,func_metrics_02_CWatM_python,./models/02_CWatM/cwatm/hydrological_modules/routing_reservoirs/routing_sub.py,Compress,FUNCTION,23,1,A,5.0,12.0,137.607525047596,6.4,880.688160304617,48.9271200169231,0.0458691750158654,CWatM,python,b1,3.0,0.0012195289551531823,2459.9661921296297
226,func_metrics_02_CWatM_python,./models/02_CWatM/cwatm/hydrological_modules/routing_reservoirs/routing_sub.py,decompress1,FUNCTION,37,1,A,6.0,12.0,175.760902173765,12.1428571428571,2134.23952639571,118.56886257754,0.0585869673912549,CWatM,python,b1,4.0,0.0016260386068709099,2459.9661921296297
227,func_metrics_02_CWatM_python,./models/02_CWatM/cwatm/hydrological_modules/routing_reservoirs/routing_sub.py,postorder,FUNCTION,51,9,B,34.0,44.0,1948.7716173445,108.6,211636.597643613,11757.5887579785,0.649590539114833,CWatM,python,b1,4.0,0.0016260386068709099,2459.9661921296297
228,func_metrics_02_CWatM_python,./models/02_CWatM/cwatm/hydrological_modules/routing_reservoirs/routing_sub.py,dirUpstream,FUNCTION,97,6,B,16.0,25.0,817.884178403745,24.3809523809524,19940.7952067961,1107.82195593312,0.272628059467915,CWatM,python,b1,3.0,0.0012195289551531823,2459.9661921296297
229,func_metrics_02_CWatM_python,./models/02_CWatM/cwatm/hydrological_modules/routing_reservoirs/routing_sub.py,dirDownstream,FUNCTION,124,3,A,11.0,19.0,590.145689585039,20.5263157894737,12113.5167862192,672.973154789957,0.19671522986168,CWatM,python,b1,3.0,0.0012195289551531823,2459.9661921296297
230,func_metrics_02_CWatM_python,./models/02_CWatM/cwatm/hydrological_modules/routing_reservoirs/routing_sub.py,upstreamArea,FUNCTION,146,1,A,5.0,13.0,143.061199443762,7.11111111111111,1017.32408493342,56.5180047185232,0.047687066481254,CWatM,python,b1,3.0,0.0012195289551531823,2459.9661921296297
231,func_metrics_02_CWatM_python,./models/02_CWatM/cwatm/hydrological_modules/routing_reservoirs/routing_sub.py,upstream1,FUNCTION,160,1,A,3.0,9.0,106.19818783609,6.875,730.112541373116,40.561807854062,0.0353993959453632,CWatM,python,b1,2.0,0.0008130193034354549,2459.9661921296297
232,func_metrics_02_CWatM_python,./models/02_CWatM/cwatm/hydrological_modules/routing_reservoirs/routing_sub.py,downstream1,FUNCTION,171,3,A,9.0,16.0,194.513164110452,13.0,2528.67113343587,140.481729635326,0.0648377213701505,CWatM,python,b1,3.0,0.0012195289551531823,2459.9661921296297
233,func_metrics_02_CWatM_python,./models/02_CWatM/cwatm/hydrological_modules/routing_reservoirs/routing_sub.py,catchment1,FUNCTION,189,4,A,10.0,21.0,474.173047219695,18.3529411764706,8702.47004309087,483.470557949493,0.158057682406565,CWatM,python,b1,3.0,0.0012195289551531823,2459.9661921296297
234,func_metrics_02_CWatM_python,./models/02_CWatM/cwatm/hydrological_modules/routing_reservoirs/routing_sub.py,subcatchment1,FUNCTION,213,4,A,15.0,31.0,834.761670642111,19.125,15964.8169510304,886.934275057243,0.278253890214037,CWatM,python,b1,3.0,0.0012195289551531823,2459.9661921296297
235,func_metrics_02_CWatM_python,./models/02_CWatM/cwatm/hydrological_modules/routing_reservoirs/routing_sub.py,defLdd2,FUNCTION,250,1,A,19.0,39.0,1178.42708765216,17.6428571428571,20790.8207607203,1155.0455978178,0.392809029217388,CWatM,python,b1,6.0,0.0024390579103063647,2459.9661921296297
236,func_metrics_02_CWatM_python,./models/02_CWatM/cwatm/hydrological_modules/routing_reservoirs/routing_sub.py,lddshort,FUNCTION,291,1,A,10.0,23.0,484.261835458412,11.25,5447.94564890713,302.663647161507,0.161420611819471,CWatM,python,b1,,,
237,func_metrics_02_CWatM_python,./models/02_CWatM/cwatm/hydrological_modules/routing_reservoirs/routing_sub.py,lddrepair,FUNCTION,316,1,A,14.0,46.0,791.8369115756,15.0192307692308,11892.7813065489,660.710072586051,0.263945637191867,CWatM,python,b1,6.0,0.0024390579103063647,2459.9661921296297
238,func_metrics_02_CWatM_python,./models/02_CWatM/cwatm/hydrological_modules/routing_reservoirs/routing_sub.py, routing_sub.py  (module  aggregate) ,MODULE_AGG,1,36,E,,,,,,,,CWatM,python,b3,,,
239,func_metrics_02_CWatM_python,./models/02_CWatM/cwatm/hydrological_modules/routing_reservoirs/__init__.py,<module>,FUNCTION,1,1,A,0.0,,0.0,0.0,0.0,0.0,0.0,CWatM,python,b1,,,
240,func_metrics_02_CWatM_python,./models/02_CWatM/cwatm/hydrological_modules/routing_reservoirs/__init__.py, __init__.py  (module  aggregate) ,MODULE_AGG,1,0,A,,,,,,,,CWatM,python,b1,,,
241,func_metrics_02_CWatM_python,./models/02_CWatM/cwatm/hydrological_modules/water_demand/domestic.py,<module>,FUNCTION,1,1,A,3.0,,114.44895955501,2.91666666666667,333.809465368778,18.5449702982654,0.0381496531850032,CWatM,python,b1,,,
242,func_metrics_02_CWatM_python,./models/02_CWatM/cwatm/hydrological_modules/water_demand/domestic.py,waterdemand_domestic,CLASS,16,7,B,85.0,162.0,4474.285188319,84.1739130434783,376618.092373286,20923.2273540715,1.49142839610633,CWatM,python,b1,16.0,0.008282725167567308,1931.7313657407406
243,func_metrics_02_CWatM_python,./models/02_CWatM/cwatm/hydrological_modules/water_demand/domestic.py,waterdemand_domestic.__init__,METHOD,52,1,A,3.0,3.0,69.188632372746,8.75,605.400533261527,33.6333629589737,0.023062877457582,CWatM,python,b1,2.0,0.0010353406459459136,1931.7313657407406
244,func_metrics_02_CWatM_python,./models/02_CWatM/cwatm/hydrological_modules/water_demand/domestic.py,waterdemand_domestic.initial,METHOD,56,5,A,19.0,25.0,536.440612584375,15.9,8529.40574009157,473.855874449532,0.178813537528125,CWatM,python,b1,7.0,0.0036236922608106972,1931.7313657407406
245,func_metrics_02_CWatM_python,./models/02_CWatM/cwatm/hydrological_modules/water_demand/domestic.py,waterdemand_domestic.dynamic,METHOD,82,12,C,61.0,96.0,3522.85797851236,75.3375,265403.312956175,14744.6284975653,1.17428599283745,CWatM,python,b2,14.0,0.0072473845216213945,1931.7313657407406
246,func_metrics_02_CWatM_python,./models/02_CWatM/cwatm/hydrological_modules/water_demand/domestic.py, waterdemand_domestic  (aggregate) ,CLASS_AGG,52,18,C,,,,,,,,CWatM,python,b2,,,
247,func_metrics_02_CWatM_python,./models/02_CWatM/cwatm/hydrological_modules/water_demand/domestic.py, domestic.py  (module  aggregate) ,MODULE_AGG,1,18,C,,,,,,,,CWatM,python,b2,,,
248,func_metrics_02_CWatM_python,./models/02_CWatM/cwatm/hydrological_modules/water_demand/environmental_need.py,<module>,FUNCTION,1,1,A,2.0,,62.2697691354714,2.57142857142857,160.122263491212,8.89568130506734,0.0207565897118238,CWatM,python,b1,,,
249,func_metrics_02_CWatM_python,./models/02_CWatM/cwatm/hydrological_modules/water_demand/environmental_need.py,waterdemand_environmental_need,CLASS,14,4,A,23.0,55.0,935.516192738618,28.8695652173913,27007.9457381931,1500.44142989962,0.311838730912873,CWatM,python,b1,9.0,0.00465903290675661,1931.7313657407406
250,func_metrics_02_CWatM_python,./models/02_CWatM/cwatm/hydrological_modules/water_demand/environmental_need.py,waterdemand_environmental_need.__init__,METHOD,38,1,A,3.0,3.0,69.188632372746,8.75,605.400533261527,33.6333629589737,0.023062877457582,CWatM,python,b1,2.0,0.0010353406459459136,1931.7313657407406
251,func_metrics_02_CWatM_python,./models/02_CWatM/cwatm/hydrological_modules/water_demand/environmental_need.py,waterdemand_environmental_need.initial,METHOD,42,3,A,10.0,13.0,237.685725082212,13.0,3089.91442606875,171.661912559375,0.0792285750274039,CWatM,python,b1,3.0,0.0015530109689188703,1931.7313657407406
252,func_metrics_02_CWatM_python,./models/02_CWatM/cwatm/hydrological_modules/water_demand/environmental_need.py,waterdemand_environmental_need.dynamic,METHOD,56,4,A,8.0,13.0,471.061497178418,19.6875,9274.0232257001,515.223512538894,0.157020499059473,CWatM,python,b1,4.0,0.002070681291891827,1931.7313657407406
253,func_metrics_02_CWatM_python,./models/02_CWatM/cwatm/hydrological_modules/water_demand/environmental_need.py, waterdemand_environmental_need  (aggregate) ,CLASS_AGG,38,8,B,,,,,,,,CWatM,python,b1,,,
254,func_metrics_02_CWatM_python,./models/02_CWatM/cwatm/hydrological_modules/water_demand/environmental_need.py, environmental_need.py  (module  aggregate) ,MODULE_AGG,1,8,B,,,,,,,,CWatM,python,b1,,,
255,func_metrics_02_CWatM_python,./models/02_CWatM/cwatm/hydrological_modules/water_demand/industry.py,<module>,FUNCTION,1,1,A,3.0,,135.933680430195,2.85714285714286,388.381944086271,21.5767746714595,0.0453112268100649,CWatM,python,b1,,,
256,func_metrics_02_CWatM_python,./models/02_CWatM/cwatm/hydrological_modules/water_demand/industry.py,waterdemand_industry,CLASS,15,6,B,46.0,89.0,2376.76853839351,54.0142857142857,128379.454909512,7132.19193941736,0.792256179464504,CWatM,python,b1,20.0,0.010353406459459135,1931.7313657407406
257,func_metrics_02_CWatM_python,./models/02_CWatM/cwatm/hydrological_modules/water_demand/industry.py,waterdemand_industry.__init__,METHOD,40,1,A,3.0,3.0,69.188632372746,8.75,605.400533261527,33.6333629589737,0.023062877457582,CWatM,python,b1,2.0,0.0010353406459459136,1931.7313657407406
258,func_metrics_02_CWatM_python,./models/02_CWatM/cwatm/hydrological_modules/water_demand/industry.py,waterdemand_industry.initial,METHOD,44,5,A,17.0,21.0,386.561403723366,18.45,7132.05789869611,396.22543881645,0.128853801241122,CWatM,python,b1,3.0,0.0015530109689188703,1931.7313657407406
259,func_metrics_02_CWatM_python,./models/02_CWatM/cwatm/hydrological_modules/water_demand/industry.py,waterdemand_industry.dynamic,METHOD,66,9,B,24.0,38.0,1655.26747779994,45.3103448275862,75000.740201004,4166.70778894467,0.551755825933312,CWatM,python,b1,14.0,0.0072473845216213945,1931.7313657407406
260,func_metrics_02_CWatM_python,./models/02_CWatM/cwatm/hydrological_modules/water_demand/industry.py, waterdemand_industry  (aggregate) ,CLASS_AGG,40,15,C,,,,,,,,CWatM,python,b2,,,
261,func_metrics_02_CWatM_python,./models/02_CWatM/cwatm/hydrological_modules/water_demand/industry.py, industry.py  (module  aggregate) ,MODULE_AGG,1,15,C,,,,,,,,CWatM,python,b2,,,
262,func_metrics_02_CWatM_python,./models/02_CWatM/cwatm/hydrological_modules/water_demand/irrigation.py,<module>,FUNCTION,1,1,A,3.0,,93.7653742946044,3.0,281.296122883813,15.6275623824341,0.0312551247648682,CWatM,python,b1,,,
263,func_metrics_02_CWatM_python,./models/02_CWatM/cwatm/hydrological_modules/water_demand/irrigation.py,waterdemand_irrigation,CLASS,35,3,A,63.0,178.0,6201.92829210936,65.85,408396.978035401,22688.7210019667,2.06730943070312,CWatM,python,b1,23.0,0.011906417428378006,1931.7313657407406
264,func_metrics_02_CWatM_python,./models/02_CWatM/cwatm/hydrological_modules/water_demand/irrigation.py,waterdemand_irrigation.__init__,METHOD,84,1,A,3.0,3.0,69.188632372746,8.75,605.400533261527,33.6333629589737,0.023062877457582,CWatM,python,b1,2.0,0.0010353406459459136,1931.7313657407406
265,func_metrics_02_CWatM_python,./models/02_CWatM/cwatm/hydrological_modules/water_demand/irrigation.py,waterdemand_irrigation.initial,METHOD,88,2,A,14.0,26.0,785.0,16.8181818181818,13202.2727272727,733.459595959596,0.261666666666667,CWatM,python,b1,13.0,0.0067297141986484375,1931.7313657407406
266,func_metrics_02_CWatM_python,./models/02_CWatM/cwatm/hydrological_modules/water_demand/irrigation.py,waterdemand_irrigation.dynamic,METHOD,116,2,A,44.0,97.0,4852.33051296166,56.8389830508475,275801.531783338,15322.3073212965,1.61744350432055,CWatM,python,b1,11.0,0.005694373552702524,1931.7313657407406
267,func_metrics_02_CWatM_python,./models/02_CWatM/cwatm/hydrological_modules/water_demand/irrigation.py, waterdemand_irrigation  (aggregate) ,CLASS_AGG,84,5,A,,,,,,,,CWatM,python,b1,,,
268,func_metrics_02_CWatM_python,./models/02_CWatM/cwatm/hydrological_modules/water_demand/irrigation.py, irrigation.py  (module  aggregate) ,MODULE_AGG,1,5,A,,,,,,,,CWatM,python,b1,,,
269,func_metrics_02_CWatM_python,./models/02_CWatM/cwatm/hydrological_modules/water_demand/livestock.py,<module>,FUNCTION,1,1,A,3.0,,104.0,2.95454545454545,307.272727272727,17.0707070707071,0.0346666666666667,CWatM,python,b1,,,
270,func_metrics_02_CWatM_python,./models/02_CWatM/cwatm/hydrological_modules/water_demand/livestock.py,waterdemand_livestock,CLASS,15,5,A,44.0,84.0,1868.11639881543,45.0,84065.2379466945,4670.29099703859,0.622705466271811,CWatM,python,b1,9.0,0.00465903290675661,1931.7313657407406
271,func_metrics_02_CWatM_python,./models/02_CWatM/cwatm/hydrological_modules/water_demand/livestock.py,waterdemand_livestock.__init__,METHOD,41,1,A,3.0,3.0,69.188632372746,8.75,605.400533261527,33.6333629589737,0.023062877457582,CWatM,python,b1,2.0,0.0010353406459459136,1931.7313657407406
272,func_metrics_02_CWatM_python,./models/02_CWatM/cwatm/hydrological_modules/water_demand/livestock.py,waterdemand_livestock.initial,METHOD,45,5,A,18.0,24.0,423.548953298962,18.4090909090909,7797.15118573088,433.175065873938,0.141182984432987,CWatM,python,b1,3.0,0.0015530109689188703,1931.7313657407406
273,func_metrics_02_CWatM_python,./models/02_CWatM/cwatm/hydrological_modules/water_demand/livestock.py,waterdemand_livestock.dynamic,METHOD,70,7,B,21.0,29.0,1112.28297183146,34.3333333333333,38188.3820328801,2121.57677960445,0.370760990610486,CWatM,python,b1,5.0,0.0025883516148647837,1931.7313657407406
274,func_metrics_02_CWatM_python,./models/02_CWatM/cwatm/hydrological_modules/water_demand/livestock.py, waterdemand_livestock  (aggregate) ,CLASS_AGG,41,13,C,,,,,,,,CWatM,python,b2,,,
275,func_metrics_02_CWatM_python,./models/02_CWatM/cwatm/hydrological_modules/water_demand/livestock.py, livestock.py  (module  aggregate) ,MODULE_AGG,1,13,C,,,,,,,,CWatM,python,b2,,,
276,func_metrics_02_CWatM_python,./models/02_CWatM/cwatm/hydrological_modules/water_demand/wastewater.py,<module>,FUNCTION,1,1,A,2.0,,48.0,3.0,144.0,8.0,0.016,CWatM,python,b1,,,
277,func_metrics_02_CWatM_python,./models/02_CWatM/cwatm/hydrological_modules/water_demand/wastewater.py,waterdemand_wastewater,CLASS,16,11,C,234.0,611.0,27647.8559353154,165.0,4561896.22932704,253438.679407058,9.21595197843846,CWatM,python,b2,13.0,0.011123531661882072,1168.693576388889
278,func_metrics_02_CWatM_python,./models/02_CWatM/cwatm/hydrological_modules/water_demand/wastewater.py,waterdemand_wastewater.__init__,METHOD,137,1,A,3.0,3.0,69.188632372746,8.75,605.400533261527,33.6333629589737,0.023062877457582,CWatM,python,b1,2.0,0.0017113125633664726,1168.693576388889
279,func_metrics_02_CWatM_python,./models/02_CWatM/cwatm/hydrological_modules/water_demand/wastewater.py,waterdemand_wastewater.initial,METHOD,141,5,A,43.0,66.0,3821.6361899884,35.0277777777778,133863.423210427,7436.85684502372,1.27387872999613,CWatM,python,b1,5.0,0.004278281408416182,1168.693576388889
280,func_metrics_02_CWatM_python,./models/02_CWatM/cwatm/hydrological_modules/water_demand/wastewater.py,waterdemand_wastewater.dynamic_init,METHOD,215,14,C,64.0,125.0,5966.16567715592,82.8629032258065,494373.809135299,27465.2116186277,1.98872189238531,CWatM,python,b2,4.0,0.003422625126732945,1168.693576388889
281,func_metrics_02_CWatM_python,./models/02_CWatM/cwatm/hydrological_modules/water_demand/wastewater.py,waterdemand_wastewater.dynamic,METHOD,344,20,C,122.0,283.0,14687.0398557721,110.629770992366,1624823.85579983,90267.9919888794,4.89567995192404,CWatM,python,b2,4.0,0.003422625126732945,1168.693576388889
282,func_metrics_02_CWatM_python,./models/02_CWatM/cwatm/hydrological_modules/water_demand/wastewater.py, waterdemand_wastewater  (aggregate) ,CLASS_AGG,137,40,E,,,,,,,,CWatM,python,b3,,,
283,func_metrics_02_CWatM_python,./models/02_CWatM/cwatm/hydrological_modules/water_demand/wastewater.py, wastewater.py  (module  aggregate) ,MODULE_AGG,1,40,E,,,,,,,,CWatM,python,b3,,,
284,func_metrics_02_CWatM_python,./models/02_CWatM/cwatm/hydrological_modules/water_demand/water_demand.py,<module>,FUNCTION,1,1,A,12.0,,573.039870219185,5.2258064516129,2994.59545082284,166.366413934602,0.191013290073062,CWatM,python,b1,,,
285,func_metrics_02_CWatM_python,./models/02_CWatM/cwatm/hydrological_modules/water_demand/water_demand.py,water_demand,CLASS,27,67,F,1593.0,2656.0,157485.865787921,265.408805031447,41798135.4481148,2322118.63600638,52.4952885959735,CWatM,python,b4,85.0,0.044137857819555204,1925.7844444444445
286,func_metrics_02_CWatM_python,./models/02_CWatM/cwatm/hydrological_modules/water_demand/water_demand.py,water_demand.__init__,METHOD,294,1,A,9.0,10.0,307.602213011877,7.4375,2287.79145927583,127.099525515324,0.102534071003959,CWatM,python,b1,4.0,0.0020770756620967154,1925.7844444444445
287,func_metrics_02_CWatM_python,./models/02_CWatM/cwatm/hydrological_modules/water_demand/water_demand.py,water_demand.initial,METHOD,305,54,F,395.0,537.0,33360.0,96.1459227467811,3207427.98283262,178190.443490701,11.12,CWatM,python,b4,54.0,0.028040521438305658,1925.7844444444445
288,func_metrics_02_CWatM_python,./models/02_CWatM/cwatm/hydrological_modules/water_demand/water_demand.py,water_demand.dynamic,METHOD,844,143,F,1187.0,1839.0,116166.372697344,225.39650872818,26183494.8375978,1454638.60208877,38.722124232448,CWatM,python,b4,60.0,0.031156134931450735,1925.7844444444445
289,func_metrics_02_CWatM_python,./models/02_CWatM/cwatm/hydrological_modules/water_demand/water_demand.py, water_demand  (aggregate) ,CLASS_AGG,294,198,F,,,,,,,,CWatM,python,b4,,,
290,func_metrics_02_CWatM_python,./models/02_CWatM/cwatm/hydrological_modules/water_demand/water_demand.py, water_demand.py  (module  aggregate) ,MODULE_AGG,1,198,F,,,,,,,,CWatM,python,b4,,,
291,func_metrics_02_CWatM_python,./models/02_CWatM/cwatm/hydrological_modules/water_demand/__init__.py,<module>,FUNCTION,1,1,A,0.0,,0.0,0.0,0.0,0.0,0.0,CWatM,python,b1,,,
292,func_metrics_02_CWatM_python,./models/02_CWatM/cwatm/hydrological_modules/water_demand/__init__.py, __init__.py  (module  aggregate) ,MODULE_AGG,1,0,A,,,,,,,,CWatM,python,b1,,,
293,func_metrics_02_CWatM_python,./models/02_CWatM/cwatm/management_modules/checks.py,<module>,FUNCTION,1,1,A,1.0,,11.6096404744368,2.0,23.2192809488736,1.2899600527152,0.0038698801581456,CWatM,python,b1,,,
294,func_metrics_02_CWatM_python,./models/02_CWatM/cwatm/management_modules/checks.py,counted,FUNCTION,14,1,A,8.0,13.0,194.486764269931,12.2222222222222,2377.06045218805,132.058914010447,0.0648289214233104,CWatM,python,b1,3.0,0.0012195289551531823,2459.9661921296297
295,func_metrics_02_CWatM_python,./models/02_CWatM/cwatm/management_modules/checks.py,checkmap,FUNCTION,30,9,B,85.0,122.0,4360.1942966326,84.6071428571429,368903.581740094,20494.6434300052,1.45339809887753,CWatM,python,b1,6.0,0.0024390579103063647,2459.9661921296297
296,func_metrics_02_CWatM_python,./models/02_CWatM/cwatm/management_modules/checks.py, checks.py  (module  aggregate) ,MODULE_AGG,1,10,B,,,,,,,,CWatM,python,b1,,,
297,func_metrics_02_CWatM_python,./models/02_CWatM/cwatm/management_modules/configuration.py,<module>,FUNCTION,1,1,A,7.0,,117.206717868256,2.36363636363636,277.034060415877,15.3907811342154,0.0390689059560852,CWatM,python,b1,,,
298,func_metrics_02_CWatM_python,./models/02_CWatM/cwatm/management_modules/configuration.py,parse_configuration,FUNCTION,103,10,B,39.0,61.0,1882.84317590247,32.5,61192.4032168304,3399.57795649058,0.627614391967491,CWatM,python,b1,2.0,0.0008130193034354549,2459.9661921296297
299,func_metrics_02_CWatM_python,./models/02_CWatM/cwatm/management_modules/configuration.py,read_metanetcdf,FUNCTION,167,8,B,31.0,46.0,1393.76518129383,31.5,43903.6032107555,2439.08906726419,0.464588393764608,CWatM,python,b1,8.0,0.0032520772137418197,2459.9661921296297
300,func_metrics_02_CWatM_python,./models/02_CWatM/cwatm/management_modules/configuration.py,ExtParser,CLASS,24,7,B,46.0,76.0,2107.44093758847,42.9333333333333,90479.4642537983,5026.63690298879,0.70248031252949,CWatM,python,b1,10.0,0.004065096517177275,2459.9661921296297
301,func_metrics_02_CWatM_python,./models/02_CWatM/cwatm/management_modules/configuration.py,ExtParser.__init__,METHOD,35,1,A,3.0,3.0,126.711348078761,7.3125,926.576732825936,51.4764851569965,0.0422371160262535,CWatM,python,b1,5.0,0.0020325482585886374,2459.9661921296297
302,func_metrics_02_CWatM_python,./models/02_CWatM/cwatm/management_modules/configuration.py,ExtParser.get,METHOD,39,10,B,41.0,61.0,1830.0,37.7142857142857,69017.1428571429,3834.28571428571,0.61,CWatM,python,b1,10.0,0.004065096517177275,2459.9661921296297
303,func_metrics_02_CWatM_python,./models/02_CWatM/cwatm/management_modules/configuration.py, ExtParser  (aggregate) ,CLASS_AGG,35,11,C,,,,,,,,CWatM,python,b2,,,
304,func_metrics_02_CWatM_python,./models/02_CWatM/cwatm/management_modules/configuration.py, configuration.py  (module  aggregate) ,MODULE_AGG,1,29,D,,,,,,,,CWatM,python,b3,,,
305,func_metrics_02_CWatM_python,./models/02_CWatM/cwatm/management_modules/data_handling.py,<module>,FUNCTION,1,1,A,15.0,,383.780498615078,3.54166666666667,1359.22259926174,75.512366625652,0.127926832871693,CWatM,python,b1,,,
306,func_metrics_02_CWatM_python,./models/02_CWatM/cwatm/management_modules/data_handling.py,valuecell,FUNCTION,118,9,B,41.0,56.0,2206.23428957339,63.1323529411765,139284.761840273,7738.04232445962,0.735411429857798,CWatM,python,b1,12.0,0.004878115820612729,2459.9661921296297
307,func_metrics_02_CWatM_python,./models/02_CWatM/cwatm/management_modules/data_handling.py,setmaskmapAttr,FUNCTION,176,6,B,19.0,31.0,942.448313054749,51.6923076923077,48717.3281825224,2706.51823236236,0.314149437684916,CWatM,python,b1,9.0,0.003658586865459547,2459.9661921296297
308,func_metrics_02_CWatM_python,./models/02_CWatM/cwatm/management_modules/data_handling.py,loadsetclone,FUNCTION,209,13,C,84.0,145.0,6071.72280319654,51.0882352941177,310193.603210364,17232.9779561313,2.02390760106551,CWatM,python,b2,28.0,0.01138227024809637,2459.9661921296297
309,func_metrics_02_CWatM_python,./models/02_CWatM/cwatm/management_modules/data_handling.py,maskfrompoint,FUNCTION,356,2,A,22.0,36.0,1089.24811940131,28.6153846153846,31169.2538782529,1731.62521545849,0.363082706467103,CWatM,python,b1,7.0,0.0028455675620240924,2459.9661921296297
310,func_metrics_02_CWatM_python,./models/02_CWatM/cwatm/management_modules/data_handling.py,loadmap,FUNCTION,394,22,D,75.0,108.0,4023.41208794063,38.5,154901.365385714,8605.63141031745,1.34113736264688,CWatM,python,b3,15.0,0.006097644775765912,2459.9661921296297
311,func_metrics_02_CWatM_python,./models/02_CWatM/cwatm/management_modules/data_handling.py,compressArray,FUNCTION,508,4,A,14.0,27.0,579.608980914781,24.5555555555556,14232.6205313519,790.701140630658,0.19320299363826,CWatM,python,b1,13.0,0.005284625472330457,2459.9661921296297
312,func_metrics_02_CWatM_python,./models/02_CWatM/cwatm/management_modules/data_handling.py,decompress,FUNCTION,536,5,A,16.0,26.0,495.419631038688,32.4583333333333,16080.4955241307,893.360862451707,0.165139877012896,CWatM,python,b1,6.0,0.0024390579103063647,2459.9661921296297
313,func_metrics_02_CWatM_python,./models/02_CWatM/cwatm/management_modules/data_handling.py,getmeta,FUNCTION,570,3,A,7.0,15.0,158.457150054808,13.3571428571429,2116.53479001779,117.585266112099,0.0528190500182693,CWatM,python,b1,5.0,0.0020325482585886374,2459.9661921296297
314,func_metrics_02_CWatM_python,./models/02_CWatM/cwatm/management_modules/data_handling.py,metaNetCDF,FUNCTION,587,3,A,12.0,15.0,403.551529548676,12.5263157894737,5055.01389645184,280.834105358436,0.134517176516225,CWatM,python,b1,5.0,0.0020325482585886374,2459.9661921296297
315,func_metrics_02_CWatM_python,./models/02_CWatM/cwatm/management_modules/data_handling.py,readCoord,FUNCTION,604,4,A,22.0,37.0,774.351286582484,20.6428571428571,15984.8229873099,888.045721517214,0.258117095527495,CWatM,python,b1,7.0,0.0028455675620240924,2459.9661921296297
316,func_metrics_02_CWatM_python,./models/02_CWatM/cwatm/management_modules/data_handling.py,readCoordNetCDF,FUNCTION,642,9,B,38.0,56.0,1779.86302058452,52.125,92775.3599479682,5154.18666377601,0.593287673528174,CWatM,python,b1,13.0,0.005284625472330457,2459.9661921296297
317,func_metrics_02_CWatM_python,./models/02_CWatM/cwatm/management_modules/data_handling.py,readCalendar,FUNCTION,699,1,A,4.0,4.0,133.437600046154,7.0,934.063200323078,51.8924000179488,0.0444792000153847,CWatM,python,b1,2.0,0.0010097036140085391,1980.7792824074074
318,func_metrics_02_CWatM_python,./models/02_CWatM/cwatm/management_modules/data_handling.py,checkMeteo_Wordclim,FUNCTION,704,7,B,47.0,74.0,2410.82700053978,56.8235294117647,136991.698971849,7610.64994288049,0.803609000179928,CWatM,python,b1,7.0,0.0028455675620240924,2459.9661921296297
319,func_metrics_02_CWatM_python,./models/02_CWatM/cwatm/management_modules/data_handling.py,mapattrNetCDF,FUNCTION,779,2,A,14.0,30.0,716.266947620677,20.2692307692308,14518.180053696,806.565558538668,0.238755649206892,CWatM,python,b1,9.0,0.003658586865459547,2459.9661921296297
320,func_metrics_02_CWatM_python,./models/02_CWatM/cwatm/management_modules/data_handling.py,mapattrNetCDFMeteo,FUNCTION,810,6,B,27.0,58.0,1750.03499346932,40.5909090909091,71035.5113258227,3946.41729587904,0.583344997823105,CWatM,python,b1,8.0,0.0032520772137418197,2459.9661921296297
321,func_metrics_02_CWatM_python,./models/02_CWatM/cwatm/management_modules/data_handling.py,mapattrTiff,FUNCTION,871,5,A,26.0,44.0,1248.04089358148,40.7708333333333,50883.667265395,2826.87040363306,0.416013631193828,CWatM,python,b1,9.0,0.003658586865459547,2459.9661921296297
322,func_metrics_02_CWatM_python,./models/02_CWatM/cwatm/management_modules/data_handling.py,multinetdf,FUNCTION,917,24,D,102.0,172.0,6094.93789263495,71.6071428571429,436441.088383324,24246.7271324069,2.03164596421165,CWatM,python,b3,17.0,0.006910664079201367,2459.9661921296297
323,func_metrics_02_CWatM_python,./models/02_CWatM/cwatm/management_modules/data_handling.py,readmeteodata,FUNCTION,1092,16,C,65.0,112.0,3659.76222453463,46.0,168349.062328593,9352.72568492183,1.21992074151154,CWatM,python,b2,26.0,0.010569250944660914,2459.9661921296297
324,func_metrics_02_CWatM_python,./models/02_CWatM/cwatm/management_modules/data_handling.py,readnetcdf2,FUNCTION,1208,28,D,79.0,120.0,4559.96980728385,56.7164179104478,258625.153248935,14368.0640693853,1.51998993576128,CWatM,python,b3,15.0,0.006097644775765912,2459.9661921296297
325,func_metrics_02_CWatM_python,./models/02_CWatM/cwatm/management_modules/data_handling.py,readnetcdfWithoutTime,FUNCTION,1330,4,A,17.0,32.0,765.103330412996,18.0740740740741,13828.5342682053,768.251903789181,0.255034443470999,CWatM,python,b1,11.0,0.004471606168895002,2459.9661921296297
326,func_metrics_02_CWatM_python,./models/02_CWatM/cwatm/management_modules/data_handling.py,readnetcdf12month,FUNCTION,1363,4,A,16.0,27.0,786.158153083771,17.7142857142857,13926.2301403411,773.679452241171,0.26205271769459,CWatM,python,b1,4.0,0.0016260386068709099,2459.9661921296297
327,func_metrics_02_CWatM_python,./models/02_CWatM/cwatm/management_modules/data_handling.py,readnetcdfInitial,FUNCTION,1392,9,B,40.0,58.0,1812.0,32.4767441860465,58847.8604651163,3269.32558139535,0.604,CWatM,python,b1,14.0,0.005691135124048185,2459.9661921296297
328,func_metrics_02_CWatM_python,./models/02_CWatM/cwatm/management_modules/data_handling.py,writenetcdf,FUNCTION,1453,56,F,221.0,298.0,16199.7856994568,107.007751937984,1733502.64957598,96305.7027542213,5.39992856648561,CWatM,python,b4,17.0,0.006910664079201367,2459.9661921296297
329,func_metrics_02_CWatM_python,./models/02_CWatM/cwatm/management_modules/data_handling.py,writeIniNetcdf,FUNCTION,1756,27,D,90.0,124.0,6356.06236439701,53.277027027027,338632.106373449,18812.8947985249,2.118687454799,CWatM,python,b3,11.0,0.004471606168895002,2459.9661921296297
330,func_metrics_02_CWatM_python,./models/02_CWatM/cwatm/management_modules/data_handling.py,report,FUNCTION,1884,6,B,40.0,68.0,2264.53617694513,21.5185185185185,48729.4636594488,2707.19242552493,0.754845392315042,CWatM,python,b1,10.0,0.004065096517177275,2459.9661921296297
331,func_metrics_02_CWatM_python,./models/02_CWatM/cwatm/management_modules/data_handling.py,returnBool,FUNCTION,1959,3,A,10.0,16.0,320.947375050481,21.0,6739.8948760601,374.438604225561,0.10698245835016,CWatM,python,b1,5.0,0.0020325482585886374,2459.9661921296297
332,func_metrics_02_CWatM_python,./models/02_CWatM/cwatm/management_modules/data_handling.py,checkOption,FUNCTION,1976,6,B,23.0,31.0,702.494508525132,27.1428571428571,19067.7080885393,1059.31711602996,0.234164836175044,CWatM,python,b1,10.0,0.004065096517177275,2459.9661921296297
333,func_metrics_02_CWatM_python,./models/02_CWatM/cwatm/management_modules/data_handling.py,cbinding,FUNCTION,2008,6,B,23.0,33.0,691.850652335357,27.1428571428571,18778.8034205311,1043.26685669617,0.230616884111786,CWatM,python,b1,9.0,0.003658586865459547,2459.9661921296297
334,func_metrics_02_CWatM_python,./models/02_CWatM/cwatm/management_modules/data_handling.py,divideValues,FUNCTION,2045,1,A,7.0,19.0,188.869649179487,14.0,2644.17508851281,146.89861602849,0.0629565497264956,CWatM,python,b1,3.0,0.0012195289551531823,2459.9661921296297
335,func_metrics_02_CWatM_python,./models/02_CWatM/cwatm/management_modules/data_handling.py, data_handling.py  (module  aggregate) ,MODULE_AGG,1,291,F,,,,,,,,CWatM,python,b4,,,
336,func_metrics_02_CWatM_python,./models/02_CWatM/cwatm/management_modules/dynamicModel.py,<module>,FUNCTION,1,1,A,0.0,,0.0,0.0,0.0,0.0,0.0,CWatM,python,b1,,,
337,func_metrics_02_CWatM_python,./models/02_CWatM/cwatm/management_modules/dynamicModel.py,DynamicModel,CLASS,3,1,A,2.0,2.0,15.5097750043269,1.5,23.2646625064904,1.29248125036058,0.0051699250014423,CWatM,python,b1,2.0,0.0009844291059476957,2031.6343634259258
338,func_metrics_02_CWatM_python,./models/02_CWatM/cwatm/management_modules/dynamicModel.py,ModelFrame,CLASS,8,2,A,18.0,38.0,523.037625237982,18.21875,9529.09173480448,529.393985266915,0.174345875079327,CWatM,python,b1,4.0,0.0019688582118953914,2031.6343634259258
339,func_metrics_02_CWatM_python,./models/02_CWatM/cwatm/management_modules/dynamicModel.py,ModelFrame.__init__,METHOD,16,1,A,5.0,12.0,147.148662285012,6.65,978.538604195331,54.3632557886295,0.0490495540950041,CWatM,python,b1,2.0,0.0009844291059476957,2031.6343634259258
340,func_metrics_02_CWatM_python,./models/02_CWatM/cwatm/management_modules/dynamicModel.py,ModelFrame.step,METHOD,29,1,A,4.0,4.0,99.9118723898095,7.58333333333333,757.665032289389,42.0925017938549,0.0333039574632698,CWatM,python,b1,2.0,0.0009844291059476957,2031.6343634259258
341,func_metrics_02_CWatM_python,./models/02_CWatM/cwatm/management_modules/dynamicModel.py,ModelFrame.initialize_run,METHOD,34,1,A,2.0,3.0,51.8914742795595,4.2,217.94419197415,12.1080106652305,0.0172971580931865,CWatM,python,b1,4.0,0.0019688582118953914,2031.6343634259258
342,func_metrics_02_CWatM_python,./models/02_CWatM/cwatm/management_modules/dynamicModel.py,ModelFrame.run,METHOD,38,2,A,5.0,8.0,109.392936677039,5.25,574.312917554452,31.9062731974696,0.0364643122256795,CWatM,python,b1,2.0,0.0009844291059476957,2031.6343634259258
343,func_metrics_02_CWatM_python,./models/02_CWatM/cwatm/management_modules/dynamicModel.py, ModelFrame  (aggregate) ,CLASS_AGG,16,5,A,,,,,,,,CWatM,python,b1,,,
344,func_metrics_02_CWatM_python,./models/02_CWatM/cwatm/management_modules/dynamicModel.py, dynamicModel.py  (module  aggregate) ,MODULE_AGG,1,5,A,,,,,,,,CWatM,python,b1,,,
345,func_metrics_02_CWatM_python,./models/02_CWatM/cwatm/management_modules/globals.py,<module>,FUNCTION,1,5,A,110.0,,6202.0,40.5754716981132,251649.075471698,13980.5041928721,2.06733333333333,CWatM,python,b1,,,
346,func_metrics_02_CWatM_python,./models/02_CWatM/cwatm/management_modules/globals.py,globalclear,FUNCTION,28,1,A,35.0,44.0,937.571600808165,4.79166666666667,4492.53058720579,249.585032622544,0.312523866936055,CWatM,python,b1,4.0,0.0016260386068709099,2459.9661921296297
347,func_metrics_02_CWatM_python,./models/02_CWatM/cwatm/management_modules/globals.py,calibclear,FUNCTION,74,2,A,15.0,55.0,384.588393764608,8.61111111111111,3311.73339075079,183.985188375044,0.128196131254869,CWatM,python,b1,2.0,0.0012798607132326013,1562.6700462962963
348,func_metrics_02_CWatM_python,./models/02_CWatM/cwatm/management_modules/globals.py,globalFlags,FUNCTION,293,12,C,28.0,40.0,973.568065036182,33.75,32857.9221949711,1825.44012194284,0.324522688345394,CWatM,python,b2,8.0,0.0032520772137418197,2459.9661921296297
349,func_metrics_02_CWatM_python,./models/02_CWatM/cwatm/management_modules/globals.py, globals.py  (module  aggregate) ,MODULE_AGG,1,15,C,,,,,,,,CWatM,python,b2,,,
350,func_metrics_02_CWatM_python,./models/02_CWatM/cwatm/management_modules/messages.py,<module>,FUNCTION,1,1,A,2.0,,6.33985000288462,0.5,3.16992500144231,0.176106944524573,0.0021132833342948,CWatM,python,b1,,,
351,func_metrics_02_CWatM_python,./models/02_CWatM/cwatm/management_modules/messages.py,CWATMError,CLASS,16,3,A,11.0,22.0,261.518812618991,11.6071428571429,3035.486217899,168.638123216611,0.0871729375396636,CWatM,python,b1,7.0,0.0028455675620240924,2459.9661921296297
352,func_metrics_02_CWatM_python,./models/02_CWatM/cwatm/management_modules/messages.py,CWATMError.__init__,METHOD,25,2,A,9.0,13.0,220.078200034616,11.0,2420.86020038077,134.492233354487,0.0733594000115385,CWatM,python,b1,6.0,0.0024390579103063647,2459.9661921296297
353,func_metrics_02_CWatM_python,./models/02_CWatM/cwatm/management_modules/messages.py,CWATMFileError,CLASS,40,5,A,23.0,33.0,819.237343923649,29.3636363636364,24055.7874624853,1336.43263680474,0.273079114641216,CWatM,python,b1,8.0,0.0032520772137418197,2459.9661921296297
354,func_metrics_02_CWatM_python,./models/02_CWatM/cwatm/management_modules/messages.py,CWATMFileError.__init__,METHOD,49,4,A,21.0,24.0,765.148900213462,29.2,22342.3478862331,1241.24154923517,0.255049633404487,CWatM,python,b1,7.0,0.0028455675620240924,2459.9661921296297
355,func_metrics_02_CWatM_python,./models/02_CWatM/cwatm/management_modules/messages.py,CWATMDirError,CLASS,74,5,A,22.0,33.0,803.381137267062,28.5909090909091,22969.3970609537,1276.07761449743,0.267793712422354,CWatM,python,b1,5.0,0.0020325482585886374,2459.9661921296297
356,func_metrics_02_CWatM_python,./models/02_CWatM/cwatm/management_modules/messages.py,CWATMDirError.__init__,METHOD,83,4,A,20.0,24.0,749.639125209135,28.4,21289.7511559394,1182.76395310775,0.249879708403045,CWatM,python,b1,6.0,0.0024390579103063647,2459.9661921296297
357,func_metrics_02_CWatM_python,./models/02_CWatM/cwatm/management_modules/messages.py,CWATMWarning,CLASS,109,2,A,9.0,16.0,200.674422838678,9.16666666666667,1839.51554268788,102.195307927105,0.0668914742795595,CWatM,python,b1,4.0,0.0016260386068709099,2459.9661921296297
358,func_metrics_02_CWatM_python,./models/02_CWatM/cwatm/management_modules/messages.py,CWATMWarning.__init__,METHOD,118,1,A,5.0,5.0,114.44895955501,6.66666666666667,762.993063700063,42.3885035388924,0.0381496531850032,CWatM,python,b1,2.0,0.0008130193034354549,2459.9661921296297
359,func_metrics_02_CWatM_python,./models/02_CWatM/cwatm/management_modules/messages.py,CWATMWarning.__str__,METHOD,123,1,A,2.0,2.0,31.6992500144231,4.0,126.797000057692,7.04427778098292,0.0105664166714744,CWatM,python,b1,3.0,0.0012195289551531823,2459.9661921296297
360,func_metrics_02_CWatM_python,./models/02_CWatM/cwatm/management_modules/messages.py,CWATMRunInfo,CLASS,126,2,A,8.0,17.0,265.927825041827,13.0,3457.06172554375,192.058984752431,0.0886426083472757,CWatM,python,b1,5.0,0.0020325482585886374,2459.9661921296297
361,func_metrics_02_CWatM_python,./models/02_CWatM/cwatm/management_modules/messages.py,CWATMRunInfo.__init__,METHOD,137,1,A,4.0,4.0,174.165028051187,10.5555555555556,1838.4086294292,102.133812746066,0.0580550093503957,CWatM,python,b1,3.0,0.0012195289551531823,2459.9661921296297
362,func_metrics_02_CWatM_python,./models/02_CWatM/cwatm/management_modules/messages.py,CWATMRunInfo.__str__,METHOD,141,1,A,2.0,2.0,31.6992500144231,4.0,126.797000057692,7.04427778098292,0.0105664166714744,CWatM,python,b1,1.0,0.00040650965171772747,2459.9661921296297
363,func_metrics_02_CWatM_python,./models/02_CWatM/cwatm/management_modules/messages.py, CWATMError  (aggregate) ,CLASS_AGG,25,2,A,,,,,,,,CWatM,python,b1,,,
364,func_metrics_02_CWatM_python,./models/02_CWatM/cwatm/management_modules/messages.py, CWATMFileError  (aggregate) ,CLASS_AGG,49,4,A,,,,,,,,CWatM,python,b1,,,
365,func_metrics_02_CWatM_python,./models/02_CWatM/cwatm/management_modules/messages.py, CWATMDirError  (aggregate) ,CLASS_AGG,83,4,A,,,,,,,,CWatM,python,b1,,,
366,func_metrics_02_CWatM_python,./models/02_CWatM/cwatm/management_modules/messages.py, CWATMWarning  (aggregate) ,CLASS_AGG,118,2,A,,,,,,,,CWatM,python,b1,,,
367,func_metrics_02_CWatM_python,./models/02_CWatM/cwatm/management_modules/messages.py, CWATMRunInfo  (aggregate) ,CLASS_AGG,137,2,A,,,,,,,,CWatM,python,b1,,,
368,func_metrics_02_CWatM_python,./models/02_CWatM/cwatm/management_modules/messages.py, messages.py  (module  aggregate) ,MODULE_AGG,1,14,C,,,,,,,,CWatM,python,b2,,,
369,func_metrics_02_CWatM_python,./models/02_CWatM/cwatm/management_modules/output.py,<module>,FUNCTION,1,1,A,14.0,,348.389232288205,3.625,1262.91096704474,70.1617203913746,0.116129744096068,CWatM,python,b1,,,
370,func_metrics_02_CWatM_python,./models/02_CWatM/cwatm/management_modules/output.py,outputTssMap,CLASS,31,35,E,441.0,749.0,38967.3268005994,198.380952380952,7730375.40244271,429465.300135706,12.9891089335331,CWatM,python,b3,28.0,0.01138227024809637,2459.9661921296297
371,func_metrics_02_CWatM_python,./models/02_CWatM/cwatm/management_modules/output.py,outputTssMap.__init__,METHOD,55,1,A,3.0,3.0,69.188632372746,8.75,605.400533261527,33.6333629589737,0.023062877457582,CWatM,python,b1,3.0,0.0012195289551531823,2459.9661921296297
372,func_metrics_02_CWatM_python,./models/02_CWatM/cwatm/management_modules/output.py,outputTssMap.initial,METHOD,59,19,C,106.0,175.0,6323.84099886898,59.9139784946237,378886.473609655,21049.2485338697,2.10794699962299,CWatM,python,b2,2.0,0.0008130193034354549,2459.9661921296297
373,func_metrics_02_CWatM_python,./models/02_CWatM/cwatm/management_modules/output.py,outputTssMap.dynamic,METHOD,236,81,F,330.0,544.0,29732.9541120189,196.333333333333,5837569.99065972,324309.44392554,9.91098470400631,CWatM,python,b4,3.0,0.0012195289551531823,2459.9661921296297
374,func_metrics_02_CWatM_python,./models/02_CWatM/cwatm/management_modules/output.py, outputTssMap  (aggregate) ,CLASS_AGG,55,101,F,,,,,,,,CWatM,python,b4,,,
375,func_metrics_02_CWatM_python,./models/02_CWatM/cwatm/management_modules/output.py, output.py  (module  aggregate) ,MODULE_AGG,1,101,F,,,,,,,,CWatM,python,b4,,,
376,func_metrics_02_CWatM_python,./models/02_CWatM/cwatm/management_modules/replace_pcr.py,<module>,FUNCTION,1,1,A,1.0,,8.0,1.0,8.0,0.444444444444444,0.0026666666666666,CWatM,python,b1,,,
377,func_metrics_02_CWatM_python,./models/02_CWatM/cwatm/management_modules/replace_pcr.py,npareatotal,FUNCTION,22,1,A,3.0,9.0,108.0,6.0,648.0,36.0,0.036,CWatM,python,b1,3.0,0.0012195289551531823,2459.9661921296297
378,func_metrics_02_CWatM_python,./models/02_CWatM/cwatm/management_modules/replace_pcr.py,npareaaverage,FUNCTION,33,1,A,4.0,10.0,210.831236293381,9.54545454545455,2012.47998280045,111.804443488914,0.0702770787644602,CWatM,python,b1,3.0,0.0012195289551531823,2459.9661921296297
379,func_metrics_02_CWatM_python,./models/02_CWatM/cwatm/management_modules/replace_pcr.py,npareamaximum,FUNCTION,45,1,A,5.0,11.0,193.261966602265,7.5,1449.46474951699,80.5258194176106,0.0644206555340885,CWatM,python,b1,3.0,0.0012195289551531823,2459.9661921296297
380,func_metrics_02_CWatM_python,./models/02_CWatM/cwatm/management_modules/replace_pcr.py,npareamajority,FUNCTION,58,2,A,4.0,11.0,256.763925116827,10.6785714285714,2741.87191464041,152.326217480023,0.0855879750389424,CWatM,python,b1,3.0,0.0012195289551531823,2459.9661921296297
381,func_metrics_02_CWatM_python,./models/02_CWatM/cwatm/management_modules/replace_pcr.py, replace_pcr.py  (module  aggregate) ,MODULE_AGG,1,5,A,,,,,,,,CWatM,python,b1,,,
382,func_metrics_02_CWatM_python,./models/02_CWatM/cwatm/management_modules/timestep.py,<module>,FUNCTION,1,1,A,10.0,,229.248125036058,3.66666666666667,840.576458465545,46.6986921369748,0.076416041678686,CWatM,python,b1,,,
383,func_metrics_02_CWatM_python,./models/02_CWatM/cwatm/management_modules/timestep.py,datenum,FUNCTION,23,1,A,4.0,9.0,157.173317997413,8.88888888888889,1397.096159977,77.6164533320556,0.0523911059991376,CWatM,python,b1,6.0,0.0024422746433944527,2456.7261574074073
384,func_metrics_02_CWatM_python,./models/02_CWatM/cwatm/management_modules/timestep.py,numdate,FUNCTION,33,1,A,3.0,8.0,184.477331756708,9.35,1724.86305192522,95.8257251069566,0.0614924439189027,CWatM,python,b1,6.0,0.0024390579103063647,2459.9661921296297
385,func_metrics_02_CWatM_python,./models/02_CWatM/cwatm/management_modules/timestep.py,date2str,FUNCTION,42,1,A,3.0,8.0,87.5691632073249,6.66666666666667,583.794421382166,32.4330234101203,0.0291897210691083,CWatM,python,b1,4.0,0.0016260386068709099,2459.9661921296297
386,func_metrics_02_CWatM_python,./models/02_CWatM/cwatm/management_modules/timestep.py,ctbinding,FUNCTION,52,3,A,12.0,20.0,387.644357053073,20.0,7752.88714106146,430.715952281192,0.129214785684358,CWatM,python,b1,6.0,0.0024390579103063647,2459.9661921296297
387,func_metrics_02_CWatM_python,./models/02_CWatM/cwatm/management_modules/timestep.py,timemeasure,FUNCTION,73,2,A,9.0,18.0,252.009037614664,11.1428571428571,2808.10070484911,156.00559471384,0.0840030125382213,CWatM,python,b1,6.0,0.0024390579103063647,2459.9661921296297
388,func_metrics_02_CWatM_python,./models/02_CWatM/cwatm/management_modules/timestep.py,Calendar,FUNCTION,96,8,B,30.0,41.0,930.230790519756,37.05,34465.050788757,1914.72504381983,0.310076930173252,CWatM,python,b1,5.0,0.0020325482585886374,2459.9661921296297
389,func_metrics_02_CWatM_python,./models/02_CWatM/cwatm/management_modules/timestep.py,datetoInt,FUNCTION,139,3,A,13.0,26.0,401.289901141337,11.6842105263158,4688.75568701983,260.486427056657,0.133763300380446,CWatM,python,b1,5.0,0.0020325482585886374,2459.9661921296297
390,func_metrics_02_CWatM_python,./models/02_CWatM/cwatm/management_modules/timestep.py,addmonths,FUNCTION,167,2,A,10.0,17.0,559.385527899371,32.0384615384615,17921.851720776,995.658428932,0.186461842633124,CWatM,python,b1,3.0,0.0012195289551531823,2459.9661921296297
391,func_metrics_02_CWatM_python,./models/02_CWatM/cwatm/management_modules/timestep.py,datetosaveInit,FUNCTION,187,11,C,54.0,84.0,1941.27220628941,56.7272727272727,110123.077884054,6117.94877133631,0.647090735429803,CWatM,python,b2,10.0,0.004065096517177275,2459.9661921296297
392,func_metrics_02_CWatM_python,./models/02_CWatM/cwatm/management_modules/timestep.py,checkifDate,FUNCTION,273,15,C,71.0,120.0,4634.65541136658,64.7586206896552,300133.891811946,16674.1051006637,1.54488513712219,CWatM,python,b2,10.0,0.004065096517177275,2459.9661921296297
393,func_metrics_02_CWatM_python,./models/02_CWatM/cwatm/management_modules/timestep.py,date2indexNew,FUNCTION,395,10,B,35.0,54.0,2088.77597526971,55.7142857142857,116374.661479313,6465.25897107292,0.696258658423238,CWatM,python,b1,6.0,0.0024390579103063647,2459.9661921296297
394,func_metrics_02_CWatM_python,./models/02_CWatM/cwatm/management_modules/timestep.py,timestep_dynamic,FUNCTION,453,5,A,38.0,61.0,2784.31012550502,90.8333333333333,252908.169733373,14050.4538740763,0.92810337516834,CWatM,python,b1,8.0,0.0032520772137418197,2459.9661921296297
395,func_metrics_02_CWatM_python,./models/02_CWatM/cwatm/management_modules/timestep.py, timestep.py  (module  aggregate) ,MODULE_AGG,1,62,F,,,,,,,,CWatM,python,b4,,,
396,func_metrics_02_CWatM_python,./models/02_CWatM/cwatm/management_modules/__init__.py,<module>,FUNCTION,1,1,A,0.0,,0.0,0.0,0.0,0.0,0.0,CWatM,python,b1,,,
397,func_metrics_02_CWatM_python,./models/02_CWatM/cwatm/management_modules/__init__.py, __init__.py  (module  aggregate) ,MODULE_AGG,1,0,A,,,,,,,,CWatM,python,b1,,,
398,func_metrics_02_CWatM_python,./models/02_CWatM/cwatm/variable_documentation/List_all_variables.py,<module>,FUNCTION,1,35,E,156.0,,7607.57676682964,67.3018867924528,512004.270326063,28444.6816847813,2.53585892227655,CWatM,python,b3,,,
399,func_metrics_02_CWatM_python,./models/02_CWatM/cwatm/variable_documentation/List_all_variables.py,open_workbook,FUNCTION,67,4,A,16.0,23.0,436.522481838824,17.5384615384615,7655.93275840399,425.329597689111,0.145507493946275,CWatM,python,b1,,,
400,func_metrics_02_CWatM_python,./models/02_CWatM/cwatm/variable_documentation/List_all_variables.py,scan_variables,FUNCTION,92,12,C,34.0,44.0,1886.8455467047,50.7586206896552,95773.677405149,5320.75985584161,0.628948515568234,CWatM,python,b2,,,
401,func_metrics_02_CWatM_python,./models/02_CWatM/cwatm/variable_documentation/List_all_variables.py,extract_selfvar,FUNCTION,141,36,E,57.0,86.0,2582.766528293,81.0740740740741,209395.404830866,11633.0780461592,0.860922176097665,CWatM,python,b3,,,
402,func_metrics_02_CWatM_python,./models/02_CWatM/cwatm/variable_documentation/List_all_variables.py,extract_localvar,FUNCTION,228,4,A,9.0,13.0,356.702134347855,12.7647058823529,4553.19783255791,252.955435142106,0.118900711449285,CWatM,python,b1,,,
403,func_metrics_02_CWatM_python,./models/02_CWatM/cwatm/variable_documentation/List_all_variables.py,make_all_variables_df,FUNCTION,246,11,C,46.0,67.0,2893.69482567644,35.311320754717,102180.186155726,5676.67700865143,0.964564941892148,CWatM,python,b2,,,
404,func_metrics_02_CWatM_python,./models/02_CWatM/cwatm/variable_documentation/List_all_variables.py,write_new_excel,FUNCTION,314,3,A,18.0,27.0,808.847613416814,22.78,18425.548633635,1023.6415907575,0.269615871138938,CWatM,python,b1,,,
405,func_metrics_02_CWatM_python,./models/02_CWatM/cwatm/variable_documentation/List_all_variables.py,write_to_metaNetCdf,FUNCTION,342,11,C,39.0,55.0,1641.98248090775,25.3673469387755,41652.7392605782,2314.04107003212,0.547327493635917,CWatM,python,b2,,,
406,func_metrics_02_CWatM_python,./models/02_CWatM/cwatm/variable_documentation/List_all_variables.py,get_vars_modules_descriptor,FUNCTION,400,2,A,8.0,9.0,252.172937539664,16.1,4059.98429438858,225.554683021588,0.0840576458465545,CWatM,python,b1,,,
407,func_metrics_02_CWatM_python,./models/02_CWatM/cwatm/variable_documentation/List_all_variables.py, List_all_variables.py  (module  aggregate) ,MODULE_AGG,1,83,F,,,,,,,,CWatM,python,b4,,,
408,func_metrics_02_CWatM_python,./models/02_CWatM/Toolkit/Calibration/scripts/calibration_single.py,<module>,FUNCTION,1,50,F,253.0,,21272.0,88.1973094170404,1876133.16591928,104229.620328849,7.09066666666667,CWatM,python,b3,,,
409,func_metrics_02_CWatM_python,./models/02_CWatM/Toolkit/Calibration/scripts/calibration_single.py,RunModel,FUNCTION,165,13,C,71.0,108.0,5708.06217075154,46.875,267565.414253979,14864.7452363321,1.90268739025051,CWatM,python,b2,1.0,0.0012844427447381889,778.5477430555555
410,func_metrics_02_CWatM_python,./models/02_CWatM/Toolkit/Calibration/scripts/calibration_single.py,checkBounds,FUNCTION,303,1,A,13.0,13.0,412.178810031116,21.5769230769231,8893.55047797907,494.086137665504,0.137392936677039,CWatM,python,b1,1.0,0.0012844427447381889,778.5477430555555
411,func_metrics_02_CWatM_python,./models/02_CWatM/Toolkit/Calibration/scripts/calibration_single.py, calibration_single.py  (module  aggregate) ,MODULE_AGG,1,14,C,,,,,,,,CWatM,python,b2,,,
412,func_metrics_02_CWatM_python,./models/02_CWatM/Toolkit/Calibration/scripts/Cali_plot.py,<module>,FUNCTION,1,8,B,158.0,,17051.1645928854,63.7953367875648,1087784.78782332,60432.4882124067,5.68372153096179,CWatM,python,b1,,,
413,func_metrics_02_CWatM_python,./models/02_CWatM/Toolkit/Calibration/scripts/Cali_plot.py, Cali_plot.py  (module  aggregate) ,MODULE_AGG,1,0,A,,,,,,,,CWatM,python,b1,,,
414,func_metrics_02_CWatM_python,./models/02_CWatM/Toolkit/Calibration/scripts/hydroStats.py,<module>,FUNCTION,1,1,A,6.0,,129.267675044712,3.07692307692308,397.746692445267,22.0970384691815,0.0430892250149039,CWatM,python,b1,,,
415,func_metrics_02_CWatM_python,./models/02_CWatM/Toolkit/Calibration/scripts/hydroStats.py,filter_nan,FUNCTION,45,1,A,6.0,18.0,307.602213011877,11.9166666666667,3665.59303839153,203.644057688418,0.102534071003959,CWatM,python,b1,1.0,0.0012844427447381889,778.5477430555555
416,func_metrics_02_CWatM_python,./models/02_CWatM/Toolkit/Calibration/scripts/hydroStats.py,RSR,FUNCTION,66,1,A,5.0,15.0,262.366593451307,11.4583333333333,3006.28388329622,167.015771294235,0.0874555311504356,CWatM,python,b1,1.0,0.0012844427447381889,778.5477430555555
417,func_metrics_02_CWatM_python,./models/02_CWatM/Toolkit/Calibration/scripts/hydroStats.py,br,FUNCTION,82,1,A,6.0,13.0,271.413717363421,17.55,4763.31073972804,264.628374429335,0.0904712391211403,CWatM,python,b1,1.0,0.0012844427447381889,778.5477430555555
418,func_metrics_02_CWatM_python,./models/02_CWatM/Toolkit/Calibration/scripts/hydroStats.py,pc_bias,FUNCTION,96,1,A,6.0,13.0,232.792823407274,19.5,4539.46005644185,252.192225357881,0.0775976078024248,CWatM,python,b1,1.0,0.0012844427447381889,778.5477430555555
419,func_metrics_02_CWatM_python,./models/02_CWatM/Toolkit/Calibration/scripts/hydroStats.py,pc_bias2,FUNCTION,110,1,A,3.0,13.0,150.117300051923,9.375,1407.34968798678,78.1860937770434,0.0500391000173077,CWatM,python,b1,1.0,0.0012844427447381889,778.5477430555555
420,func_metrics_02_CWatM_python,./models/02_CWatM/Toolkit/Calibration/scripts/hydroStats.py,apb,FUNCTION,124,1,A,6.0,13.0,249.728170643689,18.0555555555556,4508.98085884438,250.498936602465,0.0832427235478962,CWatM,python,b1,1.0,0.0012844427447381889,778.5477430555555
421,func_metrics_02_CWatM_python,./models/02_CWatM/Toolkit/Calibration/scripts/hydroStats.py,apb2,FUNCTION,138,1,A,6.0,13.0,298.022562546875,20.3,6049.85801970157,336.103223316754,0.0993408541822917,CWatM,python,b1,1.0,0.0012844427447381889,778.5477430555555
422,func_metrics_02_CWatM_python,./models/02_CWatM/Toolkit/Calibration/scripts/hydroStats.py,rmse,FUNCTION,152,1,A,3.0,13.0,120.927825041827,6.0,725.566950250962,40.3092750139423,0.0403092750139424,CWatM,python,b1,1.0,0.0012844427447381889,778.5477430555555
423,func_metrics_02_CWatM_python,./models/02_CWatM/Toolkit/Calibration/scripts/hydroStats.py,mae,FUNCTION,166,1,A,3.0,13.0,92.0,5.0,460.0,25.5555555555556,0.0306666666666667,CWatM,python,b1,1.0,0.0012844427447381889,778.5477430555555
424,func_metrics_02_CWatM_python,./models/02_CWatM/Toolkit/Calibration/scripts/hydroStats.py,bias,FUNCTION,180,1,A,6.0,13.0,210.831236293381,14.6666666666667,3092.19146563625,171.788414757569,0.0702770787644602,CWatM,python,b1,1.0,0.0012844427447381889,778.5477430555555
425,func_metrics_02_CWatM_python,./models/02_CWatM/Toolkit/Calibration/scripts/hydroStats.py,NS,FUNCTION,194,1,A,3.0,14.0,169.917100537743,8.88888888888889,1510.37422700216,83.909679277898,0.0566390335125811,CWatM,python,b1,1.0,0.0012844427447381889,778.5477430555555
426,func_metrics_02_CWatM_python,./models/02_CWatM/Toolkit/Calibration/scripts/hydroStats.py,NSlog,FUNCTION,209,1,A,5.0,15.0,245.969775675611,13.2,3246.80103891806,180.377835495448,0.0819899252252036,CWatM,python,b1,1.0,0.0012844427447381889,778.5477430555555
427,func_metrics_02_CWatM_python,./models/02_CWatM/Toolkit/Calibration/scripts/hydroStats.py,correlation,FUNCTION,225,2,A,7.0,18.0,192.568425030289,11.2272727272727,2162.01822647642,120.112123693135,0.0641894750100962,CWatM,python,b1,1.0,0.0012844427447381889,778.5477430555555
428,func_metrics_02_CWatM_python,./models/02_CWatM/Toolkit/Calibration/scripts/hydroStats.py,index_agreement,FUNCTION,245,1,A,5.0,15.0,316.649336923991,15.2727272727273,4836.09896393004,268.67216466278,0.105549778974664,CWatM,python,b1,1.0,0.0012844427447381889,778.5477430555555
429,func_metrics_02_CWatM_python,./models/02_CWatM/Toolkit/Calibration/scripts/hydroStats.py,rmseglobal,FUNCTION,261,1,A,3.0,3.0,116.757900040385,7.5,875.684250302886,48.649125016827,0.0389193000134616,CWatM,python,b1,1.0,0.0012844427447381889,778.5477430555555
430,func_metrics_02_CWatM_python,./models/02_CWatM/Toolkit/Calibration/scripts/hydroStats.py,KGEglobal,FUNCTION,265,2,A,17.0,21.0,1828.60940548701,39.65625,72515.7917363443,4028.65509646357,0.60953646849567,CWatM,python,b1,1.0,0.0012844427447381889,778.5477430555555
431,func_metrics_02_CWatM_python,./models/02_CWatM/Toolkit/Calibration/scripts/hydroStats.py,rankObj,FUNCTION,288,4,A,18.0,20.0,819.576926612654,27.4090909090909,22463.8584885196,1247.99213825109,0.273192308870885,CWatM,python,b1,1.0,0.0012844427447381889,778.5477430555555
432,func_metrics_02_CWatM_python,./models/02_CWatM/Toolkit/Calibration/scripts/hydroStats.py,rankB,FUNCTION,309,4,A,19.0,21.0,873.555422490159,26.625,23258.4131238005,1292.13406243336,0.291185140830053,CWatM,python,b1,1.0,0.0012844427447381889,778.5477430555555
433,func_metrics_02_CWatM_python,./models/02_CWatM/Toolkit/Calibration/scripts/hydroStats.py,KGE,FUNCTION,333,1,A,7.0,19.0,519.194331582221,23.0,11941.4696263911,663.414979243949,0.173064777194074,CWatM,python,b1,1.0,0.0012844427447381889,778.5477430555555
434,func_metrics_02_CWatM_python,./models/02_CWatM/Toolkit/Calibration/scripts/hydroStats.py,vr,FUNCTION,353,1,A,6.0,13.0,357.62707505625,19.5,6973.72796359688,387.429331310938,0.11920902501875,CWatM,python,b1,1.0,0.0012844427447381889,778.5477430555555
435,func_metrics_02_CWatM_python,./models/02_CWatM/Toolkit/Calibration/scripts/hydroStats.py,budykoFunc,FUNCTION,367,1,A,2.0,2.0,109.392936677039,15.125,1654.56816724021,91.9204537355671,0.0364643122256795,CWatM,python,b1,1.0,0.0012844427447381889,778.5477430555555
436,func_metrics_02_CWatM_python,./models/02_CWatM/Toolkit/Calibration/scripts/hydroStats.py,budykoDist,FUNCTION,370,1,A,2.0,2.0,113.299827272647,8.25,934.723574999338,51.9290874999632,0.0377666090908823,CWatM,python,b1,1.0,0.0012844427447381889,778.5477430555555
437,func_metrics_02_CWatM_python,./models/02_CWatM/Toolkit/Calibration/scripts/hydroStats.py,iter1,FUNCTION,374,3,A,9.0,9.0,267.925063934042,15.75,4219.81975696117,234.434430942287,0.0893083546446807,CWatM,python,b1,1.0,0.0012844427447381889,778.5477430555555
438,func_metrics_02_CWatM_python,./models/02_CWatM/Toolkit/Calibration/scripts/hydroStats.py,Budyko,FUNCTION,384,4,A,14.0,17.0,703.276204359908,22.0952380952381,15539.0551820475,863.280843447083,0.234425401453303,CWatM,python,b1,1.0,0.0012844427447381889,778.5477430555555
439,func_metrics_02_CWatM_python,./models/02_CWatM/Toolkit/Calibration/scripts/hydroStats.py,budw,FUNCTION,402,3,A,13.0,21.0,723.782220904681,23.3181818181818,16877.2854238228,937.626967990155,0.24126074030156,CWatM,python,b1,1.0,0.0012844427447381889,778.5477430555555
440,func_metrics_02_CWatM_python,./models/02_CWatM/Toolkit/Calibration/scripts/hydroStats.py,budw1d,FUNCTION,424,2,A,8.0,14.0,543.703999796166,20.3055555555556,11040.2117736388,613.34509853549,0.181234666598722,CWatM,python,b1,1.0,0.0012844427447381889,778.5477430555555
441,func_metrics_02_CWatM_python,./models/02_CWatM/Toolkit/Calibration/scripts/hydroStats.py, hydroStats.py  (module  aggregate) ,MODULE_AGG,1,42,F,,,,,,,,CWatM,python,b3,,,
442,func_metrics_02_CWatM_python,./models/02_CWatM/Toolkit/Calibration/scripts/Violin_plots.py,<module>,FUNCTION,1,22,D,136.0,,11255.7403433676,62.7553956834532,706358.438958242,39242.1354976801,3.7519134477892,CWatM,python,b3,,,
443,func_metrics_02_CWatM_python,./models/02_CWatM/Toolkit/Calibration/scripts/Violin_plots.py, Violin_plots.py  (module  aggregate) ,MODULE_AGG,1,0,A,,,,,,,,CWatM,python,b1,,,
444,func_metrics_02_CWatM_python,./models/02_CWatM/Toolkit/documentation/conf.py,<module>,FUNCTION,1,1,A,108.0,,1887.99705044135,13.9754098360656,26385.5325492008,1465.86291940004,0.629332350147116,CWatM,python,b1,,,
445,func_metrics_02_CWatM_python,./models/02_CWatM/Toolkit/documentation/conf.py, conf.py  (module  aggregate) ,MODULE_AGG,1,0,A,,,,,,,,CWatM,python,b1,,,
446,func_metrics_02_CWatM_python,./models/02_CWatM/Toolkit/preprocessing_forModFlow/ComputeRiverPercent.py,<module>,FUNCTION,1,1,A,4.0,,82.0447025077789,2.75,225.622931896392,12.5346073275773,0.0273482341692596,CWatM,python,b1,,,
447,func_metrics_02_CWatM_python,./models/02_CWatM/Toolkit/preprocessing_forModFlow/ComputeRiverPercent.py,ComputeRiverPercent,FUNCTION,13,5,A,36.0,91.0,2860.89840207814,30.6111111111111,87575.2788636141,4865.29327020078,0.953632800692713,CWatM,python,b1,,,
448,func_metrics_02_CWatM_python,./models/02_CWatM/Toolkit/preprocessing_forModFlow/ComputeRiverPercent.py, ComputeRiverPercent.py  (module  aggregate) ,MODULE_AGG,1,5,A,,,,,,,,CWatM,python,b1,,,
449,func_metrics_02_CWatM_python,./models/02_CWatM/Toolkit/preprocessing_forModFlow/Compute_RiverNetwork.py,<module>,FUNCTION,1,1,A,5.0,,98.9912279734977,2.8,277.175438325794,15.3986354625441,0.0329970759911659,CWatM,python,b1,,,
450,func_metrics_02_CWatM_python,./models/02_CWatM/Toolkit/preprocessing_forModFlow/Compute_RiverNetwork.py,Compute_RiverNetwork,FUNCTION,17,1,A,60.0,112.0,3643.69211591609,28.5211267605634,103922.204714508,5773.45581747268,1.2145640386387,CWatM,python,b1,,,
451,func_metrics_02_CWatM_python,./models/02_CWatM/Toolkit/preprocessing_forModFlow/Compute_RiverNetwork.py, Compute_RiverNetwork.py  (module  aggregate) ,MODULE_AGG,1,1,A,,,,,,,,CWatM,python,b1,,,
452,func_metrics_02_CWatM_python,./models/02_CWatM/Toolkit/preprocessing_forModFlow/create_raster.py,<module>,FUNCTION,1,2,A,9.0,,181.110391401214,5.34375,967.808654050239,53.7671474472355,0.0603701304670714,CWatM,python,b1,,,
453,func_metrics_02_CWatM_python,./models/02_CWatM/Toolkit/preprocessing_forModFlow/create_raster.py,create_raster,FUNCTION,20,1,A,31.0,53.0,1949.79473604721,18.1034482758621,35298.0081525787,1961.00045292104,0.649931578682402,CWatM,python,b1,,,
454,func_metrics_02_CWatM_python,./models/02_CWatM/Toolkit/preprocessing_forModFlow/create_raster.py, create_raster.py  (module  aggregate) ,MODULE_AGG,1,1,A,,,,,,,,CWatM,python,b1,,,
455,func_metrics_02_CWatM_python,./models/02_CWatM/Toolkit/preprocessing_forModFlow/define_modflow_basinmask.py,<module>,FUNCTION,1,1,A,10.0,,164.99896988958,2.11111111111111,348.33115865578,19.3517310364322,0.05499965662986,CWatM,python,b1,,,
456,func_metrics_02_CWatM_python,./models/02_CWatM/Toolkit/preprocessing_forModFlow/define_modflow_basinmask.py,define_modflow_basinmask,FUNCTION,21,2,A,86.0,138.0,6786.6923000622,55.9177215189873,379496.370069934,21083.1316705519,2.2622307666874,CWatM,python,b1,,,
457,func_metrics_02_CWatM_python,./models/02_CWatM/Toolkit/preprocessing_forModFlow/define_modflow_basinmask.py, define_modflow_basinmask.py  (module  aggregate) ,MODULE_AGG,1,2,A,,,,,,,,CWatM,python,b1,,,
458,func_metrics_02_CWatM_python,./models/02_CWatM/Toolkit/preprocessing_forModFlow/ExtractBasinLimits.py,<module>,FUNCTION,1,1,A,11.0,,173.917833126855,2.22222222222222,386.484073615232,21.4713374230685,0.0579726110422849,CWatM,python,b1,,,
459,func_metrics_02_CWatM_python,./models/02_CWatM/Toolkit/preprocessing_forModFlow/ExtractBasinLimits.py,ExtractBasinLimits,FUNCTION,22,6,B,32.0,52.0,1839.84665990954,26.4444444444445,48653.7227842746,2702.98459912637,0.613282219969848,CWatM,python,b1,,,
460,func_metrics_02_CWatM_python,./models/02_CWatM/Toolkit/preprocessing_forModFlow/ExtractBasinLimits.py, ExtractBasinLimits.py  (module  aggregate) ,MODULE_AGG,1,6,B,,,,,,,,CWatM,python,b1,,,
461,func_metrics_02_CWatM_python,./models/02_CWatM/Toolkit/preprocessing_forModFlow/Main_Preprocess_ModFlow.py,<module>,FUNCTION,1,9,B,88.0,,5428.99653639776,38.1637168141593,207190.686400136,11510.5936888964,1.80966551213259,CWatM,python,b1,,,
462,func_metrics_02_CWatM_python,./models/02_CWatM/Toolkit/preprocessing_forModFlow/Main_Preprocess_ModFlow.py, Main_Preprocess_ModFlow.py  (module  aggregate) ,MODULE_AGG,1,0,A,,,,,,,,CWatM,python,b1,,,
463,func_metrics_02_CWatM_python,./models/02_CWatM/Toolkit/preprocessing_forModFlow/modflow.py,<module>,FUNCTION,1,2,A,11.0,,178.616709289362,4.76470588235294,851.056085437546,47.2808936354192,0.0595389030964538,CWatM,python,b1,,,
464,func_metrics_02_CWatM_python,./models/02_CWatM/Toolkit/preprocessing_forModFlow/modflow.py,cd,FUNCTION,13,1,A,7.0,7.0,151.236125126263,7.875,1190.98448536932,66.1658047427399,0.0504120417087542,CWatM,python,b1,,,
465,func_metrics_02_CWatM_python,./models/02_CWatM/Toolkit/preprocessing_forModFlow/modflow.py,main,FUNCTION,309,2,A,53.0,65.0,2618.35805119135,30.4918032786885,79838.4586100969,4435.46992278316,0.872786017063783,CWatM,python,b1,,,
466,func_metrics_02_CWatM_python,./models/02_CWatM/Toolkit/preprocessing_forModFlow/modflow.py,ModFlowSimulation,CLASS,22,4,A,207.0,285.0,13291.8771787082,64.5135135135135,857505.697988552,47639.2054438085,4.43062572623606,CWatM,python,b1,,,
467,func_metrics_02_CWatM_python,./models/02_CWatM/Toolkit/preprocessing_forModFlow/modflow.py,ModFlowSimulation.__init__,METHOD,23,5,A,100.0,123.0,5674.62418927569,21.9009009009009,124279.382019182,6904.41011217678,1.89154139642523,CWatM,python,b1,,,
468,func_metrics_02_CWatM_python,./models/02_CWatM/Toolkit/preprocessing_forModFlow/modflow.py,ModFlowSimulation.bmi_return,METHOD,147,1,A,4.0,6.0,144.429535457082,5.45454545454545,787.797466129538,43.7665258960854,0.048143178485694,CWatM,python,b1,,,
469,func_metrics_02_CWatM_python,./models/02_CWatM/Toolkit/preprocessing_forModFlow/modflow.py,ModFlowSimulation.load_bmi,METHOD,154,7,B,36.0,58.0,1818.0,30.6818181818182,55779.5454545455,3098.86363636364,0.606,CWatM,python,b1,,,
470,func_metrics_02_CWatM_python,./models/02_CWatM/Toolkit/preprocessing_forModFlow/modflow.py,ModFlowSimulation.compress,METHOD,213,1,A,2.0,2.0,68.114287513702,5.6,381.440010076731,21.1911116709295,0.0227047625045673,CWatM,python,b1,,,
471,func_metrics_02_CWatM_python,./models/02_CWatM/Toolkit/preprocessing_forModFlow/modflow.py,ModFlowSimulation.decompress,METHOD,216,1,A,4.0,4.0,152.925390483969,9.44444444444444,1444.29535457082,80.23863080949,0.050975130161323,CWatM,python,b1,,,
472,func_metrics_02_CWatM_python,./models/02_CWatM/Toolkit/preprocessing_forModFlow/modflow.py,ModFlowSimulation.prepare_time_step,METHOD,221,1,A,3.0,3.0,79.5669272286578,6.0,477.401563371947,26.5223090762193,0.0265223090762193,CWatM,python,b1,,,
473,func_metrics_02_CWatM_python,./models/02_CWatM/Toolkit/preprocessing_forModFlow/modflow.py,ModFlowSimulation.set_recharge,METHOD,225,2,A,6.0,6.0,286.726822806607,12.5,3584.08528508258,199.115849171255,0.0955756076022022,CWatM,python,b1,,,
474,func_metrics_02_CWatM_python,./models/02_CWatM/Toolkit/preprocessing_forModFlow/modflow.py,ModFlowSimulation.set_well_rate,METHOD,232,2,A,6.0,6.0,286.726822806607,12.5,3584.08528508258,199.115849171255,0.0955756076022022,CWatM,python,b1,,,
475,func_metrics_02_CWatM_python,./models/02_CWatM/Toolkit/preprocessing_forModFlow/modflow.py,ModFlowSimulation.step,METHOD,239,8,B,29.0,48.0,1382.21239937239,24.3292682926829,33628.216301804,1868.23423898911,0.460737466457465,CWatM,python,b1,,,
476,func_metrics_02_CWatM_python,./models/02_CWatM/Toolkit/preprocessing_forModFlow/modflow.py,ModFlowSimulation.plot,METHOD,288,5,A,11.0,12.0,401.289901141337,13.0,5216.76871483738,289.820484157632,0.133763300380446,CWatM,python,b1,,,
477,func_metrics_02_CWatM_python,./models/02_CWatM/Toolkit/preprocessing_forModFlow/modflow.py,ModFlowSimulation.plot_compressed,METHOD,301,1,A,3.0,3.0,114.220647661728,7.0,799.544533632097,44.4191407573387,0.038073549220576,CWatM,python,b1,,,
478,func_metrics_02_CWatM_python,./models/02_CWatM/Toolkit/preprocessing_forModFlow/modflow.py,ModFlowSimulation.finalize,METHOD,305,1,A,2.0,2.0,39.0,4.16666666666667,162.5,9.02777777777778,0.013,CWatM,python,b1,,,
479,func_metrics_02_CWatM_python,./models/02_CWatM/Toolkit/preprocessing_forModFlow/modflow.py, ModFlowSimulation  (aggregate) ,CLASS_AGG,23,35,E,,,,,,,,CWatM,python,b3,,,
480,func_metrics_02_CWatM_python,./models/02_CWatM/Toolkit/preprocessing_forModFlow/modflow.py, modflow.py  (module  aggregate) ,MODULE_AGG,1,38,E,,,,,,,,CWatM,python,b3,,,
481,func_metrics_02_CWatM_python,./models/02_CWatM/Toolkit/preprocessing_forModFlow/modflow_cwatm_translation_test2.py,<module>,FUNCTION,1,1,A,20.0,,894.39702524952,19.0,16993.5434797409,944.085748874493,0.29813234174984,CWatM,python,b1,,,
482,func_metrics_02_CWatM_python,./models/02_CWatM/Toolkit/preprocessing_forModFlow/modflow_cwatm_translation_test2.py, modflow_cwatm_translation_test2.py  (module  aggregate) ,MODULE_AGG,1,0,A,,,,,,,,CWatM,python,b1,,,
483,func_metrics_02_CWatM_python,./models/02_CWatM/Toolkit/preprocessing_forModFlow/Project_InputsMap.py,<module>,FUNCTION,1,1,A,3.0,,53.7744375108174,2.85714285714286,153.641250030907,8.53562500171704,0.0179248125036058,CWatM,python,b1,,,
484,func_metrics_02_CWatM_python,./models/02_CWatM/Toolkit/preprocessing_forModFlow/Project_InputsMap.py,Project_InputsMap,FUNCTION,13,2,A,19.0,33.0,977.049791585668,13.6585365853659,13345.0703240969,741.392795783162,0.325683263861889,CWatM,python,b1,,,
485,func_metrics_02_CWatM_python,./models/02_CWatM/Toolkit/preprocessing_forModFlow/Project_InputsMap.py, Project_InputsMap.py  (module  aggregate) ,MODULE_AGG,1,2,A,,,,,,,,CWatM,python,b1,,,
486,func_metrics_02_CWatM_python,./models/02_CWatM/Toolkit/preprocessing_forModFlow/Proj_properties.py,<module>,FUNCTION,1,1,A,2.0,,34.8691750158654,1.5,52.3037625237982,2.90576458465545,0.0116230583386218,CWatM,python,b1,,,
487,func_metrics_02_CWatM_python,./models/02_CWatM/Toolkit/preprocessing_forModFlow/Proj_properties.py,Proj_properties,FUNCTION,12,18,C,53.0,74.0,3171.56814029143,49.8191489361702,158004.825542391,8778.04586346617,1.05718938009714,CWatM,python,b2,,,
488,func_metrics_02_CWatM_python,./models/02_CWatM/Toolkit/preprocessing_forModFlow/Proj_properties.py, Proj_properties.py  (module  aggregate) ,MODULE_AGG,1,18,C,,,,,,,,CWatM,python,b2,,,
489,func_metrics_02_CWatM_python,./models/02_CWatM/Toolkit/preprocessing_forModFlow/Proj_topo.py,<module>,FUNCTION,1,1,A,2.0,,34.8691750158654,1.5,52.3037625237982,2.90576458465545,0.0116230583386218,CWatM,python,b1,,,
490,func_metrics_02_CWatM_python,./models/02_CWatM/Toolkit/preprocessing_forModFlow/Proj_topo.py,Proj_topo,FUNCTION,13,2,A,12.0,27.0,597.250450731434,12.75,7614.94324682579,423.052402601433,0.199083483577145,CWatM,python,b1,,,
491,func_metrics_02_CWatM_python,./models/02_CWatM/Toolkit/preprocessing_forModFlow/Proj_topo.py, Proj_topo.py  (module  aggregate) ,MODULE_AGG,1,2,A,,,,,,,,CWatM,python,b1,,,
492,func_metrics_02_CWatM_python,./models/02_CWatM/Toolkit/pytesting/conftest.py,<module>,FUNCTION,1,1,A,5.0,,62.9074752083986,2.0,125.814950416797,6.98971946759984,0.0209691584027995,CWatM,python,b1,,,
493,func_metrics_02_CWatM_python,./models/02_CWatM/Toolkit/pytesting/conftest.py,pytest_addoption,FUNCTION,11,1,A,3.0,3.0,93.20902501875,8.4,782.955810157501,43.49754500875,0.03106967500625,CWatM,python,b1,,,
494,func_metrics_02_CWatM_python,./models/02_CWatM/Toolkit/pytesting/conftest.py,pytest_configure,FUNCTION,16,2,A,26.0,28.0,944.481670024252,14.5,13694.9842153517,760.832456408426,0.314827223341418,CWatM,python,b1,,,
495,func_metrics_02_CWatM_python,./models/02_CWatM/Toolkit/pytesting/conftest.py,pytest_html_report_title,FUNCTION,54,1,A,2.0,2.0,36.541209043761,3.75,137.029533914104,7.61275188411687,0.012180403014587,CWatM,python,b1,,,
496,func_metrics_02_CWatM_python,./models/02_CWatM/Toolkit/pytesting/conftest.py,pytest_html_results_table_header,FUNCTION,61,1,A,2.0,3.0,51.8914742795595,5.25,272.430239967687,15.1350133315382,0.0172971580931865,CWatM,python,b1,,,
497,func_metrics_02_CWatM_python,./models/02_CWatM/Toolkit/pytesting/conftest.py,pytest_html_results_table_row,FUNCTION,66,1,A,3.0,3.0,78.1378119121704,6.75,527.43023040715,29.3016794670639,0.0260459373040568,CWatM,python,b1,,,
498,func_metrics_02_CWatM_python,./models/02_CWatM/Toolkit/pytesting/conftest.py,pytest_runtest_makereport,FUNCTION,72,1,A,4.0,4.0,110.361496713759,5.33333333333333,588.594649140049,32.6997027300027,0.036787165571253,CWatM,python,b1,,,
499,func_metrics_02_CWatM_python,./models/02_CWatM/Toolkit/pytesting/conftest.py, conftest.py  (module  aggregate) ,MODULE_AGG,1,7,B,,,,,,,,CWatM,python,b1,,,
500,func_metrics_02_CWatM_python,./models/02_CWatM/Toolkit/pytesting/test_cwatm3.py,<module>,FUNCTION,1,34,E,110.0,,5530.72696175281,55.3243243243243,305983.732181298,16999.0962322943,1.8435756539176,CWatM,python,b3,,,
501,func_metrics_02_CWatM_python,./models/02_CWatM/Toolkit/pytesting/test_cwatm3.py,replace_setting,FUNCTION,48,3,A,20.0,32.0,703.276204359908,20.4545454545455,14385.1950891799,799.177504954441,0.234425401453303,CWatM,python,b1,,,
502,func_metrics_02_CWatM_python,./models/02_CWatM/Toolkit/pytesting/test_cwatm3.py,cwatm,FUNCTION,190,7,B,19.0,33.0,904.736875252405,36.5,33022.8959467128,1834.60533037293,0.301578958417468,CWatM,python,b1,,,
503,func_metrics_02_CWatM_python,./models/02_CWatM/Toolkit/pytesting/test_cwatm3.py,test_cwatm_without_settings,FUNCTION,229,2,A,1.0,1.0,15.5097750043269,2.0,31.0195500086539,1.7233083338141,0.0051699250014423,CWatM,python,b1,,,
504,func_metrics_02_CWatM_python,./models/02_CWatM/Toolkit/pytesting/test_cwatm3.py,test_cwatm,FUNCTION,242,1,A,1.0,1.0,44.3789500201924,3.75,166.421062575721,9.24561458754008,0.0147929833400641,CWatM,python,b1,,,
505,func_metrics_02_CWatM_python,./models/02_CWatM/Toolkit/pytesting/test_cwatm3.py, test_cwatm3.py  (module  aggregate) ,MODULE_AGG,1,13,C,,,,,,,,CWatM,python,b2,,,
506,func_metrics_02_CWatM_python,./models/02_CWatM/Tutorials/08_Inputs/tif2netcdf.py,<module>,FUNCTION,1,3,A,48.0,,1992.83811994098,23.0338983050847,45902.8305932168,2550.15725517871,0.66427937331366,CWatM,python,b1,,,
507,func_metrics_02_CWatM_python,./models/02_CWatM/Tutorials/08_Inputs/tif2netcdf.py,ConvertMapsToNetCDF4,CLASS,22,6,B,67.0,90.0,3108.84293025824,41.9833333333333,130519.589022009,7251.08827900048,1.03628097675275,CWatM,python,b1,1.0,0.001049605523257509,952.7388888888889
508,func_metrics_02_CWatM_python,./models/02_CWatM/Tutorials/08_Inputs/tif2netcdf.py,ConvertMapsToNetCDF4.__init__,METHOD,23,2,A,15.0,21.0,534.705776651996,27.09375,14487.184636165,804.843590898057,0.178235258883999,CWatM,python,b1,1.0,0.001049605523257509,952.7388888888889
509,func_metrics_02_CWatM_python,./models/02_CWatM/Tutorials/08_Inputs/tif2netcdf.py,ConvertMapsToNetCDF4.writeToNetCDF,METHOD,46,7,B,51.0,66.0,2301.06095399263,29.5,67881.2981427825,3771.18323015459,0.767020317997543,CWatM,python,b1,1.0,0.001049605523257509,952.7388888888889
510,func_metrics_02_CWatM_python,./models/02_CWatM/Tutorials/08_Inputs/tif2netcdf.py, ConvertMapsToNetCDF4  (aggregate) ,CLASS_AGG,23,9,B,,,,,,,,CWatM,python,b1,,,
511,func_metrics_02_CWatM_python,./models/02_CWatM/Tutorials/08_Inputs/tif2netcdf.py, tif2netcdf.py  (module  aggregate) ,MODULE_AGG,1,9,B,,,,,,,,CWatM,python,b1,,,
512,func_metrics_02_CWatM_python,./models/02_CWatM/Tutorials/09_Calibration/calibration_single.py,<module>,FUNCTION,1,50,F,253.0,,21209.9578433801,88.8461538461539,1884423.17762339,104690.176534633,7.06998594779337,CWatM,python,b3,,,
513,func_metrics_02_CWatM_python,./models/02_CWatM/Tutorials/09_Calibration/calibration_single.py,RunModel,FUNCTION,162,13,C,70.0,107.0,5642.92961661216,46.8421052631579,264326.703093938,14684.8168385521,1.88097653887072,CWatM,python,b2,1.0,0.001049605523257509,952.7388888888889
514,func_metrics_02_CWatM_python,./models/02_CWatM/Tutorials/09_Calibration/calibration_single.py,checkBounds,FUNCTION,299,1,A,13.0,13.0,412.178810031116,21.5769230769231,8893.55047797907,494.086137665504,0.137392936677039,CWatM,python,b1,1.0,0.001049605523257509,952.7388888888889
515,func_metrics_02_CWatM_python,./models/02_CWatM/Tutorials/09_Calibration/calibration_single.py, calibration_single.py  (module  aggregate) ,MODULE_AGG,1,14,C,,,,,,,,CWatM,python,b2,,,
516,func_metrics_02_CWatM_python,./models/02_CWatM/Tutorials/09_Calibration/Cali_plot.py,<module>,FUNCTION,1,9,B,164.0,,17374.8106100023,69.6572164948454,1210280.94421787,67237.8302343259,5.79160353666743,CWatM,python,b1,,,
517,func_metrics_02_CWatM_python,./models/02_CWatM/Tutorials/09_Calibration/Cali_plot.py, Cali_plot.py  (module  aggregate) ,MODULE_AGG,1,0,A,,,,,,,,CWatM,python,b1,,,
518,func_metrics_02_CWatM_python,./models/02_CWatM/Tutorials/09_Calibration/hydroStats.py,<module>,FUNCTION,1,1,A,6.0,,129.267675044712,3.07692307692308,397.746692445267,22.0970384691815,0.0430892250149039,CWatM,python,b1,,,
519,func_metrics_02_CWatM_python,./models/02_CWatM/Tutorials/09_Calibration/hydroStats.py,filter_nan,FUNCTION,45,1,A,6.0,18.0,307.602213011877,11.9166666666667,3665.59303839153,203.644057688418,0.102534071003959,CWatM,python,b1,1.0,0.001049605523257509,952.7388888888889
520,func_metrics_02_CWatM_python,./models/02_CWatM/Tutorials/09_Calibration/hydroStats.py,RSR,FUNCTION,66,1,A,5.0,15.0,262.366593451307,11.4583333333333,3006.28388329622,167.015771294235,0.0874555311504356,CWatM,python,b1,1.0,0.001049605523257509,952.7388888888889
521,func_metrics_02_CWatM_python,./models/02_CWatM/Tutorials/09_Calibration/hydroStats.py,br,FUNCTION,82,1,A,6.0,13.0,271.413717363421,17.55,4763.31073972804,264.628374429335,0.0904712391211403,CWatM,python,b1,1.0,0.001049605523257509,952.7388888888889
522,func_metrics_02_CWatM_python,./models/02_CWatM/Tutorials/09_Calibration/hydroStats.py,pc_bias,FUNCTION,96,1,A,6.0,13.0,232.792823407274,19.5,4539.46005644185,252.192225357881,0.0775976078024248,CWatM,python,b1,1.0,0.001049605523257509,952.7388888888889
523,func_metrics_02_CWatM_python,./models/02_CWatM/Tutorials/09_Calibration/hydroStats.py,pc_bias2,FUNCTION,110,1,A,3.0,13.0,150.117300051923,9.375,1407.34968798678,78.1860937770434,0.0500391000173077,CWatM,python,b1,1.0,0.001049605523257509,952.7388888888889
524,func_metrics_02_CWatM_python,./models/02_CWatM/Tutorials/09_Calibration/hydroStats.py,apb,FUNCTION,124,1,A,6.0,13.0,249.728170643689,18.0555555555556,4508.98085884438,250.498936602465,0.0832427235478962,CWatM,python,b1,1.0,0.001049605523257509,952.7388888888889
525,func_metrics_02_CWatM_python,./models/02_CWatM/Tutorials/09_Calibration/hydroStats.py,apb2,FUNCTION,138,1,A,6.0,13.0,298.022562546875,20.3,6049.85801970157,336.103223316754,0.0993408541822917,CWatM,python,b1,1.0,0.001049605523257509,952.7388888888889
526,func_metrics_02_CWatM_python,./models/02_CWatM/Tutorials/09_Calibration/hydroStats.py,rmse,FUNCTION,152,1,A,3.0,13.0,120.927825041827,6.0,725.566950250962,40.3092750139423,0.0403092750139424,CWatM,python,b1,1.0,0.001049605523257509,952.7388888888889
527,func_metrics_02_CWatM_python,./models/02_CWatM/Tutorials/09_Calibration/hydroStats.py,mae,FUNCTION,166,1,A,3.0,13.0,92.0,5.0,460.0,25.5555555555556,0.0306666666666667,CWatM,python,b1,1.0,0.001049605523257509,952.7388888888889
528,func_metrics_02_CWatM_python,./models/02_CWatM/Tutorials/09_Calibration/hydroStats.py,bias,FUNCTION,180,1,A,6.0,13.0,210.831236293381,14.6666666666667,3092.19146563625,171.788414757569,0.0702770787644602,CWatM,python,b1,1.0,0.001049605523257509,952.7388888888889
529,func_metrics_02_CWatM_python,./models/02_CWatM/Tutorials/09_Calibration/hydroStats.py,NS,FUNCTION,194,1,A,3.0,14.0,169.917100537743,8.88888888888889,1510.37422700216,83.909679277898,0.0566390335125811,CWatM,python,b1,1.0,0.001049605523257509,952.7388888888889
530,func_metrics_02_CWatM_python,./models/02_CWatM/Tutorials/09_Calibration/hydroStats.py,NSlog,FUNCTION,209,1,A,5.0,15.0,245.969775675611,13.2,3246.80103891806,180.377835495448,0.0819899252252036,CWatM,python,b1,1.0,0.001049605523257509,952.7388888888889
531,func_metrics_02_CWatM_python,./models/02_CWatM/Tutorials/09_Calibration/hydroStats.py,correlation,FUNCTION,225,2,A,7.0,18.0,192.568425030289,11.2272727272727,2162.01822647642,120.112123693135,0.0641894750100962,CWatM,python,b1,1.0,0.001049605523257509,952.7388888888889
532,func_metrics_02_CWatM_python,./models/02_CWatM/Tutorials/09_Calibration/hydroStats.py,index_agreement,FUNCTION,245,1,A,5.0,15.0,316.649336923991,15.2727272727273,4836.09896393004,268.67216466278,0.105549778974664,CWatM,python,b1,1.0,0.001049605523257509,952.7388888888889
533,func_metrics_02_CWatM_python,./models/02_CWatM/Tutorials/09_Calibration/hydroStats.py,rmseglobal,FUNCTION,261,1,A,3.0,3.0,116.757900040385,7.5,875.684250302886,48.649125016827,0.0389193000134616,CWatM,python,b1,1.0,0.001049605523257509,952.7388888888889
534,func_metrics_02_CWatM_python,./models/02_CWatM/Tutorials/09_Calibration/hydroStats.py,KGEglobal,FUNCTION,265,2,A,17.0,21.0,1828.60940548701,39.65625,72515.7917363443,4028.65509646357,0.60953646849567,CWatM,python,b1,1.0,0.001049605523257509,952.7388888888889
535,func_metrics_02_CWatM_python,./models/02_CWatM/Tutorials/09_Calibration/hydroStats.py,rankObj,FUNCTION,288,4,A,18.0,20.0,819.576926612654,27.4090909090909,22463.8584885196,1247.99213825109,0.273192308870885,CWatM,python,b1,1.0,0.001049605523257509,952.7388888888889
536,func_metrics_02_CWatM_python,./models/02_CWatM/Tutorials/09_Calibration/hydroStats.py,rankB,FUNCTION,309,4,A,19.0,21.0,873.555422490159,26.625,23258.4131238005,1292.13406243336,0.291185140830053,CWatM,python,b1,1.0,0.001049605523257509,952.7388888888889
537,func_metrics_02_CWatM_python,./models/02_CWatM/Tutorials/09_Calibration/hydroStats.py,KGE,FUNCTION,333,1,A,7.0,19.0,519.194331582221,23.0,11941.4696263911,663.414979243949,0.173064777194074,CWatM,python,b1,1.0,0.001049605523257509,952.7388888888889
538,func_metrics_02_CWatM_python,./models/02_CWatM/Tutorials/09_Calibration/hydroStats.py,vr,FUNCTION,353,1,A,6.0,13.0,357.62707505625,19.5,6973.72796359688,387.429331310938,0.11920902501875,CWatM,python,b1,1.0,0.001049605523257509,952.7388888888889
539,func_metrics_02_CWatM_python,./models/02_CWatM/Tutorials/09_Calibration/hydroStats.py,budykoFunc,FUNCTION,367,1,A,2.0,2.0,109.392936677039,15.125,1654.56816724021,91.9204537355671,0.0364643122256795,CWatM,python,b1,1.0,0.001049605523257509,952.7388888888889
540,func_metrics_02_CWatM_python,./models/02_CWatM/Tutorials/09_Calibration/hydroStats.py,budykoDist,FUNCTION,370,1,A,2.0,2.0,113.299827272647,8.25,934.723574999338,51.9290874999632,0.0377666090908823,CWatM,python,b1,1.0,0.001049605523257509,952.7388888888889
541,func_metrics_02_CWatM_python,./models/02_CWatM/Tutorials/09_Calibration/hydroStats.py,iter1,FUNCTION,374,3,A,9.0,9.0,267.925063934042,15.75,4219.81975696117,234.434430942287,0.0893083546446807,CWatM,python,b1,1.0,0.001049605523257509,952.7388888888889
542,func_metrics_02_CWatM_python,./models/02_CWatM/Tutorials/09_Calibration/hydroStats.py,Budyko,FUNCTION,384,4,A,14.0,17.0,703.276204359908,22.0952380952381,15539.0551820475,863.280843447083,0.234425401453303,CWatM,python,b1,1.0,0.001049605523257509,952.7388888888889
543,func_metrics_02_CWatM_python,./models/02_CWatM/Tutorials/09_Calibration/hydroStats.py,budw,FUNCTION,402,3,A,13.0,21.0,723.782220904681,23.3181818181818,16877.2854238228,937.626967990155,0.24126074030156,CWatM,python,b1,1.0,0.001049605523257509,952.7388888888889
544,func_metrics_02_CWatM_python,./models/02_CWatM/Tutorials/09_Calibration/hydroStats.py,budw1d,FUNCTION,424,2,A,8.0,14.0,543.703999796166,20.3055555555556,11040.2117736388,613.34509853549,0.181234666598722,CWatM,python,b1,1.0,0.001049605523257509,952.7388888888889
545,func_metrics_02_CWatM_python,./models/02_CWatM/Tutorials/09_Calibration/hydroStats.py, hydroStats.py  (module  aggregate) ,MODULE_AGG,1,42,F,,,,,,,,CWatM,python,b3,,,
546,func_metrics_02_CWatM_python,./models/02_CWatM/Tutorials/09_Calibration/Violin_plots.py,<module>,FUNCTION,1,21,D,126.0,,10025.1905639652,54.71484375,548526.735271332,30473.707515074,3.34173018798841,CWatM,python,b3,,,
547,func_metrics_02_CWatM_python,./models/02_CWatM/Tutorials/09_Calibration/Violin_plots.py, Violin_plots.py  (module  aggregate) ,MODULE_AGG,1,0,A,,,,,,,,CWatM,python,b1,,,
548,func_metrics_02_CWatM_python,./models/02_CWatM/Tutorials/09_Calibration/Violin_plots_V2.py,<module>,FUNCTION,1,21,D,111.0,,8608.71099892791,49.4877049180328,426025.349639568,23668.074979976,2.86957033297597,CWatM,python,b3,,,
549,func_metrics_02_CWatM_python,./models/02_CWatM/Tutorials/09_Calibration/Violin_plots_V2.py, Violin_plots_V2.py  (module  aggregate) ,MODULE_AGG,1,0,A,,,,,,,,CWatM,python,b1,,,
550,func_metrics_02_CWatM_python,./models/02_CWatM/Tutorials/09_Calibration_renovation/calibration_single.py,<module>,FUNCTION,1,50,F,253.0,,21138.0596811992,88.5475113122172,1871722.5787393,103984.587707739,7.04601989373305,CWatM,python,b3,,,
551,func_metrics_02_CWatM_python,./models/02_CWatM/Tutorials/09_Calibration_renovation/calibration_single.py,RunModel,FUNCTION,163,13,C,70.0,107.0,5642.92961661216,46.8421052631579,264326.703093938,14684.8168385521,1.88097653887072,CWatM,python,b2,1.0,0.001371871054282905,728.9314814814816
552,func_metrics_02_CWatM_python,./models/02_CWatM/Tutorials/09_Calibration_renovation/calibration_single.py,checkBounds,FUNCTION,300,1,A,13.0,13.0,412.178810031116,21.5769230769231,8893.55047797907,494.086137665504,0.137392936677039,CWatM,python,b1,1.0,0.001371871054282905,728.9314814814816
553,func_metrics_02_CWatM_python,./models/02_CWatM/Tutorials/09_Calibration_renovation/calibration_single.py, calibration_single.py  (module  aggregate) ,MODULE_AGG,1,14,C,,,,,,,,CWatM,python,b2,,,
554,func_metrics_02_CWatM_python,./models/02_CWatM/Tutorials/09_Calibration_renovation/Cali_plot.py,<module>,FUNCTION,1,9,B,164.0,,17374.8106100023,69.6572164948454,1210280.94421787,67237.8302343259,5.79160353666743,CWatM,python,b1,,,
555,func_metrics_02_CWatM_python,./models/02_CWatM/Tutorials/09_Calibration_renovation/Cali_plot.py, Cali_plot.py  (module  aggregate) ,MODULE_AGG,1,0,A,,,,,,,,CWatM,python,b1,,,
556,func_metrics_02_CWatM_python,./models/02_CWatM/Tutorials/09_Calibration_renovation/hydroStats.py,<module>,FUNCTION,1,1,A,6.0,,129.267675044712,3.07692307692308,397.746692445267,22.0970384691815,0.0430892250149039,CWatM,python,b1,,,
557,func_metrics_02_CWatM_python,./models/02_CWatM/Tutorials/09_Calibration_renovation/hydroStats.py,filter_nan,FUNCTION,45,1,A,6.0,18.0,307.602213011877,11.9166666666667,3665.59303839153,203.644057688418,0.102534071003959,CWatM,python,b1,1.0,0.001371871054282905,728.9314814814816
558,func_metrics_02_CWatM_python,./models/02_CWatM/Tutorials/09_Calibration_renovation/hydroStats.py,RSR,FUNCTION,66,1,A,5.0,15.0,262.366593451307,11.4583333333333,3006.28388329622,167.015771294235,0.0874555311504356,CWatM,python,b1,1.0,0.001371871054282905,728.9314814814816
559,func_metrics_02_CWatM_python,./models/02_CWatM/Tutorials/09_Calibration_renovation/hydroStats.py,br,FUNCTION,82,1,A,6.0,13.0,271.413717363421,17.55,4763.31073972804,264.628374429335,0.0904712391211403,CWatM,python,b1,1.0,0.001371871054282905,728.9314814814816
560,func_metrics_02_CWatM_python,./models/02_CWatM/Tutorials/09_Calibration_renovation/hydroStats.py,pc_bias,FUNCTION,96,1,A,6.0,13.0,232.792823407274,19.5,4539.46005644185,252.192225357881,0.0775976078024248,CWatM,python,b1,1.0,0.001371871054282905,728.9314814814816
561,func_metrics_02_CWatM_python,./models/02_CWatM/Tutorials/09_Calibration_renovation/hydroStats.py,pc_bias2,FUNCTION,110,1,A,3.0,13.0,150.117300051923,9.375,1407.34968798678,78.1860937770434,0.0500391000173077,CWatM,python,b1,1.0,0.001371871054282905,728.9314814814816
562,func_metrics_02_CWatM_python,./models/02_CWatM/Tutorials/09_Calibration_renovation/hydroStats.py,apb,FUNCTION,124,1,A,6.0,13.0,249.728170643689,18.0555555555556,4508.98085884438,250.498936602465,0.0832427235478962,CWatM,python,b1,1.0,0.001371871054282905,728.9314814814816
563,func_metrics_02_CWatM_python,./models/02_CWatM/Tutorials/09_Calibration_renovation/hydroStats.py,apb2,FUNCTION,138,1,A,6.0,13.0,298.022562546875,20.3,6049.85801970157,336.103223316754,0.0993408541822917,CWatM,python,b1,1.0,0.001371871054282905,728.9314814814816
564,func_metrics_02_CWatM_python,./models/02_CWatM/Tutorials/09_Calibration_renovation/hydroStats.py,rmse,FUNCTION,152,1,A,3.0,13.0,120.927825041827,6.0,725.566950250962,40.3092750139423,0.0403092750139424,CWatM,python,b1,1.0,0.001371871054282905,728.9314814814816
565,func_metrics_02_CWatM_python,./models/02_CWatM/Tutorials/09_Calibration_renovation/hydroStats.py,mae,FUNCTION,166,1,A,3.0,13.0,92.0,5.0,460.0,25.5555555555556,0.0306666666666667,CWatM,python,b1,1.0,0.001371871054282905,728.9314814814816
566,func_metrics_02_CWatM_python,./models/02_CWatM/Tutorials/09_Calibration_renovation/hydroStats.py,bias,FUNCTION,180,1,A,6.0,13.0,210.831236293381,14.6666666666667,3092.19146563625,171.788414757569,0.0702770787644602,CWatM,python,b1,1.0,0.001371871054282905,728.9314814814816
567,func_metrics_02_CWatM_python,./models/02_CWatM/Tutorials/09_Calibration_renovation/hydroStats.py,NS,FUNCTION,194,1,A,3.0,14.0,169.917100537743,8.88888888888889,1510.37422700216,83.909679277898,0.0566390335125811,CWatM,python,b1,1.0,0.001371871054282905,728.9314814814816
568,func_metrics_02_CWatM_python,./models/02_CWatM/Tutorials/09_Calibration_renovation/hydroStats.py,NSlog,FUNCTION,209,1,A,5.0,15.0,245.969775675611,13.2,3246.80103891806,180.377835495448,0.0819899252252036,CWatM,python,b1,1.0,0.001371871054282905,728.9314814814816
569,func_metrics_02_CWatM_python,./models/02_CWatM/Tutorials/09_Calibration_renovation/hydroStats.py,correlation,FUNCTION,225,2,A,7.0,18.0,192.568425030289,11.2272727272727,2162.01822647642,120.112123693135,0.0641894750100962,CWatM,python,b1,1.0,0.001371871054282905,728.9314814814816
570,func_metrics_02_CWatM_python,./models/02_CWatM/Tutorials/09_Calibration_renovation/hydroStats.py,index_agreement,FUNCTION,245,1,A,5.0,15.0,316.649336923991,15.2727272727273,4836.09896393004,268.67216466278,0.105549778974664,CWatM,python,b1,1.0,0.001371871054282905,728.9314814814816
571,func_metrics_02_CWatM_python,./models/02_CWatM/Tutorials/09_Calibration_renovation/hydroStats.py,rmseglobal,FUNCTION,261,1,A,3.0,3.0,116.757900040385,7.5,875.684250302886,48.649125016827,0.0389193000134616,CWatM,python,b1,1.0,0.001371871054282905,728.9314814814816
572,func_metrics_02_CWatM_python,./models/02_CWatM/Tutorials/09_Calibration_renovation/hydroStats.py,KGEglobal,FUNCTION,265,2,A,17.0,21.0,1828.60940548701,39.65625,72515.7917363443,4028.65509646357,0.60953646849567,CWatM,python,b1,1.0,0.001371871054282905,728.9314814814816
573,func_metrics_02_CWatM_python,./models/02_CWatM/Tutorials/09_Calibration_renovation/hydroStats.py,rankObj,FUNCTION,288,4,A,18.0,20.0,819.576926612654,27.4090909090909,22463.8584885196,1247.99213825109,0.273192308870885,CWatM,python,b1,1.0,0.001371871054282905,728.9314814814816
574,func_metrics_02_CWatM_python,./models/02_CWatM/Tutorials/09_Calibration_renovation/hydroStats.py,rankB,FUNCTION,309,4,A,19.0,21.0,873.555422490159,26.625,23258.4131238005,1292.13406243336,0.291185140830053,CWatM,python,b1,1.0,0.001371871054282905,728.9314814814816
575,func_metrics_02_CWatM_python,./models/02_CWatM/Tutorials/09_Calibration_renovation/hydroStats.py,KGE,FUNCTION,333,1,A,7.0,19.0,519.194331582221,23.0,11941.4696263911,663.414979243949,0.173064777194074,CWatM,python,b1,1.0,0.001371871054282905,728.9314814814816
576,func_metrics_02_CWatM_python,./models/02_CWatM/Tutorials/09_Calibration_renovation/hydroStats.py,vr,FUNCTION,353,1,A,6.0,13.0,357.62707505625,19.5,6973.72796359688,387.429331310938,0.11920902501875,CWatM,python,b1,1.0,0.001371871054282905,728.9314814814816
577,func_metrics_02_CWatM_python,./models/02_CWatM/Tutorials/09_Calibration_renovation/hydroStats.py,budykoFunc,FUNCTION,367,1,A,2.0,2.0,109.392936677039,15.125,1654.56816724021,91.9204537355671,0.0364643122256795,CWatM,python,b1,1.0,0.001371871054282905,728.9314814814816
578,func_metrics_02_CWatM_python,./models/02_CWatM/Tutorials/09_Calibration_renovation/hydroStats.py,budykoDist,FUNCTION,370,1,A,2.0,2.0,113.299827272647,8.25,934.723574999338,51.9290874999632,0.0377666090908823,CWatM,python,b1,1.0,0.001371871054282905,728.9314814814816
579,func_metrics_02_CWatM_python,./models/02_CWatM/Tutorials/09_Calibration_renovation/hydroStats.py,iter1,FUNCTION,374,3,A,9.0,9.0,267.925063934042,15.75,4219.81975696117,234.434430942287,0.0893083546446807,CWatM,python,b1,1.0,0.001371871054282905,728.9314814814816
580,func_metrics_02_CWatM_python,./models/02_CWatM/Tutorials/09_Calibration_renovation/hydroStats.py,Budyko,FUNCTION,384,4,A,14.0,17.0,703.276204359908,22.0952380952381,15539.0551820475,863.280843447083,0.234425401453303,CWatM,python,b1,1.0,0.001371871054282905,728.9314814814816
581,func_metrics_02_CWatM_python,./models/02_CWatM/Tutorials/09_Calibration_renovation/hydroStats.py,budw,FUNCTION,402,3,A,13.0,21.0,723.782220904681,23.3181818181818,16877.2854238228,937.626967990155,0.24126074030156,CWatM,python,b1,1.0,0.001371871054282905,728.9314814814816
582,func_metrics_02_CWatM_python,./models/02_CWatM/Tutorials/09_Calibration_renovation/hydroStats.py,budw1d,FUNCTION,424,2,A,8.0,14.0,543.703999796166,20.3055555555556,11040.2117736388,613.34509853549,0.181234666598722,CWatM,python,b1,1.0,0.001371871054282905,728.9314814814816
583,func_metrics_02_CWatM_python,./models/02_CWatM/Tutorials/09_Calibration_renovation/hydroStats.py, hydroStats.py  (module  aggregate) ,MODULE_AGG,1,42,F,,,,,,,,CWatM,python,b3,,,
584,func_metrics_02_CWatM_python,./models/02_CWatM/Tutorials/09_Calibration_renovation/Violin_plots.py,<module>,FUNCTION,1,21,D,126.0,,10025.1905639652,54.71484375,548526.735271332,30473.707515074,3.34173018798841,CWatM,python,b3,,,
585,func_metrics_02_CWatM_python,./models/02_CWatM/Tutorials/09_Calibration_renovation/Violin_plots.py, Violin_plots.py  (module  aggregate) ,MODULE_AGG,1,0,A,,,,,,,,CWatM,python,b1,,,
586,func_metrics_02_CWatM_python,./models/02_CWatM/Tutorials/09_Calibration_renovation/Violin_plots_V2.py,<module>,FUNCTION,1,21,D,111.0,,8608.71099892791,49.4877049180328,426025.349639568,23668.074979976,2.86957033297597,CWatM,python,b3,,,
587,func_metrics_02_CWatM_python,./models/02_CWatM/Tutorials/09_Calibration_renovation/Violin_plots_V2.py, Violin_plots_V2.py  (module  aggregate) ,MODULE_AGG,1,0,A,,,,,,,,CWatM,python,b1,,,
