,source_file,file,function,type,line,cyclomatic_complexity,cc_rank,loc,loc_span,volume,difficulty,effort,time,bugs,model,language,complexity_category,number_changes,change_per_days,age_days
0,func_metrics_14_PCR-GLOBWB_python,./models/14_PCR-GLOBWB_model/model/bmi.py,<module>,FUNCTION,1,1,A,2.0,,27.0,1.5,40.5,2.25,0.009,PCR-GLOBWB,python,b1,,,
1,func_metrics_14_PCR-GLOBWB_python,./models/14_PCR-GLOBWB_model/model/bmi.py,BmiGridType,CLASS,17,1,A,7.0,10.0,83.7618082852673,3.61111111111111,302.473196585687,16.8040664769826,0.0279206027617558,PCR-GLOBWB,python,b1,1.0,0.0003019416620681429,3311.898043981482
2,func_metrics_14_PCR-GLOBWB_python,./models/14_PCR-GLOBWB_model/model/bmi.py,Bmi,CLASS,30,2,A,131.0,359.0,2285.98741281451,17.4883720930233,39978.1984752678,2221.01102640376,0.761995804271504,PCR-GLOBWB,python,b1,2.0,0.0006038833241362858,3311.898043981482
3,func_metrics_14_PCR-GLOBWB_python,./models/14_PCR-GLOBWB_model/model/bmi.py,Bmi.initialize,METHOD,40,1,A,3.0,8.0,38.0537478050103,3.0,114.161243415031,6.34229130083505,0.0126845826016701,PCR-GLOBWB,python,b1,1.0,0.0003019416620681429,3311.898043981482
4,func_metrics_14_PCR-GLOBWB_python,./models/14_PCR-GLOBWB_model/model/bmi.py,Bmi.update,METHOD,50,1,A,3.0,5.0,28.5293250129808,2.5,71.323312532452,3.96240625180289,0.0095097750043269,PCR-GLOBWB,python,b1,1.0,0.0003019416620681429,3311.898043981482
5,func_metrics_14_PCR-GLOBWB_python,./models/14_PCR-GLOBWB_model/model/bmi.py,Bmi.update_until,METHOD,57,1,A,3.0,8.0,38.0537478050103,3.0,114.161243415031,6.34229130083505,0.0126845826016701,PCR-GLOBWB,python,b1,1.0,0.0003019416620681429,3311.898043981482
6,func_metrics_14_PCR-GLOBWB_python,./models/14_PCR-GLOBWB_model/model/bmi.py,Bmi.update_frac,METHOD,67,1,A,3.0,8.0,38.0537478050103,3.0,114.161243415031,6.34229130083505,0.0126845826016701,PCR-GLOBWB,python,b1,1.0,0.0003019416620681429,3311.898043981482
7,func_metrics_14_PCR-GLOBWB_python,./models/14_PCR-GLOBWB_model/model/bmi.py,Bmi.finalize,METHOD,77,1,A,3.0,5.0,28.5293250129808,2.5,71.323312532452,3.96240625180289,0.0095097750043269,PCR-GLOBWB,python,b1,1.0,0.0003019416620681429,3311.898043981482
8,func_metrics_14_PCR-GLOBWB_python,./models/14_PCR-GLOBWB_model/model/bmi.py,Bmi.get_component_name,METHOD,88,1,A,3.0,6.0,28.5293250129808,2.5,71.323312532452,3.96240625180289,0.0095097750043269,PCR-GLOBWB,python,b1,1.0,0.0003019416620681429,3311.898043981482
9,func_metrics_14_PCR-GLOBWB_python,./models/14_PCR-GLOBWB_model/model/bmi.py,Bmi.get_input_var_names,METHOD,96,1,A,3.0,6.0,28.5293250129808,2.5,71.323312532452,3.96240625180289,0.0095097750043269,PCR-GLOBWB,python,b1,1.0,0.0003019416620681429,3311.898043981482
10,func_metrics_14_PCR-GLOBWB_python,./models/14_PCR-GLOBWB_model/model/bmi.py,Bmi.get_output_var_names,METHOD,104,1,A,3.0,6.0,28.5293250129808,2.5,71.323312532452,3.96240625180289,0.0095097750043269,PCR-GLOBWB,python,b1,1.0,0.0003019416620681429,3311.898043981482
11,func_metrics_14_PCR-GLOBWB_python,./models/14_PCR-GLOBWB_model/model/bmi.py,Bmi.get_var_type,METHOD,116,1,A,3.0,9.0,38.0537478050103,3.0,114.161243415031,6.34229130083505,0.0126845826016701,PCR-GLOBWB,python,b1,1.0,0.0003019416620681429,3311.898043981482
12,func_metrics_14_PCR-GLOBWB_python,./models/14_PCR-GLOBWB_model/model/bmi.py,Bmi.get_var_units,METHOD,127,1,A,3.0,9.0,38.0537478050103,3.0,114.161243415031,6.34229130083505,0.0126845826016701,PCR-GLOBWB,python,b1,1.0,0.0003019416620681429,3311.898043981482
13,func_metrics_14_PCR-GLOBWB_python,./models/14_PCR-GLOBWB_model/model/bmi.py,Bmi.get_var_rank,METHOD,138,1,A,3.0,9.0,38.0537478050103,3.0,114.161243415031,6.34229130083505,0.0126845826016701,PCR-GLOBWB,python,b1,1.0,0.0003019416620681429,3311.898043981482
14,func_metrics_14_PCR-GLOBWB_python,./models/14_PCR-GLOBWB_model/model/bmi.py,Bmi.get_var_size,METHOD,149,1,A,3.0,9.0,38.0537478050103,3.0,114.161243415031,6.34229130083505,0.0126845826016701,PCR-GLOBWB,python,b1,1.0,0.0003019416620681429,3311.898043981482
15,func_metrics_14_PCR-GLOBWB_python,./models/14_PCR-GLOBWB_model/model/bmi.py,Bmi.get_var_nbytes,METHOD,160,1,A,3.0,9.0,38.0537478050103,3.0,114.161243415031,6.34229130083505,0.0126845826016701,PCR-GLOBWB,python,b1,1.0,0.0003019416620681429,3311.898043981482
16,func_metrics_14_PCR-GLOBWB_python,./models/14_PCR-GLOBWB_model/model/bmi.py,Bmi.get_start_time,METHOD,171,1,A,3.0,6.0,28.5293250129808,2.5,71.323312532452,3.96240625180289,0.0095097750043269,PCR-GLOBWB,python,b1,1.0,0.0003019416620681429,3311.898043981482
17,func_metrics_14_PCR-GLOBWB_python,./models/14_PCR-GLOBWB_model/model/bmi.py,Bmi.get_current_time,METHOD,179,1,A,3.0,6.0,28.5293250129808,2.5,71.323312532452,3.96240625180289,0.0095097750043269,PCR-GLOBWB,python,b1,1.0,0.0003019416620681429,3311.898043981482
18,func_metrics_14_PCR-GLOBWB_python,./models/14_PCR-GLOBWB_model/model/bmi.py,Bmi.get_end_time,METHOD,187,1,A,3.0,6.0,28.5293250129808,2.5,71.323312532452,3.96240625180289,0.0095097750043269,PCR-GLOBWB,python,b1,1.0,0.0003019416620681429,3311.898043981482
19,func_metrics_14_PCR-GLOBWB_python,./models/14_PCR-GLOBWB_model/model/bmi.py,Bmi.get_time_step,METHOD,195,1,A,3.0,6.0,28.5293250129808,2.5,71.323312532452,3.96240625180289,0.0095097750043269,PCR-GLOBWB,python,b1,1.0,0.0003019416620681429,3311.898043981482
20,func_metrics_14_PCR-GLOBWB_python,./models/14_PCR-GLOBWB_model/model/bmi.py,Bmi.get_time_units,METHOD,203,1,A,3.0,6.0,28.5293250129808,2.5,71.323312532452,3.96240625180289,0.0095097750043269,PCR-GLOBWB,python,b1,1.0,0.0003019416620681429,3311.898043981482
21,func_metrics_14_PCR-GLOBWB_python,./models/14_PCR-GLOBWB_model/model/bmi.py,Bmi.get_value,METHOD,215,1,A,3.0,10.0,38.0537478050103,3.0,114.161243415031,6.34229130083505,0.0126845826016701,PCR-GLOBWB,python,b1,1.0,0.0003019416620681429,3311.898043981482
22,func_metrics_14_PCR-GLOBWB_python,./models/14_PCR-GLOBWB_model/model/bmi.py,Bmi.get_value_at_indices,METHOD,227,1,A,3.0,13.0,46.604512509375,3.0,139.813537528125,7.76741875156251,0.015534837503125,PCR-GLOBWB,python,b1,1.0,0.0003019416620681429,3311.898043981482
23,func_metrics_14_PCR-GLOBWB_python,./models/14_PCR-GLOBWB_model/model/bmi.py,Bmi.set_value,METHOD,242,1,A,3.0,8.0,46.604512509375,3.0,139.813537528125,7.76741875156251,0.015534837503125,PCR-GLOBWB,python,b1,1.0,0.0003019416620681429,3311.898043981482
24,func_metrics_14_PCR-GLOBWB_python,./models/14_PCR-GLOBWB_model/model/bmi.py,Bmi.set_value_at_indices,METHOD,252,1,A,3.0,11.0,55.5065957721164,3.0,166.519787316349,9.25109929535273,0.0185021985907055,PCR-GLOBWB,python,b1,1.0,0.0003019416620681429,3311.898043981482
25,func_metrics_14_PCR-GLOBWB_python,./models/14_PCR-GLOBWB_model/model/bmi.py,Bmi.get_grid_type,METHOD,269,1,A,3.0,9.0,38.0537478050103,3.0,114.161243415031,6.34229130083505,0.0126845826016701,PCR-GLOBWB,python,b1,1.0,0.0003019416620681429,3311.898043981482
26,func_metrics_14_PCR-GLOBWB_python,./models/14_PCR-GLOBWB_model/model/bmi.py,Bmi.get_grid_shape,METHOD,280,1,A,3.0,12.0,38.0537478050103,3.0,114.161243415031,6.34229130083505,0.0126845826016701,PCR-GLOBWB,python,b1,1.0,0.0003019416620681429,3311.898043981482
27,func_metrics_14_PCR-GLOBWB_python,./models/14_PCR-GLOBWB_model/model/bmi.py,Bmi.get_grid_spacing,METHOD,294,1,A,3.0,12.0,38.0537478050103,3.0,114.161243415031,6.34229130083505,0.0126845826016701,PCR-GLOBWB,python,b1,1.0,0.0003019416620681429,3311.898043981482
28,func_metrics_14_PCR-GLOBWB_python,./models/14_PCR-GLOBWB_model/model/bmi.py,Bmi.get_grid_origin,METHOD,308,1,A,3.0,13.0,38.0537478050103,3.0,114.161243415031,6.34229130083505,0.0126845826016701,PCR-GLOBWB,python,b1,1.0,0.0003019416620681429,3311.898043981482
29,func_metrics_14_PCR-GLOBWB_python,./models/14_PCR-GLOBWB_model/model/bmi.py,Bmi.get_grid_x,METHOD,323,1,A,3.0,12.0,38.0537478050103,3.0,114.161243415031,6.34229130083505,0.0126845826016701,PCR-GLOBWB,python,b1,1.0,0.0003019416620681429,3311.898043981482
30,func_metrics_14_PCR-GLOBWB_python,./models/14_PCR-GLOBWB_model/model/bmi.py,Bmi.get_grid_y,METHOD,337,1,A,3.0,12.0,38.0537478050103,3.0,114.161243415031,6.34229130083505,0.0126845826016701,PCR-GLOBWB,python,b1,1.0,0.0003019416620681429,3311.898043981482
31,func_metrics_14_PCR-GLOBWB_python,./models/14_PCR-GLOBWB_model/model/bmi.py,Bmi.get_grid_z,METHOD,351,1,A,3.0,12.0,38.0537478050103,3.0,114.161243415031,6.34229130083505,0.0126845826016701,PCR-GLOBWB,python,b1,1.0,0.0003019416620681429,3311.898043981482
32,func_metrics_14_PCR-GLOBWB_python,./models/14_PCR-GLOBWB_model/model/bmi.py,Bmi.get_grid_connectivity,METHOD,365,1,A,3.0,11.0,38.0537478050103,3.0,114.161243415031,6.34229130083505,0.0126845826016701,PCR-GLOBWB,python,b1,1.0,0.0003019416620681429,3311.898043981482
33,func_metrics_14_PCR-GLOBWB_python,./models/14_PCR-GLOBWB_model/model/bmi.py,Bmi.get_grid_offset,METHOD,378,1,A,3.0,11.0,38.0537478050103,3.0,114.161243415031,6.34229130083505,0.0126845826016701,PCR-GLOBWB,python,b1,1.0,0.0003019416620681429,3311.898043981482
34,func_metrics_14_PCR-GLOBWB_python,./models/14_PCR-GLOBWB_model/model/bmi.py,EBmi,CLASS,391,2,A,37.0,78.0,603.547543259848,10.1818181818182,6145.21134955481,341.400630530823,0.201182514419949,PCR-GLOBWB,python,b1,1.0,0.0003019416620681429,3311.898043981482
35,func_metrics_14_PCR-GLOBWB_python,./models/14_PCR-GLOBWB_model/model/bmi.py,EBmi.initialize_config,METHOD,394,1,A,3.0,6.0,38.0537478050103,3.0,114.161243415031,6.34229130083505,0.0126845826016701,PCR-GLOBWB,python,b1,1.0,0.0003019416620681429,3311.898043981482
36,func_metrics_14_PCR-GLOBWB_python,./models/14_PCR-GLOBWB_model/model/bmi.py,EBmi.initialize_model,METHOD,402,1,A,3.0,6.0,38.0537478050103,3.0,114.161243415031,6.34229130083505,0.0126845826016701,PCR-GLOBWB,python,b1,1.0,0.0003019416620681429,3311.898043981482
37,func_metrics_14_PCR-GLOBWB_python,./models/14_PCR-GLOBWB_model/model/bmi.py,EBmi.set_start_time,METHOD,410,1,A,3.0,6.0,38.0537478050103,3.0,114.161243415031,6.34229130083505,0.0126845826016701,PCR-GLOBWB,python,b1,1.0,0.0003019416620681429,3311.898043981482
38,func_metrics_14_PCR-GLOBWB_python,./models/14_PCR-GLOBWB_model/model/bmi.py,EBmi.set_end_time,METHOD,418,1,A,3.0,6.0,38.0537478050103,3.0,114.161243415031,6.34229130083505,0.0126845826016701,PCR-GLOBWB,python,b1,1.0,0.0003019416620681429,3311.898043981482
39,func_metrics_14_PCR-GLOBWB_python,./models/14_PCR-GLOBWB_model/model/bmi.py,EBmi.get_attribute_names,METHOD,426,1,A,3.0,6.0,28.5293250129808,2.5,71.323312532452,3.96240625180289,0.0095097750043269,PCR-GLOBWB,python,b1,1.0,0.0003019416620681429,3311.898043981482
40,func_metrics_14_PCR-GLOBWB_python,./models/14_PCR-GLOBWB_model/model/bmi.py,EBmi.get_attribute_value,METHOD,434,1,A,3.0,6.0,38.0537478050103,3.0,114.161243415031,6.34229130083505,0.0126845826016701,PCR-GLOBWB,python,b1,1.0,0.0003019416620681429,3311.898043981482
41,func_metrics_14_PCR-GLOBWB_python,./models/14_PCR-GLOBWB_model/model/bmi.py,EBmi.set_attribute_value,METHOD,442,1,A,3.0,6.0,46.604512509375,3.0,139.813537528125,7.76741875156251,0.015534837503125,PCR-GLOBWB,python,b1,1.0,0.0003019416620681429,3311.898043981482
42,func_metrics_14_PCR-GLOBWB_python,./models/14_PCR-GLOBWB_model/model/bmi.py,EBmi.save_state,METHOD,450,1,A,3.0,9.0,38.0537478050103,3.0,114.161243415031,6.34229130083505,0.0126845826016701,PCR-GLOBWB,python,b1,1.0,0.0003019416620681429,3311.898043981482
43,func_metrics_14_PCR-GLOBWB_python,./models/14_PCR-GLOBWB_model/model/bmi.py,EBmi.load_state,METHOD,461,1,A,3.0,8.0,38.0537478050103,3.0,114.161243415031,6.34229130083505,0.0126845826016701,PCR-GLOBWB,python,b1,1.0,0.0003019416620681429,3311.898043981482
44,func_metrics_14_PCR-GLOBWB_python,./models/14_PCR-GLOBWB_model/model/bmi.py, Bmi  (aggregate) ,CLASS_AGG,40,31,E,,,,,,,,PCR-GLOBWB,python,b3,,,
45,func_metrics_14_PCR-GLOBWB_python,./models/14_PCR-GLOBWB_model/model/bmi.py, EBmi  (aggregate) ,CLASS_AGG,394,9,B,,,,,,,,PCR-GLOBWB,python,b1,,,
46,func_metrics_14_PCR-GLOBWB_python,./models/14_PCR-GLOBWB_model/model/bmi.py, bmi.py  (module  aggregate) ,MODULE_AGG,1,40,E,,,,,,,,PCR-GLOBWB,python,b3,,,
47,func_metrics_14_PCR-GLOBWB_python,./models/14_PCR-GLOBWB_model/model/bmiPcrglobwb.py,<module>,FUNCTION,1,1,A,15.0,,282.486070684073,3.76923076923077,1064.75518950151,59.1530660834171,0.0941620235613578,PCR-GLOBWB,python,b1,,,
48,func_metrics_14_PCR-GLOBWB_python,./models/14_PCR-GLOBWB_model/model/bmiPcrglobwb.py,BmiPCRGlobWB,CLASS,21,2,A,175.0,325.0,10438.4947042756,59.8863636363636,625123.489676505,34729.0827598059,3.47949823475854,PCR-GLOBWB,python,b1,1.0,0.0003019416620681429,3311.898043981482
49,func_metrics_14_PCR-GLOBWB_python,./models/14_PCR-GLOBWB_model/model/bmiPcrglobwb.py,BmiPCRGlobWB.days_since_industry_epoch,METHOD,23,1,A,2.0,2.0,97.672264890213,5.71428571428571,558.127227944074,31.0070682191152,0.032557421630071,PCR-GLOBWB,python,b1,1.0,0.0003019416620681429,3311.898043981482
50,func_metrics_14_PCR-GLOBWB_python,./models/14_PCR-GLOBWB_model/model/bmiPcrglobwb.py,BmiPCRGlobWB.in_modeltime,METHOD,26,1,A,2.0,2.0,138.973736602512,7.3125,1016.24544890587,56.4580804947703,0.0463245788675039,PCR-GLOBWB,python,b1,1.0,0.0003019416620681429,3311.898043981482
51,func_metrics_14_PCR-GLOBWB_python,./models/14_PCR-GLOBWB_model/model/bmiPcrglobwb.py,BmiPCRGlobWB.calculate_shape,METHOD,29,1,A,2.0,3.0,103.612312107951,4.66666666666667,483.524123170436,26.8624512872464,0.0345374373693169,PCR-GLOBWB,python,b1,1.0,0.0003019416620681429,3311.898043981482
52,func_metrics_14_PCR-GLOBWB_python,./models/14_PCR-GLOBWB_model/model/bmiPcrglobwb.py,BmiPCRGlobWB.initialize,METHOD,34,1,A,3.0,3.0,65.7292007541087,4.8,315.500163619722,17.5277868677623,0.0219097335847029,PCR-GLOBWB,python,b1,1.0,0.0003019416620681429,3311.898043981482
53,func_metrics_14_PCR-GLOBWB_python,./models/14_PCR-GLOBWB_model/model/bmiPcrglobwb.py,BmiPCRGlobWB.initialize_config,METHOD,39,2,A,16.0,25.0,602.535852950296,12.75,7682.33212511628,426.796229173127,0.200845284316765,PCR-GLOBWB,python,b1,1.0,0.0003019416620681429,3311.898043981482
54,func_metrics_14_PCR-GLOBWB_python,./models/14_PCR-GLOBWB_model/model/bmiPcrglobwb.py,BmiPCRGlobWB.initialize_model,METHOD,67,3,A,14.0,22.0,426.899481817941,14.9117647058824,6365.82462593224,353.656923662902,0.142299827272647,PCR-GLOBWB,python,b1,1.0,0.0003019416620681429,3311.898043981482
55,func_metrics_14_PCR-GLOBWB_python,./models/14_PCR-GLOBWB_model/model/bmiPcrglobwb.py,BmiPCRGlobWB.update,METHOD,92,1,A,6.0,8.0,199.652593131849,6.41666666666667,1281.10413926269,71.1724521812608,0.0665508643772828,PCR-GLOBWB,python,b1,1.0,0.0003019416620681429,3311.898043981482
56,func_metrics_14_PCR-GLOBWB_python,./models/14_PCR-GLOBWB_model/model/bmiPcrglobwb.py,BmiPCRGlobWB.update_until,METHOD,107,2,A,3.0,3.0,93.7653742946044,6.75,632.91627648858,35.1620153604767,0.0312551247648682,PCR-GLOBWB,python,b1,1.0,0.0003019416620681429,3311.898043981482
57,func_metrics_14_PCR-GLOBWB_python,./models/14_PCR-GLOBWB_model/model/bmiPcrglobwb.py,BmiPCRGlobWB.update_frac,METHOD,111,1,A,2.0,2.0,33.2192809488736,3.0,99.6578428466209,5.53654682481227,0.0110730936496245,PCR-GLOBWB,python,b1,1.0,0.0003019416620681429,3311.898043981482
58,func_metrics_14_PCR-GLOBWB_python,./models/14_PCR-GLOBWB_model/model/bmiPcrglobwb.py,BmiPCRGlobWB.finalize,METHOD,114,1,A,2.0,2.0,19.6514844544032,2.5,49.1287111360081,2.72937284088934,0.0065504948181344,PCR-GLOBWB,python,b1,1.0,0.0003019416620681429,3311.898043981482
59,func_metrics_14_PCR-GLOBWB_python,./models/14_PCR-GLOBWB_model/model/bmiPcrglobwb.py,BmiPCRGlobWB.get_component_name,METHOD,117,1,A,2.0,2.0,24.0,2.5,60.0,3.33333333333333,0.008,PCR-GLOBWB,python,b1,1.0,0.0003019416620681429,3311.898043981482
60,func_metrics_14_PCR-GLOBWB_python,./models/14_PCR-GLOBWB_model/model/bmiPcrglobwb.py,BmiPCRGlobWB.get_input_var_names,METHOD,120,1,A,2.0,2.0,33.2192809488736,3.5,116.267483321058,6.45930462894765,0.0110730936496245,PCR-GLOBWB,python,b1,1.0,0.0003019416620681429,3311.898043981482
61,func_metrics_14_PCR-GLOBWB_python,./models/14_PCR-GLOBWB_model/model/bmiPcrglobwb.py,BmiPCRGlobWB.get_output_var_names,METHOD,123,1,A,2.0,2.0,33.2192809488736,3.5,116.267483321058,6.45930462894765,0.0110730936496245,PCR-GLOBWB,python,b1,1.0,0.0003019416620681429,3311.898043981482
62,func_metrics_14_PCR-GLOBWB_python,./models/14_PCR-GLOBWB_model/model/bmiPcrglobwb.py,BmiPCRGlobWB.get_var_type,METHOD,126,1,A,2.0,2.0,33.2192809488736,3.0,99.6578428466209,5.53654682481227,0.0110730936496245,PCR-GLOBWB,python,b1,1.0,0.0003019416620681429,3311.898043981482
63,func_metrics_14_PCR-GLOBWB_python,./models/14_PCR-GLOBWB_model/model/bmiPcrglobwb.py,BmiPCRGlobWB.get_var_units,METHOD,129,1,A,2.0,3.0,33.2192809488736,3.0,99.6578428466209,5.53654682481227,0.0110730936496245,PCR-GLOBWB,python,b1,1.0,0.0003019416620681429,3311.898043981482
64,func_metrics_14_PCR-GLOBWB_python,./models/14_PCR-GLOBWB_model/model/bmiPcrglobwb.py,BmiPCRGlobWB.get_var_rank,METHOD,133,1,A,2.0,2.0,33.2192809488736,3.0,99.6578428466209,5.53654682481227,0.0110730936496245,PCR-GLOBWB,python,b1,1.0,0.0003019416620681429,3311.898043981482
65,func_metrics_14_PCR-GLOBWB_python,./models/14_PCR-GLOBWB_model/model/bmiPcrglobwb.py,BmiPCRGlobWB.get_var_size,METHOD,136,1,A,2.0,2.0,74.0087943628219,4.66666666666667,345.374373693169,19.187465205176,0.0246695981209406,PCR-GLOBWB,python,b1,1.0,0.0003019416620681429,3311.898043981482
66,func_metrics_14_PCR-GLOBWB_python,./models/14_PCR-GLOBWB_model/model/bmiPcrglobwb.py,BmiPCRGlobWB.get_var_nbytes,METHOD,139,1,A,2.0,2.0,82.0447025077789,5.14285714285714,421.94418432572,23.4413435736511,0.0273482341692596,PCR-GLOBWB,python,b1,1.0,0.0003019416620681429,3311.898043981482
67,func_metrics_14_PCR-GLOBWB_python,./models/14_PCR-GLOBWB_model/model/bmiPcrglobwb.py,BmiPCRGlobWB.get_start_time,METHOD,142,1,A,2.0,2.0,58.8103375168341,4.2,247.003417570703,13.7224120872613,0.0196034458389447,PCR-GLOBWB,python,b1,1.0,0.0003019416620681429,3311.898043981482
68,func_metrics_14_PCR-GLOBWB_python,./models/14_PCR-GLOBWB_model/model/bmiPcrglobwb.py,BmiPCRGlobWB.get_current_time,METHOD,145,1,A,2.0,2.0,58.8103375168341,4.2,247.003417570703,13.7224120872613,0.0196034458389447,PCR-GLOBWB,python,b1,1.0,0.0003019416620681429,3311.898043981482
69,func_metrics_14_PCR-GLOBWB_python,./models/14_PCR-GLOBWB_model/model/bmiPcrglobwb.py,BmiPCRGlobWB.get_end_time,METHOD,148,1,A,2.0,2.0,58.8103375168341,4.2,247.003417570703,13.7224120872613,0.0196034458389447,PCR-GLOBWB,python,b1,1.0,0.0003019416620681429,3311.898043981482
70,func_metrics_14_PCR-GLOBWB_python,./models/14_PCR-GLOBWB_model/model/bmiPcrglobwb.py,BmiPCRGlobWB.get_time_step,METHOD,151,1,A,2.0,2.0,24.0,2.5,60.0,3.33333333333333,0.008,PCR-GLOBWB,python,b1,1.0,0.0003019416620681429,3311.898043981482
71,func_metrics_14_PCR-GLOBWB_python,./models/14_PCR-GLOBWB_model/model/bmiPcrglobwb.py,BmiPCRGlobWB.get_time_units,METHOD,154,1,A,2.0,2.0,24.0,2.5,60.0,3.33333333333333,0.008,PCR-GLOBWB,python,b1,1.0,0.0003019416620681429,3311.898043981482
72,func_metrics_14_PCR-GLOBWB_python,./models/14_PCR-GLOBWB_model/model/bmiPcrglobwb.py,BmiPCRGlobWB.get_value,METHOD,157,4,A,16.0,35.0,841.071036978825,17.1379310344828,14414.217426844,800.789857046889,0.280357012326275,PCR-GLOBWB,python,b1,1.0,0.0003019416620681429,3311.898043981482
73,func_metrics_14_PCR-GLOBWB_python,./models/14_PCR-GLOBWB_model/model/bmiPcrglobwb.py,BmiPCRGlobWB.get_value_at_indices,METHOD,193,1,A,2.0,2.0,41.5131794236476,3.0,124.539538270943,6.9188632372746,0.0138377264745492,PCR-GLOBWB,python,b1,1.0,0.0003019416620681429,3311.898043981482
74,func_metrics_14_PCR-GLOBWB_python,./models/14_PCR-GLOBWB_model/model/bmiPcrglobwb.py,BmiPCRGlobWB.set_satDegUpp000005,METHOD,207,2,A,22.0,34.0,1343.02017818478,34.0,45662.6860582824,2536.8158921268,0.447673392728258,PCR-GLOBWB,python,b1,1.0,0.0003019416620681429,3311.898043981482
75,func_metrics_14_PCR-GLOBWB_python,./models/14_PCR-GLOBWB_model/model/bmiPcrglobwb.py,BmiPCRGlobWB.set_value,METHOD,242,4,A,13.0,31.0,518.057584711442,15.0,7770.86377067162,431.714653926201,0.172685861570481,PCR-GLOBWB,python,b1,1.0,0.0003019416620681429,3311.898043981482
76,func_metrics_14_PCR-GLOBWB_python,./models/14_PCR-GLOBWB_model/model/bmiPcrglobwb.py,BmiPCRGlobWB.set_value_at_indices,METHOD,278,1,A,2.0,2.0,50.1894750100962,3.0,150.568425030289,8.3649125016827,0.0167298250033654,PCR-GLOBWB,python,b1,1.0,0.0003019416620681429,3311.898043981482
77,func_metrics_14_PCR-GLOBWB_python,./models/14_PCR-GLOBWB_model/model/bmiPcrglobwb.py,BmiPCRGlobWB.get_grid_type,METHOD,281,1,A,2.0,2.0,43.0195500086539,3.5,150.568425030289,8.3649125016827,0.0143398500028846,PCR-GLOBWB,python,b1,1.0,0.0003019416620681429,3311.898043981482
78,func_metrics_14_PCR-GLOBWB_python,./models/14_PCR-GLOBWB_model/model/bmiPcrglobwb.py,BmiPCRGlobWB.get_grid_shape,METHOD,284,1,A,2.0,2.0,28.5293250129808,3.0,85.5879750389424,4.75488750216347,0.0095097750043269,PCR-GLOBWB,python,b1,1.0,0.0003019416620681429,3311.898043981482
79,func_metrics_14_PCR-GLOBWB_python,./models/14_PCR-GLOBWB_model/model/bmiPcrglobwb.py,BmiPCRGlobWB.get_grid_shape,METHOD,287,1,A,2.0,2.0,41.5131794236476,4.375,181.620159978458,10.0900088876921,0.0138377264745492,PCR-GLOBWB,python,b1,1.0,0.0003019416620681429,3311.898043981482
80,func_metrics_14_PCR-GLOBWB_python,./models/14_PCR-GLOBWB_model/model/bmiPcrglobwb.py,BmiPCRGlobWB.get_grid_spacing,METHOD,290,1,A,3.0,5.0,127.437825403308,6.11111111111111,778.786710797991,43.2659283776662,0.0424792751344359,PCR-GLOBWB,python,b1,1.0,0.0003019416620681429,3311.898043981482
81,func_metrics_14_PCR-GLOBWB_python,./models/14_PCR-GLOBWB_model/model/bmiPcrglobwb.py,BmiPCRGlobWB.get_grid_origin,METHOD,296,1,A,7.0,11.0,330.117300051923,13.5,4456.58355070096,247.587975038942,0.110039100017308,PCR-GLOBWB,python,b1,1.0,0.0003019416620681429,3311.898043981482
82,func_metrics_14_PCR-GLOBWB_python,./models/14_PCR-GLOBWB_model/model/bmiPcrglobwb.py,BmiPCRGlobWB.get_grid_x,METHOD,308,1,A,2.0,2.0,33.2192809488736,3.0,99.6578428466209,5.53654682481227,0.0110730936496245,PCR-GLOBWB,python,b1,1.0,0.0003019416620681429,3311.898043981482
83,func_metrics_14_PCR-GLOBWB_python,./models/14_PCR-GLOBWB_model/model/bmiPcrglobwb.py,BmiPCRGlobWB.get_grid_y,METHOD,311,1,A,2.0,2.0,33.2192809488736,3.0,99.6578428466209,5.53654682481227,0.0110730936496245,PCR-GLOBWB,python,b1,1.0,0.0003019416620681429,3311.898043981482
84,func_metrics_14_PCR-GLOBWB_python,./models/14_PCR-GLOBWB_model/model/bmiPcrglobwb.py,BmiPCRGlobWB.get_grid_z,METHOD,314,1,A,2.0,2.0,33.2192809488736,3.0,99.6578428466209,5.53654682481227,0.0110730936496245,PCR-GLOBWB,python,b1,1.0,0.0003019416620681429,3311.898043981482
85,func_metrics_14_PCR-GLOBWB_python,./models/14_PCR-GLOBWB_model/model/bmiPcrglobwb.py,BmiPCRGlobWB.get_grid_connectivity,METHOD,317,1,A,2.0,2.0,33.2192809488736,3.0,99.6578428466209,5.53654682481227,0.0110730936496245,PCR-GLOBWB,python,b1,1.0,0.0003019416620681429,3311.898043981482
86,func_metrics_14_PCR-GLOBWB_python,./models/14_PCR-GLOBWB_model/model/bmiPcrglobwb.py,BmiPCRGlobWB.get_grid_offset,METHOD,320,1,A,2.0,2.0,33.2192809488736,3.0,99.6578428466209,5.53654682481227,0.0110730936496245,PCR-GLOBWB,python,b1,1.0,0.0003019416620681429,3311.898043981482
87,func_metrics_14_PCR-GLOBWB_python,./models/14_PCR-GLOBWB_model/model/bmiPcrglobwb.py,BmiPCRGlobWB.set_start_time,METHOD,325,1,A,2.0,2.0,75.2842125151443,4.5,338.778956318149,18.8210531287861,0.0250947375050481,PCR-GLOBWB,python,b1,1.0,0.0003019416620681429,3311.898043981482
88,func_metrics_14_PCR-GLOBWB_python,./models/14_PCR-GLOBWB_model/model/bmiPcrglobwb.py,BmiPCRGlobWB.set_end_time,METHOD,328,1,A,2.0,2.0,75.2842125151443,4.5,338.778956318149,18.8210531287861,0.0250947375050481,PCR-GLOBWB,python,b1,1.0,0.0003019416620681429,3311.898043981482
89,func_metrics_14_PCR-GLOBWB_python,./models/14_PCR-GLOBWB_model/model/bmiPcrglobwb.py,BmiPCRGlobWB.get_attribute_names,METHOD,331,1,A,2.0,2.0,24.0,2.5,60.0,3.33333333333333,0.008,PCR-GLOBWB,python,b1,1.0,0.0003019416620681429,3311.898043981482
90,func_metrics_14_PCR-GLOBWB_python,./models/14_PCR-GLOBWB_model/model/bmiPcrglobwb.py,BmiPCRGlobWB.get_attribute_value,METHOD,334,1,A,2.0,2.0,33.2192809488736,3.0,99.6578428466209,5.53654682481227,0.0110730936496245,PCR-GLOBWB,python,b1,1.0,0.0003019416620681429,3311.898043981482
91,func_metrics_14_PCR-GLOBWB_python,./models/14_PCR-GLOBWB_model/model/bmiPcrglobwb.py,BmiPCRGlobWB.set_attribute_value,METHOD,337,1,A,2.0,2.0,41.5131794236476,3.0,124.539538270943,6.9188632372746,0.0138377264745492,PCR-GLOBWB,python,b1,1.0,0.0003019416620681429,3311.898043981482
92,func_metrics_14_PCR-GLOBWB_python,./models/14_PCR-GLOBWB_model/model/bmiPcrglobwb.py,BmiPCRGlobWB.save_state,METHOD,340,1,A,3.0,3.0,91.3765181293825,4.125,376.928137283703,20.9404520713168,0.0304588393764608,PCR-GLOBWB,python,b1,1.0,0.0003019416620681429,3311.898043981482
93,func_metrics_14_PCR-GLOBWB_python,./models/14_PCR-GLOBWB_model/model/bmiPcrglobwb.py,BmiPCRGlobWB.load_state,METHOD,344,1,A,2.0,2.0,33.2192809488736,3.0,99.6578428466209,5.53654682481227,0.0110730936496245,PCR-GLOBWB,python,b1,1.0,0.0003019416620681429,3311.898043981482
94,func_metrics_14_PCR-GLOBWB_python,./models/14_PCR-GLOBWB_model/model/bmiPcrglobwb.py,ScaledBmiPCRGlobWB,CLASS,349,2,A,32.0,57.0,1913.18792464604,26.4285714285714,50562.8237227881,2809.04576237712,0.637729308215345,PCR-GLOBWB,python,b1,2.0,0.0006038833241362858,3311.898043981482
95,func_metrics_14_PCR-GLOBWB_python,./models/14_PCR-GLOBWB_model/model/bmiPcrglobwb.py,ScaledBmiPCRGlobWB.set_value,METHOD,352,1,A,10.0,22.0,451.71431270553,11.75,5307.64317428997,294.869065238332,0.15057143756851,PCR-GLOBWB,python,b1,2.0,0.0006038833241362858,3311.898043981482
96,func_metrics_14_PCR-GLOBWB_python,./models/14_PCR-GLOBWB_model/model/bmiPcrglobwb.py,ScaledBmiPCRGlobWB.calculate_shape,METHOD,375,1,A,4.0,6.0,229.248125036058,10.5,2407.10531287861,133.7280729377,0.076416041678686,PCR-GLOBWB,python,b1,1.0,0.0003019416620681429,3311.898043981482
97,func_metrics_14_PCR-GLOBWB_python,./models/14_PCR-GLOBWB_model/model/bmiPcrglobwb.py,ScaledBmiPCRGlobWB.get_value,METHOD,382,1,A,13.0,19.0,660.68541533735,13.725,9067.90732550513,503.772629194729,0.220228471779117,PCR-GLOBWB,python,b1,2.0,0.0006038833241362858,3311.898043981482
98,func_metrics_14_PCR-GLOBWB_python,./models/14_PCR-GLOBWB_model/model/bmiPcrglobwb.py,ScaledBmiPCRGlobWB.get_grid_spacing,METHOD,402,1,A,3.0,4.0,166.908062065593,8.25,1376.99151204114,76.4995284467301,0.055636020688531,PCR-GLOBWB,python,b1,1.0,0.0003019416620681429,3311.898043981482
99,func_metrics_14_PCR-GLOBWB_python,./models/14_PCR-GLOBWB_model/model/bmiPcrglobwb.py, BmiPCRGlobWB  (aggregate) ,CLASS_AGG,23,56,F,,,,,,,,PCR-GLOBWB,python,b4,,,
100,func_metrics_14_PCR-GLOBWB_python,./models/14_PCR-GLOBWB_model/model/bmiPcrglobwb.py, ScaledBmiPCRGlobWB  (aggregate) ,CLASS_AGG,352,4,A,,,,,,,,PCR-GLOBWB,python,b1,,,
101,func_metrics_14_PCR-GLOBWB_python,./models/14_PCR-GLOBWB_model/model/bmiPcrglobwb.py, bmiPcrglobwb.py  (module  aggregate) ,MODULE_AGG,1,60,F,,,,,,,,PCR-GLOBWB,python,b4,,,
102,func_metrics_14_PCR-GLOBWB_python,./models/14_PCR-GLOBWB_model/model/configuration.py,<module>,FUNCTION,1,1,A,15.0,,235.530748589209,3.65217391304348,860.199255717111,47.7888475398395,0.0785102495297363,PCR-GLOBWB,python,b1,,,
103,func_metrics_14_PCR-GLOBWB_python,./models/14_PCR-GLOBWB_model/model/configuration.py,Configuration,CLASS,45,10,B,388.0,589.0,23932.0682647626,140.096551724138,3352800.23951992,186266.679973329,7.97735608825421,PCR-GLOBWB,python,b1,87.0,0.021372667472874876,4070.619641203704
104,func_metrics_14_PCR-GLOBWB_python,./models/14_PCR-GLOBWB_model/model/configuration.py,Configuration.__init__,METHOD,47,4,A,20.0,41.0,665.960679576643,11.7857142857143,7848.82229501044,436.045683056135,0.221986893192214,PCR-GLOBWB,python,b1,7.0,0.0017196399116106223,4070.619641203704
105,func_metrics_14_PCR-GLOBWB_python,./models/14_PCR-GLOBWB_model/model/configuration.py,Configuration.set_options_for_coupling_betweeen_pcrglobwb_and_modflow,METHOD,89,3,A,5.0,7.0,175.69269691115,12.6666666666667,2225.44082754124,123.635601530069,0.0585642323037168,PCR-GLOBWB,python,b1,4.0,0.0010890911681052996,3672.7871064814813
106,func_metrics_14_PCR-GLOBWB_python,./models/14_PCR-GLOBWB_model/model/configuration.py,Configuration.set_configuration,METHOD,97,1,A,7.0,17.0,179.306775062019,5.72727272727273,1026.93880262793,57.0521557015517,0.0597689250206731,PCR-GLOBWB,python,b1,6.0,0.001473977067094819,4070.619641203704
107,func_metrics_14_PCR-GLOBWB_python,./models/14_PCR-GLOBWB_model/model/configuration.py,Configuration.make_ini_meteo_paths_absolute,METHOD,115,11,C,12.0,15.0,635.932855156292,23.5555555555556,14979.7516992371,832.208427735395,0.211977618385431,PCR-GLOBWB,python,b2,4.0,0.0012077622502397202,3311.9101041666668
108,func_metrics_14_PCR-GLOBWB_python,./models/14_PCR-GLOBWB_model/model/configuration.py,Configuration.make_absolute_path,METHOD,132,1,A,2.0,2.0,106.605937817613,6.0,639.635626905677,35.535312605871,0.035535312605871,PCR-GLOBWB,python,b1,1.0,0.00030194056255993006,3311.9101041666668
109,func_metrics_14_PCR-GLOBWB_python,./models/14_PCR-GLOBWB_model/model/configuration.py,Configuration.initialize_logging,METHOD,135,11,C,61.0,99.0,3762.20648905951,36.6101694915254,137735.017226586,7651.94540147697,1.2540688296865,PCR-GLOBWB,python,b2,27.0,0.006632896801926686,4070.619641203704
110,func_metrics_14_PCR-GLOBWB_python,./models/14_PCR-GLOBWB_model/model/configuration.py,Configuration.backup_configuration,METHOD,235,1,A,3.0,6.0,224.008188561717,5.5,1232.04503708944,68.446946504969,0.0746693961872389,PCR-GLOBWB,python,b1,3.0,0.0007369885335474095,4070.619641203704
111,func_metrics_14_PCR-GLOBWB_python,./models/14_PCR-GLOBWB_model/model/configuration.py,Configuration.parse_configuration_file,METHOD,242,3,A,11.0,16.0,412.178810031116,14.1470588235294,5831.11787132255,323.950992851253,0.137392936677039,PCR-GLOBWB,python,b1,5.0,0.0012283142225790159,4070.619641203704
112,func_metrics_14_PCR-GLOBWB_python,./models/14_PCR-GLOBWB_model/model/configuration.py,Configuration.set_input_files,METHOD,259,3,A,7.0,11.0,348.31427061639,21.45,7471.34110472157,415.074505817865,0.11610475687213,PCR-GLOBWB,python,b1,2.0,0.0004913256890316063,4070.619641203704
113,func_metrics_14_PCR-GLOBWB_python,./models/14_PCR-GLOBWB_model/model/configuration.py,Configuration.create_output_directories,METHOD,271,14,C,51.0,74.0,2337.18028443785,41.5555555555556,97122.8251533061,5395.71250851701,0.779060094812616,PCR-GLOBWB,python,b2,14.0,0.0034392798232212446,4070.619641203704
114,func_metrics_14_PCR-GLOBWB_python,./models/14_PCR-GLOBWB_model/model/configuration.py,Configuration.repair_ini_key_names,METHOD,347,55,F,193.0,266.0,8059.02435662799,265.904761904762,2142932.95273384,119051.830707436,2.68634145220933,PCR-GLOBWB,python,b4,42.0,0.010317839469663734,4070.619641203704
115,func_metrics_14_PCR-GLOBWB_python,./models/14_PCR-GLOBWB_model/model/configuration.py,Configuration.set_debug_to_version_one,METHOD,616,4,A,15.0,18.0,357.62707505625,20.0,7152.54150112501,397.363416729167,0.11920902501875,PCR-GLOBWB,python,b1,4.0,0.0010577714260072773,3781.5353124999997
116,func_metrics_14_PCR-GLOBWB_python,./models/14_PCR-GLOBWB_model/model/configuration.py, Configuration  (aggregate) ,CLASS_AGG,47,111,F,,,,,,,,PCR-GLOBWB,python,b4,,,
117,func_metrics_14_PCR-GLOBWB_python,./models/14_PCR-GLOBWB_model/model/configuration.py, configuration.py  (module  aggregate) ,MODULE_AGG,1,111,F,,,,,,,,PCR-GLOBWB,python,b4,,,
118,func_metrics_14_PCR-GLOBWB_python,./models/14_PCR-GLOBWB_model/model/configuration_for_modflow.py,<module>,FUNCTION,1,1,A,12.0,,194.950387588702,3.675,716.442674388481,39.80237079936,0.0649834625295674,PCR-GLOBWB,python,b1,,,
119,func_metrics_14_PCR-GLOBWB_python,./models/14_PCR-GLOBWB_model/model/configuration_for_modflow.py,Configuration,CLASS,50,6,B,147.0,250.0,9227.85097801714,69.9292452830189,645296.654476906,35849.8141376059,3.07595032600571,PCR-GLOBWB,python,b1,1.0,0.0004339350116827962,2304.492546296296
120,func_metrics_14_PCR-GLOBWB_python,./models/14_PCR-GLOBWB_model/model/configuration_for_modflow.py,Configuration.__init__,METHOD,52,2,A,13.0,28.0,539.757965516937,17.0,9175.88541378793,509.771411877107,0.179919321838979,PCR-GLOBWB,python,b1,1.0,0.0004339350116827962,2304.492546296296
121,func_metrics_14_PCR-GLOBWB_python,./models/14_PCR-GLOBWB_model/model/configuration_for_modflow.py,Configuration.set_options_for_coupling_betweeen_pcrglobwb_and_modflow,METHOD,81,10,B,19.0,37.0,918.158408079111,39.6666666666667,36420.2835204714,2023.34908447063,0.306052802693037,PCR-GLOBWB,python,b1,1.0,0.0004339350116827962,2304.492546296296
122,func_metrics_14_PCR-GLOBWB_python,./models/14_PCR-GLOBWB_model/model/configuration_for_modflow.py,Configuration.set_configuration,METHOD,119,1,A,5.0,11.0,89.9452220845697,4.16666666666667,374.771758685707,20.8206532603171,0.0299817406948566,PCR-GLOBWB,python,b1,1.0,0.0004339350116827962,2304.492546296296
123,func_metrics_14_PCR-GLOBWB_python,./models/14_PCR-GLOBWB_model/model/configuration_for_modflow.py,Configuration.initialize_logging,METHOD,131,7,B,38.0,66.0,2149.46486804966,26.3297872340426,56594.9526427969,3144.16403571094,0.716488289349887,PCR-GLOBWB,python,b1,1.0,0.0004339350116827962,2304.492546296296
124,func_metrics_14_PCR-GLOBWB_python,./models/14_PCR-GLOBWB_model/model/configuration_for_modflow.py,Configuration.backup_configuration,METHOD,198,1,A,3.0,5.0,224.008188561717,5.5,1232.04503708944,68.446946504969,0.0746693961872389,PCR-GLOBWB,python,b1,1.0,0.0004339350116827962,2304.492546296296
125,func_metrics_14_PCR-GLOBWB_python,./models/14_PCR-GLOBWB_model/model/configuration_for_modflow.py,Configuration.parse_configuration_file,METHOD,204,3,A,11.0,16.0,412.178810031116,14.1470588235294,5831.11787132255,323.950992851253,0.137392936677039,PCR-GLOBWB,python,b1,1.0,0.0004339350116827962,2304.492546296296
126,func_metrics_14_PCR-GLOBWB_python,./models/14_PCR-GLOBWB_model/model/configuration_for_modflow.py,Configuration.set_input_files,METHOD,221,1,A,2.0,4.0,112.0,7.71428571428571,864.0,48.0,0.0373333333333333,PCR-GLOBWB,python,b1,1.0,0.0004339350116827962,2304.492546296296
127,func_metrics_14_PCR-GLOBWB_python,./models/14_PCR-GLOBWB_model/model/configuration_for_modflow.py,Configuration.create_output_directories,METHOD,226,15,C,55.0,74.0,2592.29838128097,52.25,135447.590421931,7524.86613455171,0.864099460426991,PCR-GLOBWB,python,b2,1.0,0.0004339350116827962,2304.492546296296
128,func_metrics_14_PCR-GLOBWB_python,./models/14_PCR-GLOBWB_model/model/configuration_for_modflow.py, Configuration  (aggregate) ,CLASS_AGG,52,40,E,,,,,,,,PCR-GLOBWB,python,b3,,,
129,func_metrics_14_PCR-GLOBWB_python,./models/14_PCR-GLOBWB_model/model/configuration_for_modflow.py, configuration_for_modflow.py  (module  aggregate) ,MODULE_AGG,1,40,E,,,,,,,,PCR-GLOBWB,python,b3,,,
130,func_metrics_14_PCR-GLOBWB_python,./models/14_PCR-GLOBWB_model/model/currTimeStep.py,<module>,FUNCTION,1,1,A,4.0,,48.4320426609222,2.91666666666667,141.26012442769,7.8477846904272,0.0161440142203074,PCR-GLOBWB,python,b1,,,
131,func_metrics_14_PCR-GLOBWB_python,./models/14_PCR-GLOBWB_model/model/currTimeStep.py,ModelTime,CLASS,31,2,A,105.0,164.0,5424.95842350463,48.3913043478261,262520.814146115,14584.4896747842,1.80831947450154,PCR-GLOBWB,python,b1,14.0,0.0034392798232212446,4070.619641203704
132,func_metrics_14_PCR-GLOBWB_python,./models/14_PCR-GLOBWB_model/model/currTimeStep.py,ModelTime.__init__,METHOD,33,1,A,3.0,3.0,58.8103375168341,4.8,282.289620080804,15.6827566711558,0.0196034458389447,PCR-GLOBWB,python,b1,1.0,0.00024566284451580316,4070.619641203704
133,func_metrics_14_PCR-GLOBWB_python,./models/14_PCR-GLOBWB_model/model/currTimeStep.py,ModelTime.getStartEndTimeSteps,METHOD,39,2,A,10.0,11.0,798.289214233104,16.1296296296296,12876.109362908,715.339409050447,0.266096404744368,PCR-GLOBWB,python,b1,3.0,0.0007369885335474095,4070.619641203704
134,func_metrics_14_PCR-GLOBWB_python,./models/14_PCR-GLOBWB_model/model/currTimeStep.py,ModelTime.getStartEndTimeStepsForSpinUp,METHOD,52,1,A,10.0,18.0,635.900775177404,12.54,7974.19572072465,443.010873373592,0.211966925059135,PCR-GLOBWB,python,b1,6.0,0.001473977067094819,4070.619641203704
135,func_metrics_14_PCR-GLOBWB_python,./models/14_PCR-GLOBWB_model/model/currTimeStep.py,ModelTime.setStartTime,METHOD,72,1,A,3.0,3.0,125.097750043269,7.0,875.684250302886,48.649125016827,0.0416992500144231,PCR-GLOBWB,python,b1,2.0,0.0004913256890316063,4070.619641203704
136,func_metrics_14_PCR-GLOBWB_python,./models/14_PCR-GLOBWB_model/model/currTimeStep.py,ModelTime.setEndTime,METHOD,76,1,A,3.0,3.0,125.097750043269,7.0,875.684250302886,48.649125016827,0.0416992500144231,PCR-GLOBWB,python,b1,2.0,0.0004913256890316063,4070.619641203704
137,func_metrics_14_PCR-GLOBWB_python,./models/14_PCR-GLOBWB_model/model/currTimeStep.py,ModelTime.spinUpStatus,METHOD,81,1,A,2.0,2.0,31.6992500144231,4.0,126.797000057692,7.04427778098292,0.0105664166714744,PCR-GLOBWB,python,b1,1.0,0.00024566284451580316,4070.619641203704
138,func_metrics_14_PCR-GLOBWB_python,./models/14_PCR-GLOBWB_model/model/currTimeStep.py,ModelTime.startTime,METHOD,85,1,A,2.0,2.0,31.6992500144231,4.0,126.797000057692,7.04427778098292,0.0105664166714744,PCR-GLOBWB,python,b1,1.0,0.00024566284451580316,4070.619641203704
139,func_metrics_14_PCR-GLOBWB_python,./models/14_PCR-GLOBWB_model/model/currTimeStep.py,ModelTime.endTime,METHOD,89,1,A,2.0,2.0,31.6992500144231,4.0,126.797000057692,7.04427778098292,0.0105664166714744,PCR-GLOBWB,python,b1,1.0,0.00024566284451580316,4070.619641203704
140,func_metrics_14_PCR-GLOBWB_python,./models/14_PCR-GLOBWB_model/model/currTimeStep.py,ModelTime.currTime,METHOD,93,1,A,2.0,2.0,31.6992500144231,4.0,126.797000057692,7.04427778098292,0.0105664166714744,PCR-GLOBWB,python,b1,1.0,0.00024566284451580316,4070.619641203704
141,func_metrics_14_PCR-GLOBWB_python,./models/14_PCR-GLOBWB_model/model/currTimeStep.py,ModelTime.day,METHOD,97,1,A,2.0,2.0,38.0391000173078,5.0,190.195500086539,10.5664166714744,0.0126797000057692,PCR-GLOBWB,python,b1,1.0,0.00024566284451580316,4070.619641203704
142,func_metrics_14_PCR-GLOBWB_python,./models/14_PCR-GLOBWB_model/model/currTimeStep.py,ModelTime.doy,METHOD,101,1,A,2.0,2.0,55.3509058981968,3.6,199.263261233508,11.0701811796394,0.0184503019660656,PCR-GLOBWB,python,b1,1.0,0.00024566284451580316,4070.619641203704
143,func_metrics_14_PCR-GLOBWB_python,./models/14_PCR-GLOBWB_model/model/currTimeStep.py,ModelTime.month,METHOD,105,1,A,2.0,2.0,38.0391000173078,5.0,190.195500086539,10.5664166714744,0.0126797000057692,PCR-GLOBWB,python,b1,1.0,0.00024566284451580316,4070.619641203704
144,func_metrics_14_PCR-GLOBWB_python,./models/14_PCR-GLOBWB_model/model/currTimeStep.py,ModelTime.year,METHOD,109,1,A,2.0,2.0,38.0391000173078,5.0,190.195500086539,10.5664166714744,0.0126797000057692,PCR-GLOBWB,python,b1,1.0,0.00024566284451580316,4070.619641203704
145,func_metrics_14_PCR-GLOBWB_python,./models/14_PCR-GLOBWB_model/model/currTimeStep.py,ModelTime.timeStepPCR,METHOD,113,1,A,2.0,2.0,31.6992500144231,4.0,126.797000057692,7.04427778098292,0.0105664166714744,PCR-GLOBWB,python,b1,1.0,0.00024566284451580316,4070.619641203704
146,func_metrics_14_PCR-GLOBWB_python,./models/14_PCR-GLOBWB_model/model/currTimeStep.py,ModelTime.monthIdx,METHOD,117,1,A,2.0,2.0,31.6992500144231,4.0,126.797000057692,7.04427778098292,0.0105664166714744,PCR-GLOBWB,python,b1,1.0,0.00024566284451580316,4070.619641203704
147,func_metrics_14_PCR-GLOBWB_python,./models/14_PCR-GLOBWB_model/model/currTimeStep.py,ModelTime.annuaIdx,METHOD,121,1,A,2.0,2.0,31.6992500144231,4.0,126.797000057692,7.04427778098292,0.0105664166714744,PCR-GLOBWB,python,b1,1.0,0.00024566284451580316,4070.619641203704
148,func_metrics_14_PCR-GLOBWB_python,./models/14_PCR-GLOBWB_model/model/currTimeStep.py,ModelTime.nrOfTimeSteps,METHOD,125,1,A,2.0,2.0,31.6992500144231,4.0,126.797000057692,7.04427778098292,0.0105664166714744,PCR-GLOBWB,python,b1,1.0,0.00024566284451580316,4070.619641203704
149,func_metrics_14_PCR-GLOBWB_python,./models/14_PCR-GLOBWB_model/model/currTimeStep.py,ModelTime.fulldate,METHOD,129,1,A,2.0,2.0,31.6992500144231,4.0,126.797000057692,7.04427778098292,0.0105664166714744,PCR-GLOBWB,python,b1,1.0,0.00024566284451580316,4070.619641203704
150,func_metrics_14_PCR-GLOBWB_python,./models/14_PCR-GLOBWB_model/model/currTimeStep.py,ModelTime.update,METHOD,132,4,A,11.0,21.0,750.391861379118,15.6481481481482,11742.2430160251,652.346834223616,0.250130620459706,PCR-GLOBWB,python,b1,4.0,0.0009826513780632126,4070.619641203704
151,func_metrics_14_PCR-GLOBWB_python,./models/14_PCR-GLOBWB_model/model/currTimeStep.py,ModelTime.isFirstTimestep,METHOD,154,1,A,2.0,2.0,41.5131794236476,4.375,181.620159978458,10.0900088876921,0.0138377264745492,PCR-GLOBWB,python,b1,1.0,0.00024566284451580316,4070.619641203704
152,func_metrics_14_PCR-GLOBWB_python,./models/14_PCR-GLOBWB_model/model/currTimeStep.py,ModelTime.isFirstDayOfMonth,METHOD,157,1,A,2.0,2.0,41.5131794236476,4.375,181.620159978458,10.0900088876921,0.0138377264745492,PCR-GLOBWB,python,b1,1.0,0.00024566284451580316,4070.619641203704
153,func_metrics_14_PCR-GLOBWB_python,./models/14_PCR-GLOBWB_model/model/currTimeStep.py,ModelTime.isFirstDayOfYear,METHOD,160,1,A,2.0,2.0,41.5131794236476,4.375,181.620159978458,10.0900088876921,0.0138377264745492,PCR-GLOBWB,python,b1,1.0,0.00024566284451580316,4070.619641203704
154,func_metrics_14_PCR-GLOBWB_python,./models/14_PCR-GLOBWB_model/model/currTimeStep.py,ModelTime.isLastDayOfMonth,METHOD,163,1,A,3.0,5.0,108.4180500375,6.0,650.508300225001,36.1393500125,0.0361393500125,PCR-GLOBWB,python,b1,1.0,0.00024566284451580316,4070.619641203704
155,func_metrics_14_PCR-GLOBWB_python,./models/14_PCR-GLOBWB_model/model/currTimeStep.py,ModelTime.isLastDayOfYear,METHOD,169,1,A,3.0,5.0,127.437825403308,5.85,745.511278609349,41.417293256075,0.0424792751344359,PCR-GLOBWB,python,b1,1.0,0.00024566284451580316,4070.619641203704
156,func_metrics_14_PCR-GLOBWB_python,./models/14_PCR-GLOBWB_model/model/currTimeStep.py,ModelTime.isLastTimeStep,METHOD,175,1,A,2.0,2.0,48.4320426609222,5.25,254.268223969841,14.126012442769,0.0161440142203074,PCR-GLOBWB,python,b1,1.0,0.00025576331473400204,3909.8648726851857
157,func_metrics_14_PCR-GLOBWB_python,./models/14_PCR-GLOBWB_model/model/currTimeStep.py,ModelTime.yesterday,METHOD,178,1,A,3.0,3.0,125.097750043269,5.2,650.508300225001,36.1393500125,0.0416992500144231,PCR-GLOBWB,python,b1,3.0,0.0007369885335474095,4070.619641203704
158,func_metrics_14_PCR-GLOBWB_python,./models/14_PCR-GLOBWB_model/model/currTimeStep.py,ModelTime.endMonth,METHOD,184,1,A,2.0,2.0,38.0391000173078,4.0,152.156400069231,8.4531333371795,0.0126797000057692,PCR-GLOBWB,python,b1,1.0,0.00024566284451580316,4070.619641203704
159,func_metrics_14_PCR-GLOBWB_python,./models/14_PCR-GLOBWB_model/model/currTimeStep.py,ModelTime.endYear,METHOD,189,1,A,2.0,2.0,38.0391000173078,4.0,152.156400069231,8.4531333371795,0.0126797000057692,PCR-GLOBWB,python,b1,1.0,0.00024566284451580316,4070.619641203704
160,func_metrics_14_PCR-GLOBWB_python,./models/14_PCR-GLOBWB_model/model/currTimeStep.py,ModelTime.__str__,METHOD,192,1,A,2.0,3.0,43.1850652335357,3.75,161.943994625759,8.99688859031994,0.0143950217445119,PCR-GLOBWB,python,b1,2.0,0.0004913256890316063,4070.619641203704
161,func_metrics_14_PCR-GLOBWB_python,./models/14_PCR-GLOBWB_model/model/currTimeStep.py, ModelTime  (aggregate) ,CLASS_AGG,33,33,E,,,,,,,,PCR-GLOBWB,python,b3,,,
162,func_metrics_14_PCR-GLOBWB_python,./models/14_PCR-GLOBWB_model/model/currTimeStep.py, currTimeStep.py  (module  aggregate) ,MODULE_AGG,1,33,E,,,,,,,,PCR-GLOBWB,python,b3,,,
163,func_metrics_14_PCR-GLOBWB_python,./models/14_PCR-GLOBWB_model/model/deterministic_runner.py,<module>,FUNCTION,1,2,A,16.0,,369.871188959655,5.46428571428571,2021.08185395812,112.282325219895,0.123290396319885,PCR-GLOBWB,python,b1,,,
164,func_metrics_14_PCR-GLOBWB_python,./models/14_PCR-GLOBWB_model/model/deterministic_runner.py,main,FUNCTION,70,10,B,57.0,93.0,2684.62085560372,32.0526315789474,86049.1632138247,4780.5090674347,0.894873618534575,PCR-GLOBWB,python,b1,14.0,0.0034392798232212446,4070.619641203704
165,func_metrics_14_PCR-GLOBWB_python,./models/14_PCR-GLOBWB_model/model/deterministic_runner.py,DeterministicRunner,CLASS,44,2,A,13.0,25.0,514.945985483523,10.575,5445.55379648825,302.53076647157,0.171648661827841,PCR-GLOBWB,python,b1,1.0,0.00024566284451580316,4070.619641203704
166,func_metrics_14_PCR-GLOBWB_python,./models/14_PCR-GLOBWB_model/model/deterministic_runner.py,DeterministicRunner.__init__,METHOD,46,1,A,5.0,6.0,212.666175073558,7.95454545454546,1691.66275626694,93.9812642370521,0.0708887250245193,PCR-GLOBWB,python,b1,1.0,0.00024566284451580316,4070.619641203704
167,func_metrics_14_PCR-GLOBWB_python,./models/14_PCR-GLOBWB_model/model/deterministic_runner.py,DeterministicRunner.initial,METHOD,53,1,A,2.0,2.0,19.6514844544032,2.5,49.1287111360081,2.72937284088934,0.0065504948181344,PCR-GLOBWB,python,b1,1.0,0.00024566284451580316,4070.619641203704
168,func_metrics_14_PCR-GLOBWB_python,./models/14_PCR-GLOBWB_model/model/deterministic_runner.py,DeterministicRunner.dynamic,METHOD,56,1,A,5.0,13.0,171.673439332514,4.90909090909091,842.760520359616,46.8200289088675,0.0572244797775048,PCR-GLOBWB,python,b1,1.0,0.00024566284451580316,4070.619641203704
169,func_metrics_14_PCR-GLOBWB_python,./models/14_PCR-GLOBWB_model/model/deterministic_runner.py, DeterministicRunner  (aggregate) ,CLASS_AGG,46,3,A,,,,,,,,PCR-GLOBWB,python,b1,,,
170,func_metrics_14_PCR-GLOBWB_python,./models/14_PCR-GLOBWB_model/model/deterministic_runner.py, deterministic_runner.py  (module  aggregate) ,MODULE_AGG,1,13,C,,,,,,,,PCR-GLOBWB,python,b2,,,
171,func_metrics_14_PCR-GLOBWB_python,./models/14_PCR-GLOBWB_model/model/deterministic_runner_merging_ulysses.py,<module>,FUNCTION,1,4,A,25.0,,485.88941405872,7.96774193548387,3871.44146040335,215.080081133519,0.161963138019573,PCR-GLOBWB,python,b1,,,
172,func_metrics_14_PCR-GLOBWB_python,./models/14_PCR-GLOBWB_model/model/deterministic_runner_merging_ulysses.py,modify_ini_file,FUNCTION,278,9,B,53.0,76.0,2351.26921280361,37.5142857142857,88206.1850403182,4900.34361335101,0.783756404267869,PCR-GLOBWB,python,b1,3.0,0.0016370194052545556,1832.598923611111
173,func_metrics_14_PCR-GLOBWB_python,./models/14_PCR-GLOBWB_model/model/deterministic_runner_merging_ulysses.py,main,FUNCTION,356,7,B,23.0,40.0,1010.87821263053,17.0882352941176,17274.1247511276,959.673597284865,0.336959404210176,PCR-GLOBWB,python,b1,2.0,0.0010791201326553386,1853.3617708333334
174,func_metrics_14_PCR-GLOBWB_python,./models/14_PCR-GLOBWB_model/model/deterministic_runner_merging_ulysses.py,DeterministicRunner,CLASS,55,9,B,122.0,222.0,8035.91126052672,79.8529411764706,641691.149186178,35649.508288121,2.67863708684224,PCR-GLOBWB,python,b1,11.0,0.005935160729604362,1853.3617708333334
175,func_metrics_14_PCR-GLOBWB_python,./models/14_PCR-GLOBWB_model/model/deterministic_runner_merging_ulysses.py,DeterministicRunner.__init__,METHOD,57,6,B,19.0,37.0,965.224818677398,21.25,20511.0273968947,1139.50152204971,0.321741606225799,PCR-GLOBWB,python,b1,5.0,0.0026978003316383468,1853.3617708333334
176,func_metrics_14_PCR-GLOBWB_python,./models/14_PCR-GLOBWB_model/model/deterministic_runner_merging_ulysses.py,DeterministicRunner.initial,METHOD,97,2,A,3.0,5.0,71.6992500144231,4.0,286.797000057692,15.9331666698718,0.0238997500048077,PCR-GLOBWB,python,b1,1.0,0.00043375726127352067,2305.436909722222
177,func_metrics_14_PCR-GLOBWB_python,./models/14_PCR-GLOBWB_model/model/deterministic_runner_merging_ulysses.py,DeterministicRunner.dynamic,METHOD,103,21,D,62.0,104.0,3849.86108668995,45.8035714285714,176337.387274281,9796.52151523782,1.28328702889665,PCR-GLOBWB,python,b3,7.0,0.003776920464293685,1853.3617708333334
178,func_metrics_14_PCR-GLOBWB_python,./models/14_PCR-GLOBWB_model/model/deterministic_runner_merging_ulysses.py,DeterministicRunner.merging_netcdf_files,METHOD,209,2,A,18.0,38.0,813.994054600054,19.9090909090909,16205.881632492,900.326757360666,0.271331351533351,PCR-GLOBWB,python,b1,5.0,0.0026978003316383468,1853.3617708333334
179,func_metrics_14_PCR-GLOBWB_python,./models/14_PCR-GLOBWB_model/model/deterministic_runner_merging_ulysses.py,DeterministicRunner.check_pcrglobwb_status,METHOD,249,11,C,19.0,28.0,1122.94196882304,33.75,37899.2914477777,2105.5161915432,0.374313989607681,PCR-GLOBWB,python,b2,1.0,0.0005395600663276693,1853.3617708333334
180,func_metrics_14_PCR-GLOBWB_python,./models/14_PCR-GLOBWB_model/model/deterministic_runner_merging_ulysses.py, DeterministicRunner  (aggregate) ,CLASS_AGG,57,42,F,,,,,,,,PCR-GLOBWB,python,b3,,,
181,func_metrics_14_PCR-GLOBWB_python,./models/14_PCR-GLOBWB_model/model/deterministic_runner_merging_ulysses.py, deterministic_runner_merging_ulysses.py  (module  aggregate) ,MODULE_AGG,1,58,F,,,,,,,,PCR-GLOBWB,python,b4,,,
182,func_metrics_14_PCR-GLOBWB_python,./models/14_PCR-GLOBWB_model/model/deterministic_runner_merging_with_arguments.py,<module>,FUNCTION,1,4,A,25.0,,485.88941405872,7.96774193548387,3871.44146040335,215.080081133519,0.161963138019573,PCR-GLOBWB,python,b1,,,
183,func_metrics_14_PCR-GLOBWB_python,./models/14_PCR-GLOBWB_model/model/deterministic_runner_merging_with_arguments.py,modify_ini_file,FUNCTION,328,10,B,58.0,83.0,2571.53710860477,39.7222222222222,102147.168480689,5674.84269337163,0.857179036201588,PCR-GLOBWB,python,b1,2.0,0.0011997091954898016,1667.0706597222222
184,func_metrics_14_PCR-GLOBWB_python,./models/14_PCR-GLOBWB_model/model/deterministic_runner_merging_with_arguments.py,main,FUNCTION,413,7,B,23.0,40.0,1010.87821263053,17.0882352941176,17274.1247511276,959.673597284865,0.336959404210176,PCR-GLOBWB,python,b1,2.0,0.0011997091954898016,1667.0706597222222
185,func_metrics_14_PCR-GLOBWB_python,./models/14_PCR-GLOBWB_model/model/deterministic_runner_merging_with_arguments.py,DeterministicRunner,CLASS,55,8,B,135.0,272.0,8787.09655821586,74.9395604395604,658501.153612671,36583.3974229262,2.92903218607195,PCR-GLOBWB,python,b1,20.0,0.011997091954898016,1667.0706597222222
186,func_metrics_14_PCR-GLOBWB_python,./models/14_PCR-GLOBWB_model/model/deterministic_runner_merging_with_arguments.py,DeterministicRunner.__init__,METHOD,57,6,B,25.0,44.0,1341.91565274353,23.0,30864.0600131013,1714.67000072785,0.447305217581178,PCR-GLOBWB,python,b1,2.0,0.0011997091954898016,1667.0706597222222
187,func_metrics_14_PCR-GLOBWB_python,./models/14_PCR-GLOBWB_model/model/deterministic_runner_merging_with_arguments.py,DeterministicRunner.initial,METHOD,104,2,A,3.0,5.0,71.6992500144231,4.0,286.797000057692,15.9331666698718,0.0238997500048077,PCR-GLOBWB,python,b1,1.0,0.0005998545977449008,1667.0706597222222
188,func_metrics_14_PCR-GLOBWB_python,./models/14_PCR-GLOBWB_model/model/deterministic_runner_merging_with_arguments.py,DeterministicRunner.dynamic,METHOD,110,21,D,69.0,124.0,4298.91110452341,45.2903225806452,194699.070669383,10816.6150371879,1.43297036817447,PCR-GLOBWB,python,b3,11.0,0.006598400575193909,1667.0706597222222
189,func_metrics_14_PCR-GLOBWB_python,./models/14_PCR-GLOBWB_model/model/deterministic_runner_merging_with_arguments.py,DeterministicRunner.merging_netcdf_files,METHOD,236,2,A,24.0,56.0,1138.8926123059,20.7857142857143,23672.6964415011,1315.14980230562,0.379630870768632,PCR-GLOBWB,python,b1,3.0,0.0017995637932347024,1667.0706597222222
190,func_metrics_14_PCR-GLOBWB_python,./models/14_PCR-GLOBWB_model/model/deterministic_runner_merging_with_arguments.py,DeterministicRunner.check_pcrglobwb_status,METHOD,294,7,B,13.0,33.0,693.347815566937,20.4230769230769,14160.2957717709,786.683098431717,0.231115938522312,PCR-GLOBWB,python,b1,12.0,0.00719825517293881,1667.0706597222222
191,func_metrics_14_PCR-GLOBWB_python,./models/14_PCR-GLOBWB_model/model/deterministic_runner_merging_with_arguments.py, DeterministicRunner  (aggregate) ,CLASS_AGG,57,38,E,,,,,,,,PCR-GLOBWB,python,b3,,,
192,func_metrics_14_PCR-GLOBWB_python,./models/14_PCR-GLOBWB_model/model/deterministic_runner_merging_with_arguments.py, deterministic_runner_merging_with_arguments.py  (module  aggregate) ,MODULE_AGG,1,55,F,,,,,,,,PCR-GLOBWB,python,b4,,,
193,func_metrics_14_PCR-GLOBWB_python,./models/14_PCR-GLOBWB_model/model/deterministic_runner_parallel_for_ulysses.py,<module>,FUNCTION,1,2,A,18.0,,409.788463306327,6.16666666666667,2527.02885705568,140.390492058649,0.136596154435442,PCR-GLOBWB,python,b1,,,
194,func_metrics_14_PCR-GLOBWB_python,./models/14_PCR-GLOBWB_model/model/deterministic_runner_parallel_for_ulysses.py,modify_ini_file,FUNCTION,371,13,C,62.0,88.0,2967.55836517144,48.8,144816.848220366,8045.380456687,0.989186121723812,PCR-GLOBWB,python,b2,26.0,0.013315545051807659,1952.6050115740743
195,func_metrics_14_PCR-GLOBWB_python,./models/14_PCR-GLOBWB_model/model/deterministic_runner_parallel_for_ulysses.py,main,FUNCTION,461,16,C,52.0,93.0,3155.27191386885,45.1785714285714,142550.677537289,7919.48208540495,1.05175730462295,PCR-GLOBWB,python,b2,21.0,0.010754863311075415,1952.6050115740743
196,func_metrics_14_PCR-GLOBWB_python,./models/14_PCR-GLOBWB_model/model/deterministic_runner_parallel_for_ulysses.py,DeterministicRunner,CLASS,46,8,B,197.0,323.0,17797.3526818088,147.315315315315,2621822.62209853,145656.812338807,5.93245089393626,PCR-GLOBWB,python,b1,11.0,0.005633499829610932,1952.6050115740743
197,func_metrics_14_PCR-GLOBWB_python,./models/14_PCR-GLOBWB_model/model/deterministic_runner_parallel_for_ulysses.py,DeterministicRunner.__init__,METHOD,48,8,B,16.0,27.0,922.073245716324,24.0434782608696,22169.8480383099,1231.65822435055,0.307357748572108,PCR-GLOBWB,python,b1,9.0,0.004609227133318036,1952.6050115740743
198,func_metrics_14_PCR-GLOBWB_python,./models/14_PCR-GLOBWB_model/model/deterministic_runner_parallel_for_ulysses.py,DeterministicRunner.adusting_parameters,METHOD,76,10,B,129.0,217.0,12250.1267927741,127.714285714286,1564516.19324858,86917.5662915876,4.08337559759137,PCR-GLOBWB,python,b1,7.0,0.0035849544370251387,1952.6050115740743
199,func_metrics_14_PCR-GLOBWB_python,./models/14_PCR-GLOBWB_model/model/deterministic_runner_parallel_for_ulysses.py,DeterministicRunner.initial,METHOD,294,1,A,2.0,2.0,19.6514844544032,2.5,49.1287111360081,2.72937284088934,0.0065504948181344,PCR-GLOBWB,python,b1,4.0,0.0020485453925857934,1952.6050115740743
200,func_metrics_14_PCR-GLOBWB_python,./models/14_PCR-GLOBWB_model/model/deterministic_runner_parallel_for_ulysses.py,DeterministicRunner.dynamic,METHOD,297,17,C,29.0,46.0,1353.47167311747,24.4310344827586,33066.7131173699,1837.03961763166,0.45115722437249,PCR-GLOBWB,python,b2,5.0,0.002560681740732242,1952.6050115740743
201,func_metrics_14_PCR-GLOBWB_python,./models/14_PCR-GLOBWB_model/model/deterministic_runner_parallel_for_ulysses.py,DeterministicRunner.check_modflow_status,METHOD,344,5,A,10.0,12.0,426.060882693271,12.9473684210526,5516.36721802867,306.464845446037,0.14202029423109,PCR-GLOBWB,python,b1,4.0,0.0020485453925857934,1952.6050115740743
202,func_metrics_14_PCR-GLOBWB_python,./models/14_PCR-GLOBWB_model/model/deterministic_runner_parallel_for_ulysses.py,DeterministicRunner.check_merging_status,METHOD,357,5,A,10.0,12.0,426.060882693271,12.9473684210526,5516.36721802867,306.464845446037,0.14202029423109,PCR-GLOBWB,python,b1,5.0,0.002560681740732242,1952.6050115740743
203,func_metrics_14_PCR-GLOBWB_python,./models/14_PCR-GLOBWB_model/model/deterministic_runner_parallel_for_ulysses.py, DeterministicRunner  (aggregate) ,CLASS_AGG,48,46,F,,,,,,,,PCR-GLOBWB,python,b3,,,
204,func_metrics_14_PCR-GLOBWB_python,./models/14_PCR-GLOBWB_model/model/deterministic_runner_parallel_for_ulysses.py, deterministic_runner_parallel_for_ulysses.py  (module  aggregate) ,MODULE_AGG,1,75,F,,,,,,,,PCR-GLOBWB,python,b4,,,
205,func_metrics_14_PCR-GLOBWB_python,./models/14_PCR-GLOBWB_model/model/deterministic_runner_with_arguments.py,<module>,FUNCTION,1,2,A,18.0,,409.788463306327,6.16666666666667,2527.02885705568,140.390492058649,0.136596154435442,PCR-GLOBWB,python,b1,,,
206,func_metrics_14_PCR-GLOBWB_python,./models/14_PCR-GLOBWB_model/model/deterministic_runner_with_arguments.py,modify_ini_file,FUNCTION,371,22,D,107.0,159.0,5082.87843419602,66.2857142857143,336922.227638136,18717.901535452,1.69429281139867,PCR-GLOBWB,python,b3,6.0,0.003592937333143096,1669.9428472222223
207,func_metrics_14_PCR-GLOBWB_python,./models/14_PCR-GLOBWB_model/model/deterministic_runner_with_arguments.py,main,FUNCTION,532,16,C,52.0,93.0,3155.27191386885,45.1785714285714,142550.677537289,7919.48208540495,1.05175730462295,PCR-GLOBWB,python,b2,1.0,0.0005988228888571827,1669.9428472222223
208,func_metrics_14_PCR-GLOBWB_python,./models/14_PCR-GLOBWB_model/model/deterministic_runner_with_arguments.py,DeterministicRunner,CLASS,46,8,B,197.0,323.0,17797.3526818088,147.315315315315,2621822.62209853,145656.812338807,5.93245089393626,PCR-GLOBWB,python,b1,1.0,0.0005988228888571827,1669.9428472222223
209,func_metrics_14_PCR-GLOBWB_python,./models/14_PCR-GLOBWB_model/model/deterministic_runner_with_arguments.py,DeterministicRunner.__init__,METHOD,48,8,B,16.0,27.0,922.073245716324,24.0434782608696,22169.8480383099,1231.65822435055,0.307357748572108,PCR-GLOBWB,python,b1,1.0,0.0005988228888571827,1669.9428472222223
210,func_metrics_14_PCR-GLOBWB_python,./models/14_PCR-GLOBWB_model/model/deterministic_runner_with_arguments.py,DeterministicRunner.adusting_parameters,METHOD,76,10,B,129.0,217.0,12250.1267927741,127.714285714286,1564516.19324858,86917.5662915876,4.08337559759137,PCR-GLOBWB,python,b1,1.0,0.0005988228888571827,1669.9428472222223
211,func_metrics_14_PCR-GLOBWB_python,./models/14_PCR-GLOBWB_model/model/deterministic_runner_with_arguments.py,DeterministicRunner.initial,METHOD,294,1,A,2.0,2.0,19.6514844544032,2.5,49.1287111360081,2.72937284088934,0.0065504948181344,PCR-GLOBWB,python,b1,1.0,0.0005988228888571827,1669.9428472222223
212,func_metrics_14_PCR-GLOBWB_python,./models/14_PCR-GLOBWB_model/model/deterministic_runner_with_arguments.py,DeterministicRunner.dynamic,METHOD,297,17,C,29.0,46.0,1353.47167311747,24.4310344827586,33066.7131173699,1837.03961763166,0.45115722437249,PCR-GLOBWB,python,b2,1.0,0.0005988228888571827,1669.9428472222223
213,func_metrics_14_PCR-GLOBWB_python,./models/14_PCR-GLOBWB_model/model/deterministic_runner_with_arguments.py,DeterministicRunner.check_modflow_status,METHOD,344,5,A,10.0,12.0,426.060882693271,12.9473684210526,5516.36721802867,306.464845446037,0.14202029423109,PCR-GLOBWB,python,b1,1.0,0.0005988228888571827,1669.9428472222223
214,func_metrics_14_PCR-GLOBWB_python,./models/14_PCR-GLOBWB_model/model/deterministic_runner_with_arguments.py,DeterministicRunner.check_merging_status,METHOD,357,5,A,10.0,12.0,426.060882693271,12.9473684210526,5516.36721802867,306.464845446037,0.14202029423109,PCR-GLOBWB,python,b1,1.0,0.0005988228888571827,1669.9428472222223
215,func_metrics_14_PCR-GLOBWB_python,./models/14_PCR-GLOBWB_model/model/deterministic_runner_with_arguments.py, DeterministicRunner  (aggregate) ,CLASS_AGG,48,46,F,,,,,,,,PCR-GLOBWB,python,b3,,,
216,func_metrics_14_PCR-GLOBWB_python,./models/14_PCR-GLOBWB_model/model/deterministic_runner_with_arguments.py, deterministic_runner_with_arguments.py  (module  aggregate) ,MODULE_AGG,1,84,F,,,,,,,,PCR-GLOBWB,python,b4,,,
217,func_metrics_14_PCR-GLOBWB_python,./models/14_PCR-GLOBWB_model/model/disclaimer.py,<module>,FUNCTION,1,1,A,2.0,,31.6992500144231,3.125,99.0601562950723,5.5033420163929,0.0105664166714744,PCR-GLOBWB,python,b1,,,
218,func_metrics_14_PCR-GLOBWB_python,./models/14_PCR-GLOBWB_model/model/disclaimer.py,print_disclaimer,FUNCTION,7,2,A,19.0,24.0,346.103775119712,28.75,9950.48353469172,552.804640816207,0.115367925039904,PCR-GLOBWB,python,b1,12.0,0.003543043787295102,3386.9183449074076
219,func_metrics_14_PCR-GLOBWB_python,./models/14_PCR-GLOBWB_model/model/disclaimer.py, disclaimer.py  (module  aggregate) ,MODULE_AGG,1,2,A,,,,,,,,PCR-GLOBWB,python,b1,,,
220,func_metrics_14_PCR-GLOBWB_python,./models/14_PCR-GLOBWB_model/model/earth2observe_reports.py,<module>,FUNCTION,1,1,A,190.0,,4238.97629623524,69.125,293019.236477261,16278.846470959,1.41299209874508,PCR-GLOBWB,python,b1,,,
221,func_metrics_14_PCR-GLOBWB_python,./models/14_PCR-GLOBWB_model/model/earth2observe_reports.py,post_processing,FUNCTION,251,1,A,2.0,3.0,33.0,3.33333333333333,110.0,6.11111111111111,0.011,PCR-GLOBWB,python,b1,1.0,0.00041781225120011853,2393.419525462963
222,func_metrics_14_PCR-GLOBWB_python,./models/14_PCR-GLOBWB_model/model/earth2observe_reports.py,e2o_post_processing,FUNCTION,255,1,A,28.0,32.0,2117.06512746976,18.7636363636364,39723.8402099781,2206.88001166545,0.705688375823254,PCR-GLOBWB,python,b1,1.0,0.00041781225120011853,2393.419525462963
223,func_metrics_14_PCR-GLOBWB_python,./models/14_PCR-GLOBWB_model/model/earth2observe_reports.py, earth2observe_reports.py  (module  aggregate) ,MODULE_AGG,1,2,A,,,,,,,,PCR-GLOBWB,python,b1,,,
224,func_metrics_14_PCR-GLOBWB_python,./models/14_PCR-GLOBWB_model/model/groundwater.py,<module>,FUNCTION,1,1,A,10.0,,160.539538270943,4.57142857142857,733.895032095738,40.771946227541,0.0535131794236476,PCR-GLOBWB,python,b1,,,
225,func_metrics_14_PCR-GLOBWB_python,./models/14_PCR-GLOBWB_model/model/groundwater.py,Groundwater,CLASS,39,12,C,609.0,962.0,44210.3410617445,248.618644067797,10991515.0485458,610639.724919209,14.7367803539148,PCR-GLOBWB,python,b2,109.0,0.026777250052222545,4070.619641203704
226,func_metrics_14_PCR-GLOBWB_python,./models/14_PCR-GLOBWB_model/model/groundwater.py,Groundwater.getState,METHOD,41,1,A,13.0,17.0,427.234769459275,17.2857142857143,7385.05815779603,410.281008766446,0.142411589819758,PCR-GLOBWB,python,b1,10.0,0.0024566284451580317,4070.619641203704
227,func_metrics_14_PCR-GLOBWB_python,./models/14_PCR-GLOBWB_model/model/groundwater.py,Groundwater.getPseudoState,METHOD,59,1,A,3.0,4.0,41.5131794236476,5.33333333333333,221.403623592787,12.3002013107104,0.0138377264745492,PCR-GLOBWB,python,b1,2.0,0.0004913256890316063,4070.619641203704
228,func_metrics_14_PCR-GLOBWB_python,./models/14_PCR-GLOBWB_model/model/groundwater.py,Groundwater.__init__,METHOD,64,50,F,200.0,345.0,13406.7481536383,134.117647058824,1798081.51707619,99893.4176153439,4.46891605121275,PCR-GLOBWB,python,b3,71.0,0.017442061960622025,4070.619641203704
229,func_metrics_14_PCR-GLOBWB_python,./models/14_PCR-GLOBWB_model/model/groundwater.py,Groundwater.initiate_old_style_groundwater_reporting,METHOD,410,17,C,56.0,80.0,2782.43579015384,78.88,219478.535127335,12193.2519515186,0.927478596717947,PCR-GLOBWB,python,b2,2.0,0.0004913256890316063,4070.619641203704
230,func_metrics_14_PCR-GLOBWB_python,./models/14_PCR-GLOBWB_model/model/groundwater.py,Groundwater.getICs,METHOD,491,1,A,2.0,3.0,74.0087943628219,5.25,388.546170404815,21.585898355823,0.0246695981209406,PCR-GLOBWB,python,b1,5.0,0.0012283142225790159,4070.619641203704
231,func_metrics_14_PCR-GLOBWB_python,./models/14_PCR-GLOBWB_model/model/groundwater.py,Groundwater.initialize_states,METHOD,495,16,C,123.0,161.0,7094.46751753038,107.720930232558,764222.64049304,42456.8133607245,2.36482250584346,PCR-GLOBWB,python,b2,28.0,0.006878559646442489,4070.619641203704
232,func_metrics_14_PCR-GLOBWB_python,./models/14_PCR-GLOBWB_model/model/groundwater.py,Groundwater.perturb,METHOD,657,2,A,7.0,11.0,283.633940401399,18.5454545454545,5260.1203492623,292.22890829235,0.0945446468004662,PCR-GLOBWB,python,b1,2.0,0.0004913256890316063,4070.619641203704
233,func_metrics_14_PCR-GLOBWB_python,./models/14_PCR-GLOBWB_model/model/groundwater.py,Groundwater.update,METHOD,669,2,A,7.0,11.0,212.666175073558,9.2,1956.52881067673,108.696045037596,0.0708887250245193,PCR-GLOBWB,python,b1,3.0,0.0007369885335474095,4070.619641203704
234,func_metrics_14_PCR-GLOBWB_python,./models/14_PCR-GLOBWB_model/model/groundwater.py,Groundwater.update_with_MODFLOW,METHOD,681,3,A,22.0,48.0,1488.62981224961,22.9714285714286,34195.953401391,1899.77518896617,0.496209937416536,PCR-GLOBWB,python,b1,7.0,0.0018154559272618854,3855.7807407407404
235,func_metrics_14_PCR-GLOBWB_python,./models/14_PCR-GLOBWB_model/model/groundwater.py,Groundwater.update_without_MODFLOW,METHOD,731,6,B,58.0,94.0,2564.25308718146,40.2,103082.974104695,5726.83189470527,0.854751029060488,PCR-GLOBWB,python,b1,21.0,0.005158919734831867,4070.619641203704
236,func_metrics_14_PCR-GLOBWB_python,./models/14_PCR-GLOBWB_model/model/groundwater.py,Groundwater.calculate_statistics,METHOD,826,1,A,33.0,46.0,1664.71585046442,35.42,58964.2354234499,3275.79085685833,0.554905283488142,PCR-GLOBWB,python,b1,11.0,0.0027022912896738347,4070.619641203704
237,func_metrics_14_PCR-GLOBWB_python,./models/14_PCR-GLOBWB_model/model/groundwater.py,Groundwater.old_style_groundwater_reporting,METHOD,874,32,E,84.0,127.0,4528.21930923361,90.0,407539.737831025,22641.0965461681,1.5094064364112,PCR-GLOBWB,python,b3,3.0,0.0007369885335474095,4070.619641203704
238,func_metrics_14_PCR-GLOBWB_python,./models/14_PCR-GLOBWB_model/model/groundwater.py, Groundwater  (aggregate) ,CLASS_AGG,41,132,F,,,,,,,,PCR-GLOBWB,python,b4,,,
239,func_metrics_14_PCR-GLOBWB_python,./models/14_PCR-GLOBWB_model/model/groundwater.py, groundwater.py  (module  aggregate) ,MODULE_AGG,1,132,F,,,,,,,,PCR-GLOBWB,python,b4,,,
240,func_metrics_14_PCR-GLOBWB_python,./models/14_PCR-GLOBWB_model/model/landCover.py,<module>,FUNCTION,1,1,A,8.0,,131.769522683363,4.30769230769231,567.622559251409,31.5345866250783,0.0439231742277876,PCR-GLOBWB,python,b1,,,
241,func_metrics_14_PCR-GLOBWB_python,./models/14_PCR-GLOBWB_model/model/landCover.py,LandCover,CLASS,37,11,C,2187.0,3839.0,184775.419046038,326.972727272727,60416522.6984442,3356473.4832469,61.5918063486795,PCR-GLOBWB,python,b2,658.0,0.16164615169139848,4070.619641203704
242,func_metrics_14_PCR-GLOBWB_python,./models/14_PCR-GLOBWB_model/model/landCover.py,LandCover.__init__,METHOD,39,50,F,179.0,276.0,12019.0,78.7009345794393,945906.53271028,52550.3629283489,4.00633333333333,PCR-GLOBWB,python,b3,42.0,0.010317839469663734,4070.619641203704
243,func_metrics_14_PCR-GLOBWB_python,./models/14_PCR-GLOBWB_model/model/landCover.py,LandCover.updateIrrigationWaterEfficiency,METHOD,317,11,C,42.0,65.0,3184.69682499033,53.4130434782609,170104.349978288,9450.24166546044,1.06156560833011,PCR-GLOBWB,python,b2,6.0,0.0025068735072007113,2393.419525462963
244,func_metrics_14_PCR-GLOBWB_python,./models/14_PCR-GLOBWB_model/model/landCover.py,LandCover.get_land_cover_parameters,METHOD,384,31,E,115.0,199.0,6530.48536644231,99.8114754098361,651817.379566951,36212.0766426084,2.17682845548077,PCR-GLOBWB,python,b3,96.0,0.024547927862511643,3910.7170486111113
245,func_metrics_14_PCR-GLOBWB_python,./models/14_PCR-GLOBWB_model/model/landCover.py,LandCover.estimate_paddy_infiltration_loss,METHOD,585,9,B,20.0,31.0,1002.35415506772,32.0,32075.3329621672,1781.96294234262,0.334118051689242,PCR-GLOBWB,python,b1,7.0,0.0017899530733081408,3910.7170486111113
246,func_metrics_14_PCR-GLOBWB_python,./models/14_PCR-GLOBWB_model/model/landCover.py,LandCover.scaleRootFractionsFromTwoLayerSoilParameters,METHOD,617,5,A,24.0,37.0,1628.6958094039,40.0961538461539,65304.4377424447,3628.02431902471,0.542898603134633,PCR-GLOBWB,python,b1,4.0,0.0009826513780632126,4070.619641203704
247,func_metrics_14_PCR-GLOBWB_python,./models/14_PCR-GLOBWB_model/model/landCover.py,LandCover.scaleRootFractionsOLD,METHOD,656,3,A,18.0,26.0,1159.21796182956,35.6666666666667,41345.4406385877,2296.96892436599,0.386405987276521,PCR-GLOBWB,python,b1,6.0,0.001473977067094819,4070.619641203704
248,func_metrics_14_PCR-GLOBWB_python,./models/14_PCR-GLOBWB_model/model/landCover.py,LandCover.scaleRootFractionsAlternativeOLD,METHOD,683,3,A,13.0,23.0,1180.0,37.2894736842105,44001.5789473684,2444.53216374269,0.393333333333333,PCR-GLOBWB,python,b1,3.0,0.0007934950330287562,3780.7420023148147
249,func_metrics_14_PCR-GLOBWB_python,./models/14_PCR-GLOBWB_model/model/landCover.py,LandCover.calculateParametersAtHalfTranspiration,METHOD,707,5,A,59.0,138.0,3736.33991298245,68.8636363636364,257297.953098564,14294.330727698,1.24544663766082,PCR-GLOBWB,python,b1,7.0,0.0017196399116106223,4070.619641203704
250,func_metrics_14_PCR-GLOBWB_python,./models/14_PCR-GLOBWB_model/model/landCover.py,LandCover.calculateTotAvlWaterCapacityInRootZone,METHOD,846,3,A,34.0,43.0,2092.06137655778,24.9,52092.3282762887,2894.0182375716,0.697353792185927,PCR-GLOBWB,python,b1,2.0,0.0004913256890316063,4070.619641203704
251,func_metrics_14_PCR-GLOBWB_python,./models/14_PCR-GLOBWB_model/model/landCover.py,LandCover.getICsLC,METHOD,891,7,B,34.0,40.0,1521.89897889864,40.4347826086957,61537.6543641624,3418.7585757868,0.50729965963288,PCR-GLOBWB,python,b1,1.0,0.00024566284451580316,4070.619641203704
252,func_metrics_14_PCR-GLOBWB_python,./models/14_PCR-GLOBWB_model/model/landCover.py,LandCover.updateLC,METHOD,932,27,D,130.0,169.0,7603.81544793834,60.2307692307692,457983.653518133,25443.5363065629,2.53460514931278,PCR-GLOBWB,python,b3,26.0,0.006387233957410882,4070.619641203704
253,func_metrics_14_PCR-GLOBWB_python,./models/14_PCR-GLOBWB_model/model/landCover.py,LandCover.getPotET,METHOD,1103,3,A,25.0,32.0,1137.85376294774,20.34375,23148.2124899682,1286.01180499823,0.379284587649248,PCR-GLOBWB,python,b1,25.0,0.00614157111289508,4070.619641203704
254,func_metrics_14_PCR-GLOBWB_python,./models/14_PCR-GLOBWB_model/model/landCover.py,LandCover.interceptionUpdate,METHOD,1136,11,C,78.0,121.0,3750.6340164618,59.3877551020408,222741.734447017,12374.540802612,1.2502113388206,PCR-GLOBWB,python,b2,21.0,0.005158919734831867,4070.619641203704
255,func_metrics_14_PCR-GLOBWB_python,./models/14_PCR-GLOBWB_model/model/landCover.py,LandCover.interceptionUpdateOriginalVersion,METHOD,1258,1,A,2.0,102.0,36.541209043761,3.0,109.623627131283,6.0902015072935,0.012180403014587,PCR-GLOBWB,python,b1,19.0,0.00466759404580026,4070.619641203704
256,func_metrics_14_PCR-GLOBWB_python,./models/14_PCR-GLOBWB_model/model/landCover.py,LandCover.snowMeltHBVSimple,METHOD,1361,3,A,49.0,78.0,2223.59073405283,41.3714285714286,91993.1252259569,5110.72917921983,0.741196911350942,PCR-GLOBWB,python,b1,27.0,0.006632896801926686,4070.619641203704
257,func_metrics_14_PCR-GLOBWB_python,./models/14_PCR-GLOBWB_model/model/landCover.py,LandCover.getSoilStates,METHOD,1440,3,A,92.0,153.0,7999.49742047564,42.1521739130435,337196.206484832,18733.1225824907,2.66649914015855,PCR-GLOBWB,python,b1,11.0,0.0027022912896738347,4070.619641203704
258,func_metrics_14_PCR-GLOBWB_python,./models/14_PCR-GLOBWB_model/model/landCover.py,LandCover.calculateWaterDemand,METHOD,1594,44,F,411.0,797.0,28807.4210730665,110.045212765957,3170118.78122413,176117.710068007,9.60247369102217,PCR-GLOBWB,python,b3,395.0,0.09703682358374226,4070.619641203704
259,func_metrics_14_PCR-GLOBWB_python,./models/14_PCR-GLOBWB_model/model/landCover.py,LandCover.calculateDirectRunoff,METHOD,2398,3,A,8.0,14.0,437.218289561481,11.3157894736842,4947.47011872203,274.859451040113,0.145739429853827,PCR-GLOBWB,python,b1,14.0,0.0034392798232212446,4070.619641203704
260,func_metrics_14_PCR-GLOBWB_python,./models/14_PCR-GLOBWB_model/model/landCover.py,LandCover.improvedArnoScheme,METHOD,2413,7,B,46.0,88.0,2961.75101024938,56.6052631578948,167650.695343327,9313.9275190737,0.987250336749793,PCR-GLOBWB,python,b1,13.0,0.003193616978705441,4070.619641203704
261,func_metrics_14_PCR-GLOBWB_python,./models/14_PCR-GLOBWB_model/model/landCover.py,LandCover.calculateOpenWaterEvap,METHOD,2502,3,A,15.0,29.0,875.043608695058,28.7,25113.7515695482,1395.20842053045,0.291681202898353,PCR-GLOBWB,python,b1,15.0,0.0036849426677370476,4070.619641203704
262,func_metrics_14_PCR-GLOBWB_python,./models/14_PCR-GLOBWB_model/model/landCover.py,LandCover.calculateInfiltration,METHOD,2532,6,B,15.0,26.0,856.59026382981,29.25,25055.2652170219,1391.95917872344,0.28553008794327,PCR-GLOBWB,python,b1,16.0,0.003930605512252851,4070.619641203704
263,func_metrics_14_PCR-GLOBWB_python,./models/14_PCR-GLOBWB_model/model/landCover.py,LandCover.estimateTranspirationAndBareSoilEvap,METHOD,2559,22,D,94.0,145.0,5310.41959970539,60.5819672131148,321715.666077234,17873.0925598463,1.77013986656846,PCR-GLOBWB,python,b3,16.0,0.003930605512252851,4070.619641203704
264,func_metrics_14_PCR-GLOBWB_python,./models/14_PCR-GLOBWB_model/model/landCover.py,LandCover.estimateSoilFluxes,METHOD,2705,3,A,73.0,113.0,4611.41929636561,37.9166666666667,174849.64832053,9713.86935114053,1.5371397654552,PCR-GLOBWB,python,b1,9.0,0.0022109656006422287,4070.619641203704
265,func_metrics_14_PCR-GLOBWB_python,./models/14_PCR-GLOBWB_model/model/landCover.py,LandCover.scaleAllFluxes,METHOD,2820,3,A,61.0,120.0,3465.39187501074,53.8461538461539,186598.02403904,10366.5568910578,1.15513062500358,PCR-GLOBWB,python,b1,11.0,0.0027022912896738347,4070.619641203704
266,func_metrics_14_PCR-GLOBWB_python,./models/14_PCR-GLOBWB_model/model/landCover.py,LandCover.scaleAllFluxesForIrrigatedAreas,METHOD,2942,5,A,15.0,131.0,854.693757330057,23.8333333333333,20370.2012163664,1131.67784535369,0.284897919110019,PCR-GLOBWB,python,b1,41.0,0.010489269929016951,3908.75630787037
267,func_metrics_14_PCR-GLOBWB_python,./models/14_PCR-GLOBWB_model/model/landCover.py,LandCover.scaleAllFluxesOptimizeEvaporationTranspiration,METHOD,3076,3,A,93.0,146.0,5109.61165240831,76.7857142857143,392345.180452781,21796.954469599,1.7032038841361,PCR-GLOBWB,python,b1,4.0,0.0010374763225148367,3855.5096759259263
268,func_metrics_14_PCR-GLOBWB_python,./models/14_PCR-GLOBWB_model/model/landCover.py,LandCover.scaleAllFluxesOptimizeEvaporationVersion27April2014,METHOD,3223,7,B,116.0,177.0,6709.27747248788,80.4411764705882,539702.17315454,29983.4540641411,2.23642582416263,PCR-GLOBWB,python,b1,23.0,0.005884224594326582,3908.75630787037
269,func_metrics_14_PCR-GLOBWB_python,./models/14_PCR-GLOBWB_model/model/landCover.py,LandCover.updateSoilStates,METHOD,3401,4,A,148.0,260.0,6699.30633752085,69.375,464764.377165509,25820.2431758616,2.23310211250695,PCR-GLOBWB,python,b1,9.0,0.0022109656006422287,4070.619641203704
270,func_metrics_14_PCR-GLOBWB_python,./models/14_PCR-GLOBWB_model/model/landCover.py,LandCover.upperSoilUpdate,METHOD,3662,12,C,177.0,214.0,5902.56973866022,36.9090909090909,217858.483081459,12103.2490600811,1.96752324622007,PCR-GLOBWB,python,b2,30.0,0.007369885335474095,4070.619641203704
271,func_metrics_14_PCR-GLOBWB_python,./models/14_PCR-GLOBWB_model/model/landCover.py, LandCover  (aggregate) ,CLASS_AGG,39,297,F,,,,,,,,PCR-GLOBWB,python,b4,,,
272,func_metrics_14_PCR-GLOBWB_python,./models/14_PCR-GLOBWB_model/model/landCover.py, landCover.py  (module  aggregate) ,MODULE_AGG,1,297,F,,,,,,,,PCR-GLOBWB,python,b4,,,
273,func_metrics_14_PCR-GLOBWB_python,./models/14_PCR-GLOBWB_model/model/landSurface.py,<module>,FUNCTION,1,1,A,8.0,,142.701811796394,4.28571428571429,611.579193413115,33.9766218562842,0.0475672705987978,PCR-GLOBWB,python,b1,,,
274,func_metrics_14_PCR-GLOBWB_python,./models/14_PCR-GLOBWB_model/model/landSurface.py,LandSurface,CLASS,37,18,C,1018.0,1554.0,85321.055670647,303.632867132867,25906276.7600815,1439237.59778231,28.4403518902157,PCR-GLOBWB,python,b2,158.0,0.038814729433496904,4070.619641203704
275,func_metrics_14_PCR-GLOBWB_python,./models/14_PCR-GLOBWB_model/model/landSurface.py,LandSurface.getState,METHOD,39,5,A,39.0,42.0,1495.7140753276,49.3421052631579,73801.6813484013,4100.09340824452,0.498571358442533,PCR-GLOBWB,python,b1,1.0,0.00024566284451580316,4070.619641203704
276,func_metrics_14_PCR-GLOBWB_python,./models/14_PCR-GLOBWB_model/model/landSurface.py,LandSurface.getPseudoState,METHOD,82,3,A,18.0,21.0,624.956139867489,26.8666666666667,16790.4882911065,932.804905061474,0.208318713289163,PCR-GLOBWB,python,b1,1.0,0.00024566284451580316,4070.619641203704
277,func_metrics_14_PCR-GLOBWB_python,./models/14_PCR-GLOBWB_model/model/landSurface.py,LandSurface.__init__,METHOD,104,36,E,187.0,283.0,8941.97802133566,97.2467532467532,869578.33017872,48309.9072321511,2.98065934044522,PCR-GLOBWB,python,b3,48.0,0.011791816536758553,4070.619641203704
278,func_metrics_14_PCR-GLOBWB_python,./models/14_PCR-GLOBWB_model/model/landSurface.py,LandSurface.initiate_old_style_land_surface_reporting,METHOD,389,17,C,56.0,80.0,2782.43579015384,78.88,219478.535127335,12193.2519515186,0.927478596717947,PCR-GLOBWB,python,b2,3.0,0.0007369885335474095,4070.619641203704
279,func_metrics_14_PCR-GLOBWB_python,./models/14_PCR-GLOBWB_model/model/landSurface.py,LandSurface.getInitialConditions,METHOD,470,33,E,62.0,122.0,4092.0,81.1904761904762,332231.428571429,18457.3015873016,1.364,PCR-GLOBWB,python,b3,30.0,0.007369885335474095,4070.619641203704
280,func_metrics_14_PCR-GLOBWB_python,./models/14_PCR-GLOBWB_model/model/landSurface.py,LandSurface.waterDemandOptions,METHOD,593,18,C,92.0,132.0,6133.57866797632,82.0086206896552,503006.326452231,27944.7959140128,2.04452622265877,PCR-GLOBWB,python,b2,20.0,0.0049132568903160635,4070.619641203704
281,func_metrics_14_PCR-GLOBWB_python,./models/14_PCR-GLOBWB_model/model/landSurface.py,LandSurface.scaleNaturalLandCoverFractions,METHOD,727,19,C,57.0,79.0,3245.66299846045,77.2307692307692,250665.050034946,13925.8361130526,1.08188766615348,PCR-GLOBWB,python,b2,6.0,0.001473977067094819,4070.619641203704
282,func_metrics_14_PCR-GLOBWB_python,./models/14_PCR-GLOBWB_model/model/landSurface.py,LandSurface.scaleModifiedLandCoverFractions,METHOD,807,11,C,34.0,46.0,1854.88308682468,48.7096774193548,90350.7568098473,5019.48648943596,0.618294362274893,PCR-GLOBWB,python,b2,4.0,0.0009826513780632126,4070.619641203704
283,func_metrics_14_PCR-GLOBWB_python,./models/14_PCR-GLOBWB_model/model/landSurface.py,LandSurface.obtainNonIrrWaterDemand,METHOD,854,15,C,105.0,134.0,8028.20245286738,122.163461538462,980753.001573847,54486.2778652137,2.67606748428913,PCR-GLOBWB,python,b2,9.0,0.0022109656006422287,4070.619641203704
284,func_metrics_14_PCR-GLOBWB_python,./models/14_PCR-GLOBWB_model/model/landSurface.py,LandSurface.calculateCapRiseFrac,METHOD,989,11,C,60.0,92.0,7673.54570355584,95.0546875,729406.488868468,40522.5827149149,2.55784856785195,PCR-GLOBWB,python,b2,33.0,0.008106873869021505,4070.619641203704
285,func_metrics_14_PCR-GLOBWB_python,./models/14_PCR-GLOBWB_model/model/landSurface.py,LandSurface.partitioningGroundSurfaceAbstraction,METHOD,1082,5,A,44.0,77.0,2098.63357600945,38.25,80272.7342823615,4459.59634902009,0.699544525336484,PCR-GLOBWB,python,b1,18.0,0.0044219312012844575,4070.619641203704
286,func_metrics_14_PCR-GLOBWB_python,./models/14_PCR-GLOBWB_model/model/landSurface.py,LandSurface.partitioningGroundSurfaceAbstractionForIrrigation,METHOD,1160,1,A,13.0,18.0,442.2766528293,16.125,7131.71102687246,396.206168159581,0.1474255509431,PCR-GLOBWB,python,b1,6.0,0.0015357303166557712,3906.935960648148
287,func_metrics_14_PCR-GLOBWB_python,./models/14_PCR-GLOBWB_model/model/landSurface.py,LandSurface.scaleDynamicIrrigation,METHOD,1179,4,A,24.0,52.0,1423.77876083485,26.7428571428571,38075.9120040404,2115.32844466891,0.474592920278282,PCR-GLOBWB,python,b1,9.0,0.0022109656006422287,4070.619641203704
288,func_metrics_14_PCR-GLOBWB_python,./models/14_PCR-GLOBWB_model/model/landSurface.py,LandSurface.update,METHOD,1232,50,F,142.0,231.0,10135.1625452155,75.1401869158879,761558.008070396,42308.7782261331,3.37838751507182,PCR-GLOBWB,python,b3,41.0,0.01007217662514793,4070.619641203704
289,func_metrics_14_PCR-GLOBWB_python,./models/14_PCR-GLOBWB_model/model/landSurface.py,LandSurface.old_style_land_surface_reporting,METHOD,1464,32,E,84.0,127.0,4610.2310431654,91.8421052631579,423413.324753875,23522.9624863264,1.53674368105513,PCR-GLOBWB,python,b3,3.0,0.0007369885335474095,4070.619641203704
290,func_metrics_14_PCR-GLOBWB_python,./models/14_PCR-GLOBWB_model/model/landSurface.py, LandSurface  (aggregate) ,CLASS_AGG,39,260,F,,,,,,,,PCR-GLOBWB,python,b4,,,
291,func_metrics_14_PCR-GLOBWB_python,./models/14_PCR-GLOBWB_model/model/landSurface.py, landSurface.py  (module  aggregate) ,MODULE_AGG,1,260,F,,,,,,,,PCR-GLOBWB,python,b4,,,
292,func_metrics_14_PCR-GLOBWB_python,./models/14_PCR-GLOBWB_model/model/merge_netcdf.py,<module>,FUNCTION,1,25,D,54.0,,3085.51908477191,46.9827586206897,144966.19837937,8053.67768774278,1.02850636159064,PCR-GLOBWB,python,b3,,,
293,func_metrics_14_PCR-GLOBWB_python,./models/14_PCR-GLOBWB_model/model/merge_netcdf.py,calculate_monthdelta,FUNCTION,43,3,A,11.0,11.0,440.923471624432,23.0714285714286,10172.7343810494,565.1519100583,0.146974490541477,PCR-GLOBWB,python,b1,1.0,0.00041781225120011853,2393.419525462963
294,func_metrics_14_PCR-GLOBWB_python,./models/14_PCR-GLOBWB_model/model/merge_netcdf.py,getMax,FUNCTION,55,2,A,6.0,6.0,141.777450049039,10.2142857142857,1448.15538264375,80.4530768135418,0.0472591500163462,PCR-GLOBWB,python,b1,2.0,0.0008356245024002371,2393.419525462963
295,func_metrics_14_PCR-GLOBWB_python,./models/14_PCR-GLOBWB_model/model/merge_netcdf.py,getMin,FUNCTION,62,2,A,6.0,6.0,141.777450049039,10.2142857142857,1448.15538264375,80.4530768135418,0.0472591500163462,PCR-GLOBWB,python,b1,2.0,0.0008356245024002371,2393.419525462963
296,func_metrics_14_PCR-GLOBWB_python,./models/14_PCR-GLOBWB_model/model/merge_netcdf.py,netcdfList,FUNCTION,69,2,A,9.0,9.0,314.929461115453,14.5,4566.47718617407,253.693177009671,0.104976487038484,PCR-GLOBWB,python,b1,3.0,0.0012534367536003556,2393.419525462963
297,func_metrics_14_PCR-GLOBWB_python,./models/14_PCR-GLOBWB_model/model/merge_netcdf.py,ncFileNameDict,FUNCTION,79,2,A,7.0,7.0,299.32032633212,15.4285714285714,4618.08503483842,256.560279713245,0.0997734421107066,PCR-GLOBWB,python,b1,2.0,0.0008356245024002371,2393.419525462963
298,func_metrics_14_PCR-GLOBWB_python,./models/14_PCR-GLOBWB_model/model/merge_netcdf.py,mergeNetCDF,FUNCTION,87,43,F,194.0,301.0,15073.0763102481,79.59375,1199722.66756881,66651.2593093785,5.02435877008272,PCR-GLOBWB,python,b3,6.0,0.0025068735072007113,2393.419525462963
299,func_metrics_14_PCR-GLOBWB_python,./models/14_PCR-GLOBWB_model/model/merge_netcdf.py, merge_netcdf.py  (module  aggregate) ,MODULE_AGG,1,54,F,,,,,,,,PCR-GLOBWB,python,b4,,,
300,func_metrics_14_PCR-GLOBWB_python,./models/14_PCR-GLOBWB_model/model/merge_netcdf_6_arcmin_ulysses.py,<module>,FUNCTION,1,24,D,57.0,,3145.02017200715,44.4,139638.895637118,7757.71642428431,1.04834005733572,PCR-GLOBWB,python,b3,,,
301,func_metrics_14_PCR-GLOBWB_python,./models/14_PCR-GLOBWB_model/model/merge_netcdf_6_arcmin_ulysses.py,calculate_monthdelta,FUNCTION,43,3,A,11.0,11.0,440.923471624432,23.0714285714286,10172.7343810494,565.1519100583,0.146974490541477,PCR-GLOBWB,python,b1,1.0,0.0005175680259604454,1932.1131712962963
302,func_metrics_14_PCR-GLOBWB_python,./models/14_PCR-GLOBWB_model/model/merge_netcdf_6_arcmin_ulysses.py,getMax,FUNCTION,55,2,A,6.0,6.0,141.777450049039,10.2142857142857,1448.15538264375,80.4530768135418,0.0472591500163462,PCR-GLOBWB,python,b1,1.0,0.0005175680259604454,1932.1131712962963
303,func_metrics_14_PCR-GLOBWB_python,./models/14_PCR-GLOBWB_model/model/merge_netcdf_6_arcmin_ulysses.py,getMin,FUNCTION,62,2,A,6.0,6.0,141.777450049039,10.2142857142857,1448.15538264375,80.4530768135418,0.0472591500163462,PCR-GLOBWB,python,b1,1.0,0.0005175680259604454,1932.1131712962963
304,func_metrics_14_PCR-GLOBWB_python,./models/14_PCR-GLOBWB_model/model/merge_netcdf_6_arcmin_ulysses.py,netcdfList,FUNCTION,69,2,A,9.0,9.0,314.929461115453,14.5,4566.47718617407,253.693177009671,0.104976487038484,PCR-GLOBWB,python,b1,1.0,0.0005175680259604454,1932.1131712962963
305,func_metrics_14_PCR-GLOBWB_python,./models/14_PCR-GLOBWB_model/model/merge_netcdf_6_arcmin_ulysses.py,ncFileNameDict,FUNCTION,79,2,A,7.0,7.0,299.32032633212,15.4285714285714,4618.08503483842,256.560279713245,0.0997734421107066,PCR-GLOBWB,python,b1,1.0,0.0005175680259604454,1932.1131712962963
306,func_metrics_14_PCR-GLOBWB_python,./models/14_PCR-GLOBWB_model/model/merge_netcdf_6_arcmin_ulysses.py,mergeNetCDF,FUNCTION,87,43,F,200.0,314.0,15429.1332309627,81.84375,1262778.1228716,70154.3401595334,5.14304441032089,PCR-GLOBWB,python,b3,9.0,0.0046581122336440085,1932.1131712962963
307,func_metrics_14_PCR-GLOBWB_python,./models/14_PCR-GLOBWB_model/model/merge_netcdf_6_arcmin_ulysses.py, merge_netcdf_6_arcmin_ulysses.py  (module  aggregate) ,MODULE_AGG,1,54,F,,,,,,,,PCR-GLOBWB,python,b4,,,
308,func_metrics_14_PCR-GLOBWB_python,./models/14_PCR-GLOBWB_model/model/merge_netcdf_europe.py,<module>,FUNCTION,1,26,D,65.0,,3525.16501487574,52.5,185071.163280976,10281.7312933876,1.17505500495858,PCR-GLOBWB,python,b3,,,
309,func_metrics_14_PCR-GLOBWB_python,./models/14_PCR-GLOBWB_model/model/merge_netcdf_europe.py,calculate_monthdelta,FUNCTION,43,3,A,11.0,11.0,440.923471624432,23.0714285714286,10172.7343810494,565.1519100583,0.146974490541477,PCR-GLOBWB,python,b1,1.0,0.0005971896792822549,1674.5098495370369
310,func_metrics_14_PCR-GLOBWB_python,./models/14_PCR-GLOBWB_model/model/merge_netcdf_europe.py,getMax,FUNCTION,55,2,A,6.0,6.0,141.777450049039,10.2142857142857,1448.15538264375,80.4530768135418,0.0472591500163462,PCR-GLOBWB,python,b1,1.0,0.0005971896792822549,1674.5098495370369
311,func_metrics_14_PCR-GLOBWB_python,./models/14_PCR-GLOBWB_model/model/merge_netcdf_europe.py,getMin,FUNCTION,62,2,A,6.0,6.0,141.777450049039,10.2142857142857,1448.15538264375,80.4530768135418,0.0472591500163462,PCR-GLOBWB,python,b1,1.0,0.0005971896792822549,1674.5098495370369
312,func_metrics_14_PCR-GLOBWB_python,./models/14_PCR-GLOBWB_model/model/merge_netcdf_europe.py,netcdfList,FUNCTION,69,2,A,9.0,9.0,314.929461115453,14.5,4566.47718617407,253.693177009671,0.104976487038484,PCR-GLOBWB,python,b1,1.0,0.0005971896792822549,1674.5098495370369
313,func_metrics_14_PCR-GLOBWB_python,./models/14_PCR-GLOBWB_model/model/merge_netcdf_europe.py,ncFileNameDict,FUNCTION,79,2,A,7.0,7.0,299.32032633212,15.4285714285714,4618.08503483842,256.560279713245,0.0997734421107066,PCR-GLOBWB,python,b1,1.0,0.0005971896792822549,1674.5098495370369
314,func_metrics_14_PCR-GLOBWB_python,./models/14_PCR-GLOBWB_model/model/merge_netcdf_europe.py,mergeNetCDF,FUNCTION,87,43,F,197.0,347.0,15384.6261158734,81.28125,1250481.64148083,69471.2023044906,5.12820870529112,PCR-GLOBWB,python,b3,19.0,0.011346603906362844,1674.5098495370369
315,func_metrics_14_PCR-GLOBWB_python,./models/14_PCR-GLOBWB_model/model/merge_netcdf_europe.py, merge_netcdf_europe.py  (module  aggregate) ,MODULE_AGG,1,54,F,,,,,,,,PCR-GLOBWB,python,b4,,,
316,func_metrics_14_PCR-GLOBWB_python,./models/14_PCR-GLOBWB_model/model/merge_netcdf_general.py,<module>,FUNCTION,1,24,D,65.0,,4054.35606084379,47.3529411764706,191985.684057603,10665.8713365335,1.35145202028126,PCR-GLOBWB,python,b3,,,
317,func_metrics_14_PCR-GLOBWB_python,./models/14_PCR-GLOBWB_model/model/merge_netcdf_general.py,calculate_monthdelta,FUNCTION,43,3,A,11.0,11.0,440.923471624432,23.0714285714286,10172.7343810494,565.1519100583,0.146974490541477,PCR-GLOBWB,python,b1,1.0,0.0006104101940254506,1638.2426273148149
318,func_metrics_14_PCR-GLOBWB_python,./models/14_PCR-GLOBWB_model/model/merge_netcdf_general.py,getMax,FUNCTION,55,2,A,6.0,6.0,141.777450049039,10.2142857142857,1448.15538264375,80.4530768135418,0.0472591500163462,PCR-GLOBWB,python,b1,1.0,0.0006104101940254506,1638.2426273148149
319,func_metrics_14_PCR-GLOBWB_python,./models/14_PCR-GLOBWB_model/model/merge_netcdf_general.py,getMin,FUNCTION,62,2,A,6.0,6.0,141.777450049039,10.2142857142857,1448.15538264375,80.4530768135418,0.0472591500163462,PCR-GLOBWB,python,b1,1.0,0.0006104101940254506,1638.2426273148149
320,func_metrics_14_PCR-GLOBWB_python,./models/14_PCR-GLOBWB_model/model/merge_netcdf_general.py,netcdfList,FUNCTION,69,2,A,9.0,9.0,314.929461115453,14.5,4566.47718617407,253.693177009671,0.104976487038484,PCR-GLOBWB,python,b1,1.0,0.0006104101940254506,1638.2426273148149
321,func_metrics_14_PCR-GLOBWB_python,./models/14_PCR-GLOBWB_model/model/merge_netcdf_general.py,ncFileNameDict,FUNCTION,79,2,A,7.0,7.0,299.32032633212,15.4285714285714,4618.08503483842,256.560279713245,0.0997734421107066,PCR-GLOBWB,python,b1,1.0,0.0006104101940254506,1638.2426273148149
322,func_metrics_14_PCR-GLOBWB_python,./models/14_PCR-GLOBWB_model/model/merge_netcdf_general.py,mergeNetCDF,FUNCTION,87,43,F,197.0,347.0,15384.6261158734,81.28125,1250481.64148083,69471.2023044906,5.12820870529112,PCR-GLOBWB,python,b3,1.0,0.0006104101940254506,1638.2426273148149
323,func_metrics_14_PCR-GLOBWB_python,./models/14_PCR-GLOBWB_model/model/merge_netcdf_general.py, merge_netcdf_general.py  (module  aggregate) ,MODULE_AGG,1,54,F,,,,,,,,PCR-GLOBWB,python,b4,,,
324,func_metrics_14_PCR-GLOBWB_python,./models/14_PCR-GLOBWB_model/model/merge_pcraster_maps.py,<module>,FUNCTION,1,23,D,92.0,,4872.87225053366,54.3333333333333,264759.392278995,14708.8551266108,1.62429075017789,PCR-GLOBWB,python,b3,,,
325,func_metrics_14_PCR-GLOBWB_python,./models/14_PCR-GLOBWB_model/model/merge_pcraster_maps.py,getMax,FUNCTION,41,3,A,8.0,8.0,231.89044416914,10.5,2434.84966377596,135.269425765331,0.0772968147230465,PCR-GLOBWB,python,b1,3.0,0.0012534367536003556,2393.419525462963
326,func_metrics_14_PCR-GLOBWB_python,./models/14_PCR-GLOBWB_model/model/merge_pcraster_maps.py,getMin,FUNCTION,50,3,A,8.0,8.0,231.89044416914,10.5,2434.84966377596,135.269425765331,0.0772968147230465,PCR-GLOBWB,python,b1,3.0,0.0012534367536003556,2393.419525462963
327,func_metrics_14_PCR-GLOBWB_python,./models/14_PCR-GLOBWB_model/model/merge_pcraster_maps.py,getFileList,FUNCTION,59,2,A,7.0,7.0,259.597165791111,13.2692307692308,3444.65469992051,191.369705551139,0.0865323885970369,PCR-GLOBWB,python,b1,3.0,0.0012534367536003556,2393.419525462963
328,func_metrics_14_PCR-GLOBWB_python,./models/14_PCR-GLOBWB_model/model/merge_pcraster_maps.py,getMapAttributesALL,FUNCTION,67,3,A,12.0,12.0,745.069933284231,19.5869565217391,14593.6523888933,810.758466049628,0.248356644428077,PCR-GLOBWB,python,b1,3.0,0.0012534367536003556,2393.419525462963
329,func_metrics_14_PCR-GLOBWB_python,./models/14_PCR-GLOBWB_model/model/merge_pcraster_maps.py,checkResolution,FUNCTION,80,4,A,17.0,17.0,535.053201521783,25.6,13697.3619589576,760.964553275424,0.178351067173928,PCR-GLOBWB,python,b1,4.0,0.0016712490048004741,2393.419525462963
330,func_metrics_14_PCR-GLOBWB_python,./models/14_PCR-GLOBWB_model/model/merge_pcraster_maps.py,getPosition,FUNCTION,98,3,A,9.0,9.0,341.839545416694,20.0769230769231,6863.08625798133,381.282569887851,0.113946515138898,PCR-GLOBWB,python,b1,3.0,0.0012534367536003556,2393.419525462963
331,func_metrics_14_PCR-GLOBWB_python,./models/14_PCR-GLOBWB_model/model/merge_pcraster_maps.py,checkRowPosition,FUNCTION,108,2,A,6.0,6.0,88.8105532353862,11.25,999.118723898095,55.5065957721164,0.0296035177451287,PCR-GLOBWB,python,b1,3.0,0.0012534367536003556,2393.419525462963
332,func_metrics_14_PCR-GLOBWB_python,./models/14_PCR-GLOBWB_model/model/merge_pcraster_maps.py,joinMaps,FUNCTION,115,3,A,63.0,74.0,3362.35896438163,40.0,134494.358575265,7471.90880973695,1.12078632146054,PCR-GLOBWB,python,b1,4.0,0.0016712490048004741,2393.419525462963
333,func_metrics_14_PCR-GLOBWB_python,./models/14_PCR-GLOBWB_model/model/merge_pcraster_maps.py, merge_pcraster_maps.py  (module  aggregate) ,MODULE_AGG,1,23,D,,,,,,,,PCR-GLOBWB,python,b3,,,
334,func_metrics_14_PCR-GLOBWB_python,./models/14_PCR-GLOBWB_model/model/merge_pcraster_maps_6_arcmin_ulysses.py,<module>,FUNCTION,1,25,D,115.0,,5502.98993387179,57.8525641025641,318362.077905083,17686.7821058379,1.83432997795726,PCR-GLOBWB,python,b3,,,
335,func_metrics_14_PCR-GLOBWB_python,./models/14_PCR-GLOBWB_model/model/merge_pcraster_maps_6_arcmin_ulysses.py,getMax,FUNCTION,41,3,A,8.0,8.0,231.89044416914,10.5,2434.84966377596,135.269425765331,0.0772968147230465,PCR-GLOBWB,python,b1,1.0,0.0005173063863646802,1933.0903819444445
336,func_metrics_14_PCR-GLOBWB_python,./models/14_PCR-GLOBWB_model/model/merge_pcraster_maps_6_arcmin_ulysses.py,getMin,FUNCTION,50,3,A,8.0,8.0,231.89044416914,10.5,2434.84966377596,135.269425765331,0.0772968147230465,PCR-GLOBWB,python,b1,1.0,0.0005173063863646802,1933.0903819444445
337,func_metrics_14_PCR-GLOBWB_python,./models/14_PCR-GLOBWB_model/model/merge_pcraster_maps_6_arcmin_ulysses.py,getFileList,FUNCTION,59,2,A,7.0,7.0,259.597165791111,13.2692307692308,3444.65469992051,191.369705551139,0.0865323885970369,PCR-GLOBWB,python,b1,1.0,0.0005173063863646802,1933.0903819444445
338,func_metrics_14_PCR-GLOBWB_python,./models/14_PCR-GLOBWB_model/model/merge_pcraster_maps_6_arcmin_ulysses.py,getMapAttributesALL,FUNCTION,67,3,A,12.0,12.0,745.069933284231,19.5869565217391,14593.6523888933,810.758466049628,0.248356644428077,PCR-GLOBWB,python,b1,1.0,0.0005173063863646802,1933.0903819444445
339,func_metrics_14_PCR-GLOBWB_python,./models/14_PCR-GLOBWB_model/model/merge_pcraster_maps_6_arcmin_ulysses.py,checkResolution,FUNCTION,80,4,A,17.0,17.0,535.053201521783,25.6,13697.3619589576,760.964553275424,0.178351067173928,PCR-GLOBWB,python,b1,1.0,0.0005173063863646802,1933.0903819444445
340,func_metrics_14_PCR-GLOBWB_python,./models/14_PCR-GLOBWB_model/model/merge_pcraster_maps_6_arcmin_ulysses.py,getPosition,FUNCTION,98,3,A,9.0,9.0,341.839545416694,20.0769230769231,6863.08625798133,381.282569887851,0.113946515138898,PCR-GLOBWB,python,b1,1.0,0.0005173063863646802,1933.0903819444445
341,func_metrics_14_PCR-GLOBWB_python,./models/14_PCR-GLOBWB_model/model/merge_pcraster_maps_6_arcmin_ulysses.py,checkRowPosition,FUNCTION,108,2,A,6.0,6.0,88.8105532353862,11.25,999.118723898095,55.5065957721164,0.0296035177451287,PCR-GLOBWB,python,b1,1.0,0.0005173063863646802,1933.0903819444445
342,func_metrics_14_PCR-GLOBWB_python,./models/14_PCR-GLOBWB_model/model/merge_pcraster_maps_6_arcmin_ulysses.py,joinMaps,FUNCTION,115,3,A,63.0,74.0,3362.35896438163,40.0,134494.358575265,7471.90880973695,1.12078632146054,PCR-GLOBWB,python,b1,1.0,0.0005173063863646802,1933.0903819444445
343,func_metrics_14_PCR-GLOBWB_python,./models/14_PCR-GLOBWB_model/model/merge_pcraster_maps_6_arcmin_ulysses.py, merge_pcraster_maps_6_arcmin_ulysses.py  (module  aggregate) ,MODULE_AGG,1,23,D,,,,,,,,PCR-GLOBWB,python,b3,,,
344,func_metrics_14_PCR-GLOBWB_python,./models/14_PCR-GLOBWB_model/model/merge_pcraster_maps_general.py,<module>,FUNCTION,1,19,C,103.0,,5279.94649789518,52.65,277989.183114181,15443.8435063434,1.75998216596506,PCR-GLOBWB,python,b2,,,
345,func_metrics_14_PCR-GLOBWB_python,./models/14_PCR-GLOBWB_model/model/merge_pcraster_maps_general.py,getMax,FUNCTION,41,3,A,8.0,8.0,231.89044416914,10.5,2434.84966377596,135.269425765331,0.0772968147230465,PCR-GLOBWB,python,b1,1.0,0.0006104101940254506,1638.2426273148149
346,func_metrics_14_PCR-GLOBWB_python,./models/14_PCR-GLOBWB_model/model/merge_pcraster_maps_general.py,getMin,FUNCTION,50,3,A,8.0,8.0,231.89044416914,10.5,2434.84966377596,135.269425765331,0.0772968147230465,PCR-GLOBWB,python,b1,1.0,0.0006104101940254506,1638.2426273148149
347,func_metrics_14_PCR-GLOBWB_python,./models/14_PCR-GLOBWB_model/model/merge_pcraster_maps_general.py,getFileList,FUNCTION,59,2,A,7.0,7.0,259.597165791111,13.2692307692308,3444.65469992051,191.369705551139,0.0865323885970369,PCR-GLOBWB,python,b1,1.0,0.0006104101940254506,1638.2426273148149
348,func_metrics_14_PCR-GLOBWB_python,./models/14_PCR-GLOBWB_model/model/merge_pcraster_maps_general.py,getMapAttributesALL,FUNCTION,67,3,A,12.0,12.0,745.069933284231,19.5869565217391,14593.6523888933,810.758466049628,0.248356644428077,PCR-GLOBWB,python,b1,1.0,0.0006104101940254506,1638.2426273148149
349,func_metrics_14_PCR-GLOBWB_python,./models/14_PCR-GLOBWB_model/model/merge_pcraster_maps_general.py,checkResolution,FUNCTION,80,4,A,17.0,17.0,535.053201521783,25.6,13697.3619589576,760.964553275424,0.178351067173928,PCR-GLOBWB,python,b1,1.0,0.0006104101940254506,1638.2426273148149
350,func_metrics_14_PCR-GLOBWB_python,./models/14_PCR-GLOBWB_model/model/merge_pcraster_maps_general.py,getPosition,FUNCTION,98,3,A,9.0,9.0,341.839545416694,20.0769230769231,6863.08625798133,381.282569887851,0.113946515138898,PCR-GLOBWB,python,b1,1.0,0.0006104101940254506,1638.2426273148149
351,func_metrics_14_PCR-GLOBWB_python,./models/14_PCR-GLOBWB_model/model/merge_pcraster_maps_general.py,checkRowPosition,FUNCTION,108,2,A,6.0,6.0,88.8105532353862,11.25,999.118723898095,55.5065957721164,0.0296035177451287,PCR-GLOBWB,python,b1,1.0,0.0006104101940254506,1638.2426273148149
352,func_metrics_14_PCR-GLOBWB_python,./models/14_PCR-GLOBWB_model/model/merge_pcraster_maps_general.py,joinMaps,FUNCTION,115,3,A,63.0,74.0,3362.35896438163,40.0,134494.358575265,7471.90880973695,1.12078632146054,PCR-GLOBWB,python,b1,1.0,0.0006104101940254506,1638.2426273148149
353,func_metrics_14_PCR-GLOBWB_python,./models/14_PCR-GLOBWB_model/model/merge_pcraster_maps_general.py, merge_pcraster_maps_general.py  (module  aggregate) ,MODULE_AGG,1,23,D,,,,,,,,PCR-GLOBWB,python,b3,,,
354,func_metrics_14_PCR-GLOBWB_python,./models/14_PCR-GLOBWB_model/model/meteo.py,<module>,FUNCTION,1,1,A,12.0,,249.982455946995,4.8,1199.91578854558,66.6619882525321,0.0833274853156651,PCR-GLOBWB,python,b1,,,
355,func_metrics_14_PCR-GLOBWB_python,./models/14_PCR-GLOBWB_model/model/meteo.py,Meteo,CLASS,42,11,C,657.0,1128.0,50380.4662777239,187.85119047619,9464030.567016,525779.475945334,16.7934887592413,PCR-GLOBWB,python,b2,205.0,0.05036088312573965,4070.619641203704
356,func_metrics_14_PCR-GLOBWB_python,./models/14_PCR-GLOBWB_model/model/meteo.py,Meteo.getState,METHOD,44,1,A,6.0,12.0,150.117300051923,12.5714285714286,1887.18891493846,104.843828607692,0.0500391000173077,PCR-GLOBWB,python,b1,1.0,0.0005858659950743723,1706.8749652777778
357,func_metrics_14_PCR-GLOBWB_python,./models/14_PCR-GLOBWB_model/model/meteo.py,Meteo.getPseudoState,METHOD,57,1,A,3.0,4.0,41.5131794236476,5.33333333333333,221.403623592787,12.3002013107104,0.0138377264745492,PCR-GLOBWB,python,b1,1.0,0.0005858659950743723,1706.8749652777778
358,func_metrics_14_PCR-GLOBWB_python,./models/14_PCR-GLOBWB_model/model/meteo.py,Meteo.getICs,METHOD,62,1,A,2.0,3.0,74.0087943628219,5.25,388.546170404815,21.585898355823,0.0246695981209406,PCR-GLOBWB,python,b1,1.0,0.0005858659950743723,1706.8749652777778
359,func_metrics_14_PCR-GLOBWB_python,./models/14_PCR-GLOBWB_model/model/meteo.py,Meteo.initialize_states,METHOD,66,5,A,27.0,40.0,1542.89068895241,34.32,52952.0084448469,2941.77824693594,0.514296896317472,PCR-GLOBWB,python,b1,4.0,0.002343463980297489,1706.8749652777778
360,func_metrics_14_PCR-GLOBWB_python,./models/14_PCR-GLOBWB_model/model/meteo.py,Meteo.__init__,METHOD,110,26,D,120.0,189.0,6523.86661907263,55.0519480519481,359151.566211024,19952.8647895014,2.17462220635754,PCR-GLOBWB,python,b3,32.0,0.007861211024505701,4070.619641203704
361,func_metrics_14_PCR-GLOBWB_python,./models/14_PCR-GLOBWB_model/model/meteo.py,Meteo.read_meteo_conversion_factors,METHOD,301,10,B,16.0,22.0,1925.9893974338,43.16,83125.7023932426,4618.09457740237,0.641996465811265,PCR-GLOBWB,python,b1,5.0,0.0014776699241398465,3383.705601851852
362,func_metrics_14_PCR-GLOBWB_python,./models/14_PCR-GLOBWB_model/model/meteo.py,Meteo.read_meteo_variable_names,METHOD,326,4,A,4.0,5.0,195.986475067789,16.5,3233.77683861851,179.65426881214,0.0653288250225962,PCR-GLOBWB,python,b1,1.0,0.00029553398482796934,3383.705601851852
363,func_metrics_14_PCR-GLOBWB_python,./models/14_PCR-GLOBWB_model/model/meteo.py,Meteo.forcingDownscalingOptions,METHOD,332,12,C,58.0,84.0,2973.84190672436,54.1333333333333,160983.975217345,8943.55417874141,0.991280635574786,PCR-GLOBWB,python,b2,12.0,0.002947954134189638,4070.619641203704
364,func_metrics_14_PCR-GLOBWB_python,./models/14_PCR-GLOBWB_model/model/meteo.py,Meteo.perturb,METHOD,417,2,A,7.0,13.0,286.620878712527,16.2916666666667,4669.53181569158,259.418434205088,0.0955402929041756,PCR-GLOBWB,python,b1,1.0,0.00024566284451580316,4070.619641203704
365,func_metrics_14_PCR-GLOBWB_python,./models/14_PCR-GLOBWB_model/model/meteo.py,Meteo.update,METHOD,432,64,F,234.0,429.0,16195.8450469668,80.96,1311215.61500243,72845.3119445797,5.39861501565561,PCR-GLOBWB,python,b4,83.0,0.020390016094811662,4070.619641203704
366,func_metrics_14_PCR-GLOBWB_python,./models/14_PCR-GLOBWB_model/model/meteo.py,Meteo.downscalePrecipitation,METHOD,863,3,A,28.0,46.0,1402.98473683848,27.5625,38669.7668091106,2148.32037828392,0.46766157894616,PCR-GLOBWB,python,b1,18.0,0.0044219312012844575,4070.619641203704
367,func_metrics_14_PCR-GLOBWB_python,./models/14_PCR-GLOBWB_model/model/meteo.py,Meteo.downscaleTemperature,METHOD,910,3,A,25.0,29.0,1162.24493773185,22.5,26150.5110989666,1452.80617216481,0.387414979243949,PCR-GLOBWB,python,b1,4.0,0.0009826513780632126,4070.619641203704
368,func_metrics_14_PCR-GLOBWB_python,./models/14_PCR-GLOBWB_model/model/meteo.py,Meteo.downscaleTemperatureFunction,METHOD,940,3,A,26.0,31.0,1151.50234442021,22.8571428571429,26320.0535867477,1462.22519926376,0.383834114806738,PCR-GLOBWB,python,b1,2.0,0.0011719464266122502,1706.562650462963
369,func_metrics_14_PCR-GLOBWB_python,./models/14_PCR-GLOBWB_model/model/meteo.py,Meteo.downscaleReferenceETPot,METHOD,973,3,A,15.0,28.0,755.370738016198,18.9583333333333,14320.5702415571,795.58723564206,0.251790246005399,PCR-GLOBWB,python,b1,11.0,0.0027022912896738347,4070.619641203704
370,func_metrics_14_PCR-GLOBWB_python,./models/14_PCR-GLOBWB_model/model/meteo.py,Meteo.read_forcings,METHOD,1003,25,D,85.0,167.0,5400.38580465993,74.4722222222222,402178.731730369,22343.2628739094,1.80012860155331,PCR-GLOBWB,python,b3,83.0,0.020390016094811662,4070.619641203704
371,func_metrics_14_PCR-GLOBWB_python,./models/14_PCR-GLOBWB_model/model/meteo.py, Meteo  (aggregate) ,CLASS_AGG,44,163,F,,,,,,,,PCR-GLOBWB,python,b4,,,
372,func_metrics_14_PCR-GLOBWB_python,./models/14_PCR-GLOBWB_model/model/meteo.py, meteo.py  (module  aggregate) ,MODULE_AGG,1,163,F,,,,,,,,PCR-GLOBWB,python,b4,,,
373,func_metrics_14_PCR-GLOBWB_python,./models/14_PCR-GLOBWB_model/model/ncConverter.py,<module>,FUNCTION,1,1,A,12.0,,146.94555522617,1.5,220.418332839256,12.2454629355142,0.0489818517420568,PCR-GLOBWB,python,b1,,,
374,func_metrics_14_PCR-GLOBWB_python,./models/14_PCR-GLOBWB_model/model/ncConverter.py,PCR2netCDF,CLASS,41,5,A,111.0,177.0,7536.96009079648,65.4823529411765,493537.880769097,27418.7711538387,2.51232003026549,PCR-GLOBWB,python,b1,19.0,0.00466759404580026,4070.619641203704
375,func_metrics_14_PCR-GLOBWB_python,./models/14_PCR-GLOBWB_model/model/ncConverter.py,PCR2netCDF.__init__,METHOD,43,14,C,28.0,44.0,1977.22502202543,33.5526315789474,66341.1027126955,3685.61681737197,0.659075007341811,PCR-GLOBWB,python,b2,11.0,0.0027022912896738347,4070.619641203704
376,func_metrics_14_PCR-GLOBWB_python,./models/14_PCR-GLOBWB_model/model/ncConverter.py,PCR2netCDF.set_general_netcdf_attributes,METHOD,89,3,A,10.0,12.0,446.934251551737,24.0,10726.4220372417,595.912335402316,0.148978083850579,PCR-GLOBWB,python,b1,10.0,0.0024566284451580317,4070.619641203704
377,func_metrics_14_PCR-GLOBWB_python,./models/14_PCR-GLOBWB_model/model/ncConverter.py,PCR2netCDF.createNetCDF,METHOD,102,4,A,33.0,48.0,1663.16248812524,22.1951219512195,36914.0942486334,2050.78301381297,0.554387496041747,PCR-GLOBWB,python,b1,6.0,0.001473977067094819,4070.619641203704
378,func_metrics_14_PCR-GLOBWB_python,./models/14_PCR-GLOBWB_model/model/ncConverter.py,PCR2netCDF.changeAtrribute,METHOD,151,2,A,5.0,8.0,238.4180500375,6.6,1573.5591302475,87.4199516804167,0.0794726833458334,PCR-GLOBWB,python,b1,4.0,0.0009826513780632126,4070.619641203704
379,func_metrics_14_PCR-GLOBWB_python,./models/14_PCR-GLOBWB_model/model/ncConverter.py,PCR2netCDF.addNewVariable,METHOD,160,2,A,11.0,15.0,484.261835458412,8.8125,4267.55742497725,237.086523609847,0.161420611819471,PCR-GLOBWB,python,b1,4.0,0.0009826513780632126,4070.619641203704
380,func_metrics_14_PCR-GLOBWB_python,./models/14_PCR-GLOBWB_model/model/ncConverter.py,PCR2netCDF.data2NetCDF,METHOD,176,3,A,9.0,15.0,529.096135490035,11.0,5820.05749039039,323.33652724391,0.176365378496678,PCR-GLOBWB,python,b1,4.0,0.0009826513780632126,4070.619641203704
381,func_metrics_14_PCR-GLOBWB_python,./models/14_PCR-GLOBWB_model/model/ncConverter.py,PCR2netCDF.dataList2NetCDF,METHOD,192,4,A,11.0,19.0,603.511664046012,13.26,8002.56466525012,444.586925847229,0.201170554682004,PCR-GLOBWB,python,b1,4.0,0.0009826513780632126,4070.619641203704
382,func_metrics_14_PCR-GLOBWB_python,./models/14_PCR-GLOBWB_model/model/ncConverter.py,PCR2netCDF.close,METHOD,212,1,A,3.0,6.0,87.5691632073249,5.0,437.845816036625,24.3247675575903,0.0291897210691083,PCR-GLOBWB,python,b1,3.0,0.0007369885335474095,4070.619641203704
383,func_metrics_14_PCR-GLOBWB_python,./models/14_PCR-GLOBWB_model/model/ncConverter.py, PCR2netCDF  (aggregate) ,CLASS_AGG,43,33,E,,,,,,,,PCR-GLOBWB,python,b3,,,
384,func_metrics_14_PCR-GLOBWB_python,./models/14_PCR-GLOBWB_model/model/ncConverter.py, ncConverter.py  (module  aggregate) ,MODULE_AGG,1,33,E,,,,,,,,PCR-GLOBWB,python,b3,,,
385,func_metrics_14_PCR-GLOBWB_python,./models/14_PCR-GLOBWB_model/model/oldcalc_framework.py,<module>,FUNCTION,1,1,A,12.0,,209.215050095193,4.42105263157895,924.950747789273,51.3861526549596,0.0697383500317309,PCR-GLOBWB,python,b1,,,
386,func_metrics_14_PCR-GLOBWB_python,./models/14_PCR-GLOBWB_model/model/oldcalc_framework.py,PCRGlobWBVersionOne,CLASS,43,6,B,141.0,214.0,7542.3245304045,59.265306122449,446998.172169279,24833.2317871822,2.5141081768015,PCR-GLOBWB,python,b1,36.0,0.00952417965194537,3779.853101851852
387,func_metrics_14_PCR-GLOBWB_python,./models/14_PCR-GLOBWB_model/model/oldcalc_framework.py,PCRGlobWBVersionOne.__init__,METHOD,45,4,A,62.0,94.0,2550.64693048389,31.5384615384615,80443.4801152612,4469.08222862562,0.850215643494631,PCR-GLOBWB,python,b1,16.0,0.004232968734197942,3779.853101851852
388,func_metrics_14_PCR-GLOBWB_python,./models/14_PCR-GLOBWB_model/model/oldcalc_framework.py,PCRGlobWBVersionOne.initial,METHOD,140,3,A,10.0,18.0,578.249323584814,12.72,7355.33139599883,408.629521999935,0.192749774528271,PCR-GLOBWB,python,b1,4.0,0.0010582421835494855,3779.853101851852
389,func_metrics_14_PCR-GLOBWB_python,./models/14_PCR-GLOBWB_model/model/oldcalc_framework.py,PCRGlobWBVersionOne.dynamic,METHOD,159,10,B,54.0,73.0,2632.80822702668,35.2363636363636,92770.5880723217,5153.92155957343,0.877602742342225,PCR-GLOBWB,python,b1,17.0,0.0044975292800853136,3779.853101851852
390,func_metrics_14_PCR-GLOBWB_python,./models/14_PCR-GLOBWB_model/model/oldcalc_framework.py,PCRGlobWBVersionOne.compare_output,METHOD,233,3,A,14.0,24.0,707.196864609587,13.2413793103448,9364.26193138212,520.236773965673,0.235732288203196,PCR-GLOBWB,python,b1,8.0,0.002116512325496667,3779.803171296296
391,func_metrics_14_PCR-GLOBWB_python,./models/14_PCR-GLOBWB_model/model/oldcalc_framework.py, PCRGlobWBVersionOne  (aggregate) ,CLASS_AGG,45,20,C,,,,,,,,PCR-GLOBWB,python,b2,,,
392,func_metrics_14_PCR-GLOBWB_python,./models/14_PCR-GLOBWB_model/model/oldcalc_framework.py, oldcalc_framework.py  (module  aggregate) ,MODULE_AGG,1,20,C,,,,,,,,PCR-GLOBWB,python,b2,,,
393,func_metrics_14_PCR-GLOBWB_python,./models/14_PCR-GLOBWB_model/model/parallel_pcrglobwb_runner.py,<module>,FUNCTION,1,23,D,89.0,,5240.33079669658,55.0,288218.193818312,16012.1218787951,1.74677693223219,PCR-GLOBWB,python,b3,,,
394,func_metrics_14_PCR-GLOBWB_python,./models/14_PCR-GLOBWB_model/model/parallel_pcrglobwb_runner.py, parallel_pcrglobwb_runner.py  (module  aggregate) ,MODULE_AGG,1,0,A,,,,,,,,PCR-GLOBWB,python,b1,,,
395,func_metrics_14_PCR-GLOBWB_python,./models/14_PCR-GLOBWB_model/model/parallel_pcrglobwb_runner_with_arguments.py,<module>,FUNCTION,1,23,D,92.0,,5369.77886226448,54.8571428571429,294570.726158509,16365.0403421394,1.78992628742149,PCR-GLOBWB,python,b3,,,
396,func_metrics_14_PCR-GLOBWB_python,./models/14_PCR-GLOBWB_model/model/parallel_pcrglobwb_runner_with_arguments.py,modify_ini_file,FUNCTION,200,15,C,83.0,111.0,3717.41429579636,47.9761904761905,178347.37633404,9908.1875741133,1.23913809859879,PCR-GLOBWB,python,b2,1.0,0.0013228530302015614,755.941875
397,func_metrics_14_PCR-GLOBWB_python,./models/14_PCR-GLOBWB_model/model/parallel_pcrglobwb_runner_with_arguments.py, parallel_pcrglobwb_runner_with_arguments.py  (module  aggregate) ,MODULE_AGG,1,15,C,,,,,,,,PCR-GLOBWB,python,b2,,,
398,func_metrics_14_PCR-GLOBWB_python,./models/14_PCR-GLOBWB_model/model/parameterSoilAndTopo.py,<module>,FUNCTION,1,1,A,3.0,,28.073549220576,1.0,28.073549220576,1.55964162336534,0.009357849740192,PCR-GLOBWB,python,b1,,,
399,func_metrics_14_PCR-GLOBWB_python,./models/14_PCR-GLOBWB_model/model/parameterSoilAndTopo.py,SoilAndTopoParameters,CLASS,30,11,C,305.0,402.0,23693.4647470865,121.133333333333,2870068.36303041,159448.242390579,7.89782158236218,PCR-GLOBWB,python,b2,35.0,0.008598199558053111,4070.619641203704
400,func_metrics_14_PCR-GLOBWB_python,./models/14_PCR-GLOBWB_model/model/parameterSoilAndTopo.py,SoilAndTopoParameters.__init__,METHOD,32,1,A,7.0,11.0,258.647033880963,10.0384615384615,2596.41830165121,144.245461202845,0.0862156779603211,PCR-GLOBWB,python,b1,2.0,0.0004913256890316063,4070.619641203704
401,func_metrics_14_PCR-GLOBWB_python,./models/14_PCR-GLOBWB_model/model/parameterSoilAndTopo.py,SoilAndTopoParameters.read,METHOD,44,1,A,3.0,4.0,106.605937817613,6.5,692.938595814484,38.4965886563602,0.035535312605871,PCR-GLOBWB,python,b1,5.0,0.0012283142225790159,4070.619641203704
402,func_metrics_14_PCR-GLOBWB_python,./models/14_PCR-GLOBWB_model/model/parameterSoilAndTopo.py,SoilAndTopoParameters.readTopo,METHOD,49,12,C,38.0,48.0,2546.74290032885,53.1935483870968,135470.291698138,7526.12731656321,0.848914300109616,PCR-GLOBWB,python,b2,7.0,0.0017196399116106223,4070.619641203704
403,func_metrics_14_PCR-GLOBWB_python,./models/14_PCR-GLOBWB_model/model/parameterSoilAndTopo.py,SoilAndTopoParameters.readSoilMapOfFAO,METHOD,98,28,D,161.0,208.0,12150.4865477301,91.1084337349398,1107011.79848114,61500.6554711747,4.0501621825767,PCR-GLOBWB,python,b3,20.0,0.0049132568903160635,4070.619641203704
404,func_metrics_14_PCR-GLOBWB_python,./models/14_PCR-GLOBWB_model/model/parameterSoilAndTopo.py,SoilAndTopoParameters.readSoil,METHOD,307,10,B,95.0,125.0,5761.84218813101,44.7692307692308,257953.242576327,14330.7356986848,1.92061406271034,PCR-GLOBWB,python,b1,14.0,0.0034392798232212446,4070.619641203704
405,func_metrics_14_PCR-GLOBWB_python,./models/14_PCR-GLOBWB_model/model/parameterSoilAndTopo.py, SoilAndTopoParameters  (aggregate) ,CLASS_AGG,32,52,F,,,,,,,,PCR-GLOBWB,python,b4,,,
406,func_metrics_14_PCR-GLOBWB_python,./models/14_PCR-GLOBWB_model/model/parameterSoilAndTopo.py, parameterSoilAndTopo.py  (module  aggregate) ,MODULE_AGG,1,52,F,,,,,,,,PCR-GLOBWB,python,b4,,,
407,func_metrics_14_PCR-GLOBWB_python,./models/14_PCR-GLOBWB_model/model/pcrglobwb.py,<module>,FUNCTION,1,1,A,13.0,,169.643612526683,3.16666666666667,537.204773001162,29.8447096111757,0.0565478708422276,PCR-GLOBWB,python,b1,,,
408,func_metrics_14_PCR-GLOBWB_python,./models/14_PCR-GLOBWB_model/model/pcrglobwb.py,PCRGlobWB,CLASS,48,4,A,294.0,460.0,22770.9851219449,106.701086956522,2429688.8635823,134982.714643461,7.59032837398162,PCR-GLOBWB,python,b1,51.0,0.012528805070305961,4070.619641203704
409,func_metrics_14_PCR-GLOBWB_python,./models/14_PCR-GLOBWB_model/model/pcrglobwb.py,PCRGlobWB.__init__,METHOD,50,6,B,28.0,50.0,1612.58113260113,19.7826086956522,31901.0615362397,1772.28119645776,0.537527044200375,PCR-GLOBWB,python,b1,10.0,0.0024566284451580317,4070.619641203704
410,func_metrics_14_PCR-GLOBWB_python,./models/14_PCR-GLOBWB_model/model/pcrglobwb.py,PCRGlobWB.configuration,METHOD,103,1,A,2.0,2.0,31.6992500144231,4.0,126.797000057692,7.04427778098292,0.0105664166714744,PCR-GLOBWB,python,b1,1.0,0.00024566284451580316,4070.619641203704
411,func_metrics_14_PCR-GLOBWB_python,./models/14_PCR-GLOBWB_model/model/pcrglobwb.py,PCRGlobWB.createSubmodels,METHOD,106,1,A,6.0,10.0,431.878625649049,12.65625,5465.96385587078,303.664658659488,0.143959541883016,PCR-GLOBWB,python,b1,1.0,0.00024566284451580316,4070.619641203704
412,func_metrics_14_PCR-GLOBWB_python,./models/14_PCR-GLOBWB_model/model/pcrglobwb.py,PCRGlobWB.dumpState,METHOD,117,7,B,32.0,39.0,1083.56630005082,27.3913043478261,29680.2943057399,1648.90523920777,0.361188766683607,PCR-GLOBWB,python,b1,7.0,0.0017196399116106223,4070.619641203704
413,func_metrics_14_PCR-GLOBWB_python,./models/14_PCR-GLOBWB_model/model/pcrglobwb.py,PCRGlobWB.calculateAndDumpMonthlyValuesForMODFLOW,METHOD,157,6,B,24.0,38.0,1958.94879546061,44.1470588235294,86481.8277054818,4804.54598363788,0.652982931820205,PCR-GLOBWB,python,b1,12.0,0.003267273504315899,3672.7871064814813
414,func_metrics_14_PCR-GLOBWB_python,./models/14_PCR-GLOBWB_model/model/pcrglobwb.py,PCRGlobWB.resume,METHOD,196,1,A,2.0,3.0,19.6514844544032,2.5,49.1287111360081,2.72937284088934,0.0065504948181344,PCR-GLOBWB,python,b1,1.0,0.00024566284451580316,4070.619641203704
415,func_metrics_14_PCR-GLOBWB_python,./models/14_PCR-GLOBWB_model/model/pcrglobwb.py,PCRGlobWB.setState,METHOD,202,1,A,2.0,2.0,50.1894750100962,3.0,150.568425030289,8.3649125016827,0.0167298250033654,PCR-GLOBWB,python,b1,2.0,0.0004913256890316063,4070.619641203704
416,func_metrics_14_PCR-GLOBWB_python,./models/14_PCR-GLOBWB_model/model/pcrglobwb.py,PCRGlobWB.report_summary,METHOD,206,9,B,105.0,157.0,7423.93683741397,71.0666666666667,527594.444578886,29310.8024766048,2.47464561247132,PCR-GLOBWB,python,b1,18.0,0.0044219312012844575,4070.619641203704
417,func_metrics_14_PCR-GLOBWB_python,./models/14_PCR-GLOBWB_model/model/pcrglobwb.py,PCRGlobWB.getState,METHOD,366,1,A,7.0,10.0,254.875650806615,16.5,4205.44823830915,233.636013239397,0.0849585502688717,PCR-GLOBWB,python,b1,2.0,0.0004913256890316063,4070.619641203704
418,func_metrics_14_PCR-GLOBWB_python,./models/14_PCR-GLOBWB_model/model/pcrglobwb.py,PCRGlobWB.getPseudoState,METHOD,377,1,A,7.0,10.0,254.875650806615,16.5,4205.44823830915,233.636013239397,0.0849585502688717,PCR-GLOBWB,python,b1,2.0,0.0004913256890316063,4070.619641203704
419,func_metrics_14_PCR-GLOBWB_python,./models/14_PCR-GLOBWB_model/model/pcrglobwb.py,PCRGlobWB.getAllState,METHOD,388,1,A,11.0,16.0,535.131794236476,24.0,12843.1630616754,713.509058981968,0.178377264745492,PCR-GLOBWB,python,b1,2.0,0.0004913256890316063,4070.619641203704
420,func_metrics_14_PCR-GLOBWB_python,./models/14_PCR-GLOBWB_model/model/pcrglobwb.py,PCRGlobWB.totalLandWaterStores,METHOD,406,3,A,20.0,26.0,624.228735108746,17.05,10643.0999336041,591.283329644674,0.208076245036249,PCR-GLOBWB,python,b1,5.0,0.0012283142225790159,4070.619641203704
421,func_metrics_14_PCR-GLOBWB_python,./models/14_PCR-GLOBWB_model/model/pcrglobwb.py,PCRGlobWB.totalSurfaceWaterStores,METHOD,433,1,A,2.0,4.0,79.9544533632097,4.5,359.795040134444,19.9886133408024,0.0266514844544032,PCR-GLOBWB,python,b1,3.0,0.0007369885335474095,4070.619641203704
422,func_metrics_14_PCR-GLOBWB_python,./models/14_PCR-GLOBWB_model/model/pcrglobwb.py,PCRGlobWB.checkLandSurfaceWaterBalance,METHOD,438,1,A,14.0,21.0,752.94450050505,12.42,9351.57069627272,519.531705348485,0.25098150016835,PCR-GLOBWB,python,b1,4.0,0.0009826513780632126,4070.619641203704
423,func_metrics_14_PCR-GLOBWB_python,./models/14_PCR-GLOBWB_model/model/pcrglobwb.py,PCRGlobWB.read_forcings,METHOD,460,1,A,3.0,3.0,96.2114326716684,5.14285714285714,494.801653740009,27.4889807633338,0.0320704775572228,PCR-GLOBWB,python,b1,2.0,0.0004913256890316063,4070.619641203704
424,func_metrics_14_PCR-GLOBWB_python,./models/14_PCR-GLOBWB_model/model/pcrglobwb.py,PCRGlobWB.update,METHOD,464,12,C,27.0,44.0,1706.92029545983,19.7560975609756,33722.0838859138,1873.44910477299,0.568973431819944,PCR-GLOBWB,python,b2,16.0,0.003930605512252851,4070.619641203704
425,func_metrics_14_PCR-GLOBWB_python,./models/14_PCR-GLOBWB_model/model/pcrglobwb.py, PCRGlobWB  (aggregate) ,CLASS_AGG,50,53,F,,,,,,,,PCR-GLOBWB,python,b4,,,
426,func_metrics_14_PCR-GLOBWB_python,./models/14_PCR-GLOBWB_model/model/pcrglobwb.py, pcrglobwb.py  (module  aggregate) ,MODULE_AGG,1,53,F,,,,,,,,PCR-GLOBWB,python,b4,,,
427,func_metrics_14_PCR-GLOBWB_python,./models/14_PCR-GLOBWB_model/model/reporting.py,<module>,FUNCTION,1,1,A,7.0,,116.692058561959,4.33333333333333,505.665587101821,28.0925326167679,0.0388973528539863,PCR-GLOBWB,python,b1,,,
428,func_metrics_14_PCR-GLOBWB_python,./models/14_PCR-GLOBWB_model/model/reporting.py,Reporting,CLASS,49,14,C,774.0,1357.0,74341.9072819858,172.623287671233,12833144.4467664,712952.469264798,24.780635760662,PCR-GLOBWB,python,b2,110.0,0.02702291289673835,4070.619641203704
429,func_metrics_14_PCR-GLOBWB_python,./models/14_PCR-GLOBWB_model/model/reporting.py,Reporting.__init__,METHOD,51,4,A,15.0,25.0,559.091848847001,15.3636363636364,8589.68385955848,477.20465886436,0.186363949615667,PCR-GLOBWB,python,b1,7.0,0.0017196399116106223,4070.619641203704
430,func_metrics_14_PCR-GLOBWB_python,./models/14_PCR-GLOBWB_model/model/reporting.py,Reporting.initiate_reporting,METHOD,77,52,F,215.0,310.0,9868.48915369836,158.693181818182,1566061.94353861,87003.4413077005,3.28949638456612,PCR-GLOBWB,python,b4,10.0,0.0024566284451580317,4070.619641203704
431,func_metrics_14_PCR-GLOBWB_python,./models/14_PCR-GLOBWB_model/model/reporting.py,Reporting.post_processing,METHOD,388,4,A,11.0,19.0,489.30622957777,7.875,3853.28655792494,214.071475440274,0.163102076525923,PCR-GLOBWB,python,b1,10.0,0.0024566284451580317,4070.619641203704
432,func_metrics_14_PCR-GLOBWB_python,./models/14_PCR-GLOBWB_model/model/reporting.py,Reporting.report_forcing_for_debugging,METHOD,408,3,A,14.0,22.0,1013.75567548241,18.0,18247.6021586833,1013.75567548241,0.337918558494136,PCR-GLOBWB,python,b1,5.0,0.0013224224380337412,3780.9400810185184
433,func_metrics_14_PCR-GLOBWB_python,./models/14_PCR-GLOBWB_model/model/reporting.py,Reporting.report_vegetation_phenology_for_debugging,METHOD,432,7,B,31.0,60.0,2230.19481418256,38.1290322580645,85035.1700117351,4724.17611176306,0.743398271394188,PCR-GLOBWB,python,b1,7.0,0.0018514198810903539,3780.881944444445
434,func_metrics_14_PCR-GLOBWB_python,./models/14_PCR-GLOBWB_model/model/reporting.py,Reporting.report_static_maps_for_debugging,METHOD,494,3,A,47.0,127.0,6588.97924321584,64.0,421694.671565814,23427.4817536563,2.19632641440528,PCR-GLOBWB,python,b1,14.0,0.0034392798232212446,4070.619641203704
435,func_metrics_14_PCR-GLOBWB_python,./models/14_PCR-GLOBWB_model/model/reporting.py,Reporting.basic_post_processing,METHOD,623,3,A,59.0,93.0,4330.06601525189,29.6298701298701,128299.293685678,7127.73853809321,1.4433553384173,PCR-GLOBWB,python,b1,10.0,0.0024566284451580317,4070.619641203704
436,func_metrics_14_PCR-GLOBWB_python,./models/14_PCR-GLOBWB_model/model/reporting.py,Reporting.additional_post_processing,METHOD,717,21,D,164.0,307.0,15980.6029540305,81.8802816901409,1308496.27145431,72694.2373030174,5.32686765134349,PCR-GLOBWB,python,b3,56.0,0.013757119292884978,4070.619641203704
437,func_metrics_14_PCR-GLOBWB_python,./models/14_PCR-GLOBWB_model/model/reporting.py,Reporting.report,METHOD,1027,52,F,164.0,277.0,9438.369115756,125.555555555556,1185039.67786714,65835.5376592857,3.14612303858533,PCR-GLOBWB,python,b4,14.0,0.0034392798232212446,4070.619641203704
438,func_metrics_14_PCR-GLOBWB_python,./models/14_PCR-GLOBWB_model/model/reporting.py,Reporting.e2o_post_processing,METHOD,1307,1,A,28.0,34.0,2117.06512746976,18.7636363636364,39723.8402099781,2206.88001166545,0.705688375823254,PCR-GLOBWB,python,b1,2.0,0.0008356245024002371,2393.419525462963
439,func_metrics_14_PCR-GLOBWB_python,./models/14_PCR-GLOBWB_model/model/reporting.py,Reporting.ulysses_post_processing,METHOD,1342,1,A,25.0,64.0,2267.83471626964,22.125,50175.8430974657,2787.5468387481,0.755944905423213,PCR-GLOBWB,python,b1,9.0,0.0046452017207820025,1937.483136574074
440,func_metrics_14_PCR-GLOBWB_python,./models/14_PCR-GLOBWB_model/model/reporting.py, Reporting  (aggregate) ,CLASS_AGG,51,151,F,,,,,,,,PCR-GLOBWB,python,b4,,,
441,func_metrics_14_PCR-GLOBWB_python,./models/14_PCR-GLOBWB_model/model/reporting.py, reporting.py  (module  aggregate) ,MODULE_AGG,1,151,F,,,,,,,,PCR-GLOBWB,python,b4,,,
442,func_metrics_14_PCR-GLOBWB_python,./models/14_PCR-GLOBWB_model/model/routing.py,<module>,FUNCTION,1,1,A,13.0,,216.22022703449,4.66666666666667,1009.02772616095,56.0570958978308,0.0720734090114967,PCR-GLOBWB,python,b1,,,
443,func_metrics_14_PCR-GLOBWB_python,./models/14_PCR-GLOBWB_model/model/routing.py,Routing,CLASS,44,6,B,1302.0,2450.0,112187.468460337,349.622754491018,39223291.7424773,2179071.76347096,37.3958228201124,PCR-GLOBWB,python,b1,355.0,0.08721030980311012,4070.619641203704
444,func_metrics_14_PCR-GLOBWB_python,./models/14_PCR-GLOBWB_model/model/routing.py,Routing.getPseudoState,METHOD,47,1,A,3.0,3.0,41.5131794236476,5.33333333333333,221.403623592787,12.3002013107104,0.0138377264745492,PCR-GLOBWB,python,b1,1.0,0.00024566284451580316,4070.619641203704
445,func_metrics_14_PCR-GLOBWB_python,./models/14_PCR-GLOBWB_model/model/routing.py,Routing.getVariables,METHOD,52,1,A,3.0,3.0,51.8061560539753,5.625,291.409627803611,16.1894237668673,0.0172687186846584,PCR-GLOBWB,python,b1,1.0,0.00024566284451580316,4070.619641203704
446,func_metrics_14_PCR-GLOBWB_python,./models/14_PCR-GLOBWB_model/model/routing.py,Routing.getState,METHOD,56,1,A,15.0,23.0,513.527850233655,17.875,9179.31032292658,509.961684607032,0.171175950077885,PCR-GLOBWB,python,b1,8.0,0.0019653027561264253,4070.619641203704
447,func_metrics_14_PCR-GLOBWB_python,./models/14_PCR-GLOBWB_model/model/routing.py,Routing.__init__,METHOD,80,26,D,157.0,246.0,9783.49139513859,66.0,645710.432079147,35872.8017821748,3.26116379837953,PCR-GLOBWB,python,b3,54.0,0.013265793603853372,4070.619641203704
448,func_metrics_14_PCR-GLOBWB_python,./models/14_PCR-GLOBWB_model/model/routing.py,Routing.getICs,METHOD,327,6,B,53.0,82.0,4828.65046593908,89.1176470588235,430317.967993983,23906.5537774435,1.60955015531303,PCR-GLOBWB,python,b1,17.0,0.004176268356768654,4070.619641203704
449,func_metrics_14_PCR-GLOBWB_python,./models/14_PCR-GLOBWB_model/model/routing.py,Routing.estimateBankfullDischarge,METHOD,411,1,A,3.0,8.0,97.672264890213,7.5,732.541986676597,40.6967770375887,0.032557421630071,PCR-GLOBWB,python,b1,3.0,0.0007369885335474095,4070.619641203704
450,func_metrics_14_PCR-GLOBWB_python,./models/14_PCR-GLOBWB_model/model/routing.py,Routing.estimateBankfullDepth,METHOD,420,1,A,5.0,11.0,221.006025076443,14.9285714285714,3299.30423149832,183.294679527684,0.0736686750254808,PCR-GLOBWB,python,b1,2.0,0.0004913256890316063,4070.619641203704
451,func_metrics_14_PCR-GLOBWB_python,./models/14_PCR-GLOBWB_model/model/routing.py,Routing.estimateBankfullCapacity,METHOD,432,1,A,5.0,8.0,185.842908080157,8.18181818181818,1520.53288429219,84.4740491273439,0.0619476360267189,PCR-GLOBWB,python,b1,4.0,0.0009826513780632126,4070.619641203704
452,func_metrics_14_PCR-GLOBWB_python,./models/14_PCR-GLOBWB_model/model/routing.py,Routing.getElevationProfile,METHOD,441,15,C,54.0,104.0,4165.75192812625,73.6979166666667,307007.238453055,17055.9576918364,1.38858397604208,PCR-GLOBWB,python,b2,17.0,0.004176268356768654,4070.619641203704
453,func_metrics_14_PCR-GLOBWB_python,./models/14_PCR-GLOBWB_model/model/routing.py,Routing.getRoutingParamAvgDischarge,METHOD,547,2,A,11.0,21.0,557.653170958682,15.5555555555556,8674.6048815795,481.922493421083,0.185884390319561,PCR-GLOBWB,python,b1,11.0,0.0027022912896738347,4070.619641203704
454,func_metrics_14_PCR-GLOBWB_python,./models/14_PCR-GLOBWB_model/model/routing.py,Routing.getCharacteristicDistance,METHOD,569,2,A,36.0,75.0,2514.63263112666,30.8152173913044,77488.9511874358,4304.94173263532,0.838210877042221,PCR-GLOBWB,python,b1,12.0,0.002947954134189638,4070.619641203704
455,func_metrics_14_PCR-GLOBWB_python,./models/14_PCR-GLOBWB_model/model/routing.py,Routing.accuTravelTime,METHOD,645,1,A,19.0,42.0,1066.89086752455,23.375,24938.5740283864,1385.47633491036,0.355630289174851,PCR-GLOBWB,python,b1,21.0,0.005158919734831867,4070.619641203704
456,func_metrics_14_PCR-GLOBWB_python,./models/14_PCR-GLOBWB_model/model/routing.py,Routing.estimate_length_of_sub_time_step,METHOD,689,1,A,19.0,33.0,988.533557339341,23.6785714285714,23407.0624469994,1300.39235816663,0.329511185779781,PCR-GLOBWB,python,b1,39.0,0.009580850936116323,4070.619641203704
457,func_metrics_14_PCR-GLOBWB_python,./models/14_PCR-GLOBWB_model/model/routing.py,Routing.simplifiedKinematicWave,METHOD,723,3,A,46.0,100.0,3031.82532991581,40.5849056603774,123046.344993376,6835.90805518753,1.01060844330527,PCR-GLOBWB,python,b1,35.0,0.008598199558053111,4070.619641203704
458,func_metrics_14_PCR-GLOBWB_python,./models/14_PCR-GLOBWB_model/model/routing.py,Routing.update,METHOD,824,12,C,67.0,132.0,4220.27610355166,40.4393939393939,170665.407884536,9481.4115491409,1.40675870118389,PCR-GLOBWB,python,b2,35.0,0.008598199558053111,4070.619641203704
459,func_metrics_14_PCR-GLOBWB_python,./models/14_PCR-GLOBWB_model/model/routing.py,Routing.calculate_potential_evaporation,METHOD,958,6,B,16.0,27.0,922.434846661521,17.0625,15739.0445711622,874.391365064567,0.307478282220507,PCR-GLOBWB,python,b1,12.0,0.0029527496490021374,4064.008611111112
460,func_metrics_14_PCR-GLOBWB_python,./models/14_PCR-GLOBWB_model/model/routing.py,Routing.calculate_evaporation,METHOD,986,1,A,10.0,20.0,466.154606582809,13.8947368421053,6477.09558620324,359.838643677958,0.155384868860936,PCR-GLOBWB,python,b1,5.0,0.0012303123537508907,4064.008611111112
461,func_metrics_14_PCR-GLOBWB_python,./models/14_PCR-GLOBWB_model/model/routing.py,Routing.calculate_exchange_to_groundwater,METHOD,1007,4,A,31.0,53.0,1698.73103600605,37.0588235294118,62952.9736872829,3497.38742707127,0.566243678668682,PCR-GLOBWB,python,b1,10.0,0.002460184736126066,4064.735405092593
462,func_metrics_14_PCR-GLOBWB_python,./models/14_PCR-GLOBWB_model/model/routing.py,Routing.simple_update,METHOD,1062,8,B,80.0,144.0,4355.41664578296,51.1016949152542,222569.172661621,12364.9540367567,1.45180554859432,PCR-GLOBWB,python,b1,41.0,0.01007217662514793,4070.619641203704
463,func_metrics_14_PCR-GLOBWB_python,./models/14_PCR-GLOBWB_model/model/routing.py,Routing.calculate_alpha_and_initial_discharge_for_kinematic_wave,METHOD,1207,2,A,21.0,41.0,1197.22397499987,26.2068965517241,31375.5248620655,1743.0847145592,0.39907465833329,PCR-GLOBWB,python,b1,4.0,0.0009848162338179426,4061.6714699074078
464,func_metrics_14_PCR-GLOBWB_python,./models/14_PCR-GLOBWB_model/model/routing.py,Routing.calculate_alpha_and_initial_discharge_for_kinematic_wave_OLD,METHOD,1249,2,A,22.0,49.0,1329.02844931178,27.0,35883.7681314181,1993.54267396767,0.443009483103927,PCR-GLOBWB,python,b1,8.0,0.001969632467635885,4061.6714699074078
465,func_metrics_14_PCR-GLOBWB_python,./models/14_PCR-GLOBWB_model/model/routing.py,Routing.integralLogisticFunction,METHOD,1299,1,A,3.0,7.0,125.097750043269,8.125,1016.41921910156,56.4677343945313,0.0416992500144231,PCR-GLOBWB,python,b1,4.0,0.0009848162338179426,4061.6714699074078
466,func_metrics_14_PCR-GLOBWB_python,./models/14_PCR-GLOBWB_model/model/routing.py,Routing.returnInundationFractionAndFloodDepth,METHOD,1307,4,A,34.0,66.0,2610.84564325897,47.5,124015.168054801,6889.73155860005,0.870281881086322,PCR-GLOBWB,python,b1,11.0,0.002708244642999342,4061.6714699074078
467,func_metrics_14_PCR-GLOBWB_python,./models/14_PCR-GLOBWB_model/model/routing.py,Routing.return_water_body_storage_to_channel,METHOD,1374,1,A,21.0,25.0,889.010522108346,30.0,26670.3156632504,1481.68420351391,0.296336840702782,PCR-GLOBWB,python,b1,3.0,0.0007388063947638329,4060.6037268518517
468,func_metrics_14_PCR-GLOBWB_python,./models/14_PCR-GLOBWB_model/model/routing.py,Routing.kinematic_wave_update_before_19_feb_2018,METHOD,1400,7,B,126.0,245.0,8349.79159730931,65.9354838709677,550547.54919033,30585.9749550183,2.78326386576977,PCR-GLOBWB,python,b1,13.0,0.003193616978705441,4070.619641203704
469,func_metrics_14_PCR-GLOBWB_python,./models/14_PCR-GLOBWB_model/model/routing.py,Routing.kinematic_wave_update_not_working,METHOD,1648,6,B,125.0,275.0,8474.71668306914,67.1329787234043,568932.974771359,31607.3874872977,2.82490556102305,PCR-GLOBWB,python,b1,3.0,0.0012534367536003556,2393.419525462963
470,func_metrics_14_PCR-GLOBWB_python,./models/14_PCR-GLOBWB_model/model/routing.py,Routing.kinematic_wave_update,METHOD,1926,6,B,124.0,261.0,8527.4467376776,68.1935483870968,581516.851724208,32306.491762456,2.84248224589253,PCR-GLOBWB,python,b1,3.0,0.0012534367536003556,2393.419525462963
471,func_metrics_14_PCR-GLOBWB_python,./models/14_PCR-GLOBWB_model/model/routing.py,Routing.calculate_statistics,METHOD,2190,1,A,22.0,37.0,1345.71365916612,20.96875,28217.9332906396,1567.66296059109,0.44857121972204,PCR-GLOBWB,python,b1,11.0,0.0027022912896738347,4070.619641203704
472,func_metrics_14_PCR-GLOBWB_python,./models/14_PCR-GLOBWB_model/model/routing.py,Routing.estimate_discharge_for_environmental_flow,METHOD,2228,1,A,11.0,22.0,456.698717595472,17.625,8049.3148976202,447.1841609789,0.152232905865157,PCR-GLOBWB,python,b1,28.0,0.006878559646442489,4070.619641203704
473,func_metrics_14_PCR-GLOBWB_python,./models/14_PCR-GLOBWB_model/model/routing.py,Routing.estimate_available_volume_for_abstraction,METHOD,2252,1,A,19.0,33.0,820.685282711195,22.4545454545455,18428.114984515,1023.78416580639,0.273561760903732,PCR-GLOBWB,python,b1,29.0,0.007124222490958292,4070.619641203704
474,func_metrics_14_PCR-GLOBWB_python,./models/14_PCR-GLOBWB_model/model/routing.py,Routing.initiate_old_style_routing_reporting,METHOD,2286,17,C,56.0,80.0,2782.43579015384,78.88,219478.535127335,12193.2519515186,0.927478596717947,PCR-GLOBWB,python,b2,1.0,0.0002460184736126066,4064.735405092593
475,func_metrics_14_PCR-GLOBWB_python,./models/14_PCR-GLOBWB_model/model/routing.py,Routing.old_style_routing_reporting,METHOD,2367,32,E,84.0,127.0,4528.21930923361,90.0,407539.737831025,22641.0965461681,1.5094064364112,PCR-GLOBWB,python,b3,5.0,0.0012283142225790159,4070.619641203704
476,func_metrics_14_PCR-GLOBWB_python,./models/14_PCR-GLOBWB_model/model/routing.py, Routing  (aggregate) ,CLASS_AGG,47,174,F,,,,,,,,PCR-GLOBWB,python,b4,,,
477,func_metrics_14_PCR-GLOBWB_python,./models/14_PCR-GLOBWB_model/model/routing.py, routing.py  (module  aggregate) ,MODULE_AGG,1,174,F,,,,,,,,PCR-GLOBWB,python,b4,,,
478,func_metrics_14_PCR-GLOBWB_python,./models/14_PCR-GLOBWB_model/model/setup.py,<module>,FUNCTION,1,1,A,5.0,,85.9515931033874,4.375,376.03821982732,20.8910122126289,0.0286505310344625,PCR-GLOBWB,python,b1,,,
479,func_metrics_14_PCR-GLOBWB_python,./models/14_PCR-GLOBWB_model/model/setup.py, setup.py  (module  aggregate) ,MODULE_AGG,1,0,A,,,,,,,,PCR-GLOBWB,python,b1,,,
480,func_metrics_14_PCR-GLOBWB_python,./models/14_PCR-GLOBWB_model/model/spinUp.py,<module>,FUNCTION,1,1,A,8.0,,108.4180500375,3.25,352.358662621875,19.5754812567709,0.0361393500125,PCR-GLOBWB,python,b1,,,
481,func_metrics_14_PCR-GLOBWB_python,./models/14_PCR-GLOBWB_model/model/spinUp.py,SpinUp,CLASS,37,3,A,102.0,161.0,6469.41716670253,59.4418604651163,384554.192513759,21364.12180632,2.15647238890084,PCR-GLOBWB,python,b1,16.0,0.003930605512252851,4070.619641203704
482,func_metrics_14_PCR-GLOBWB_python,./models/14_PCR-GLOBWB_model/model/spinUp.py,SpinUp.__init__,METHOD,39,4,A,12.0,19.0,600.282900203656,19.8947368421053,11942.4703303675,663.470573909304,0.200094300067885,PCR-GLOBWB,python,b1,10.0,0.0024566284451580317,4070.619641203704
483,func_metrics_14_PCR-GLOBWB_python,./models/14_PCR-GLOBWB_model/model/spinUp.py,SpinUp.setupConvergence,METHOD,59,1,A,7.0,14.0,356.754529490984,12.8076923076923,4569.20224309606,253.844569060892,0.118918176496995,PCR-GLOBWB,python,b1,5.0,0.0012283142225790159,4070.619641203704
484,func_metrics_14_PCR-GLOBWB_python,./models/14_PCR-GLOBWB_model/model/spinUp.py,SpinUp.getIniStates,METHOD,74,3,A,32.0,39.0,1067.93793995393,18.1481481481482,19381.0959473122,1076.72755262845,0.355979313317978,PCR-GLOBWB,python,b1,4.0,0.0009826513780632126,4070.619641203704
485,func_metrics_14_PCR-GLOBWB_python,./models/14_PCR-GLOBWB_model/model/spinUp.py,SpinUp.soilStorageVolume,METHOD,114,3,A,11.0,13.0,487.547233928442,28.6666666666667,13976.354039282,776.464113293445,0.162515744642814,PCR-GLOBWB,python,b1,4.0,0.0009826513780632126,4070.619641203704
486,func_metrics_14_PCR-GLOBWB_python,./models/14_PCR-GLOBWB_model/model/spinUp.py,SpinUp.groundwaterStorageVolume,METHOD,129,1,A,2.0,2.0,100.0,6.42857142857143,642.857142857143,35.7142857142857,0.0333333333333333,PCR-GLOBWB,python,b1,4.0,0.0009826513780632126,4070.619641203704
487,func_metrics_14_PCR-GLOBWB_python,./models/14_PCR-GLOBWB_model/model/spinUp.py,SpinUp.channelStorageVolume,METHOD,132,1,A,2.0,2.0,100.0,6.42857142857143,642.857142857143,35.7142857142857,0.0333333333333333,PCR-GLOBWB,python,b1,4.0,0.0009826513780632126,4070.619641203704
488,func_metrics_14_PCR-GLOBWB_python,./models/14_PCR-GLOBWB_model/model/spinUp.py,SpinUp.totalStorageVolume,METHOD,135,1,A,7.0,7.0,250.627723293172,13.3333333333333,3341.70297724229,185.650165402349,0.0835425744310572,PCR-GLOBWB,python,b1,1.0,0.00024566284451580316,4070.619641203704
489,func_metrics_14_PCR-GLOBWB_python,./models/14_PCR-GLOBWB_model/model/spinUp.py,SpinUp.checkConvergence,METHOD,144,7,B,28.0,54.0,1958.38369467214,29.9148936170213,58584.8398874261,3254.71332707923,0.652794564890713,PCR-GLOBWB,python,b1,11.0,0.0027022912896738347,4070.619641203704
490,func_metrics_14_PCR-GLOBWB_python,./models/14_PCR-GLOBWB_model/model/spinUp.py, SpinUp  (aggregate) ,CLASS_AGG,39,21,D,,,,,,,,PCR-GLOBWB,python,b3,,,
491,func_metrics_14_PCR-GLOBWB_python,./models/14_PCR-GLOBWB_model/model/spinUp.py, spinUp.py  (module  aggregate) ,MODULE_AGG,1,21,D,,,,,,,,PCR-GLOBWB,python,b3,,,
492,func_metrics_14_PCR-GLOBWB_python,./models/14_PCR-GLOBWB_model/model/variable_list.py,<module>,FUNCTION,1,1,A,1519.0,,36855.0191066365,1015.84615384615,37439029.4094032,2079946.07830018,12.2850063688788,PCR-GLOBWB,python,b1,,,
493,func_metrics_14_PCR-GLOBWB_python,./models/14_PCR-GLOBWB_model/model/variable_list.py, variable_list.py  (module  aggregate) ,MODULE_AGG,1,0,A,,,,,,,,PCR-GLOBWB,python,b1,,,
494,func_metrics_14_PCR-GLOBWB_python,./models/14_PCR-GLOBWB_model/model/virtualOS.py,<module>,FUNCTION,1,1,A,26.0,,483.283072477011,4.86486486486487,2351.10683907735,130.617046615408,0.161094357492337,PCR-GLOBWB,python,b1,,,
495,func_metrics_14_PCR-GLOBWB_python,./models/14_PCR-GLOBWB_model/model/virtualOS.py,getFileList,FUNCTION,73,2,A,7.0,7.0,259.597165791111,13.2692307692308,3444.65469992051,191.369705551139,0.0865323885970369,PCR-GLOBWB,python,b1,2.0,0.0005919131509948526,3378.874074074074
496,func_metrics_14_PCR-GLOBWB_python,./models/14_PCR-GLOBWB_model/model/virtualOS.py,checkVariableInNC,FUNCTION,81,2,A,9.0,15.0,379.781038842551,16.5,6266.38714090209,348.132618939005,0.126593679614184,PCR-GLOBWB,python,b1,2.0,0.0005302604364620908,3771.7315162037044
497,func_metrics_14_PCR-GLOBWB_python,./models/14_PCR-GLOBWB_model/model/virtualOS.py,netcdf2PCRobjCloneWithoutTime,FUNCTION,97,4,A,18.0,20.0,499.395017816487,18.75,9363.65658405913,520.20314355884,0.166465005938829,PCR-GLOBWB,python,b1,8.0,0.0019653027561264253,4070.619641203704
498,func_metrics_14_PCR-GLOBWB_python,./models/14_PCR-GLOBWB_model/model/virtualOS.py,singleTryNetcdf2PCRobjCloneWithoutTime,FUNCTION,118,20,C,68.0,138.0,4640.05757846167,64.3359375,298522.454364311,16584.5807980173,1.54668585948722,PCR-GLOBWB,python,b2,21.0,0.005158919734831867,4070.619641203704
499,func_metrics_14_PCR-GLOBWB_python,./models/14_PCR-GLOBWB_model/model/virtualOS.py,netcdf2PCRobjClone,FUNCTION,258,4,A,20.0,22.0,574.883301061288,20.5263157894737,11800.2361796791,655.568676648838,0.191627767020429,PCR-GLOBWB,python,b1,11.0,0.005050573195153038,2177.970613425926
500,func_metrics_14_PCR-GLOBWB_python,./models/14_PCR-GLOBWB_model/model/virtualOS.py,singleTryNetcdf2PCRobjClone_version_until_2020_07_14,FUNCTION,281,64,F,213.0,288.0,14214.3808457623,163.272727272727,2320820.72718083,128934.48484338,4.73812694858744,PCR-GLOBWB,python,b4,63.0,0.0154767592044956,4070.619641203704
501,func_metrics_14_PCR-GLOBWB_python,./models/14_PCR-GLOBWB_model/model/virtualOS.py,singleTryNetcdf2PCRobjClone,FUNCTION,571,67,F,219.0,314.0,14600.2838606517,163.923913043478,2393335.66198357,132963.092332421,4.86676128688391,PCR-GLOBWB,python,b4,7.0,0.0035720571576394653,1959.6550925925928
502,func_metrics_14_PCR-GLOBWB_python,./models/14_PCR-GLOBWB_model/model/virtualOS.py,netcdf2PCRobjCloneBeforeRensCorrection,FUNCTION,887,51,F,176.0,225.0,10855.1042159767,128.848101265823,1398659.56727122,77703.3092928458,3.61836807199223,PCR-GLOBWB,python,b4,3.0,0.000796629788833789,3765.8646990740745
503,func_metrics_14_PCR-GLOBWB_python,./models/14_PCR-GLOBWB_model/model/virtualOS.py,netcdf2PCRobjCloneJOYCE,FUNCTION,1113,39,E,168.0,246.0,10147.5286908247,97.8,992428.305962654,55134.9058868142,3.38250956360823,PCR-GLOBWB,python,b3,113.0,0.030006388712739383,3765.8646990740745
504,func_metrics_14_PCR-GLOBWB_python,./models/14_PCR-GLOBWB_model/model/virtualOS.py,netcdf2PCRobjCloneWindDist,FUNCTION,1361,10,B,49.0,69.0,3040.84741364082,33.9508196721311,103239.262190986,5735.51456616588,1.01361580454694,PCR-GLOBWB,python,b1,1.0,0.00024566284451580316,4070.619641203704
505,func_metrics_14_PCR-GLOBWB_python,./models/14_PCR-GLOBWB_model/model/virtualOS.py,netcdf2PCRobjCloneWind,FUNCTION,1431,10,B,48.0,68.0,3072.45705411526,34.2622950819672,105269.430214769,5848.30167859826,1.02415235137175,PCR-GLOBWB,python,b1,1.0,0.00024566284451580316,4070.619641203704
506,func_metrics_14_PCR-GLOBWB_python,./models/14_PCR-GLOBWB_model/model/virtualOS.py,netcdf2PCRobj,FUNCTION,1500,2,A,14.0,25.0,828.534293408552,14.875,12324.4476144522,684.691534136234,0.276178097802851,PCR-GLOBWB,python,b1,1.0,0.00024566284451580316,4070.619641203704
507,func_metrics_14_PCR-GLOBWB_python,./models/14_PCR-GLOBWB_model/model/virtualOS.py,makeDir,FUNCTION,1526,2,A,5.0,5.0,66.6079149265397,4.8,319.71799164739,17.7621106470772,0.0222026383088466,PCR-GLOBWB,python,b1,1.0,0.00024566284451580316,4070.619641203704
508,func_metrics_14_PCR-GLOBWB_python,./models/14_PCR-GLOBWB_model/model/virtualOS.py,writePCRmapToDir,FUNCTION,1532,1,A,4.0,7.0,159.911339510832,5.66666666666667,906.16425722805,50.3424587348917,0.0533037798369441,PCR-GLOBWB,python,b1,2.0,0.0004913256890316063,4070.619641203704
509,func_metrics_14_PCR-GLOBWB_python,./models/14_PCR-GLOBWB_model/model/virtualOS.py,readPCRmapClone,FUNCTION,1540,4,A,12.0,14.0,554.533449696287,19.7368421052632,10944.7391387425,608.041063263473,0.184844483232096,PCR-GLOBWB,python,b1,9.0,0.0022109656006422287,4070.619641203704
510,func_metrics_14_PCR-GLOBWB_python,./models/14_PCR-GLOBWB_model/model/virtualOS.py,singleTryReadPCRmapClone,FUNCTION,1556,16,C,43.0,71.0,2401.65192884545,35.7403846153846,85835.9636492166,4768.6646471787,0.800550642948482,PCR-GLOBWB,python,b2,19.0,0.00466759404580026,4070.619641203704
511,func_metrics_14_PCR-GLOBWB_python,./models/14_PCR-GLOBWB_model/model/virtualOS.py,readPCRmapCloneOLD,FUNCTION,1628,11,C,29.0,36.0,1696.94594846026,26.7954545454545,45470.4380280601,2526.13544600334,0.565648649486753,PCR-GLOBWB,python,b2,6.0,0.001473977067094819,4070.619641203704
512,func_metrics_14_PCR-GLOBWB_python,./models/14_PCR-GLOBWB_model/model/virtualOS.py,readPCRmap,FUNCTION,1665,2,A,6.0,7.0,193.261966602265,8.18181818181818,1581.23427220035,87.8463484555752,0.0644206555340885,PCR-GLOBWB,python,b1,3.0,0.0007369885335474095,4070.619641203704
513,func_metrics_14_PCR-GLOBWB_python,./models/14_PCR-GLOBWB_model/model/virtualOS.py,isSameClone,FUNCTION,1673,6,B,20.0,23.0,619.274538798359,17.05,10558.630886512,586.590604806224,0.20642484626612,PCR-GLOBWB,python,b1,1.0,0.00024566284451580316,4070.619641203704
514,func_metrics_14_PCR-GLOBWB_python,./models/14_PCR-GLOBWB_model/model/virtualOS.py,gdalwarpPCR,FUNCTION,1697,3,A,33.0,48.0,2977.4002524652,48.4102564102564,144136.709657803,8007.59498098903,0.992466750821733,PCR-GLOBWB,python,b1,2.0,0.0004913256890316063,4070.619641203704
515,func_metrics_14_PCR-GLOBWB_python,./models/14_PCR-GLOBWB_model/model/virtualOS.py,getFullPath,FUNCTION,1746,7,B,20.0,29.0,874.938595814484,46.1538461538462,40381.7813452839,2243.43229696022,0.291646198604828,PCR-GLOBWB,python,b1,9.0,0.0022109656006422287,4070.619641203704
516,func_metrics_14_PCR-GLOBWB_python,./models/14_PCR-GLOBWB_model/model/virtualOS.py,findISIFileName,FUNCTION,1776,20,C,40.0,46.0,1494.75700928845,80.5,120327.93924772,6684.88551376222,0.498252336429482,PCR-GLOBWB,python,b2,1.0,0.00024566284451580316,4070.619641203704
517,func_metrics_14_PCR-GLOBWB_python,./models/14_PCR-GLOBWB_model/model/virtualOS.py,get_random_word,FUNCTION,1824,2,A,5.0,5.0,112.587975038942,7.5,844.409812792068,46.911656266226,0.0375293250129808,PCR-GLOBWB,python,b1,1.0,0.00024566284451580316,4070.619641203704
518,func_metrics_14_PCR-GLOBWB_python,./models/14_PCR-GLOBWB_model/model/virtualOS.py,isLastDayOfMonth,FUNCTION,1830,2,A,5.0,5.0,129.657842846621,6.72222222222222,871.588832468952,48.4216018038307,0.0432192809488736,PCR-GLOBWB,python,b1,1.0,0.00024566284451580316,4070.619641203704
519,func_metrics_14_PCR-GLOBWB_python,./models/14_PCR-GLOBWB_model/model/virtualOS.py,getMapAttributesALL,FUNCTION,1836,4,A,16.0,17.0,1185.50682544567,26.0909090909091,30930.9508093553,1718.3861560753,0.395168941815225,PCR-GLOBWB,python,b1,3.0,0.0007369885335474095,4070.619641203704
520,func_metrics_14_PCR-GLOBWB_python,./models/14_PCR-GLOBWB_model/model/virtualOS.py,getMapAttributes,FUNCTION,1854,9,B,20.0,24.0,1191.40745454915,22.9117647058824,27297.2472674642,1516.51373708135,0.397135818183049,PCR-GLOBWB,python,b1,3.0,0.0007369885335474095,4070.619641203704
521,func_metrics_14_PCR-GLOBWB_python,./models/14_PCR-GLOBWB_model/model/virtualOS.py,getMapTotal,FUNCTION,1879,1,A,4.0,5.0,106.274033872509,5.33333333333333,566.794847320047,31.4886026288915,0.0354246779575029,PCR-GLOBWB,python,b1,2.0,0.0004913256890316063,4070.619641203704
522,func_metrics_14_PCR-GLOBWB_python,./models/14_PCR-GLOBWB_model/model/virtualOS.py,getMapTotalHighPrecisionButOnlyForPositiveValues_NEEDMORETEST,FUNCTION,1885,4,A,17.0,32.0,971.783475125481,33.0,32068.8546791409,1781.60303773005,0.323927825041827,PCR-GLOBWB,python,b1,8.0,0.0019653027561264253,4070.619641203704
523,func_metrics_14_PCR-GLOBWB_python,./models/14_PCR-GLOBWB_model/model/virtualOS.py,get_rowColAboveThreshold,FUNCTION,1918,5,A,8.0,10.0,411.198293762111,17.6,7237.08997021315,402.06055390073,0.137066097920704,PCR-GLOBWB,python,b1,1.0,0.00024566284451580316,4070.619641203704
524,func_metrics_14_PCR-GLOBWB_python,./models/14_PCR-GLOBWB_model/model/virtualOS.py,getLastDayOfMonth,FUNCTION,1930,2,A,5.0,6.0,218.512149313228,13.2,2884.3603709346,160.2422428297,0.0728373831044092,PCR-GLOBWB,python,b1,1.0,0.00024566284451580316,4070.619641203704
525,func_metrics_14_PCR-GLOBWB_python,./models/14_PCR-GLOBWB_model/model/virtualOS.py,getMinMaxMean,FUNCTION,1939,5,A,12.0,12.0,661.677509185901,23.5789473684211,15601.6591639623,866.758842442349,0.220559169728634,PCR-GLOBWB,python,b1,4.0,0.0009826513780632126,4070.619641203704
526,func_metrics_14_PCR-GLOBWB_python,./models/14_PCR-GLOBWB_model/model/virtualOS.py,getMapVolume,FUNCTION,1952,1,A,4.0,4.0,92.0,6.42857142857143,591.428571428572,32.8571428571429,0.0306666666666667,PCR-GLOBWB,python,b1,2.0,0.0004913256890316063,4070.619641203704
527,func_metrics_14_PCR-GLOBWB_python,./models/14_PCR-GLOBWB_model/model/virtualOS.py,secondsPerDay,FUNCTION,1957,1,A,2.0,2.0,38.0391000173078,4.0,152.156400069231,8.4531333371795,0.0126797000057692,PCR-GLOBWB,python,b1,1.0,0.00024566284451580316,4070.619641203704
528,func_metrics_14_PCR-GLOBWB_python,./models/14_PCR-GLOBWB_model/model/virtualOS.py,getValDivZero,FUNCTION,1960,1,A,2.0,7.0,164.23326760572,8.5,1395.98277464862,77.5545985915899,0.0547444225352399,PCR-GLOBWB,python,b1,1.0,0.00024566284451580316,4070.619641203704
529,func_metrics_14_PCR-GLOBWB_python,./models/14_PCR-GLOBWB_model/model/virtualOS.py,getValFloatDivZero,FUNCTION,1968,2,A,5.0,10.0,133.437600046154,10.2142857142857,1362.9697719,75.7205428833334,0.0444792000153847,PCR-GLOBWB,python,b1,1.0,0.00024566284451580316,4070.619641203704
530,func_metrics_14_PCR-GLOBWB_python,./models/14_PCR-GLOBWB_model/model/virtualOS.py,retrieveMapValue,FUNCTION,1980,4,A,9.0,10.0,393.462741309959,16.0,6295.40386095935,349.744658942186,0.13115424710332,PCR-GLOBWB,python,b1,2.0,0.0004913256890316063,4070.619641203704
531,func_metrics_14_PCR-GLOBWB_python,./models/14_PCR-GLOBWB_model/model/virtualOS.py,returnMapValue,FUNCTION,1991,5,A,12.0,16.0,497.540452643662,18.5263157894737,9217.59154371416,512.088419095231,0.165846817547887,PCR-GLOBWB,python,b1,2.0,0.0004913256890316063,4070.619641203704
532,func_metrics_14_PCR-GLOBWB_python,./models/14_PCR-GLOBWB_model/model/virtualOS.py,getQAtBasinMouths,FUNCTION,2008,1,A,4.0,4.0,191.755559601404,9.0,1725.80003641263,95.8777798007019,0.0639185198671346,PCR-GLOBWB,python,b1,1.0,0.00024566284451580316,4070.619641203704
533,func_metrics_14_PCR-GLOBWB_python,./models/14_PCR-GLOBWB_model/model/virtualOS.py,regridMapFile2FinerGrid,FUNCTION,2013,2,A,4.0,4.0,178.412955564631,8.1,1445.14494007351,80.2858300040838,0.0594709851882102,PCR-GLOBWB,python,b1,1.0,0.00024566284451580316,4070.619641203704
534,func_metrics_14_PCR-GLOBWB_python,./models/14_PCR-GLOBWB_model/model/virtualOS.py,regridData2FinerGrid,FUNCTION,2018,4,A,17.0,21.0,840.752469270144,31.0434782608696,26099.8810025601,1449.99338903112,0.280250823090048,PCR-GLOBWB,python,b1,1.0,0.00024566284451580316,4070.619641203704
535,func_metrics_14_PCR-GLOBWB_python,./models/14_PCR-GLOBWB_model/model/virtualOS.py,regridToCoarse,FUNCTION,2040,9,B,22.0,22.0,1283.11002473753,34.9464285714286,44840.1128287742,2491.11737937634,0.427703341579178,PCR-GLOBWB,python,b1,1.0,0.00024566284451580316,4070.619641203704
536,func_metrics_14_PCR-GLOBWB_python,./models/14_PCR-GLOBWB_model/model/virtualOS.py,waterBalanceCheck,FUNCTION,2064,8,B,28.0,34.0,999.708287629087,24.6774193548387,24670.2206463307,1370.56781368504,0.333236095876362,PCR-GLOBWB,python,b1,7.0,0.0017196399116106223,4070.619641203704
537,func_metrics_14_PCR-GLOBWB_python,./models/14_PCR-GLOBWB_model/model/virtualOS.py,waterBalance,FUNCTION,2116,6,B,23.0,71.0,1094.48442588309,26.4848484848485,28987.25418854,1610.40301047445,0.36482814196103,PCR-GLOBWB,python,b1,3.0,0.0007369885335474095,4070.619641203704
538,func_metrics_14_PCR-GLOBWB_python,./models/14_PCR-GLOBWB_model/model/virtualOS.py,waterAbstractionAndAllocationHighPrecision_NEEDMORETEST,FUNCTION,2190,8,B,52.0,85.0,2836.75768402266,52.9,150064.481484799,8336.91563804437,0.945585894674219,PCR-GLOBWB,python,b1,11.0,0.0033073885567439214,3325.8868171296294
539,func_metrics_14_PCR-GLOBWB_python,./models/14_PCR-GLOBWB_model/model/virtualOS.py,waterAbstractionAndAllocationFAILED,FUNCTION,2276,8,B,91.0,142.0,4675.17146208026,65.16,304634.17246915,16924.1206927305,1.55839048736009,PCR-GLOBWB,python,b1,4.0,0.0009826513780632126,4070.619641203704
540,func_metrics_14_PCR-GLOBWB_python,./models/14_PCR-GLOBWB_model/model/virtualOS.py,waterAbstractionAndAllocation,FUNCTION,2419,11,C,65.0,105.0,3284.23117115834,56.5714285714286,185793.649111243,10321.8693950691,1.09474372371945,PCR-GLOBWB,python,b2,4.0,0.0009826513780632126,4070.619641203704
541,func_metrics_14_PCR-GLOBWB_python,./models/14_PCR-GLOBWB_model/model/virtualOS.py,waterAbstractionAndAllocationBeforeRefactoringFinalizing,FUNCTION,2525,8,B,53.0,89.0,2537.4687613715,46.0540540540541,116860.723496677,6492.26241648203,0.845822920457166,PCR-GLOBWB,python,b1,4.0,0.0009826513780632126,4070.619641203704
542,func_metrics_14_PCR-GLOBWB_python,./models/14_PCR-GLOBWB_model/model/virtualOS.py,waterAbstractionAndAllocationOLD,FUNCTION,2615,10,B,74.0,101.0,3522.85797851236,57.1395348837209,201294.466353601,11183.0259085334,1.17428599283745,PCR-GLOBWB,python,b1,8.0,0.0019653027561264253,4070.619641203704
543,func_metrics_14_PCR-GLOBWB_python,./models/14_PCR-GLOBWB_model/model/virtualOS.py,findLastYearInNCFile,FUNCTION,2717,2,A,8.0,13.0,243.003012538221,11.0,2673.03313792043,148.50184099558,0.0810010041794071,PCR-GLOBWB,python,b1,7.0,0.0017913995334920742,3907.559351851852
544,func_metrics_14_PCR-GLOBWB_python,./models/14_PCR-GLOBWB_model/model/virtualOS.py,findLastYearInNCTime,FUNCTION,2731,1,A,5.0,8.0,149.338792374478,8.25,1232.04503708944,68.446946504969,0.0497795974581593,PCR-GLOBWB,python,b1,13.0,0.003326884847913852,3907.559351851852
545,func_metrics_14_PCR-GLOBWB_python,./models/14_PCR-GLOBWB_model/model/virtualOS.py,findFirstYearInNCTime,FUNCTION,2740,1,A,5.0,8.0,123.189897889864,7.22222222222222,889.704818093462,49.4280454496368,0.0410632992966213,PCR-GLOBWB,python,b1,2.0,0.0005118284381405927,3907.559351851852
546,func_metrics_14_PCR-GLOBWB_python,./models/14_PCR-GLOBWB_model/model/virtualOS.py,cmd_line,FUNCTION,2749,2,A,8.0,10.0,345.0,7.04545454545455,2430.68181818182,135.037878787879,0.115,PCR-GLOBWB,python,b1,1.0,0.0002593508467516979,3855.7807407407404
547,func_metrics_14_PCR-GLOBWB_python,./models/14_PCR-GLOBWB_model/model/virtualOS.py,plot_variable,FUNCTION,2760,2,A,7.0,10.0,266.890155407364,10.7692307692308,2874.20167361776,159.677870756542,0.0889633851357879,PCR-GLOBWB,python,b1,4.0,0.0010879816715383963,3676.532523148148
548,func_metrics_14_PCR-GLOBWB_python,./models/14_PCR-GLOBWB_model/model/virtualOS.py,deg2rad,FUNCTION,2772,1,A,2.0,3.0,41.5131794236476,4.375,181.620159978458,10.0900088876921,0.0138377264745492,PCR-GLOBWB,python,b1,1.0,0.0004840227127657966,2066.0187499999997
549,func_metrics_14_PCR-GLOBWB_python,./models/14_PCR-GLOBWB_model/model/virtualOS.py,rad2deg,FUNCTION,2776,1,A,2.0,3.0,41.5131794236476,4.375,181.620159978458,10.0900088876921,0.0138377264745492,PCR-GLOBWB,python,b1,1.0,0.0004840227127657966,2066.0187499999997
550,func_metrics_14_PCR-GLOBWB_python,./models/14_PCR-GLOBWB_model/model/virtualOS.py, virtualOS.py  (module  aggregate) ,MODULE_AGG,1,480,F,,,,,,,,PCR-GLOBWB,python,b4,,,
551,func_metrics_14_PCR-GLOBWB_python,./models/14_PCR-GLOBWB_model/model/waterBodies.py,<module>,FUNCTION,1,1,A,7.0,,118.94197037642,4.72727272727273,562.271132688533,31.2372851493629,0.0396473234588068,PCR-GLOBWB,python,b1,,,
552,func_metrics_14_PCR-GLOBWB_python,./models/14_PCR-GLOBWB_model/model/waterBodies.py,WaterBodies,CLASS,37,5,A,408.0,618.0,27296.1962087313,179.039007092199,4887083.86660509,271504.659255838,9.0987320695771,PCR-GLOBWB,python,b1,70.0,0.017196399116106223,4070.619641203704
553,func_metrics_14_PCR-GLOBWB_python,./models/14_PCR-GLOBWB_model/model/waterBodies.py,WaterBodies.__init__,METHOD,39,12,C,49.0,70.0,2613.1347263458,38.3928571428571,100325.708243634,5573.65045797964,0.871044908781935,PCR-GLOBWB,python,b2,14.0,0.0034392798232212446,4070.619641203704
554,func_metrics_14_PCR-GLOBWB_python,./models/14_PCR-GLOBWB_model/model/waterBodies.py,WaterBodies.getParameterFiles,METHOD,111,20,C,175.0,249.0,11168.3222550113,119.032467532468,1329392.95621177,73855.1642339871,3.72277408500377,PCR-GLOBWB,python,b2,37.0,0.009089525247084717,4070.619641203704
555,func_metrics_14_PCR-GLOBWB_python,./models/14_PCR-GLOBWB_model/model/waterBodies.py,WaterBodies.getICs,METHOD,361,2,A,18.0,29.0,946.251495283893,28.4210526315789,26893.4635501738,1494.08130834299,0.315417165094631,PCR-GLOBWB,python,b1,12.0,0.002947954134189638,4070.619641203704
556,func_metrics_14_PCR-GLOBWB_python,./models/14_PCR-GLOBWB_model/model/waterBodies.py,WaterBodies.update,METHOD,391,3,A,31.0,39.0,1191.70215043411,19.8,23595.7025785953,1310.87236547752,0.397234050144702,PCR-GLOBWB,python,b1,8.0,0.0019653027561264253,4070.619641203704
557,func_metrics_14_PCR-GLOBWB_python,./models/14_PCR-GLOBWB_model/model/waterBodies.py,WaterBodies.moveFromChannelToWaterBody,METHOD,432,1,A,16.0,32.0,696.126388471467,16.5,11486.0854097792,638.115856098845,0.232042129490489,PCR-GLOBWB,python,b1,4.0,0.0009826513780632126,4070.619641203704
558,func_metrics_14_PCR-GLOBWB_python,./models/14_PCR-GLOBWB_model/model/waterBodies.py,WaterBodies.getWaterBodyOutflow,METHOD,465,2,A,25.0,46.0,1242.9520650714,23.3793103448276,29059.3620730485,1614.40900405825,0.414317355023799,PCR-GLOBWB,python,b1,13.0,0.003193616978705441,4070.619641203704
559,func_metrics_14_PCR-GLOBWB_python,./models/14_PCR-GLOBWB_model/model/waterBodies.py,WaterBodies.weirFormula,METHOD,512,1,A,7.0,7.0,228.400505984496,12.65,2889.26640070387,160.514800039104,0.0761335019948319,PCR-GLOBWB,python,b1,1.0,0.00024566284451580316,4070.619641203704
560,func_metrics_14_PCR-GLOBWB_python,./models/14_PCR-GLOBWB_model/model/waterBodies.py,WaterBodies.getLakeOutflow,METHOD,520,1,A,31.0,47.0,1315.72302009159,25.9,34077.2262203722,1893.17923446512,0.43857434003053,PCR-GLOBWB,python,b1,7.0,0.0017196399116106223,4070.619641203704
561,func_metrics_14_PCR-GLOBWB_python,./models/14_PCR-GLOBWB_model/model/waterBodies.py,WaterBodies.getReservoirOutflow,METHOD,568,1,A,55.0,87.0,2632.8751156952,47.7272727272727,125659.948703635,6981.10826131303,0.877625038565067,PCR-GLOBWB,python,b1,14.0,0.0034392798232212446,4070.619641203704
562,func_metrics_14_PCR-GLOBWB_python,./models/14_PCR-GLOBWB_model/model/waterBodies.py, WaterBodies  (aggregate) ,CLASS_AGG,39,43,F,,,,,,,,PCR-GLOBWB,python,b3,,,
563,func_metrics_14_PCR-GLOBWB_python,./models/14_PCR-GLOBWB_model/model/waterBodies.py, waterBodies.py  (module  aggregate) ,MODULE_AGG,1,43,F,,,,,,,,PCR-GLOBWB,python,b3,,,
564,func_metrics_14_PCR-GLOBWB_python,./models/14_PCR-GLOBWB_model/model/etc/deterministic_runner_for_monthly_modflow_and_merging.py,<module>,FUNCTION,1,4,A,24.0,,472.085033659083,8.01666666666667,3784.54835316698,210.252686287054,0.157361677886361,PCR-GLOBWB,python,b1,,,
565,func_metrics_14_PCR-GLOBWB_python,./models/14_PCR-GLOBWB_model/model/etc/deterministic_runner_for_monthly_modflow_and_merging.py,main,FUNCTION,244,6,B,20.0,35.0,873.509058981968,15.3064516129032,13370.3241447401,742.795785818895,0.291169686327323,PCR-GLOBWB,python,b1,1.0,0.00043375726127352067,2305.436909722222
566,func_metrics_14_PCR-GLOBWB_python,./models/14_PCR-GLOBWB_model/model/etc/deterministic_runner_for_monthly_modflow_and_merging.py,DeterministicRunner,CLASS,54,8,B,119.0,189.0,7415.32908464619,73.3125,543636.313518124,30202.0174176736,2.47177636154873,PCR-GLOBWB,python,b1,1.0,0.0005457030401533223,1832.4984953703706
567,func_metrics_14_PCR-GLOBWB_python,./models/14_PCR-GLOBWB_model/model/etc/deterministic_runner_for_monthly_modflow_and_merging.py,DeterministicRunner.__init__,METHOD,56,5,A,19.0,36.0,839.668402150974,22.1666666666667,18612.6495810132,1034.03608783407,0.279889467383658,PCR-GLOBWB,python,b1,1.0,0.00043375726127352067,2305.436909722222
568,func_metrics_14_PCR-GLOBWB_python,./models/14_PCR-GLOBWB_model/model/etc/deterministic_runner_for_monthly_modflow_and_merging.py,DeterministicRunner.initial,METHOD,93,2,A,3.0,5.0,71.6992500144231,4.0,286.797000057692,15.9331666698718,0.0238997500048077,PCR-GLOBWB,python,b1,1.0,0.00043375726127352067,2305.436909722222
569,func_metrics_14_PCR-GLOBWB_python,./models/14_PCR-GLOBWB_model/model/etc/deterministic_runner_for_monthly_modflow_and_merging.py,DeterministicRunner.dynamic,METHOD,99,19,C,61.0,96.0,3610.1379539559,44.625,161102.406195282,8950.13367751566,1.2033793179853,PCR-GLOBWB,python,b2,1.0,0.0005457030401533223,1832.4984953703706
570,func_metrics_14_PCR-GLOBWB_python,./models/14_PCR-GLOBWB_model/model/etc/deterministic_runner_for_monthly_modflow_and_merging.py,DeterministicRunner.merging_netcdf_files,METHOD,197,2,A,18.0,24.0,847.867700236539,18.75,15897.5193794351,883.195521079728,0.282622566745513,PCR-GLOBWB,python,b1,1.0,0.00043375726127352067,2305.436909722222
571,func_metrics_14_PCR-GLOBWB_python,./models/14_PCR-GLOBWB_model/model/etc/deterministic_runner_for_monthly_modflow_and_merging.py,DeterministicRunner.check_pcrglobwb_status,METHOD,222,9,B,17.0,21.0,938.273700121154,27.1428571428571,25467.4290032885,1414.85716684936,0.312757900040385,PCR-GLOBWB,python,b1,2.0,0.0008675145225470413,2305.436909722222
572,func_metrics_14_PCR-GLOBWB_python,./models/14_PCR-GLOBWB_model/model/etc/deterministic_runner_for_monthly_modflow_and_merging.py, DeterministicRunner  (aggregate) ,CLASS_AGG,56,37,E,,,,,,,,PCR-GLOBWB,python,b3,,,
573,func_metrics_14_PCR-GLOBWB_python,./models/14_PCR-GLOBWB_model/model/etc/deterministic_runner_for_monthly_modflow_and_merging.py, deterministic_runner_for_monthly_modflow_and_merging.py  (module  aggregate) ,MODULE_AGG,1,43,F,,,,,,,,PCR-GLOBWB,python,b3,,,
574,func_metrics_14_PCR-GLOBWB_python,./models/14_PCR-GLOBWB_model/model/etc/deterministic_runner_for_monthly_modflow_and_merging_ulysses.py,<module>,FUNCTION,1,4,A,24.0,,472.085033659083,8.01666666666667,3784.54835316698,210.252686287054,0.157361677886361,PCR-GLOBWB,python,b1,,,
575,func_metrics_14_PCR-GLOBWB_python,./models/14_PCR-GLOBWB_model/model/etc/deterministic_runner_for_monthly_modflow_and_merging_ulysses.py,main,FUNCTION,266,6,B,20.0,35.0,873.509058981968,15.3064516129032,13370.3241447401,742.795785818895,0.291169686327323,PCR-GLOBWB,python,b1,1.0,0.00043375726127352067,2305.436909722222
576,func_metrics_14_PCR-GLOBWB_python,./models/14_PCR-GLOBWB_model/model/etc/deterministic_runner_for_monthly_modflow_and_merging_ulysses.py,DeterministicRunner,CLASS,54,9,B,122.0,211.0,7777.47604547506,81.7901234567901,636120.725941633,35340.0403300907,2.59249201515835,PCR-GLOBWB,python,b1,1.0,0.0005457030401533223,1832.4984953703706
577,func_metrics_14_PCR-GLOBWB_python,./models/14_PCR-GLOBWB_model/model/etc/deterministic_runner_for_monthly_modflow_and_merging_ulysses.py,DeterministicRunner.__init__,METHOD,56,6,B,20.0,37.0,937.571600808165,23.6538461538462,22177.1744037316,1232.06524465176,0.312523866936055,PCR-GLOBWB,python,b1,1.0,0.0005457030401533223,1832.4984953703706
578,func_metrics_14_PCR-GLOBWB_python,./models/14_PCR-GLOBWB_model/model/etc/deterministic_runner_for_monthly_modflow_and_merging_ulysses.py,DeterministicRunner.initial,METHOD,94,2,A,3.0,5.0,71.6992500144231,4.0,286.797000057692,15.9331666698718,0.0238997500048077,PCR-GLOBWB,python,b1,1.0,0.00043375726127352067,2305.436909722222
579,func_metrics_14_PCR-GLOBWB_python,./models/14_PCR-GLOBWB_model/model/etc/deterministic_runner_for_monthly_modflow_and_merging_ulysses.py,DeterministicRunner.dynamic,METHOD,100,19,C,61.0,102.0,3610.1379539559,44.625,161102.406195282,8950.13367751566,1.2033793179853,PCR-GLOBWB,python,b2,1.0,0.0005457030401533223,1832.4984953703706
580,func_metrics_14_PCR-GLOBWB_python,./models/14_PCR-GLOBWB_model/model/etc/deterministic_runner_for_monthly_modflow_and_merging_ulysses.py,DeterministicRunner.merging_netcdf_files,METHOD,204,2,A,18.0,37.0,847.867700236539,18.75,15897.5193794351,883.195521079728,0.282622566745513,PCR-GLOBWB,python,b1,1.0,0.0005457030401533223,1832.4984953703706
581,func_metrics_14_PCR-GLOBWB_python,./models/14_PCR-GLOBWB_model/model/etc/deterministic_runner_for_monthly_modflow_and_merging_ulysses.py,DeterministicRunner.check_pcrglobwb_status,METHOD,242,11,C,19.0,23.0,1122.94196882304,33.75,37899.2914477777,2105.5161915432,0.374313989607681,PCR-GLOBWB,python,b2,1.0,0.0005457030401533223,1832.4984953703706
582,func_metrics_14_PCR-GLOBWB_python,./models/14_PCR-GLOBWB_model/model/etc/deterministic_runner_for_monthly_modflow_and_merging_ulysses.py, DeterministicRunner  (aggregate) ,CLASS_AGG,56,40,E,,,,,,,,PCR-GLOBWB,python,b3,,,
583,func_metrics_14_PCR-GLOBWB_python,./models/14_PCR-GLOBWB_model/model/etc/deterministic_runner_for_monthly_modflow_and_merging_ulysses.py, deterministic_runner_for_monthly_modflow_and_merging_ulysses.py  (module  aggregate) ,MODULE_AGG,1,46,F,,,,,,,,PCR-GLOBWB,python,b3,,,
584,func_metrics_14_PCR-GLOBWB_python,./models/14_PCR-GLOBWB_model/model/etc/deterministic_runner_glue_with_parallel_and_modflow_options.py,<module>,FUNCTION,1,2,A,17.0,,396.405166414669,6.20689655172414,2460.44586050484,136.691436694713,0.132135055471556,PCR-GLOBWB,python,b1,,,
585,func_metrics_14_PCR-GLOBWB_python,./models/14_PCR-GLOBWB_model/model/etc/deterministic_runner_glue_with_parallel_and_modflow_options.py,main,FUNCTION,327,14,C,47.0,80.0,2742.78721529909,40.3921568627451,110787.091441493,6154.83841341626,0.914262405099696,PCR-GLOBWB,python,b2,1.0,0.00043375726127352067,2305.436909722222
586,func_metrics_14_PCR-GLOBWB_python,./models/14_PCR-GLOBWB_model/model/etc/deterministic_runner_glue_with_parallel_and_modflow_options.py,DeterministicRunner,CLASS,45,7,B,174.0,280.0,15589.4252290738,157.989583333333,2462966.79634752,136831.488685973,5.19647507635792,PCR-GLOBWB,python,b1,1.0,0.00043375726127352067,2305.436909722222
587,func_metrics_14_PCR-GLOBWB_python,./models/14_PCR-GLOBWB_model/model/etc/deterministic_runner_glue_with_parallel_and_modflow_options.py,DeterministicRunner.__init__,METHOD,47,4,A,10.0,17.0,539.750170771355,18.421052631579,9942.76630368285,552.375905760158,0.179916723590452,PCR-GLOBWB,python,b1,1.0,0.00043375726127352067,2305.436909722222
588,func_metrics_14_PCR-GLOBWB_python,./models/14_PCR-GLOBWB_model/model/etc/deterministic_runner_glue_with_parallel_and_modflow_options.py,DeterministicRunner.adusting_parameters,METHOD,66,9,B,113.0,184.0,10685.1837720658,147.921052631579,1580563.63112584,87809.0906181023,3.56172792402194,PCR-GLOBWB,python,b1,1.0,0.00043375726127352067,2305.436909722222
589,func_metrics_14_PCR-GLOBWB_python,./models/14_PCR-GLOBWB_model/model/etc/deterministic_runner_glue_with_parallel_and_modflow_options.py,DeterministicRunner.initial,METHOD,251,1,A,2.0,2.0,19.6514844544032,2.5,49.1287111360081,2.72937284088934,0.0065504948181344,PCR-GLOBWB,python,b1,1.0,0.00043375726127352067,2305.436909722222
590,func_metrics_14_PCR-GLOBWB_python,./models/14_PCR-GLOBWB_model/model/etc/deterministic_runner_glue_with_parallel_and_modflow_options.py,DeterministicRunner.dynamic,METHOD,254,16,C,28.0,45.0,1317.95779313605,24.8392857142857,32737.1301830758,1818.72945461532,0.439319264378683,PCR-GLOBWB,python,b2,1.0,0.00043375726127352067,2305.436909722222
591,func_metrics_14_PCR-GLOBWB_python,./models/14_PCR-GLOBWB_model/model/etc/deterministic_runner_glue_with_parallel_and_modflow_options.py,DeterministicRunner.check_modflow_status,METHOD,300,5,A,10.0,12.0,426.060882693271,12.9473684210526,5516.36721802867,306.464845446037,0.14202029423109,PCR-GLOBWB,python,b1,1.0,0.00043375726127352067,2305.436909722222
592,func_metrics_14_PCR-GLOBWB_python,./models/14_PCR-GLOBWB_model/model/etc/deterministic_runner_glue_with_parallel_and_modflow_options.py,DeterministicRunner.check_merging_status,METHOD,313,5,A,10.0,12.0,426.060882693271,12.9473684210526,5516.36721802867,306.464845446037,0.14202029423109,PCR-GLOBWB,python,b1,1.0,0.00043375726127352067,2305.436909722222
593,func_metrics_14_PCR-GLOBWB_python,./models/14_PCR-GLOBWB_model/model/etc/deterministic_runner_glue_with_parallel_and_modflow_options.py, DeterministicRunner  (aggregate) ,CLASS_AGG,47,40,E,,,,,,,,PCR-GLOBWB,python,b3,,,
594,func_metrics_14_PCR-GLOBWB_python,./models/14_PCR-GLOBWB_model/model/etc/deterministic_runner_glue_with_parallel_and_modflow_options.py, deterministic_runner_glue_with_parallel_and_modflow_options.py  (module  aggregate) ,MODULE_AGG,1,54,F,,,,,,,,PCR-GLOBWB,python,b4,,,
595,func_metrics_14_PCR-GLOBWB_python,./models/14_PCR-GLOBWB_model/model/etc/deterministic_runner_glue_with_parallel_and_modflow_options_for_jessica.py,<module>,FUNCTION,1,2,A,17.0,,396.405166414669,6.20689655172414,2460.44586050484,136.691436694713,0.132135055471556,PCR-GLOBWB,python,b1,,,
596,func_metrics_14_PCR-GLOBWB_python,./models/14_PCR-GLOBWB_model/model/etc/deterministic_runner_glue_with_parallel_and_modflow_options_for_jessica.py,main,FUNCTION,352,14,C,47.0,80.0,2742.78721529909,40.3921568627451,110787.091441493,6154.83841341626,0.914262405099696,PCR-GLOBWB,python,b2,1.0,0.0004568185087505568,2189.053159722222
597,func_metrics_14_PCR-GLOBWB_python,./models/14_PCR-GLOBWB_model/model/etc/deterministic_runner_glue_with_parallel_and_modflow_options_for_jessica.py,DeterministicRunner,CLASS,45,5,A,165.0,305.0,15245.761853725,145.546875,2218972.99480388,123276.277489104,5.08192061790832,PCR-GLOBWB,python,b1,6.0,0.002740911052503341,2189.053159722222
598,func_metrics_14_PCR-GLOBWB_python,./models/14_PCR-GLOBWB_model/model/etc/deterministic_runner_glue_with_parallel_and_modflow_options_for_jessica.py,DeterministicRunner.__init__,METHOD,47,4,A,10.0,17.0,539.750170771355,18.421052631579,9942.76630368285,552.375905760158,0.179916723590452,PCR-GLOBWB,python,b1,1.0,0.0004568185087505568,2189.053159722222
599,func_metrics_14_PCR-GLOBWB_python,./models/14_PCR-GLOBWB_model/model/etc/deterministic_runner_glue_with_parallel_and_modflow_options_for_jessica.py,DeterministicRunner.adusting_parameters,METHOD,66,10,B,123.0,209.0,11659.5869791485,143.833333333333,1677037.26050085,93168.7366944919,3.88652899304949,PCR-GLOBWB,python,b1,5.0,0.0022840925437527843,2189.053159722222
600,func_metrics_14_PCR-GLOBWB_python,./models/14_PCR-GLOBWB_model/model/etc/deterministic_runner_glue_with_parallel_and_modflow_options_for_jessica.py,DeterministicRunner.initial,METHOD,276,1,A,2.0,2.0,19.6514844544032,2.5,49.1287111360081,2.72937284088934,0.0065504948181344,PCR-GLOBWB,python,b1,1.0,0.0004568185087505568,2189.053159722222
601,func_metrics_14_PCR-GLOBWB_python,./models/14_PCR-GLOBWB_model/model/etc/deterministic_runner_glue_with_parallel_and_modflow_options_for_jessica.py,DeterministicRunner.dynamic,METHOD,279,2,A,9.0,20.0,376.035177451287,9.52941176470588,3583.39404394756,199.077446885976,0.125345059150429,PCR-GLOBWB,python,b1,2.0,0.0009136370175011136,2189.053159722222
602,func_metrics_14_PCR-GLOBWB_python,./models/14_PCR-GLOBWB_model/model/etc/deterministic_runner_glue_with_parallel_and_modflow_options_for_jessica.py,DeterministicRunner.check_modflow_status,METHOD,325,5,A,10.0,12.0,426.060882693271,12.9473684210526,5516.36721802867,306.464845446037,0.14202029423109,PCR-GLOBWB,python,b1,1.0,0.0004568185087505568,2189.053159722222
603,func_metrics_14_PCR-GLOBWB_python,./models/14_PCR-GLOBWB_model/model/etc/deterministic_runner_glue_with_parallel_and_modflow_options_for_jessica.py,DeterministicRunner.check_merging_status,METHOD,338,5,A,10.0,12.0,426.060882693271,12.9473684210526,5516.36721802867,306.464845446037,0.14202029423109,PCR-GLOBWB,python,b1,1.0,0.0004568185087505568,2189.053159722222
604,func_metrics_14_PCR-GLOBWB_python,./models/14_PCR-GLOBWB_model/model/etc/deterministic_runner_glue_with_parallel_and_modflow_options_for_jessica.py, DeterministicRunner  (aggregate) ,CLASS_AGG,47,27,D,,,,,,,,PCR-GLOBWB,python,b3,,,
605,func_metrics_14_PCR-GLOBWB_python,./models/14_PCR-GLOBWB_model/model/etc/deterministic_runner_glue_with_parallel_and_modflow_options_for_jessica.py, deterministic_runner_glue_with_parallel_and_modflow_options_for_jessica.py  (module  aggregate) ,MODULE_AGG,1,41,F,,,,,,,,PCR-GLOBWB,python,b3,,,
606,func_metrics_14_PCR-GLOBWB_python,./models/14_PCR-GLOBWB_model/model/evaporation/hamonETPFunctions.py,<module>,FUNCTION,1,1,A,3.0,,28.073549220576,1.0,28.073549220576,1.55964162336534,0.009357849740192,PCR-GLOBWB,python,b1,,,
607,func_metrics_14_PCR-GLOBWB_python,./models/14_PCR-GLOBWB_model/model/evaporation/hamonETPFunctions.py,HamonPotET,FUNCTION,42,3,A,11.0,23.0,406.244097451724,14.0833333333333,5721.27103911178,317.848391061765,0.135414699150575,PCR-GLOBWB,python,b1,6.0,0.001473977067094819,4070.619641203704
608,func_metrics_14_PCR-GLOBWB_python,./models/14_PCR-GLOBWB_model/model/evaporation/hamonETPFunctions.py,dayLength,FUNCTION,67,1,A,14.0,14.0,1282.04063599509,40.25,51602.1355988022,2866.78531104457,0.427346878665029,PCR-GLOBWB,python,b1,3.0,0.0007369885335474095,4070.619641203704
609,func_metrics_14_PCR-GLOBWB_python,./models/14_PCR-GLOBWB_model/model/evaporation/hamonETPFunctions.py,satPressure,FUNCTION,83,1,A,5.0,6.0,225.14015821251,19.7142857142857,4438.47740476091,246.582078042273,0.07504671940417,PCR-GLOBWB,python,b1,1.0,0.00024566284451580316,4070.619641203704
610,func_metrics_14_PCR-GLOBWB_python,./models/14_PCR-GLOBWB_model/model/evaporation/hamonETPFunctions.py, hamonETPFunctions.py  (module  aggregate) ,MODULE_AGG,1,5,A,,,,,,,,PCR-GLOBWB,python,b1,,,
611,func_metrics_14_PCR-GLOBWB_python,./models/14_PCR-GLOBWB_model/model/evaporation/ref_pot_et_penman_monteith.py,<module>,FUNCTION,1,2,A,7.0,,118.94197037642,4.72727272727273,562.271132688533,31.2372851493629,0.0396473234588068,PCR-GLOBWB,python,b1,,,
612,func_metrics_14_PCR-GLOBWB_python,./models/14_PCR-GLOBWB_model/model/evaporation/ref_pot_et_penman_monteith.py,computeDefaultPressure,FUNCTION,27,1,A,3.0,5.0,85.1101135172451,10.125,861.739899362107,47.8744388534504,0.0283700378390817,PCR-GLOBWB,python,b1,1.0,0.0004842086012798395,2065.225601851852
613,func_metrics_14_PCR-GLOBWB_python,./models/14_PCR-GLOBWB_model/model/evaporation/ref_pot_et_penman_monteith.py,getLatentHeatVaporization,FUNCTION,33,1,A,3.0,4.0,44.9726110422849,5.25,236.106207971996,13.1170115539998,0.0149908703474283,PCR-GLOBWB,python,b1,1.0,0.0004842086012798395,2065.225601851852
614,func_metrics_14_PCR-GLOBWB_python,./models/14_PCR-GLOBWB_model/model/evaporation/ref_pot_et_penman_monteith.py,getSaturatedVapourPressure,FUNCTION,38,1,A,3.0,4.0,93.7653742946044,7.5,703.240307209533,39.0689059560852,0.0312551247648682,PCR-GLOBWB,python,b1,1.0,0.0004842086012798395,2065.225601851852
615,func_metrics_14_PCR-GLOBWB_python,./models/14_PCR-GLOBWB_model/model/evaporation/ref_pot_et_penman_monteith.py,getSlopeVapourPressureCurve,FUNCTION,44,1,A,3.0,3.0,97.672264890213,9.0,879.050384011917,48.8361324451065,0.032557421630071,PCR-GLOBWB,python,b1,1.0,0.0004842086012798395,2065.225601851852
616,func_metrics_14_PCR-GLOBWB_python,./models/14_PCR-GLOBWB_model/model/evaporation/ref_pot_et_penman_monteith.py,getPsychrometricConstant,FUNCTION,48,1,A,4.0,4.0,95.1838730514401,6.66666666666667,634.559153676267,35.2532863153482,0.0317279576838134,PCR-GLOBWB,python,b1,1.0,0.0004842086012798395,2065.225601851852
617,func_metrics_14_PCR-GLOBWB_python,./models/14_PCR-GLOBWB_model/model/evaporation/ref_pot_et_penman_monteith.py,getLongWaveRadiation,FUNCTION,53,2,A,14.0,32.0,569.795838220038,18.9,10769.1413423587,598.28563013104,0.189931946073346,PCR-GLOBWB,python,b1,2.0,0.000968417202559679,2065.225601851852
618,func_metrics_14_PCR-GLOBWB_python,./models/14_PCR-GLOBWB_model/model/evaporation/ref_pot_et_penman_monteith.py,getShortWaveRadiationFraction,FUNCTION,86,2,A,21.0,34.0,1162.85893476974,38.38,44630.5259164628,2479.47366202571,0.387619644923248,PCR-GLOBWB,python,b1,1.0,0.0004842086012798395,2065.225601851852
619,func_metrics_14_PCR-GLOBWB_python,./models/14_PCR-GLOBWB_model/model/evaporation/ref_pot_et_penman_monteith.py,updateShortWaveRadiation,FUNCTION,121,1,A,4.0,4.0,97.672264890213,8.25,805.796185344257,44.7664547413476,0.032557421630071,PCR-GLOBWB,python,b1,1.0,0.0004842086012798395,2065.225601851852
620,func_metrics_14_PCR-GLOBWB_python,./models/14_PCR-GLOBWB_model/model/evaporation/ref_pot_et_penman_monteith.py,main,FUNCTION,259,3,A,36.0,47.0,2301.1260869744,25.1875,57959.6133156677,3219.97851753709,0.767042028991467,PCR-GLOBWB,python,b1,1.0,0.0004842086012798395,2065.225601851852
621,func_metrics_14_PCR-GLOBWB_python,./models/14_PCR-GLOBWB_model/model/evaporation/ref_pot_et_penman_monteith.py,penmanMonteithET,CLASS,126,2,A,60.0,130.0,2792.82359850928,35.8333333333333,100076.178946583,5559.78771925459,0.930941199503094,PCR-GLOBWB,python,b1,1.0,0.0004842086012798395,2065.225601851852
622,func_metrics_14_PCR-GLOBWB_python,./models/14_PCR-GLOBWB_model/model/evaporation/ref_pot_et_penman_monteith.py,penmanMonteithET.__init__,METHOD,132,1,A,18.0,39.0,657.523339811542,15.0,9862.85009717312,547.936116509618,0.219174446603847,PCR-GLOBWB,python,b1,,,
623,func_metrics_14_PCR-GLOBWB_python,./models/14_PCR-GLOBWB_model/model/evaporation/ref_pot_et_penman_monteith.py,penmanMonteithET.initial,METHOD,172,1,A,2.0,2.0,19.6514844544032,2.5,49.1287111360081,2.72937284088934,0.0065504948181344,PCR-GLOBWB,python,b1,,,
624,func_metrics_14_PCR-GLOBWB_python,./models/14_PCR-GLOBWB_model/model/evaporation/ref_pot_et_penman_monteith.py,penmanMonteithET.setDefaultAtmosphericPressure,METHOD,175,1,A,3.0,3.0,96.0,4.27777777777778,410.666666666667,22.8148148148148,0.032,PCR-GLOBWB,python,b1,,,
625,func_metrics_14_PCR-GLOBWB_python,./models/14_PCR-GLOBWB_model/model/evaporation/ref_pot_et_penman_monteith.py,penmanMonteithET.updateSurfaceProperties,METHOD,179,1,A,6.0,6.0,103.612312107951,8.75,906.607730944568,50.3670961635871,0.0345374373693169,PCR-GLOBWB,python,b1,,,
626,func_metrics_14_PCR-GLOBWB_python,./models/14_PCR-GLOBWB_model/model/evaporation/ref_pot_et_penman_monteith.py,penmanMonteithET.updatePotentialEvaporation,METHOD,186,3,A,29.0,70.0,1447.18819592409,22.3372093023256,32326.1456322113,1795.89697956729,0.482396065308029,PCR-GLOBWB,python,b1,,,
627,func_metrics_14_PCR-GLOBWB_python,./models/14_PCR-GLOBWB_model/model/evaporation/ref_pot_et_penman_monteith.py, penmanMonteithET  (aggregate) ,CLASS_AGG,132,7,B,,,,,,,,PCR-GLOBWB,python,b1,,,
628,func_metrics_14_PCR-GLOBWB_python,./models/14_PCR-GLOBWB_model/model/evaporation/ref_pot_et_penman_monteith.py, ref_pot_et_penman_monteith.py  (module  aggregate) ,MODULE_AGG,1,20,C,,,,,,,,PCR-GLOBWB,python,b2,,,
629,func_metrics_14_PCR-GLOBWB_python,./models/14_PCR-GLOBWB_model/model/evaporation/shortwave_radiation.py,<module>,FUNCTION,1,2,A,13.0,,252.615011746634,6.8421052631579,1728.41850142434,96.0232500791298,0.0842050039155446,PCR-GLOBWB,python,b1,,,
630,func_metrics_14_PCR-GLOBWB_python,./models/14_PCR-GLOBWB_model/model/evaporation/shortwave_radiation.py,deg2rad,FUNCTION,80,1,A,2.0,3.0,41.5131794236476,4.375,181.620159978458,10.0900088876921,0.0138377264745492,PCR-GLOBWB,python,b1,1.0,0.000482049320206684,2074.476527777778
631,func_metrics_14_PCR-GLOBWB_python,./models/14_PCR-GLOBWB_model/model/evaporation/shortwave_radiation.py,rad2deg,FUNCTION,84,1,A,2.0,3.0,41.5131794236476,4.375,181.620159978458,10.0900088876921,0.0138377264745492,PCR-GLOBWB,python,b1,1.0,0.000482049320206684,2074.476527777778
632,func_metrics_14_PCR-GLOBWB_python,./models/14_PCR-GLOBWB_model/model/evaporation/shortwave_radiation.py,get_julian_day_number,FUNCTION,90,3,A,11.0,30.0,421.992591222333,13.3333333333333,5626.56788296444,312.587104609135,0.140664197074111,PCR-GLOBWB,python,b1,1.0,0.000482049320206684,2074.476527777778
633,func_metrics_14_PCR-GLOBWB_python,./models/14_PCR-GLOBWB_model/model/evaporation/shortwave_radiation.py,get_patm_cor,FUNCTION,122,1,A,3.0,10.0,60.9443625122597,7.0,426.610537585818,23.7005854214343,0.0203147875040866,PCR-GLOBWB,python,b1,1.0,0.000482049320206684,2074.476527777778
634,func_metrics_14_PCR-GLOBWB_python,./models/14_PCR-GLOBWB_model/model/evaporation/shortwave_radiation.py,get_tau_o,FUNCTION,134,1,A,8.0,33.0,194.513164110452,10.0833333333333,1961.34107144705,108.96339285817,0.0648377213701505,PCR-GLOBWB,python,b1,1.0,0.000482049320206684,2074.476527777778
635,func_metrics_14_PCR-GLOBWB_python,./models/14_PCR-GLOBWB_model/model/evaporation/shortwave_radiation.py,get_tau_a,FUNCTION,168,1,A,3.0,9.0,64.5293250129808,3.5,225.852637545433,12.547368752524,0.0215097750043269,PCR-GLOBWB,python,b1,1.0,0.000482049320206684,2074.476527777778
636,func_metrics_14_PCR-GLOBWB_python,./models/14_PCR-GLOBWB_model/model/evaporation/shortwave_radiation.py,get_tau_v,FUNCTION,178,1,A,8.0,30.0,176.418916286224,11.4545454545455,2020.7984956422,112.266583091233,0.0588063054287412,PCR-GLOBWB,python,b1,1.0,0.000482049320206684,2074.476527777778
637,func_metrics_14_PCR-GLOBWB_python,./models/14_PCR-GLOBWB_model/model/evaporation/shortwave_radiation.py,compute_beta,FUNCTION,210,1,A,3.0,38.0,106.274033872509,7.85714285714286,835.010266141141,46.3894592300634,0.0354246779575029,PCR-GLOBWB,python,b1,1.0,0.000482049320206684,2074.476527777778
638,func_metrics_14_PCR-GLOBWB_python,./models/14_PCR-GLOBWB_model/model/evaporation/shortwave_radiation.py,compute_day_length_correction,FUNCTION,250,1,A,5.0,50.0,240.809307406414,14.4,3467.65402665236,192.647445925131,0.0802697691354714,PCR-GLOBWB,python,b1,1.0,0.000482049320206684,2074.476527777778
639,func_metrics_14_PCR-GLOBWB_python,./models/14_PCR-GLOBWB_model/model/evaporation/shortwave_radiation.py,compute_sat_pressure,FUNCTION,302,1,A,11.0,48.0,543.231106192509,25.9615384615385,14103.1152569209,783.506403162273,0.181077035397503,PCR-GLOBWB,python,b1,1.0,0.000482049320206684,2074.476527777778
640,func_metrics_14_PCR-GLOBWB_python,./models/14_PCR-GLOBWB_model/model/evaporation/shortwave_radiation.py,estimate_relative_humidity,FUNCTION,352,1,A,4.0,28.0,191.816550066346,7.6,1457.80578050423,80.9892100280129,0.0639388500221155,PCR-GLOBWB,python,b1,1.0,0.000482049320206684,2074.476527777778
641,func_metrics_14_PCR-GLOBWB_python,./models/14_PCR-GLOBWB_model/model/evaporation/shortwave_radiation.py,compute_solar_declination,FUNCTION,383,1,A,7.0,26.0,308.574450106731,21.25,6557.20706476804,364.289281376002,0.102858150035577,PCR-GLOBWB,python,b1,1.0,0.000482049320206684,2074.476527777778
642,func_metrics_14_PCR-GLOBWB_python,./models/14_PCR-GLOBWB_model/model/evaporation/shortwave_radiation.py,compute_eccentricity,FUNCTION,410,1,A,6.0,25.0,212.548067745018,13.5,2869.39891455774,159.411050808763,0.0708493559150059,PCR-GLOBWB,python,b1,1.0,0.000482049320206684,2074.476527777778
643,func_metrics_14_PCR-GLOBWB_python,./models/14_PCR-GLOBWB_model/model/evaporation/shortwave_radiation.py,compute_day_length,FUNCTION,436,1,A,8.0,28.0,352.933070422879,15.6923076923077,5538.33433586672,307.685240881484,0.117644356807626,PCR-GLOBWB,python,b1,1.0,0.000482049320206684,2074.476527777778
644,func_metrics_14_PCR-GLOBWB_python,./models/14_PCR-GLOBWB_model/model/evaporation/shortwave_radiation.py,compute_solar_geometry,FUNCTION,465,1,A,5.0,29.0,97.672264890213,5.25,512.779390673618,28.4877439263121,0.032557421630071,PCR-GLOBWB,python,b1,1.0,0.000482049320206684,2074.476527777778
645,func_metrics_14_PCR-GLOBWB_python,./models/14_PCR-GLOBWB_model/model/evaporation/shortwave_radiation.py,compute_radsw_ext,FUNCTION,495,1,A,9.0,37.0,339.267146704276,15.5833333333333,5286.91303614164,293.717390896758,0.113089048901425,PCR-GLOBWB,python,b1,1.0,0.000482049320206684,2074.476527777778
646,func_metrics_14_PCR-GLOBWB_python,./models/14_PCR-GLOBWB_model/model/evaporation/shortwave_radiation.py,main,FUNCTION,826,1,A,27.0,47.0,1555.27462681991,19.5394736842105,30389.247642468,1688.29153569267,0.518424875606638,PCR-GLOBWB,python,b1,1.0,0.000482049320206684,2074.476527777778
647,func_metrics_14_PCR-GLOBWB_python,./models/14_PCR-GLOBWB_model/model/evaporation/shortwave_radiation.py,ShortwaveRadiation,CLASS,541,4,A,71.0,276.0,3227.53574306668,30.0,96826.0722920003,5379.22623844446,1.07584524768889,PCR-GLOBWB,python,b1,2.0,0.000964098640413368,2074.476527777778
648,func_metrics_14_PCR-GLOBWB_python,./models/14_PCR-GLOBWB_model/model/evaporation/shortwave_radiation.py,ShortwaveRadiation.__init__,METHOD,580,1,A,25.0,83.0,961.530476996314,14.3076923076923,13757.2822093319,764.293456073993,0.320510158998771,PCR-GLOBWB,python,b1,,,
649,func_metrics_14_PCR-GLOBWB_python,./models/14_PCR-GLOBWB_model/model/evaporation/shortwave_radiation.py,ShortwaveRadiation.parameter_initialization,METHOD,664,1,A,13.0,51.0,325.532337551202,7.61764705882353,2479.79045369886,137.766136316603,0.108510779183734,PCR-GLOBWB,python,b1,,,
650,func_metrics_14_PCR-GLOBWB_python,./models/14_PCR-GLOBWB_model/model/evaporation/shortwave_radiation.py,ShortwaveRadiation.update,METHOD,719,6,B,31.0,98.0,1475.48011419197,16.8823529411765,24909.5760454762,1383.86533585979,0.491826704730657,PCR-GLOBWB,python,b1,,,
651,func_metrics_14_PCR-GLOBWB_python,./models/14_PCR-GLOBWB_model/model/evaporation/shortwave_radiation.py, ShortwaveRadiation  (aggregate) ,CLASS_AGG,580,8,B,,,,,,,,PCR-GLOBWB,python,b1,,,
652,func_metrics_14_PCR-GLOBWB_python,./models/14_PCR-GLOBWB_model/model/evaporation/shortwave_radiation.py, shortwave_radiation.py  (module  aggregate) ,MODULE_AGG,1,27,D,,,,,,,,PCR-GLOBWB,python,b3,,,
653,func_metrics_14_PCR-GLOBWB_python,./models/14_PCR-GLOBWB_model/model/evaporation/__init__.py,<module>,FUNCTION,1,1,A,0.0,,0.0,0.0,0.0,0.0,0.0,PCR-GLOBWB,python,b1,,,
654,func_metrics_14_PCR-GLOBWB_python,./models/14_PCR-GLOBWB_model/model/evaporation/__init__.py, __init__.py  (module  aggregate) ,MODULE_AGG,1,0,A,,,,,,,,PCR-GLOBWB,python,b1,,,
655,func_metrics_14_PCR-GLOBWB_python,./models/14_PCR-GLOBWB_model/model/evaporation/others/compute_EPot_modRuudEdwin.py,<module>,FUNCTION,1,6,B,109.0,,7669.09200738979,53.7247706422018,412020.20913096,22890.0116183867,2.55636400246327,PCR-GLOBWB,python,b1,,,
656,func_metrics_14_PCR-GLOBWB_python,./models/14_PCR-GLOBWB_model/model/evaporation/others/compute_EPot_modRuudEdwin.py,createOutputDirs,FUNCTION,21,6,B,12.0,13.0,344.916650654058,13.0666666666667,4506.91090187969,250.383938993316,0.114972216884686,PCR-GLOBWB,python,b1,1.0,0.000482049320206684,2074.476527777778
657,func_metrics_14_PCR-GLOBWB_python,./models/14_PCR-GLOBWB_model/model/evaporation/others/compute_EPot_modRuudEdwin.py, compute_EPot_modRuudEdwin.py  (module  aggregate) ,MODULE_AGG,1,6,B,,,,,,,,PCR-GLOBWB,python,b1,,,
658,func_metrics_14_PCR-GLOBWB_python,./models/14_PCR-GLOBWB_model/model/evaporation/others/shortwave_radiation_distribution/shortwave_radiation.py,<module>,FUNCTION,1,5,A,32.0,,676.531484014368,14.5,9809.70651820833,544.983695456019,0.225510494671456,PCR-GLOBWB,python,b1,,,
659,func_metrics_14_PCR-GLOBWB_python,./models/14_PCR-GLOBWB_model/model/evaporation/others/shortwave_radiation_distribution/shortwave_radiation.py,deg2rad,FUNCTION,78,1,A,2.0,3.0,41.5131794236476,4.375,181.620159978458,10.0900088876921,0.0138377264745492,PCR-GLOBWB,python,b1,1.0,0.000482049320206684,2074.476527777778
660,func_metrics_14_PCR-GLOBWB_python,./models/14_PCR-GLOBWB_model/model/evaporation/others/shortwave_radiation_distribution/shortwave_radiation.py,rad2deg,FUNCTION,82,1,A,2.0,3.0,41.5131794236476,4.375,181.620159978458,10.0900088876921,0.0138377264745492,PCR-GLOBWB,python,b1,1.0,0.000482049320206684,2074.476527777778
661,func_metrics_14_PCR-GLOBWB_python,./models/14_PCR-GLOBWB_model/model/evaporation/others/shortwave_radiation_distribution/shortwave_radiation.py,get_julian_day_number,FUNCTION,88,3,A,11.0,30.0,421.992591222333,13.3333333333333,5626.56788296444,312.587104609135,0.140664197074111,PCR-GLOBWB,python,b1,1.0,0.000482049320206684,2074.476527777778
662,func_metrics_14_PCR-GLOBWB_python,./models/14_PCR-GLOBWB_model/model/evaporation/others/shortwave_radiation_distribution/shortwave_radiation.py,get_patm_cor,FUNCTION,120,1,A,3.0,10.0,60.9443625122597,7.0,426.610537585818,23.7005854214343,0.0203147875040866,PCR-GLOBWB,python,b1,1.0,0.000482049320206684,2074.476527777778
663,func_metrics_14_PCR-GLOBWB_python,./models/14_PCR-GLOBWB_model/model/evaporation/others/shortwave_radiation_distribution/shortwave_radiation.py,get_tau_o,FUNCTION,132,1,A,8.0,33.0,194.513164110452,10.0833333333333,1961.34107144705,108.96339285817,0.0648377213701505,PCR-GLOBWB,python,b1,1.0,0.000482049320206684,2074.476527777778
664,func_metrics_14_PCR-GLOBWB_python,./models/14_PCR-GLOBWB_model/model/evaporation/others/shortwave_radiation_distribution/shortwave_radiation.py,get_tau_a,FUNCTION,166,1,A,3.0,9.0,64.5293250129808,3.5,225.852637545433,12.547368752524,0.0215097750043269,PCR-GLOBWB,python,b1,1.0,0.000482049320206684,2074.476527777778
665,func_metrics_14_PCR-GLOBWB_python,./models/14_PCR-GLOBWB_model/model/evaporation/others/shortwave_radiation_distribution/shortwave_radiation.py,get_tau_v,FUNCTION,176,1,A,8.0,30.0,176.418916286224,11.4545454545455,2020.7984956422,112.266583091233,0.0588063054287412,PCR-GLOBWB,python,b1,1.0,0.000482049320206684,2074.476527777778
666,func_metrics_14_PCR-GLOBWB_python,./models/14_PCR-GLOBWB_model/model/evaporation/others/shortwave_radiation_distribution/shortwave_radiation.py,compute_beta,FUNCTION,208,1,A,3.0,38.0,106.274033872509,7.85714285714286,835.010266141141,46.3894592300634,0.0354246779575029,PCR-GLOBWB,python,b1,1.0,0.000482049320206684,2074.476527777778
667,func_metrics_14_PCR-GLOBWB_python,./models/14_PCR-GLOBWB_model/model/evaporation/others/shortwave_radiation_distribution/shortwave_radiation.py,compute_day_length_correction,FUNCTION,248,1,A,5.0,50.0,240.809307406414,14.4,3467.65402665236,192.647445925131,0.0802697691354714,PCR-GLOBWB,python,b1,1.0,0.000482049320206684,2074.476527777778
668,func_metrics_14_PCR-GLOBWB_python,./models/14_PCR-GLOBWB_model/model/evaporation/others/shortwave_radiation_distribution/shortwave_radiation.py,compute_sat_pressure,FUNCTION,300,1,A,11.0,48.0,543.231106192509,25.9615384615385,14103.1152569209,783.506403162273,0.181077035397503,PCR-GLOBWB,python,b1,1.0,0.000482049320206684,2074.476527777778
669,func_metrics_14_PCR-GLOBWB_python,./models/14_PCR-GLOBWB_model/model/evaporation/others/shortwave_radiation_distribution/shortwave_radiation.py,estimate_relative_humidity,FUNCTION,350,1,A,4.0,28.0,191.816550066346,7.6,1457.80578050423,80.9892100280129,0.0639388500221155,PCR-GLOBWB,python,b1,1.0,0.000482049320206684,2074.476527777778
670,func_metrics_14_PCR-GLOBWB_python,./models/14_PCR-GLOBWB_model/model/evaporation/others/shortwave_radiation_distribution/shortwave_radiation.py,compute_solar_declination,FUNCTION,381,1,A,7.0,26.0,308.574450106731,21.25,6557.20706476804,364.289281376002,0.102858150035577,PCR-GLOBWB,python,b1,1.0,0.000482049320206684,2074.476527777778
671,func_metrics_14_PCR-GLOBWB_python,./models/14_PCR-GLOBWB_model/model/evaporation/others/shortwave_radiation_distribution/shortwave_radiation.py,compute_eccentricity,FUNCTION,408,1,A,6.0,25.0,212.548067745018,13.5,2869.39891455774,159.411050808763,0.0708493559150059,PCR-GLOBWB,python,b1,1.0,0.000482049320206684,2074.476527777778
672,func_metrics_14_PCR-GLOBWB_python,./models/14_PCR-GLOBWB_model/model/evaporation/others/shortwave_radiation_distribution/shortwave_radiation.py,compute_day_length,FUNCTION,434,1,A,8.0,28.0,352.933070422879,15.6923076923077,5538.33433586672,307.685240881484,0.117644356807626,PCR-GLOBWB,python,b1,1.0,0.000482049320206684,2074.476527777778
673,func_metrics_14_PCR-GLOBWB_python,./models/14_PCR-GLOBWB_model/model/evaporation/others/shortwave_radiation_distribution/shortwave_radiation.py,compute_solar_geometry,FUNCTION,463,1,A,5.0,29.0,97.672264890213,5.25,512.779390673618,28.4877439263121,0.032557421630071,PCR-GLOBWB,python,b1,1.0,0.000482049320206684,2074.476527777778
674,func_metrics_14_PCR-GLOBWB_python,./models/14_PCR-GLOBWB_model/model/evaporation/others/shortwave_radiation_distribution/shortwave_radiation.py,compute_radsw_ext,FUNCTION,493,1,A,9.0,37.0,339.267146704276,15.5833333333333,5286.91303614164,293.717390896758,0.113089048901425,PCR-GLOBWB,python,b1,1.0,0.000482049320206684,2074.476527777778
675,func_metrics_14_PCR-GLOBWB_python,./models/14_PCR-GLOBWB_model/model/evaporation/others/shortwave_radiation_distribution/shortwave_radiation.py,main,FUNCTION,795,1,A,27.0,47.0,1555.27462681991,19.5394736842105,30389.247642468,1688.29153569267,0.518424875606638,PCR-GLOBWB,python,b1,1.0,0.000482049320206684,2074.476527777778
676,func_metrics_14_PCR-GLOBWB_python,./models/14_PCR-GLOBWB_model/model/evaporation/others/shortwave_radiation_distribution/shortwave_radiation.py,shortwave_radiation,CLASS,539,2,A,65.0,247.0,2909.21754267361,30.1293103448276,87652.7182038299,4869.59545576833,0.969739180891203,PCR-GLOBWB,python,b1,1.0,0.000482049320206684,2074.476527777778
677,func_metrics_14_PCR-GLOBWB_python,./models/14_PCR-GLOBWB_model/model/evaporation/others/shortwave_radiation_distribution/shortwave_radiation.py,shortwave_radiation.__init__,METHOD,578,1,A,25.0,81.0,961.530476996314,14.3076923076923,13757.2822093319,764.293456073993,0.320510158998771,PCR-GLOBWB,python,b1,,,
678,func_metrics_14_PCR-GLOBWB_python,./models/14_PCR-GLOBWB_model/model/evaporation/others/shortwave_radiation_distribution/shortwave_radiation.py,shortwave_radiation.parameter_initialization,METHOD,660,1,A,14.0,51.0,376.152351371753,9.88235294117647,3717.27029590909,206.515016439394,0.125384117123918,PCR-GLOBWB,python,b1,,,
679,func_metrics_14_PCR-GLOBWB_python,./models/14_PCR-GLOBWB_model/model/evaporation/others/shortwave_radiation_distribution/shortwave_radiation.py,shortwave_radiation.update,METHOD,712,2,A,24.0,74.0,1135.35010852684,14.7777777777778,16777.9516037855,932.108422432525,0.378450036175612,PCR-GLOBWB,python,b1,,,
680,func_metrics_14_PCR-GLOBWB_python,./models/14_PCR-GLOBWB_model/model/evaporation/others/shortwave_radiation_distribution/shortwave_radiation.py, shortwave_radiation  (aggregate) ,CLASS_AGG,578,4,A,,,,,,,,PCR-GLOBWB,python,b1,,,
681,func_metrics_14_PCR-GLOBWB_python,./models/14_PCR-GLOBWB_model/model/evaporation/others/shortwave_radiation_distribution/shortwave_radiation.py, shortwave_radiation.py  (module  aggregate) ,MODULE_AGG,1,23,D,,,,,,,,PCR-GLOBWB,python,b3,,,
682,func_metrics_14_PCR-GLOBWB_python,./models/14_PCR-GLOBWB_model/modflow/scripts/configuration.py,<module>,FUNCTION,1,1,A,12.0,,140.55415752892,3.2,449.773304092545,24.9874057829192,0.0468513858429735,PCR-GLOBWB,python,b1,,,
683,func_metrics_14_PCR-GLOBWB_python,./models/14_PCR-GLOBWB_model/modflow/scripts/configuration.py,Configuration,CLASS,40,10,B,334.0,505.0,18762.3461306436,128.710743801653,2414915.5259392,134161.973663289,6.25411537688119,PCR-GLOBWB,python,b1,1.0,0.00042663483654760214,2343.924861111111
684,func_metrics_14_PCR-GLOBWB_python,./models/14_PCR-GLOBWB_model/modflow/scripts/configuration.py,Configuration.__init__,METHOD,42,2,A,9.0,23.0,430.0,9.31818181818182,4006.81818181818,222.60101010101,0.143333333333333,PCR-GLOBWB,python,b1,1.0,0.00042663483654760214,2343.924861111111
685,func_metrics_14_PCR-GLOBWB_python,./models/14_PCR-GLOBWB_model/modflow/scripts/configuration.py,Configuration.set_options_for_coupling_betweeen_pcrglobwb_and_modflow,METHOD,66,3,A,5.0,7.0,175.69269691115,12.6666666666667,2225.44082754124,123.635601530069,0.0585642323037168,PCR-GLOBWB,python,b1,1.0,0.00042663483654760214,2343.924861111111
686,func_metrics_14_PCR-GLOBWB_python,./models/14_PCR-GLOBWB_model/modflow/scripts/configuration.py,Configuration.set_configuration,METHOD,74,1,A,7.0,17.0,179.306775062019,5.72727272727273,1026.93880262793,57.0521557015517,0.0597689250206731,PCR-GLOBWB,python,b1,1.0,0.00042663483654760214,2343.924861111111
687,func_metrics_14_PCR-GLOBWB_python,./models/14_PCR-GLOBWB_model/modflow/scripts/configuration.py,Configuration.initialize_logging,METHOD,92,8,B,40.0,69.0,2268.0,26.4795918367347,60055.7142857143,3336.42857142857,0.756,PCR-GLOBWB,python,b1,1.0,0.00042663483654760214,2343.924861111111
688,func_metrics_14_PCR-GLOBWB_python,./models/14_PCR-GLOBWB_model/modflow/scripts/configuration.py,Configuration.backup_configuration,METHOD,162,1,A,3.0,6.0,224.008188561717,5.5,1232.04503708944,68.446946504969,0.0746693961872389,PCR-GLOBWB,python,b1,1.0,0.00042663483654760214,2343.924861111111
689,func_metrics_14_PCR-GLOBWB_python,./models/14_PCR-GLOBWB_model/modflow/scripts/configuration.py,Configuration.parse_configuration_file,METHOD,169,3,A,11.0,16.0,421.992591222333,14.5294117647059,6131.30411952448,340.628006640249,0.140664197074111,PCR-GLOBWB,python,b1,1.0,0.00042663483654760214,2343.924861111111
690,func_metrics_14_PCR-GLOBWB_python,./models/14_PCR-GLOBWB_model/modflow/scripts/configuration.py,Configuration.set_input_files,METHOD,186,3,A,7.0,11.0,348.31427061639,21.45,7471.34110472157,415.074505817865,0.11610475687213,PCR-GLOBWB,python,b1,1.0,0.00042663483654760214,2343.924861111111
691,func_metrics_14_PCR-GLOBWB_python,./models/14_PCR-GLOBWB_model/modflow/scripts/configuration.py,Configuration.create_output_directories,METHOD,198,13,C,48.0,68.0,2150.43387029613,42.4242424242424,91230.5278307447,5068.36265726359,0.716811290098708,PCR-GLOBWB,python,b2,1.0,0.00042663483654760214,2343.924861111111
692,func_metrics_14_PCR-GLOBWB_python,./models/14_PCR-GLOBWB_model/modflow/scripts/configuration.py,Configuration.repair_ini_key_names,METHOD,268,54,F,188.0,256.0,7139.66642699183,255.2,1822042.87216832,101224.604009351,2.37988880899728,PCR-GLOBWB,python,b4,1.0,0.00042663483654760214,2343.924861111111
693,func_metrics_14_PCR-GLOBWB_python,./models/14_PCR-GLOBWB_model/modflow/scripts/configuration.py,Configuration.set_debug_to_version_one,METHOD,527,4,A,15.0,18.0,339.267146704276,21.2727272727273,7217.13748443642,400.95208246869,0.113089048901425,PCR-GLOBWB,python,b1,1.0,0.00042663483654760214,2343.924861111111
694,func_metrics_14_PCR-GLOBWB_python,./models/14_PCR-GLOBWB_model/modflow/scripts/configuration.py, Configuration  (aggregate) ,CLASS_AGG,42,92,F,,,,,,,,PCR-GLOBWB,python,b4,,,
695,func_metrics_14_PCR-GLOBWB_python,./models/14_PCR-GLOBWB_model/modflow/scripts/configuration.py, configuration.py  (module  aggregate) ,MODULE_AGG,1,92,F,,,,,,,,PCR-GLOBWB,python,b4,,,
696,func_metrics_14_PCR-GLOBWB_python,./models/14_PCR-GLOBWB_model/modflow/scripts/configuration_for_modflow.py,<module>,FUNCTION,1,1,A,12.0,,147.161243415031,3.1875,469.076463385411,26.0598035214117,0.0490537478050103,PCR-GLOBWB,python,b1,,,
697,func_metrics_14_PCR-GLOBWB_python,./models/14_PCR-GLOBWB_model/modflow/scripts/configuration_for_modflow.py,Configuration,CLASS,50,6,B,147.0,250.0,9241.91782402021,70.0471698113208,647370.187201416,35965.0104000786,3.0806392746734,PCR-GLOBWB,python,b1,1.0,0.00042663483654760214,2343.924861111111
698,func_metrics_14_PCR-GLOBWB_python,./models/14_PCR-GLOBWB_model/modflow/scripts/configuration_for_modflow.py,Configuration.__init__,METHOD,52,2,A,13.0,28.0,539.757965516937,17.0,9175.88541378793,509.771411877107,0.179919321838979,PCR-GLOBWB,python,b1,1.0,0.00042663483654760214,2343.924861111111
699,func_metrics_14_PCR-GLOBWB_python,./models/14_PCR-GLOBWB_model/modflow/scripts/configuration_for_modflow.py,Configuration.set_options_for_coupling_betweeen_pcrglobwb_and_modflow,METHOD,81,10,B,19.0,37.0,918.158408079111,39.6666666666667,36420.2835204714,2023.34908447063,0.306052802693037,PCR-GLOBWB,python,b1,1.0,0.00042663483654760214,2343.924861111111
700,func_metrics_14_PCR-GLOBWB_python,./models/14_PCR-GLOBWB_model/modflow/scripts/configuration_for_modflow.py,Configuration.set_configuration,METHOD,119,1,A,5.0,11.0,89.9452220845697,4.16666666666667,374.771758685707,20.8206532603171,0.0299817406948566,PCR-GLOBWB,python,b1,1.0,0.00042663483654760214,2343.924861111111
701,func_metrics_14_PCR-GLOBWB_python,./models/14_PCR-GLOBWB_model/modflow/scripts/configuration_for_modflow.py,Configuration.initialize_logging,METHOD,131,7,B,38.0,66.0,2149.46486804966,26.3297872340426,56594.9526427969,3144.16403571094,0.716488289349887,PCR-GLOBWB,python,b1,1.0,0.00042663483654760214,2343.924861111111
702,func_metrics_14_PCR-GLOBWB_python,./models/14_PCR-GLOBWB_model/modflow/scripts/configuration_for_modflow.py,Configuration.backup_configuration,METHOD,198,1,A,3.0,5.0,224.008188561717,5.5,1232.04503708944,68.446946504969,0.0746693961872389,PCR-GLOBWB,python,b1,1.0,0.00042663483654760214,2343.924861111111
703,func_metrics_14_PCR-GLOBWB_python,./models/14_PCR-GLOBWB_model/modflow/scripts/configuration_for_modflow.py,Configuration.parse_configuration_file,METHOD,204,3,A,11.0,16.0,421.992591222333,14.5294117647059,6131.30411952448,340.628006640249,0.140664197074111,PCR-GLOBWB,python,b1,1.0,0.00042663483654760214,2343.924861111111
704,func_metrics_14_PCR-GLOBWB_python,./models/14_PCR-GLOBWB_model/modflow/scripts/configuration_for_modflow.py,Configuration.set_input_files,METHOD,221,1,A,2.0,4.0,112.0,7.71428571428571,864.0,48.0,0.0373333333333333,PCR-GLOBWB,python,b1,1.0,0.00042663483654760214,2343.924861111111
705,func_metrics_14_PCR-GLOBWB_python,./models/14_PCR-GLOBWB_model/modflow/scripts/configuration_for_modflow.py,Configuration.create_output_directories,METHOD,226,15,C,55.0,74.0,2592.29838128097,52.25,135447.590421931,7524.86613455171,0.864099460426991,PCR-GLOBWB,python,b2,1.0,0.00042663483654760214,2343.924861111111
706,func_metrics_14_PCR-GLOBWB_python,./models/14_PCR-GLOBWB_model/modflow/scripts/configuration_for_modflow.py, Configuration  (aggregate) ,CLASS_AGG,52,40,E,,,,,,,,PCR-GLOBWB,python,b3,,,
707,func_metrics_14_PCR-GLOBWB_python,./models/14_PCR-GLOBWB_model/modflow/scripts/configuration_for_modflow.py, configuration_for_modflow.py  (module  aggregate) ,MODULE_AGG,1,40,E,,,,,,,,PCR-GLOBWB,python,b3,,,
708,func_metrics_14_PCR-GLOBWB_python,./models/14_PCR-GLOBWB_model/modflow/scripts/currTimeStep.py,<module>,FUNCTION,1,1,A,4.0,,48.4320426609222,2.91666666666667,141.26012442769,7.8477846904272,0.0161440142203074,PCR-GLOBWB,python,b1,,,
709,func_metrics_14_PCR-GLOBWB_python,./models/14_PCR-GLOBWB_model/modflow/scripts/currTimeStep.py,ModelTime,CLASS,31,2,A,100.0,150.0,5121.10335797402,47.0149253731343,240768.292203256,13376.0162335142,1.70703445265801,PCR-GLOBWB,python,b1,1.0,0.00042663483654760214,2343.924861111111
710,func_metrics_14_PCR-GLOBWB_python,./models/14_PCR-GLOBWB_model/modflow/scripts/currTimeStep.py,ModelTime.__init__,METHOD,33,1,A,3.0,3.0,58.8103375168341,4.8,282.289620080804,15.6827566711558,0.0196034458389447,PCR-GLOBWB,python,b1,1.0,0.00042663483654760214,2343.924861111111
711,func_metrics_14_PCR-GLOBWB_python,./models/14_PCR-GLOBWB_model/modflow/scripts/currTimeStep.py,ModelTime.getStartEndTimeSteps,METHOD,39,2,A,10.0,11.0,798.289214233104,16.1296296296296,12876.109362908,715.339409050447,0.266096404744368,PCR-GLOBWB,python,b1,1.0,0.00042663483654760214,2343.924861111111
712,func_metrics_14_PCR-GLOBWB_python,./models/14_PCR-GLOBWB_model/modflow/scripts/currTimeStep.py,ModelTime.getStartEndTimeStepsForSpinUp,METHOD,52,1,A,11.0,12.0,729.323471188053,13.5384615384615,9873.91776377672,548.550986876484,0.243107823729351,PCR-GLOBWB,python,b1,1.0,0.00042663483654760214,2343.924861111111
713,func_metrics_14_PCR-GLOBWB_python,./models/14_PCR-GLOBWB_model/modflow/scripts/currTimeStep.py,ModelTime.spinUpStatus,METHOD,67,1,A,2.0,2.0,31.6992500144231,4.0,126.797000057692,7.04427778098292,0.0105664166714744,PCR-GLOBWB,python,b1,1.0,0.00042663483654760214,2343.924861111111
714,func_metrics_14_PCR-GLOBWB_python,./models/14_PCR-GLOBWB_model/modflow/scripts/currTimeStep.py,ModelTime.startTime,METHOD,71,1,A,2.0,2.0,31.6992500144231,4.0,126.797000057692,7.04427778098292,0.0105664166714744,PCR-GLOBWB,python,b1,1.0,0.00042663483654760214,2343.924861111111
715,func_metrics_14_PCR-GLOBWB_python,./models/14_PCR-GLOBWB_model/modflow/scripts/currTimeStep.py,ModelTime.endTime,METHOD,75,1,A,2.0,2.0,31.6992500144231,4.0,126.797000057692,7.04427778098292,0.0105664166714744,PCR-GLOBWB,python,b1,1.0,0.00042663483654760214,2343.924861111111
716,func_metrics_14_PCR-GLOBWB_python,./models/14_PCR-GLOBWB_model/modflow/scripts/currTimeStep.py,ModelTime.currTime,METHOD,79,1,A,2.0,2.0,31.6992500144231,4.0,126.797000057692,7.04427778098292,0.0105664166714744,PCR-GLOBWB,python,b1,1.0,0.00042663483654760214,2343.924861111111
717,func_metrics_14_PCR-GLOBWB_python,./models/14_PCR-GLOBWB_model/modflow/scripts/currTimeStep.py,ModelTime.day,METHOD,83,1,A,2.0,2.0,38.0391000173078,5.0,190.195500086539,10.5664166714744,0.0126797000057692,PCR-GLOBWB,python,b1,1.0,0.00042663483654760214,2343.924861111111
718,func_metrics_14_PCR-GLOBWB_python,./models/14_PCR-GLOBWB_model/modflow/scripts/currTimeStep.py,ModelTime.doy,METHOD,87,1,A,2.0,2.0,55.3509058981968,3.6,199.263261233508,11.0701811796394,0.0184503019660656,PCR-GLOBWB,python,b1,1.0,0.00042663483654760214,2343.924861111111
719,func_metrics_14_PCR-GLOBWB_python,./models/14_PCR-GLOBWB_model/modflow/scripts/currTimeStep.py,ModelTime.month,METHOD,91,1,A,2.0,2.0,38.0391000173078,5.0,190.195500086539,10.5664166714744,0.0126797000057692,PCR-GLOBWB,python,b1,1.0,0.00042663483654760214,2343.924861111111
720,func_metrics_14_PCR-GLOBWB_python,./models/14_PCR-GLOBWB_model/modflow/scripts/currTimeStep.py,ModelTime.year,METHOD,95,1,A,2.0,2.0,38.0391000173078,5.0,190.195500086539,10.5664166714744,0.0126797000057692,PCR-GLOBWB,python,b1,1.0,0.00042663483654760214,2343.924861111111
721,func_metrics_14_PCR-GLOBWB_python,./models/14_PCR-GLOBWB_model/modflow/scripts/currTimeStep.py,ModelTime.timeStepPCR,METHOD,99,1,A,2.0,2.0,31.6992500144231,4.0,126.797000057692,7.04427778098292,0.0105664166714744,PCR-GLOBWB,python,b1,1.0,0.00042663483654760214,2343.924861111111
722,func_metrics_14_PCR-GLOBWB_python,./models/14_PCR-GLOBWB_model/modflow/scripts/currTimeStep.py,ModelTime.monthIdx,METHOD,103,1,A,2.0,2.0,31.6992500144231,4.0,126.797000057692,7.04427778098292,0.0105664166714744,PCR-GLOBWB,python,b1,1.0,0.00042663483654760214,2343.924861111111
723,func_metrics_14_PCR-GLOBWB_python,./models/14_PCR-GLOBWB_model/modflow/scripts/currTimeStep.py,ModelTime.annuaIdx,METHOD,107,1,A,2.0,2.0,31.6992500144231,4.0,126.797000057692,7.04427778098292,0.0105664166714744,PCR-GLOBWB,python,b1,1.0,0.00042663483654760214,2343.924861111111
724,func_metrics_14_PCR-GLOBWB_python,./models/14_PCR-GLOBWB_model/modflow/scripts/currTimeStep.py,ModelTime.nrOfTimeSteps,METHOD,111,1,A,2.0,2.0,31.6992500144231,4.0,126.797000057692,7.04427778098292,0.0105664166714744,PCR-GLOBWB,python,b1,1.0,0.00042663483654760214,2343.924861111111
725,func_metrics_14_PCR-GLOBWB_python,./models/14_PCR-GLOBWB_model/modflow/scripts/currTimeStep.py,ModelTime.fulldate,METHOD,115,1,A,2.0,2.0,31.6992500144231,4.0,126.797000057692,7.04427778098292,0.0105664166714744,PCR-GLOBWB,python,b1,1.0,0.00042663483654760214,2343.924861111111
726,func_metrics_14_PCR-GLOBWB_python,./models/14_PCR-GLOBWB_model/modflow/scripts/currTimeStep.py,ModelTime.update,METHOD,118,4,A,11.0,21.0,750.391861379118,15.6481481481482,11742.2430160251,652.346834223616,0.250130620459706,PCR-GLOBWB,python,b1,1.0,0.00042663483654760214,2343.924861111111
727,func_metrics_14_PCR-GLOBWB_python,./models/14_PCR-GLOBWB_model/modflow/scripts/currTimeStep.py,ModelTime.isFirstTimestep,METHOD,140,1,A,2.0,2.0,41.5131794236476,4.375,181.620159978458,10.0900088876921,0.0138377264745492,PCR-GLOBWB,python,b1,1.0,0.00042663483654760214,2343.924861111111
728,func_metrics_14_PCR-GLOBWB_python,./models/14_PCR-GLOBWB_model/modflow/scripts/currTimeStep.py,ModelTime.isFirstDayOfMonth,METHOD,143,1,A,2.0,2.0,41.5131794236476,4.375,181.620159978458,10.0900088876921,0.0138377264745492,PCR-GLOBWB,python,b1,1.0,0.00042663483654760214,2343.924861111111
729,func_metrics_14_PCR-GLOBWB_python,./models/14_PCR-GLOBWB_model/modflow/scripts/currTimeStep.py,ModelTime.isFirstDayOfYear,METHOD,146,1,A,2.0,2.0,41.5131794236476,4.375,181.620159978458,10.0900088876921,0.0138377264745492,PCR-GLOBWB,python,b1,1.0,0.00042663483654760214,2343.924861111111
730,func_metrics_14_PCR-GLOBWB_python,./models/14_PCR-GLOBWB_model/modflow/scripts/currTimeStep.py,ModelTime.isLastDayOfMonth,METHOD,149,1,A,3.0,5.0,108.4180500375,6.0,650.508300225001,36.1393500125,0.0361393500125,PCR-GLOBWB,python,b1,1.0,0.00042663483654760214,2343.924861111111
731,func_metrics_14_PCR-GLOBWB_python,./models/14_PCR-GLOBWB_model/modflow/scripts/currTimeStep.py,ModelTime.isLastDayOfYear,METHOD,155,1,A,3.0,5.0,127.437825403308,5.85,745.511278609349,41.417293256075,0.0424792751344359,PCR-GLOBWB,python,b1,1.0,0.00042663483654760214,2343.924861111111
732,func_metrics_14_PCR-GLOBWB_python,./models/14_PCR-GLOBWB_model/modflow/scripts/currTimeStep.py,ModelTime.isLastTimeStep,METHOD,161,1,A,2.0,2.0,48.4320426609222,5.25,254.268223969841,14.126012442769,0.0161440142203074,PCR-GLOBWB,python,b1,1.0,0.00042663483654760214,2343.924861111111
733,func_metrics_14_PCR-GLOBWB_python,./models/14_PCR-GLOBWB_model/modflow/scripts/currTimeStep.py,ModelTime.yesterday,METHOD,164,1,A,3.0,3.0,125.097750043269,5.2,650.508300225001,36.1393500125,0.0416992500144231,PCR-GLOBWB,python,b1,1.0,0.00042663483654760214,2343.924861111111
734,func_metrics_14_PCR-GLOBWB_python,./models/14_PCR-GLOBWB_model/modflow/scripts/currTimeStep.py,ModelTime.endMonth,METHOD,170,1,A,2.0,2.0,38.0391000173078,4.0,152.156400069231,8.4531333371795,0.0126797000057692,PCR-GLOBWB,python,b1,1.0,0.00042663483654760214,2343.924861111111
735,func_metrics_14_PCR-GLOBWB_python,./models/14_PCR-GLOBWB_model/modflow/scripts/currTimeStep.py,ModelTime.endYear,METHOD,175,1,A,2.0,2.0,38.0391000173078,4.0,152.156400069231,8.4531333371795,0.0126797000057692,PCR-GLOBWB,python,b1,1.0,0.00042663483654760214,2343.924861111111
736,func_metrics_14_PCR-GLOBWB_python,./models/14_PCR-GLOBWB_model/modflow/scripts/currTimeStep.py,ModelTime.__str__,METHOD,178,1,A,2.0,3.0,43.1850652335357,3.75,161.943994625759,8.99688859031994,0.0143950217445119,PCR-GLOBWB,python,b1,1.0,0.00042663483654760214,2343.924861111111
737,func_metrics_14_PCR-GLOBWB_python,./models/14_PCR-GLOBWB_model/modflow/scripts/currTimeStep.py, ModelTime  (aggregate) ,CLASS_AGG,33,31,E,,,,,,,,PCR-GLOBWB,python,b3,,,
738,func_metrics_14_PCR-GLOBWB_python,./models/14_PCR-GLOBWB_model/modflow/scripts/currTimeStep.py, currTimeStep.py  (module  aggregate) ,MODULE_AGG,1,31,E,,,,,,,,PCR-GLOBWB,python,b3,,,
739,func_metrics_14_PCR-GLOBWB_python,./models/14_PCR-GLOBWB_model/modflow/scripts/deterministic_runner.py,<module>,FUNCTION,1,2,A,16.0,,369.871188959655,5.46428571428571,2021.08185395812,112.282325219895,0.123290396319885,PCR-GLOBWB,python,b1,,,
740,func_metrics_14_PCR-GLOBWB_python,./models/14_PCR-GLOBWB_model/modflow/scripts/deterministic_runner.py,main,FUNCTION,70,7,B,48.0,80.0,2281.55618133624,29.5471698113208,67413.5279240103,3745.19599577835,0.760518727112079,PCR-GLOBWB,python,b1,1.0,0.00042663483654760214,2343.924861111111
741,func_metrics_14_PCR-GLOBWB_python,./models/14_PCR-GLOBWB_model/modflow/scripts/deterministic_runner.py,DeterministicRunner,CLASS,44,2,A,13.0,25.0,514.945985483523,10.575,5445.55379648825,302.53076647157,0.171648661827841,PCR-GLOBWB,python,b1,1.0,0.00042663483654760214,2343.924861111111
742,func_metrics_14_PCR-GLOBWB_python,./models/14_PCR-GLOBWB_model/modflow/scripts/deterministic_runner.py,DeterministicRunner.__init__,METHOD,46,1,A,5.0,6.0,212.666175073558,7.95454545454546,1691.66275626694,93.9812642370521,0.0708887250245193,PCR-GLOBWB,python,b1,1.0,0.00042663483654760214,2343.924861111111
743,func_metrics_14_PCR-GLOBWB_python,./models/14_PCR-GLOBWB_model/modflow/scripts/deterministic_runner.py,DeterministicRunner.initial,METHOD,53,1,A,2.0,2.0,19.6514844544032,2.5,49.1287111360081,2.72937284088934,0.0065504948181344,PCR-GLOBWB,python,b1,1.0,0.00042663483654760214,2343.924861111111
744,func_metrics_14_PCR-GLOBWB_python,./models/14_PCR-GLOBWB_model/modflow/scripts/deterministic_runner.py,DeterministicRunner.dynamic,METHOD,56,1,A,5.0,13.0,171.673439332514,4.90909090909091,842.760520359616,46.8200289088675,0.0572244797775048,PCR-GLOBWB,python,b1,1.0,0.00042663483654760214,2343.924861111111
745,func_metrics_14_PCR-GLOBWB_python,./models/14_PCR-GLOBWB_model/modflow/scripts/deterministic_runner.py, DeterministicRunner  (aggregate) ,CLASS_AGG,46,3,A,,,,,,,,PCR-GLOBWB,python,b1,,,
746,func_metrics_14_PCR-GLOBWB_python,./models/14_PCR-GLOBWB_model/modflow/scripts/deterministic_runner.py, deterministic_runner.py  (module  aggregate) ,MODULE_AGG,1,10,B,,,,,,,,PCR-GLOBWB,python,b1,,,
747,func_metrics_14_PCR-GLOBWB_python,./models/14_PCR-GLOBWB_model/modflow/scripts/deterministic_runner_for_monthly_modflow_and_merging.py,<module>,FUNCTION,1,2,A,18.0,,409.788463306327,6.16666666666667,2527.02885705568,140.390492058649,0.136596154435442,PCR-GLOBWB,python,b1,,,
748,func_metrics_14_PCR-GLOBWB_python,./models/14_PCR-GLOBWB_model/modflow/scripts/deterministic_runner_for_monthly_modflow_and_merging.py,main,FUNCTION,236,6,B,20.0,35.0,873.509058981968,15.3064516129032,13370.3241447401,742.795785818895,0.291169686327323,PCR-GLOBWB,python,b1,1.0,0.00042663483654760214,2343.924861111111
749,func_metrics_14_PCR-GLOBWB_python,./models/14_PCR-GLOBWB_model/modflow/scripts/deterministic_runner_for_monthly_modflow_and_merging.py,DeterministicRunner,CLASS,47,8,B,120.0,188.0,7470.99028572732,72.8333333333333,544137.125810473,30229.8403228041,2.49033009524244,PCR-GLOBWB,python,b1,1.0,0.00042663483654760214,2343.924861111111
750,func_metrics_14_PCR-GLOBWB_python,./models/14_PCR-GLOBWB_model/modflow/scripts/deterministic_runner_for_monthly_modflow_and_merging.py,DeterministicRunner.__init__,METHOD,49,5,A,19.0,36.0,839.668402150974,22.1666666666667,18612.6495810132,1034.03608783407,0.279889467383658,PCR-GLOBWB,python,b1,1.0,0.00042663483654760214,2343.924861111111
751,func_metrics_14_PCR-GLOBWB_python,./models/14_PCR-GLOBWB_model/modflow/scripts/deterministic_runner_for_monthly_modflow_and_merging.py,DeterministicRunner.initial,METHOD,86,2,A,3.0,5.0,71.6992500144231,4.0,286.797000057692,15.9331666698718,0.0238997500048077,PCR-GLOBWB,python,b1,1.0,0.00042663483654760214,2343.924861111111
752,func_metrics_14_PCR-GLOBWB_python,./models/14_PCR-GLOBWB_model/modflow/scripts/deterministic_runner_for_monthly_modflow_and_merging.py,DeterministicRunner.dynamic,METHOD,92,19,C,61.0,95.0,3610.1379539559,44.625,161102.406195282,8950.13367751566,1.2033793179853,PCR-GLOBWB,python,b2,1.0,0.00042663483654760214,2343.924861111111
753,func_metrics_14_PCR-GLOBWB_python,./models/14_PCR-GLOBWB_model/modflow/scripts/deterministic_runner_for_monthly_modflow_and_merging.py,DeterministicRunner.merging_netcdf_files,METHOD,189,2,A,18.0,24.0,847.867700236539,18.75,15897.5193794351,883.195521079728,0.282622566745513,PCR-GLOBWB,python,b1,1.0,0.00042663483654760214,2343.924861111111
754,func_metrics_14_PCR-GLOBWB_python,./models/14_PCR-GLOBWB_model/modflow/scripts/deterministic_runner_for_monthly_modflow_and_merging.py,DeterministicRunner.check_pcrglobwb_status,METHOD,214,9,B,18.0,21.0,976.959512876046,27.2413793103448,26613.7246611061,1478.54025895034,0.325653170958682,PCR-GLOBWB,python,b1,1.0,0.00042663483654760214,2343.924861111111
755,func_metrics_14_PCR-GLOBWB_python,./models/14_PCR-GLOBWB_model/modflow/scripts/deterministic_runner_for_monthly_modflow_and_merging.py, DeterministicRunner  (aggregate) ,CLASS_AGG,49,37,E,,,,,,,,PCR-GLOBWB,python,b3,,,
756,func_metrics_14_PCR-GLOBWB_python,./models/14_PCR-GLOBWB_model/modflow/scripts/deterministic_runner_for_monthly_modflow_and_merging.py, deterministic_runner_for_monthly_modflow_and_merging.py  (module  aggregate) ,MODULE_AGG,1,43,F,,,,,,,,PCR-GLOBWB,python,b3,,,
757,func_metrics_14_PCR-GLOBWB_python,./models/14_PCR-GLOBWB_model/modflow/scripts/deterministic_runner_glue_with_parallel_and_modflow_options.py,<module>,FUNCTION,1,2,A,17.0,,396.405166414669,6.20689655172414,2460.44586050484,136.691436694713,0.132135055471556,PCR-GLOBWB,python,b1,,,
758,func_metrics_14_PCR-GLOBWB_python,./models/14_PCR-GLOBWB_model/modflow/scripts/deterministic_runner_glue_with_parallel_and_modflow_options.py,main,FUNCTION,327,12,C,47.0,80.0,2632.091767148,38.8235294117647,102187.092136334,5677.06067424079,0.877363922382668,PCR-GLOBWB,python,b2,1.0,0.00042663483654760214,2343.924861111111
759,func_metrics_14_PCR-GLOBWB_python,./models/14_PCR-GLOBWB_model/modflow/scripts/deterministic_runner_glue_with_parallel_and_modflow_options.py,DeterministicRunner,CLASS,45,7,B,176.0,280.0,15698.8798278748,157.257731958763,2468770.23602477,137153.902001376,5.23295994262494,PCR-GLOBWB,python,b1,1.0,0.00042663483654760214,2343.924861111111
760,func_metrics_14_PCR-GLOBWB_python,./models/14_PCR-GLOBWB_model/modflow/scripts/deterministic_runner_glue_with_parallel_and_modflow_options.py,DeterministicRunner.__init__,METHOD,47,4,A,10.0,17.0,539.750170771355,18.421052631579,9942.76630368285,552.375905760158,0.179916723590452,PCR-GLOBWB,python,b1,1.0,0.00042663483654760214,2343.924861111111
761,func_metrics_14_PCR-GLOBWB_python,./models/14_PCR-GLOBWB_model/modflow/scripts/deterministic_runner_glue_with_parallel_and_modflow_options.py,DeterministicRunner.adusting_parameters,METHOD,66,9,B,113.0,184.0,10685.1837720658,147.921052631579,1580563.63112584,87809.0906181023,3.56172792402194,PCR-GLOBWB,python,b1,1.0,0.00042663483654760214,2343.924861111111
762,func_metrics_14_PCR-GLOBWB_python,./models/14_PCR-GLOBWB_model/modflow/scripts/deterministic_runner_glue_with_parallel_and_modflow_options.py,DeterministicRunner.initial,METHOD,251,1,A,2.0,2.0,19.6514844544032,2.5,49.1287111360081,2.72937284088934,0.0065504948181344,PCR-GLOBWB,python,b1,1.0,0.00042663483654760214,2343.924861111111
763,func_metrics_14_PCR-GLOBWB_python,./models/14_PCR-GLOBWB_model/modflow/scripts/deterministic_runner_glue_with_parallel_and_modflow_options.py,DeterministicRunner.dynamic,METHOD,254,16,C,28.0,45.0,1317.95779313605,24.8392857142857,32737.1301830758,1818.72945461532,0.439319264378683,PCR-GLOBWB,python,b2,1.0,0.00042663483654760214,2343.924861111111
764,func_metrics_14_PCR-GLOBWB_python,./models/14_PCR-GLOBWB_model/modflow/scripts/deterministic_runner_glue_with_parallel_and_modflow_options.py,DeterministicRunner.check_modflow_status,METHOD,300,5,A,11.0,12.0,460.0,13.2,6072.0,337.333333333333,0.153333333333333,PCR-GLOBWB,python,b1,1.0,0.00042663483654760214,2343.924861111111
765,func_metrics_14_PCR-GLOBWB_python,./models/14_PCR-GLOBWB_model/modflow/scripts/deterministic_runner_glue_with_parallel_and_modflow_options.py,DeterministicRunner.check_merging_status,METHOD,313,5,A,11.0,12.0,460.0,13.2,6072.0,337.333333333333,0.153333333333333,PCR-GLOBWB,python,b1,1.0,0.00042663483654760214,2343.924861111111
766,func_metrics_14_PCR-GLOBWB_python,./models/14_PCR-GLOBWB_model/modflow/scripts/deterministic_runner_glue_with_parallel_and_modflow_options.py, DeterministicRunner  (aggregate) ,CLASS_AGG,47,40,E,,,,,,,,PCR-GLOBWB,python,b3,,,
767,func_metrics_14_PCR-GLOBWB_python,./models/14_PCR-GLOBWB_model/modflow/scripts/deterministic_runner_glue_with_parallel_and_modflow_options.py, deterministic_runner_glue_with_parallel_and_modflow_options.py  (module  aggregate) ,MODULE_AGG,1,52,F,,,,,,,,PCR-GLOBWB,python,b4,,,
768,func_metrics_14_PCR-GLOBWB_python,./models/14_PCR-GLOBWB_model/modflow/scripts/disclaimer.py,<module>,FUNCTION,1,1,A,2.0,,31.6992500144231,3.125,99.0601562950723,5.5033420163929,0.0105664166714744,PCR-GLOBWB,python,b1,,,
769,func_metrics_14_PCR-GLOBWB_python,./models/14_PCR-GLOBWB_model/modflow/scripts/disclaimer.py,print_disclaimer,FUNCTION,7,2,A,19.0,23.0,346.103775119712,28.75,9950.48353469172,552.804640816207,0.115367925039904,PCR-GLOBWB,python,b1,1.0,0.00042663483654760214,2343.924861111111
770,func_metrics_14_PCR-GLOBWB_python,./models/14_PCR-GLOBWB_model/modflow/scripts/disclaimer.py, disclaimer.py  (module  aggregate) ,MODULE_AGG,1,2,A,,,,,,,,PCR-GLOBWB,python,b1,,,
771,func_metrics_14_PCR-GLOBWB_python,./models/14_PCR-GLOBWB_model/modflow/scripts/ETPFunctions.py,<module>,FUNCTION,1,1,A,2.0,,13.9315685693242,1.0,13.9315685693242,0.773976031629121,0.0046438561897747,PCR-GLOBWB,python,b1,,,
772,func_metrics_14_PCR-GLOBWB_python,./models/14_PCR-GLOBWB_model/modflow/scripts/ETPFunctions.py,HamonPotET,FUNCTION,33,1,A,6.0,6.0,207.452548554593,11.5,2385.70430837782,132.539128243212,0.0691508495181978,PCR-GLOBWB,python,b1,1.0,0.00042663483654760214,2343.924861111111
773,func_metrics_14_PCR-GLOBWB_python,./models/14_PCR-GLOBWB_model/modflow/scripts/ETPFunctions.py,dayLength,FUNCTION,41,1,A,14.0,14.0,1282.04063599509,40.25,51602.1355988022,2866.78531104457,0.427346878665029,PCR-GLOBWB,python,b1,1.0,0.00042663483654760214,2343.924861111111
774,func_metrics_14_PCR-GLOBWB_python,./models/14_PCR-GLOBWB_model/modflow/scripts/ETPFunctions.py,satPressure,FUNCTION,57,1,A,5.0,6.0,225.14015821251,19.7142857142857,4438.47740476091,246.582078042273,0.07504671940417,PCR-GLOBWB,python,b1,1.0,0.00042663483654760214,2343.924861111111
775,func_metrics_14_PCR-GLOBWB_python,./models/14_PCR-GLOBWB_model/modflow/scripts/ETPFunctions.py, ETPFunctions.py  (module  aggregate) ,MODULE_AGG,1,3,A,,,,,,,,PCR-GLOBWB,python,b1,,,
776,func_metrics_14_PCR-GLOBWB_python,./models/14_PCR-GLOBWB_model/modflow/scripts/groundwater.py,<module>,FUNCTION,1,1,A,9.0,,149.338792374478,4.61538461538462,689.255964805282,38.2919980447379,0.0497795974581593,PCR-GLOBWB,python,b1,,,
777,func_metrics_14_PCR-GLOBWB_python,./models/14_PCR-GLOBWB_model/modflow/scripts/groundwater.py,Groundwater,CLASS,38,10,B,524.0,835.0,36923.7280341146,220.09756097561,8126822.48243538,451490.137913077,12.3079093447049,PCR-GLOBWB,python,b1,1.0,0.00042663483654760214,2343.924861111111
778,func_metrics_14_PCR-GLOBWB_python,./models/14_PCR-GLOBWB_model/modflow/scripts/groundwater.py,Groundwater.getState,METHOD,40,1,A,12.0,15.0,385.136850060577,16.9230769230769,6517.70053948669,362.094474415927,0.128378950020192,PCR-GLOBWB,python,b1,1.0,0.00042663483654760214,2343.924861111111
779,func_metrics_14_PCR-GLOBWB_python,./models/14_PCR-GLOBWB_model/modflow/scripts/groundwater.py,Groundwater.getPseudoState,METHOD,56,1,A,3.0,4.0,41.5131794236476,5.33333333333333,221.403623592787,12.3002013107104,0.0138377264745492,PCR-GLOBWB,python,b1,1.0,0.00042663483654760214,2343.924861111111
780,func_metrics_14_PCR-GLOBWB_python,./models/14_PCR-GLOBWB_model/modflow/scripts/groundwater.py,Groundwater.__init__,METHOD,61,40,E,163.0,292.0,10671.6548413844,118.75,1267259.0124144,70403.2784674667,3.55721828046147,PCR-GLOBWB,python,b3,1.0,0.00042663483654760214,2343.924861111111
781,func_metrics_14_PCR-GLOBWB_python,./models/14_PCR-GLOBWB_model/modflow/scripts/groundwater.py,Groundwater.initiate_old_style_groundwater_reporting,METHOD,354,17,C,56.0,80.0,2782.43579015384,78.88,219478.535127335,12193.2519515186,0.927478596717947,PCR-GLOBWB,python,b2,1.0,0.00042663483654760214,2343.924861111111
782,func_metrics_14_PCR-GLOBWB_python,./models/14_PCR-GLOBWB_model/modflow/scripts/groundwater.py,Groundwater.getICs,METHOD,435,1,A,2.0,3.0,74.0087943628219,5.25,388.546170404815,21.585898355823,0.0246695981209406,PCR-GLOBWB,python,b1,1.0,0.00042663483654760214,2343.924861111111
783,func_metrics_14_PCR-GLOBWB_python,./models/14_PCR-GLOBWB_model/modflow/scripts/groundwater.py,Groundwater.initialize_states,METHOD,439,10,B,83.0,110.0,4684.40063751302,85.7142857142857,401520.054643973,22306.669702443,1.56146687917101,PCR-GLOBWB,python,b1,1.0,0.00042663483654760214,2343.924861111111
784,func_metrics_14_PCR-GLOBWB_python,./models/14_PCR-GLOBWB_model/modflow/scripts/groundwater.py,Groundwater.perturb,METHOD,550,2,A,7.0,11.0,283.633940401399,18.5454545454545,5260.1203492623,292.22890829235,0.0945446468004662,PCR-GLOBWB,python,b1,1.0,0.00042663483654760214,2343.924861111111
785,func_metrics_14_PCR-GLOBWB_python,./models/14_PCR-GLOBWB_model/modflow/scripts/groundwater.py,Groundwater.update,METHOD,562,2,A,7.0,11.0,212.666175073558,9.2,1956.52881067673,108.696045037596,0.0708887250245193,PCR-GLOBWB,python,b1,1.0,0.00042663483654760214,2343.924861111111
786,func_metrics_14_PCR-GLOBWB_python,./models/14_PCR-GLOBWB_model/modflow/scripts/groundwater.py,Groundwater.update_with_MODFLOW,METHOD,574,3,A,22.0,48.0,1488.62981224961,22.9714285714286,34195.953401391,1899.77518896617,0.496209937416536,PCR-GLOBWB,python,b1,1.0,0.00042663483654760214,2343.924861111111
787,func_metrics_14_PCR-GLOBWB_python,./models/14_PCR-GLOBWB_model/modflow/scripts/groundwater.py,Groundwater.update_without_MODFLOW,METHOD,624,6,B,56.0,82.0,2113.87719162897,34.0,71871.8245153849,3992.87913974361,0.704625730542989,PCR-GLOBWB,python,b1,1.0,0.00042663483654760214,2343.924861111111
788,func_metrics_14_PCR-GLOBWB_python,./models/14_PCR-GLOBWB_model/modflow/scripts/groundwater.py,Groundwater.calculate_statistics,METHOD,707,1,A,28.0,38.0,1350.0,30.6818181818182,41420.4545454546,2301.13636363636,0.45,PCR-GLOBWB,python,b1,1.0,0.00042663483654760214,2343.924861111111
789,func_metrics_14_PCR-GLOBWB_python,./models/14_PCR-GLOBWB_model/modflow/scripts/groundwater.py,Groundwater.old_style_groundwater_reporting,METHOD,746,32,E,84.0,127.0,4528.21930923361,90.0,407539.737831025,22641.0965461681,1.5094064364112,PCR-GLOBWB,python,b3,1.0,0.00042663483654760214,2343.924861111111
790,func_metrics_14_PCR-GLOBWB_python,./models/14_PCR-GLOBWB_model/modflow/scripts/groundwater.py, Groundwater  (aggregate) ,CLASS_AGG,40,116,F,,,,,,,,PCR-GLOBWB,python,b4,,,
791,func_metrics_14_PCR-GLOBWB_python,./models/14_PCR-GLOBWB_model/modflow/scripts/groundwater.py, groundwater.py  (module  aggregate) ,MODULE_AGG,1,116,F,,,,,,,,PCR-GLOBWB,python,b4,,,
792,func_metrics_14_PCR-GLOBWB_python,./models/14_PCR-GLOBWB_model/modflow/scripts/groundwater_MODFLOW.py,<module>,FUNCTION,1,1,A,11.0,,183.398500028846,4.5,825.293250129808,45.8496250072116,0.0611328333429487,PCR-GLOBWB,python,b1,,,
793,func_metrics_14_PCR-GLOBWB_python,./models/14_PCR-GLOBWB_model/modflow/scripts/groundwater_MODFLOW.py,GroundwaterModflow,CLASS,41,8,B,881.0,1681.0,81232.063023337,224.819484240688,18262550.5127137,1014586.1395952,27.0773543411124,PCR-GLOBWB,python,b1,1.0,0.00042663483654760214,2343.924861111111
794,func_metrics_14_PCR-GLOBWB_python,./models/14_PCR-GLOBWB_model/modflow/scripts/groundwater_MODFLOW.py,GroundwaterModflow.getState,METHOD,43,2,A,6.0,9.0,216.22022703449,12.9545454545455,2801.03475931044,155.613042183913,0.0720734090114967,PCR-GLOBWB,python,b1,1.0,0.00042663483654760214,2343.924861111111
795,func_metrics_14_PCR-GLOBWB_python,./models/14_PCR-GLOBWB_model/modflow/scripts/groundwater_MODFLOW.py,GroundwaterModflow.getGroundwaterDepth,METHOD,53,2,A,7.0,10.0,281.762897717399,15.3846153846154,4334.81381103691,240.822989502051,0.0939209659057997,PCR-GLOBWB,python,b1,1.0,0.00042663483654760214,2343.924861111111
796,func_metrics_14_PCR-GLOBWB_python,./models/14_PCR-GLOBWB_model/modflow/scripts/groundwater_MODFLOW.py,GroundwaterModflow.getVariableValuesForPCRGLOBWB,METHOD,64,1,A,6.0,9.0,280.94419197415,16.8,4719.86242516571,262.214579175873,0.0936480639913832,PCR-GLOBWB,python,b1,1.0,0.00042663483654760214,2343.924861111111
797,func_metrics_14_PCR-GLOBWB_python,./models/14_PCR-GLOBWB_model/modflow/scripts/groundwater_MODFLOW.py,GroundwaterModflow.__init__,METHOD,74,37,E,183.0,335.0,14061.2015563448,107.279279279279,1508475.56876535,83804.1982647417,4.68706718544827,PCR-GLOBWB,python,b3,1.0,0.00042663483654760214,2343.924861111111
798,func_metrics_14_PCR-GLOBWB_python,./models/14_PCR-GLOBWB_model/modflow/scripts/groundwater_MODFLOW.py,GroundwaterModflow.initiate_modflow,METHOD,410,6,B,11.0,25.0,713.449650199039,17.2391304347826,12299.2515784313,683.291754357292,0.237816550066346,PCR-GLOBWB,python,b1,1.0,0.00042663483654760214,2343.924861111111
799,func_metrics_14_PCR-GLOBWB_python,./models/14_PCR-GLOBWB_model/modflow/scripts/groundwater_MODFLOW.py,GroundwaterModflow.set_grid_for_one_layer_model,METHOD,438,1,A,7.0,11.0,199.652593131849,9.09090909090909,1815.0235739259,100.834642995883,0.0665508643772828,PCR-GLOBWB,python,b1,1.0,0.00042663483654760214,2343.924861111111
800,func_metrics_14_PCR-GLOBWB_python,./models/14_PCR-GLOBWB_model/modflow/scripts/groundwater_MODFLOW.py,GroundwaterModflow.set_grid_for_two_layer_model,METHOD,450,2,A,25.0,44.0,1035.42702887086,30.25,31321.6676233434,1740.0926457413,0.345142342956952,PCR-GLOBWB,python,b1,1.0,0.00042663483654760214,2343.924861111111
801,func_metrics_14_PCR-GLOBWB_python,./models/14_PCR-GLOBWB_model/modflow/scripts/groundwater_MODFLOW.py,GroundwaterModflow.set_bcf_for_one_layer_model,METHOD,500,1,A,14.0,31.0,690.0,12.7173913043478,8775.0,487.5,0.23,PCR-GLOBWB,python,b1,1.0,0.00042663483654760214,2343.924861111111
802,func_metrics_14_PCR-GLOBWB_python,./models/14_PCR-GLOBWB_model/modflow/scripts/groundwater_MODFLOW.py,GroundwaterModflow.set_bcf_for_two_layer_model,METHOD,532,2,A,35.0,73.0,2675.19703784543,35.3333333333333,94523.6286705387,5251.31270391882,0.891732345948478,PCR-GLOBWB,python,b1,1.0,0.00042663483654760214,2343.924861111111
803,func_metrics_14_PCR-GLOBWB_python,./models/14_PCR-GLOBWB_model/modflow/scripts/groundwater_MODFLOW.py,GroundwaterModflow.get_initial_heads,METHOD,606,8,B,33.0,54.0,2972.7907159183,56.5714285714286,168175.017643378,9343.05653574323,0.990930238639433,PCR-GLOBWB,python,b1,1.0,0.00042663483654760214,2343.924861111111
804,func_metrics_14_PCR-GLOBWB_python,./models/14_PCR-GLOBWB_model/modflow/scripts/groundwater_MODFLOW.py,GroundwaterModflow.transient_simulation_with_constant_input,METHOD,664,10,B,32.0,50.0,1485.80944637584,29.9189189189189,44453.8123550825,2469.65624194903,0.495269815458613,PCR-GLOBWB,python,b1,1.0,0.00042663483654760214,2343.924861111111
805,func_metrics_14_PCR-GLOBWB_python,./models/14_PCR-GLOBWB_model/modflow/scripts/groundwater_MODFLOW.py,GroundwaterModflow.estimate_bottom_of_bank_storage,METHOD,715,1,A,19.0,46.0,1088.79285708562,23.75,25858.8303557836,1436.60168643242,0.362930952361874,PCR-GLOBWB,python,b1,1.0,0.00042663483654760214,2343.924861111111
806,func_metrics_14_PCR-GLOBWB_python,./models/14_PCR-GLOBWB_model/modflow/scripts/groundwater_MODFLOW.py,GroundwaterModflow.initiate_old_style_reporting,METHOD,762,17,C,56.0,80.0,2782.43579015384,78.88,219478.535127335,12193.2519515186,0.927478596717947,PCR-GLOBWB,python,b2,,,
807,func_metrics_14_PCR-GLOBWB_python,./models/14_PCR-GLOBWB_model/modflow/scripts/groundwater_MODFLOW.py,GroundwaterModflow.update,METHOD,844,4,A,14.0,26.0,437.218289561481,20.5333333333333,8977.54887899575,498.752715499764,0.145739429853827,PCR-GLOBWB,python,b1,,,
808,func_metrics_14_PCR-GLOBWB_python,./models/14_PCR-GLOBWB_model/modflow/scripts/groundwater_MODFLOW.py,GroundwaterModflow.modflow_simulation,METHOD,871,33,E,140.0,264.0,8823.8366756673,88.9550561797753,784924.887205146,43606.9381780637,2.9412788918891,PCR-GLOBWB,python,b3,,,
809,func_metrics_14_PCR-GLOBWB_python,./models/14_PCR-GLOBWB_model/modflow/scripts/groundwater_MODFLOW.py,GroundwaterModflow.calculate_values_for_pcrglobwb,METHOD,1136,4,A,22.0,43.0,1321.67510467936,29.4545454545455,38929.3394469193,2162.74108038441,0.440558368226453,PCR-GLOBWB,python,b1,,,
810,func_metrics_14_PCR-GLOBWB_python,./models/14_PCR-GLOBWB_model/modflow/scripts/groundwater_MODFLOW.py,GroundwaterModflow.get_all_modflow_results,METHOD,1181,4,A,29.0,50.0,1584.87410905996,44.3478260869565,70285.7213583114,3904.76229768397,0.528291369686654,PCR-GLOBWB,python,b1,,,
811,func_metrics_14_PCR-GLOBWB_python,./models/14_PCR-GLOBWB_model/modflow/scripts/groundwater_MODFLOW.py,GroundwaterModflow.old_check_modflow_convergence,METHOD,1237,3,A,10.0,18.0,451.376905491157,16.8421052631579,7602.13735564054,422.340964202252,0.150458968497052,PCR-GLOBWB,python,b1,,,
812,func_metrics_14_PCR-GLOBWB_python,./models/14_PCR-GLOBWB_model/modflow/scripts/groundwater_MODFLOW.py,GroundwaterModflow.set_drain_and_river_package,METHOD,1256,10,B,86.0,194.0,6213.7502313904,57.1266666666667,354970.838218562,19720.6021232535,2.07125007713013,PCR-GLOBWB,python,b1,,,
813,func_metrics_14_PCR-GLOBWB_python,./models/14_PCR-GLOBWB_model/modflow/scripts/groundwater_MODFLOW.py,GroundwaterModflow.set_recharge_package,METHOD,1452,1,A,9.0,21.0,505.0,13.2,6666.0,370.333333333333,0.168333333333333,PCR-GLOBWB,python,b1,,,
814,func_metrics_14_PCR-GLOBWB_python,./models/14_PCR-GLOBWB_model/modflow/scripts/groundwater_MODFLOW.py,GroundwaterModflow.set_well_package,METHOD,1477,3,A,4.0,6.0,166.797000057693,7.2,1200.93840041539,66.718800023077,0.0555990000192308,PCR-GLOBWB,python,b1,,,
815,func_metrics_14_PCR-GLOBWB_python,./models/14_PCR-GLOBWB_model/modflow/scripts/groundwater_MODFLOW.py,GroundwaterModflow.set_well_package_for_one_layer_model,METHOD,1484,1,A,5.0,10.0,263.539045366726,10.5,2767.15997635062,153.731109797257,0.0878463484555752,PCR-GLOBWB,python,b1,,,
816,func_metrics_14_PCR-GLOBWB_python,./models/14_PCR-GLOBWB_model/modflow/scripts/groundwater_MODFLOW.py,GroundwaterModflow.set_well_package_for_two_layer_model,METHOD,1495,1,A,9.0,18.0,499.760912578606,15.6,7796.27023622625,433.126124234792,0.166586970859535,PCR-GLOBWB,python,b1,,,
817,func_metrics_14_PCR-GLOBWB_python,./models/14_PCR-GLOBWB_model/modflow/scripts/groundwater_MODFLOW.py,GroundwaterModflow.set_well_package_OLD,METHOD,1514,3,A,8.0,19.0,471.224156527375,16.2352941176471,7650.46277656208,425.025709809004,0.157074718842458,PCR-GLOBWB,python,b1,,,
818,func_metrics_14_PCR-GLOBWB_python,./models/14_PCR-GLOBWB_model/modflow/scripts/groundwater_MODFLOW.py,GroundwaterModflow.set_drain_package,METHOD,1536,1,A,10.0,29.0,544.664856112546,11.3571428571429,6185.83658013534,343.657587785297,0.181554952037515,PCR-GLOBWB,python,b1,,,
819,func_metrics_14_PCR-GLOBWB_python,./models/14_PCR-GLOBWB_model/modflow/scripts/groundwater_MODFLOW.py,GroundwaterModflow.return_innundation_fraction,METHOD,1571,1,A,16.0,21.0,2948.3481645676,61.3888888888889,180995.8178804,10055.3232155778,0.982782721522533,PCR-GLOBWB,python,b1,,,
820,func_metrics_14_PCR-GLOBWB_python,./models/14_PCR-GLOBWB_model/modflow/scripts/groundwater_MODFLOW.py,GroundwaterModflow.old_style_reporting,METHOD,1595,32,E,84.0,127.0,4528.21930923361,90.0,407539.737831025,22641.0965461681,1.5094064364112,PCR-GLOBWB,python,b3,,,
821,func_metrics_14_PCR-GLOBWB_python,./models/14_PCR-GLOBWB_model/modflow/scripts/groundwater_MODFLOW.py, GroundwaterModflow  (aggregate) ,CLASS_AGG,43,191,F,,,,,,,,PCR-GLOBWB,python,b4,,,
822,func_metrics_14_PCR-GLOBWB_python,./models/14_PCR-GLOBWB_model/modflow/scripts/groundwater_MODFLOW.py, groundwater_MODFLOW.py  (module  aggregate) ,MODULE_AGG,1,191,F,,,,,,,,PCR-GLOBWB,python,b4,,,
823,func_metrics_14_PCR-GLOBWB_python,./models/14_PCR-GLOBWB_model/modflow/scripts/landCover.py,<module>,FUNCTION,1,1,A,8.0,,131.769522683363,4.30769230769231,567.622559251409,31.5345866250783,0.0439231742277876,PCR-GLOBWB,python,b1,,,
824,func_metrics_14_PCR-GLOBWB_python,./models/14_PCR-GLOBWB_model/modflow/scripts/landCover.py,LandCover,CLASS,37,11,C,2102.0,3717.0,174839.674935346,314.953773584906,55066415.3932454,3059245.29962474,58.2798916451153,PCR-GLOBWB,python,b2,1.0,0.00042663483654760214,2343.924861111111
825,func_metrics_14_PCR-GLOBWB_python,./models/14_PCR-GLOBWB_model/modflow/scripts/landCover.py,LandCover.__init__,METHOD,39,45,F,164.0,253.0,10094.0132054828,73.6071428571429,742991.472017861,41277.3040009923,3.36467106849428,PCR-GLOBWB,python,b3,1.0,0.00042663483654760214,2343.924861111111
826,func_metrics_14_PCR-GLOBWB_python,./models/14_PCR-GLOBWB_model/modflow/scripts/landCover.py,LandCover.get_land_cover_parameters,METHOD,294,31,E,112.0,196.0,6693.1005423159,98.3571428571429,658314.246197785,36573.0136776547,2.2310335141053,PCR-GLOBWB,python,b3,1.0,0.00042663483654760214,2343.924861111111
827,func_metrics_14_PCR-GLOBWB_python,./models/14_PCR-GLOBWB_model/modflow/scripts/landCover.py,LandCover.estimate_paddy_infiltration_loss,METHOD,492,9,B,20.0,31.0,963.748872641356,32.7619047619048,31574.2487798692,1754.12493221495,0.321249624213785,PCR-GLOBWB,python,b1,1.0,0.00042663483654760214,2343.924861111111
828,func_metrics_14_PCR-GLOBWB_python,./models/14_PCR-GLOBWB_model/modflow/scripts/landCover.py,LandCover.scaleRootFractionsFromTwoLayerSoilParameters,METHOD,524,5,A,24.0,37.0,1628.6958094039,40.0961538461539,65304.4377424447,3628.02431902471,0.542898603134633,PCR-GLOBWB,python,b1,1.0,0.00042663483654760214,2343.924861111111
829,func_metrics_14_PCR-GLOBWB_python,./models/14_PCR-GLOBWB_model/modflow/scripts/landCover.py,LandCover.scaleRootFractionsOLD,METHOD,563,3,A,18.0,26.0,1159.21796182956,35.6666666666667,41345.4406385877,2296.96892436599,0.386405987276521,PCR-GLOBWB,python,b1,1.0,0.00042663483654760214,2343.924861111111
830,func_metrics_14_PCR-GLOBWB_python,./models/14_PCR-GLOBWB_model/modflow/scripts/landCover.py,LandCover.scaleRootFractionsAlternativeOLD,METHOD,590,3,A,13.0,23.0,1180.0,37.2894736842105,44001.5789473684,2444.53216374269,0.393333333333333,PCR-GLOBWB,python,b1,1.0,0.00042663483654760214,2343.924861111111
831,func_metrics_14_PCR-GLOBWB_python,./models/14_PCR-GLOBWB_model/modflow/scripts/landCover.py,LandCover.calculateParametersAtHalfTranspiration,METHOD,614,5,A,59.0,138.0,3736.33991298245,68.8636363636364,257297.953098564,14294.330727698,1.24544663766082,PCR-GLOBWB,python,b1,1.0,0.00042663483654760214,2343.924861111111
832,func_metrics_14_PCR-GLOBWB_python,./models/14_PCR-GLOBWB_model/modflow/scripts/landCover.py,LandCover.calculateTotAvlWaterCapacityInRootZone,METHOD,753,3,A,34.0,43.0,2092.06137655778,24.9,52092.3282762887,2894.0182375716,0.697353792185927,PCR-GLOBWB,python,b1,1.0,0.00042663483654760214,2343.924861111111
833,func_metrics_14_PCR-GLOBWB_python,./models/14_PCR-GLOBWB_model/modflow/scripts/landCover.py,LandCover.getICsLC,METHOD,798,7,B,34.0,40.0,1521.89897889864,40.4347826086957,61537.6543641624,3418.7585757868,0.50729965963288,PCR-GLOBWB,python,b1,1.0,0.00042663483654760214,2343.924861111111
834,func_metrics_14_PCR-GLOBWB_python,./models/14_PCR-GLOBWB_model/modflow/scripts/landCover.py,LandCover.updateLC,METHOD,839,27,D,122.0,158.0,6937.09859954346,55.4166666666667,384430.8807247,21357.2711513722,2.31236619984782,PCR-GLOBWB,python,b3,1.0,0.00042663483654760214,2343.924861111111
835,func_metrics_14_PCR-GLOBWB_python,./models/14_PCR-GLOBWB_model/modflow/scripts/landCover.py,LandCover.getPotET,METHOD,999,2,A,22.0,29.0,921.49894479431,16.3448275862069,15061.7413735346,836.763409640811,0.307166314931437,PCR-GLOBWB,python,b1,1.0,0.00042663483654760214,2343.924861111111
836,func_metrics_14_PCR-GLOBWB_python,./models/14_PCR-GLOBWB_model/modflow/scripts/landCover.py,LandCover.interceptionUpdate,METHOD,1029,11,C,78.0,121.0,3750.6340164618,59.3877551020408,222741.734447017,12374.540802612,1.2502113388206,PCR-GLOBWB,python,b2,1.0,0.00042663483654760214,2343.924861111111
837,func_metrics_14_PCR-GLOBWB_python,./models/14_PCR-GLOBWB_model/modflow/scripts/landCover.py,LandCover.interceptionUpdateOriginalVersion,METHOD,1151,1,A,2.0,102.0,36.541209043761,3.0,109.623627131283,6.0902015072935,0.012180403014587,PCR-GLOBWB,python,b1,1.0,0.00042663483654760214,2343.924861111111
838,func_metrics_14_PCR-GLOBWB_python,./models/14_PCR-GLOBWB_model/modflow/scripts/landCover.py,LandCover.snowMeltHBVSimple,METHOD,1254,3,A,49.0,78.0,2223.59073405283,41.3714285714286,91993.1252259569,5110.72917921983,0.741196911350942,PCR-GLOBWB,python,b1,1.0,0.00042663483654760214,2343.924861111111
839,func_metrics_14_PCR-GLOBWB_python,./models/14_PCR-GLOBWB_model/modflow/scripts/landCover.py,LandCover.getSoilStates,METHOD,1333,3,A,92.0,153.0,7999.49742047564,42.1521739130435,337196.206484832,18733.1225824907,2.66649914015855,PCR-GLOBWB,python,b1,1.0,0.00042663483654760214,2343.924861111111
840,func_metrics_14_PCR-GLOBWB_python,./models/14_PCR-GLOBWB_model/modflow/scripts/landCover.py,LandCover.calculateWaterDemand,METHOD,1487,43,F,397.0,782.0,28112.0013427025,110.0625,3094077.1477812,171893.174876733,9.37066711423418,PCR-GLOBWB,python,b3,1.0,0.00042663483654760214,2343.924861111111
841,func_metrics_14_PCR-GLOBWB_python,./models/14_PCR-GLOBWB_model/modflow/scripts/landCover.py,LandCover.calculateDirectRunoff,METHOD,2276,3,A,8.0,14.0,437.218289561481,11.3157894736842,4947.47011872203,274.859451040113,0.145739429853827,PCR-GLOBWB,python,b1,1.0,0.00042663483654760214,2343.924861111111
842,func_metrics_14_PCR-GLOBWB_python,./models/14_PCR-GLOBWB_model/modflow/scripts/landCover.py,LandCover.improvedArnoScheme,METHOD,2291,7,B,46.0,88.0,2961.75101024938,56.6052631578948,167650.695343327,9313.9275190737,0.987250336749793,PCR-GLOBWB,python,b1,1.0,0.00042663483654760214,2343.924861111111
843,func_metrics_14_PCR-GLOBWB_python,./models/14_PCR-GLOBWB_model/modflow/scripts/landCover.py,LandCover.calculateOpenWaterEvap,METHOD,2380,3,A,15.0,29.0,875.043608695058,28.7,25113.7515695482,1395.20842053045,0.291681202898353,PCR-GLOBWB,python,b1,1.0,0.00042663483654760214,2343.924861111111
844,func_metrics_14_PCR-GLOBWB_python,./models/14_PCR-GLOBWB_model/modflow/scripts/landCover.py,LandCover.calculateInfiltration,METHOD,2410,6,B,15.0,26.0,856.59026382981,29.25,25055.2652170219,1391.95917872344,0.28553008794327,PCR-GLOBWB,python,b1,1.0,0.00042663483654760214,2343.924861111111
845,func_metrics_14_PCR-GLOBWB_python,./models/14_PCR-GLOBWB_model/modflow/scripts/landCover.py,LandCover.estimateTranspirationAndBareSoilEvap,METHOD,2437,22,D,94.0,145.0,5310.41959970539,60.5819672131148,321715.666077234,17873.0925598463,1.77013986656846,PCR-GLOBWB,python,b3,1.0,0.00042663483654760214,2343.924861111111
846,func_metrics_14_PCR-GLOBWB_python,./models/14_PCR-GLOBWB_model/modflow/scripts/landCover.py,LandCover.estimateSoilFluxes,METHOD,2583,3,A,73.0,113.0,4611.41929636561,37.9166666666667,174849.64832053,9713.86935114053,1.5371397654552,PCR-GLOBWB,python,b1,1.0,0.00042663483654760214,2343.924861111111
847,func_metrics_14_PCR-GLOBWB_python,./models/14_PCR-GLOBWB_model/modflow/scripts/landCover.py,LandCover.scaleAllFluxes,METHOD,2698,3,A,61.0,120.0,3465.39187501074,53.8461538461539,186598.02403904,10366.5568910578,1.15513062500358,PCR-GLOBWB,python,b1,1.0,0.00042663483654760214,2343.924861111111
848,func_metrics_14_PCR-GLOBWB_python,./models/14_PCR-GLOBWB_model/modflow/scripts/landCover.py,LandCover.scaleAllFluxesForIrrigatedAreas,METHOD,2820,5,A,15.0,131.0,854.693757330057,23.8333333333333,20370.2012163664,1131.67784535369,0.284897919110019,PCR-GLOBWB,python,b1,1.0,0.00042663483654760214,2343.924861111111
849,func_metrics_14_PCR-GLOBWB_python,./models/14_PCR-GLOBWB_model/modflow/scripts/landCover.py,LandCover.scaleAllFluxesOptimizeEvaporationTranspiration,METHOD,2954,3,A,93.0,146.0,5109.61165240831,76.7857142857143,392345.180452781,21796.954469599,1.7032038841361,PCR-GLOBWB,python,b1,1.0,0.00042663483654760214,2343.924861111111
850,func_metrics_14_PCR-GLOBWB_python,./models/14_PCR-GLOBWB_model/modflow/scripts/landCover.py,LandCover.scaleAllFluxesOptimizeEvaporationVersion27April2014,METHOD,3101,7,B,116.0,177.0,6709.27747248788,80.4411764705882,539702.17315454,29983.4540641411,2.23642582416263,PCR-GLOBWB,python,b1,1.0,0.00042663483654760214,2343.924861111111
851,func_metrics_14_PCR-GLOBWB_python,./models/14_PCR-GLOBWB_model/modflow/scripts/landCover.py,LandCover.updateSoilStates,METHOD,3279,4,A,148.0,260.0,6699.30633752085,69.375,464764.377165509,25820.2431758616,2.23310211250695,PCR-GLOBWB,python,b1,1.0,0.00042663483654760214,2343.924861111111
852,func_metrics_14_PCR-GLOBWB_python,./models/14_PCR-GLOBWB_model/modflow/scripts/landCover.py,LandCover.upperSoilUpdate,METHOD,3540,12,C,177.0,214.0,5902.56973866022,36.9090909090909,217858.483081459,12103.2490600811,1.96752324622007,PCR-GLOBWB,python,b2,1.0,0.00042663483654760214,2343.924861111111
853,func_metrics_14_PCR-GLOBWB_python,./models/14_PCR-GLOBWB_model/modflow/scripts/landCover.py, LandCover  (aggregate) ,CLASS_AGG,39,279,F,,,,,,,,PCR-GLOBWB,python,b4,,,
854,func_metrics_14_PCR-GLOBWB_python,./models/14_PCR-GLOBWB_model/modflow/scripts/landCover.py, landCover.py  (module  aggregate) ,MODULE_AGG,1,279,F,,,,,,,,PCR-GLOBWB,python,b4,,,
855,func_metrics_14_PCR-GLOBWB_python,./models/14_PCR-GLOBWB_model/modflow/scripts/landSurface.py,<module>,FUNCTION,1,1,A,8.0,,142.701811796394,4.28571428571429,611.579193413115,33.9766218562842,0.0475672705987978,PCR-GLOBWB,python,b1,,,
856,func_metrics_14_PCR-GLOBWB_python,./models/14_PCR-GLOBWB_model/modflow/scripts/landSurface.py,LandSurface,CLASS,37,17,C,955.0,1461.0,79587.5414138924,289.679715302491,23054896.3384016,1280827.57435564,26.5291804712975,PCR-GLOBWB,python,b2,1.0,0.00042663483654760214,2343.924861111111
857,func_metrics_14_PCR-GLOBWB_python,./models/14_PCR-GLOBWB_model/modflow/scripts/landSurface.py,LandSurface.getState,METHOD,39,5,A,39.0,42.0,1495.7140753276,49.3421052631579,73801.6813484013,4100.09340824452,0.498571358442533,PCR-GLOBWB,python,b1,1.0,0.00042663483654760214,2343.924861111111
858,func_metrics_14_PCR-GLOBWB_python,./models/14_PCR-GLOBWB_model/modflow/scripts/landSurface.py,LandSurface.getPseudoState,METHOD,82,3,A,18.0,21.0,624.956139867489,26.8666666666667,16790.4882911065,932.804905061474,0.208318713289163,PCR-GLOBWB,python,b1,1.0,0.00042663483654760214,2343.924861111111
859,func_metrics_14_PCR-GLOBWB_python,./models/14_PCR-GLOBWB_model/modflow/scripts/landSurface.py,LandSurface.__init__,METHOD,104,33,E,174.0,268.0,8010.41362122352,91.945945945946,736525.057821687,40918.0587678715,2.67013787374117,PCR-GLOBWB,python,b3,1.0,0.00042663483654760214,2343.924861111111
860,func_metrics_14_PCR-GLOBWB_python,./models/14_PCR-GLOBWB_model/modflow/scripts/landSurface.py,LandSurface.initiate_old_style_land_surface_reporting,METHOD,374,17,C,56.0,80.0,2782.43579015384,78.88,219478.535127335,12193.2519515186,0.927478596717947,PCR-GLOBWB,python,b2,1.0,0.00042663483654760214,2343.924861111111
861,func_metrics_14_PCR-GLOBWB_python,./models/14_PCR-GLOBWB_model/modflow/scripts/landSurface.py,LandSurface.getInitialConditions,METHOD,455,33,E,62.0,122.0,4086.01042468631,77.0,314622.802700846,17479.0445944915,1.36200347489544,PCR-GLOBWB,python,b3,1.0,0.00042663483654760214,2343.924861111111
862,func_metrics_14_PCR-GLOBWB_python,./models/14_PCR-GLOBWB_model/modflow/scripts/landSurface.py,LandSurface.waterDemandOptions,METHOD,578,12,C,77.0,104.0,4605.82831895114,66.375,305711.854670382,16983.9919261323,1.53527610631705,PCR-GLOBWB,python,b2,1.0,0.00042663483654760214,2343.924861111111
863,func_metrics_14_PCR-GLOBWB_python,./models/14_PCR-GLOBWB_model/modflow/scripts/landSurface.py,LandSurface.scaleNaturalLandCoverFractions,METHOD,684,15,C,51.0,70.0,2878.72205766125,67.9393939393939,195578.63191747,10865.4795509706,0.959574019220417,PCR-GLOBWB,python,b2,1.0,0.00042663483654760214,2343.924861111111
864,func_metrics_14_PCR-GLOBWB_python,./models/14_PCR-GLOBWB_model/modflow/scripts/landSurface.py,LandSurface.scaleModifiedLandCoverFractions,METHOD,755,11,C,34.0,46.0,1854.88308682468,48.7096774193548,90350.7568098473,5019.48648943596,0.618294362274893,PCR-GLOBWB,python,b2,1.0,0.00042663483654760214,2343.924861111111
865,func_metrics_14_PCR-GLOBWB_python,./models/14_PCR-GLOBWB_model/modflow/scripts/landSurface.py,LandSurface.obtainNonIrrWaterDemand,METHOD,802,15,C,105.0,134.0,7817.29497682741,122.088235294118,954399.748494429,53022.2082496905,2.6057649922758,PCR-GLOBWB,python,b2,1.0,0.00042663483654760214,2343.924861111111
866,func_metrics_14_PCR-GLOBWB_python,./models/14_PCR-GLOBWB_model/modflow/scripts/landSurface.py,LandSurface.calculateCapRiseFrac,METHOD,937,8,B,43.0,72.0,6691.40413732776,80.8412698412698,540941.607482703,30052.3115268168,2.23046804577592,PCR-GLOBWB,python,b1,1.0,0.00042663483654760214,2343.924861111111
867,func_metrics_14_PCR-GLOBWB_python,./models/14_PCR-GLOBWB_model/modflow/scripts/landSurface.py,LandSurface.partitioningGroundSurfaceAbstraction,METHOD,1010,4,A,36.0,64.0,1858.35357505843,32.9102564102564,61158.8926560897,3397.71625867165,0.619451191686145,PCR-GLOBWB,python,b1,1.0,0.00042663483654760214,2343.924861111111
868,func_metrics_14_PCR-GLOBWB_python,./models/14_PCR-GLOBWB_model/modflow/scripts/landSurface.py,LandSurface.partitioningGroundSurfaceAbstractionForIrrigation,METHOD,1075,1,A,13.0,18.0,442.2766528293,16.125,7131.71102687246,396.206168159581,0.1474255509431,PCR-GLOBWB,python,b1,1.0,0.00042663483654760214,2343.924861111111
869,func_metrics_14_PCR-GLOBWB_python,./models/14_PCR-GLOBWB_model/modflow/scripts/landSurface.py,LandSurface.scaleDynamicIrrigation,METHOD,1094,4,A,24.0,52.0,1423.77876083485,26.7428571428571,38075.9120040404,2115.32844466891,0.474592920278282,PCR-GLOBWB,python,b1,1.0,0.00042663483654760214,2343.924861111111
870,func_metrics_14_PCR-GLOBWB_python,./models/14_PCR-GLOBWB_model/modflow/scripts/landSurface.py,LandSurface.update,METHOD,1147,46,F,138.0,223.0,9717.56097601663,73.9428571428572,718544.223026601,39919.1235014778,3.23918699200554,PCR-GLOBWB,python,b3,1.0,0.00042663483654760214,2343.924861111111
871,func_metrics_14_PCR-GLOBWB_python,./models/14_PCR-GLOBWB_model/modflow/scripts/landSurface.py,LandSurface.old_style_land_surface_reporting,METHOD,1371,32,E,84.0,127.0,4610.2310431654,91.8421052631579,423413.324753875,23522.9624863264,1.53674368105513,PCR-GLOBWB,python,b3,1.0,0.00042663483654760214,2343.924861111111
872,func_metrics_14_PCR-GLOBWB_python,./models/14_PCR-GLOBWB_model/modflow/scripts/landSurface.py, LandSurface  (aggregate) ,CLASS_AGG,39,239,F,,,,,,,,PCR-GLOBWB,python,b4,,,
873,func_metrics_14_PCR-GLOBWB_python,./models/14_PCR-GLOBWB_model/modflow/scripts/landSurface.py, landSurface.py  (module  aggregate) ,MODULE_AGG,1,239,F,,,,,,,,PCR-GLOBWB,python,b4,,,
874,func_metrics_14_PCR-GLOBWB_python,./models/14_PCR-GLOBWB_model/modflow/scripts/merge_netcdf.py,<module>,FUNCTION,1,23,D,51.0,,2889.12113936353,44.1428571428571,127534.061723333,7085.22565129626,0.963040379787842,PCR-GLOBWB,python,b3,,,
875,func_metrics_14_PCR-GLOBWB_python,./models/14_PCR-GLOBWB_model/modflow/scripts/merge_netcdf.py,calculate_monthdelta,FUNCTION,41,3,A,11.0,11.0,440.923471624432,23.0714285714286,10172.7343810494,565.1519100583,0.146974490541477,PCR-GLOBWB,python,b1,1.0,0.00042663483654760214,2343.924861111111
876,func_metrics_14_PCR-GLOBWB_python,./models/14_PCR-GLOBWB_model/modflow/scripts/merge_netcdf.py,getMax,FUNCTION,53,2,A,6.0,6.0,141.777450049039,10.2142857142857,1448.15538264375,80.4530768135418,0.0472591500163462,PCR-GLOBWB,python,b1,1.0,0.00042663483654760214,2343.924861111111
877,func_metrics_14_PCR-GLOBWB_python,./models/14_PCR-GLOBWB_model/modflow/scripts/merge_netcdf.py,getMin,FUNCTION,60,2,A,6.0,6.0,141.777450049039,10.2142857142857,1448.15538264375,80.4530768135418,0.0472591500163462,PCR-GLOBWB,python,b1,1.0,0.00042663483654760214,2343.924861111111
878,func_metrics_14_PCR-GLOBWB_python,./models/14_PCR-GLOBWB_model/modflow/scripts/merge_netcdf.py,netcdfList,FUNCTION,67,2,A,9.0,9.0,314.929461115453,14.5,4566.47718617407,253.693177009671,0.104976487038484,PCR-GLOBWB,python,b1,1.0,0.00042663483654760214,2343.924861111111
879,func_metrics_14_PCR-GLOBWB_python,./models/14_PCR-GLOBWB_model/modflow/scripts/merge_netcdf.py,ncFileNameDict,FUNCTION,77,2,A,7.0,7.0,299.32032633212,15.4285714285714,4618.08503483842,256.560279713245,0.0997734421107066,PCR-GLOBWB,python,b1,1.0,0.00042663483654760214,2343.924861111111
880,func_metrics_14_PCR-GLOBWB_python,./models/14_PCR-GLOBWB_model/modflow/scripts/merge_netcdf.py,mergeNetCDF,FUNCTION,85,43,F,194.0,301.0,14655.7752716804,78.451048951049,1149760.94325417,63875.607958565,4.88525842389346,PCR-GLOBWB,python,b3,1.0,0.00042663483654760214,2343.924861111111
881,func_metrics_14_PCR-GLOBWB_python,./models/14_PCR-GLOBWB_model/modflow/scripts/merge_netcdf.py, merge_netcdf.py  (module  aggregate) ,MODULE_AGG,1,54,F,,,,,,,,PCR-GLOBWB,python,b4,,,
882,func_metrics_14_PCR-GLOBWB_python,./models/14_PCR-GLOBWB_model/modflow/scripts/merge_pcraster_maps.py,<module>,FUNCTION,1,22,D,95.0,,4763.14531603994,53.5774647887324,255197.250453745,14177.6250252081,1.58771510534665,PCR-GLOBWB,python,b3,,,
883,func_metrics_14_PCR-GLOBWB_python,./models/14_PCR-GLOBWB_model/modflow/scripts/merge_pcraster_maps.py,getMax,FUNCTION,39,3,A,8.0,8.0,231.89044416914,10.5,2434.84966377596,135.269425765331,0.0772968147230465,PCR-GLOBWB,python,b1,1.0,0.00042663483654760214,2343.924861111111
884,func_metrics_14_PCR-GLOBWB_python,./models/14_PCR-GLOBWB_model/modflow/scripts/merge_pcraster_maps.py,getMin,FUNCTION,48,3,A,8.0,8.0,231.89044416914,10.5,2434.84966377596,135.269425765331,0.0772968147230465,PCR-GLOBWB,python,b1,1.0,0.00042663483654760214,2343.924861111111
885,func_metrics_14_PCR-GLOBWB_python,./models/14_PCR-GLOBWB_model/modflow/scripts/merge_pcraster_maps.py,getFileList,FUNCTION,57,2,A,7.0,7.0,259.597165791111,13.2692307692308,3444.65469992051,191.369705551139,0.0865323885970369,PCR-GLOBWB,python,b1,1.0,0.00042663483654760214,2343.924861111111
886,func_metrics_14_PCR-GLOBWB_python,./models/14_PCR-GLOBWB_model/modflow/scripts/merge_pcraster_maps.py,getMapAttributesALL,FUNCTION,65,3,A,12.0,12.0,745.069933284231,19.5869565217391,14593.6523888933,810.758466049628,0.248356644428077,PCR-GLOBWB,python,b1,1.0,0.00042663483654760214,2343.924861111111
887,func_metrics_14_PCR-GLOBWB_python,./models/14_PCR-GLOBWB_model/modflow/scripts/merge_pcraster_maps.py,checkResolution,FUNCTION,78,4,A,17.0,17.0,535.053201521783,25.6,13697.3619589576,760.964553275424,0.178351067173928,PCR-GLOBWB,python,b1,1.0,0.00042663483654760214,2343.924861111111
888,func_metrics_14_PCR-GLOBWB_python,./models/14_PCR-GLOBWB_model/modflow/scripts/merge_pcraster_maps.py,getPosition,FUNCTION,96,3,A,9.0,9.0,341.839545416694,20.0769230769231,6863.08625798133,381.282569887851,0.113946515138898,PCR-GLOBWB,python,b1,1.0,0.00042663483654760214,2343.924861111111
889,func_metrics_14_PCR-GLOBWB_python,./models/14_PCR-GLOBWB_model/modflow/scripts/merge_pcraster_maps.py,checkRowPosition,FUNCTION,106,2,A,6.0,6.0,88.8105532353862,11.25,999.118723898095,55.5065957721164,0.0296035177451287,PCR-GLOBWB,python,b1,1.0,0.00042663483654760214,2343.924861111111
890,func_metrics_14_PCR-GLOBWB_python,./models/14_PCR-GLOBWB_model/modflow/scripts/merge_pcraster_maps.py,joinMaps,FUNCTION,113,3,A,63.0,74.0,3334.14562259444,40.3174603174603,134424.283831585,7468.01576842141,1.11138187419815,PCR-GLOBWB,python,b1,1.0,0.00042663483654760214,2343.924861111111
891,func_metrics_14_PCR-GLOBWB_python,./models/14_PCR-GLOBWB_model/modflow/scripts/merge_pcraster_maps.py, merge_pcraster_maps.py  (module  aggregate) ,MODULE_AGG,1,23,D,,,,,,,,PCR-GLOBWB,python,b3,,,
892,func_metrics_14_PCR-GLOBWB_python,./models/14_PCR-GLOBWB_model/modflow/scripts/meteo.py,<module>,FUNCTION,1,1,A,8.0,,149.338792374478,4.61538461538462,689.255964805282,38.2919980447379,0.0497795974581593,PCR-GLOBWB,python,b1,,,
893,func_metrics_14_PCR-GLOBWB_python,./models/14_PCR-GLOBWB_model/modflow/scripts/meteo.py,Meteo,CLASS,15,12,C,357.0,517.0,22983.9306838992,166.724637681159,3831987.51576197,212888.195320109,7.66131022796638,PCR-GLOBWB,python,b2,1.0,0.00042663483654760214,2343.924861111111
894,func_metrics_14_PCR-GLOBWB_python,./models/14_PCR-GLOBWB_model/modflow/scripts/meteo.py,Meteo.__init__,METHOD,17,24,D,82.0,119.0,4583.85951946151,62.82,287958.055012572,15997.6697229207,1.52795317315384,PCR-GLOBWB,python,b3,1.0,0.00042663483654760214,2343.924861111111
895,func_metrics_14_PCR-GLOBWB_python,./models/14_PCR-GLOBWB_model/modflow/scripts/meteo.py,Meteo.forcingDownscalingOptions,METHOD,138,12,C,53.0,73.0,2667.90894117161,50.3522727272727,134335.278617402,7463.07103430012,0.889302980390535,PCR-GLOBWB,python,b2,1.0,0.00042663483654760214,2343.924861111111
896,func_metrics_14_PCR-GLOBWB_python,./models/14_PCR-GLOBWB_model/modflow/scripts/meteo.py,Meteo.perturb,METHOD,212,2,A,7.0,13.0,286.620878712527,16.2916666666667,4669.53181569158,259.418434205088,0.0955402929041756,PCR-GLOBWB,python,b1,1.0,0.00042663483654760214,2343.924861111111
897,func_metrics_14_PCR-GLOBWB_python,./models/14_PCR-GLOBWB_model/modflow/scripts/meteo.py,Meteo.update,METHOD,227,1,A,2.0,3.0,28.5293250129808,3.0,85.5879750389424,4.75488750216347,0.0095097750043269,PCR-GLOBWB,python,b1,1.0,0.00042663483654760214,2343.924861111111
898,func_metrics_14_PCR-GLOBWB_python,./models/14_PCR-GLOBWB_model/modflow/scripts/meteo.py,Meteo.downscalePrecipitation,METHOD,231,2,A,25.0,29.0,1116.2097065152,25.5,28463.3475161377,1581.29708422987,0.372069902171734,PCR-GLOBWB,python,b1,1.0,0.00042663483654760214,2343.924861111111
899,func_metrics_14_PCR-GLOBWB_python,./models/14_PCR-GLOBWB_model/modflow/scripts/meteo.py,Meteo.downscaleTemperature,METHOD,261,2,A,24.0,26.0,1072.03564837378,22.265625,23869.5437333225,1326.08576296236,0.357345216124595,PCR-GLOBWB,python,b1,1.0,0.00042663483654760214,2343.924861111111
900,func_metrics_14_PCR-GLOBWB_python,./models/14_PCR-GLOBWB_model/modflow/scripts/meteo.py,Meteo.downscaleReferenceETPot,METHOD,288,1,A,7.0,8.0,303.07865105582,12.6923076923077,3846.76749417002,213.709305231668,0.101026217018607,PCR-GLOBWB,python,b1,1.0,0.00042663483654760214,2343.924861111111
901,func_metrics_14_PCR-GLOBWB_python,./models/14_PCR-GLOBWB_model/modflow/scripts/meteo.py,Meteo.read_forcings,METHOD,297,43,F,156.0,235.0,9164.94513161426,86.9512195121951,796903.155956215,44272.3975531231,3.05498171053809,PCR-GLOBWB,python,b3,1.0,0.00042663483654760214,2343.924861111111
902,func_metrics_14_PCR-GLOBWB_python,./models/14_PCR-GLOBWB_model/modflow/scripts/meteo.py, Meteo  (aggregate) ,CLASS_AGG,17,87,F,,,,,,,,PCR-GLOBWB,python,b4,,,
903,func_metrics_14_PCR-GLOBWB_python,./models/14_PCR-GLOBWB_model/modflow/scripts/meteo.py, meteo.py  (module  aggregate) ,MODULE_AGG,1,87,F,,,,,,,,PCR-GLOBWB,python,b4,,,
904,func_metrics_14_PCR-GLOBWB_python,./models/14_PCR-GLOBWB_model/modflow/scripts/modflow.py,<module>,FUNCTION,1,1,A,9.0,,125.335914751734,3.21428571428571,402.865440273429,22.3814133485238,0.0417786382505778,PCR-GLOBWB,python,b1,,,
905,func_metrics_14_PCR-GLOBWB_python,./models/14_PCR-GLOBWB_model/modflow/scripts/modflow.py,ModflowCoupling,CLASS,43,3,A,96.0,149.0,5160.68114967757,60.2058823529412,310703.362158529,17261.297897696,1.72022704989252,PCR-GLOBWB,python,b1,1.0,0.00042663483654760214,2343.924861111111
906,func_metrics_14_PCR-GLOBWB_python,./models/14_PCR-GLOBWB_model/modflow/scripts/modflow.py,ModflowCoupling.__init__,METHOD,45,2,A,14.0,22.0,635.932855156292,15.8181818181818,10059.3015270177,558.850084834318,0.211977618385431,PCR-GLOBWB,python,b1,1.0,0.00042663483654760214,2343.924861111111
907,func_metrics_14_PCR-GLOBWB_python,./models/14_PCR-GLOBWB_model/modflow/scripts/modflow.py,ModflowCoupling.configuration,METHOD,69,1,A,2.0,2.0,31.6992500144231,4.0,126.797000057692,7.04427778098292,0.0105664166714744,PCR-GLOBWB,python,b1,1.0,0.00042663483654760214,2343.924861111111
908,func_metrics_14_PCR-GLOBWB_python,./models/14_PCR-GLOBWB_model/modflow/scripts/modflow.py,ModflowCoupling.createSubmodels,METHOD,72,1,A,3.0,5.0,83.7618082852673,5.0,418.809041426337,23.2671689681298,0.0279206027617558,PCR-GLOBWB,python,b1,1.0,0.00042663483654760214,2343.924861111111
909,func_metrics_14_PCR-GLOBWB_python,./models/14_PCR-GLOBWB_model/modflow/scripts/modflow.py,ModflowCoupling.dumpState,METHOD,78,4,A,16.0,22.0,549.838959010071,17.6842105263158,9723.46790670442,540.192661483579,0.183279653003357,PCR-GLOBWB,python,b1,1.0,0.00042663483654760214,2343.924861111111
910,func_metrics_14_PCR-GLOBWB_python,./models/14_PCR-GLOBWB_model/modflow/scripts/modflow.py,ModflowCoupling.dumpGroundwaterDepth,METHOD,101,4,A,16.0,22.0,549.838959010071,17.6842105263158,9723.46790670442,540.192661483579,0.183279653003357,PCR-GLOBWB,python,b1,1.0,0.00042663483654760214,2343.924861111111
911,func_metrics_14_PCR-GLOBWB_python,./models/14_PCR-GLOBWB_model/modflow/scripts/modflow.py,ModflowCoupling.dumpVariableValuesForPCRGLOBWB,METHOD,124,6,B,14.0,20.0,654.597155671146,13.2407407407407,8667.35122786795,481.519512659331,0.218199051890382,PCR-GLOBWB,python,b1,1.0,0.00042663483654760214,2343.924861111111
912,func_metrics_14_PCR-GLOBWB_python,./models/14_PCR-GLOBWB_model/modflow/scripts/modflow.py,ModflowCoupling.getState,METHOD,145,1,A,4.0,5.0,96.0,9.9,950.4,52.8,0.032,PCR-GLOBWB,python,b1,1.0,0.00042663483654760214,2343.924861111111
913,func_metrics_14_PCR-GLOBWB_python,./models/14_PCR-GLOBWB_model/modflow/scripts/modflow.py,ModflowCoupling.getGroundwaterDepth,METHOD,151,1,A,4.0,5.0,96.0,9.9,950.4,52.8,0.032,PCR-GLOBWB,python,b1,1.0,0.00042663483654760214,2343.924861111111
914,func_metrics_14_PCR-GLOBWB_python,./models/14_PCR-GLOBWB_model/modflow/scripts/modflow.py,ModflowCoupling.update,METHOD,157,3,A,8.0,13.0,405.808277295994,12.0,4869.69932755193,270.538851530663,0.135269425765331,PCR-GLOBWB,python,b1,1.0,0.00042663483654760214,2343.924861111111
915,func_metrics_14_PCR-GLOBWB_python,./models/14_PCR-GLOBWB_model/modflow/scripts/modflow.py,ModflowCoupling.get_initial_heads,METHOD,171,3,A,13.0,21.0,726.219808150061,26.7647058823529,19437.0595710752,1079.83664283751,0.242073269383354,PCR-GLOBWB,python,b1,1.0,0.00042663483654760214,2343.924861111111
916,func_metrics_14_PCR-GLOBWB_python,./models/14_PCR-GLOBWB_model/modflow/scripts/modflow.py, ModflowCoupling  (aggregate) ,CLASS_AGG,45,26,D,,,,,,,,PCR-GLOBWB,python,b3,,,
917,func_metrics_14_PCR-GLOBWB_python,./models/14_PCR-GLOBWB_model/modflow/scripts/modflow.py, modflow.py  (module  aggregate) ,MODULE_AGG,1,26,D,,,,,,,,PCR-GLOBWB,python,b3,,,
918,func_metrics_14_PCR-GLOBWB_python,./models/14_PCR-GLOBWB_model/modflow/scripts/ncConverter.py,<module>,FUNCTION,1,1,A,11.0,,122.62388523751,1.0,122.62388523751,6.81243806875057,0.0408746284125034,PCR-GLOBWB,python,b1,,,
919,func_metrics_14_PCR-GLOBWB_python,./models/14_PCR-GLOBWB_model/modflow/scripts/ncConverter.py,PCR2netCDF,CLASS,39,5,A,109.0,172.0,7257.45051619946,68.9240506329114,500212.88684438,27789.6048246878,2.41915017206649,PCR-GLOBWB,python,b1,1.0,0.00042663483654760214,2343.924861111111
920,func_metrics_14_PCR-GLOBWB_python,./models/14_PCR-GLOBWB_model/modflow/scripts/ncConverter.py,PCR2netCDF.__init__,METHOD,41,14,C,28.0,44.0,1899.11287571394,33.5405405405405,63697.2723989461,3538.73735549701,0.633037625237981,PCR-GLOBWB,python,b2,1.0,0.00042663483654760214,2343.924861111111
921,func_metrics_14_PCR-GLOBWB_python,./models/14_PCR-GLOBWB_model/modflow/scripts/ncConverter.py,PCR2netCDF.set_general_netcdf_attributes,METHOD,87,2,A,10.0,12.0,432.564867007818,36.75,15896.7588625373,883.153270140961,0.144188289002606,PCR-GLOBWB,python,b1,1.0,0.00042663483654760214,2343.924861111111
922,func_metrics_14_PCR-GLOBWB_python,./models/14_PCR-GLOBWB_model/modflow/scripts/ncConverter.py,PCR2netCDF.createNetCDF,METHOD,100,3,A,31.0,43.0,1537.22726767428,22.4078947368421,34446.0268006486,1913.66815559159,0.512409089224758,PCR-GLOBWB,python,b1,1.0,0.00042663483654760214,2343.924861111111
923,func_metrics_14_PCR-GLOBWB_python,./models/14_PCR-GLOBWB_model/modflow/scripts/ncConverter.py,PCR2netCDF.changeAtrribute,METHOD,144,2,A,5.0,8.0,221.654535846794,6.75,1496.16811696586,83.1204509425476,0.0738848452822646,PCR-GLOBWB,python,b1,1.0,0.00042663483654760214,2343.924861111111
924,func_metrics_14_PCR-GLOBWB_python,./models/14_PCR-GLOBWB_model/modflow/scripts/ncConverter.py,PCR2netCDF.addNewVariable,METHOD,153,2,A,11.0,15.0,484.261835458412,8.8125,4267.55742497725,237.086523609847,0.161420611819471,PCR-GLOBWB,python,b1,1.0,0.00042663483654760214,2343.924861111111
925,func_metrics_14_PCR-GLOBWB_python,./models/14_PCR-GLOBWB_model/modflow/scripts/ncConverter.py,PCR2netCDF.data2NetCDF,METHOD,169,3,A,9.0,15.0,529.096135490035,11.0,5820.05749039039,323.33652724391,0.176365378496678,PCR-GLOBWB,python,b1,1.0,0.00042663483654760214,2343.924861111111
926,func_metrics_14_PCR-GLOBWB_python,./models/14_PCR-GLOBWB_model/modflow/scripts/ncConverter.py,PCR2netCDF.dataList2NetCDF,METHOD,185,4,A,11.0,19.0,603.511664046012,13.26,8002.56466525012,444.586925847229,0.201170554682004,PCR-GLOBWB,python,b1,1.0,0.00042663483654760214,2343.924861111111
927,func_metrics_14_PCR-GLOBWB_python,./models/14_PCR-GLOBWB_model/modflow/scripts/ncConverter.py,PCR2netCDF.close,METHOD,205,1,A,3.0,6.0,87.5691632073249,5.0,437.845816036625,24.3247675575903,0.0291897210691083,PCR-GLOBWB,python,b1,1.0,0.00042663483654760214,2343.924861111111
928,func_metrics_14_PCR-GLOBWB_python,./models/14_PCR-GLOBWB_model/modflow/scripts/ncConverter.py, PCR2netCDF  (aggregate) ,CLASS_AGG,41,31,E,,,,,,,,PCR-GLOBWB,python,b3,,,
929,func_metrics_14_PCR-GLOBWB_python,./models/14_PCR-GLOBWB_model/modflow/scripts/ncConverter.py, ncConverter.py  (module  aggregate) ,MODULE_AGG,1,31,E,,,,,,,,PCR-GLOBWB,python,b3,,,
930,func_metrics_14_PCR-GLOBWB_python,./models/14_PCR-GLOBWB_model/modflow/scripts/oldcalc_framework.py,<module>,FUNCTION,1,1,A,11.0,,185.754247590989,4.47058823529412,830.430753936186,46.1350418853437,0.0619180825303297,PCR-GLOBWB,python,b1,,,
931,func_metrics_14_PCR-GLOBWB_python,./models/14_PCR-GLOBWB_model/modflow/scripts/oldcalc_framework.py,PCRGlobWBVersionOne,CLASS,41,6,B,141.0,214.0,7542.3245304045,59.265306122449,446998.172169279,24833.2317871822,2.5141081768015,PCR-GLOBWB,python,b1,1.0,0.00042663483654760214,2343.924861111111
932,func_metrics_14_PCR-GLOBWB_python,./models/14_PCR-GLOBWB_model/modflow/scripts/oldcalc_framework.py,PCRGlobWBVersionOne.__init__,METHOD,43,4,A,62.0,94.0,2550.64693048389,31.5384615384615,80443.4801152612,4469.08222862562,0.850215643494631,PCR-GLOBWB,python,b1,1.0,0.00042663483654760214,2343.924861111111
933,func_metrics_14_PCR-GLOBWB_python,./models/14_PCR-GLOBWB_model/modflow/scripts/oldcalc_framework.py,PCRGlobWBVersionOne.initial,METHOD,138,3,A,10.0,18.0,578.249323584814,12.72,7355.33139599883,408.629521999935,0.192749774528271,PCR-GLOBWB,python,b1,1.0,0.00042663483654760214,2343.924861111111
934,func_metrics_14_PCR-GLOBWB_python,./models/14_PCR-GLOBWB_model/modflow/scripts/oldcalc_framework.py,PCRGlobWBVersionOne.dynamic,METHOD,157,10,B,54.0,73.0,2632.80822702668,35.2363636363636,92770.5880723217,5153.92155957343,0.877602742342225,PCR-GLOBWB,python,b1,1.0,0.00042663483654760214,2343.924861111111
935,func_metrics_14_PCR-GLOBWB_python,./models/14_PCR-GLOBWB_model/modflow/scripts/oldcalc_framework.py,PCRGlobWBVersionOne.compare_output,METHOD,231,3,A,14.0,24.0,707.196864609587,13.2413793103448,9364.26193138212,520.236773965673,0.235732288203196,PCR-GLOBWB,python,b1,1.0,0.00042663483654760214,2343.924861111111
936,func_metrics_14_PCR-GLOBWB_python,./models/14_PCR-GLOBWB_model/modflow/scripts/oldcalc_framework.py, PCRGlobWBVersionOne  (aggregate) ,CLASS_AGG,43,20,C,,,,,,,,PCR-GLOBWB,python,b2,,,
937,func_metrics_14_PCR-GLOBWB_python,./models/14_PCR-GLOBWB_model/modflow/scripts/oldcalc_framework.py, oldcalc_framework.py  (module  aggregate) ,MODULE_AGG,1,20,C,,,,,,,,PCR-GLOBWB,python,b2,,,
938,func_metrics_14_PCR-GLOBWB_python,./models/14_PCR-GLOBWB_model/modflow/scripts/parallel_pcrglobwb_runner.py,<module>,FUNCTION,1,23,D,89.0,,5178.12519282533,53.6506849315069,277809.96325617,15433.886847565,1.72604173094178,PCR-GLOBWB,python,b3,,,
939,func_metrics_14_PCR-GLOBWB_python,./models/14_PCR-GLOBWB_model/modflow/scripts/parallel_pcrglobwb_runner.py, parallel_pcrglobwb_runner.py  (module  aggregate) ,MODULE_AGG,1,0,A,,,,,,,,PCR-GLOBWB,python,b1,,,
940,func_metrics_14_PCR-GLOBWB_python,./models/14_PCR-GLOBWB_model/modflow/scripts/parameterSoilAndTopo.py,<module>,FUNCTION,1,1,A,3.0,,28.073549220576,1.0,28.073549220576,1.55964162336534,0.009357849740192,PCR-GLOBWB,python,b1,,,
941,func_metrics_14_PCR-GLOBWB_python,./models/14_PCR-GLOBWB_model/modflow/scripts/parameterSoilAndTopo.py,SoilAndTopoParameters,CLASS,30,9,B,293.0,377.0,22679.3370084145,114.954198473282,2607085.00770775,144838.055983764,7.55977900280485,PCR-GLOBWB,python,b1,1.0,0.00042663483654760214,2343.924861111111
942,func_metrics_14_PCR-GLOBWB_python,./models/14_PCR-GLOBWB_model/modflow/scripts/parameterSoilAndTopo.py,SoilAndTopoParameters.__init__,METHOD,32,1,A,7.0,11.0,258.647033880963,10.0384615384615,2596.41830165121,144.245461202845,0.0862156779603211,PCR-GLOBWB,python,b1,1.0,0.00042663483654760214,2343.924861111111
943,func_metrics_14_PCR-GLOBWB_python,./models/14_PCR-GLOBWB_model/modflow/scripts/parameterSoilAndTopo.py,SoilAndTopoParameters.read,METHOD,44,1,A,3.0,4.0,106.605937817613,6.5,692.938595814484,38.4965886563602,0.035535312605871,PCR-GLOBWB,python,b1,1.0,0.00042663483654760214,2343.924861111111
944,func_metrics_14_PCR-GLOBWB_python,./models/14_PCR-GLOBWB_model/modflow/scripts/parameterSoilAndTopo.py,SoilAndTopoParameters.readTopo,METHOD,49,12,C,38.0,48.0,2546.74290032885,53.1935483870968,135470.291698138,7526.12731656321,0.848914300109616,PCR-GLOBWB,python,b2,1.0,0.00042663483654760214,2343.924861111111
945,func_metrics_14_PCR-GLOBWB_python,./models/14_PCR-GLOBWB_model/modflow/scripts/parameterSoilAndTopo.py,SoilAndTopoParameters.readSoilMapOfFAO,METHOD,98,16,C,149.0,183.0,11252.8513959291,84.7594936708861,953785.98667267,52988.1103707039,3.75095046530968,PCR-GLOBWB,python,b2,1.0,0.00042663483654760214,2343.924861111111
946,func_metrics_14_PCR-GLOBWB_python,./models/14_PCR-GLOBWB_model/modflow/scripts/parameterSoilAndTopo.py,SoilAndTopoParameters.readSoil,METHOD,282,10,B,95.0,125.0,5728.91409046459,45.2337662337662,259140.360741405,14396.6867078558,1.90963803015486,PCR-GLOBWB,python,b1,1.0,0.00042663483654760214,2343.924861111111
947,func_metrics_14_PCR-GLOBWB_python,./models/14_PCR-GLOBWB_model/modflow/scripts/parameterSoilAndTopo.py, SoilAndTopoParameters  (aggregate) ,CLASS_AGG,32,40,E,,,,,,,,PCR-GLOBWB,python,b3,,,
948,func_metrics_14_PCR-GLOBWB_python,./models/14_PCR-GLOBWB_model/modflow/scripts/parameterSoilAndTopo.py, parameterSoilAndTopo.py  (module  aggregate) ,MODULE_AGG,1,40,E,,,,,,,,PCR-GLOBWB,python,b3,,,
949,func_metrics_14_PCR-GLOBWB_python,./models/14_PCR-GLOBWB_model/modflow/scripts/pcrglobwb.py,<module>,FUNCTION,1,1,A,13.0,,169.643612526683,3.16666666666667,537.204773001162,29.8447096111757,0.0565478708422276,PCR-GLOBWB,python,b1,,,
950,func_metrics_14_PCR-GLOBWB_python,./models/14_PCR-GLOBWB_model/modflow/scripts/pcrglobwb.py,PCRGlobWB,CLASS,48,4,A,276.0,426.0,20742.2757487642,98.9491525423729,2052430.60714043,114023.922618913,6.91409191625474,PCR-GLOBWB,python,b1,1.0,0.00042663483654760214,2343.924861111111
951,func_metrics_14_PCR-GLOBWB_python,./models/14_PCR-GLOBWB_model/modflow/scripts/pcrglobwb.py,PCRGlobWB.__init__,METHOD,50,5,A,24.0,41.0,1334.60546591323,16.2439024390244,21679.2009828831,1204.40005460462,0.444868488637742,PCR-GLOBWB,python,b1,1.0,0.00042663483654760214,2343.924861111111
952,func_metrics_14_PCR-GLOBWB_python,./models/14_PCR-GLOBWB_model/modflow/scripts/pcrglobwb.py,PCRGlobWB.configuration,METHOD,94,1,A,2.0,2.0,31.6992500144231,4.0,126.797000057692,7.04427778098292,0.0105664166714744,PCR-GLOBWB,python,b1,1.0,0.00042663483654760214,2343.924861111111
953,func_metrics_14_PCR-GLOBWB_python,./models/14_PCR-GLOBWB_model/modflow/scripts/pcrglobwb.py,PCRGlobWB.createSubmodels,METHOD,97,1,A,6.0,10.0,431.878625649049,12.65625,5465.96385587078,303.664658659488,0.143959541883016,PCR-GLOBWB,python,b1,1.0,0.00042663483654760214,2343.924861111111
954,func_metrics_14_PCR-GLOBWB_python,./models/14_PCR-GLOBWB_model/modflow/scripts/pcrglobwb.py,PCRGlobWB.dumpState,METHOD,108,6,B,25.0,32.0,805.29743366036,23.0,18521.8409741883,1028.99116523268,0.268432477886787,PCR-GLOBWB,python,b1,1.0,0.00042663483654760214,2343.924861111111
955,func_metrics_14_PCR-GLOBWB_python,./models/14_PCR-GLOBWB_model/modflow/scripts/pcrglobwb.py,PCRGlobWB.calculateAndDumpMonthlyValuesForMODFLOW,METHOD,141,6,B,24.0,38.0,1932.44906444983,45.1969696969697,87340.8418068764,4852.26898927091,0.644149688149943,PCR-GLOBWB,python,b1,1.0,0.00042663483654760214,2343.924861111111
956,func_metrics_14_PCR-GLOBWB_python,./models/14_PCR-GLOBWB_model/modflow/scripts/pcrglobwb.py,PCRGlobWB.resume,METHOD,180,1,A,2.0,3.0,19.6514844544032,2.5,49.1287111360081,2.72937284088934,0.0065504948181344,PCR-GLOBWB,python,b1,1.0,0.00042663483654760214,2343.924861111111
957,func_metrics_14_PCR-GLOBWB_python,./models/14_PCR-GLOBWB_model/modflow/scripts/pcrglobwb.py,PCRGlobWB.setState,METHOD,186,1,A,2.0,2.0,50.1894750100962,3.0,150.568425030289,8.3649125016827,0.0167298250033654,PCR-GLOBWB,python,b1,1.0,0.00042663483654760214,2343.924861111111
958,func_metrics_14_PCR-GLOBWB_python,./models/14_PCR-GLOBWB_model/modflow/scripts/pcrglobwb.py,PCRGlobWB.report_summary,METHOD,190,9,B,105.0,152.0,6980.63712703669,68.5135135135135,478267.976136162,26570.4431186757,2.32687904234556,PCR-GLOBWB,python,b1,1.0,0.00042663483654760214,2343.924861111111
959,func_metrics_14_PCR-GLOBWB_python,./models/14_PCR-GLOBWB_model/modflow/scripts/pcrglobwb.py,PCRGlobWB.getState,METHOD,345,1,A,6.0,8.0,200.156400069231,14.9285714285714,2988.04911531923,166.002728628846,0.066718800023077,PCR-GLOBWB,python,b1,1.0,0.00042663483654760214,2343.924861111111
960,func_metrics_14_PCR-GLOBWB_python,./models/14_PCR-GLOBWB_model/modflow/scripts/pcrglobwb.py,PCRGlobWB.getPseudoState,METHOD,354,1,A,6.0,8.0,200.156400069231,14.9285714285714,2988.04911531923,166.002728628846,0.066718800023077,PCR-GLOBWB,python,b1,1.0,0.00042663483654760214,2343.924861111111
961,func_metrics_14_PCR-GLOBWB_python,./models/14_PCR-GLOBWB_model/modflow/scripts/pcrglobwb.py,PCRGlobWB.getAllState,METHOD,363,1,A,9.0,13.0,408.485520318425,20.35,8312.68033847995,461.815574359997,0.136161840106142,PCR-GLOBWB,python,b1,1.0,0.00042663483654760214,2343.924861111111
962,func_metrics_14_PCR-GLOBWB_python,./models/14_PCR-GLOBWB_model/modflow/scripts/pcrglobwb.py,PCRGlobWB.totalLandWaterStores,METHOD,378,3,A,20.0,26.0,624.228735108746,17.05,10643.0999336041,591.283329644674,0.208076245036249,PCR-GLOBWB,python,b1,1.0,0.00042663483654760214,2343.924861111111
963,func_metrics_14_PCR-GLOBWB_python,./models/14_PCR-GLOBWB_model/modflow/scripts/pcrglobwb.py,PCRGlobWB.totalSurfaceWaterStores,METHOD,405,1,A,2.0,4.0,79.9544533632097,4.5,359.795040134444,19.9886133408024,0.0266514844544032,PCR-GLOBWB,python,b1,1.0,0.00042663483654760214,2343.924861111111
964,func_metrics_14_PCR-GLOBWB_python,./models/14_PCR-GLOBWB_model/modflow/scripts/pcrglobwb.py,PCRGlobWB.checkLandSurfaceWaterBalance,METHOD,410,1,A,14.0,21.0,752.94450050505,12.42,9351.57069627272,519.531705348485,0.25098150016835,PCR-GLOBWB,python,b1,1.0,0.00042663483654760214,2343.924861111111
965,func_metrics_14_PCR-GLOBWB_python,./models/14_PCR-GLOBWB_model/modflow/scripts/pcrglobwb.py,PCRGlobWB.read_forcings,METHOD,432,1,A,3.0,3.0,96.2114326716684,5.14285714285714,494.801653740009,27.4889807633338,0.0320704775572228,PCR-GLOBWB,python,b1,1.0,0.00042663483654760214,2343.924861111111
966,func_metrics_14_PCR-GLOBWB_python,./models/14_PCR-GLOBWB_model/modflow/scripts/pcrglobwb.py,PCRGlobWB.update,METHOD,436,8,B,24.0,38.0,1480.01506269111,15.7894736842105,23368.6588845964,1298.25882692202,0.493338354230369,PCR-GLOBWB,python,b1,1.0,0.00042663483654760214,2343.924861111111
967,func_metrics_14_PCR-GLOBWB_python,./models/14_PCR-GLOBWB_model/modflow/scripts/pcrglobwb.py, PCRGlobWB  (aggregate) ,CLASS_AGG,50,47,F,,,,,,,,PCR-GLOBWB,python,b3,,,
968,func_metrics_14_PCR-GLOBWB_python,./models/14_PCR-GLOBWB_model/modflow/scripts/pcrglobwb.py, pcrglobwb.py  (module  aggregate) ,MODULE_AGG,1,47,F,,,,,,,,PCR-GLOBWB,python,b3,,,
969,func_metrics_14_PCR-GLOBWB_python,./models/14_PCR-GLOBWB_model/modflow/scripts/reporting.py,<module>,FUNCTION,1,1,A,8.0,,138.242380177756,4.28571428571429,592.467343618955,32.9148524232753,0.0460807933925854,PCR-GLOBWB,python,b1,,,
970,func_metrics_14_PCR-GLOBWB_python,./models/14_PCR-GLOBWB_model/modflow/scripts/reporting.py,Reporting,CLASS,47,12,C,570.0,1012.0,51068.0127342816,151.628571428571,7743369.81659522,430187.212033068,17.0226709114272,PCR-GLOBWB,python,b2,1.0,0.00042663483654760214,2343.924861111111
971,func_metrics_14_PCR-GLOBWB_python,./models/14_PCR-GLOBWB_model/modflow/scripts/reporting.py,Reporting.__init__,METHOD,49,2,A,7.0,15.0,208.148448158736,9.09090909090909,1892.25861962487,105.125478868048,0.0693828160529119,PCR-GLOBWB,python,b1,1.0,0.00042663483654760214,2343.924861111111
972,func_metrics_14_PCR-GLOBWB_python,./models/14_PCR-GLOBWB_model/modflow/scripts/reporting.py,Reporting.initiate_reporting,METHOD,65,37,E,162.0,245.0,7044.32152045587,127.894736842105,900931.647089883,50051.7581716602,2.34810717348529,PCR-GLOBWB,python,b3,1.0,0.00042663483654760214,2343.924861111111
973,func_metrics_14_PCR-GLOBWB_python,./models/14_PCR-GLOBWB_model/modflow/scripts/reporting.py,Reporting.post_processing,METHOD,311,3,A,7.0,9.0,187.646625064904,5.72727272727273,1074.703398099,59.7057443388331,0.0625488750216347,PCR-GLOBWB,python,b1,1.0,0.00042663483654760214,2343.924861111111
974,func_metrics_14_PCR-GLOBWB_python,./models/14_PCR-GLOBWB_model/modflow/scripts/reporting.py,Reporting.report_forcing_for_debugging,METHOD,321,3,A,14.0,22.0,1013.75567548241,18.0,18247.6021586833,1013.75567548241,0.337918558494136,PCR-GLOBWB,python,b1,1.0,0.00042663483654760214,2343.924861111111
975,func_metrics_14_PCR-GLOBWB_python,./models/14_PCR-GLOBWB_model/modflow/scripts/reporting.py,Reporting.report_vegetation_phenology_for_debugging,METHOD,345,7,B,31.0,60.0,2230.19481418256,38.1290322580645,85035.1700117351,4724.17611176306,0.743398271394188,PCR-GLOBWB,python,b1,1.0,0.00042663483654760214,2343.924861111111
976,func_metrics_14_PCR-GLOBWB_python,./models/14_PCR-GLOBWB_model/modflow/scripts/reporting.py,Reporting.report_static_maps_for_debugging,METHOD,407,3,A,47.0,127.0,6588.97924321584,64.0,421694.671565814,23427.4817536563,2.19632641440528,PCR-GLOBWB,python,b1,1.0,0.00042663483654760214,2343.924861111111
977,func_metrics_14_PCR-GLOBWB_python,./models/14_PCR-GLOBWB_model/modflow/scripts/reporting.py,Reporting.basic_post_processing,METHOD,536,3,A,57.0,88.0,4114.65794107196,29.0333333333333,119462.235555789,6636.79086421051,1.37155264702399,PCR-GLOBWB,python,b1,1.0,0.00042663483654760214,2343.924861111111
978,func_metrics_14_PCR-GLOBWB_python,./models/14_PCR-GLOBWB_model/modflow/scripts/reporting.py,Reporting.additional_post_processing,METHOD,625,7,B,118.0,219.0,10177.3630832247,60.6473214285714,617229.810203605,34290.5450113114,3.3924543610749,PCR-GLOBWB,python,b1,1.0,0.00042663483654760214,2343.924861111111
979,func_metrics_14_PCR-GLOBWB_python,./models/14_PCR-GLOBWB_model/modflow/scripts/reporting.py,Reporting.report,METHOD,847,41,F,126.0,212.0,6592.93975562041,106.659090909091,703196.960752877,39066.4978196043,2.1976465852068,PCR-GLOBWB,python,b3,1.0,0.00042663483654760214,2343.924861111111
980,func_metrics_14_PCR-GLOBWB_python,./models/14_PCR-GLOBWB_model/modflow/scripts/reporting.py, Reporting  (aggregate) ,CLASS_AGG,49,106,F,,,,,,,,PCR-GLOBWB,python,b4,,,
981,func_metrics_14_PCR-GLOBWB_python,./models/14_PCR-GLOBWB_model/modflow/scripts/reporting.py, reporting.py  (module  aggregate) ,MODULE_AGG,1,106,F,,,,,,,,PCR-GLOBWB,python,b4,,,
982,func_metrics_14_PCR-GLOBWB_python,./models/14_PCR-GLOBWB_model/modflow/scripts/reporting_for_modflow.py,<module>,FUNCTION,1,1,A,6.0,,106.19818783609,4.36363636363636,463.410274193846,25.7450152329914,0.0353993959453632,PCR-GLOBWB,python,b1,,,
983,func_metrics_14_PCR-GLOBWB_python,./models/14_PCR-GLOBWB_model/modflow/scripts/reporting_for_modflow.py,Reporting,CLASS,44,12,C,267.0,444.0,15306.5157539116,139.444444444444,2134408.58568434,118578.254760241,5.10217191797054,PCR-GLOBWB,python,b2,1.0,0.00042663483654760214,2343.924861111111
984,func_metrics_14_PCR-GLOBWB_python,./models/14_PCR-GLOBWB_model/modflow/scripts/reporting_for_modflow.py,Reporting.__init__,METHOD,46,1,A,4.0,8.0,109.392936677039,6.125,670.031737146861,37.2239853970478,0.0364643122256795,PCR-GLOBWB,python,b1,1.0,0.00042663483654760214,2343.924861111111
985,func_metrics_14_PCR-GLOBWB_python,./models/14_PCR-GLOBWB_model/modflow/scripts/reporting_for_modflow.py,Reporting.initiate_reporting,METHOD,55,29,D,128.0,198.0,5461.38823955313,105.5,576176.459272855,32009.8032929364,1.82046274651771,PCR-GLOBWB,python,b3,1.0,0.00042663483654760214,2343.924861111111
986,func_metrics_14_PCR-GLOBWB_python,./models/14_PCR-GLOBWB_model/modflow/scripts/reporting_for_modflow.py,Reporting.post_processing,METHOD,254,1,A,3.0,4.0,50.718800023077,3.75,190.195500086539,10.5664166714744,0.016906266674359,PCR-GLOBWB,python,b1,1.0,0.00042663483654760214,2343.924861111111
987,func_metrics_14_PCR-GLOBWB_python,./models/14_PCR-GLOBWB_model/modflow/scripts/reporting_for_modflow.py,Reporting.basic_post_processing,METHOD,259,7,B,31.0,55.0,2342.23921338053,51.0285714285714,119521.121002789,6640.06227793274,0.780746404460177,PCR-GLOBWB,python,b1,1.0,0.00042663483654760214,2343.924861111111
988,func_metrics_14_PCR-GLOBWB_python,./models/14_PCR-GLOBWB_model/modflow/scripts/reporting_for_modflow.py,Reporting.additional_post_processing,METHOD,316,1,A,2.0,3.0,19.6514844544032,2.5,49.1287111360081,2.72937284088934,0.0065504948181344,PCR-GLOBWB,python,b1,1.0,0.00042663483654760214,2343.924861111111
989,func_metrics_14_PCR-GLOBWB_python,./models/14_PCR-GLOBWB_model/modflow/scripts/reporting_for_modflow.py,Reporting.report,METHOD,325,31,E,98.0,163.0,4861.37096018581,85.7317073170732,416773.632318369,23154.0906843538,1.6204569867286,PCR-GLOBWB,python,b3,1.0,0.00042663483654760214,2343.924861111111
990,func_metrics_14_PCR-GLOBWB_python,./models/14_PCR-GLOBWB_model/modflow/scripts/reporting_for_modflow.py, Reporting  (aggregate) ,CLASS_AGG,46,70,F,,,,,,,,PCR-GLOBWB,python,b4,,,
991,func_metrics_14_PCR-GLOBWB_python,./models/14_PCR-GLOBWB_model/modflow/scripts/reporting_for_modflow.py, reporting_for_modflow.py  (module  aggregate) ,MODULE_AGG,1,70,F,,,,,,,,PCR-GLOBWB,python,b4,,,
992,func_metrics_14_PCR-GLOBWB_python,./models/14_PCR-GLOBWB_model/modflow/scripts/routing.py,<module>,FUNCTION,1,1,A,11.0,,169.458401508217,4.85714285714286,823.083664468484,45.7268702482491,0.0564861338360724,PCR-GLOBWB,python,b1,,,
993,func_metrics_14_PCR-GLOBWB_python,./models/14_PCR-GLOBWB_model/modflow/scripts/routing.py,Routing,CLASS,41,6,B,1019.0,1854.0,87388.1117404709,275.789634146342,24100735.3656441,1338929.74253578,29.129370580157,PCR-GLOBWB,python,b1,1.0,0.00042663483654760214,2343.924861111111
994,func_metrics_14_PCR-GLOBWB_python,./models/14_PCR-GLOBWB_model/modflow/scripts/routing.py,Routing.getPseudoState,METHOD,44,1,A,3.0,3.0,41.5131794236476,5.33333333333333,221.403623592787,12.3002013107104,0.0138377264745492,PCR-GLOBWB,python,b1,1.0,0.00042663483654760214,2343.924861111111
995,func_metrics_14_PCR-GLOBWB_python,./models/14_PCR-GLOBWB_model/modflow/scripts/routing.py,Routing.getVariables,METHOD,49,1,A,3.0,3.0,51.8061560539753,5.625,291.409627803611,16.1894237668673,0.0172687186846584,PCR-GLOBWB,python,b1,1.0,0.00042663483654760214,2343.924861111111
996,func_metrics_14_PCR-GLOBWB_python,./models/14_PCR-GLOBWB_model/modflow/scripts/routing.py,Routing.getState,METHOD,53,1,A,15.0,23.0,513.527850233655,17.875,9179.31032292658,509.961684607032,0.171175950077885,PCR-GLOBWB,python,b1,1.0,0.00042663483654760214,2343.924861111111
997,func_metrics_14_PCR-GLOBWB_python,./models/14_PCR-GLOBWB_model/modflow/scripts/routing.py,Routing.__init__,METHOD,77,25,D,151.0,240.0,9107.58420479481,63.2242990654206,575820.627527447,31990.034862636,3.03586140159827,PCR-GLOBWB,python,b3,1.0,0.00042663483654760214,2343.924861111111
998,func_metrics_14_PCR-GLOBWB_python,./models/14_PCR-GLOBWB_model/modflow/scripts/routing.py,Routing.getICs,METHOD,318,6,B,53.0,82.0,4970.78343421903,82.7027027027027,411097.224559736,22838.7346977631,1.65692781140634,PCR-GLOBWB,python,b1,1.0,0.00042663483654760214,2343.924861111111
999,func_metrics_14_PCR-GLOBWB_python,./models/14_PCR-GLOBWB_model/modflow/scripts/routing.py,Routing.estimateBankfullDischarge,METHOD,402,1,A,3.0,8.0,97.672264890213,7.5,732.541986676597,40.6967770375887,0.032557421630071,PCR-GLOBWB,python,b1,1.0,0.00042663483654760214,2343.924861111111
1000,func_metrics_14_PCR-GLOBWB_python,./models/14_PCR-GLOBWB_model/modflow/scripts/routing.py,Routing.estimateBankfullDepth,METHOD,411,1,A,5.0,11.0,221.006025076443,14.9285714285714,3299.30423149832,183.294679527684,0.0736686750254808,PCR-GLOBWB,python,b1,1.0,0.00042663483654760214,2343.924861111111
1001,func_metrics_14_PCR-GLOBWB_python,./models/14_PCR-GLOBWB_model/modflow/scripts/routing.py,Routing.estimateBankfullCapacity,METHOD,423,1,A,5.0,8.0,185.842908080157,8.18181818181818,1520.53288429219,84.4740491273439,0.0619476360267189,PCR-GLOBWB,python,b1,1.0,0.00042663483654760214,2343.924861111111
1002,func_metrics_14_PCR-GLOBWB_python,./models/14_PCR-GLOBWB_model/modflow/scripts/routing.py,Routing.getElevationProfile,METHOD,432,15,C,53.0,103.0,4063.71464023451,77.5,314937.884618175,17496.5491454542,1.35457154674484,PCR-GLOBWB,python,b2,1.0,0.00042663483654760214,2343.924861111111
1003,func_metrics_14_PCR-GLOBWB_python,./models/14_PCR-GLOBWB_model/modflow/scripts/routing.py,Routing.getRoutingParamAvgDischarge,METHOD,537,2,A,11.0,21.0,604.411949867199,13.8095238095238,8346.64121245179,463.702289580655,0.201470649955733,PCR-GLOBWB,python,b1,1.0,0.00042663483654760214,2343.924861111111
1004,func_metrics_14_PCR-GLOBWB_python,./models/14_PCR-GLOBWB_model/modflow/scripts/routing.py,Routing.getCharacteristicDistance,METHOD,559,2,A,36.0,75.0,2445.45270658193,30.8333333333333,75401.4584529427,4188.96991405237,0.815150902193976,PCR-GLOBWB,python,b1,1.0,0.00042663483654760214,2343.924861111111
1005,func_metrics_14_PCR-GLOBWB_python,./models/14_PCR-GLOBWB_model/modflow/scripts/routing.py,Routing.accuTravelTime,METHOD,635,1,A,19.0,42.0,1066.89086752455,23.375,24938.5740283864,1385.47633491036,0.355630289174851,PCR-GLOBWB,python,b1,1.0,0.00042663483654760214,2343.924861111111
1006,func_metrics_14_PCR-GLOBWB_python,./models/14_PCR-GLOBWB_model/modflow/scripts/routing.py,Routing.estimate_length_of_sub_time_step,METHOD,679,1,A,19.0,33.0,988.533557339341,23.6785714285714,23407.0624469994,1300.39235816663,0.329511185779781,PCR-GLOBWB,python,b1,1.0,0.00042663483654760214,2343.924861111111
1007,func_metrics_14_PCR-GLOBWB_python,./models/14_PCR-GLOBWB_model/modflow/scripts/routing.py,Routing.simplifiedKinematicWave,METHOD,713,3,A,46.0,100.0,3031.82532991581,40.5849056603774,123046.344993376,6835.90805518753,1.01060844330527,PCR-GLOBWB,python,b1,1.0,0.00042663483654760214,2343.924861111111
1008,func_metrics_14_PCR-GLOBWB_python,./models/14_PCR-GLOBWB_model/modflow/scripts/routing.py,Routing.update,METHOD,814,11,C,44.0,94.0,2933.37463602774,29.4126984126984,86278.4635009428,4793.2479722746,0.977791545342579,PCR-GLOBWB,python,b2,1.0,0.00042663483654760214,2343.924861111111
1009,func_metrics_14_PCR-GLOBWB_python,./models/14_PCR-GLOBWB_model/modflow/scripts/routing.py,Routing.calculate_potential_evaporation,METHOD,910,6,B,16.0,27.0,872.722789057008,16.40625,14318.1082579665,795.450458775919,0.290907596352336,PCR-GLOBWB,python,b1,1.0,0.00042663483654760214,2343.924861111111
1010,func_metrics_14_PCR-GLOBWB_python,./models/14_PCR-GLOBWB_model/modflow/scripts/routing.py,Routing.calculate_evaporation,METHOD,938,1,A,10.0,20.0,466.154606582809,13.8947368421053,6477.09558620324,359.838643677958,0.155384868860936,PCR-GLOBWB,python,b1,1.0,0.00042663483654760214,2343.924861111111
1011,func_metrics_14_PCR-GLOBWB_python,./models/14_PCR-GLOBWB_model/modflow/scripts/routing.py,Routing.calculate_exchange_to_groundwater,METHOD,959,4,A,31.0,53.0,1698.73103600605,37.0588235294118,62952.9736872829,3497.38742707127,0.566243678668682,PCR-GLOBWB,python,b1,1.0,0.00042663483654760214,2343.924861111111
1012,func_metrics_14_PCR-GLOBWB_python,./models/14_PCR-GLOBWB_model/modflow/scripts/routing.py,Routing.simple_update,METHOD,1014,8,B,77.0,141.0,4042.07731874821,47.4406779661017,191758.888392818,10653.2715773788,1.3473591062494,PCR-GLOBWB,python,b1,1.0,0.00042663483654760214,2343.924861111111
1013,func_metrics_14_PCR-GLOBWB_python,./models/14_PCR-GLOBWB_model/modflow/scripts/routing.py,Routing.calculate_alpha_and_initial_discharge_for_kinematic_wave,METHOD,1156,2,A,21.0,41.0,1197.22397499987,26.2068965517241,31375.5248620655,1743.0847145592,0.39907465833329,PCR-GLOBWB,python,b1,1.0,0.00042663483654760214,2343.924861111111
1014,func_metrics_14_PCR-GLOBWB_python,./models/14_PCR-GLOBWB_model/modflow/scripts/routing.py,Routing.calculate_alpha_and_initial_discharge_for_kinematic_wave_OLD,METHOD,1198,2,A,22.0,49.0,1329.02844931178,27.0,35883.7681314181,1993.54267396767,0.443009483103927,PCR-GLOBWB,python,b1,1.0,0.00042663483654760214,2343.924861111111
1015,func_metrics_14_PCR-GLOBWB_python,./models/14_PCR-GLOBWB_model/modflow/scripts/routing.py,Routing.integralLogisticFunction,METHOD,1248,1,A,3.0,7.0,125.097750043269,8.125,1016.41921910156,56.4677343945313,0.0416992500144231,PCR-GLOBWB,python,b1,1.0,0.00042663483654760214,2343.924861111111
1016,func_metrics_14_PCR-GLOBWB_python,./models/14_PCR-GLOBWB_model/modflow/scripts/routing.py,Routing.returnInundationFractionAndFloodDepth,METHOD,1256,3,A,34.0,65.0,2570.71501257112,48.2125,123940.597543585,6885.58875242141,0.856905004190375,PCR-GLOBWB,python,b1,1.0,0.00042663483654760214,2343.924861111111
1017,func_metrics_14_PCR-GLOBWB_python,./models/14_PCR-GLOBWB_model/modflow/scripts/routing.py,Routing.return_water_body_storage_to_channel,METHOD,1322,1,A,21.0,25.0,889.010522108346,30.0,26670.3156632504,1481.68420351391,0.296336840702782,PCR-GLOBWB,python,b1,1.0,0.00042663483654760214,2343.924861111111
1018,func_metrics_14_PCR-GLOBWB_python,./models/14_PCR-GLOBWB_model/modflow/scripts/routing.py,Routing.kinematic_wave_update,METHOD,1348,7,B,125.0,242.0,8117.47333682771,64.3548387096774,522398.687321655,29022.1492956475,2.70582444560924,PCR-GLOBWB,python,b1,1.0,0.00042663483654760214,2343.924861111111
1019,func_metrics_14_PCR-GLOBWB_python,./models/14_PCR-GLOBWB_model/modflow/scripts/routing.py,Routing.calculate_statistics,METHOD,1591,1,A,22.0,37.0,1345.71365916612,20.96875,28217.9332906396,1567.66296059109,0.44857121972204,PCR-GLOBWB,python,b1,1.0,0.00042663483654760214,2343.924861111111
1020,func_metrics_14_PCR-GLOBWB_python,./models/14_PCR-GLOBWB_model/modflow/scripts/routing.py,Routing.estimate_discharge_for_environmental_flow,METHOD,1629,1,A,11.0,22.0,456.698717595472,17.625,8049.3148976202,447.1841609789,0.152232905865157,PCR-GLOBWB,python,b1,1.0,0.00042663483654760214,2343.924861111111
1021,func_metrics_14_PCR-GLOBWB_python,./models/14_PCR-GLOBWB_model/modflow/scripts/routing.py,Routing.estimate_available_volume_for_abstraction,METHOD,1653,1,A,19.0,33.0,820.685282711195,22.4545454545455,18428.114984515,1023.78416580639,0.273561760903732,PCR-GLOBWB,python,b1,1.0,0.00042663483654760214,2343.924861111111
1022,func_metrics_14_PCR-GLOBWB_python,./models/14_PCR-GLOBWB_model/modflow/scripts/routing.py,Routing.initiate_old_style_routing_reporting,METHOD,1687,17,C,56.0,80.0,2782.43579015384,78.88,219478.535127335,12193.2519515186,0.927478596717947,PCR-GLOBWB,python,b2,1.0,0.00042663483654760214,2343.924861111111
1023,func_metrics_14_PCR-GLOBWB_python,./models/14_PCR-GLOBWB_model/modflow/scripts/routing.py,Routing.old_style_routing_reporting,METHOD,1768,32,E,84.0,127.0,4528.21930923361,90.0,407539.737831025,22641.0965461681,1.5094064364112,PCR-GLOBWB,python,b3,1.0,0.00042663483654760214,2343.924861111111
1024,func_metrics_14_PCR-GLOBWB_python,./models/14_PCR-GLOBWB_model/modflow/scripts/routing.py, Routing  (aggregate) ,CLASS_AGG,44,159,F,,,,,,,,PCR-GLOBWB,python,b4,,,
1025,func_metrics_14_PCR-GLOBWB_python,./models/14_PCR-GLOBWB_model/modflow/scripts/routing.py, routing.py  (module  aggregate) ,MODULE_AGG,1,159,F,,,,,,,,PCR-GLOBWB,python,b4,,,
1026,func_metrics_14_PCR-GLOBWB_python,./models/14_PCR-GLOBWB_model/modflow/scripts/spinUp.py,<module>,FUNCTION,1,1,A,8.0,,108.4180500375,3.25,352.358662621875,19.5754812567709,0.0361393500125,PCR-GLOBWB,python,b1,,,
1027,func_metrics_14_PCR-GLOBWB_python,./models/14_PCR-GLOBWB_model/modflow/scripts/spinUp.py,SpinUp,CLASS,37,3,A,102.0,161.0,6436.54329286286,60.0,386192.597571771,21455.1443095429,2.14551443095429,PCR-GLOBWB,python,b1,1.0,0.00042663483654760214,2343.924861111111
1028,func_metrics_14_PCR-GLOBWB_python,./models/14_PCR-GLOBWB_model/modflow/scripts/spinUp.py,SpinUp.__init__,METHOD,39,4,A,12.0,19.0,580.0,20.6111111111111,11954.4444444445,664.135802469136,0.193333333333333,PCR-GLOBWB,python,b1,1.0,0.00042663483654760214,2343.924861111111
1029,func_metrics_14_PCR-GLOBWB_python,./models/14_PCR-GLOBWB_model/modflow/scripts/spinUp.py,SpinUp.setupConvergence,METHOD,59,1,A,7.0,14.0,356.754529490984,12.8076923076923,4569.20224309606,253.844569060892,0.118918176496995,PCR-GLOBWB,python,b1,1.0,0.00042663483654760214,2343.924861111111
1030,func_metrics_14_PCR-GLOBWB_python,./models/14_PCR-GLOBWB_model/modflow/scripts/spinUp.py,SpinUp.getIniStates,METHOD,74,3,A,32.0,39.0,1067.93793995393,18.1481481481482,19381.0959473122,1076.72755262845,0.355979313317978,PCR-GLOBWB,python,b1,1.0,0.00042663483654760214,2343.924861111111
1031,func_metrics_14_PCR-GLOBWB_python,./models/14_PCR-GLOBWB_model/modflow/scripts/spinUp.py,SpinUp.soilStorageVolume,METHOD,114,3,A,11.0,13.0,487.547233928442,28.6666666666667,13976.354039282,776.464113293445,0.162515744642814,PCR-GLOBWB,python,b1,1.0,0.00042663483654760214,2343.924861111111
1032,func_metrics_14_PCR-GLOBWB_python,./models/14_PCR-GLOBWB_model/modflow/scripts/spinUp.py,SpinUp.groundwaterStorageVolume,METHOD,129,1,A,2.0,2.0,100.0,6.42857142857143,642.857142857143,35.7142857142857,0.0333333333333333,PCR-GLOBWB,python,b1,1.0,0.00042663483654760214,2343.924861111111
1033,func_metrics_14_PCR-GLOBWB_python,./models/14_PCR-GLOBWB_model/modflow/scripts/spinUp.py,SpinUp.channelStorageVolume,METHOD,132,1,A,2.0,2.0,100.0,6.42857142857143,642.857142857143,35.7142857142857,0.0333333333333333,PCR-GLOBWB,python,b1,1.0,0.00042663483654760214,2343.924861111111
1034,func_metrics_14_PCR-GLOBWB_python,./models/14_PCR-GLOBWB_model/modflow/scripts/spinUp.py,SpinUp.totalStorageVolume,METHOD,135,1,A,7.0,7.0,250.627723293172,13.3333333333333,3341.70297724229,185.650165402349,0.0835425744310572,PCR-GLOBWB,python,b1,1.0,0.00042663483654760214,2343.924861111111
1035,func_metrics_14_PCR-GLOBWB_python,./models/14_PCR-GLOBWB_model/modflow/scripts/spinUp.py,SpinUp.checkConvergence,METHOD,144,7,B,28.0,54.0,1958.38369467214,29.9148936170213,58584.8398874261,3254.71332707923,0.652794564890713,PCR-GLOBWB,python,b1,1.0,0.00042663483654760214,2343.924861111111
1036,func_metrics_14_PCR-GLOBWB_python,./models/14_PCR-GLOBWB_model/modflow/scripts/spinUp.py, SpinUp  (aggregate) ,CLASS_AGG,39,21,D,,,,,,,,PCR-GLOBWB,python,b3,,,
1037,func_metrics_14_PCR-GLOBWB_python,./models/14_PCR-GLOBWB_model/modflow/scripts/spinUp.py, spinUp.py  (module  aggregate) ,MODULE_AGG,1,21,D,,,,,,,,PCR-GLOBWB,python,b3,,,
1038,func_metrics_14_PCR-GLOBWB_python,./models/14_PCR-GLOBWB_model/modflow/scripts/variable_list.py,<module>,FUNCTION,1,1,A,1129.0,,26122.9750184309,676.666666666667,17676546.4291383,982030.357174348,8.70765833947697,PCR-GLOBWB,python,b1,,,
1039,func_metrics_14_PCR-GLOBWB_python,./models/14_PCR-GLOBWB_model/modflow/scripts/variable_list.py, variable_list.py  (module  aggregate) ,MODULE_AGG,1,0,A,,,,,,,,PCR-GLOBWB,python,b1,,,
1040,func_metrics_14_PCR-GLOBWB_python,./models/14_PCR-GLOBWB_model/modflow/scripts/virtualOS.py,<module>,FUNCTION,1,1,A,22.0,,364.661735594027,4.08333333333333,1489.03542034228,82.7241900190153,0.121553911864676,PCR-GLOBWB,python,b1,,,
1041,func_metrics_14_PCR-GLOBWB_python,./models/14_PCR-GLOBWB_model/modflow/scripts/virtualOS.py,getFileList,FUNCTION,59,2,A,7.0,7.0,259.597165791111,13.2692307692308,3444.65469992051,191.369705551139,0.0865323885970369,PCR-GLOBWB,python,b1,1.0,0.00042663483654760214,2343.924861111111
1042,func_metrics_14_PCR-GLOBWB_python,./models/14_PCR-GLOBWB_model/modflow/scripts/virtualOS.py,checkVariableInNC,FUNCTION,67,2,A,9.0,15.0,347.106787657933,16.6923076923077,5794.01330167473,321.889627870818,0.115702262552644,PCR-GLOBWB,python,b1,1.0,0.00042663483654760214,2343.924861111111
1043,func_metrics_14_PCR-GLOBWB_python,./models/14_PCR-GLOBWB_model/modflow/scripts/virtualOS.py,netcdf2PCRobjCloneWithoutTime,FUNCTION,84,14,C,60.0,93.0,3873.74435820393,52.0,201434.706626604,11190.8170348114,1.29124811940131,PCR-GLOBWB,python,b2,1.0,0.00042663483654760214,2343.924861111111
1044,func_metrics_14_PCR-GLOBWB_python,./models/14_PCR-GLOBWB_model/modflow/scripts/virtualOS.py,netcdf2PCRobjClone,FUNCTION,179,50,F,174.0,220.0,10691.9666404322,129.198717948718,1381388.3822943,76743.7990163502,3.56398888014407,PCR-GLOBWB,python,b3,1.0,0.00042663483654760214,2343.924861111111
1045,func_metrics_14_PCR-GLOBWB_python,./models/14_PCR-GLOBWB_model/modflow/scripts/virtualOS.py,netcdf2PCRobjCloneJOYCE,FUNCTION,402,39,E,168.0,246.0,10108.663986818,98.747191011236,998202.173574723,55455.6763097068,3.36955466227268,PCR-GLOBWB,python,b3,1.0,0.00042663483654760214,2343.924861111111
1046,func_metrics_14_PCR-GLOBWB_python,./models/14_PCR-GLOBWB_model/modflow/scripts/virtualOS.py,netcdf2PCRobjCloneWindDist,FUNCTION,650,10,B,49.0,69.0,3040.84741364082,33.9508196721311,103239.262190986,5735.51456616588,1.01361580454694,PCR-GLOBWB,python,b1,1.0,0.00042663483654760214,2343.924861111111
1047,func_metrics_14_PCR-GLOBWB_python,./models/14_PCR-GLOBWB_model/modflow/scripts/virtualOS.py,netcdf2PCRobjCloneWind,FUNCTION,720,10,B,48.0,68.0,3072.45705411526,34.2622950819672,105269.430214769,5848.30167859826,1.02415235137175,PCR-GLOBWB,python,b1,1.0,0.00042663483654760214,2343.924861111111
1048,func_metrics_14_PCR-GLOBWB_python,./models/14_PCR-GLOBWB_model/modflow/scripts/virtualOS.py,netcdf2PCRobj,FUNCTION,789,2,A,14.0,25.0,828.534293408552,14.875,12324.4476144522,684.691534136234,0.276178097802851,PCR-GLOBWB,python,b1,1.0,0.00042663483654760214,2343.924861111111
1049,func_metrics_14_PCR-GLOBWB_python,./models/14_PCR-GLOBWB_model/modflow/scripts/virtualOS.py,makeDir,FUNCTION,815,2,A,5.0,5.0,66.6079149265397,4.8,319.71799164739,17.7621106470772,0.0222026383088466,PCR-GLOBWB,python,b1,1.0,0.00042663483654760214,2343.924861111111
1050,func_metrics_14_PCR-GLOBWB_python,./models/14_PCR-GLOBWB_model/modflow/scripts/virtualOS.py,writePCRmapToDir,FUNCTION,821,1,A,4.0,7.0,159.911339510832,5.66666666666667,906.16425722805,50.3424587348917,0.0533037798369441,PCR-GLOBWB,python,b1,1.0,0.00042663483654760214,2343.924861111111
1051,func_metrics_14_PCR-GLOBWB_python,./models/14_PCR-GLOBWB_model/modflow/scripts/virtualOS.py,readPCRmapClone,FUNCTION,829,11,C,29.0,36.0,1696.94594846026,26.7954545454545,45470.4380280601,2526.13544600334,0.565648649486753,PCR-GLOBWB,python,b2,1.0,0.00042663483654760214,2343.924861111111
1052,func_metrics_14_PCR-GLOBWB_python,./models/14_PCR-GLOBWB_model/modflow/scripts/virtualOS.py,readPCRmap,FUNCTION,866,2,A,6.0,7.0,168.555195700607,8.0,1348.44156560486,74.913420311381,0.0561850652335357,PCR-GLOBWB,python,b1,1.0,0.00042663483654760214,2343.924861111111
1053,func_metrics_14_PCR-GLOBWB_python,./models/14_PCR-GLOBWB_model/modflow/scripts/virtualOS.py,isSameClone,FUNCTION,874,6,B,20.0,23.0,619.274538798359,17.05,10558.630886512,586.590604806224,0.20642484626612,PCR-GLOBWB,python,b1,1.0,0.00042663483654760214,2343.924861111111
1054,func_metrics_14_PCR-GLOBWB_python,./models/14_PCR-GLOBWB_model/modflow/scripts/virtualOS.py,gdalwarpPCR,FUNCTION,898,3,A,33.0,48.0,2977.4002524652,48.4102564102564,144136.709657803,8007.59498098903,0.992466750821733,PCR-GLOBWB,python,b1,1.0,0.00042663483654760214,2343.924861111111
1055,func_metrics_14_PCR-GLOBWB_python,./models/14_PCR-GLOBWB_model/modflow/scripts/virtualOS.py,getFullPath,FUNCTION,947,6,B,20.0,29.0,841.287111360081,44.4230769230769,37372.562062342,2076.25344790789,0.280429037120027,PCR-GLOBWB,python,b1,1.0,0.00042663483654760214,2343.924861111111
1056,func_metrics_14_PCR-GLOBWB_python,./models/14_PCR-GLOBWB_model/modflow/scripts/virtualOS.py,findISIFileName,FUNCTION,977,20,C,40.0,46.0,1494.75700928845,80.5,120327.93924772,6684.88551376222,0.498252336429482,PCR-GLOBWB,python,b2,1.0,0.00042663483654760214,2343.924861111111
1057,func_metrics_14_PCR-GLOBWB_python,./models/14_PCR-GLOBWB_model/modflow/scripts/virtualOS.py,get_random_word,FUNCTION,1025,2,A,5.0,5.0,112.587975038942,7.5,844.409812792068,46.911656266226,0.0375293250129808,PCR-GLOBWB,python,b1,1.0,0.00042663483654760214,2343.924861111111
1058,func_metrics_14_PCR-GLOBWB_python,./models/14_PCR-GLOBWB_model/modflow/scripts/virtualOS.py,isLastDayOfMonth,FUNCTION,1031,2,A,5.0,5.0,129.657842846621,6.72222222222222,871.588832468952,48.4216018038307,0.0432192809488736,PCR-GLOBWB,python,b1,1.0,0.00042663483654760214,2343.924861111111
1059,func_metrics_14_PCR-GLOBWB_python,./models/14_PCR-GLOBWB_model/modflow/scripts/virtualOS.py,getMapAttributesALL,FUNCTION,1037,4,A,16.0,17.0,1185.50682544567,26.0909090909091,30930.9508093553,1718.3861560753,0.395168941815225,PCR-GLOBWB,python,b1,1.0,0.00042663483654760214,2343.924861111111
1060,func_metrics_14_PCR-GLOBWB_python,./models/14_PCR-GLOBWB_model/modflow/scripts/virtualOS.py,getMapAttributes,FUNCTION,1055,9,B,20.0,24.0,1191.40745454915,22.9117647058824,27297.2472674642,1516.51373708135,0.397135818183049,PCR-GLOBWB,python,b1,1.0,0.00042663483654760214,2343.924861111111
1061,func_metrics_14_PCR-GLOBWB_python,./models/14_PCR-GLOBWB_model/modflow/scripts/virtualOS.py,getMapTotal,FUNCTION,1080,1,A,4.0,5.0,106.274033872509,5.33333333333333,566.794847320047,31.4886026288915,0.0354246779575029,PCR-GLOBWB,python,b1,1.0,0.00042663483654760214,2343.924861111111
1062,func_metrics_14_PCR-GLOBWB_python,./models/14_PCR-GLOBWB_model/modflow/scripts/virtualOS.py,get_rowColAboveThreshold,FUNCTION,1088,5,A,8.0,10.0,411.198293762111,17.6,7237.08997021315,402.06055390073,0.137066097920704,PCR-GLOBWB,python,b1,1.0,0.00042663483654760214,2343.924861111111
1063,func_metrics_14_PCR-GLOBWB_python,./models/14_PCR-GLOBWB_model/modflow/scripts/virtualOS.py,getLastDayOfMonth,FUNCTION,1100,2,A,5.0,6.0,218.512149313228,13.2,2884.3603709346,160.2422428297,0.0728373831044092,PCR-GLOBWB,python,b1,1.0,0.00042663483654760214,2343.924861111111
1064,func_metrics_14_PCR-GLOBWB_python,./models/14_PCR-GLOBWB_model/modflow/scripts/virtualOS.py,getMinMaxMean,FUNCTION,1109,3,A,8.0,8.0,505.328023659461,20.15625,10185.517976886,565.862109827001,0.168442674553154,PCR-GLOBWB,python,b1,1.0,0.00042663483654760214,2343.924861111111
1065,func_metrics_14_PCR-GLOBWB_python,./models/14_PCR-GLOBWB_model/modflow/scripts/virtualOS.py,getMapVolume,FUNCTION,1118,1,A,4.0,4.0,92.0,6.42857142857143,591.428571428572,32.8571428571429,0.0306666666666667,PCR-GLOBWB,python,b1,1.0,0.00042663483654760214,2343.924861111111
1066,func_metrics_14_PCR-GLOBWB_python,./models/14_PCR-GLOBWB_model/modflow/scripts/virtualOS.py,secondsPerDay,FUNCTION,1123,1,A,2.0,2.0,38.0391000173078,4.0,152.156400069231,8.4531333371795,0.0126797000057692,PCR-GLOBWB,python,b1,1.0,0.00042663483654760214,2343.924861111111
1067,func_metrics_14_PCR-GLOBWB_python,./models/14_PCR-GLOBWB_model/modflow/scripts/virtualOS.py,getValDivZero,FUNCTION,1126,1,A,2.0,7.0,164.23326760572,8.5,1395.98277464862,77.5545985915899,0.0547444225352399,PCR-GLOBWB,python,b1,1.0,0.00042663483654760214,2343.924861111111
1068,func_metrics_14_PCR-GLOBWB_python,./models/14_PCR-GLOBWB_model/modflow/scripts/virtualOS.py,getValFloatDivZero,FUNCTION,1134,2,A,5.0,10.0,133.437600046154,10.2142857142857,1362.9697719,75.7205428833334,0.0444792000153847,PCR-GLOBWB,python,b1,1.0,0.00042663483654760214,2343.924861111111
1069,func_metrics_14_PCR-GLOBWB_python,./models/14_PCR-GLOBWB_model/modflow/scripts/virtualOS.py,retrieveMapValue,FUNCTION,1146,4,A,9.0,10.0,393.462741309959,16.0,6295.40386095935,349.744658942186,0.13115424710332,PCR-GLOBWB,python,b1,1.0,0.00042663483654760214,2343.924861111111
1070,func_metrics_14_PCR-GLOBWB_python,./models/14_PCR-GLOBWB_model/modflow/scripts/virtualOS.py,returnMapValue,FUNCTION,1157,5,A,12.0,16.0,497.540452643662,18.5263157894737,9217.59154371416,512.088419095231,0.165846817547887,PCR-GLOBWB,python,b1,1.0,0.00042663483654760214,2343.924861111111
1071,func_metrics_14_PCR-GLOBWB_python,./models/14_PCR-GLOBWB_model/modflow/scripts/virtualOS.py,getQAtBasinMouths,FUNCTION,1174,1,A,4.0,4.0,191.755559601404,9.0,1725.80003641263,95.8777798007019,0.0639185198671346,PCR-GLOBWB,python,b1,1.0,0.00042663483654760214,2343.924861111111
1072,func_metrics_14_PCR-GLOBWB_python,./models/14_PCR-GLOBWB_model/modflow/scripts/virtualOS.py,regridMapFile2FinerGrid,FUNCTION,1179,2,A,4.0,4.0,178.412955564631,8.1,1445.14494007351,80.2858300040838,0.0594709851882102,PCR-GLOBWB,python,b1,1.0,0.00042663483654760214,2343.924861111111
1073,func_metrics_14_PCR-GLOBWB_python,./models/14_PCR-GLOBWB_model/modflow/scripts/virtualOS.py,regridData2FinerGrid,FUNCTION,1184,4,A,17.0,21.0,840.752469270144,31.0434782608696,26099.8810025601,1449.99338903112,0.280250823090048,PCR-GLOBWB,python,b1,1.0,0.00042663483654760214,2343.924861111111
1074,func_metrics_14_PCR-GLOBWB_python,./models/14_PCR-GLOBWB_model/modflow/scripts/virtualOS.py,regridToCoarse,FUNCTION,1206,9,B,22.0,22.0,1283.11002473753,34.9464285714286,44840.1128287742,2491.11737937634,0.427703341579178,PCR-GLOBWB,python,b1,1.0,0.00042663483654760214,2343.924861111111
1075,func_metrics_14_PCR-GLOBWB_python,./models/14_PCR-GLOBWB_model/modflow/scripts/virtualOS.py,waterBalanceCheck,FUNCTION,1230,8,B,28.0,34.0,999.708287629087,24.6774193548387,24670.2206463307,1370.56781368504,0.333236095876362,PCR-GLOBWB,python,b1,1.0,0.00042663483654760214,2343.924861111111
1076,func_metrics_14_PCR-GLOBWB_python,./models/14_PCR-GLOBWB_model/modflow/scripts/virtualOS.py,waterBalance,FUNCTION,1282,6,B,23.0,71.0,1094.48442588309,26.4848484848485,28987.25418854,1610.40301047445,0.36482814196103,PCR-GLOBWB,python,b1,1.0,0.00042663483654760214,2343.924861111111
1077,func_metrics_14_PCR-GLOBWB_python,./models/14_PCR-GLOBWB_model/modflow/scripts/virtualOS.py,waterAbstractionAndAllocation,FUNCTION,1356,8,B,53.0,97.0,2565.79567586588,40.8414634146342,104790.850225303,5821.71390140571,0.855265225288625,PCR-GLOBWB,python,b1,1.0,0.00042663483654760214,2343.924861111111
1078,func_metrics_14_PCR-GLOBWB_python,./models/14_PCR-GLOBWB_model/modflow/scripts/virtualOS.py,findLastYearInNCFile,FUNCTION,1455,2,A,8.0,13.0,226.178097802851,11.4545454545455,2590.76730210538,143.931516783632,0.0753926992676169,PCR-GLOBWB,python,b1,1.0,0.00042663483654760214,2343.924861111111
1079,func_metrics_14_PCR-GLOBWB_python,./models/14_PCR-GLOBWB_model/modflow/scripts/virtualOS.py,findLastYearInNCTime,FUNCTION,1469,1,A,5.0,8.0,149.338792374478,8.25,1232.04503708944,68.446946504969,0.0497795974581593,PCR-GLOBWB,python,b1,1.0,0.00042663483654760214,2343.924861111111
1080,func_metrics_14_PCR-GLOBWB_python,./models/14_PCR-GLOBWB_model/modflow/scripts/virtualOS.py,findFirstYearInNCTime,FUNCTION,1478,1,A,5.0,8.0,123.189897889864,7.22222222222222,889.704818093462,49.4280454496368,0.0410632992966213,PCR-GLOBWB,python,b1,1.0,0.00042663483654760214,2343.924861111111
1081,func_metrics_14_PCR-GLOBWB_python,./models/14_PCR-GLOBWB_model/modflow/scripts/virtualOS.py,cmd_line,FUNCTION,1487,2,A,8.0,10.0,345.0,7.04545454545455,2430.68181818182,135.037878787879,0.115,PCR-GLOBWB,python,b1,1.0,0.00042663483654760214,2343.924861111111
1082,func_metrics_14_PCR-GLOBWB_python,./models/14_PCR-GLOBWB_model/modflow/scripts/virtualOS.py,plot_variable,FUNCTION,1498,1,A,4.0,5.0,133.437600046154,6.0,800.625600276924,44.4792000153847,0.0444792000153847,PCR-GLOBWB,python,b1,1.0,0.00042663483654760214,2343.924861111111
1083,func_metrics_14_PCR-GLOBWB_python,./models/14_PCR-GLOBWB_model/modflow/scripts/virtualOS.py, virtualOS.py  (module  aggregate) ,MODULE_AGG,1,267,F,,,,,,,,PCR-GLOBWB,python,b4,,,
1084,func_metrics_14_PCR-GLOBWB_python,./models/14_PCR-GLOBWB_model/modflow/scripts/waterBodies.py,<module>,FUNCTION,1,1,A,7.0,,118.94197037642,4.72727272727273,562.271132688533,31.2372851493629,0.0396473234588068,PCR-GLOBWB,python,b1,,,
1085,func_metrics_14_PCR-GLOBWB_python,./models/14_PCR-GLOBWB_model/modflow/scripts/waterBodies.py,WaterBodies,CLASS,37,4,A,364.0,549.0,23591.211816612,137.55223880597,3245024.00152084,180279.111195602,7.86373727220401,PCR-GLOBWB,python,b1,1.0,0.00042663483654760214,2343.924861111111
1086,func_metrics_14_PCR-GLOBWB_python,./models/14_PCR-GLOBWB_model/modflow/scripts/waterBodies.py,WaterBodies.__init__,METHOD,39,5,A,29.0,42.0,1200.76693765505,22.0294117647059,26452.189303048,1469.56607239155,0.400255645885016,PCR-GLOBWB,python,b1,1.0,0.00042663483654760214,2343.924861111111
1087,func_metrics_14_PCR-GLOBWB_python,./models/14_PCR-GLOBWB_model/modflow/scripts/waterBodies.py,WaterBodies.getParameterFiles,METHOD,82,12,C,157.0,226.0,10057.2262514842,94.6148648648649,951563.102699544,52864.6168166414,3.35240875049472,PCR-GLOBWB,python,b2,1.0,0.00042663483654760214,2343.924861111111
1088,func_metrics_14_PCR-GLOBWB_python,./models/14_PCR-GLOBWB_model/modflow/scripts/waterBodies.py,WaterBodies.getICs,METHOD,309,2,A,18.0,29.0,993.745641513615,26.2857142857143,26121.3140055007,1451.18411141671,0.331248547171205,PCR-GLOBWB,python,b1,1.0,0.00042663483654760214,2343.924861111111
1089,func_metrics_14_PCR-GLOBWB_python,./models/14_PCR-GLOBWB_model/modflow/scripts/waterBodies.py,WaterBodies.update,METHOD,339,3,A,29.0,36.0,830.220782802429,13.2758620689655,11021.8965992736,612.327588848534,0.276740260934143,PCR-GLOBWB,python,b1,1.0,0.00042663483654760214,2343.924861111111
1090,func_metrics_14_PCR-GLOBWB_python,./models/14_PCR-GLOBWB_model/modflow/scripts/waterBodies.py,WaterBodies.moveFromChannelToWaterBody,METHOD,376,1,A,16.0,30.0,675.948811994033,16.0,10815.1809919045,600.84338843914,0.225316270664678,PCR-GLOBWB,python,b1,1.0,0.00042663483654760214,2343.924861111111
1091,func_metrics_14_PCR-GLOBWB_python,./models/14_PCR-GLOBWB_model/modflow/scripts/waterBodies.py,WaterBodies.getWaterBodyOutflow,METHOD,407,2,A,24.0,45.0,1299.34472523568,21.5625,28017.1206378943,1556.50670210524,0.433114908411892,PCR-GLOBWB,python,b1,1.0,0.00042663483654760214,2343.924861111111
1092,func_metrics_14_PCR-GLOBWB_python,./models/14_PCR-GLOBWB_model/modflow/scripts/waterBodies.py,WaterBodies.weirFormula,METHOD,453,1,A,7.0,7.0,228.400505984496,12.65,2889.26640070387,160.514800039104,0.0761335019948319,PCR-GLOBWB,python,b1,1.0,0.00042663483654760214,2343.924861111111
1093,func_metrics_14_PCR-GLOBWB_python,./models/14_PCR-GLOBWB_model/modflow/scripts/waterBodies.py,WaterBodies.getLakeOutflow,METHOD,461,1,A,31.0,47.0,1315.72302009159,25.9,34077.2262203722,1893.17923446512,0.43857434003053,PCR-GLOBWB,python,b1,1.0,0.00042663483654760214,2343.924861111111
1094,func_metrics_14_PCR-GLOBWB_python,./models/14_PCR-GLOBWB_model/modflow/scripts/waterBodies.py,WaterBodies.getReservoirOutflow,METHOD,509,1,A,52.0,77.0,2487.80945263734,48.5483870967742,120779.136329652,6709.95201831398,0.829269817545781,PCR-GLOBWB,python,b1,1.0,0.00042663483654760214,2343.924861111111
1095,func_metrics_14_PCR-GLOBWB_python,./models/14_PCR-GLOBWB_model/modflow/scripts/waterBodies.py, WaterBodies  (aggregate) ,CLASS_AGG,39,28,D,,,,,,,,PCR-GLOBWB,python,b3,,,
1096,func_metrics_14_PCR-GLOBWB_python,./models/14_PCR-GLOBWB_model/modflow/scripts/waterBodies.py, waterBodies.py  (module  aggregate) ,MODULE_AGG,1,28,D,,,,,,,,PCR-GLOBWB,python,b3,,,
1097,func_metrics_14_PCR-GLOBWB_python,./models/14_PCR-GLOBWB_model/modflow/scripts/waterBodies_for_modflow.py,<module>,FUNCTION,1,1,A,7.0,,118.94197037642,4.72727272727273,562.271132688533,31.2372851493629,0.0396473234588068,PCR-GLOBWB,python,b1,,,
1098,func_metrics_14_PCR-GLOBWB_python,./models/14_PCR-GLOBWB_model/modflow/scripts/waterBodies_for_modflow.py,WaterBodies,CLASS,37,8,B,141.0,209.0,8623.23620332855,88.7727272727273,765508.195686393,42528.2330936885,2.87441206777618,PCR-GLOBWB,python,b1,1.0,0.000426634057076862,2343.9291435185187
1099,func_metrics_14_PCR-GLOBWB_python,./models/14_PCR-GLOBWB_model/modflow/scripts/waterBodies_for_modflow.py,WaterBodies.__init__,METHOD,39,2,A,14.0,22.0,524.616988413279,11.7391304347826,6158.54725528632,342.141514182573,0.174872329471093,PCR-GLOBWB,python,b1,1.0,0.000426634057076862,2343.9291435185187
1100,func_metrics_14_PCR-GLOBWB_python,./models/14_PCR-GLOBWB_model/modflow/scripts/waterBodies_for_modflow.py,WaterBodies.getParameterFiles,METHOD,62,11,C,126.0,184.0,7644.53707678702,91.9545454545454,702949.932106371,39052.7740059095,2.54817902559567,PCR-GLOBWB,python,b2,1.0,0.000426634057076862,2343.9291435185187
1101,func_metrics_14_PCR-GLOBWB_python,./models/14_PCR-GLOBWB_model/modflow/scripts/waterBodies_for_modflow.py, WaterBodies  (aggregate) ,CLASS_AGG,39,13,C,,,,,,,,PCR-GLOBWB,python,b2,,,
1102,func_metrics_14_PCR-GLOBWB_python,./models/14_PCR-GLOBWB_model/modflow/scripts/waterBodies_for_modflow.py, waterBodies_for_modflow.py  (module  aggregate) ,MODULE_AGG,1,13,C,,,,,,,,PCR-GLOBWB,python,b2,,,
1103,func_metrics_14_PCR-GLOBWB_python,./models/14_PCR-GLOBWB_model/various_tools/crop_files_from_opendap/crop_nc_opendap_files.py,<module>,FUNCTION,1,2,A,5.0,,72.3397435190945,4.0,289.358974076378,16.0754985597988,0.0241132478396982,PCR-GLOBWB,python,b1,,,
1104,func_metrics_14_PCR-GLOBWB_python,./models/14_PCR-GLOBWB_model/various_tools/crop_files_from_opendap/crop_nc_opendap_files.py,main,FUNCTION,8,4,A,32.0,59.0,1075.02947516725,27.1923076923077,29232.5322670478,1624.02957039155,0.358343158389082,PCR-GLOBWB,python,b1,24.0,0.011843228484189033,2026.4744560185188
1105,func_metrics_14_PCR-GLOBWB_python,./models/14_PCR-GLOBWB_model/various_tools/crop_files_from_opendap/crop_nc_opendap_files.py, crop_nc_opendap_files.py  (module  aggregate) ,MODULE_AGG,1,4,A,,,,,,,,PCR-GLOBWB,python,b1,,,
1106,func_metrics_14_PCR-GLOBWB_python,./models/14_PCR-GLOBWB_model/various_tools/crop_files_from_opendap/crop_nc_opendap_files_using_local_files_on_eejit.py,<module>,FUNCTION,1,2,A,5.0,,72.3397435190945,4.0,289.358974076378,16.0754985597988,0.0241132478396982,PCR-GLOBWB,python,b1,,,
1107,func_metrics_14_PCR-GLOBWB_python,./models/14_PCR-GLOBWB_model/various_tools/crop_files_from_opendap/crop_nc_opendap_files_using_local_files_on_eejit.py,main,FUNCTION,8,4,A,34.0,63.0,1106.96104373657,28.2692307692308,31292.9371979377,1738.49651099654,0.368987014578857,PCR-GLOBWB,python,b1,2.0,0.001050471955529534,1903.9061342592595
1108,func_metrics_14_PCR-GLOBWB_python,./models/14_PCR-GLOBWB_model/various_tools/crop_files_from_opendap/crop_nc_opendap_files_using_local_files_on_eejit.py, crop_nc_opendap_files_using_local_files_on_eejit.py  (module  aggregate) ,MODULE_AGG,1,4,A,,,,,,,,PCR-GLOBWB,python,b1,,,
1109,func_metrics_14_PCR-GLOBWB_python,./models/14_PCR-GLOBWB_model/various_tools/crop_files_from_opendap/making_opendap_file_list.py,<module>,FUNCTION,1,2,A,5.0,,72.3397435190945,4.0,289.358974076378,16.0754985597988,0.0241132478396982,PCR-GLOBWB,python,b1,,,
1110,func_metrics_14_PCR-GLOBWB_python,./models/14_PCR-GLOBWB_model/various_tools/crop_files_from_opendap/making_opendap_file_list.py,main,FUNCTION,8,6,B,14.0,31.0,583.458776950442,15.2173913043478,8878.72051881108,493.26225104506,0.194486258983481,PCR-GLOBWB,python,b1,5.0,0.002467306081221843,2026.501712962963
1111,func_metrics_14_PCR-GLOBWB_python,./models/14_PCR-GLOBWB_model/various_tools/crop_files_from_opendap/making_opendap_file_list.py, making_opendap_file_list.py  (module  aggregate) ,MODULE_AGG,1,6,B,,,,,,,,PCR-GLOBWB,python,b1,,,
1112,func_metrics_14_PCR-GLOBWB_python,./models/14_PCR-GLOBWB_model/various_tools/merging_netcdf_aqueduct_2021/merging_daily_generic/merge_netcdf_general.py,<module>,FUNCTION,1,24,D,65.0,,4054.35606084379,47.3529411764706,191985.684057603,10665.8713365335,1.35145202028126,PCR-GLOBWB,python,b3,,,
1113,func_metrics_14_PCR-GLOBWB_python,./models/14_PCR-GLOBWB_model/various_tools/merging_netcdf_aqueduct_2021/merging_daily_generic/merge_netcdf_general.py,calculate_monthdelta,FUNCTION,43,3,A,11.0,11.0,440.923471624432,23.0714285714286,10172.7343810494,565.1519100583,0.146974490541477,PCR-GLOBWB,python,b1,1.0,0.0006723109505377331,1487.4069791666668
1114,func_metrics_14_PCR-GLOBWB_python,./models/14_PCR-GLOBWB_model/various_tools/merging_netcdf_aqueduct_2021/merging_daily_generic/merge_netcdf_general.py,getMax,FUNCTION,55,2,A,6.0,6.0,141.777450049039,10.2142857142857,1448.15538264375,80.4530768135418,0.0472591500163462,PCR-GLOBWB,python,b1,1.0,0.0006723109505377331,1487.4069791666668
1115,func_metrics_14_PCR-GLOBWB_python,./models/14_PCR-GLOBWB_model/various_tools/merging_netcdf_aqueduct_2021/merging_daily_generic/merge_netcdf_general.py,getMin,FUNCTION,62,2,A,6.0,6.0,141.777450049039,10.2142857142857,1448.15538264375,80.4530768135418,0.0472591500163462,PCR-GLOBWB,python,b1,1.0,0.0006723109505377331,1487.4069791666668
1116,func_metrics_14_PCR-GLOBWB_python,./models/14_PCR-GLOBWB_model/various_tools/merging_netcdf_aqueduct_2021/merging_daily_generic/merge_netcdf_general.py,netcdfList,FUNCTION,69,2,A,9.0,9.0,314.929461115453,14.5,4566.47718617407,253.693177009671,0.104976487038484,PCR-GLOBWB,python,b1,1.0,0.0006723109505377331,1487.4069791666668
1117,func_metrics_14_PCR-GLOBWB_python,./models/14_PCR-GLOBWB_model/various_tools/merging_netcdf_aqueduct_2021/merging_daily_generic/merge_netcdf_general.py,ncFileNameDict,FUNCTION,79,2,A,7.0,7.0,299.32032633212,15.4285714285714,4618.08503483842,256.560279713245,0.0997734421107066,PCR-GLOBWB,python,b1,1.0,0.0006723109505377331,1487.4069791666668
1118,func_metrics_14_PCR-GLOBWB_python,./models/14_PCR-GLOBWB_model/various_tools/merging_netcdf_aqueduct_2021/merging_daily_generic/merge_netcdf_general.py,mergeNetCDF,FUNCTION,87,43,F,197.0,347.0,15384.6261158734,81.28125,1250481.64148083,69471.2023044906,5.12820870529112,PCR-GLOBWB,python,b3,1.0,0.0006723109505377331,1487.4069791666668
1119,func_metrics_14_PCR-GLOBWB_python,./models/14_PCR-GLOBWB_model/various_tools/merging_netcdf_aqueduct_2021/merging_daily_generic/merge_netcdf_general.py, merge_netcdf_general.py  (module  aggregate) ,MODULE_AGG,1,54,F,,,,,,,,PCR-GLOBWB,python,b4,,,
1120,func_metrics_14_PCR-GLOBWB_python,./models/14_PCR-GLOBWB_model/various_tools/merging_netcdf_aqueduct_2021/merging_daily_generic/merging_daily_variables.py,<module>,FUNCTION,1,10,B,43.0,,1668.11571072922,49.6111111111111,82757.0738711773,4597.61521506541,0.556038570243073,PCR-GLOBWB,python,b1,,,
1121,func_metrics_14_PCR-GLOBWB_python,./models/14_PCR-GLOBWB_model/various_tools/merging_netcdf_aqueduct_2021/merging_daily_generic/merging_daily_variables.py, merging_daily_variables.py  (module  aggregate) ,MODULE_AGG,1,0,A,,,,,,,,PCR-GLOBWB,python,b1,,,
1122,func_metrics_14_PCR-GLOBWB_python,./models/14_PCR-GLOBWB_model/various_tools/merging_netcdf_aqueduct_2021/merging_daily_generic/merging_daily_variables_only_2014.py,<module>,FUNCTION,1,11,C,44.0,,1695.7335205095,50.3148148148148,85320.5180597096,4740.02878109498,0.565244506836501,PCR-GLOBWB,python,b2,,,
1123,func_metrics_14_PCR-GLOBWB_python,./models/14_PCR-GLOBWB_model/various_tools/merging_netcdf_aqueduct_2021/merging_daily_generic/merging_daily_variables_only_2014.py, merging_daily_variables_only_2014.py  (module  aggregate) ,MODULE_AGG,1,0,A,,,,,,,,PCR-GLOBWB,python,b1,,,
1124,func_metrics_14_PCR-GLOBWB_python,./models/14_PCR-GLOBWB_model/various_tools/merging_netcdf_aqueduct_2021/merging_daily_generic/merging_daily_variables_only_2098-2100.py,<module>,FUNCTION,1,11,C,44.0,,1705.25877746504,52.962962962963,90315.5574731482,5017.53097073045,0.568419592488345,PCR-GLOBWB,python,b2,,,
1125,func_metrics_14_PCR-GLOBWB_python,./models/14_PCR-GLOBWB_model/various_tools/merging_netcdf_aqueduct_2021/merging_daily_generic/merging_daily_variables_only_2098-2100.py, merging_daily_variables_only_2098-2100.py  (module  aggregate) ,MODULE_AGG,1,0,A,,,,,,,,PCR-GLOBWB,python,b1,,,
1126,func_metrics_14_PCR-GLOBWB_python,./models/14_PCR-GLOBWB_model/various_tools/merging_netcdf_aqueduct_2021/merging_daily_generic/merging_daily_variables_only_et0.py,<module>,FUNCTION,1,7,B,42.0,,1449.84921743103,41.6666666666667,60410.3840596264,3356.13244775702,0.483283072477011,PCR-GLOBWB,python,b1,,,
1127,func_metrics_14_PCR-GLOBWB_python,./models/14_PCR-GLOBWB_model/various_tools/merging_netcdf_aqueduct_2021/merging_daily_generic/merging_daily_variables_only_et0.py, merging_daily_variables_only_et0.py  (module  aggregate) ,MODULE_AGG,1,0,A,,,,,,,,PCR-GLOBWB,python,b1,,,
